time_s,device_timestamp_ns,packet_timestamp_ns,packet_id,sample_index,host_monotonic_ns,host_time_utc,timestamp_method,acc_x_mg,acc_y_mg,acc_z_mg
7.089769231,842346846091904349,842346848361135118,3,0,34773890000000,2026-09-10T09:13:23.301086+00:00,nominal_first,154.0,64.0,-986.0
7.109,842346846111135118,842346848361135118,3,1,34773890000000,2026-09-10T09:13:23.301086+00:00,nominal_first,159.0,65.0,-989.0
7.128230769,842346846130365887,842346848361135118,3,2,34773890000000,2026-09-10T09:13:23.301086+00:00,nominal_first,157.0,64.0,-985.0
7.147461538,842346846149596656,842346848361135118,3,3,34773890000000,2026-09-10T09:13:23.301086+00:00,nominal_first,156.0,60.0,-990.0
7.166692308,842346846168827426,842346848361135118,3,4,34773890000000,2026-09-10T09:13:23.301086+00:00,nominal_first,158.0,68.0,-988.0
7.185923077,842346846188058195,842346848361135118,3,5,34773890000000,2026-09-10T09:13:23.301086+00:00,nominal_first,160.0,66.0,-989.0
7.205153846,842346846207288964,842346848361135118,3,6,34773890000000,2026-09-10T09:13:23.301086+00:00,nominal_first,156.0,71.0,-988.0
7.224384615,842346846226519733,842346848361135118,3,7,34773890000000,2026-09-10T09:13:23.301086+00:00,nominal_first,153.0,66.0,-988.0
7.243615385,842346846245750503,842346848361135118,3,8,34773890000000,2026-09-10T09:13:23.301086+00:00,nominal_first,158.0,68.0,-988.0
7.262846154,842346846264981272,842346848361135118,3,9,34773890000000,2026-09-10T09:13:23.301086+00:00,nominal_first,157.0,65.0,-989.0
7.282076923,842346846284212041,842346848361135118,3,10,34773890000000,2026-09-10T09:13:23.301086+00:00,nominal_first,155.0,66.0,-986.0
7.301307692,842346846303442810,842346848361135118,3,11,34773890000000,2026-09-10T09:13:23.301086+00:00,nominal_first,156.0,68.0,-990.0
7.320538462,842346846322673580,842346848361135118,3,12,34773890000000,2026-09-10T09:13:23.301086+00:00,nominal_first,157.0,66.0,-990.0
7.339769231,842346846341904349,842346848361135118,3,13,34773890000000,2026-09-10T09:13:23.301086+00:00,nominal_first,159.0,68.0,-990.0
7.359,842346846361135118,842346848361135118,3,14,34773890000000,2026-09-10T09:13:23.301086+00:00,nominal_first,159.0,66.0,-990.0
7.378230769,842346846380365887,842346848361135118,3,15,34773890000000,2026-09-10T09:13:23.301086+00:00,nominal_first,158.0,64.0,-990.0
7.397461538,842346846399596656,842346848361135118,3,16,34773890000000,2026-09-10T09:13:23.301086+00:00,nominal_first,158.0,66.0,-993.0
7.416692308,842346846418827426,842346848361135118,3,17,34773890000000,2026-09-10T09:13:23.301086+00:00,nominal_first,157.0,63.0,-988.0
7.435923077,842346846438058195,842346848361135118,3,18,34773890000000,2026-09-10T09:13:23.301086+00:00,nominal_first,159.0,69.0,-993.0
7.455153846,842346846457288964,842346848361135118,3,19,34773890000000,2026-09-10T09:13:23.301086+00:00,nominal_first,155.0,70.0,-993.0
7.474384615,842346846476519733,842346848361135118,3,20,34773890000000,2026-09-10T09:13:23.301086+00:00,nominal_first,158.0,65.0,-990.0
7.493615385,842346846495750503,842346848361135118,3,21,34773890000000,2026-09-10T09:13:23.301086+00:00,nominal_first,155.0,64.0,-986.0
7.512846154,842346846514981272,842346848361135118,3,22,34773890000000,2026-09-10T09:13:23.301086+00:00,nominal_first,157.0,65.0,-992.0
7.532076923,842346846534212041,842346848361135118,3,23,34773890000000,2026-09-10T09:13:23.301086+00:00,nominal_first,156.0,65.0,-985.0
7.551307692,842346846553442810,842346848361135118,3,24,34773890000000,2026-09-10T09:13:23.301086+00:00,nominal_first,157.0,65.0,-991.0
7.570538462,842346846572673580,842346848361135118,3,25,34773890000000,2026-09-10T09:13:23.301086+00:00,nominal_first,158.0,65.0,-991.0
7.589769231,842346846591904349,842346848361135118,3,26,34773890000000,2026-09-10T09:13:23.301086+00:00,nominal_first,158.0,65.0,-988.0
7.609,842346846611135118,842346848361135118,3,27,34773890000000,2026-09-10T09:13:23.301086+00:00,nominal_first,159.0,65.0,-992.0
7.628230769,842346846630365887,842346848361135118,3,28,34773890000000,2026-09-10T09:13:23.301086+00:00,nominal_first,156.0,62.0,-991.0
7.647461538,842346846649596656,842346848361135118,3,29,34773890000000,2026-09-10T09:13:23.301086+00:00,nominal_first,157.0,65.0,-992.0
7.666692308,842346846668827426,842346848361135118,3,30,34773890000000,2026-09-10T09:13:23.301086+00:00,nominal_first,155.0,65.0,-991.0
7.685923077,842346846688058195,842346848361135118,3,31,34773890000000,2026-09-10T09:13:23.301086+00:00,nominal_first,155.0,65.0,-993.0
7.705153846,842346846707288964,842346848361135118,3,32,34773890000000,2026-09-10T09:13:23.301086+00:00,nominal_first,154.0,69.0,-991.0
7.724384615,842346846726519733,842346848361135118,3,33,34773890000000,2026-09-10T09:13:23.301086+00:00,nominal_first,156.0,67.0,-985.0
7.743615385,842346846745750503,842346848361135118,3,34,34773890000000,2026-09-10T09:13:23.301086+00:00,nominal_first,158.0,60.0,-992.0
7.762846154,842346846764981272,842346848361135118,3,35,34773890000000,2026-09-10T09:13:23.301086+00:00,nominal_first,156.0,64.0,-987.0
7.782076923,842346846784212041,842346848361135118,3,36,34773890000000,2026-09-10T09:13:23.301086+00:00,nominal_first,153.0,66.0,-994.0
7.801307692,842346846803442810,842346848361135118,3,37,34773890000000,2026-09-10T09:13:23.301086+00:00,nominal_first,158.0,63.0,-995.0
7.820538462,842346846822673580,842346848361135118,3,38,34773890000000,2026-09-10T09:13:23.301086+00:00,nominal_first,156.0,69.0,-990.0
7.839769231,842346846841904349,842346848361135118,3,39,34773890000000,2026-09-10T09:13:23.301086+00:00,nominal_first,153.0,66.0,-993.0
7.859,842346846861135118,842346848361135118,3,40,34773890000000,2026-09-10T09:13:23.301086+00:00,nominal_first,154.0,68.0,-991.0
7.878230769,842346846880365887,842346848361135118,3,41,34773890000000,2026-09-10T09:13:23.301086+00:00,nominal_first,156.0,64.0,-993.0
7.897461538,842346846899596656,842346848361135118,3,42,34773890000000,2026-09-10T09:13:23.301086+00:00,nominal_first,158.0,62.0,-993.0
7.916692308,842346846918827426,842346848361135118,3,43,34773890000000,2026-09-10T09:13:23.301086+00:00,nominal_first,155.0,67.0,-996.0
7.935923077,842346846938058195,842346848361135118,3,44,34773890000000,2026-09-10T09:13:23.301086+00:00,nominal_first,157.0,64.0,-993.0
7.955153846,842346846957288964,842346848361135118,3,45,34773890000000,2026-09-10T09:13:23.301086+00:00,nominal_first,157.0,61.0,-994.0
7.974384615,842346846976519733,842346848361135118,3,46,34773890000000,2026-09-10T09:13:23.301086+00:00,nominal_first,158.0,64.0,-990.0
7.993615385,842346846995750503,842346848361135118,3,47,34773890000000,2026-09-10T09:13:23.301086+00:00,nominal_first,158.0,64.0,-994.0
8.012846154,842346847014981272,842346848361135118,3,48,34773890000000,2026-09-10T09:13:23.301086+00:00,nominal_first,155.0,67.0,-989.0
8.032076923,842346847034212041,842346848361135118,3,49,34773890000000,2026-09-10T09:13:23.301086+00:00,nominal_first,151.0,68.0,-995.0
8.051307692,842346847053442810,842346848361135118,3,50,34773890000000,2026-09-10T09:13:23.301086+00:00,nominal_first,156.0,68.0,-994.0
8.070538462,842346847072673580,842346848361135118,3,51,34773890000000,2026-09-10T09:13:23.301086+00:00,nominal_first,156.0,66.0,-990.0
8.089769231,842346847091904349,842346848361135118,3,52,34773890000000,2026-09-10T09:13:23.301086+00:00,nominal_first,156.0,68.0,-994.0
8.109,842346847111135118,842346848361135118,3,53,34773890000000,2026-09-10T09:13:23.301086+00:00,nominal_first,157.0,67.0,-993.0
8.128230769,842346847130365887,842346848361135118,3,54,34773890000000,2026-09-10T09:13:23.301086+00:00,nominal_first,158.0,67.0,-991.0
8.147461538,842346847149596656,842346848361135118,3,55,34773890000000,2026-09-10T09:13:23.301086+00:00,nominal_first,155.0,66.0,-989.0
8.166692308,842346847168827426,842346848361135118,3,56,34773890000000,2026-09-10T09:13:23.301086+00:00,nominal_first,158.0,65.0,-988.0
8.185923077,842346847188058195,842346848361135118,3,57,34773890000000,2026-09-10T09:13:23.301086+00:00,nominal_first,155.0,68.0,-992.0
8.205153846,842346847207288964,842346848361135118,3,58,34773890000000,2026-09-10T09:13:23.301086+00:00,nominal_first,151.0,65.0,-990.0
8.224384615,842346847226519733,842346848361135118,3,59,34773890000000,2026-09-10T09:13:23.301086+00:00,nominal_first,156.0,67.0,-994.0
8.243615385,842346847245750503,842346848361135118,3,60,34773890000000,2026-09-10T09:13:23.301086+00:00,nominal_first,158.0,67.0,-993.0
8.262846154,842346847264981272,842346848361135118,3,61,34773890000000,2026-09-10T09:13:23.301086+00:00,nominal_first,156.0,65.0,-993.0
8.282076923,842346847284212041,842346848361135118,3,62,34773890000000,2026-09-10T09:13:23.301086+00:00,nominal_first,158.0,61.0,-988.0
8.301307692,842346847303442810,842346848361135118,3,63,34773890000000,2026-09-10T09:13:23.301086+00:00,nominal_first,159.0,63.0,-992.0
8.320538462,842346847322673580,842346848361135118,3,64,34773890000000,2026-09-10T09:13:23.301086+00:00,nominal_first,157.0,63.0,-990.0
8.339769231,842346847341904349,842346848361135118,3,65,34773890000000,2026-09-10T09:13:23.301086+00:00,nominal_first,158.0,62.0,-985.0
8.359,842346847361135118,842346848361135118,3,66,34773890000000,2026-09-10T09:13:23.301086+00:00,nominal_first,158.0,62.0,-991.0
8.378230769,842346847380365887,842346848361135118,3,67,34773890000000,2026-09-10T09:13:23.301086+00:00,nominal_first,157.0,68.0,-996.0
8.397461538,842346847399596656,842346848361135118,3,68,34773890000000,2026-09-10T09:13:23.301086+00:00,nominal_first,156.0,67.0,-995.0
8.416692308,842346847418827426,842346848361135118,3,69,34773890000000,2026-09-10T09:13:23.301086+00:00,nominal_first,156.0,67.0,-996.0
8.435923077,842346847438058195,842346848361135118,3,70,34773890000000,2026-09-10T09:13:23.301086+00:00,nominal_first,153.0,65.0,-992.0
8.455153846,842346847457288964,842346848361135118,3,71,34773890000000,2026-09-10T09:13:23.301086+00:00,nominal_first,157.0,65.0,-994.0
8.474384615,842346847476519733,842346848361135118,3,72,34773890000000,2026-09-10T09:13:23.301086+00:00,nominal_first,154.0,64.0,-993.0
8.493615385,842346847495750503,842346848361135118,3,73,34773890000000,2026-09-10T09:13:23.301086+00:00,nominal_first,155.0,64.0,-988.0
8.512846154,842346847514981272,842346848361135118,3,74,34773890000000,2026-09-10T09:13:23.301086+00:00,nominal_first,160.0,65.0,-990.0
8.532076923,842346847534212041,842346848361135118,3,75,34773890000000,2026-09-10T09:13:23.301086+00:00,nominal_first,154.0,63.0,-996.0
8.551307692,842346847553442810,842346848361135118,3,76,34773890000000,2026-09-10T09:13:23.301086+00:00,nominal_first,156.0,66.0,-990.0
8.570538462,842346847572673580,842346848361135118,3,77,34773890000000,2026-09-10T09:13:23.301086+00:00,nominal_first,157.0,67.0,-991.0
8.589769231,842346847591904349,842346848361135118,3,78,34773890000000,2026-09-10T09:13:23.301086+00:00,nominal_first,151.0,64.0,-990.0
8.609,842346847611135118,842346848361135118,3,79,34773890000000,2026-09-10T09:13:23.301086+00:00,nominal_first,154.0,66.0,-991.0
8.628230769,842346847630365887,842346848361135118,3,80,34773890000000,2026-09-10T09:13:23.301086+00:00,nominal_first,157.0,65.0,-987.0
8.647461538,842346847649596656,842346848361135118,3,81,34773890000000,2026-09-10T09:13:23.301086+00:00,nominal_first,154.0,65.0,-992.0
8.666692308,842346847668827426,842346848361135118,3,82,34773890000000,2026-09-10T09:13:23.301086+00:00,nominal_first,154.0,65.0,-992.0
8.685923077,842346847688058195,842346848361135118,3,83,34773890000000,2026-09-10T09:13:23.301086+00:00,nominal_first,156.0,69.0,-994.0
8.705153846,842346847707288964,842346848361135118,3,84,34773890000000,2026-09-10T09:13:23.301086+00:00,nominal_first,154.0,62.0,-993.0
8.724384615,842346847726519733,842346848361135118,3,85,34773890000000,2026-09-10T09:13:23.301086+00:00,nominal_first,158.0,62.0,-992.0
8.743615385,842346847745750503,842346848361135118,3,86,34773890000000,2026-09-10T09:13:23.301086+00:00,nominal_first,157.0,66.0,-998.0
8.762846154,842346847764981272,842346848361135118,3,87,34773890000000,2026-09-10T09:13:23.301086+00:00,nominal_first,158.0,63.0,-995.0
8.782076923,842346847784212041,842346848361135118,3,88,34773890000000,2026-09-10T09:13:23.301086+00:00,nominal_first,156.0,66.0,-992.0
8.801307692,842346847803442810,842346848361135118,3,89,34773890000000,2026-09-10T09:13:23.301086+00:00,nominal_first,155.0,64.0,-992.0
8.820538462,842346847822673580,842346848361135118,3,90,34773890000000,2026-09-10T09:13:23.301086+00:00,nominal_first,155.0,66.0,-992.0
8.839769231,842346847841904349,842346848361135118,3,91,34773890000000,2026-09-10T09:13:23.301086+00:00,nominal_first,157.0,64.0,-991.0
8.859,842346847861135118,842346848361135118,3,92,34773890000000,2026-09-10T09:13:23.301086+00:00,nominal_first,161.0,63.0,-994.0
8.878230769,842346847880365887,842346848361135118,3,93,34773890000000,2026-09-10T09:13:23.301086+00:00,nominal_first,156.0,64.0,-992.0
8.897461538,842346847899596656,842346848361135118,3,94,34773890000000,2026-09-10T09:13:23.301086+00:00,nominal_first,157.0,62.0,-992.0
8.916692308,842346847918827426,842346848361135118,3,95,34773890000000,2026-09-10T09:13:23.301086+00:00,nominal_first,155.0,65.0,-997.0
8.935923077,842346847938058195,842346848361135118,3,96,34773890000000,2026-09-10T09:13:23.301086+00:00,nominal_first,156.0,66.0,-993.0
8.955153846,842346847957288964,842346848361135118,3,97,34773890000000,2026-09-10T09:13:23.301086+00:00,nominal_first,158.0,64.0,-994.0
8.974384615,842346847976519733,842346848361135118,3,98,34773890000000,2026-09-10T09:13:23.301086+00:00,nominal_first,155.0,66.0,-994.0
8.993615385,842346847995750503,842346848361135118,3,99,34773890000000,2026-09-10T09:13:23.301086+00:00,nominal_first,156.0,66.0,-991.0
9.012846154,842346848014981272,842346848361135118,3,100,34773890000000,2026-09-10T09:13:23.301086+00:00,nominal_first,155.0,63.0,-993.0
9.032076923,842346848034212041,842346848361135118,3,101,34773890000000,2026-09-10T09:13:23.301086+00:00,nominal_first,153.0,60.0,-991.0
9.051307692,842346848053442810,842346848361135118,3,102,34773890000000,2026-09-10T09:13:23.301086+00:00,nominal_first,158.0,69.0,-995.0
9.070538462,842346848072673580,842346848361135118,3,103,34773890000000,2026-09-10T09:13:23.301086+00:00,nominal_first,154.0,63.0,-993.0
9.089769231,842346848091904349,842346848361135118,3,104,34773890000000,2026-09-10T09:13:23.301086+00:00,nominal_first,154.0,64.0,-994.0
9.109,842346848111135118,842346848361135118,3,105,34773890000000,2026-09-10T09:13:23.301086+00:00,nominal_first,154.0,68.0,-992.0
9.128230769,842346848130365887,842346848361135118,3,106,34773890000000,2026-09-10T09:13:23.301086+00:00,nominal_first,154.0,67.0,-992.0
9.147461538,842346848149596656,842346848361135118,3,107,34773890000000,2026-09-10T09:13:23.301086+00:00,nominal_first,156.0,65.0,-990.0
9.166692308,842346848168827426,842346848361135118,3,108,34773890000000,2026-09-10T09:13:23.301086+00:00,nominal_first,152.0,70.0,-992.0
9.185923077,842346848188058195,842346848361135118,3,109,34773890000000,2026-09-10T09:13:23.301086+00:00,nominal_first,154.0,65.0,-994.0
9.205153846,842346848207288964,842346848361135118,3,110,34773890000000,2026-09-10T09:13:23.301086+00:00,nominal_first,153.0,69.0,-995.0
9.224384615,842346848226519733,842346848361135118,3,111,34773890000000,2026-09-10T09:13:23.301086+00:00,nominal_first,155.0,65.0,-989.0
9.243615385,842346848245750503,842346848361135118,3,112,34773890000000,2026-09-10T09:13:23.301086+00:00,nominal_first,160.0,63.0,-995.0
9.262846154,842346848264981272,842346848361135118,3,113,34773890000000,2026-09-10T09:13:23.301086+00:00,nominal_first,155.0,68.0,-991.0
9.282076923,842346848284212041,842346848361135118,3,114,34773890000000,2026-09-10T09:13:23.301086+00:00,nominal_first,153.0,64.0,-993.0
9.301307692,842346848303442810,842346848361135118,3,115,34773890000000,2026-09-10T09:13:23.301086+00:00,nominal_first,158.0,63.0,-990.0
9.320538462,842346848322673580,842346848361135118,3,116,34773890000000,2026-09-10T09:13:23.301086+00:00,nominal_first,155.0,66.0,-992.0
9.339769231,842346848341904349,842346848361135118,3,117,34773890000000,2026-09-10T09:13:23.301086+00:00,nominal_first,157.0,67.0,-991.0
9.359,842346848361135118,842346848361135118,3,118,34773890000000,2026-09-10T09:13:23.301086+00:00,nominal_first,159.0,67.0,-993.0
9.377887856,842346848380022974,842346850533238510,8,0,34776140000000,2026-09-10T09:13:25.551571+00:00,interpolated,159.0,65.0,-989.0
9.396775711,842346848398910829,842346850533238510,8,1,34776140000000,2026-09-10T09:13:25.551571+00:00,interpolated,160.0,63.0,-989.0
9.415663567,842346848417798685,842346850533238510,8,2,34776140000000,2026-09-10T09:13:25.551571+00:00,interpolated,155.0,64.0,-993.0
9.434551422,842346848436686540,842346850533238510,8,3,34776140000000,2026-09-10T09:13:25.551571+00:00,interpolated,156.0,66.0,-996.0
9.453439278,842346848455574396,842346850533238510,8,4,34776140000000,2026-09-10T09:13:25.551571+00:00,interpolated,154.0,63.0,-992.0
9.472327133,842346848474462251,842346850533238510,8,5,34776140000000,2026-09-10T09:13:25.551571+00:00,interpolated,156.0,65.0,-993.0
9.491214989,842346848493350107,842346850533238510,8,6,34776140000000,2026-09-10T09:13:25.551571+00:00,interpolated,158.0,66.0,-988.0
9.510102845,842346848512237963,842346850533238510,8,7,34776140000000,2026-09-10T09:13:25.551571+00:00,interpolated,153.0,68.0,-990.0
9.5289907,842346848531125818,842346850533238510,8,8,34776140000000,2026-09-10T09:13:25.551571+00:00,interpolated,154.0,64.0,-993.0
9.547878556,842346848550013674,842346850533238510,8,9,34776140000000,2026-09-10T09:13:25.551571+00:00,interpolated,156.0,67.0,-992.0
9.566766411,842346848568901529,842346850533238510,8,10,34776140000000,2026-09-10T09:13:25.551571+00:00,interpolated,155.0,67.0,-991.0
9.585654267,842346848587789385,842346850533238510,8,11,34776140000000,2026-09-10T09:13:25.551571+00:00,interpolated,156.0,67.0,-988.0
9.604542123,842346848606677241,842346850533238510,8,12,34776140000000,2026-09-10T09:13:25.551571+00:00,interpolated,156.0,63.0,-999.0
9.623429978,842346848625565096,842346850533238510,8,13,34776140000000,2026-09-10T09:13:25.551571+00:00,interpolated,157.0,70.0,-994.0
9.642317834,842346848644452952,842346850533238510,8,14,34776140000000,2026-09-10T09:13:25.551571+00:00,interpolated,159.0,62.0,-992.0
9.661205689,842346848663340807,842346850533238510,8,15,34776140000000,2026-09-10T09:13:25.551571+00:00,interpolated,155.0,65.0,-990.0
9.680093545,842346848682228663,842346850533238510,8,16,34776140000000,2026-09-10T09:13:25.551571+00:00,interpolated,156.0,63.0,-996.0
9.6989814,842346848701116518,842346850533238510,8,17,34776140000000,2026-09-10T09:13:25.551571+00:00,interpolated,152.0,62.0,-995.0
9.717869256,842346848720004374,842346850533238510,8,18,34776140000000,2026-09-10T09:13:25.551571+00:00,interpolated,153.0,66.0,-994.0
9.736757112,842346848738892230,842346850533238510,8,19,34776140000000,2026-09-10T09:13:25.551571+00:00,interpolated,157.0,65.0,-994.0
9.755644967,842346848757780085,842346850533238510,8,20,34776140000000,2026-09-10T09:13:25.551571+00:00,interpolated,158.0,65.0,-994.0
9.774532823,842346848776667941,842346850533238510,8,21,34776140000000,2026-09-10T09:13:25.551571+00:00,interpolated,154.0,64.0,-992.0
9.793420678,842346848795555796,842346850533238510,8,22,34776140000000,2026-09-10T09:13:25.551571+00:00,interpolated,160.0,66.0,-990.0
9.812308534,842346848814443652,842346850533238510,8,23,34776140000000,2026-09-10T09:13:25.551571+00:00,interpolated,155.0,64.0,-991.0
9.83119639,842346848833331508,842346850533238510,8,24,34776140000000,2026-09-10T09:13:25.551571+00:00,interpolated,158.0,67.0,-994.0
9.850084245,842346848852219363,842346850533238510,8,25,34776140000000,2026-09-10T09:13:25.551571+00:00,interpolated,153.0,65.0,-989.0
9.868972101,842346848871107219,842346850533238510,8,26,34776140000000,2026-09-10T09:13:25.551571+00:00,interpolated,158.0,67.0,-992.0
9.887859956,842346848889995074,842346850533238510,8,27,34776140000000,2026-09-10T09:13:25.551571+00:00,interpolated,155.0,61.0,-995.0
9.906747812,842346848908882930,842346850533238510,8,28,34776140000000,2026-09-10T09:13:25.551571+00:00,interpolated,157.0,66.0,-995.0
9.925635667,842346848927770785,842346850533238510,8,29,34776140000000,2026-09-10T09:13:25.551571+00:00,interpolated,159.0,61.0,-992.0
9.944523523,842346848946658641,842346850533238510,8,30,34776140000000,2026-09-10T09:13:25.551571+00:00,interpolated,151.0,65.0,-993.0
9.963411379,842346848965546497,842346850533238510,8,31,34776140000000,2026-09-10T09:13:25.551571+00:00,interpolated,158.0,66.0,-989.0
9.982299234,842346848984434352,842346850533238510,8,32,34776140000000,2026-09-10T09:13:25.551571+00:00,interpolated,154.0,66.0,-992.0
10.00118709,842346849003322208,842346850533238510,8,33,34776140000000,2026-09-10T09:13:25.551571+00:00,interpolated,154.0,62.0,-991.0
10.020074945,842346849022210063,842346850533238510,8,34,34776140000000,2026-09-10T09:13:25.551571+00:00,interpolated,157.0,66.0,-993.0
10.038962801,842346849041097919,842346850533238510,8,35,34776140000000,2026-09-10T09:13:25.551571+00:00,interpolated,156.0,62.0,-995.0
10.057850657,842346849059985775,842346850533238510,8,36,34776140000000,2026-09-10T09:13:25.551571+00:00,interpolated,153.0,62.0,-992.0
10.076738512,842346849078873630,842346850533238510,8,37,34776140000000,2026-09-10T09:13:25.551571+00:00,interpolated,155.0,65.0,-990.0
10.095626368,842346849097761486,842346850533238510,8,38,34776140000000,2026-09-10T09:13:25.551571+00:00,interpolated,153.0,62.0,-996.0
10.114514223,842346849116649341,842346850533238510,8,39,34776140000000,2026-09-10T09:13:25.551571+00:00,interpolated,155.0,66.0,-989.0
10.133402079,842346849135537197,842346850533238510,8,40,34776140000000,2026-09-10T09:13:25.551571+00:00,interpolated,158.0,67.0,-996.0
10.152289934,842346849154425052,842346850533238510,8,41,34776140000000,2026-09-10T09:13:25.551571+00:00,interpolated,158.0,66.0,-994.0
10.17117779,842346849173312908,842346850533238510,8,42,34776140000000,2026-09-10T09:13:25.551571+00:00,interpolated,152.0,65.0,-992.0
10.190065646,842346849192200764,842346850533238510,8,43,34776140000000,2026-09-10T09:13:25.551571+00:00,interpolated,157.0,67.0,-990.0
10.208953501,842346849211088619,842346850533238510,8,44,34776140000000,2026-09-10T09:13:25.551571+00:00,interpolated,155.0,61.0,-989.0
10.227841357,842346849229976475,842346850533238510,8,45,34776140000000,2026-09-10T09:13:25.551571+00:00,interpolated,154.0,64.0,-993.0
10.246729212,842346849248864330,842346850533238510,8,46,34776140000000,2026-09-10T09:13:25.551571+00:00,interpolated,158.0,65.0,-992.0
10.265617068,842346849267752186,842346850533238510,8,47,34776140000000,2026-09-10T09:13:25.551571+00:00,interpolated,156.0,66.0,-994.0
10.284504924,842346849286640042,842346850533238510,8,48,34776140000000,2026-09-10T09:13:25.551571+00:00,interpolated,154.0,63.0,-993.0
10.303392779,842346849305527897,842346850533238510,8,49,34776140000000,2026-09-10T09:13:25.551571+00:00,interpolated,155.0,65.0,-991.0
10.322280635,842346849324415753,842346850533238510,8,50,34776140000000,2026-09-10T09:13:25.551571+00:00,interpolated,158.0,70.0,-997.0
10.34116849,842346849343303608,842346850533238510,8,51,34776140000000,2026-09-10T09:13:25.551571+00:00,interpolated,156.0,66.0,-991.0
10.360056346,842346849362191464,842346850533238510,8,52,34776140000000,2026-09-10T09:13:25.551571+00:00,interpolated,154.0,64.0,-996.0
10.378944201,842346849381079319,842346850533238510,8,53,34776140000000,2026-09-10T09:13:25.551571+00:00,interpolated,158.0,65.0,-995.0
10.397832057,842346849399967175,842346850533238510,8,54,34776140000000,2026-09-10T09:13:25.551571+00:00,interpolated,155.0,63.0,-994.0
10.416719913,842346849418855031,842346850533238510,8,55,34776140000000,2026-09-10T09:13:25.551571+00:00,interpolated,159.0,62.0,-992.0
10.435607768,842346849437742886,842346850533238510,8,56,34776140000000,2026-09-10T09:13:25.551571+00:00,interpolated,159.0,66.0,-993.0
10.454495624,842346849456630742,842346850533238510,8,57,34776140000000,2026-09-10T09:13:25.551571+00:00,interpolated,157.0,71.0,-991.0
10.473383479,842346849475518597,842346850533238510,8,58,34776140000000,2026-09-10T09:13:25.551571+00:00,interpolated,154.0,68.0,-994.0
10.492271335,842346849494406453,842346850533238510,8,59,34776140000000,2026-09-10T09:13:25.551571+00:00,interpolated,156.0,59.0,-991.0
10.511159191,842346849513294309,842346850533238510,8,60,34776140000000,2026-09-10T09:13:25.551571+00:00,interpolated,157.0,68.0,-996.0
10.530047046,842346849532182164,842346850533238510,8,61,34776140000000,2026-09-10T09:13:25.551571+00:00,interpolated,155.0,62.0,-990.0
10.548934902,842346849551070020,842346850533238510,8,62,34776140000000,2026-09-10T09:13:25.551571+00:00,interpolated,156.0,62.0,-987.0
10.567822757,842346849569957875,842346850533238510,8,63,34776140000000,2026-09-10T09:13:25.551571+00:00,interpolated,157.0,65.0,-993.0
10.586710613,842346849588845731,842346850533238510,8,64,34776140000000,2026-09-10T09:13:25.551571+00:00,interpolated,155.0,65.0,-996.0
10.605598468,842346849607733586,842346850533238510,8,65,34776140000000,2026-09-10T09:13:25.551571+00:00,interpolated,156.0,66.0,-991.0
10.624486324,842346849626621442,842346850533238510,8,66,34776140000000,2026-09-10T09:13:25.551571+00:00,interpolated,155.0,64.0,-994.0
10.64337418,842346849645509298,842346850533238510,8,67,34776140000000,2026-09-10T09:13:25.551571+00:00,interpolated,158.0,65.0,-993.0
10.662262035,842346849664397153,842346850533238510,8,68,34776140000000,2026-09-10T09:13:25.551571+00:00,interpolated,156.0,62.0,-995.0
10.681149891,842346849683285009,842346850533238510,8,69,34776140000000,2026-09-10T09:13:25.551571+00:00,interpolated,156.0,67.0,-994.0
10.700037746,842346849702172864,842346850533238510,8,70,34776140000000,2026-09-10T09:13:25.551571+00:00,interpolated,157.0,61.0,-993.0
10.718925602,842346849721060720,842346850533238510,8,71,34776140000000,2026-09-10T09:13:25.551571+00:00,interpolated,158.0,62.0,-992.0
10.737813458,842346849739948576,842346850533238510,8,72,34776140000000,2026-09-10T09:13:25.551571+00:00,interpolated,156.0,67.0,-994.0
10.756701313,842346849758836431,842346850533238510,8,73,34776140000000,2026-09-10T09:13:25.551571+00:00,interpolated,158.0,64.0,-996.0
10.775589169,842346849777724287,842346850533238510,8,74,34776140000000,2026-09-10T09:13:25.551571+00:00,interpolated,155.0,66.0,-990.0
10.794477024,842346849796612142,842346850533238510,8,75,34776140000000,2026-09-10T09:13:25.551571+00:00,interpolated,154.0,68.0,-993.0
10.81336488,842346849815499998,842346850533238510,8,76,34776140000000,2026-09-10T09:13:25.551571+00:00,interpolated,154.0,65.0,-991.0
10.832252735,842346849834387853,842346850533238510,8,77,34776140000000,2026-09-10T09:13:25.551571+00:00,interpolated,160.0,61.0,-993.0
10.851140591,842346849853275709,842346850533238510,8,78,34776140000000,2026-09-10T09:13:25.551571+00:00,interpolated,156.0,63.0,-993.0
10.870028447,842346849872163565,842346850533238510,8,79,34776140000000,2026-09-10T09:13:25.551571+00:00,interpolated,157.0,63.0,-994.0
10.888916302,842346849891051420,842346850533238510,8,80,34776140000000,2026-09-10T09:13:25.551571+00:00,interpolated,159.0,66.0,-989.0
10.907804158,842346849909939276,842346850533238510,8,81,34776140000000,2026-09-10T09:13:25.551571+00:00,interpolated,155.0,68.0,-993.0
10.926692013,842346849928827131,842346850533238510,8,82,34776140000000,2026-09-10T09:13:25.551571+00:00,interpolated,158.0,62.0,-992.0
10.945579869,842346849947714987,842346850533238510,8,83,34776140000000,2026-09-10T09:13:25.551571+00:00,interpolated,158.0,67.0,-990.0
10.964467725,842346849966602843,842346850533238510,8,84,34776140000000,2026-09-10T09:13:25.551571+00:00,interpolated,156.0,68.0,-995.0
10.98335558,842346849985490698,842346850533238510,8,85,34776140000000,2026-09-10T09:13:25.551571+00:00,interpolated,155.0,66.0,-992.0
11.002243436,842346850004378554,842346850533238510,8,86,34776140000000,2026-09-10T09:13:25.551571+00:00,interpolated,159.0,65.0,-991.0
11.021131291,842346850023266409,842346850533238510,8,87,34776140000000,2026-09-10T09:13:25.551571+00:00,interpolated,156.0,61.0,-995.0
11.040019147,842346850042154265,842346850533238510,8,88,34776140000000,2026-09-10T09:13:25.551571+00:00,interpolated,153.0,59.0,-994.0
11.058907002,842346850061042120,842346850533238510,8,89,34776140000000,2026-09-10T09:13:25.551571+00:00,interpolated,153.0,62.0,-993.0
11.077794858,842346850079929976,842346850533238510,8,90,34776140000000,2026-09-10T09:13:25.551571+00:00,interpolated,156.0,67.0,-993.0
11.096682714,842346850098817832,842346850533238510,8,91,34776140000000,2026-09-10T09:13:25.551571+00:00,interpolated,154.0,66.0,-987.0
11.115570569,842346850117705687,842346850533238510,8,92,34776140000000,2026-09-10T09:13:25.551571+00:00,interpolated,156.0,65.0,-994.0
11.134458425,842346850136593543,842346850533238510,8,93,34776140000000,2026-09-10T09:13:25.551571+00:00,interpolated,156.0,63.0,-994.0
11.15334628,842346850155481398,842346850533238510,8,94,34776140000000,2026-09-10T09:13:25.551571+00:00,interpolated,153.0,66.0,-995.0
11.172234136,842346850174369254,842346850533238510,8,95,34776140000000,2026-09-10T09:13:25.551571+00:00,interpolated,154.0,65.0,-994.0
11.191121992,842346850193257110,842346850533238510,8,96,34776140000000,2026-09-10T09:13:25.551571+00:00,interpolated,154.0,62.0,-997.0
11.210009847,842346850212144965,842346850533238510,8,97,34776140000000,2026-09-10T09:13:25.551571+00:00,interpolated,157.0,65.0,-994.0
11.228897703,842346850231032821,842346850533238510,8,98,34776140000000,2026-09-10T09:13:25.551571+00:00,interpolated,157.0,65.0,-993.0
11.247785558,842346850249920676,842346850533238510,8,99,34776140000000,2026-09-10T09:13:25.551571+00:00,interpolated,154.0,64.0,-989.0
11.266673414,842346850268808532,842346850533238510,8,100,34776140000000,2026-09-10T09:13:25.551571+00:00,interpolated,157.0,65.0,-993.0
11.285561269,842346850287696387,842346850533238510,8,101,34776140000000,2026-09-10T09:13:25.551571+00:00,interpolated,158.0,59.0,-994.0
11.304449125,842346850306584243,842346850533238510,8,102,34776140000000,2026-09-10T09:13:25.551571+00:00,interpolated,154.0,64.0,-993.0
11.323336981,842346850325472099,842346850533238510,8,103,34776140000000,2026-09-10T09:13:25.551571+00:00,interpolated,158.0,63.0,-995.0
11.342224836,842346850344359954,842346850533238510,8,104,34776140000000,2026-09-10T09:13:25.551571+00:00,interpolated,155.0,64.0,-995.0
11.361112692,842346850363247810,842346850533238510,8,105,34776140000000,2026-09-10T09:13:25.551571+00:00,interpolated,158.0,60.0,-992.0
11.380000547,842346850382135665,842346850533238510,8,106,34776140000000,2026-09-10T09:13:25.551571+00:00,interpolated,158.0,64.0,-993.0
11.398888403,842346850401023521,842346850533238510,8,107,34776140000000,2026-09-10T09:13:25.551571+00:00,interpolated,154.0,62.0,-992.0
11.417776259,842346850419911377,842346850533238510,8,108,34776140000000,2026-09-10T09:13:25.551571+00:00,interpolated,155.0,62.0,-992.0
11.436664114,842346850438799232,842346850533238510,8,109,34776140000000,2026-09-10T09:13:25.551571+00:00,interpolated,154.0,64.0,-993.0
11.45555197,842346850457687088,842346850533238510,8,110,34776140000000,2026-09-10T09:13:25.551571+00:00,interpolated,156.0,63.0,-993.0
11.474439825,842346850476574943,842346850533238510,8,111,34776140000000,2026-09-10T09:13:25.551571+00:00,interpolated,151.0,65.0,-994.0
11.493327681,842346850495462799,842346850533238510,8,112,34776140000000,2026-09-10T09:13:25.551571+00:00,interpolated,153.0,64.0,-994.0
11.512215536,842346850514350654,842346850533238510,8,113,34776140000000,2026-09-10T09:13:25.551571+00:00,interpolated,154.0,62.0,-992.0
11.531103392,842346850533238510,842346850533238510,8,114,34776140000000,2026-09-10T09:13:25.551571+00:00,interpolated,159.0,61.0,-993.0
11.549991389,842346850552126507,842346851949838294,10,0,34777703000000,2026-09-10T09:13:27.111060+00:00,interpolated,156.0,66.0,-992.0
11.568879386,842346850571014504,842346851949838294,10,1,34777703000000,2026-09-10T09:13:27.111060+00:00,interpolated,156.0,64.0,-989.0
11.587767383,842346850589902501,842346851949838294,10,2,34777703000000,2026-09-10T09:13:27.111060+00:00,interpolated,153.0,64.0,-993.0
11.60665538,842346850608790498,842346851949838294,10,3,34777703000000,2026-09-10T09:13:27.111060+00:00,interpolated,156.0,66.0,-992.0
11.625543378,842346850627678496,842346851949838294,10,4,34777703000000,2026-09-10T09:13:27.111060+00:00,interpolated,160.0,67.0,-993.0
11.644431375,842346850646566493,842346851949838294,10,5,34777703000000,2026-09-10T09:13:27.111060+00:00,interpolated,158.0,66.0,-994.0
11.663319372,842346850665454490,842346851949838294,10,6,34777703000000,2026-09-10T09:13:27.111060+00:00,interpolated,154.0,68.0,-993.0
11.682207369,842346850684342487,842346851949838294,10,7,34777703000000,2026-09-10T09:13:27.111060+00:00,interpolated,155.0,67.0,-991.0
11.701095366,842346850703230484,842346851949838294,10,8,34777703000000,2026-09-10T09:13:27.111060+00:00,interpolated,153.0,68.0,-995.0
11.719983363,842346850722118481,842346851949838294,10,9,34777703000000,2026-09-10T09:13:27.111060+00:00,interpolated,153.0,61.0,-988.0
11.73887136,842346850741006478,842346851949838294,10,10,34777703000000,2026-09-10T09:13:27.111060+00:00,interpolated,152.0,66.0,-999.0
11.757759357,842346850759894475,842346851949838294,10,11,34777703000000,2026-09-10T09:13:27.111060+00:00,interpolated,157.0,65.0,-995.0
11.776647355,842346850778782473,842346851949838294,10,12,34777703000000,2026-09-10T09:13:27.111060+00:00,interpolated,157.0,62.0,-993.0
11.795535352,842346850797670470,842346851949838294,10,13,34777703000000,2026-09-10T09:13:27.111060+00:00,interpolated,155.0,62.0,-995.0
11.814423349,842346850816558467,842346851949838294,10,14,34777703000000,2026-09-10T09:13:27.111060+00:00,interpolated,157.0,59.0,-996.0
11.833311346,842346850835446464,842346851949838294,10,15,34777703000000,2026-09-10T09:13:27.111060+00:00,interpolated,154.0,63.0,-992.0
11.852199343,842346850854334461,842346851949838294,10,16,34777703000000,2026-09-10T09:13:27.111060+00:00,interpolated,156.0,64.0,-995.0
11.87108734,842346850873222458,842346851949838294,10,17,34777703000000,2026-09-10T09:13:27.111060+00:00,interpolated,155.0,61.0,-994.0
11.889975337,842346850892110455,842346851949838294,10,18,34777703000000,2026-09-10T09:13:27.111060+00:00,interpolated,160.0,63.0,-993.0
11.908863334,842346850910998452,842346851949838294,10,19,34777703000000,2026-09-10T09:13:27.111060+00:00,interpolated,159.0,66.0,-995.0
11.927751332,842346850929886450,842346851949838294,10,20,34777703000000,2026-09-10T09:13:27.111060+00:00,interpolated,155.0,64.0,-995.0
11.946639329,842346850948774447,842346851949838294,10,21,34777703000000,2026-09-10T09:13:27.111060+00:00,interpolated,156.0,60.0,-994.0
11.965527326,842346850967662444,842346851949838294,10,22,34777703000000,2026-09-10T09:13:27.111060+00:00,interpolated,156.0,64.0,-994.0
11.984415323,842346850986550441,842346851949838294,10,23,34777703000000,2026-09-10T09:13:27.111060+00:00,interpolated,155.0,61.0,-993.0
12.00330332,842346851005438438,842346851949838294,10,24,34777703000000,2026-09-10T09:13:27.111060+00:00,interpolated,155.0,65.0,-991.0
12.022191317,842346851024326435,842346851949838294,10,25,34777703000000,2026-09-10T09:13:27.111060+00:00,interpolated,154.0,63.0,-992.0
12.041079314,842346851043214432,842346851949838294,10,26,34777703000000,2026-09-10T09:13:27.111060+00:00,interpolated,155.0,66.0,-992.0
12.059967311,842346851062102429,842346851949838294,10,27,34777703000000,2026-09-10T09:13:27.111060+00:00,interpolated,157.0,67.0,-997.0
12.078855308,842346851080990426,842346851949838294,10,28,34777703000000,2026-09-10T09:13:27.111060+00:00,interpolated,154.0,65.0,-994.0
12.097743306,842346851099878424,842346851949838294,10,29,34777703000000,2026-09-10T09:13:27.111060+00:00,interpolated,154.0,64.0,-990.0
12.116631303,842346851118766421,842346851949838294,10,30,34777703000000,2026-09-10T09:13:27.111060+00:00,interpolated,155.0,67.0,-992.0
12.1355193,842346851137654418,842346851949838294,10,31,34777703000000,2026-09-10T09:13:27.111060+00:00,interpolated,157.0,62.0,-991.0
12.154407297,842346851156542415,842346851949838294,10,32,34777703000000,2026-09-10T09:13:27.111060+00:00,interpolated,157.0,67.0,-995.0
12.173295294,842346851175430412,842346851949838294,10,33,34777703000000,2026-09-10T09:13:27.111060+00:00,interpolated,155.0,64.0,-992.0
12.192183291,842346851194318409,842346851949838294,10,34,34777703000000,2026-09-10T09:13:27.111060+00:00,interpolated,155.0,66.0,-995.0
12.211071288,842346851213206406,842346851949838294,10,35,34777703000000,2026-09-10T09:13:27.111060+00:00,interpolated,159.0,65.0,-990.0
12.229959285,842346851232094403,842346851949838294,10,36,34777703000000,2026-09-10T09:13:27.111060+00:00,interpolated,157.0,61.0,-987.0
12.248847283,842346851250982401,842346851949838294,10,37,34777703000000,2026-09-10T09:13:27.111060+00:00,interpolated,151.0,119.0,-1074.0
12.26773528,842346851269870398,842346851949838294,10,38,34777703000000,2026-09-10T09:13:27.111060+00:00,interpolated,144.0,23.0,-1020.0
12.286623277,842346851288758395,842346851949838294,10,39,34777703000000,2026-09-10T09:13:27.111060+00:00,interpolated,65.0,72.0,-1043.0
12.305511274,842346851307646392,842346851949838294,10,40,34777703000000,2026-09-10T09:13:27.111060+00:00,interpolated,107.0,95.0,-954.0
12.324399271,842346851326534389,842346851949838294,10,41,34777703000000,2026-09-10T09:13:27.111060+00:00,interpolated,173.0,163.0,-974.0
12.343287268,842346851345422386,842346851949838294,10,42,34777703000000,2026-09-10T09:13:27.111060+00:00,interpolated,161.0,152.0,-981.0
12.362175265,842346851364310383,842346851949838294,10,43,34777703000000,2026-09-10T09:13:27.111060+00:00,interpolated,-177.0,-277.0,-988.0
12.381063262,842346851383198380,842346851949838294,10,44,34777703000000,2026-09-10T09:13:27.111060+00:00,interpolated,85.0,-169.0,-995.0
12.39995126,842346851402086378,842346851949838294,10,45,34777703000000,2026-09-10T09:13:27.111060+00:00,interpolated,160.0,42.0,-1005.0
12.418839257,842346851420974375,842346851949838294,10,46,34777703000000,2026-09-10T09:13:27.111060+00:00,interpolated,256.0,186.0,-894.0
12.437727254,842346851439862372,842346851949838294,10,47,34777703000000,2026-09-10T09:13:27.111060+00:00,interpolated,111.0,522.0,-826.0
12.456615251,842346851458750369,842346851949838294,10,48,34777703000000,2026-09-10T09:13:27.111060+00:00,interpolated,76.0,216.0,-1080.0
12.475503248,842346851477638366,842346851949838294,10,49,34777703000000,2026-09-10T09:13:27.111060+00:00,interpolated,178.0,-73.0,-1011.0
12.494391245,842346851496526363,842346851949838294,10,50,34777703000000,2026-09-10T09:13:27.111060+00:00,interpolated,303.0,-171.0,-1062.0
12.513279242,842346851515414360,842346851949838294,10,51,34777703000000,2026-09-10T09:13:27.111060+00:00,interpolated,24.0,37.0,-1027.0
12.532167239,842346851534302357,842346851949838294,10,52,34777703000000,2026-09-10T09:13:27.111060+00:00,interpolated,194.0,65.0,-1021.0
12.551055236,842346851553190354,842346851949838294,10,53,34777703000000,2026-09-10T09:13:27.111060+00:00,interpolated,230.0,-18.0,-1047.0
12.569943234,842346851572078352,842346851949838294,10,54,34777703000000,2026-09-10T09:13:27.111060+00:00,interpolated,175.0,79.0,-1033.0
12.588831231,842346851590966349,842346851949838294,10,55,34777703000000,2026-09-10T09:13:27.111060+00:00,interpolated,329.0,-16.0,-954.0
12.607719228,842346851609854346,842346851949838294,10,56,34777703000000,2026-09-10T09:13:27.111060+00:00,interpolated,125.0,26.0,-1075.0
12.626607225,842346851628742343,842346851949838294,10,57,34777703000000,2026-09-10T09:13:27.111060+00:00,interpolated,143.0,63.0,-1021.0
12.645495222,842346851647630340,842346851949838294,10,58,34777703000000,2026-09-10T09:13:27.111060+00:00,interpolated,141.0,56.0,-987.0
12.664383219,842346851666518337,842346851949838294,10,59,34777703000000,2026-09-10T09:13:27.111060+00:00,interpolated,132.0,18.0,-996.0
12.683271216,842346851685406334,842346851949838294,10,60,34777703000000,2026-09-10T09:13:27.111060+00:00,interpolated,134.0,57.0,-970.0
12.702159213,842346851704294331,842346851949838294,10,61,34777703000000,2026-09-10T09:13:27.111060+00:00,interpolated,136.0,22.0,-1011.0
12.721047211,842346851723182329,842346851949838294,10,62,34777703000000,2026-09-10T09:13:27.111060+00:00,interpolated,135.0,46.0,-989.0
12.739935208,842346851742070326,842346851949838294,10,63,34777703000000,2026-09-10T09:13:27.111060+00:00,interpolated,138.0,36.0,-1001.0
12.758823205,842346851760958323,842346851949838294,10,64,34777703000000,2026-09-10T09:13:27.111060+00:00,interpolated,138.0,39.0,-999.0
12.777711202,842346851779846320,842346851949838294,10,65,34777703000000,2026-09-10T09:13:27.111060+00:00,interpolated,135.0,42.0,-996.0
12.796599199,842346851798734317,842346851949838294,10,66,34777703000000,2026-09-10T09:13:27.111060+00:00,interpolated,138.0,32.0,-1001.0
12.815487196,842346851817622314,842346851949838294,10,67,34777703000000,2026-09-10T09:13:27.111060+00:00,interpolated,136.0,43.0,-992.0
12.834375193,842346851836510311,842346851949838294,10,68,34777703000000,2026-09-10T09:13:27.111060+00:00,interpolated,138.0,30.0,-1000.0
12.85326319,842346851855398308,842346851949838294,10,69,34777703000000,2026-09-10T09:13:27.111060+00:00,interpolated,139.0,43.0,-995.0
12.872151188,842346851874286306,842346851949838294,10,70,34777703000000,2026-09-10T09:13:27.111060+00:00,interpolated,137.0,38.0,-996.0
12.891039185,842346851893174303,842346851949838294,10,71,34777703000000,2026-09-10T09:13:27.111060+00:00,interpolated,137.0,42.0,-998.0
12.909927182,842346851912062300,842346851949838294,10,72,34777703000000,2026-09-10T09:13:27.111060+00:00,interpolated,131.0,41.0,-996.0
12.928815179,842346851930950297,842346851949838294,10,73,34777703000000,2026-09-10T09:13:27.111060+00:00,interpolated,133.0,36.0,-999.0
12.947703176,842346851949838294,842346851949838294,10,74,34777703000000,2026-09-10T09:13:27.111060+00:00,interpolated,137.0,40.0,-999.0
12.966591068,842346851968726186,842346853857515422,14,0,34779562000000,2026-09-10T09:13:28.971253+00:00,interpolated,135.0,35.0,-995.0
12.985478961,842346851987614079,842346853857515422,14,1,34779562000000,2026-09-10T09:13:28.971253+00:00,interpolated,134.0,34.0,-996.0
13.004366853,842346852006501971,842346853857515422,14,2,34779562000000,2026-09-10T09:13:28.971253+00:00,interpolated,142.0,33.0,-1002.0
13.023254745,842346852025389863,842346853857515422,14,3,34779562000000,2026-09-10T09:13:28.971253+00:00,interpolated,141.0,36.0,-996.0
13.042142638,842346852044277756,842346853857515422,14,4,34779562000000,2026-09-10T09:13:28.971253+00:00,interpolated,139.0,41.0,-1001.0
13.06103053,842346852063165648,842346853857515422,14,5,34779562000000,2026-09-10T09:13:28.971253+00:00,interpolated,132.0,41.0,-1003.0
13.079918422,842346852082053540,842346853857515422,14,6,34779562000000,2026-09-10T09:13:28.971253+00:00,interpolated,132.0,38.0,-1004.0
13.098806315,842346852100941433,842346853857515422,14,7,34779562000000,2026-09-10T09:13:28.971253+00:00,interpolated,134.0,38.0,-1004.0
13.117694207,842346852119829325,842346853857515422,14,8,34779562000000,2026-09-10T09:13:28.971253+00:00,interpolated,132.0,36.0,-1000.0
13.1365821,842346852138717218,842346853857515422,14,9,34779562000000,2026-09-10T09:13:28.971253+00:00,interpolated,136.0,40.0,-1000.0
13.155469992,842346852157605110,842346853857515422,14,10,34779562000000,2026-09-10T09:13:28.971253+00:00,interpolated,142.0,38.0,-996.0
13.174357884,842346852176493002,842346853857515422,14,11,34779562000000,2026-09-10T09:13:28.971253+00:00,interpolated,140.0,37.0,-998.0
13.193245777,842346852195380895,842346853857515422,14,12,34779562000000,2026-09-10T09:13:28.971253+00:00,interpolated,136.0,39.0,-995.0
13.212133669,842346852214268787,842346853857515422,14,13,34779562000000,2026-09-10T09:13:28.971253+00:00,interpolated,134.0,37.0,-999.0
13.231021561,842346852233156679,842346853857515422,14,14,34779562000000,2026-09-10T09:13:28.971253+00:00,interpolated,137.0,36.0,-1000.0
13.249909454,842346852252044572,842346853857515422,14,15,34779562000000,2026-09-10T09:13:28.971253+00:00,interpolated,135.0,36.0,-999.0
13.268797346,842346852270932464,842346853857515422,14,16,34779562000000,2026-09-10T09:13:28.971253+00:00,interpolated,137.0,36.0,-1002.0
13.287685238,842346852289820356,842346853857515422,14,17,34779562000000,2026-09-10T09:13:28.971253+00:00,interpolated,141.0,40.0,-1000.0
13.306573131,842346852308708249,842346853857515422,14,18,34779562000000,2026-09-10T09:13:28.971253+00:00,interpolated,136.0,42.0,-997.0
13.325461023,842346852327596141,842346853857515422,14,19,34779562000000,2026-09-10T09:13:28.971253+00:00,interpolated,137.0,39.0,-993.0
13.344348915,842346852346484033,842346853857515422,14,20,34779562000000,2026-09-10T09:13:28.971253+00:00,interpolated,137.0,40.0,-998.0
13.363236808,842346852365371926,842346853857515422,14,21,34779562000000,2026-09-10T09:13:28.971253+00:00,interpolated,137.0,37.0,-999.0
13.3821247,842346852384259818,842346853857515422,14,22,34779562000000,2026-09-10T09:13:28.971253+00:00,interpolated,130.0,35.0,-998.0
13.401012593,842346852403147711,842346853857515422,14,23,34779562000000,2026-09-10T09:13:28.971253+00:00,interpolated,134.0,41.0,-998.0
13.419900485,842346852422035603,842346853857515422,14,24,34779562000000,2026-09-10T09:13:28.971253+00:00,interpolated,136.0,38.0,-999.0
13.438788377,842346852440923495,842346853857515422,14,25,34779562000000,2026-09-10T09:13:28.971253+00:00,interpolated,135.0,37.0,-998.0
13.45767627,842346852459811388,842346853857515422,14,26,34779562000000,2026-09-10T09:13:28.971253+00:00,interpolated,138.0,40.0,-996.0
13.476564162,842346852478699280,842346853857515422,14,27,34779562000000,2026-09-10T09:13:28.971253+00:00,interpolated,139.0,41.0,-998.0
13.495452054,842346852497587172,842346853857515422,14,28,34779562000000,2026-09-10T09:13:28.971253+00:00,interpolated,134.0,38.0,-997.0
13.514339947,842346852516475065,842346853857515422,14,29,34779562000000,2026-09-10T09:13:28.971253+00:00,interpolated,136.0,39.0,-996.0
13.533227839,842346852535362957,842346853857515422,14,30,34779562000000,2026-09-10T09:13:28.971253+00:00,interpolated,133.0,37.0,-998.0
13.552115731,842346852554250849,842346853857515422,14,31,34779562000000,2026-09-10T09:13:28.971253+00:00,interpolated,133.0,34.0,-1003.0
13.571003624,842346852573138742,842346853857515422,14,32,34779562000000,2026-09-10T09:13:28.971253+00:00,interpolated,133.0,39.0,-995.0
13.589891516,842346852592026634,842346853857515422,14,33,34779562000000,2026-09-10T09:13:28.971253+00:00,interpolated,137.0,39.0,-1001.0
13.608779408,842346852610914526,842346853857515422,14,34,34779562000000,2026-09-10T09:13:28.971253+00:00,interpolated,138.0,39.0,-998.0
13.627667301,842346852629802419,842346853857515422,14,35,34779562000000,2026-09-10T09:13:28.971253+00:00,interpolated,138.0,38.0,-1001.0
13.646555193,842346852648690311,842346853857515422,14,36,34779562000000,2026-09-10T09:13:28.971253+00:00,interpolated,133.0,40.0,-996.0
13.665443086,842346852667578204,842346853857515422,14,37,34779562000000,2026-09-10T09:13:28.971253+00:00,interpolated,140.0,42.0,-996.0
13.684330978,842346852686466096,842346853857515422,14,38,34779562000000,2026-09-10T09:13:28.971253+00:00,interpolated,134.0,38.0,-996.0
13.70321887,842346852705353988,842346853857515422,14,39,34779562000000,2026-09-10T09:13:28.971253+00:00,interpolated,134.0,35.0,-996.0
13.722106763,842346852724241881,842346853857515422,14,40,34779562000000,2026-09-10T09:13:28.971253+00:00,interpolated,132.0,40.0,-998.0
13.740994655,842346852743129773,842346853857515422,14,41,34779562000000,2026-09-10T09:13:28.971253+00:00,interpolated,138.0,36.0,-996.0
13.759882547,842346852762017665,842346853857515422,14,42,34779562000000,2026-09-10T09:13:28.971253+00:00,interpolated,138.0,41.0,-999.0
13.77877044,842346852780905558,842346853857515422,14,43,34779562000000,2026-09-10T09:13:28.971253+00:00,interpolated,137.0,40.0,-997.0
13.797658332,842346852799793450,842346853857515422,14,44,34779562000000,2026-09-10T09:13:28.971253+00:00,interpolated,132.0,40.0,-996.0
13.816546224,842346852818681342,842346853857515422,14,45,34779562000000,2026-09-10T09:13:28.971253+00:00,interpolated,136.0,41.0,-999.0
13.835434117,842346852837569235,842346853857515422,14,46,34779562000000,2026-09-10T09:13:28.971253+00:00,interpolated,137.0,39.0,-1000.0
13.854322009,842346852856457127,842346853857515422,14,47,34779562000000,2026-09-10T09:13:28.971253+00:00,interpolated,135.0,41.0,-1004.0
13.873209901,842346852875345019,842346853857515422,14,48,34779562000000,2026-09-10T09:13:28.971253+00:00,interpolated,135.0,38.0,-996.0
13.892097794,842346852894232912,842346853857515422,14,49,34779562000000,2026-09-10T09:13:28.971253+00:00,interpolated,136.0,38.0,-995.0
13.910985686,842346852913120804,842346853857515422,14,50,34779562000000,2026-09-10T09:13:28.971253+00:00,interpolated,138.0,37.0,-997.0
13.929873579,842346852932008697,842346853857515422,14,51,34779562000000,2026-09-10T09:13:28.971253+00:00,interpolated,134.0,40.0,-998.0
13.948761471,842346852950896589,842346853857515422,14,52,34779562000000,2026-09-10T09:13:28.971253+00:00,interpolated,136.0,37.0,-998.0
13.967649363,842346852969784481,842346853857515422,14,53,34779562000000,2026-09-10T09:13:28.971253+00:00,interpolated,136.0,37.0,-998.0
13.986537256,842346852988672374,842346853857515422,14,54,34779562000000,2026-09-10T09:13:28.971253+00:00,interpolated,138.0,37.0,-996.0
14.005425148,842346853007560266,842346853857515422,14,55,34779562000000,2026-09-10T09:13:28.971253+00:00,interpolated,136.0,38.0,-1003.0
14.02431304,842346853026448158,842346853857515422,14,56,34779562000000,2026-09-10T09:13:28.971253+00:00,interpolated,136.0,40.0,-1000.0
14.043200933,842346853045336051,842346853857515422,14,57,34779562000000,2026-09-10T09:13:28.971253+00:00,interpolated,138.0,40.0,-997.0
14.062088825,842346853064223943,842346853857515422,14,58,34779562000000,2026-09-10T09:13:28.971253+00:00,interpolated,136.0,39.0,-997.0
14.080976717,842346853083111835,842346853857515422,14,59,34779562000000,2026-09-10T09:13:28.971253+00:00,interpolated,133.0,41.0,-998.0
14.09986461,842346853101999728,842346853857515422,14,60,34779562000000,2026-09-10T09:13:28.971253+00:00,interpolated,140.0,36.0,-1003.0
14.118752502,842346853120887620,842346853857515422,14,61,34779562000000,2026-09-10T09:13:28.971253+00:00,interpolated,134.0,37.0,-993.0
14.137640394,842346853139775512,842346853857515422,14,62,34779562000000,2026-09-10T09:13:28.971253+00:00,interpolated,133.0,38.0,-995.0
14.156528287,842346853158663405,842346853857515422,14,63,34779562000000,2026-09-10T09:13:28.971253+00:00,interpolated,136.0,38.0,-995.0
14.175416179,842346853177551297,842346853857515422,14,64,34779562000000,2026-09-10T09:13:28.971253+00:00,interpolated,135.0,38.0,-1003.0
14.194304072,842346853196439190,842346853857515422,14,65,34779562000000,2026-09-10T09:13:28.971253+00:00,interpolated,137.0,40.0,-995.0
14.213191964,842346853215327082,842346853857515422,14,66,34779562000000,2026-09-10T09:13:28.971253+00:00,interpolated,142.0,38.0,-995.0
14.232079856,842346853234214974,842346853857515422,14,67,34779562000000,2026-09-10T09:13:28.971253+00:00,interpolated,137.0,42.0,-993.0
14.250967749,842346853253102867,842346853857515422,14,68,34779562000000,2026-09-10T09:13:28.971253+00:00,interpolated,135.0,35.0,-993.0
14.269855641,842346853271990759,842346853857515422,14,69,34779562000000,2026-09-10T09:13:28.971253+00:00,interpolated,135.0,38.0,-999.0
14.288743533,842346853290878651,842346853857515422,14,70,34779562000000,2026-09-10T09:13:28.971253+00:00,interpolated,134.0,39.0,-1004.0
14.307631426,842346853309766544,842346853857515422,14,71,34779562000000,2026-09-10T09:13:28.971253+00:00,interpolated,139.0,44.0,-996.0
14.326519318,842346853328654436,842346853857515422,14,72,34779562000000,2026-09-10T09:13:28.971253+00:00,interpolated,136.0,36.0,-993.0
14.34540721,842346853347542328,842346853857515422,14,73,34779562000000,2026-09-10T09:13:28.971253+00:00,interpolated,138.0,37.0,-1000.0
14.364295103,842346853366430221,842346853857515422,14,74,34779562000000,2026-09-10T09:13:28.971253+00:00,interpolated,135.0,39.0,-997.0
14.383182995,842346853385318113,842346853857515422,14,75,34779562000000,2026-09-10T09:13:28.971253+00:00,interpolated,133.0,38.0,-998.0
14.402070887,842346853404206005,842346853857515422,14,76,34779562000000,2026-09-10T09:13:28.971253+00:00,interpolated,133.0,37.0,-995.0
14.42095878,842346853423093898,842346853857515422,14,77,34779562000000,2026-09-10T09:13:28.971253+00:00,interpolated,134.0,38.0,-999.0
14.439846672,842346853441981790,842346853857515422,14,78,34779562000000,2026-09-10T09:13:28.971253+00:00,interpolated,132.0,39.0,-995.0
14.458734565,842346853460869683,842346853857515422,14,79,34779562000000,2026-09-10T09:13:28.971253+00:00,interpolated,135.0,41.0,-994.0
14.477622457,842346853479757575,842346853857515422,14,80,34779562000000,2026-09-10T09:13:28.971253+00:00,interpolated,138.0,38.0,-1002.0
14.496510349,842346853498645467,842346853857515422,14,81,34779562000000,2026-09-10T09:13:28.971253+00:00,interpolated,135.0,37.0,-1000.0
14.515398242,842346853517533360,842346853857515422,14,82,34779562000000,2026-09-10T09:13:28.971253+00:00,interpolated,132.0,38.0,-999.0
14.534286134,842346853536421252,842346853857515422,14,83,34779562000000,2026-09-10T09:13:28.971253+00:00,interpolated,136.0,38.0,-995.0
14.553174026,842346853555309144,842346853857515422,14,84,34779562000000,2026-09-10T09:13:28.971253+00:00,interpolated,136.0,40.0,-1000.0
14.572061919,842346853574197037,842346853857515422,14,85,34779562000000,2026-09-10T09:13:28.971253+00:00,interpolated,136.0,39.0,-1001.0
14.590949811,842346853593084929,842346853857515422,14,86,34779562000000,2026-09-10T09:13:28.971253+00:00,interpolated,134.0,38.0,-1005.0
14.609837703,842346853611972821,842346853857515422,14,87,34779562000000,2026-09-10T09:13:28.971253+00:00,interpolated,134.0,38.0,-997.0
14.628725596,842346853630860714,842346853857515422,14,88,34779562000000,2026-09-10T09:13:28.971253+00:00,interpolated,132.0,36.0,-995.0
14.647613488,842346853649748606,842346853857515422,14,89,34779562000000,2026-09-10T09:13:28.971253+00:00,interpolated,137.0,37.0,-999.0
14.66650138,842346853668636498,842346853857515422,14,90,34779562000000,2026-09-10T09:13:28.971253+00:00,interpolated,137.0,41.0,-998.0
14.685389273,842346853687524391,842346853857515422,14,91,34779562000000,2026-09-10T09:13:28.971253+00:00,interpolated,138.0,38.0,-1000.0
14.704277165,842346853706412283,842346853857515422,14,92,34779562000000,2026-09-10T09:13:28.971253+00:00,interpolated,135.0,39.0,-997.0
14.723165058,842346853725300176,842346853857515422,14,93,34779562000000,2026-09-10T09:13:28.971253+00:00,interpolated,134.0,41.0,-1000.0
14.74205295,842346853744188068,842346853857515422,14,94,34779562000000,2026-09-10T09:13:28.971253+00:00,interpolated,135.0,40.0,-996.0
14.760940842,842346853763075960,842346853857515422,14,95,34779562000000,2026-09-10T09:13:28.971253+00:00,interpolated,132.0,38.0,-998.0
14.779828735,842346853781963853,842346853857515422,14,96,34779562000000,2026-09-10T09:13:28.971253+00:00,interpolated,132.0,38.0,-990.0
14.798716627,842346853800851745,842346853857515422,14,97,34779562000000,2026-09-10T09:13:28.971253+00:00,interpolated,136.0,40.0,-999.0
14.817604519,842346853819739637,842346853857515422,14,98,34779562000000,2026-09-10T09:13:28.971253+00:00,interpolated,133.0,38.0,-998.0
14.836492412,842346853838627530,842346853857515422,14,99,34779562000000,2026-09-10T09:13:28.971253+00:00,interpolated,140.0,36.0,-1002.0
14.855380304,842346853857515422,842346853857515422,14,100,34779562000000,2026-09-10T09:13:28.971253+00:00,interpolated,139.0,38.0,-998.0
14.874268431,842346853876403549,842346855897433148,18,0,34781421000000,2026-09-10T09:13:30.831356+00:00,interpolated,133.0,35.0,-999.0
14.893156558,842346853895291676,842346855897433148,18,1,34781421000000,2026-09-10T09:13:30.831356+00:00,interpolated,136.0,38.0,-1000.0
14.912044685,842346853914179803,842346855897433148,18,2,34781421000000,2026-09-10T09:13:30.831356+00:00,interpolated,136.0,38.0,-999.0
14.930932812,842346853933067930,842346855897433148,18,3,34781421000000,2026-09-10T09:13:30.831356+00:00,interpolated,139.0,38.0,-998.0
14.949820939,842346853951956057,842346855897433148,18,4,34781421000000,2026-09-10T09:13:30.831356+00:00,interpolated,136.0,41.0,-996.0
14.968709067,842346853970844185,842346855897433148,18,5,34781421000000,2026-09-10T09:13:30.831356+00:00,interpolated,139.0,40.0,-995.0
14.987597194,842346853989732312,842346855897433148,18,6,34781421000000,2026-09-10T09:13:30.831356+00:00,interpolated,134.0,38.0,-998.0
15.006485321,842346854008620439,842346855897433148,18,7,34781421000000,2026-09-10T09:13:30.831356+00:00,interpolated,138.0,34.0,-997.0
15.025373448,842346854027508566,842346855897433148,18,8,34781421000000,2026-09-10T09:13:30.831356+00:00,interpolated,133.0,37.0,-1001.0
15.044261575,842346854046396693,842346855897433148,18,9,34781421000000,2026-09-10T09:13:30.831356+00:00,interpolated,138.0,42.0,-998.0
15.063149702,842346854065284820,842346855897433148,18,10,34781421000000,2026-09-10T09:13:30.831356+00:00,interpolated,137.0,41.0,-993.0
15.082037829,842346854084172947,842346855897433148,18,11,34781421000000,2026-09-10T09:13:30.831356+00:00,interpolated,135.0,39.0,-996.0
15.100925956,842346854103061074,842346855897433148,18,12,34781421000000,2026-09-10T09:13:30.831356+00:00,interpolated,137.0,36.0,-1002.0
15.119814083,842346854121949201,842346855897433148,18,13,34781421000000,2026-09-10T09:13:30.831356+00:00,interpolated,139.0,41.0,-997.0
15.13870221,842346854140837328,842346855897433148,18,14,34781421000000,2026-09-10T09:13:30.831356+00:00,interpolated,135.0,41.0,-1000.0
15.157590337,842346854159725455,842346855897433148,18,15,34781421000000,2026-09-10T09:13:30.831356+00:00,interpolated,140.0,37.0,-997.0
15.176478465,842346854178613583,842346855897433148,18,16,34781421000000,2026-09-10T09:13:30.831356+00:00,interpolated,134.0,44.0,-997.0
15.195366592,842346854197501710,842346855897433148,18,17,34781421000000,2026-09-10T09:13:30.831356+00:00,interpolated,137.0,35.0,-1000.0
15.214254719,842346854216389837,842346855897433148,18,18,34781421000000,2026-09-10T09:13:30.831356+00:00,interpolated,139.0,37.0,-1000.0
15.233142846,842346854235277964,842346855897433148,18,19,34781421000000,2026-09-10T09:13:30.831356+00:00,interpolated,132.0,34.0,-997.0
15.252030973,842346854254166091,842346855897433148,18,20,34781421000000,2026-09-10T09:13:30.831356+00:00,interpolated,138.0,36.0,-997.0
15.2709191,842346854273054218,842346855897433148,18,21,34781421000000,2026-09-10T09:13:30.831356+00:00,interpolated,139.0,38.0,-1001.0
15.289807227,842346854291942345,842346855897433148,18,22,34781421000000,2026-09-10T09:13:30.831356+00:00,interpolated,136.0,36.0,-1000.0
15.308695354,842346854310830472,842346855897433148,18,23,34781421000000,2026-09-10T09:13:30.831356+00:00,interpolated,137.0,38.0,-1000.0
15.327583481,842346854329718599,842346855897433148,18,24,34781421000000,2026-09-10T09:13:30.831356+00:00,interpolated,135.0,34.0,-994.0
15.346471608,842346854348606726,842346855897433148,18,25,34781421000000,2026-09-10T09:13:30.831356+00:00,interpolated,131.0,41.0,-997.0
15.365359736,842346854367494854,842346855897433148,18,26,34781421000000,2026-09-10T09:13:30.831356+00:00,interpolated,137.0,36.0,-1001.0
15.384247863,842346854386382981,842346855897433148,18,27,34781421000000,2026-09-10T09:13:30.831356+00:00,interpolated,137.0,38.0,-997.0
15.40313599,842346854405271108,842346855897433148,18,28,34781421000000,2026-09-10T09:13:30.831356+00:00,interpolated,137.0,38.0,-999.0
15.422024117,842346854424159235,842346855897433148,18,29,34781421000000,2026-09-10T09:13:30.831356+00:00,interpolated,137.0,41.0,-996.0
15.440912244,842346854443047362,842346855897433148,18,30,34781421000000,2026-09-10T09:13:30.831356+00:00,interpolated,138.0,39.0,-995.0
15.459800371,842346854461935489,842346855897433148,18,31,34781421000000,2026-09-10T09:13:30.831356+00:00,interpolated,134.0,35.0,-1002.0
15.478688498,842346854480823616,842346855897433148,18,32,34781421000000,2026-09-10T09:13:30.831356+00:00,interpolated,137.0,41.0,-998.0
15.497576625,842346854499711743,842346855897433148,18,33,34781421000000,2026-09-10T09:13:30.831356+00:00,interpolated,136.0,42.0,-999.0
15.516464752,842346854518599870,842346855897433148,18,34,34781421000000,2026-09-10T09:13:30.831356+00:00,interpolated,135.0,41.0,-994.0
15.535352879,842346854537487997,842346855897433148,18,35,34781421000000,2026-09-10T09:13:30.831356+00:00,interpolated,137.0,36.0,-998.0
15.554241006,842346854556376124,842346855897433148,18,36,34781421000000,2026-09-10T09:13:30.831356+00:00,interpolated,130.0,39.0,-994.0
15.573129134,842346854575264252,842346855897433148,18,37,34781421000000,2026-09-10T09:13:30.831356+00:00,interpolated,136.0,43.0,-995.0
15.592017261,842346854594152379,842346855897433148,18,38,34781421000000,2026-09-10T09:13:30.831356+00:00,interpolated,136.0,39.0,-998.0
15.610905388,842346854613040506,842346855897433148,18,39,34781421000000,2026-09-10T09:13:30.831356+00:00,interpolated,133.0,38.0,-993.0
15.629793515,842346854631928633,842346855897433148,18,40,34781421000000,2026-09-10T09:13:30.831356+00:00,interpolated,133.0,38.0,-997.0
15.648681642,842346854650816760,842346855897433148,18,41,34781421000000,2026-09-10T09:13:30.831356+00:00,interpolated,138.0,42.0,-999.0
15.667569769,842346854669704887,842346855897433148,18,42,34781421000000,2026-09-10T09:13:30.831356+00:00,interpolated,134.0,40.0,-1004.0
15.686457896,842346854688593014,842346855897433148,18,43,34781421000000,2026-09-10T09:13:30.831356+00:00,interpolated,135.0,43.0,-998.0
15.705346023,842346854707481141,842346855897433148,18,44,34781421000000,2026-09-10T09:13:30.831356+00:00,interpolated,140.0,36.0,-999.0
15.72423415,842346854726369268,842346855897433148,18,45,34781421000000,2026-09-10T09:13:30.831356+00:00,interpolated,140.0,37.0,-997.0
15.743122277,842346854745257395,842346855897433148,18,46,34781421000000,2026-09-10T09:13:30.831356+00:00,interpolated,137.0,37.0,-1000.0
15.762010404,842346854764145522,842346855897433148,18,47,34781421000000,2026-09-10T09:13:30.831356+00:00,interpolated,135.0,38.0,-993.0
15.780898532,842346854783033650,842346855897433148,18,48,34781421000000,2026-09-10T09:13:30.831356+00:00,interpolated,135.0,39.0,-1000.0
15.799786659,842346854801921777,842346855897433148,18,49,34781421000000,2026-09-10T09:13:30.831356+00:00,interpolated,135.0,40.0,-997.0
15.818674786,842346854820809904,842346855897433148,18,50,34781421000000,2026-09-10T09:13:30.831356+00:00,interpolated,138.0,40.0,-995.0
15.837562913,842346854839698031,842346855897433148,18,51,34781421000000,2026-09-10T09:13:30.831356+00:00,interpolated,136.0,42.0,-995.0
15.85645104,842346854858586158,842346855897433148,18,52,34781421000000,2026-09-10T09:13:30.831356+00:00,interpolated,135.0,39.0,-1001.0
15.875339167,842346854877474285,842346855897433148,18,53,34781421000000,2026-09-10T09:13:30.831356+00:00,interpolated,138.0,42.0,-1005.0
15.894227294,842346854896362412,842346855897433148,18,54,34781421000000,2026-09-10T09:13:30.831356+00:00,interpolated,135.0,39.0,-1002.0
15.913115421,842346854915250539,842346855897433148,18,55,34781421000000,2026-09-10T09:13:30.831356+00:00,interpolated,133.0,35.0,-1002.0
15.932003548,842346854934138666,842346855897433148,18,56,34781421000000,2026-09-10T09:13:30.831356+00:00,interpolated,134.0,37.0,-998.0
15.950891675,842346854953026793,842346855897433148,18,57,34781421000000,2026-09-10T09:13:30.831356+00:00,interpolated,136.0,41.0,-1003.0
15.969779802,842346854971914920,842346855897433148,18,58,34781421000000,2026-09-10T09:13:30.831356+00:00,interpolated,135.0,39.0,-996.0
15.98866793,842346854990803048,842346855897433148,18,59,34781421000000,2026-09-10T09:13:30.831356+00:00,interpolated,135.0,37.0,-998.0
16.007556057,842346855009691175,842346855897433148,18,60,34781421000000,2026-09-10T09:13:30.831356+00:00,interpolated,135.0,36.0,-995.0
16.026444184,842346855028579302,842346855897433148,18,61,34781421000000,2026-09-10T09:13:30.831356+00:00,interpolated,136.0,37.0,-997.0
16.045332311,842346855047467429,842346855897433148,18,62,34781421000000,2026-09-10T09:13:30.831356+00:00,interpolated,135.0,38.0,-997.0
16.064220438,842346855066355556,842346855897433148,18,63,34781421000000,2026-09-10T09:13:30.831356+00:00,interpolated,138.0,40.0,-998.0
16.083108565,842346855085243683,842346855897433148,18,64,34781421000000,2026-09-10T09:13:30.831356+00:00,interpolated,140.0,38.0,-992.0
16.101996692,842346855104131810,842346855897433148,18,65,34781421000000,2026-09-10T09:13:30.831356+00:00,interpolated,135.0,38.0,-995.0
16.120884819,842346855123019937,842346855897433148,18,66,34781421000000,2026-09-10T09:13:30.831356+00:00,interpolated,140.0,44.0,-995.0
16.139772946,842346855141908064,842346855897433148,18,67,34781421000000,2026-09-10T09:13:30.831356+00:00,interpolated,138.0,40.0,-992.0
16.158661073,842346855160796191,842346855897433148,18,68,34781421000000,2026-09-10T09:13:30.831356+00:00,interpolated,141.0,38.0,-994.0
16.1775492,842346855179684318,842346855897433148,18,69,34781421000000,2026-09-10T09:13:30.831356+00:00,interpolated,138.0,40.0,-999.0
16.196437328,842346855198572446,842346855897433148,18,70,34781421000000,2026-09-10T09:13:30.831356+00:00,interpolated,137.0,41.0,-999.0
16.215325455,842346855217460573,842346855897433148,18,71,34781421000000,2026-09-10T09:13:30.831356+00:00,interpolated,136.0,41.0,-997.0
16.234213582,842346855236348700,842346855897433148,18,72,34781421000000,2026-09-10T09:13:30.831356+00:00,interpolated,136.0,38.0,-998.0
16.253101709,842346855255236827,842346855897433148,18,73,34781421000000,2026-09-10T09:13:30.831356+00:00,interpolated,138.0,43.0,-999.0
16.271989836,842346855274124954,842346855897433148,18,74,34781421000000,2026-09-10T09:13:30.831356+00:00,interpolated,137.0,39.0,-1001.0
16.290877963,842346855293013081,842346855897433148,18,75,34781421000000,2026-09-10T09:13:30.831356+00:00,interpolated,136.0,38.0,-992.0
16.30976609,842346855311901208,842346855897433148,18,76,34781421000000,2026-09-10T09:13:30.831356+00:00,interpolated,136.0,39.0,-996.0
16.328654217,842346855330789335,842346855897433148,18,77,34781421000000,2026-09-10T09:13:30.831356+00:00,interpolated,138.0,40.0,-998.0
16.347542344,842346855349677462,842346855897433148,18,78,34781421000000,2026-09-10T09:13:30.831356+00:00,interpolated,136.0,40.0,-998.0
16.366430471,842346855368565589,842346855897433148,18,79,34781421000000,2026-09-10T09:13:30.831356+00:00,interpolated,137.0,41.0,-1000.0
16.385318599,842346855387453717,842346855897433148,18,80,34781421000000,2026-09-10T09:13:30.831356+00:00,interpolated,134.0,42.0,-1001.0
16.404206726,842346855406341844,842346855897433148,18,81,34781421000000,2026-09-10T09:13:30.831356+00:00,interpolated,136.0,40.0,-1002.0
16.423094853,842346855425229971,842346855897433148,18,82,34781421000000,2026-09-10T09:13:30.831356+00:00,interpolated,135.0,44.0,-997.0
16.44198298,842346855444118098,842346855897433148,18,83,34781421000000,2026-09-10T09:13:30.831356+00:00,interpolated,137.0,40.0,-1000.0
16.460871107,842346855463006225,842346855897433148,18,84,34781421000000,2026-09-10T09:13:30.831356+00:00,interpolated,140.0,39.0,-993.0
16.479759234,842346855481894352,842346855897433148,18,85,34781421000000,2026-09-10T09:13:30.831356+00:00,interpolated,137.0,38.0,-997.0
16.498647361,842346855500782479,842346855897433148,18,86,34781421000000,2026-09-10T09:13:30.831356+00:00,interpolated,140.0,40.0,-994.0
16.517535488,842346855519670606,842346855897433148,18,87,34781421000000,2026-09-10T09:13:30.831356+00:00,interpolated,134.0,38.0,-997.0
16.536423615,842346855538558733,842346855897433148,18,88,34781421000000,2026-09-10T09:13:30.831356+00:00,interpolated,135.0,40.0,-999.0
16.555311742,842346855557446860,842346855897433148,18,89,34781421000000,2026-09-10T09:13:30.831356+00:00,interpolated,133.0,37.0,-997.0
16.574199869,842346855576334987,842346855897433148,18,90,34781421000000,2026-09-10T09:13:30.831356+00:00,interpolated,136.0,34.0,-1003.0
16.593087997,842346855595223115,842346855897433148,18,91,34781421000000,2026-09-10T09:13:30.831356+00:00,interpolated,138.0,37.0,-1002.0
16.611976124,842346855614111242,842346855897433148,18,92,34781421000000,2026-09-10T09:13:30.831356+00:00,interpolated,133.0,34.0,-997.0
16.630864251,842346855632999369,842346855897433148,18,93,34781421000000,2026-09-10T09:13:30.831356+00:00,interpolated,141.0,39.0,-998.0
16.649752378,842346855651887496,842346855897433148,18,94,34781421000000,2026-09-10T09:13:30.831356+00:00,interpolated,137.0,39.0,-993.0
16.668640505,842346855670775623,842346855897433148,18,95,34781421000000,2026-09-10T09:13:30.831356+00:00,interpolated,136.0,38.0,-997.0
16.687528632,842346855689663750,842346855897433148,18,96,34781421000000,2026-09-10T09:13:30.831356+00:00,interpolated,138.0,38.0,-995.0
16.706416759,842346855708551877,842346855897433148,18,97,34781421000000,2026-09-10T09:13:30.831356+00:00,interpolated,132.0,42.0,-988.0
16.725304886,842346855727440004,842346855897433148,18,98,34781421000000,2026-09-10T09:13:30.831356+00:00,interpolated,136.0,37.0,-1000.0
16.744193013,842346855746328131,842346855897433148,18,99,34781421000000,2026-09-10T09:13:30.831356+00:00,interpolated,135.0,39.0,-999.0
16.76308114,842346855765216258,842346855897433148,18,100,34781421000000,2026-09-10T09:13:30.831356+00:00,interpolated,132.0,38.0,-996.0
16.781969267,842346855784104385,842346855897433148,18,101,34781421000000,2026-09-10T09:13:30.831356+00:00,interpolated,138.0,39.0,-999.0
16.800857395,842346855802992513,842346855897433148,18,102,34781421000000,2026-09-10T09:13:30.831356+00:00,interpolated,136.0,38.0,-996.0
16.819745522,842346855821880640,842346855897433148,18,103,34781421000000,2026-09-10T09:13:30.831356+00:00,interpolated,140.0,40.0,-997.0
16.838633649,842346855840768767,842346855897433148,18,104,34781421000000,2026-09-10T09:13:30.831356+00:00,interpolated,138.0,41.0,-997.0
16.857521776,842346855859656894,842346855897433148,18,105,34781421000000,2026-09-10T09:13:30.831356+00:00,interpolated,136.0,37.0,-996.0
16.876409903,842346855878545021,842346855897433148,18,106,34781421000000,2026-09-10T09:13:30.831356+00:00,interpolated,136.0,38.0,-1002.0
16.89529803,842346855897433148,842346855897433148,18,107,34781421000000,2026-09-10T09:13:30.831356+00:00,interpolated,137.0,40.0,-999.0
16.914185931,842346855916321049,842346857937326460,21,0,34783703000000,2026-09-10T09:13:33.111758+00:00,interpolated,135.0,41.0,-1001.0
16.933073832,842346855935208950,842346857937326460,21,1,34783703000000,2026-09-10T09:13:33.111758+00:00,interpolated,135.0,41.0,-999.0
16.951961733,842346855954096851,842346857937326460,21,2,34783703000000,2026-09-10T09:13:33.111758+00:00,interpolated,138.0,41.0,-995.0
16.970849634,842346855972984752,842346857937326460,21,3,34783703000000,2026-09-10T09:13:33.111758+00:00,interpolated,140.0,38.0,-995.0
16.989737535,842346855991872653,842346857937326460,21,4,34783703000000,2026-09-10T09:13:33.111758+00:00,interpolated,140.0,38.0,-995.0
17.008625436,842346856010760554,842346857937326460,21,5,34783703000000,2026-09-10T09:13:33.111758+00:00,interpolated,138.0,35.0,-996.0
17.027513337,842346856029648455,842346857937326460,21,6,34783703000000,2026-09-10T09:13:33.111758+00:00,interpolated,135.0,39.0,-996.0
17.046401238,842346856048536356,842346857937326460,21,7,34783703000000,2026-09-10T09:13:33.111758+00:00,interpolated,135.0,38.0,-998.0
17.065289139,842346856067424257,842346857937326460,21,8,34783703000000,2026-09-10T09:13:33.111758+00:00,interpolated,136.0,43.0,-997.0
17.08417704,842346856086312158,842346857937326460,21,9,34783703000000,2026-09-10T09:13:33.111758+00:00,interpolated,136.0,39.0,-997.0
17.103064941,842346856105200059,842346857937326460,21,10,34783703000000,2026-09-10T09:13:33.111758+00:00,interpolated,140.0,40.0,-1002.0
17.121952842,842346856124087960,842346857937326460,21,11,34783703000000,2026-09-10T09:13:33.111758+00:00,interpolated,136.0,39.0,-998.0
17.140840743,842346856142975861,842346857937326460,21,12,34783703000000,2026-09-10T09:13:33.111758+00:00,interpolated,137.0,44.0,-996.0
17.159728645,842346856161863763,842346857937326460,21,13,34783703000000,2026-09-10T09:13:33.111758+00:00,interpolated,140.0,37.0,-995.0
17.178616546,842346856180751664,842346857937326460,21,14,34783703000000,2026-09-10T09:13:33.111758+00:00,interpolated,134.0,38.0,-997.0
17.197504447,842346856199639565,842346857937326460,21,15,34783703000000,2026-09-10T09:13:33.111758+00:00,interpolated,141.0,35.0,-1002.0
17.216392348,842346856218527466,842346857937326460,21,16,34783703000000,2026-09-10T09:13:33.111758+00:00,interpolated,136.0,37.0,-1003.0
17.235280249,842346856237415367,842346857937326460,21,17,34783703000000,2026-09-10T09:13:33.111758+00:00,interpolated,136.0,36.0,-996.0
17.25416815,842346856256303268,842346857937326460,21,18,34783703000000,2026-09-10T09:13:33.111758+00:00,interpolated,138.0,43.0,-996.0
17.273056051,842346856275191169,842346857937326460,21,19,34783703000000,2026-09-10T09:13:33.111758+00:00,interpolated,137.0,41.0,-998.0
17.291943952,842346856294079070,842346857937326460,21,20,34783703000000,2026-09-10T09:13:33.111758+00:00,interpolated,132.0,37.0,-998.0
17.310831853,842346856312966971,842346857937326460,21,21,34783703000000,2026-09-10T09:13:33.111758+00:00,interpolated,136.0,40.0,-999.0
17.329719754,842346856331854872,842346857937326460,21,22,34783703000000,2026-09-10T09:13:33.111758+00:00,interpolated,136.0,39.0,-995.0
17.348607655,842346856350742773,842346857937326460,21,23,34783703000000,2026-09-10T09:13:33.111758+00:00,interpolated,137.0,41.0,-995.0
17.367495556,842346856369630674,842346857937326460,21,24,34783703000000,2026-09-10T09:13:33.111758+00:00,interpolated,136.0,39.0,-998.0
17.386383457,842346856388518575,842346857937326460,21,25,34783703000000,2026-09-10T09:13:33.111758+00:00,interpolated,138.0,37.0,-1001.0
17.405271358,842346856407406476,842346857937326460,21,26,34783703000000,2026-09-10T09:13:33.111758+00:00,interpolated,139.0,41.0,-998.0
17.424159259,842346856426294377,842346857937326460,21,27,34783703000000,2026-09-10T09:13:33.111758+00:00,interpolated,136.0,41.0,-997.0
17.44304716,842346856445182278,842346857937326460,21,28,34783703000000,2026-09-10T09:13:33.111758+00:00,interpolated,138.0,38.0,-997.0
17.461935061,842346856464070179,842346857937326460,21,29,34783703000000,2026-09-10T09:13:33.111758+00:00,interpolated,137.0,37.0,-996.0
17.480822962,842346856482958080,842346857937326460,21,30,34783703000000,2026-09-10T09:13:33.111758+00:00,interpolated,135.0,36.0,-1003.0
17.499710863,842346856501845981,842346857937326460,21,31,34783703000000,2026-09-10T09:13:33.111758+00:00,interpolated,135.0,36.0,-1001.0
17.518598764,842346856520733882,842346857937326460,21,32,34783703000000,2026-09-10T09:13:33.111758+00:00,interpolated,134.0,39.0,-1001.0
17.537486665,842346856539621783,842346857937326460,21,33,34783703000000,2026-09-10T09:13:33.111758+00:00,interpolated,135.0,38.0,-996.0
17.556374566,842346856558509684,842346857937326460,21,34,34783703000000,2026-09-10T09:13:33.111758+00:00,interpolated,136.0,37.0,-996.0
17.575262467,842346856577397585,842346857937326460,21,35,34783703000000,2026-09-10T09:13:33.111758+00:00,interpolated,139.0,39.0,-996.0
17.594150368,842346856596285486,842346857937326460,21,36,34783703000000,2026-09-10T09:13:33.111758+00:00,interpolated,137.0,41.0,-996.0
17.613038269,842346856615173387,842346857937326460,21,37,34783703000000,2026-09-10T09:13:33.111758+00:00,interpolated,136.0,38.0,-996.0
17.63192617,842346856634061288,842346857937326460,21,38,34783703000000,2026-09-10T09:13:33.111758+00:00,interpolated,136.0,40.0,-993.0
17.650814071,842346856652949189,842346857937326460,21,39,34783703000000,2026-09-10T09:13:33.111758+00:00,interpolated,135.0,37.0,-998.0
17.669701973,842346856671837091,842346857937326460,21,40,34783703000000,2026-09-10T09:13:33.111758+00:00,interpolated,137.0,37.0,-998.0
17.688589874,842346856690724992,842346857937326460,21,41,34783703000000,2026-09-10T09:13:33.111758+00:00,interpolated,134.0,34.0,-1001.0
17.707477775,842346856709612893,842346857937326460,21,42,34783703000000,2026-09-10T09:13:33.111758+00:00,interpolated,139.0,37.0,-996.0
17.726365676,842346856728500794,842346857937326460,21,43,34783703000000,2026-09-10T09:13:33.111758+00:00,interpolated,137.0,39.0,-996.0
17.745253577,842346856747388695,842346857937326460,21,44,34783703000000,2026-09-10T09:13:33.111758+00:00,interpolated,134.0,44.0,-996.0
17.764141478,842346856766276596,842346857937326460,21,45,34783703000000,2026-09-10T09:13:33.111758+00:00,interpolated,134.0,41.0,-993.0
17.783029379,842346856785164497,842346857937326460,21,46,34783703000000,2026-09-10T09:13:33.111758+00:00,interpolated,135.0,39.0,-999.0
17.80191728,842346856804052398,842346857937326460,21,47,34783703000000,2026-09-10T09:13:33.111758+00:00,interpolated,137.0,43.0,-1003.0
17.820805181,842346856822940299,842346857937326460,21,48,34783703000000,2026-09-10T09:13:33.111758+00:00,interpolated,134.0,40.0,-999.0
17.839693082,842346856841828200,842346857937326460,21,49,34783703000000,2026-09-10T09:13:33.111758+00:00,interpolated,137.0,41.0,-995.0
17.858580983,842346856860716101,842346857937326460,21,50,34783703000000,2026-09-10T09:13:33.111758+00:00,interpolated,136.0,40.0,-1002.0
17.877468884,842346856879604002,842346857937326460,21,51,34783703000000,2026-09-10T09:13:33.111758+00:00,interpolated,137.0,39.0,-992.0
17.896356785,842346856898491903,842346857937326460,21,52,34783703000000,2026-09-10T09:13:33.111758+00:00,interpolated,135.0,43.0,-997.0
17.915244686,842346856917379804,842346857937326460,21,53,34783703000000,2026-09-10T09:13:33.111758+00:00,interpolated,135.0,38.0,-996.0
17.934132587,842346856936267705,842346857937326460,21,54,34783703000000,2026-09-10T09:13:33.111758+00:00,interpolated,133.0,39.0,-997.0
17.953020488,842346856955155606,842346857937326460,21,55,34783703000000,2026-09-10T09:13:33.111758+00:00,interpolated,138.0,39.0,-1004.0
17.971908389,842346856974043507,842346857937326460,21,56,34783703000000,2026-09-10T09:13:33.111758+00:00,interpolated,135.0,43.0,-1000.0
17.99079629,842346856992931408,842346857937326460,21,57,34783703000000,2026-09-10T09:13:33.111758+00:00,interpolated,136.0,39.0,-995.0
18.009684191,842346857011819309,842346857937326460,21,58,34783703000000,2026-09-10T09:13:33.111758+00:00,interpolated,138.0,41.0,-996.0
18.028572092,842346857030707210,842346857937326460,21,59,34783703000000,2026-09-10T09:13:33.111758+00:00,interpolated,137.0,36.0,-998.0
18.047459993,842346857049595111,842346857937326460,21,60,34783703000000,2026-09-10T09:13:33.111758+00:00,interpolated,134.0,39.0,-999.0
18.066347894,842346857068483012,842346857937326460,21,61,34783703000000,2026-09-10T09:13:33.111758+00:00,interpolated,136.0,42.0,-999.0
18.085235795,842346857087370913,842346857937326460,21,62,34783703000000,2026-09-10T09:13:33.111758+00:00,interpolated,135.0,38.0,-997.0
18.104123696,842346857106258814,842346857937326460,21,63,34783703000000,2026-09-10T09:13:33.111758+00:00,interpolated,136.0,38.0,-995.0
18.123011597,842346857125146715,842346857937326460,21,64,34783703000000,2026-09-10T09:13:33.111758+00:00,interpolated,135.0,40.0,-996.0
18.141899498,842346857144034616,842346857937326460,21,65,34783703000000,2026-09-10T09:13:33.111758+00:00,interpolated,135.0,37.0,-1000.0
18.160787399,842346857162922517,842346857937326460,21,66,34783703000000,2026-09-10T09:13:33.111758+00:00,interpolated,136.0,40.0,-997.0
18.179675301,842346857181810419,842346857937326460,21,67,34783703000000,2026-09-10T09:13:33.111758+00:00,interpolated,136.0,39.0,-998.0
18.198563202,842346857200698320,842346857937326460,21,68,34783703000000,2026-09-10T09:13:33.111758+00:00,interpolated,140.0,40.0,-996.0
18.217451103,842346857219586221,842346857937326460,21,69,34783703000000,2026-09-10T09:13:33.111758+00:00,interpolated,136.0,40.0,-994.0
18.236339004,842346857238474122,842346857937326460,21,70,34783703000000,2026-09-10T09:13:33.111758+00:00,interpolated,139.0,38.0,-1001.0
18.255226905,842346857257362023,842346857937326460,21,71,34783703000000,2026-09-10T09:13:33.111758+00:00,interpolated,136.0,36.0,-998.0
18.274114806,842346857276249924,842346857937326460,21,72,34783703000000,2026-09-10T09:13:33.111758+00:00,interpolated,133.0,40.0,-996.0
18.293002707,842346857295137825,842346857937326460,21,73,34783703000000,2026-09-10T09:13:33.111758+00:00,interpolated,138.0,36.0,-999.0
18.311890608,842346857314025726,842346857937326460,21,74,34783703000000,2026-09-10T09:13:33.111758+00:00,interpolated,135.0,34.0,-995.0
18.330778509,842346857332913627,842346857937326460,21,75,34783703000000,2026-09-10T09:13:33.111758+00:00,interpolated,137.0,39.0,-997.0
18.34966641,842346857351801528,842346857937326460,21,76,34783703000000,2026-09-10T09:13:33.111758+00:00,interpolated,140.0,40.0,-997.0
18.368554311,842346857370689429,842346857937326460,21,77,34783703000000,2026-09-10T09:13:33.111758+00:00,interpolated,138.0,38.0,-1000.0
18.387442212,842346857389577330,842346857937326460,21,78,34783703000000,2026-09-10T09:13:33.111758+00:00,interpolated,133.0,35.0,-997.0
18.406330113,842346857408465231,842346857937326460,21,79,34783703000000,2026-09-10T09:13:33.111758+00:00,interpolated,137.0,38.0,-996.0
18.425218014,842346857427353132,842346857937326460,21,80,34783703000000,2026-09-10T09:13:33.111758+00:00,interpolated,134.0,34.0,-994.0
18.444105915,842346857446241033,842346857937326460,21,81,34783703000000,2026-09-10T09:13:33.111758+00:00,interpolated,135.0,42.0,-997.0
18.462993816,842346857465128934,842346857937326460,21,82,34783703000000,2026-09-10T09:13:33.111758+00:00,interpolated,134.0,37.0,-997.0
18.481881717,842346857484016835,842346857937326460,21,83,34783703000000,2026-09-10T09:13:33.111758+00:00,interpolated,138.0,38.0,-997.0
18.500769618,842346857502904736,842346857937326460,21,84,34783703000000,2026-09-10T09:13:33.111758+00:00,interpolated,138.0,35.0,-995.0
18.519657519,842346857521792637,842346857937326460,21,85,34783703000000,2026-09-10T09:13:33.111758+00:00,interpolated,138.0,39.0,-1000.0
18.53854542,842346857540680538,842346857937326460,21,86,34783703000000,2026-09-10T09:13:33.111758+00:00,interpolated,137.0,42.0,-999.0
18.557433321,842346857559568439,842346857937326460,21,87,34783703000000,2026-09-10T09:13:33.111758+00:00,interpolated,138.0,38.0,-997.0
18.576321222,842346857578456340,842346857937326460,21,88,34783703000000,2026-09-10T09:13:33.111758+00:00,interpolated,136.0,39.0,-999.0
18.595209123,842346857597344241,842346857937326460,21,89,34783703000000,2026-09-10T09:13:33.111758+00:00,interpolated,137.0,38.0,-995.0
18.614097024,842346857616232142,842346857937326460,21,90,34783703000000,2026-09-10T09:13:33.111758+00:00,interpolated,135.0,43.0,-997.0
18.632984925,842346857635120043,842346857937326460,21,91,34783703000000,2026-09-10T09:13:33.111758+00:00,interpolated,135.0,37.0,-980.0
18.651872826,842346857654007944,842346857937326460,21,92,34783703000000,2026-09-10T09:13:33.111758+00:00,interpolated,131.0,41.0,-988.0
18.670760727,842346857672895845,842346857937326460,21,93,34783703000000,2026-09-10T09:13:33.111758+00:00,interpolated,138.0,35.0,-1002.0
18.689648629,842346857691783747,842346857937326460,21,94,34783703000000,2026-09-10T09:13:33.111758+00:00,interpolated,137.0,37.0,-1008.0
18.70853653,842346857710671648,842346857937326460,21,95,34783703000000,2026-09-10T09:13:33.111758+00:00,interpolated,141.0,40.0,-1006.0
18.727424431,842346857729559549,842346857937326460,21,96,34783703000000,2026-09-10T09:13:33.111758+00:00,interpolated,136.0,36.0,-996.0
18.746312332,842346857748447450,842346857937326460,21,97,34783703000000,2026-09-10T09:13:33.111758+00:00,interpolated,139.0,38.0,-999.0
18.765200233,842346857767335351,842346857937326460,21,98,34783703000000,2026-09-10T09:13:33.111758+00:00,interpolated,135.0,38.0,-992.0
18.784088134,842346857786223252,842346857937326460,21,99,34783703000000,2026-09-10T09:13:33.111758+00:00,interpolated,132.0,38.0,-996.0
18.802976035,842346857805111153,842346857937326460,21,100,34783703000000,2026-09-10T09:13:33.111758+00:00,interpolated,136.0,34.0,-1002.0
18.821863936,842346857823999054,842346857937326460,21,101,34783703000000,2026-09-10T09:13:33.111758+00:00,interpolated,137.0,38.0,-1001.0
18.840751837,842346857842886955,842346857937326460,21,102,34783703000000,2026-09-10T09:13:33.111758+00:00,interpolated,136.0,36.0,-997.0
18.859639738,842346857861774856,842346857937326460,21,103,34783703000000,2026-09-10T09:13:33.111758+00:00,interpolated,136.0,44.0,-992.0
18.878527639,842346857880662757,842346857937326460,21,104,34783703000000,2026-09-10T09:13:33.111758+00:00,interpolated,141.0,41.0,-995.0
18.89741554,842346857899550658,842346857937326460,21,105,34783703000000,2026-09-10T09:13:33.111758+00:00,interpolated,132.0,38.0,-995.0
18.916303441,842346857918438559,842346857937326460,21,106,34783703000000,2026-09-10T09:13:33.111758+00:00,interpolated,134.0,38.0,-1000.0
18.935191342,842346857937326460,842346857937326460,21,107,34783703000000,2026-09-10T09:13:33.111758+00:00,interpolated,137.0,38.0,-1000.0
18.954079187,842346857956214305,842346860203867802,26,0,34785953000000,2026-09-10T09:13:35.362766+00:00,interpolated,136.0,39.0,-1000.0
18.972967031,842346857975102149,842346860203867802,26,1,34785953000000,2026-09-10T09:13:35.362766+00:00,interpolated,134.0,38.0,-998.0
18.991854876,842346857993989994,842346860203867802,26,2,34785953000000,2026-09-10T09:13:35.362766+00:00,interpolated,135.0,40.0,-996.0
19.01074272,842346858012877838,842346860203867802,26,3,34785953000000,2026-09-10T09:13:35.362766+00:00,interpolated,136.0,39.0,-995.0
19.029630565,842346858031765683,842346860203867802,26,4,34785953000000,2026-09-10T09:13:35.362766+00:00,interpolated,139.0,35.0,-996.0
19.048518409,842346858050653527,842346860203867802,26,5,34785953000000,2026-09-10T09:13:35.362766+00:00,interpolated,135.0,42.0,-998.0
19.067406254,842346858069541372,842346860203867802,26,6,34785953000000,2026-09-10T09:13:35.362766+00:00,interpolated,137.0,37.0,-996.0
19.086294098,842346858088429216,842346860203867802,26,7,34785953000000,2026-09-10T09:13:35.362766+00:00,interpolated,134.0,38.0,-998.0
19.105181943,842346858107317061,842346860203867802,26,8,34785953000000,2026-09-10T09:13:35.362766+00:00,interpolated,135.0,38.0,-1000.0
19.124069787,842346858126204905,842346860203867802,26,9,34785953000000,2026-09-10T09:13:35.362766+00:00,interpolated,135.0,42.0,-998.0
19.142957632,842346858145092750,842346860203867802,26,10,34785953000000,2026-09-10T09:13:35.362766+00:00,interpolated,139.0,34.0,-999.0
19.161845476,842346858163980594,842346860203867802,26,11,34785953000000,2026-09-10T09:13:35.362766+00:00,interpolated,139.0,40.0,-1000.0
19.180733321,842346858182868439,842346860203867802,26,12,34785953000000,2026-09-10T09:13:35.362766+00:00,interpolated,138.0,38.0,-998.0
19.199621165,842346858201756283,842346860203867802,26,13,34785953000000,2026-09-10T09:13:35.362766+00:00,interpolated,139.0,37.0,-997.0
19.21850901,842346858220644128,842346860203867802,26,14,34785953000000,2026-09-10T09:13:35.362766+00:00,interpolated,137.0,38.0,-997.0
19.237396854,842346858239531972,842346860203867802,26,15,34785953000000,2026-09-10T09:13:35.362766+00:00,interpolated,134.0,37.0,-997.0
19.256284699,842346858258419817,842346860203867802,26,16,34785953000000,2026-09-10T09:13:35.362766+00:00,interpolated,136.0,38.0,-1001.0
19.275172543,842346858277307661,842346860203867802,26,17,34785953000000,2026-09-10T09:13:35.362766+00:00,interpolated,137.0,38.0,-1001.0
19.294060388,842346858296195506,842346860203867802,26,18,34785953000000,2026-09-10T09:13:35.362766+00:00,interpolated,136.0,38.0,-996.0
19.312948232,842346858315083350,842346860203867802,26,19,34785953000000,2026-09-10T09:13:35.362766+00:00,interpolated,135.0,38.0,-997.0
19.331836077,842346858333971195,842346860203867802,26,20,34785953000000,2026-09-10T09:13:35.362766+00:00,interpolated,135.0,38.0,-997.0
19.350723921,842346858352859039,842346860203867802,26,21,34785953000000,2026-09-10T09:13:35.362766+00:00,interpolated,137.0,41.0,-995.0
19.369611766,842346858371746884,842346860203867802,26,22,34785953000000,2026-09-10T09:13:35.362766+00:00,interpolated,139.0,43.0,-995.0
19.38849961,842346858390634728,842346860203867802,26,23,34785953000000,2026-09-10T09:13:35.362766+00:00,interpolated,135.0,39.0,-1001.0
19.407387455,842346858409522573,842346860203867802,26,24,34785953000000,2026-09-10T09:13:35.362766+00:00,interpolated,135.0,39.0,-995.0
19.426275299,842346858428410417,842346860203867802,26,25,34785953000000,2026-09-10T09:13:35.362766+00:00,interpolated,134.0,37.0,-997.0
19.445163144,842346858447298262,842346860203867802,26,26,34785953000000,2026-09-10T09:13:35.362766+00:00,interpolated,135.0,42.0,-1000.0
19.464050988,842346858466186106,842346860203867802,26,27,34785953000000,2026-09-10T09:13:35.362766+00:00,interpolated,135.0,38.0,-995.0
19.482938833,842346858485073951,842346860203867802,26,28,34785953000000,2026-09-10T09:13:35.362766+00:00,interpolated,136.0,39.0,-997.0
19.501826678,842346858503961796,842346860203867802,26,29,34785953000000,2026-09-10T09:13:35.362766+00:00,interpolated,136.0,38.0,-998.0
19.520714522,842346858522849640,842346860203867802,26,30,34785953000000,2026-09-10T09:13:35.362766+00:00,interpolated,138.0,38.0,-997.0
19.539602367,842346858541737485,842346860203867802,26,31,34785953000000,2026-09-10T09:13:35.362766+00:00,interpolated,139.0,38.0,-1001.0
19.558490211,842346858560625329,842346860203867802,26,32,34785953000000,2026-09-10T09:13:35.362766+00:00,interpolated,134.0,37.0,-1002.0
19.577378056,842346858579513174,842346860203867802,26,33,34785953000000,2026-09-10T09:13:35.362766+00:00,interpolated,141.0,37.0,-999.0
19.5962659,842346858598401018,842346860203867802,26,34,34785953000000,2026-09-10T09:13:35.362766+00:00,interpolated,135.0,41.0,-999.0
19.615153745,842346858617288863,842346860203867802,26,35,34785953000000,2026-09-10T09:13:35.362766+00:00,interpolated,133.0,38.0,-1001.0
19.634041589,842346858636176707,842346860203867802,26,36,34785953000000,2026-09-10T09:13:35.362766+00:00,interpolated,136.0,40.0,-997.0
19.652929434,842346858655064552,842346860203867802,26,37,34785953000000,2026-09-10T09:13:35.362766+00:00,interpolated,137.0,41.0,-1000.0
19.671817278,842346858673952396,842346860203867802,26,38,34785953000000,2026-09-10T09:13:35.362766+00:00,interpolated,134.0,40.0,-997.0
19.690705123,842346858692840241,842346860203867802,26,39,34785953000000,2026-09-10T09:13:35.362766+00:00,interpolated,137.0,39.0,-1001.0
19.709592967,842346858711728085,842346860203867802,26,40,34785953000000,2026-09-10T09:13:35.362766+00:00,interpolated,137.0,36.0,-995.0
19.728480812,842346858730615930,842346860203867802,26,41,34785953000000,2026-09-10T09:13:35.362766+00:00,interpolated,134.0,34.0,-999.0
19.747368656,842346858749503774,842346860203867802,26,42,34785953000000,2026-09-10T09:13:35.362766+00:00,interpolated,138.0,39.0,-999.0
19.766256501,842346858768391619,842346860203867802,26,43,34785953000000,2026-09-10T09:13:35.362766+00:00,interpolated,137.0,40.0,-996.0
19.785144345,842346858787279463,842346860203867802,26,44,34785953000000,2026-09-10T09:13:35.362766+00:00,interpolated,137.0,36.0,-996.0
19.80403219,842346858806167308,842346860203867802,26,45,34785953000000,2026-09-10T09:13:35.362766+00:00,interpolated,136.0,38.0,-999.0
19.822920034,842346858825055152,842346860203867802,26,46,34785953000000,2026-09-10T09:13:35.362766+00:00,interpolated,134.0,37.0,-998.0
19.841807879,842346858843942997,842346860203867802,26,47,34785953000000,2026-09-10T09:13:35.362766+00:00,interpolated,133.0,39.0,-997.0
19.860695723,842346858862830841,842346860203867802,26,48,34785953000000,2026-09-10T09:13:35.362766+00:00,interpolated,137.0,38.0,-997.0
19.879583568,842346858881718686,842346860203867802,26,49,34785953000000,2026-09-10T09:13:35.362766+00:00,interpolated,136.0,39.0,-997.0
19.898471412,842346858900606530,842346860203867802,26,50,34785953000000,2026-09-10T09:13:35.362766+00:00,interpolated,133.0,39.0,-997.0
19.917359257,842346858919494375,842346860203867802,26,51,34785953000000,2026-09-10T09:13:35.362766+00:00,interpolated,137.0,40.0,-1000.0
19.936247101,842346858938382219,842346860203867802,26,52,34785953000000,2026-09-10T09:13:35.362766+00:00,interpolated,139.0,39.0,-997.0
19.955134946,842346858957270064,842346860203867802,26,53,34785953000000,2026-09-10T09:13:35.362766+00:00,interpolated,140.0,36.0,-999.0
19.97402279,842346858976157908,842346860203867802,26,54,34785953000000,2026-09-10T09:13:35.362766+00:00,interpolated,135.0,38.0,-997.0
19.992910635,842346858995045753,842346860203867802,26,55,34785953000000,2026-09-10T09:13:35.362766+00:00,interpolated,139.0,41.0,-997.0
20.011798479,842346859013933597,842346860203867802,26,56,34785953000000,2026-09-10T09:13:35.362766+00:00,interpolated,136.0,38.0,-994.0
20.030686324,842346859032821442,842346860203867802,26,57,34785953000000,2026-09-10T09:13:35.362766+00:00,interpolated,136.0,36.0,-996.0
20.049574168,842346859051709286,842346860203867802,26,58,34785953000000,2026-09-10T09:13:35.362766+00:00,interpolated,142.0,39.0,-995.0
20.068462013,842346859070597131,842346860203867802,26,59,34785953000000,2026-09-10T09:13:35.362766+00:00,interpolated,137.0,38.0,-995.0
20.087349858,842346859089484976,842346860203867802,26,60,34785953000000,2026-09-10T09:13:35.362766+00:00,interpolated,133.0,37.0,-998.0
20.106237702,842346859108372820,842346860203867802,26,61,34785953000000,2026-09-10T09:13:35.362766+00:00,interpolated,137.0,41.0,-1001.0
20.125125547,842346859127260665,842346860203867802,26,62,34785953000000,2026-09-10T09:13:35.362766+00:00,interpolated,138.0,37.0,-1001.0
20.144013391,842346859146148509,842346860203867802,26,63,34785953000000,2026-09-10T09:13:35.362766+00:00,interpolated,137.0,43.0,-995.0
20.162901236,842346859165036354,842346860203867802,26,64,34785953000000,2026-09-10T09:13:35.362766+00:00,interpolated,136.0,43.0,-997.0
20.18178908,842346859183924198,842346860203867802,26,65,34785953000000,2026-09-10T09:13:35.362766+00:00,interpolated,140.0,38.0,-998.0
20.200676925,842346859202812043,842346860203867802,26,66,34785953000000,2026-09-10T09:13:35.362766+00:00,interpolated,137.0,38.0,-1000.0
20.219564769,842346859221699887,842346860203867802,26,67,34785953000000,2026-09-10T09:13:35.362766+00:00,interpolated,134.0,40.0,-995.0
20.238452614,842346859240587732,842346860203867802,26,68,34785953000000,2026-09-10T09:13:35.362766+00:00,interpolated,136.0,40.0,-997.0
20.257340458,842346859259475576,842346860203867802,26,69,34785953000000,2026-09-10T09:13:35.362766+00:00,interpolated,138.0,40.0,-1000.0
20.276228303,842346859278363421,842346860203867802,26,70,34785953000000,2026-09-10T09:13:35.362766+00:00,interpolated,132.0,38.0,-998.0
20.295116147,842346859297251265,842346860203867802,26,71,34785953000000,2026-09-10T09:13:35.362766+00:00,interpolated,138.0,37.0,-993.0
20.314003992,842346859316139110,842346860203867802,26,72,34785953000000,2026-09-10T09:13:35.362766+00:00,interpolated,135.0,38.0,-996.0
20.332891836,842346859335026954,842346860203867802,26,73,34785953000000,2026-09-10T09:13:35.362766+00:00,interpolated,136.0,38.0,-998.0
20.351779681,842346859353914799,842346860203867802,26,74,34785953000000,2026-09-10T09:13:35.362766+00:00,interpolated,137.0,38.0,-1002.0
20.370667525,842346859372802643,842346860203867802,26,75,34785953000000,2026-09-10T09:13:35.362766+00:00,interpolated,134.0,38.0,-998.0
20.38955537,842346859391690488,842346860203867802,26,76,34785953000000,2026-09-10T09:13:35.362766+00:00,interpolated,134.0,36.0,-1000.0
20.408443214,842346859410578332,842346860203867802,26,77,34785953000000,2026-09-10T09:13:35.362766+00:00,interpolated,137.0,38.0,-998.0
20.427331059,842346859429466177,842346860203867802,26,78,34785953000000,2026-09-10T09:13:35.362766+00:00,interpolated,137.0,43.0,-1000.0
20.446218903,842346859448354021,842346860203867802,26,79,34785953000000,2026-09-10T09:13:35.362766+00:00,interpolated,135.0,39.0,-996.0
20.465106748,842346859467241866,842346860203867802,26,80,34785953000000,2026-09-10T09:13:35.362766+00:00,interpolated,137.0,36.0,-998.0
20.483994592,842346859486129710,842346860203867802,26,81,34785953000000,2026-09-10T09:13:35.362766+00:00,interpolated,134.0,39.0,-996.0
20.502882437,842346859505017555,842346860203867802,26,82,34785953000000,2026-09-10T09:13:35.362766+00:00,interpolated,137.0,41.0,-997.0
20.521770281,842346859523905399,842346860203867802,26,83,34785953000000,2026-09-10T09:13:35.362766+00:00,interpolated,134.0,39.0,-1000.0
20.540658126,842346859542793244,842346860203867802,26,84,34785953000000,2026-09-10T09:13:35.362766+00:00,interpolated,131.0,38.0,-1001.0
20.55954597,842346859561681088,842346860203867802,26,85,34785953000000,2026-09-10T09:13:35.362766+00:00,interpolated,134.0,41.0,-999.0
20.578433815,842346859580568933,842346860203867802,26,86,34785953000000,2026-09-10T09:13:35.362766+00:00,interpolated,136.0,36.0,-1000.0
20.597321659,842346859599456777,842346860203867802,26,87,34785953000000,2026-09-10T09:13:35.362766+00:00,interpolated,130.0,42.0,-997.0
20.616209504,842346859618344622,842346860203867802,26,88,34785953000000,2026-09-10T09:13:35.362766+00:00,interpolated,135.0,39.0,-995.0
20.635097349,842346859637232467,842346860203867802,26,89,34785953000000,2026-09-10T09:13:35.362766+00:00,interpolated,137.0,40.0,-1002.0
20.653985193,842346859656120311,842346860203867802,26,90,34785953000000,2026-09-10T09:13:35.362766+00:00,interpolated,134.0,39.0,-998.0
20.672873038,842346859675008156,842346860203867802,26,91,34785953000000,2026-09-10T09:13:35.362766+00:00,interpolated,134.0,39.0,-993.0
20.691760882,842346859693896000,842346860203867802,26,92,34785953000000,2026-09-10T09:13:35.362766+00:00,interpolated,137.0,40.0,-995.0
20.710648727,842346859712783845,842346860203867802,26,93,34785953000000,2026-09-10T09:13:35.362766+00:00,interpolated,136.0,37.0,-992.0
20.729536571,842346859731671689,842346860203867802,26,94,34785953000000,2026-09-10T09:13:35.362766+00:00,interpolated,135.0,38.0,-996.0
20.748424416,842346859750559534,842346860203867802,26,95,34785953000000,2026-09-10T09:13:35.362766+00:00,interpolated,135.0,37.0,-1002.0
20.76731226,842346859769447378,842346860203867802,26,96,34785953000000,2026-09-10T09:13:35.362766+00:00,interpolated,139.0,38.0,-993.0
20.786200105,842346859788335223,842346860203867802,26,97,34785953000000,2026-09-10T09:13:35.362766+00:00,interpolated,136.0,36.0,-999.0
20.805087949,842346859807223067,842346860203867802,26,98,34785953000000,2026-09-10T09:13:35.362766+00:00,interpolated,136.0,42.0,-1000.0
20.823975794,842346859826110912,842346860203867802,26,99,34785953000000,2026-09-10T09:13:35.362766+00:00,interpolated,135.0,38.0,-1000.0
20.842863638,842346859844998756,842346860203867802,26,100,34785953000000,2026-09-10T09:13:35.362766+00:00,interpolated,135.0,38.0,-998.0
20.861751483,842346859863886601,842346860203867802,26,101,34785953000000,2026-09-10T09:13:35.362766+00:00,interpolated,131.0,42.0,-1002.0
20.880639327,842346859882774445,842346860203867802,26,102,34785953000000,2026-09-10T09:13:35.362766+00:00,interpolated,131.0,33.0,-994.0
20.899527172,842346859901662290,842346860203867802,26,103,34785953000000,2026-09-10T09:13:35.362766+00:00,interpolated,135.0,36.0,-1000.0
20.918415016,842346859920550134,842346860203867802,26,104,34785953000000,2026-09-10T09:13:35.362766+00:00,interpolated,131.0,39.0,-998.0
20.937302861,842346859939437979,842346860203867802,26,105,34785953000000,2026-09-10T09:13:35.362766+00:00,interpolated,136.0,39.0,-998.0
20.956190705,842346859958325823,842346860203867802,26,106,34785953000000,2026-09-10T09:13:35.362766+00:00,interpolated,134.0,40.0,-994.0
20.97507855,842346859977213668,842346860203867802,26,107,34785953000000,2026-09-10T09:13:35.362766+00:00,interpolated,139.0,37.0,-997.0
20.993966394,842346859996101512,842346860203867802,26,108,34785953000000,2026-09-10T09:13:35.362766+00:00,interpolated,136.0,35.0,-1001.0
21.012854239,842346860014989357,842346860203867802,26,109,34785953000000,2026-09-10T09:13:35.362766+00:00,interpolated,137.0,39.0,-997.0
21.031742083,842346860033877201,842346860203867802,26,110,34785953000000,2026-09-10T09:13:35.362766+00:00,interpolated,132.0,38.0,-999.0
21.050629928,842346860052765046,842346860203867802,26,111,34785953000000,2026-09-10T09:13:35.362766+00:00,interpolated,135.0,39.0,-997.0
21.069517772,842346860071652890,842346860203867802,26,112,34785953000000,2026-09-10T09:13:35.362766+00:00,interpolated,135.0,38.0,-998.0
21.088405617,842346860090540735,842346860203867802,26,113,34785953000000,2026-09-10T09:13:35.362766+00:00,interpolated,134.0,41.0,-996.0
21.107293461,842346860109428579,842346860203867802,26,114,34785953000000,2026-09-10T09:13:35.362766+00:00,interpolated,138.0,38.0,-998.0
21.126181306,842346860128316424,842346860203867802,26,115,34785953000000,2026-09-10T09:13:35.362766+00:00,interpolated,137.0,39.0,-998.0
21.14506915,842346860147204268,842346860203867802,26,116,34785953000000,2026-09-10T09:13:35.362766+00:00,interpolated,136.0,40.0,-996.0
21.163956995,842346860166092113,842346860203867802,26,117,34785953000000,2026-09-10T09:13:35.362766+00:00,interpolated,134.0,35.0,-995.0
21.182844839,842346860184979957,842346860203867802,26,118,34785953000000,2026-09-10T09:13:35.362766+00:00,interpolated,139.0,38.0,-995.0
21.201732684,842346860203867802,842346860203867802,26,119,34785953000000,2026-09-10T09:13:35.362766+00:00,interpolated,133.0,40.0,-998.0
21.220620557,842346860222755675,842346862243758060,29,0,34787843000000,2026-09-10T09:13:37.252292+00:00,interpolated,135.0,37.0,-995.0
21.23950843,842346860241643548,842346862243758060,29,1,34787843000000,2026-09-10T09:13:37.252292+00:00,interpolated,135.0,42.0,-1000.0
21.258396302,842346860260531420,842346862243758060,29,2,34787843000000,2026-09-10T09:13:37.252292+00:00,interpolated,135.0,37.0,-998.0
21.277284175,842346860279419293,842346862243758060,29,3,34787843000000,2026-09-10T09:13:37.252292+00:00,interpolated,137.0,39.0,-998.0
21.296172048,842346860298307166,842346862243758060,29,4,34787843000000,2026-09-10T09:13:37.252292+00:00,interpolated,136.0,36.0,-998.0
21.315059921,842346860317195039,842346862243758060,29,5,34787843000000,2026-09-10T09:13:37.252292+00:00,interpolated,136.0,36.0,-1000.0
21.333947793,842346860336082911,842346862243758060,29,6,34787843000000,2026-09-10T09:13:37.252292+00:00,interpolated,136.0,38.0,-995.0
21.352835666,842346860354970784,842346862243758060,29,7,34787843000000,2026-09-10T09:13:37.252292+00:00,interpolated,135.0,40.0,-996.0
21.371723539,842346860373858657,842346862243758060,29,8,34787843000000,2026-09-10T09:13:37.252292+00:00,interpolated,136.0,40.0,-999.0
21.390611412,842346860392746530,842346862243758060,29,9,34787843000000,2026-09-10T09:13:37.252292+00:00,interpolated,133.0,37.0,-996.0
21.409499284,842346860411634402,842346862243758060,29,10,34787843000000,2026-09-10T09:13:37.252292+00:00,interpolated,139.0,38.0,-999.0
21.428387157,842346860430522275,842346862243758060,29,11,34787843000000,2026-09-10T09:13:37.252292+00:00,interpolated,141.0,40.0,-999.0
21.44727503,842346860449410148,842346862243758060,29,12,34787843000000,2026-09-10T09:13:37.252292+00:00,interpolated,133.0,37.0,-995.0
21.466162903,842346860468298021,842346862243758060,29,13,34787843000000,2026-09-10T09:13:37.252292+00:00,interpolated,140.0,38.0,-995.0
21.485050775,842346860487185893,842346862243758060,29,14,34787843000000,2026-09-10T09:13:37.252292+00:00,interpolated,135.0,40.0,-997.0
21.503938648,842346860506073766,842346862243758060,29,15,34787843000000,2026-09-10T09:13:37.252292+00:00,interpolated,138.0,36.0,-998.0
21.522826521,842346860524961639,842346862243758060,29,16,34787843000000,2026-09-10T09:13:37.252292+00:00,interpolated,137.0,38.0,-998.0
21.541714394,842346860543849512,842346862243758060,29,17,34787843000000,2026-09-10T09:13:37.252292+00:00,interpolated,136.0,40.0,-997.0
21.560602266,842346860562737384,842346862243758060,29,18,34787843000000,2026-09-10T09:13:37.252292+00:00,interpolated,134.0,37.0,-1000.0
21.579490139,842346860581625257,842346862243758060,29,19,34787843000000,2026-09-10T09:13:37.252292+00:00,interpolated,132.0,36.0,-995.0
21.598378012,842346860600513130,842346862243758060,29,20,34787843000000,2026-09-10T09:13:37.252292+00:00,interpolated,134.0,39.0,-995.0
21.617265885,842346860619401003,842346862243758060,29,21,34787843000000,2026-09-10T09:13:37.252292+00:00,interpolated,137.0,37.0,-999.0
21.636153757,842346860638288875,842346862243758060,29,22,34787843000000,2026-09-10T09:13:37.252292+00:00,interpolated,137.0,35.0,-1001.0
21.65504163,842346860657176748,842346862243758060,29,23,34787843000000,2026-09-10T09:13:37.252292+00:00,interpolated,135.0,39.0,-995.0
21.673929503,842346860676064621,842346862243758060,29,24,34787843000000,2026-09-10T09:13:37.252292+00:00,interpolated,139.0,36.0,-1004.0
21.692817376,842346860694952494,842346862243758060,29,25,34787843000000,2026-09-10T09:13:37.252292+00:00,interpolated,136.0,34.0,-998.0
21.711705249,842346860713840367,842346862243758060,29,26,34787843000000,2026-09-10T09:13:37.252292+00:00,interpolated,134.0,40.0,-998.0
21.730593121,842346860732728239,842346862243758060,29,27,34787843000000,2026-09-10T09:13:37.252292+00:00,interpolated,137.0,35.0,-997.0
21.749480994,842346860751616112,842346862243758060,29,28,34787843000000,2026-09-10T09:13:37.252292+00:00,interpolated,134.0,41.0,-998.0
21.768368867,842346860770503985,842346862243758060,29,29,34787843000000,2026-09-10T09:13:37.252292+00:00,interpolated,138.0,37.0,-996.0
21.78725674,842346860789391858,842346862243758060,29,30,34787843000000,2026-09-10T09:13:37.252292+00:00,interpolated,140.0,36.0,-1000.0
21.806144612,842346860808279730,842346862243758060,29,31,34787843000000,2026-09-10T09:13:37.252292+00:00,interpolated,137.0,40.0,-999.0
21.825032485,842346860827167603,842346862243758060,29,32,34787843000000,2026-09-10T09:13:37.252292+00:00,interpolated,134.0,38.0,-996.0
21.843920358,842346860846055476,842346862243758060,29,33,34787843000000,2026-09-10T09:13:37.252292+00:00,interpolated,136.0,34.0,-997.0
21.862808231,842346860864943349,842346862243758060,29,34,34787843000000,2026-09-10T09:13:37.252292+00:00,interpolated,137.0,40.0,-1001.0
21.881696103,842346860883831221,842346862243758060,29,35,34787843000000,2026-09-10T09:13:37.252292+00:00,interpolated,130.0,35.0,-998.0
21.900583976,842346860902719094,842346862243758060,29,36,34787843000000,2026-09-10T09:13:37.252292+00:00,interpolated,133.0,37.0,-999.0
21.919471849,842346860921606967,842346862243758060,29,37,34787843000000,2026-09-10T09:13:37.252292+00:00,interpolated,136.0,37.0,-997.0
21.938359722,842346860940494840,842346862243758060,29,38,34787843000000,2026-09-10T09:13:37.252292+00:00,interpolated,135.0,38.0,-996.0
21.957247594,842346860959382712,842346862243758060,29,39,34787843000000,2026-09-10T09:13:37.252292+00:00,interpolated,136.0,41.0,-996.0
21.976135467,842346860978270585,842346862243758060,29,40,34787843000000,2026-09-10T09:13:37.252292+00:00,interpolated,140.0,36.0,-1001.0
21.99502334,842346860997158458,842346862243758060,29,41,34787843000000,2026-09-10T09:13:37.252292+00:00,interpolated,136.0,39.0,-998.0
22.013911213,842346861016046331,842346862243758060,29,42,34787843000000,2026-09-10T09:13:37.252292+00:00,interpolated,135.0,41.0,-1001.0
22.032799085,842346861034934203,842346862243758060,29,43,34787843000000,2026-09-10T09:13:37.252292+00:00,interpolated,135.0,39.0,-995.0
22.051686958,842346861053822076,842346862243758060,29,44,34787843000000,2026-09-10T09:13:37.252292+00:00,interpolated,136.0,39.0,-997.0
22.070574831,842346861072709949,842346862243758060,29,45,34787843000000,2026-09-10T09:13:37.252292+00:00,interpolated,138.0,37.0,-1001.0
22.089462704,842346861091597822,842346862243758060,29,46,34787843000000,2026-09-10T09:13:37.252292+00:00,interpolated,138.0,38.0,-995.0
22.108350576,842346861110485694,842346862243758060,29,47,34787843000000,2026-09-10T09:13:37.252292+00:00,interpolated,135.0,37.0,-1000.0
22.127238449,842346861129373567,842346862243758060,29,48,34787843000000,2026-09-10T09:13:37.252292+00:00,interpolated,137.0,37.0,-994.0
22.146126322,842346861148261440,842346862243758060,29,49,34787843000000,2026-09-10T09:13:37.252292+00:00,interpolated,136.0,38.0,-1004.0
22.165014195,842346861167149313,842346862243758060,29,50,34787843000000,2026-09-10T09:13:37.252292+00:00,interpolated,134.0,39.0,-995.0
22.183902067,842346861186037185,842346862243758060,29,51,34787843000000,2026-09-10T09:13:37.252292+00:00,interpolated,137.0,40.0,-996.0
22.20278994,842346861204925058,842346862243758060,29,52,34787843000000,2026-09-10T09:13:37.252292+00:00,interpolated,136.0,39.0,-999.0
22.221677813,842346861223812931,842346862243758060,29,53,34787843000000,2026-09-10T09:13:37.252292+00:00,interpolated,135.0,39.0,-993.0
22.240565686,842346861242700804,842346862243758060,29,54,34787843000000,2026-09-10T09:13:37.252292+00:00,interpolated,137.0,38.0,-996.0
22.259453559,842346861261588677,842346862243758060,29,55,34787843000000,2026-09-10T09:13:37.252292+00:00,interpolated,137.0,42.0,-998.0
22.278341431,842346861280476549,842346862243758060,29,56,34787843000000,2026-09-10T09:13:37.252292+00:00,interpolated,135.0,43.0,-995.0
22.297229304,842346861299364422,842346862243758060,29,57,34787843000000,2026-09-10T09:13:37.252292+00:00,interpolated,137.0,40.0,-998.0
22.316117177,842346861318252295,842346862243758060,29,58,34787843000000,2026-09-10T09:13:37.252292+00:00,interpolated,132.0,36.0,-999.0
22.33500505,842346861337140168,842346862243758060,29,59,34787843000000,2026-09-10T09:13:37.252292+00:00,interpolated,137.0,39.0,-999.0
22.353892922,842346861356028040,842346862243758060,29,60,34787843000000,2026-09-10T09:13:37.252292+00:00,interpolated,135.0,35.0,-996.0
22.372780795,842346861374915913,842346862243758060,29,61,34787843000000,2026-09-10T09:13:37.252292+00:00,interpolated,135.0,38.0,-996.0
22.391668668,842346861393803786,842346862243758060,29,62,34787843000000,2026-09-10T09:13:37.252292+00:00,interpolated,136.0,39.0,-995.0
22.410556541,842346861412691659,842346862243758060,29,63,34787843000000,2026-09-10T09:13:37.252292+00:00,interpolated,140.0,41.0,-999.0
22.429444413,842346861431579531,842346862243758060,29,64,34787843000000,2026-09-10T09:13:37.252292+00:00,interpolated,135.0,37.0,-998.0
22.448332286,842346861450467404,842346862243758060,29,65,34787843000000,2026-09-10T09:13:37.252292+00:00,interpolated,137.0,36.0,-995.0
22.467220159,842346861469355277,842346862243758060,29,66,34787843000000,2026-09-10T09:13:37.252292+00:00,interpolated,135.0,38.0,-1001.0
22.486108032,842346861488243150,842346862243758060,29,67,34787843000000,2026-09-10T09:13:37.252292+00:00,interpolated,139.0,39.0,-998.0
22.504995904,842346861507131022,842346862243758060,29,68,34787843000000,2026-09-10T09:13:37.252292+00:00,interpolated,137.0,38.0,-994.0
22.523883777,842346861526018895,842346862243758060,29,69,34787843000000,2026-09-10T09:13:37.252292+00:00,interpolated,137.0,39.0,-997.0
22.54277165,842346861544906768,842346862243758060,29,70,34787843000000,2026-09-10T09:13:37.252292+00:00,interpolated,136.0,39.0,-999.0
22.561659523,842346861563794641,842346862243758060,29,71,34787843000000,2026-09-10T09:13:37.252292+00:00,interpolated,134.0,38.0,-999.0
22.580547395,842346861582682513,842346862243758060,29,72,34787843000000,2026-09-10T09:13:37.252292+00:00,interpolated,138.0,38.0,-998.0
22.599435268,842346861601570386,842346862243758060,29,73,34787843000000,2026-09-10T09:13:37.252292+00:00,interpolated,136.0,37.0,-998.0
22.618323141,842346861620458259,842346862243758060,29,74,34787843000000,2026-09-10T09:13:37.252292+00:00,interpolated,138.0,43.0,-995.0
22.637211014,842346861639346132,842346862243758060,29,75,34787843000000,2026-09-10T09:13:37.252292+00:00,interpolated,135.0,39.0,-996.0
22.656098886,842346861658234004,842346862243758060,29,76,34787843000000,2026-09-10T09:13:37.252292+00:00,interpolated,132.0,40.0,-1001.0
22.674986759,842346861677121877,842346862243758060,29,77,34787843000000,2026-09-10T09:13:37.252292+00:00,interpolated,135.0,42.0,-992.0
22.693874632,842346861696009750,842346862243758060,29,78,34787843000000,2026-09-10T09:13:37.252292+00:00,interpolated,133.0,36.0,-996.0
22.712762505,842346861714897623,842346862243758060,29,79,34787843000000,2026-09-10T09:13:37.252292+00:00,interpolated,135.0,36.0,-995.0
22.731650378,842346861733785496,842346862243758060,29,80,34787843000000,2026-09-10T09:13:37.252292+00:00,interpolated,136.0,38.0,-1000.0
22.75053825,842346861752673368,842346862243758060,29,81,34787843000000,2026-09-10T09:13:37.252292+00:00,interpolated,134.0,41.0,-999.0
22.769426123,842346861771561241,842346862243758060,29,82,34787843000000,2026-09-10T09:13:37.252292+00:00,interpolated,132.0,41.0,-996.0
22.788313996,842346861790449114,842346862243758060,29,83,34787843000000,2026-09-10T09:13:37.252292+00:00,interpolated,137.0,38.0,-995.0
22.807201869,842346861809336987,842346862243758060,29,84,34787843000000,2026-09-10T09:13:37.252292+00:00,interpolated,137.0,38.0,-995.0
22.826089741,842346861828224859,842346862243758060,29,85,34787843000000,2026-09-10T09:13:37.252292+00:00,interpolated,134.0,40.0,-1001.0
22.844977614,842346861847112732,842346862243758060,29,86,34787843000000,2026-09-10T09:13:37.252292+00:00,interpolated,136.0,38.0,-997.0
22.863865487,842346861866000605,842346862243758060,29,87,34787843000000,2026-09-10T09:13:37.252292+00:00,interpolated,138.0,33.0,-996.0
22.88275336,842346861884888478,842346862243758060,29,88,34787843000000,2026-09-10T09:13:37.252292+00:00,interpolated,136.0,35.0,-1000.0
22.901641232,842346861903776350,842346862243758060,29,89,34787843000000,2026-09-10T09:13:37.252292+00:00,interpolated,137.0,40.0,-999.0
22.920529105,842346861922664223,842346862243758060,29,90,34787843000000,2026-09-10T09:13:37.252292+00:00,interpolated,141.0,36.0,-997.0
22.939416978,842346861941552096,842346862243758060,29,91,34787843000000,2026-09-10T09:13:37.252292+00:00,interpolated,134.0,36.0,-994.0
22.958304851,842346861960439969,842346862243758060,29,92,34787843000000,2026-09-10T09:13:37.252292+00:00,interpolated,137.0,40.0,-999.0
22.977192723,842346861979327841,842346862243758060,29,93,34787843000000,2026-09-10T09:13:37.252292+00:00,interpolated,131.0,43.0,-994.0
22.996080596,842346861998215714,842346862243758060,29,94,34787843000000,2026-09-10T09:13:37.252292+00:00,interpolated,134.0,39.0,-996.0
23.014968469,842346862017103587,842346862243758060,29,95,34787843000000,2026-09-10T09:13:37.252292+00:00,interpolated,135.0,38.0,-999.0
23.033856342,842346862035991460,842346862243758060,29,96,34787843000000,2026-09-10T09:13:37.252292+00:00,interpolated,134.0,39.0,-998.0
23.052744214,842346862054879332,842346862243758060,29,97,34787843000000,2026-09-10T09:13:37.252292+00:00,interpolated,135.0,41.0,-999.0
23.071632087,842346862073767205,842346862243758060,29,98,34787843000000,2026-09-10T09:13:37.252292+00:00,interpolated,136.0,43.0,-1001.0
23.09051996,842346862092655078,842346862243758060,29,99,34787843000000,2026-09-10T09:13:37.252292+00:00,interpolated,136.0,36.0,-998.0
23.109407833,842346862111542951,842346862243758060,29,100,34787843000000,2026-09-10T09:13:37.252292+00:00,interpolated,137.0,42.0,-994.0
23.128295705,842346862130430823,842346862243758060,29,101,34787843000000,2026-09-10T09:13:37.252292+00:00,interpolated,134.0,38.0,-995.0
23.147183578,842346862149318696,842346862243758060,29,102,34787843000000,2026-09-10T09:13:37.252292+00:00,interpolated,137.0,40.0,-997.0
23.166071451,842346862168206569,842346862243758060,29,103,34787843000000,2026-09-10T09:13:37.252292+00:00,interpolated,138.0,38.0,-993.0
23.184959324,842346862187094442,842346862243758060,29,104,34787843000000,2026-09-10T09:13:37.252292+00:00,interpolated,136.0,39.0,-995.0
23.203847196,842346862205982314,842346862243758060,29,105,34787843000000,2026-09-10T09:13:37.252292+00:00,interpolated,137.0,38.0,-1000.0
23.222735069,842346862224870187,842346862243758060,29,106,34787843000000,2026-09-10T09:13:37.252292+00:00,interpolated,136.0,38.0,-999.0
23.241622942,842346862243758060,842346862243758060,29,107,34787843000000,2026-09-10T09:13:37.252292+00:00,interpolated,136.0,37.0,-997.0
23.260510917,842346862262646035,842346864415875186,33,0,34790171000000,2026-09-10T09:13:39.591326+00:00,interpolated,136.0,37.0,-1002.0
23.279398892,842346862281534010,842346864415875186,33,1,34790171000000,2026-09-10T09:13:39.591326+00:00,interpolated,137.0,41.0,-995.0
23.298286867,842346862300421985,842346864415875186,33,2,34790171000000,2026-09-10T09:13:39.591326+00:00,interpolated,136.0,42.0,-999.0
23.317174842,842346862319309960,842346864415875186,33,3,34790171000000,2026-09-10T09:13:39.591326+00:00,interpolated,135.0,39.0,-994.0
23.336062817,842346862338197935,842346864415875186,33,4,34790171000000,2026-09-10T09:13:39.591326+00:00,interpolated,137.0,38.0,-998.0
23.354950792,842346862357085910,842346864415875186,33,5,34790171000000,2026-09-10T09:13:39.591326+00:00,interpolated,139.0,35.0,-1000.0
23.373838767,842346862375973885,842346864415875186,33,6,34790171000000,2026-09-10T09:13:39.591326+00:00,interpolated,137.0,35.0,-998.0
23.392726742,842346862394861860,842346864415875186,33,7,34790171000000,2026-09-10T09:13:39.591326+00:00,interpolated,136.0,38.0,-998.0
23.411614717,842346862413749835,842346864415875186,33,8,34790171000000,2026-09-10T09:13:39.591326+00:00,interpolated,136.0,39.0,-1000.0
23.430502692,842346862432637810,842346864415875186,33,9,34790171000000,2026-09-10T09:13:39.591326+00:00,interpolated,133.0,38.0,-995.0
23.449390667,842346862451525785,842346864415875186,33,10,34790171000000,2026-09-10T09:13:39.591326+00:00,interpolated,134.0,38.0,-999.0
23.468278642,842346862470413760,842346864415875186,33,11,34790171000000,2026-09-10T09:13:39.591326+00:00,interpolated,140.0,41.0,-1000.0
23.487166617,842346862489301735,842346864415875186,33,12,34790171000000,2026-09-10T09:13:39.591326+00:00,interpolated,137.0,38.0,-995.0
23.506054592,842346862508189710,842346864415875186,33,13,34790171000000,2026-09-10T09:13:39.591326+00:00,interpolated,138.0,42.0,-996.0
23.524942567,842346862527077685,842346864415875186,33,14,34790171000000,2026-09-10T09:13:39.591326+00:00,interpolated,136.0,39.0,-997.0
23.543830542,842346862545965660,842346864415875186,33,15,34790171000000,2026-09-10T09:13:39.591326+00:00,interpolated,138.0,35.0,-1000.0
23.562718517,842346862564853635,842346864415875186,33,16,34790171000000,2026-09-10T09:13:39.591326+00:00,interpolated,134.0,40.0,-996.0
23.581606492,842346862583741610,842346864415875186,33,17,34790171000000,2026-09-10T09:13:39.591326+00:00,interpolated,133.0,39.0,-994.0
23.600494467,842346862602629585,842346864415875186,33,18,34790171000000,2026-09-10T09:13:39.591326+00:00,interpolated,137.0,35.0,-993.0
23.619382442,842346862621517560,842346864415875186,33,19,34790171000000,2026-09-10T09:13:39.591326+00:00,interpolated,134.0,40.0,-1003.0
23.638270417,842346862640405535,842346864415875186,33,20,34790171000000,2026-09-10T09:13:39.591326+00:00,interpolated,137.0,42.0,-998.0
23.657158392,842346862659293510,842346864415875186,33,21,34790171000000,2026-09-10T09:13:39.591326+00:00,interpolated,132.0,37.0,-996.0
23.676046367,842346862678181485,842346864415875186,33,22,34790171000000,2026-09-10T09:13:39.591326+00:00,interpolated,141.0,37.0,-994.0
23.694934342,842346862697069460,842346864415875186,33,23,34790171000000,2026-09-10T09:13:39.591326+00:00,interpolated,136.0,41.0,-1000.0
23.713822317,842346862715957435,842346864415875186,33,24,34790171000000,2026-09-10T09:13:39.591326+00:00,interpolated,135.0,39.0,-997.0
23.732710292,842346862734845410,842346864415875186,33,25,34790171000000,2026-09-10T09:13:39.591326+00:00,interpolated,135.0,37.0,-996.0
23.751598267,842346862753733385,842346864415875186,33,26,34790171000000,2026-09-10T09:13:39.591326+00:00,interpolated,138.0,39.0,-996.0
23.770486242,842346862772621360,842346864415875186,33,27,34790171000000,2026-09-10T09:13:39.591326+00:00,interpolated,136.0,39.0,-1002.0
23.789374217,842346862791509335,842346864415875186,33,28,34790171000000,2026-09-10T09:13:39.591326+00:00,interpolated,136.0,35.0,-994.0
23.808262192,842346862810397310,842346864415875186,33,29,34790171000000,2026-09-10T09:13:39.591326+00:00,interpolated,141.0,40.0,-995.0
23.827150167,842346862829285285,842346864415875186,33,30,34790171000000,2026-09-10T09:13:39.591326+00:00,interpolated,137.0,39.0,-994.0
23.846038142,842346862848173260,842346864415875186,33,31,34790171000000,2026-09-10T09:13:39.591326+00:00,interpolated,134.0,41.0,-997.0
23.864926117,842346862867061235,842346864415875186,33,32,34790171000000,2026-09-10T09:13:39.591326+00:00,interpolated,134.0,39.0,-999.0
23.883814092,842346862885949210,842346864415875186,33,33,34790171000000,2026-09-10T09:13:39.591326+00:00,interpolated,134.0,44.0,-996.0
23.902702067,842346862904837185,842346864415875186,33,34,34790171000000,2026-09-10T09:13:39.591326+00:00,interpolated,136.0,34.0,-1002.0
23.921590042,842346862923725160,842346864415875186,33,35,34790171000000,2026-09-10T09:13:39.591326+00:00,interpolated,136.0,38.0,-1000.0
23.940478017,842346862942613135,842346864415875186,33,36,34790171000000,2026-09-10T09:13:39.591326+00:00,interpolated,134.0,41.0,-998.0
23.959365992,842346862961501110,842346864415875186,33,37,34790171000000,2026-09-10T09:13:39.591326+00:00,interpolated,138.0,37.0,-996.0
23.978253967,842346862980389085,842346864415875186,33,38,34790171000000,2026-09-10T09:13:39.591326+00:00,interpolated,140.0,37.0,-1000.0
23.997141942,842346862999277060,842346864415875186,33,39,34790171000000,2026-09-10T09:13:39.591326+00:00,interpolated,136.0,38.0,-997.0
24.016029917,842346863018165035,842346864415875186,33,40,34790171000000,2026-09-10T09:13:39.591326+00:00,interpolated,135.0,37.0,-997.0
24.034917892,842346863037053010,842346864415875186,33,41,34790171000000,2026-09-10T09:13:39.591326+00:00,interpolated,139.0,43.0,-995.0
24.053805867,842346863055940985,842346864415875186,33,42,34790171000000,2026-09-10T09:13:39.591326+00:00,interpolated,136.0,39.0,-997.0
24.072693842,842346863074828960,842346864415875186,33,43,34790171000000,2026-09-10T09:13:39.591326+00:00,interpolated,135.0,36.0,-997.0
24.091581817,842346863093716935,842346864415875186,33,44,34790171000000,2026-09-10T09:13:39.591326+00:00,interpolated,139.0,39.0,-1000.0
24.110469792,842346863112604910,842346864415875186,33,45,34790171000000,2026-09-10T09:13:39.591326+00:00,interpolated,138.0,40.0,-1000.0
24.129357767,842346863131492885,842346864415875186,33,46,34790171000000,2026-09-10T09:13:39.591326+00:00,interpolated,134.0,36.0,-994.0
24.148245742,842346863150380860,842346864415875186,33,47,34790171000000,2026-09-10T09:13:39.591326+00:00,interpolated,138.0,43.0,-1000.0
24.167133717,842346863169268835,842346864415875186,33,48,34790171000000,2026-09-10T09:13:39.591326+00:00,interpolated,135.0,42.0,-1000.0
24.186021692,842346863188156810,842346864415875186,33,49,34790171000000,2026-09-10T09:13:39.591326+00:00,interpolated,134.0,40.0,-993.0
24.204909667,842346863207044785,842346864415875186,33,50,34790171000000,2026-09-10T09:13:39.591326+00:00,interpolated,135.0,36.0,-996.0
24.223797642,842346863225932760,842346864415875186,33,51,34790171000000,2026-09-10T09:13:39.591326+00:00,interpolated,140.0,37.0,-996.0
24.242685617,842346863244820735,842346864415875186,33,52,34790171000000,2026-09-10T09:13:39.591326+00:00,interpolated,134.0,40.0,-998.0
24.261573592,842346863263708710,842346864415875186,33,53,34790171000000,2026-09-10T09:13:39.591326+00:00,interpolated,135.0,38.0,-998.0
24.280461567,842346863282596685,842346864415875186,33,54,34790171000000,2026-09-10T09:13:39.591326+00:00,interpolated,136.0,35.0,-996.0
24.299349542,842346863301484660,842346864415875186,33,55,34790171000000,2026-09-10T09:13:39.591326+00:00,interpolated,136.0,37.0,-997.0
24.318237517,842346863320372635,842346864415875186,33,56,34790171000000,2026-09-10T09:13:39.591326+00:00,interpolated,136.0,36.0,-997.0
24.337125493,842346863339260611,842346864415875186,33,57,34790171000000,2026-09-10T09:13:39.591326+00:00,interpolated,137.0,39.0,-996.0
24.356013468,842346863358148586,842346864415875186,33,58,34790171000000,2026-09-10T09:13:39.591326+00:00,interpolated,136.0,41.0,-996.0
24.374901443,842346863377036561,842346864415875186,33,59,34790171000000,2026-09-10T09:13:39.591326+00:00,interpolated,136.0,38.0,-1001.0
24.393789418,842346863395924536,842346864415875186,33,60,34790171000000,2026-09-10T09:13:39.591326+00:00,interpolated,136.0,37.0,-1002.0
24.412677393,842346863414812511,842346864415875186,33,61,34790171000000,2026-09-10T09:13:39.591326+00:00,interpolated,136.0,39.0,-999.0
24.431565368,842346863433700486,842346864415875186,33,62,34790171000000,2026-09-10T09:13:39.591326+00:00,interpolated,139.0,42.0,-995.0
24.450453343,842346863452588461,842346864415875186,33,63,34790171000000,2026-09-10T09:13:39.591326+00:00,interpolated,136.0,39.0,-995.0
24.469341318,842346863471476436,842346864415875186,33,64,34790171000000,2026-09-10T09:13:39.591326+00:00,interpolated,138.0,39.0,-995.0
24.488229293,842346863490364411,842346864415875186,33,65,34790171000000,2026-09-10T09:13:39.591326+00:00,interpolated,133.0,37.0,-1001.0
24.507117268,842346863509252386,842346864415875186,33,66,34790171000000,2026-09-10T09:13:39.591326+00:00,interpolated,139.0,37.0,-1001.0
24.526005243,842346863528140361,842346864415875186,33,67,34790171000000,2026-09-10T09:13:39.591326+00:00,interpolated,140.0,40.0,-997.0
24.544893218,842346863547028336,842346864415875186,33,68,34790171000000,2026-09-10T09:13:39.591326+00:00,interpolated,139.0,39.0,-998.0
24.563781193,842346863565916311,842346864415875186,33,69,34790171000000,2026-09-10T09:13:39.591326+00:00,interpolated,139.0,39.0,-997.0
24.582669168,842346863584804286,842346864415875186,33,70,34790171000000,2026-09-10T09:13:39.591326+00:00,interpolated,137.0,41.0,-998.0
24.601557143,842346863603692261,842346864415875186,33,71,34790171000000,2026-09-10T09:13:39.591326+00:00,interpolated,135.0,38.0,-994.0
24.620445118,842346863622580236,842346864415875186,33,72,34790171000000,2026-09-10T09:13:39.591326+00:00,interpolated,138.0,35.0,-1000.0
24.639333093,842346863641468211,842346864415875186,33,73,34790171000000,2026-09-10T09:13:39.591326+00:00,interpolated,134.0,36.0,-995.0
24.658221068,842346863660356186,842346864415875186,33,74,34790171000000,2026-09-10T09:13:39.591326+00:00,interpolated,135.0,39.0,-1001.0
24.677109043,842346863679244161,842346864415875186,33,75,34790171000000,2026-09-10T09:13:39.591326+00:00,interpolated,137.0,41.0,-999.0
24.695997018,842346863698132136,842346864415875186,33,76,34790171000000,2026-09-10T09:13:39.591326+00:00,interpolated,132.0,33.0,-999.0
24.714884993,842346863717020111,842346864415875186,33,77,34790171000000,2026-09-10T09:13:39.591326+00:00,interpolated,139.0,37.0,-996.0
24.733772968,842346863735908086,842346864415875186,33,78,34790171000000,2026-09-10T09:13:39.591326+00:00,interpolated,136.0,41.0,-999.0
24.752660943,842346863754796061,842346864415875186,33,79,34790171000000,2026-09-10T09:13:39.591326+00:00,interpolated,137.0,37.0,-994.0
24.771548918,842346863773684036,842346864415875186,33,80,34790171000000,2026-09-10T09:13:39.591326+00:00,interpolated,140.0,38.0,-996.0
24.790436893,842346863792572011,842346864415875186,33,81,34790171000000,2026-09-10T09:13:39.591326+00:00,interpolated,140.0,41.0,-998.0
24.809324868,842346863811459986,842346864415875186,33,82,34790171000000,2026-09-10T09:13:39.591326+00:00,interpolated,134.0,40.0,-1001.0
24.828212843,842346863830347961,842346864415875186,33,83,34790171000000,2026-09-10T09:13:39.591326+00:00,interpolated,138.0,40.0,-1001.0
24.847100818,842346863849235936,842346864415875186,33,84,34790171000000,2026-09-10T09:13:39.591326+00:00,interpolated,138.0,38.0,-998.0
24.865988793,842346863868123911,842346864415875186,33,85,34790171000000,2026-09-10T09:13:39.591326+00:00,interpolated,142.0,37.0,-997.0
24.884876768,842346863887011886,842346864415875186,33,86,34790171000000,2026-09-10T09:13:39.591326+00:00,interpolated,140.0,39.0,-1000.0
24.903764743,842346863905899861,842346864415875186,33,87,34790171000000,2026-09-10T09:13:39.591326+00:00,interpolated,134.0,38.0,-1000.0
24.922652718,842346863924787836,842346864415875186,33,88,34790171000000,2026-09-10T09:13:39.591326+00:00,interpolated,137.0,39.0,-999.0
24.941540693,842346863943675811,842346864415875186,33,89,34790171000000,2026-09-10T09:13:39.591326+00:00,interpolated,136.0,38.0,-999.0
24.960428668,842346863962563786,842346864415875186,33,90,34790171000000,2026-09-10T09:13:39.591326+00:00,interpolated,133.0,40.0,-995.0
24.979316643,842346863981451761,842346864415875186,33,91,34790171000000,2026-09-10T09:13:39.591326+00:00,interpolated,139.0,35.0,-997.0
24.998204618,842346864000339736,842346864415875186,33,92,34790171000000,2026-09-10T09:13:39.591326+00:00,interpolated,136.0,36.0,-996.0
25.017092593,842346864019227711,842346864415875186,33,93,34790171000000,2026-09-10T09:13:39.591326+00:00,interpolated,137.0,41.0,-995.0
25.035980568,842346864038115686,842346864415875186,33,94,34790171000000,2026-09-10T09:13:39.591326+00:00,interpolated,134.0,42.0,-998.0
25.054868543,842346864057003661,842346864415875186,33,95,34790171000000,2026-09-10T09:13:39.591326+00:00,interpolated,137.0,42.0,-997.0
25.073756518,842346864075891636,842346864415875186,33,96,34790171000000,2026-09-10T09:13:39.591326+00:00,interpolated,132.0,38.0,-999.0
25.092644493,842346864094779611,842346864415875186,33,97,34790171000000,2026-09-10T09:13:39.591326+00:00,interpolated,139.0,40.0,-999.0
25.111532468,842346864113667586,842346864415875186,33,98,34790171000000,2026-09-10T09:13:39.591326+00:00,interpolated,136.0,38.0,-998.0
25.130420443,842346864132555561,842346864415875186,33,99,34790171000000,2026-09-10T09:13:39.591326+00:00,interpolated,140.0,40.0,-997.0
25.149308418,842346864151443536,842346864415875186,33,100,34790171000000,2026-09-10T09:13:39.591326+00:00,interpolated,139.0,40.0,-1002.0
25.168196393,842346864170331511,842346864415875186,33,101,34790171000000,2026-09-10T09:13:39.591326+00:00,interpolated,133.0,40.0,-995.0
25.187084368,842346864189219486,842346864415875186,33,102,34790171000000,2026-09-10T09:13:39.591326+00:00,interpolated,139.0,36.0,-1000.0
25.205972343,842346864208107461,842346864415875186,33,103,34790171000000,2026-09-10T09:13:39.591326+00:00,interpolated,136.0,40.0,-996.0
25.224860318,842346864226995436,842346864415875186,33,104,34790171000000,2026-09-10T09:13:39.591326+00:00,interpolated,135.0,41.0,-1000.0
25.243748293,842346864245883411,842346864415875186,33,105,34790171000000,2026-09-10T09:13:39.591326+00:00,interpolated,132.0,36.0,-993.0
25.262636268,842346864264771386,842346864415875186,33,106,34790171000000,2026-09-10T09:13:39.591326+00:00,interpolated,138.0,38.0,-997.0
25.281524243,842346864283659361,842346864415875186,33,107,34790171000000,2026-09-10T09:13:39.591326+00:00,interpolated,140.0,36.0,-998.0
25.300412218,842346864302547336,842346864415875186,33,108,34790171000000,2026-09-10T09:13:39.591326+00:00,interpolated,134.0,38.0,-995.0
25.319300193,842346864321435311,842346864415875186,33,109,34790171000000,2026-09-10T09:13:39.591326+00:00,interpolated,140.0,43.0,-997.0
25.338188168,842346864340323286,842346864415875186,33,110,34790171000000,2026-09-10T09:13:39.591326+00:00,interpolated,137.0,43.0,-1000.0
25.357076143,842346864359211261,842346864415875186,33,111,34790171000000,2026-09-10T09:13:39.591326+00:00,interpolated,138.0,38.0,-998.0
25.375964118,842346864378099236,842346864415875186,33,112,34790171000000,2026-09-10T09:13:39.591326+00:00,interpolated,136.0,36.0,-994.0
25.394852093,842346864396987211,842346864415875186,33,113,34790171000000,2026-09-10T09:13:39.591326+00:00,interpolated,137.0,32.0,-997.0
25.413740068,842346864415875186,842346864415875186,33,114,34790171000000,2026-09-10T09:13:39.591326+00:00,interpolated,134.0,36.0,-1000.0
25.432628141,842346864434763259,842346866266906328,37,0,34792000000000,2026-09-10T09:13:41.421610+00:00,interpolated,139.0,32.0,-997.0
25.451516214,842346864453651332,842346866266906328,37,1,34792000000000,2026-09-10T09:13:41.421610+00:00,interpolated,137.0,38.0,-998.0
25.470404287,842346864472539405,842346866266906328,37,2,34792000000000,2026-09-10T09:13:41.421610+00:00,interpolated,137.0,39.0,-998.0
25.48929236,842346864491427478,842346866266906328,37,3,34792000000000,2026-09-10T09:13:41.421610+00:00,interpolated,137.0,42.0,-997.0
25.508180432,842346864510315550,842346866266906328,37,4,34792000000000,2026-09-10T09:13:41.421610+00:00,interpolated,138.0,36.0,-995.0
25.527068505,842346864529203623,842346866266906328,37,5,34792000000000,2026-09-10T09:13:41.421610+00:00,interpolated,134.0,37.0,-1000.0
25.545956578,842346864548091696,842346866266906328,37,6,34792000000000,2026-09-10T09:13:41.421610+00:00,interpolated,138.0,35.0,-999.0
25.564844651,842346864566979769,842346866266906328,37,7,34792000000000,2026-09-10T09:13:41.421610+00:00,interpolated,136.0,39.0,-996.0
25.583732724,842346864585867842,842346866266906328,37,8,34792000000000,2026-09-10T09:13:41.421610+00:00,interpolated,137.0,40.0,-997.0
25.602620797,842346864604755915,842346866266906328,37,9,34792000000000,2026-09-10T09:13:41.421610+00:00,interpolated,139.0,39.0,-997.0
25.62150887,842346864623643988,842346866266906328,37,10,34792000000000,2026-09-10T09:13:41.421610+00:00,interpolated,134.0,39.0,-997.0
25.640396943,842346864642532061,842346866266906328,37,11,34792000000000,2026-09-10T09:13:41.421610+00:00,interpolated,136.0,39.0,-998.0
25.659285015,842346864661420133,842346866266906328,37,12,34792000000000,2026-09-10T09:13:41.421610+00:00,interpolated,136.0,35.0,-997.0
25.678173088,842346864680308206,842346866266906328,37,13,34792000000000,2026-09-10T09:13:41.421610+00:00,interpolated,136.0,38.0,-998.0
25.697061161,842346864699196279,842346866266906328,37,14,34792000000000,2026-09-10T09:13:41.421610+00:00,interpolated,138.0,43.0,-996.0
25.715949234,842346864718084352,842346866266906328,37,15,34792000000000,2026-09-10T09:13:41.421610+00:00,interpolated,135.0,40.0,-999.0
25.734837307,842346864736972425,842346866266906328,37,16,34792000000000,2026-09-10T09:13:41.421610+00:00,interpolated,138.0,35.0,-1002.0
25.75372538,842346864755860498,842346866266906328,37,17,34792000000000,2026-09-10T09:13:41.421610+00:00,interpolated,137.0,43.0,-997.0
25.772613453,842346864774748571,842346866266906328,37,18,34792000000000,2026-09-10T09:13:41.421610+00:00,interpolated,137.0,41.0,-994.0
25.791501526,842346864793636644,842346866266906328,37,19,34792000000000,2026-09-10T09:13:41.421610+00:00,interpolated,136.0,38.0,-1000.0
25.810389598,842346864812524716,842346866266906328,37,20,34792000000000,2026-09-10T09:13:41.421610+00:00,interpolated,139.0,39.0,-998.0
25.829277671,842346864831412789,842346866266906328,37,21,34792000000000,2026-09-10T09:13:41.421610+00:00,interpolated,137.0,39.0,-998.0
25.848165744,842346864850300862,842346866266906328,37,22,34792000000000,2026-09-10T09:13:41.421610+00:00,interpolated,135.0,36.0,-997.0
25.867053817,842346864869188935,842346866266906328,37,23,34792000000000,2026-09-10T09:13:41.421610+00:00,interpolated,140.0,37.0,-999.0
25.88594189,842346864888077008,842346866266906328,37,24,34792000000000,2026-09-10T09:13:41.421610+00:00,interpolated,134.0,38.0,-1002.0
25.904829963,842346864906965081,842346866266906328,37,25,34792000000000,2026-09-10T09:13:41.421610+00:00,interpolated,148.0,42.0,-1011.0
25.923718036,842346864925853154,842346866266906328,37,26,34792000000000,2026-09-10T09:13:41.421610+00:00,interpolated,139.0,39.0,-1007.0
25.942606109,842346864944741227,842346866266906328,37,27,34792000000000,2026-09-10T09:13:41.421610+00:00,interpolated,136.0,40.0,-993.0
25.961494181,842346864963629299,842346866266906328,37,28,34792000000000,2026-09-10T09:13:41.421610+00:00,interpolated,134.0,39.0,-986.0
25.980382254,842346864982517372,842346866266906328,37,29,34792000000000,2026-09-10T09:13:41.421610+00:00,interpolated,143.0,34.0,-991.0
25.999270327,842346865001405445,842346866266906328,37,30,34792000000000,2026-09-10T09:13:41.421610+00:00,interpolated,132.0,37.0,-996.0
26.0181584,842346865020293518,842346866266906328,37,31,34792000000000,2026-09-10T09:13:41.421610+00:00,interpolated,136.0,37.0,-995.0
26.037046473,842346865039181591,842346866266906328,37,32,34792000000000,2026-09-10T09:13:41.421610+00:00,interpolated,139.0,38.0,-998.0
26.055934546,842346865058069664,842346866266906328,37,33,34792000000000,2026-09-10T09:13:41.421610+00:00,interpolated,143.0,35.0,-998.0
26.074822619,842346865076957737,842346866266906328,37,34,34792000000000,2026-09-10T09:13:41.421610+00:00,interpolated,135.0,39.0,-1001.0
26.093710692,842346865095845810,842346866266906328,37,35,34792000000000,2026-09-10T09:13:41.421610+00:00,interpolated,135.0,46.0,-999.0
26.112598764,842346865114733882,842346866266906328,37,36,34792000000000,2026-09-10T09:13:41.421610+00:00,interpolated,139.0,40.0,-993.0
26.131486837,842346865133621955,842346866266906328,37,37,34792000000000,2026-09-10T09:13:41.421610+00:00,interpolated,134.0,36.0,-999.0
26.15037491,842346865152510028,842346866266906328,37,38,34792000000000,2026-09-10T09:13:41.421610+00:00,interpolated,135.0,40.0,-999.0
26.169262983,842346865171398101,842346866266906328,37,39,34792000000000,2026-09-10T09:13:41.421610+00:00,interpolated,137.0,36.0,-998.0
26.188151056,842346865190286174,842346866266906328,37,40,34792000000000,2026-09-10T09:13:41.421610+00:00,interpolated,134.0,35.0,-1000.0
26.207039129,842346865209174247,842346866266906328,37,41,34792000000000,2026-09-10T09:13:41.421610+00:00,interpolated,135.0,41.0,-996.0
26.225927202,842346865228062320,842346866266906328,37,42,34792000000000,2026-09-10T09:13:41.421610+00:00,interpolated,139.0,42.0,-998.0
26.244815275,842346865246950393,842346866266906328,37,43,34792000000000,2026-09-10T09:13:41.421610+00:00,interpolated,140.0,38.0,-994.0
26.263703347,842346865265838465,842346866266906328,37,44,34792000000000,2026-09-10T09:13:41.421610+00:00,interpolated,138.0,40.0,-996.0
26.28259142,842346865284726538,842346866266906328,37,45,34792000000000,2026-09-10T09:13:41.421610+00:00,interpolated,136.0,43.0,-997.0
26.301479493,842346865303614611,842346866266906328,37,46,34792000000000,2026-09-10T09:13:41.421610+00:00,interpolated,138.0,41.0,-999.0
26.320367566,842346865322502684,842346866266906328,37,47,34792000000000,2026-09-10T09:13:41.421610+00:00,interpolated,137.0,39.0,-999.0
26.339255639,842346865341390757,842346866266906328,37,48,34792000000000,2026-09-10T09:13:41.421610+00:00,interpolated,131.0,36.0,-1003.0
26.358143712,842346865360278830,842346866266906328,37,49,34792000000000,2026-09-10T09:13:41.421610+00:00,interpolated,135.0,37.0,-1001.0
26.377031785,842346865379166903,842346866266906328,37,50,34792000000000,2026-09-10T09:13:41.421610+00:00,interpolated,139.0,41.0,-1000.0
26.395919858,842346865398054976,842346866266906328,37,51,34792000000000,2026-09-10T09:13:41.421610+00:00,interpolated,141.0,38.0,-995.0
26.414807931,842346865416943049,842346866266906328,37,52,34792000000000,2026-09-10T09:13:41.421610+00:00,interpolated,139.0,35.0,-992.0
26.433696003,842346865435831121,842346866266906328,37,53,34792000000000,2026-09-10T09:13:41.421610+00:00,interpolated,136.0,39.0,-998.0
26.452584076,842346865454719194,842346866266906328,37,54,34792000000000,2026-09-10T09:13:41.421610+00:00,interpolated,138.0,40.0,-995.0
26.471472149,842346865473607267,842346866266906328,37,55,34792000000000,2026-09-10T09:13:41.421610+00:00,interpolated,134.0,38.0,-996.0
26.490360222,842346865492495340,842346866266906328,37,56,34792000000000,2026-09-10T09:13:41.421610+00:00,interpolated,133.0,37.0,-1002.0
26.509248295,842346865511383413,842346866266906328,37,57,34792000000000,2026-09-10T09:13:41.421610+00:00,interpolated,136.0,39.0,-998.0
26.528136368,842346865530271486,842346866266906328,37,58,34792000000000,2026-09-10T09:13:41.421610+00:00,interpolated,137.0,38.0,-995.0
26.547024441,842346865549159559,842346866266906328,37,59,34792000000000,2026-09-10T09:13:41.421610+00:00,interpolated,134.0,44.0,-1000.0
26.565912514,842346865568047632,842346866266906328,37,60,34792000000000,2026-09-10T09:13:41.421610+00:00,interpolated,140.0,44.0,-995.0
26.584800586,842346865586935704,842346866266906328,37,61,34792000000000,2026-09-10T09:13:41.421610+00:00,interpolated,138.0,38.0,-996.0
26.603688659,842346865605823777,842346866266906328,37,62,34792000000000,2026-09-10T09:13:41.421610+00:00,interpolated,139.0,38.0,-1000.0
26.622576732,842346865624711850,842346866266906328,37,63,34792000000000,2026-09-10T09:13:41.421610+00:00,interpolated,131.0,38.0,-989.0
26.641464805,842346865643599923,842346866266906328,37,64,34792000000000,2026-09-10T09:13:41.421610+00:00,interpolated,130.0,40.0,-989.0
26.660352878,842346865662487996,842346866266906328,37,65,34792000000000,2026-09-10T09:13:41.421610+00:00,interpolated,135.0,36.0,-999.0
26.679240951,842346865681376069,842346866266906328,37,66,34792000000000,2026-09-10T09:13:41.421610+00:00,interpolated,136.0,40.0,-1000.0
26.698129024,842346865700264142,842346866266906328,37,67,34792000000000,2026-09-10T09:13:41.421610+00:00,interpolated,141.0,40.0,-995.0
26.717017097,842346865719152215,842346866266906328,37,68,34792000000000,2026-09-10T09:13:41.421610+00:00,interpolated,136.0,38.0,-996.0
26.735905169,842346865738040287,842346866266906328,37,69,34792000000000,2026-09-10T09:13:41.421610+00:00,interpolated,133.0,37.0,-980.0
26.754793242,842346865756928360,842346866266906328,37,70,34792000000000,2026-09-10T09:13:41.421610+00:00,interpolated,134.0,38.0,-992.0
26.773681315,842346865775816433,842346866266906328,37,71,34792000000000,2026-09-10T09:13:41.421610+00:00,interpolated,144.0,37.0,-1011.0
26.792569388,842346865794704506,842346866266906328,37,72,34792000000000,2026-09-10T09:13:41.421610+00:00,interpolated,141.0,34.0,-1010.0
26.811457461,842346865813592579,842346866266906328,37,73,34792000000000,2026-09-10T09:13:41.421610+00:00,interpolated,145.0,40.0,-1006.0
26.830345534,842346865832480652,842346866266906328,37,74,34792000000000,2026-09-10T09:13:41.421610+00:00,interpolated,139.0,34.0,-1001.0
26.849233607,842346865851368725,842346866266906328,37,75,34792000000000,2026-09-10T09:13:41.421610+00:00,interpolated,136.0,42.0,-988.0
26.86812168,842346865870256798,842346866266906328,37,76,34792000000000,2026-09-10T09:13:41.421610+00:00,interpolated,137.0,43.0,-1000.0
26.887009752,842346865889144870,842346866266906328,37,77,34792000000000,2026-09-10T09:13:41.421610+00:00,interpolated,136.0,37.0,-992.0
26.905897825,842346865908032943,842346866266906328,37,78,34792000000000,2026-09-10T09:13:41.421610+00:00,interpolated,137.0,38.0,-1001.0
26.924785898,842346865926921016,842346866266906328,37,79,34792000000000,2026-09-10T09:13:41.421610+00:00,interpolated,139.0,39.0,-1001.0
26.943673971,842346865945809089,842346866266906328,37,80,34792000000000,2026-09-10T09:13:41.421610+00:00,interpolated,133.0,36.0,-1001.0
26.962562044,842346865964697162,842346866266906328,37,81,34792000000000,2026-09-10T09:13:41.421610+00:00,interpolated,135.0,42.0,-998.0
26.981450117,842346865983585235,842346866266906328,37,82,34792000000000,2026-09-10T09:13:41.421610+00:00,interpolated,133.0,38.0,-994.0
27.00033819,842346866002473308,842346866266906328,37,83,34792000000000,2026-09-10T09:13:41.421610+00:00,interpolated,133.0,35.0,-997.0
27.019226263,842346866021361381,842346866266906328,37,84,34792000000000,2026-09-10T09:13:41.421610+00:00,interpolated,136.0,37.0,-993.0
27.038114335,842346866040249453,842346866266906328,37,85,34792000000000,2026-09-10T09:13:41.421610+00:00,interpolated,132.0,39.0,-995.0
27.057002408,842346866059137526,842346866266906328,37,86,34792000000000,2026-09-10T09:13:41.421610+00:00,interpolated,134.0,39.0,-995.0
27.075890481,842346866078025599,842346866266906328,37,87,34792000000000,2026-09-10T09:13:41.421610+00:00,interpolated,134.0,39.0,-997.0
27.094778554,842346866096913672,842346866266906328,37,88,34792000000000,2026-09-10T09:13:41.421610+00:00,interpolated,135.0,41.0,-1001.0
27.113666627,842346866115801745,842346866266906328,37,89,34792000000000,2026-09-10T09:13:41.421610+00:00,interpolated,137.0,40.0,-1001.0
27.1325547,842346866134689818,842346866266906328,37,90,34792000000000,2026-09-10T09:13:41.421610+00:00,interpolated,136.0,37.0,-1001.0
27.151442773,842346866153577891,842346866266906328,37,91,34792000000000,2026-09-10T09:13:41.421610+00:00,interpolated,137.0,44.0,-1000.0
27.170330846,842346866172465964,842346866266906328,37,92,34792000000000,2026-09-10T09:13:41.421610+00:00,interpolated,139.0,38.0,-1001.0
27.189218918,842346866191354036,842346866266906328,37,93,34792000000000,2026-09-10T09:13:41.421610+00:00,interpolated,134.0,43.0,-995.0
27.208106991,842346866210242109,842346866266906328,37,94,34792000000000,2026-09-10T09:13:41.421610+00:00,interpolated,136.0,39.0,-1000.0
27.226995064,842346866229130182,842346866266906328,37,95,34792000000000,2026-09-10T09:13:41.421610+00:00,interpolated,133.0,41.0,-1001.0
27.245883137,842346866248018255,842346866266906328,37,96,34792000000000,2026-09-10T09:13:41.421610+00:00,interpolated,142.0,37.0,-999.0
27.26477121,842346866266906328,842346866266906328,37,97,34792000000000,2026-09-10T09:13:41.421610+00:00,interpolated,136.0,39.0,-999.0
27.283659096,842346866285794214,842346868212358636,39,0,34793953000000,2026-09-10T09:13:43.372363+00:00,interpolated,137.0,39.0,-996.0
27.302546983,842346866304682101,842346868212358636,39,1,34793953000000,2026-09-10T09:13:43.372363+00:00,interpolated,134.0,39.0,-998.0
27.321434869,842346866323569987,842346868212358636,39,2,34793953000000,2026-09-10T09:13:43.372363+00:00,interpolated,138.0,38.0,-995.0
27.340322756,842346866342457874,842346868212358636,39,3,34793953000000,2026-09-10T09:13:43.372363+00:00,interpolated,140.0,40.0,-996.0
27.359210642,842346866361345760,842346868212358636,39,4,34793953000000,2026-09-10T09:13:43.372363+00:00,interpolated,138.0,36.0,-995.0
27.378098529,842346866380233647,842346868212358636,39,5,34793953000000,2026-09-10T09:13:43.372363+00:00,interpolated,135.0,42.0,-997.0
27.396986415,842346866399121533,842346868212358636,39,6,34793953000000,2026-09-10T09:13:43.372363+00:00,interpolated,135.0,40.0,-995.0
27.415874302,842346866418009420,842346868212358636,39,7,34793953000000,2026-09-10T09:13:43.372363+00:00,interpolated,136.0,40.0,-997.0
27.434762188,842346866436897306,842346868212358636,39,8,34793953000000,2026-09-10T09:13:43.372363+00:00,interpolated,136.0,38.0,-997.0
27.453650075,842346866455785193,842346868212358636,39,9,34793953000000,2026-09-10T09:13:43.372363+00:00,interpolated,139.0,37.0,-998.0
27.472537961,842346866474673079,842346868212358636,39,10,34793953000000,2026-09-10T09:13:43.372363+00:00,interpolated,134.0,40.0,-1000.0
27.491425848,842346866493560966,842346868212358636,39,11,34793953000000,2026-09-10T09:13:43.372363+00:00,interpolated,140.0,39.0,-1000.0
27.510313734,842346866512448852,842346868212358636,39,12,34793953000000,2026-09-10T09:13:43.372363+00:00,interpolated,138.0,36.0,-999.0
27.529201621,842346866531336739,842346868212358636,39,13,34793953000000,2026-09-10T09:13:43.372363+00:00,interpolated,138.0,42.0,-999.0
27.548089507,842346866550224625,842346868212358636,39,14,34793953000000,2026-09-10T09:13:43.372363+00:00,interpolated,139.0,38.0,-1004.0
27.566977394,842346866569112512,842346868212358636,39,15,34793953000000,2026-09-10T09:13:43.372363+00:00,interpolated,135.0,38.0,-1000.0
27.58586528,842346866588000398,842346868212358636,39,16,34793953000000,2026-09-10T09:13:43.372363+00:00,interpolated,137.0,40.0,-995.0
27.604753167,842346866606888285,842346868212358636,39,17,34793953000000,2026-09-10T09:13:43.372363+00:00,interpolated,133.0,40.0,-992.0
27.623641053,842346866625776171,842346868212358636,39,18,34793953000000,2026-09-10T09:13:43.372363+00:00,interpolated,135.0,37.0,-994.0
27.64252894,842346866644664058,842346868212358636,39,19,34793953000000,2026-09-10T09:13:43.372363+00:00,interpolated,135.0,42.0,-993.0
27.661416826,842346866663551944,842346868212358636,39,20,34793953000000,2026-09-10T09:13:43.372363+00:00,interpolated,136.0,39.0,-998.0
27.680304713,842346866682439831,842346868212358636,39,21,34793953000000,2026-09-10T09:13:43.372363+00:00,interpolated,138.0,40.0,-994.0
27.699192599,842346866701327717,842346868212358636,39,22,34793953000000,2026-09-10T09:13:43.372363+00:00,interpolated,138.0,38.0,-1000.0
27.718080486,842346866720215604,842346868212358636,39,23,34793953000000,2026-09-10T09:13:43.372363+00:00,interpolated,135.0,37.0,-1001.0
27.736968372,842346866739103490,842346868212358636,39,24,34793953000000,2026-09-10T09:13:43.372363+00:00,interpolated,134.0,41.0,-1001.0
27.755856259,842346866757991377,842346868212358636,39,25,34793953000000,2026-09-10T09:13:43.372363+00:00,interpolated,134.0,41.0,-994.0
27.774744145,842346866776879263,842346868212358636,39,26,34793953000000,2026-09-10T09:13:43.372363+00:00,interpolated,139.0,39.0,-1000.0
27.793632032,842346866795767150,842346868212358636,39,27,34793953000000,2026-09-10T09:13:43.372363+00:00,interpolated,136.0,40.0,-998.0
27.812519918,842346866814655036,842346868212358636,39,28,34793953000000,2026-09-10T09:13:43.372363+00:00,interpolated,131.0,37.0,-998.0
27.831407805,842346866833542923,842346868212358636,39,29,34793953000000,2026-09-10T09:13:43.372363+00:00,interpolated,136.0,37.0,-996.0
27.850295691,842346866852430809,842346868212358636,39,30,34793953000000,2026-09-10T09:13:43.372363+00:00,interpolated,136.0,40.0,-997.0
27.869183578,842346866871318696,842346868212358636,39,31,34793953000000,2026-09-10T09:13:43.372363+00:00,interpolated,137.0,39.0,-999.0
27.888071464,842346866890206582,842346868212358636,39,32,34793953000000,2026-09-10T09:13:43.372363+00:00,interpolated,138.0,38.0,-991.0
27.906959351,842346866909094469,842346868212358636,39,33,34793953000000,2026-09-10T09:13:43.372363+00:00,interpolated,136.0,40.0,-995.0
27.925847237,842346866927982355,842346868212358636,39,34,34793953000000,2026-09-10T09:13:43.372363+00:00,interpolated,133.0,42.0,-999.0
27.944735123,842346866946870241,842346868212358636,39,35,34793953000000,2026-09-10T09:13:43.372363+00:00,interpolated,138.0,44.0,-998.0
27.96362301,842346866965758128,842346868212358636,39,36,34793953000000,2026-09-10T09:13:43.372363+00:00,interpolated,134.0,41.0,-998.0
27.982510896,842346866984646014,842346868212358636,39,37,34793953000000,2026-09-10T09:13:43.372363+00:00,interpolated,136.0,38.0,-994.0
28.001398783,842346867003533901,842346868212358636,39,38,34793953000000,2026-09-10T09:13:43.372363+00:00,interpolated,137.0,41.0,-996.0
28.020286669,842346867022421787,842346868212358636,39,39,34793953000000,2026-09-10T09:13:43.372363+00:00,interpolated,135.0,37.0,-1000.0
28.039174556,842346867041309674,842346868212358636,39,40,34793953000000,2026-09-10T09:13:43.372363+00:00,interpolated,135.0,40.0,-995.0
28.058062442,842346867060197560,842346868212358636,39,41,34793953000000,2026-09-10T09:13:43.372363+00:00,interpolated,135.0,40.0,-1000.0
28.076950329,842346867079085447,842346868212358636,39,42,34793953000000,2026-09-10T09:13:43.372363+00:00,interpolated,136.0,41.0,-1001.0
28.095838215,842346867097973333,842346868212358636,39,43,34793953000000,2026-09-10T09:13:43.372363+00:00,interpolated,138.0,36.0,-995.0
28.114726102,842346867116861220,842346868212358636,39,44,34793953000000,2026-09-10T09:13:43.372363+00:00,interpolated,136.0,45.0,-1001.0
28.133613988,842346867135749106,842346868212358636,39,45,34793953000000,2026-09-10T09:13:43.372363+00:00,interpolated,139.0,35.0,-997.0
28.152501875,842346867154636993,842346868212358636,39,46,34793953000000,2026-09-10T09:13:43.372363+00:00,interpolated,133.0,38.0,-1002.0
28.171389761,842346867173524879,842346868212358636,39,47,34793953000000,2026-09-10T09:13:43.372363+00:00,interpolated,137.0,36.0,-994.0
28.190277648,842346867192412766,842346868212358636,39,48,34793953000000,2026-09-10T09:13:43.372363+00:00,interpolated,136.0,35.0,-996.0
28.209165534,842346867211300652,842346868212358636,39,49,34793953000000,2026-09-10T09:13:43.372363+00:00,interpolated,142.0,37.0,-999.0
28.228053421,842346867230188539,842346868212358636,39,50,34793953000000,2026-09-10T09:13:43.372363+00:00,interpolated,135.0,37.0,-997.0
28.246941307,842346867249076425,842346868212358636,39,51,34793953000000,2026-09-10T09:13:43.372363+00:00,interpolated,137.0,39.0,-992.0
28.265829194,842346867267964312,842346868212358636,39,52,34793953000000,2026-09-10T09:13:43.372363+00:00,interpolated,134.0,41.0,-996.0
28.28471708,842346867286852198,842346868212358636,39,53,34793953000000,2026-09-10T09:13:43.372363+00:00,interpolated,133.0,42.0,-994.0
28.303604967,842346867305740085,842346868212358636,39,54,34793953000000,2026-09-10T09:13:43.372363+00:00,interpolated,137.0,34.0,-995.0
28.322492853,842346867324627971,842346868212358636,39,55,34793953000000,2026-09-10T09:13:43.372363+00:00,interpolated,139.0,38.0,-993.0
28.34138074,842346867343515858,842346868212358636,39,56,34793953000000,2026-09-10T09:13:43.372363+00:00,interpolated,138.0,39.0,-996.0
28.360268626,842346867362403744,842346868212358636,39,57,34793953000000,2026-09-10T09:13:43.372363+00:00,interpolated,133.0,39.0,-998.0
28.379156513,842346867381291631,842346868212358636,39,58,34793953000000,2026-09-10T09:13:43.372363+00:00,interpolated,137.0,38.0,-996.0
28.398044399,842346867400179517,842346868212358636,39,59,34793953000000,2026-09-10T09:13:43.372363+00:00,interpolated,136.0,38.0,-1005.0
28.416932286,842346867419067404,842346868212358636,39,60,34793953000000,2026-09-10T09:13:43.372363+00:00,interpolated,137.0,40.0,-1001.0
28.435820172,842346867437955290,842346868212358636,39,61,34793953000000,2026-09-10T09:13:43.372363+00:00,interpolated,138.0,36.0,-997.0
28.454708059,842346867456843177,842346868212358636,39,62,34793953000000,2026-09-10T09:13:43.372363+00:00,interpolated,135.0,39.0,-996.0
28.473595945,842346867475731063,842346868212358636,39,63,34793953000000,2026-09-10T09:13:43.372363+00:00,interpolated,136.0,38.0,-998.0
28.492483832,842346867494618950,842346868212358636,39,64,34793953000000,2026-09-10T09:13:43.372363+00:00,interpolated,136.0,35.0,-1001.0
28.511371718,842346867513506836,842346868212358636,39,65,34793953000000,2026-09-10T09:13:43.372363+00:00,interpolated,135.0,36.0,-1001.0
28.530259605,842346867532394723,842346868212358636,39,66,34793953000000,2026-09-10T09:13:43.372363+00:00,interpolated,135.0,40.0,-997.0
28.549147491,842346867551282609,842346868212358636,39,67,34793953000000,2026-09-10T09:13:43.372363+00:00,interpolated,134.0,36.0,-993.0
28.568035377,842346867570170495,842346868212358636,39,68,34793953000000,2026-09-10T09:13:43.372363+00:00,interpolated,134.0,36.0,-1000.0
28.586923264,842346867589058382,842346868212358636,39,69,34793953000000,2026-09-10T09:13:43.372363+00:00,interpolated,137.0,39.0,-998.0
28.60581115,842346867607946268,842346868212358636,39,70,34793953000000,2026-09-10T09:13:43.372363+00:00,interpolated,137.0,39.0,-1000.0
28.624699037,842346867626834155,842346868212358636,39,71,34793953000000,2026-09-10T09:13:43.372363+00:00,interpolated,133.0,39.0,-994.0
28.643586923,842346867645722041,842346868212358636,39,72,34793953000000,2026-09-10T09:13:43.372363+00:00,interpolated,136.0,40.0,-994.0
28.66247481,842346867664609928,842346868212358636,39,73,34793953000000,2026-09-10T09:13:43.372363+00:00,interpolated,131.0,39.0,-995.0
28.681362696,842346867683497814,842346868212358636,39,74,34793953000000,2026-09-10T09:13:43.372363+00:00,interpolated,134.0,38.0,-1001.0
28.700250583,842346867702385701,842346868212358636,39,75,34793953000000,2026-09-10T09:13:43.372363+00:00,interpolated,136.0,40.0,-996.0
28.719138469,842346867721273587,842346868212358636,39,76,34793953000000,2026-09-10T09:13:43.372363+00:00,interpolated,140.0,37.0,-997.0
28.738026356,842346867740161474,842346868212358636,39,77,34793953000000,2026-09-10T09:13:43.372363+00:00,interpolated,137.0,37.0,-997.0
28.756914242,842346867759049360,842346868212358636,39,78,34793953000000,2026-09-10T09:13:43.372363+00:00,interpolated,138.0,34.0,-996.0
28.775802129,842346867777937247,842346868212358636,39,79,34793953000000,2026-09-10T09:13:43.372363+00:00,interpolated,135.0,40.0,-1001.0
28.794690015,842346867796825133,842346868212358636,39,80,34793953000000,2026-09-10T09:13:43.372363+00:00,interpolated,135.0,40.0,-999.0
28.813577902,842346867815713020,842346868212358636,39,81,34793953000000,2026-09-10T09:13:43.372363+00:00,interpolated,131.0,36.0,-1001.0
28.832465788,842346867834600906,842346868212358636,39,82,34793953000000,2026-09-10T09:13:43.372363+00:00,interpolated,135.0,39.0,-1002.0
28.851353675,842346867853488793,842346868212358636,39,83,34793953000000,2026-09-10T09:13:43.372363+00:00,interpolated,135.0,42.0,-1002.0
28.870241561,842346867872376679,842346868212358636,39,84,34793953000000,2026-09-10T09:13:43.372363+00:00,interpolated,134.0,42.0,-996.0
28.889129448,842346867891264566,842346868212358636,39,85,34793953000000,2026-09-10T09:13:43.372363+00:00,interpolated,131.0,38.0,-997.0
28.908017334,842346867910152452,842346868212358636,39,86,34793953000000,2026-09-10T09:13:43.372363+00:00,interpolated,140.0,38.0,-997.0
28.926905221,842346867929040339,842346868212358636,39,87,34793953000000,2026-09-10T09:13:43.372363+00:00,interpolated,139.0,42.0,-999.0
28.945793107,842346867947928225,842346868212358636,39,88,34793953000000,2026-09-10T09:13:43.372363+00:00,interpolated,134.0,40.0,-997.0
28.964680994,842346867966816112,842346868212358636,39,89,34793953000000,2026-09-10T09:13:43.372363+00:00,interpolated,136.0,37.0,-997.0
28.98356888,842346867985703998,842346868212358636,39,90,34793953000000,2026-09-10T09:13:43.372363+00:00,interpolated,141.0,38.0,-995.0
29.002456767,842346868004591885,842346868212358636,39,91,34793953000000,2026-09-10T09:13:43.372363+00:00,interpolated,136.0,44.0,-1000.0
29.021344653,842346868023479771,842346868212358636,39,92,34793953000000,2026-09-10T09:13:43.372363+00:00,interpolated,137.0,39.0,-997.0
29.04023254,842346868042367658,842346868212358636,39,93,34793953000000,2026-09-10T09:13:43.372363+00:00,interpolated,140.0,40.0,-996.0
29.059120426,842346868061255544,842346868212358636,39,94,34793953000000,2026-09-10T09:13:43.372363+00:00,interpolated,136.0,38.0,-997.0
29.078008313,842346868080143431,842346868212358636,39,95,34793953000000,2026-09-10T09:13:43.372363+00:00,interpolated,132.0,40.0,-1001.0
29.096896199,842346868099031317,842346868212358636,39,96,34793953000000,2026-09-10T09:13:43.372363+00:00,interpolated,137.0,40.0,-996.0
29.115784086,842346868117919204,842346868212358636,39,97,34793953000000,2026-09-10T09:13:43.372363+00:00,interpolated,133.0,35.0,-994.0
29.134671972,842346868136807090,842346868212358636,39,98,34793953000000,2026-09-10T09:13:43.372363+00:00,interpolated,135.0,40.0,-995.0
29.153559859,842346868155694977,842346868212358636,39,99,34793953000000,2026-09-10T09:13:43.372363+00:00,interpolated,136.0,36.0,-1001.0
29.172447745,842346868174582863,842346868212358636,39,100,34793953000000,2026-09-10T09:13:43.372363+00:00,interpolated,135.0,40.0,-999.0
29.191335632,842346868193470750,842346868212358636,39,101,34793953000000,2026-09-10T09:13:43.372363+00:00,interpolated,140.0,39.0,-1000.0
29.210223518,842346868212358636,842346868212358636,39,102,34793953000000,2026-09-10T09:13:43.372363+00:00,interpolated,136.0,39.0,-996.0
29.229111433,842346868231246551,842346869987822634,43,0,34795843000000,2026-09-10T09:13:45.262147+00:00,interpolated,134.0,37.0,-996.0
29.247999348,842346868250134466,842346869987822634,43,1,34795843000000,2026-09-10T09:13:45.262147+00:00,interpolated,139.0,36.0,-999.0
29.266887263,842346868269022381,842346869987822634,43,2,34795843000000,2026-09-10T09:13:45.262147+00:00,interpolated,140.0,38.0,-999.0
29.285775177,842346868287910295,842346869987822634,43,3,34795843000000,2026-09-10T09:13:45.262147+00:00,interpolated,136.0,36.0,-1004.0
29.304663092,842346868306798210,842346869987822634,43,4,34795843000000,2026-09-10T09:13:45.262147+00:00,interpolated,138.0,39.0,-991.0
29.323551007,842346868325686125,842346869987822634,43,5,34795843000000,2026-09-10T09:13:45.262147+00:00,interpolated,135.0,39.0,-1000.0
29.342438922,842346868344574040,842346869987822634,43,6,34795843000000,2026-09-10T09:13:45.262147+00:00,interpolated,136.0,42.0,-994.0
29.361326837,842346868363461955,842346869987822634,43,7,34795843000000,2026-09-10T09:13:45.262147+00:00,interpolated,135.0,38.0,-998.0
29.380214752,842346868382349870,842346869987822634,43,8,34795843000000,2026-09-10T09:13:45.262147+00:00,interpolated,133.0,39.0,-998.0
29.399102667,842346868401237785,842346869987822634,43,9,34795843000000,2026-09-10T09:13:45.262147+00:00,interpolated,138.0,40.0,-995.0
29.417990582,842346868420125700,842346869987822634,43,10,34795843000000,2026-09-10T09:13:45.262147+00:00,interpolated,137.0,44.0,-998.0
29.436878496,842346868439013614,842346869987822634,43,11,34795843000000,2026-09-10T09:13:45.262147+00:00,interpolated,136.0,46.0,-999.0
29.455766411,842346868457901529,842346869987822634,43,12,34795843000000,2026-09-10T09:13:45.262147+00:00,interpolated,133.0,39.0,-1000.0
29.474654326,842346868476789444,842346869987822634,43,13,34795843000000,2026-09-10T09:13:45.262147+00:00,interpolated,137.0,41.0,-998.0
29.493542241,842346868495677359,842346869987822634,43,14,34795843000000,2026-09-10T09:13:45.262147+00:00,interpolated,138.0,37.0,-996.0
29.512430156,842346868514565274,842346869987822634,43,15,34795843000000,2026-09-10T09:13:45.262147+00:00,interpolated,131.0,38.0,-1001.0
29.531318071,842346868533453189,842346869987822634,43,16,34795843000000,2026-09-10T09:13:45.262147+00:00,interpolated,136.0,42.0,-999.0
29.550205986,842346868552341104,842346869987822634,43,17,34795843000000,2026-09-10T09:13:45.262147+00:00,interpolated,138.0,42.0,-991.0
29.569093901,842346868571229019,842346869987822634,43,18,34795843000000,2026-09-10T09:13:45.262147+00:00,interpolated,133.0,38.0,-994.0
29.587981815,842346868590116933,842346869987822634,43,19,34795843000000,2026-09-10T09:13:45.262147+00:00,interpolated,133.0,37.0,-990.0
29.60686973,842346868609004848,842346869987822634,43,20,34795843000000,2026-09-10T09:13:45.262147+00:00,interpolated,137.0,41.0,-1000.0
29.625757645,842346868627892763,842346869987822634,43,21,34795843000000,2026-09-10T09:13:45.262147+00:00,interpolated,136.0,37.0,-1005.0
29.64464556,842346868646780678,842346869987822634,43,22,34795843000000,2026-09-10T09:13:45.262147+00:00,interpolated,140.0,39.0,-1003.0
29.663533475,842346868665668593,842346869987822634,43,23,34795843000000,2026-09-10T09:13:45.262147+00:00,interpolated,140.0,35.0,-990.0
29.68242139,842346868684556508,842346869987822634,43,24,34795843000000,2026-09-10T09:13:45.262147+00:00,interpolated,126.0,34.0,-981.0
29.701309305,842346868703444423,842346869987822634,43,25,34795843000000,2026-09-10T09:13:45.262147+00:00,interpolated,137.0,40.0,-995.0
29.72019722,842346868722332338,842346869987822634,43,26,34795843000000,2026-09-10T09:13:45.262147+00:00,interpolated,135.0,35.0,-1002.0
29.739085134,842346868741220252,842346869987822634,43,27,34795843000000,2026-09-10T09:13:45.262147+00:00,interpolated,139.0,36.0,-1004.0
29.757973049,842346868760108167,842346869987822634,43,28,34795843000000,2026-09-10T09:13:45.262147+00:00,interpolated,137.0,33.0,-1003.0
29.776860964,842346868778996082,842346869987822634,43,29,34795843000000,2026-09-10T09:13:45.262147+00:00,interpolated,136.0,39.0,-998.0
29.795748879,842346868797883997,842346869987822634,43,30,34795843000000,2026-09-10T09:13:45.262147+00:00,interpolated,138.0,35.0,-997.0
29.814636794,842346868816771912,842346869987822634,43,31,34795843000000,2026-09-10T09:13:45.262147+00:00,interpolated,135.0,40.0,-985.0
29.833524709,842346868835659827,842346869987822634,43,32,34795843000000,2026-09-10T09:13:45.262147+00:00,interpolated,131.0,37.0,-989.0
29.852412624,842346868854547742,842346869987822634,43,33,34795843000000,2026-09-10T09:13:45.262147+00:00,interpolated,135.0,43.0,-996.0
29.871300539,842346868873435657,842346869987822634,43,34,34795843000000,2026-09-10T09:13:45.262147+00:00,interpolated,137.0,37.0,-999.0
29.890188453,842346868892323571,842346869987822634,43,35,34795843000000,2026-09-10T09:13:45.262147+00:00,interpolated,138.0,38.0,-999.0
29.909076368,842346868911211486,842346869987822634,43,36,34795843000000,2026-09-10T09:13:45.262147+00:00,interpolated,139.0,39.0,-1001.0
29.927964283,842346868930099401,842346869987822634,43,37,34795843000000,2026-09-10T09:13:45.262147+00:00,interpolated,139.0,36.0,-997.0
29.946852198,842346868948987316,842346869987822634,43,38,34795843000000,2026-09-10T09:13:45.262147+00:00,interpolated,138.0,37.0,-995.0
29.965740113,842346868967875231,842346869987822634,43,39,34795843000000,2026-09-10T09:13:45.262147+00:00,interpolated,133.0,35.0,-994.0
29.984628028,842346868986763146,842346869987822634,43,40,34795843000000,2026-09-10T09:13:45.262147+00:00,interpolated,132.0,32.0,-999.0
30.003515943,842346869005651061,842346869987822634,43,41,34795843000000,2026-09-10T09:13:45.262147+00:00,interpolated,140.0,42.0,-997.0
30.022403858,842346869024538976,842346869987822634,43,42,34795843000000,2026-09-10T09:13:45.262147+00:00,interpolated,136.0,37.0,-998.0
30.041291772,842346869043426890,842346869987822634,43,43,34795843000000,2026-09-10T09:13:45.262147+00:00,interpolated,134.0,41.0,-995.0
30.060179687,842346869062314805,842346869987822634,43,44,34795843000000,2026-09-10T09:13:45.262147+00:00,interpolated,134.0,39.0,-1000.0
30.079067602,842346869081202720,842346869987822634,43,45,34795843000000,2026-09-10T09:13:45.262147+00:00,interpolated,139.0,39.0,-993.0
30.097955517,842346869100090635,842346869987822634,43,46,34795843000000,2026-09-10T09:13:45.262147+00:00,interpolated,140.0,38.0,-998.0
30.116843432,842346869118978550,842346869987822634,43,47,34795843000000,2026-09-10T09:13:45.262147+00:00,interpolated,141.0,41.0,-995.0
30.135731347,842346869137866465,842346869987822634,43,48,34795843000000,2026-09-10T09:13:45.262147+00:00,interpolated,136.0,40.0,-1004.0
30.154619262,842346869156754380,842346869987822634,43,49,34795843000000,2026-09-10T09:13:45.262147+00:00,interpolated,135.0,40.0,-995.0
30.173507176,842346869175642294,842346869987822634,43,50,34795843000000,2026-09-10T09:13:45.262147+00:00,interpolated,136.0,40.0,-997.0
30.192395091,842346869194530209,842346869987822634,43,51,34795843000000,2026-09-10T09:13:45.262147+00:00,interpolated,136.0,37.0,-996.0
30.211283006,842346869213418124,842346869987822634,43,52,34795843000000,2026-09-10T09:13:45.262147+00:00,interpolated,137.0,41.0,-994.0
30.230170921,842346869232306039,842346869987822634,43,53,34795843000000,2026-09-10T09:13:45.262147+00:00,interpolated,137.0,41.0,-992.0
30.249058836,842346869251193954,842346869987822634,43,54,34795843000000,2026-09-10T09:13:45.262147+00:00,interpolated,137.0,35.0,-1001.0
30.267946751,842346869270081869,842346869987822634,43,55,34795843000000,2026-09-10T09:13:45.262147+00:00,interpolated,135.0,38.0,-994.0
30.286834666,842346869288969784,842346869987822634,43,56,34795843000000,2026-09-10T09:13:45.262147+00:00,interpolated,137.0,40.0,-999.0
30.305722581,842346869307857699,842346869987822634,43,57,34795843000000,2026-09-10T09:13:45.262147+00:00,interpolated,135.0,40.0,-1001.0
30.324610495,842346869326745613,842346869987822634,43,58,34795843000000,2026-09-10T09:13:45.262147+00:00,interpolated,139.0,40.0,-995.0
30.34349841,842346869345633528,842346869987822634,43,59,34795843000000,2026-09-10T09:13:45.262147+00:00,interpolated,132.0,37.0,-995.0
30.362386325,842346869364521443,842346869987822634,43,60,34795843000000,2026-09-10T09:13:45.262147+00:00,interpolated,136.0,37.0,-999.0
30.38127424,842346869383409358,842346869987822634,43,61,34795843000000,2026-09-10T09:13:45.262147+00:00,interpolated,138.0,36.0,-999.0
30.400162155,842346869402297273,842346869987822634,43,62,34795843000000,2026-09-10T09:13:45.262147+00:00,interpolated,138.0,40.0,-995.0
30.41905007,842346869421185188,842346869987822634,43,63,34795843000000,2026-09-10T09:13:45.262147+00:00,interpolated,134.0,39.0,-995.0
30.437937985,842346869440073103,842346869987822634,43,64,34795843000000,2026-09-10T09:13:45.262147+00:00,interpolated,135.0,38.0,-1000.0
30.4568259,842346869458961018,842346869987822634,43,65,34795843000000,2026-09-10T09:13:45.262147+00:00,interpolated,137.0,41.0,-992.0
30.475713814,842346869477848932,842346869987822634,43,66,34795843000000,2026-09-10T09:13:45.262147+00:00,interpolated,138.0,39.0,-999.0
30.494601729,842346869496736847,842346869987822634,43,67,34795843000000,2026-09-10T09:13:45.262147+00:00,interpolated,138.0,38.0,-995.0
30.513489644,842346869515624762,842346869987822634,43,68,34795843000000,2026-09-10T09:13:45.262147+00:00,interpolated,138.0,39.0,-998.0
30.532377559,842346869534512677,842346869987822634,43,69,34795843000000,2026-09-10T09:13:45.262147+00:00,interpolated,136.0,38.0,-999.0
30.551265474,842346869553400592,842346869987822634,43,70,34795843000000,2026-09-10T09:13:45.262147+00:00,interpolated,139.0,40.0,-995.0
30.570153389,842346869572288507,842346869987822634,43,71,34795843000000,2026-09-10T09:13:45.262147+00:00,interpolated,140.0,41.0,-1002.0
30.589041304,842346869591176422,842346869987822634,43,72,34795843000000,2026-09-10T09:13:45.262147+00:00,interpolated,135.0,38.0,-996.0
30.607929219,842346869610064337,842346869987822634,43,73,34795843000000,2026-09-10T09:13:45.262147+00:00,interpolated,133.0,38.0,-995.0
30.626817133,842346869628952251,842346869987822634,43,74,34795843000000,2026-09-10T09:13:45.262147+00:00,interpolated,138.0,41.0,-1004.0
30.645705048,842346869647840166,842346869987822634,43,75,34795843000000,2026-09-10T09:13:45.262147+00:00,interpolated,147.0,37.0,-1020.0
30.664592963,842346869666728081,842346869987822634,43,76,34795843000000,2026-09-10T09:13:45.262147+00:00,interpolated,134.0,38.0,-998.0
30.683480878,842346869685615996,842346869987822634,43,77,34795843000000,2026-09-10T09:13:45.262147+00:00,interpolated,137.0,40.0,-988.0
30.702368793,842346869704503911,842346869987822634,43,78,34795843000000,2026-09-10T09:13:45.262147+00:00,interpolated,131.0,40.0,-988.0
30.721256708,842346869723391826,842346869987822634,43,79,34795843000000,2026-09-10T09:13:45.262147+00:00,interpolated,135.0,41.0,-994.0
30.740144623,842346869742279741,842346869987822634,43,80,34795843000000,2026-09-10T09:13:45.262147+00:00,interpolated,136.0,40.0,-994.0
30.759032538,842346869761167656,842346869987822634,43,81,34795843000000,2026-09-10T09:13:45.262147+00:00,interpolated,140.0,35.0,-997.0
30.777920452,842346869780055570,842346869987822634,43,82,34795843000000,2026-09-10T09:13:45.262147+00:00,interpolated,139.0,40.0,-995.0
30.796808367,842346869798943485,842346869987822634,43,83,34795843000000,2026-09-10T09:13:45.262147+00:00,interpolated,130.0,39.0,-998.0
30.815696282,842346869817831400,842346869987822634,43,84,34795843000000,2026-09-10T09:13:45.262147+00:00,interpolated,140.0,40.0,-999.0
30.834584197,842346869836719315,842346869987822634,43,85,34795843000000,2026-09-10T09:13:45.262147+00:00,interpolated,136.0,42.0,-996.0
30.853472112,842346869855607230,842346869987822634,43,86,34795843000000,2026-09-10T09:13:45.262147+00:00,interpolated,136.0,38.0,-997.0
30.872360027,842346869874495145,842346869987822634,43,87,34795843000000,2026-09-10T09:13:45.262147+00:00,interpolated,138.0,41.0,-996.0
30.891247942,842346869893383060,842346869987822634,43,88,34795843000000,2026-09-10T09:13:45.262147+00:00,interpolated,136.0,41.0,-1000.0
30.910135857,842346869912270975,842346869987822634,43,89,34795843000000,2026-09-10T09:13:45.262147+00:00,interpolated,135.0,39.0,-997.0
30.929023771,842346869931158889,842346869987822634,43,90,34795843000000,2026-09-10T09:13:45.262147+00:00,interpolated,135.0,41.0,-1002.0
30.947911686,842346869950046804,842346869987822634,43,91,34795843000000,2026-09-10T09:13:45.262147+00:00,interpolated,136.0,39.0,-1003.0
30.966799601,842346869968934719,842346869987822634,43,92,34795843000000,2026-09-10T09:13:45.262147+00:00,interpolated,135.0,42.0,-995.0
30.985687516,842346869987822634,842346869987822634,43,93,34795843000000,2026-09-10T09:13:45.262147+00:00,interpolated,134.0,35.0,-996.0
31.004575405,842346870006710523,842346871914387352,47,0,34797734000000,2026-09-10T09:13:47.152244+00:00,interpolated,135.0,42.0,-990.0
31.023463295,842346870025598413,842346871914387352,47,1,34797734000000,2026-09-10T09:13:47.152244+00:00,interpolated,140.0,41.0,-994.0
31.042351184,842346870044486302,842346871914387352,47,2,34797734000000,2026-09-10T09:13:47.152244+00:00,interpolated,136.0,39.0,-996.0
31.061239074,842346870063374192,842346871914387352,47,3,34797734000000,2026-09-10T09:13:47.152244+00:00,interpolated,134.0,40.0,-996.0
31.080126963,842346870082262081,842346871914387352,47,4,34797734000000,2026-09-10T09:13:47.152244+00:00,interpolated,137.0,37.0,-999.0
31.099014852,842346870101149970,842346871914387352,47,5,34797734000000,2026-09-10T09:13:47.152244+00:00,interpolated,140.0,39.0,-1000.0
31.117902742,842346870120037860,842346871914387352,47,6,34797734000000,2026-09-10T09:13:47.152244+00:00,interpolated,136.0,40.0,-1000.0
31.136790631,842346870138925749,842346871914387352,47,7,34797734000000,2026-09-10T09:13:47.152244+00:00,interpolated,138.0,38.0,-1002.0
31.155678521,842346870157813639,842346871914387352,47,8,34797734000000,2026-09-10T09:13:47.152244+00:00,interpolated,132.0,37.0,-997.0
31.17456641,842346870176701528,842346871914387352,47,9,34797734000000,2026-09-10T09:13:47.152244+00:00,interpolated,138.0,39.0,-997.0
31.193454299,842346870195589417,842346871914387352,47,10,34797734000000,2026-09-10T09:13:47.152244+00:00,interpolated,136.0,39.0,-999.0
31.212342189,842346870214477307,842346871914387352,47,11,34797734000000,2026-09-10T09:13:47.152244+00:00,interpolated,137.0,40.0,-997.0
31.231230078,842346870233365196,842346871914387352,47,12,34797734000000,2026-09-10T09:13:47.152244+00:00,interpolated,133.0,41.0,-999.0
31.250117967,842346870252253085,842346871914387352,47,13,34797734000000,2026-09-10T09:13:47.152244+00:00,interpolated,135.0,39.0,-999.0
31.269005857,842346870271140975,842346871914387352,47,14,34797734000000,2026-09-10T09:13:47.152244+00:00,interpolated,140.0,42.0,-1000.0
31.287893746,842346870290028864,842346871914387352,47,15,34797734000000,2026-09-10T09:13:47.152244+00:00,interpolated,134.0,36.0,-997.0
31.306781636,842346870308916754,842346871914387352,47,16,34797734000000,2026-09-10T09:13:47.152244+00:00,interpolated,135.0,40.0,-997.0
31.325669525,842346870327804643,842346871914387352,47,17,34797734000000,2026-09-10T09:13:47.152244+00:00,interpolated,137.0,39.0,-996.0
31.344557414,842346870346692532,842346871914387352,47,18,34797734000000,2026-09-10T09:13:47.152244+00:00,interpolated,138.0,38.0,-998.0
31.363445304,842346870365580422,842346871914387352,47,19,34797734000000,2026-09-10T09:13:47.152244+00:00,interpolated,139.0,40.0,-995.0
31.382333193,842346870384468311,842346871914387352,47,20,34797734000000,2026-09-10T09:13:47.152244+00:00,interpolated,135.0,36.0,-996.0
31.401221083,842346870403356201,842346871914387352,47,21,34797734000000,2026-09-10T09:13:47.152244+00:00,interpolated,137.0,43.0,-995.0
31.420108972,842346870422244090,842346871914387352,47,22,34797734000000,2026-09-10T09:13:47.152244+00:00,interpolated,137.0,41.0,-1002.0
31.438996861,842346870441131979,842346871914387352,47,23,34797734000000,2026-09-10T09:13:47.152244+00:00,interpolated,137.0,38.0,-996.0
31.457884751,842346870460019869,842346871914387352,47,24,34797734000000,2026-09-10T09:13:47.152244+00:00,interpolated,133.0,39.0,-998.0
31.47677264,842346870478907758,842346871914387352,47,25,34797734000000,2026-09-10T09:13:47.152244+00:00,interpolated,137.0,41.0,-999.0
31.49566053,842346870497795648,842346871914387352,47,26,34797734000000,2026-09-10T09:13:47.152244+00:00,interpolated,136.0,40.0,-996.0
31.514548419,842346870516683537,842346871914387352,47,27,34797734000000,2026-09-10T09:13:47.152244+00:00,interpolated,133.0,38.0,-991.0
31.533436308,842346870535571426,842346871914387352,47,28,34797734000000,2026-09-10T09:13:47.152244+00:00,interpolated,139.0,39.0,-995.0
31.552324198,842346870554459316,842346871914387352,47,29,34797734000000,2026-09-10T09:13:47.152244+00:00,interpolated,131.0,37.0,-999.0
31.571212087,842346870573347205,842346871914387352,47,30,34797734000000,2026-09-10T09:13:47.152244+00:00,interpolated,130.0,38.0,-1004.0
31.590099977,842346870592235095,842346871914387352,47,31,34797734000000,2026-09-10T09:13:47.152244+00:00,interpolated,133.0,41.0,-1001.0
31.608987866,842346870611122984,842346871914387352,47,32,34797734000000,2026-09-10T09:13:47.152244+00:00,interpolated,137.0,39.0,-999.0
31.627875755,842346870630010873,842346871914387352,47,33,34797734000000,2026-09-10T09:13:47.152244+00:00,interpolated,139.0,39.0,-993.0
31.646763645,842346870648898763,842346871914387352,47,34,34797734000000,2026-09-10T09:13:47.152244+00:00,interpolated,141.0,40.0,-998.0
31.665651534,842346870667786652,842346871914387352,47,35,34797734000000,2026-09-10T09:13:47.152244+00:00,interpolated,139.0,41.0,-995.0
31.684539424,842346870686674542,842346871914387352,47,36,34797734000000,2026-09-10T09:13:47.152244+00:00,interpolated,136.0,36.0,-994.0
31.703427313,842346870705562431,842346871914387352,47,37,34797734000000,2026-09-10T09:13:47.152244+00:00,interpolated,138.0,35.0,-996.0
31.722315202,842346870724450320,842346871914387352,47,38,34797734000000,2026-09-10T09:13:47.152244+00:00,interpolated,136.0,35.0,-1004.0
31.741203092,842346870743338210,842346871914387352,47,39,34797734000000,2026-09-10T09:13:47.152244+00:00,interpolated,133.0,38.0,-1009.0
31.760090981,842346870762226099,842346871914387352,47,40,34797734000000,2026-09-10T09:13:47.152244+00:00,interpolated,140.0,43.0,-999.0
31.77897887,842346870781113988,842346871914387352,47,41,34797734000000,2026-09-10T09:13:47.152244+00:00,interpolated,137.0,34.0,-990.0
31.79786676,842346870800001878,842346871914387352,47,42,34797734000000,2026-09-10T09:13:47.152244+00:00,interpolated,140.0,41.0,-991.0
31.816754649,842346870818889767,842346871914387352,47,43,34797734000000,2026-09-10T09:13:47.152244+00:00,interpolated,141.0,41.0,-994.0
31.835642539,842346870837777657,842346871914387352,47,44,34797734000000,2026-09-10T09:13:47.152244+00:00,interpolated,139.0,42.0,-994.0
31.854530428,842346870856665546,842346871914387352,47,45,34797734000000,2026-09-10T09:13:47.152244+00:00,interpolated,139.0,37.0,-996.0
31.873418317,842346870875553435,842346871914387352,47,46,34797734000000,2026-09-10T09:13:47.152244+00:00,interpolated,135.0,38.0,-1003.0
31.892306207,842346870894441325,842346871914387352,47,47,34797734000000,2026-09-10T09:13:47.152244+00:00,interpolated,133.0,37.0,-1004.0
31.911194096,842346870913329214,842346871914387352,47,48,34797734000000,2026-09-10T09:13:47.152244+00:00,interpolated,134.0,42.0,-994.0
31.930081986,842346870932217104,842346871914387352,47,49,34797734000000,2026-09-10T09:13:47.152244+00:00,interpolated,142.0,39.0,-997.0
31.948969875,842346870951104993,842346871914387352,47,50,34797734000000,2026-09-10T09:13:47.152244+00:00,interpolated,135.0,47.0,-997.0
31.967857764,842346870969992882,842346871914387352,47,51,34797734000000,2026-09-10T09:13:47.152244+00:00,interpolated,138.0,42.0,-994.0
31.986745654,842346870988880772,842346871914387352,47,52,34797734000000,2026-09-10T09:13:47.152244+00:00,interpolated,139.0,38.0,-996.0
32.005633543,842346871007768661,842346871914387352,47,53,34797734000000,2026-09-10T09:13:47.152244+00:00,interpolated,131.0,36.0,-996.0
32.024521433,842346871026656551,842346871914387352,47,54,34797734000000,2026-09-10T09:13:47.152244+00:00,interpolated,131.0,39.0,-998.0
32.043409322,842346871045544440,842346871914387352,47,55,34797734000000,2026-09-10T09:13:47.152244+00:00,interpolated,136.0,34.0,-997.0
32.062297211,842346871064432329,842346871914387352,47,56,34797734000000,2026-09-10T09:13:47.152244+00:00,interpolated,130.0,36.0,-995.0
32.081185101,842346871083320219,842346871914387352,47,57,34797734000000,2026-09-10T09:13:47.152244+00:00,interpolated,136.0,42.0,-994.0
32.10007299,842346871102208108,842346871914387352,47,58,34797734000000,2026-09-10T09:13:47.152244+00:00,interpolated,139.0,43.0,-1001.0
32.11896088,842346871121095998,842346871914387352,47,59,34797734000000,2026-09-10T09:13:47.152244+00:00,interpolated,140.0,39.0,-1004.0
32.137848769,842346871139983887,842346871914387352,47,60,34797734000000,2026-09-10T09:13:47.152244+00:00,interpolated,141.0,41.0,-1002.0
32.156736658,842346871158871776,842346871914387352,47,61,34797734000000,2026-09-10T09:13:47.152244+00:00,interpolated,138.0,36.0,-1002.0
32.175624548,842346871177759666,842346871914387352,47,62,34797734000000,2026-09-10T09:13:47.152244+00:00,interpolated,135.0,35.0,-1004.0
32.194512437,842346871196647555,842346871914387352,47,63,34797734000000,2026-09-10T09:13:47.152244+00:00,interpolated,132.0,36.0,-994.0
32.213400326,842346871215535444,842346871914387352,47,64,34797734000000,2026-09-10T09:13:47.152244+00:00,interpolated,133.0,38.0,-995.0
32.232288216,842346871234423334,842346871914387352,47,65,34797734000000,2026-09-10T09:13:47.152244+00:00,interpolated,135.0,39.0,-993.0
32.251176105,842346871253311223,842346871914387352,47,66,34797734000000,2026-09-10T09:13:47.152244+00:00,interpolated,141.0,40.0,-1000.0
32.270063995,842346871272199113,842346871914387352,47,67,34797734000000,2026-09-10T09:13:47.152244+00:00,interpolated,137.0,45.0,-991.0
32.288951884,842346871291087002,842346871914387352,47,68,34797734000000,2026-09-10T09:13:47.152244+00:00,interpolated,136.0,44.0,-1000.0
32.307839773,842346871309974891,842346871914387352,47,69,34797734000000,2026-09-10T09:13:47.152244+00:00,interpolated,132.0,41.0,-998.0
32.326727663,842346871328862781,842346871914387352,47,70,34797734000000,2026-09-10T09:13:47.152244+00:00,interpolated,134.0,39.0,-1002.0
32.345615552,842346871347750670,842346871914387352,47,71,34797734000000,2026-09-10T09:13:47.152244+00:00,interpolated,134.0,38.0,-1001.0
32.364503442,842346871366638560,842346871914387352,47,72,34797734000000,2026-09-10T09:13:47.152244+00:00,interpolated,135.0,35.0,-1003.0
32.383391331,842346871385526449,842346871914387352,47,73,34797734000000,2026-09-10T09:13:47.152244+00:00,interpolated,139.0,40.0,-999.0
32.40227922,842346871404414338,842346871914387352,47,74,34797734000000,2026-09-10T09:13:47.152244+00:00,interpolated,141.0,40.0,-996.0
32.42116711,842346871423302228,842346871914387352,47,75,34797734000000,2026-09-10T09:13:47.152244+00:00,interpolated,143.0,38.0,-995.0
32.440054999,842346871442190117,842346871914387352,47,76,34797734000000,2026-09-10T09:13:47.152244+00:00,interpolated,136.0,38.0,-995.0
32.458942889,842346871461078007,842346871914387352,47,77,34797734000000,2026-09-10T09:13:47.152244+00:00,interpolated,138.0,39.0,-996.0
32.477830778,842346871479965896,842346871914387352,47,78,34797734000000,2026-09-10T09:13:47.152244+00:00,interpolated,134.0,36.0,-1001.0
32.496718667,842346871498853785,842346871914387352,47,79,34797734000000,2026-09-10T09:13:47.152244+00:00,interpolated,135.0,37.0,-999.0
32.515606557,842346871517741675,842346871914387352,47,80,34797734000000,2026-09-10T09:13:47.152244+00:00,interpolated,139.0,37.0,-1005.0
32.534494446,842346871536629564,842346871914387352,47,81,34797734000000,2026-09-10T09:13:47.152244+00:00,interpolated,138.0,42.0,-997.0
32.553382336,842346871555517454,842346871914387352,47,82,34797734000000,2026-09-10T09:13:47.152244+00:00,interpolated,138.0,42.0,-997.0
32.572270225,842346871574405343,842346871914387352,47,83,34797734000000,2026-09-10T09:13:47.152244+00:00,interpolated,132.0,38.0,-999.0
32.591158114,842346871593293232,842346871914387352,47,84,34797734000000,2026-09-10T09:13:47.152244+00:00,interpolated,136.0,38.0,-996.0
32.610046004,842346871612181122,842346871914387352,47,85,34797734000000,2026-09-10T09:13:47.152244+00:00,interpolated,134.0,33.0,-1001.0
32.628933893,842346871631069011,842346871914387352,47,86,34797734000000,2026-09-10T09:13:47.152244+00:00,interpolated,135.0,35.0,-1004.0
32.647821783,842346871649956901,842346871914387352,47,87,34797734000000,2026-09-10T09:13:47.152244+00:00,interpolated,136.0,40.0,-1007.0
32.666709672,842346871668844790,842346871914387352,47,88,34797734000000,2026-09-10T09:13:47.152244+00:00,interpolated,144.0,39.0,-998.0
32.685597561,842346871687732679,842346871914387352,47,89,34797734000000,2026-09-10T09:13:47.152244+00:00,interpolated,137.0,38.0,-997.0
32.704485451,842346871706620569,842346871914387352,47,90,34797734000000,2026-09-10T09:13:47.152244+00:00,interpolated,138.0,41.0,-997.0
32.72337334,842346871725508458,842346871914387352,47,91,34797734000000,2026-09-10T09:13:47.152244+00:00,interpolated,136.0,38.0,-998.0
32.742261229,842346871744396347,842346871914387352,47,92,34797734000000,2026-09-10T09:13:47.152244+00:00,interpolated,140.0,40.0,-995.0
32.761149119,842346871763284237,842346871914387352,47,93,34797734000000,2026-09-10T09:13:47.152244+00:00,interpolated,137.0,39.0,-992.0
32.780037008,842346871782172126,842346871914387352,47,94,34797734000000,2026-09-10T09:13:47.152244+00:00,interpolated,131.0,39.0,-998.0
32.798924898,842346871801060016,842346871914387352,47,95,34797734000000,2026-09-10T09:13:47.152244+00:00,interpolated,135.0,39.0,-1000.0
32.817812787,842346871819947905,842346871914387352,47,96,34797734000000,2026-09-10T09:13:47.152244+00:00,interpolated,137.0,41.0,-999.0
32.836700676,842346871838835794,842346871914387352,47,97,34797734000000,2026-09-10T09:13:47.152244+00:00,interpolated,135.0,42.0,-996.0
32.855588566,842346871857723684,842346871914387352,47,98,34797734000000,2026-09-10T09:13:47.152244+00:00,interpolated,136.0,41.0,-996.0
32.874476455,842346871876611573,842346871914387352,47,99,34797734000000,2026-09-10T09:13:47.152244+00:00,interpolated,138.0,40.0,-995.0
32.893364345,842346871895499463,842346871914387352,47,100,34797734000000,2026-09-10T09:13:47.152244+00:00,interpolated,141.0,38.0,-1002.0
32.912252234,842346871914387352,842346871914387352,47,101,34797734000000,2026-09-10T09:13:47.152244+00:00,interpolated,133.0,35.0,-996.0
32.931140115,842346871933275233,842346873897614840,50,0,34799593000000,2026-09-10T09:13:49.011922+00:00,interpolated,135.0,37.0,-996.0
32.950027996,842346871952163114,842346873897614840,50,1,34799593000000,2026-09-10T09:13:49.011922+00:00,interpolated,136.0,38.0,-993.0
32.968915877,842346871971050995,842346873897614840,50,2,34799593000000,2026-09-10T09:13:49.011922+00:00,interpolated,138.0,39.0,-994.0
32.987803757,842346871989938875,842346873897614840,50,3,34799593000000,2026-09-10T09:13:49.011922+00:00,interpolated,138.0,41.0,-999.0
33.006691638,842346872008826756,842346873897614840,50,4,34799593000000,2026-09-10T09:13:49.011922+00:00,interpolated,139.0,38.0,-997.0
33.025579519,842346872027714637,842346873897614840,50,5,34799593000000,2026-09-10T09:13:49.011922+00:00,interpolated,137.0,38.0,-994.0
33.0444674,842346872046602518,842346873897614840,50,6,34799593000000,2026-09-10T09:13:49.011922+00:00,interpolated,139.0,36.0,-1000.0
33.063355281,842346872065490399,842346873897614840,50,7,34799593000000,2026-09-10T09:13:49.011922+00:00,interpolated,133.0,41.0,-997.0
33.082243162,842346872084378280,842346873897614840,50,8,34799593000000,2026-09-10T09:13:49.011922+00:00,interpolated,142.0,42.0,-995.0
33.101131042,842346872103266160,842346873897614840,50,9,34799593000000,2026-09-10T09:13:49.011922+00:00,interpolated,137.0,37.0,-995.0
33.120018923,842346872122154041,842346873897614840,50,10,34799593000000,2026-09-10T09:13:49.011922+00:00,interpolated,139.0,40.0,-996.0
33.138906804,842346872141041922,842346873897614840,50,11,34799593000000,2026-09-10T09:13:49.011922+00:00,interpolated,138.0,38.0,-995.0
33.157794685,842346872159929803,842346873897614840,50,12,34799593000000,2026-09-10T09:13:49.011922+00:00,interpolated,140.0,37.0,-998.0
33.176682566,842346872178817684,842346873897614840,50,13,34799593000000,2026-09-10T09:13:49.011922+00:00,interpolated,135.0,41.0,-1002.0
33.195570447,842346872197705565,842346873897614840,50,14,34799593000000,2026-09-10T09:13:49.011922+00:00,interpolated,134.0,38.0,-996.0
33.214458327,842346872216593445,842346873897614840,50,15,34799593000000,2026-09-10T09:13:49.011922+00:00,interpolated,134.0,40.0,-999.0
33.233346208,842346872235481326,842346873897614840,50,16,34799593000000,2026-09-10T09:13:49.011922+00:00,interpolated,136.0,38.0,-999.0
33.252234089,842346872254369207,842346873897614840,50,17,34799593000000,2026-09-10T09:13:49.011922+00:00,interpolated,138.0,38.0,-993.0
33.27112197,842346872273257088,842346873897614840,50,18,34799593000000,2026-09-10T09:13:49.011922+00:00,interpolated,138.0,42.0,-999.0
33.290009851,842346872292144969,842346873897614840,50,19,34799593000000,2026-09-10T09:13:49.011922+00:00,interpolated,138.0,41.0,-999.0
33.308897732,842346872311032850,842346873897614840,50,20,34799593000000,2026-09-10T09:13:49.011922+00:00,interpolated,138.0,38.0,-997.0
33.327785612,842346872329920730,842346873897614840,50,21,34799593000000,2026-09-10T09:13:49.011922+00:00,interpolated,134.0,41.0,-1004.0
33.346673493,842346872348808611,842346873897614840,50,22,34799593000000,2026-09-10T09:13:49.011922+00:00,interpolated,136.0,40.0,-999.0
33.365561374,842346872367696492,842346873897614840,50,23,34799593000000,2026-09-10T09:13:49.011922+00:00,interpolated,136.0,38.0,-996.0
33.384449255,842346872386584373,842346873897614840,50,24,34799593000000,2026-09-10T09:13:49.011922+00:00,interpolated,140.0,44.0,-994.0
33.403337136,842346872405472254,842346873897614840,50,25,34799593000000,2026-09-10T09:13:49.011922+00:00,interpolated,138.0,41.0,-999.0
33.422225017,842346872424360135,842346873897614840,50,26,34799593000000,2026-09-10T09:13:49.011922+00:00,interpolated,138.0,34.0,-993.0
33.441112897,842346872443248015,842346873897614840,50,27,34799593000000,2026-09-10T09:13:49.011922+00:00,interpolated,136.0,37.0,-994.0
33.460000778,842346872462135896,842346873897614840,50,28,34799593000000,2026-09-10T09:13:49.011922+00:00,interpolated,138.0,40.0,-998.0
33.478888659,842346872481023777,842346873897614840,50,29,34799593000000,2026-09-10T09:13:49.011922+00:00,interpolated,139.0,41.0,-998.0
33.49777654,842346872499911658,842346873897614840,50,30,34799593000000,2026-09-10T09:13:49.011922+00:00,interpolated,134.0,42.0,-997.0
33.516664421,842346872518799539,842346873897614840,50,31,34799593000000,2026-09-10T09:13:49.011922+00:00,interpolated,139.0,40.0,-997.0
33.535552302,842346872537687420,842346873897614840,50,32,34799593000000,2026-09-10T09:13:49.011922+00:00,interpolated,139.0,43.0,-995.0
33.554440182,842346872556575300,842346873897614840,50,33,34799593000000,2026-09-10T09:13:49.011922+00:00,interpolated,137.0,40.0,-997.0
33.573328063,842346872575463181,842346873897614840,50,34,34799593000000,2026-09-10T09:13:49.011922+00:00,interpolated,138.0,40.0,-998.0
33.592215944,842346872594351062,842346873897614840,50,35,34799593000000,2026-09-10T09:13:49.011922+00:00,interpolated,139.0,36.0,-1001.0
33.611103825,842346872613238943,842346873897614840,50,36,34799593000000,2026-09-10T09:13:49.011922+00:00,interpolated,136.0,43.0,-997.0
33.629991706,842346872632126824,842346873897614840,50,37,34799593000000,2026-09-10T09:13:49.011922+00:00,interpolated,140.0,41.0,-994.0
33.648879587,842346872651014705,842346873897614840,50,38,34799593000000,2026-09-10T09:13:49.011922+00:00,interpolated,137.0,42.0,-997.0
33.667767468,842346872669902586,842346873897614840,50,39,34799593000000,2026-09-10T09:13:49.011922+00:00,interpolated,139.0,39.0,-997.0
33.686655348,842346872688790466,842346873897614840,50,40,34799593000000,2026-09-10T09:13:49.011922+00:00,interpolated,138.0,39.0,-993.0
33.705543229,842346872707678347,842346873897614840,50,41,34799593000000,2026-09-10T09:13:49.011922+00:00,interpolated,141.0,42.0,-998.0
33.72443111,842346872726566228,842346873897614840,50,42,34799593000000,2026-09-10T09:13:49.011922+00:00,interpolated,133.0,43.0,-997.0
33.743318991,842346872745454109,842346873897614840,50,43,34799593000000,2026-09-10T09:13:49.011922+00:00,interpolated,139.0,37.0,-997.0
33.762206872,842346872764341990,842346873897614840,50,44,34799593000000,2026-09-10T09:13:49.011922+00:00,interpolated,134.0,35.0,-998.0
33.781094753,842346872783229871,842346873897614840,50,45,34799593000000,2026-09-10T09:13:49.011922+00:00,interpolated,136.0,40.0,-1005.0
33.799982633,842346872802117751,842346873897614840,50,46,34799593000000,2026-09-10T09:13:49.011922+00:00,interpolated,140.0,36.0,-996.0
33.818870514,842346872821005632,842346873897614840,50,47,34799593000000,2026-09-10T09:13:49.011922+00:00,interpolated,141.0,38.0,-993.0
33.837758395,842346872839893513,842346873897614840,50,48,34799593000000,2026-09-10T09:13:49.011922+00:00,interpolated,142.0,37.0,-998.0
33.856646276,842346872858781394,842346873897614840,50,49,34799593000000,2026-09-10T09:13:49.011922+00:00,interpolated,138.0,38.0,-997.0
33.875534157,842346872877669275,842346873897614840,50,50,34799593000000,2026-09-10T09:13:49.011922+00:00,interpolated,138.0,37.0,-1000.0
33.894422038,842346872896557156,842346873897614840,50,51,34799593000000,2026-09-10T09:13:49.011922+00:00,interpolated,138.0,38.0,-1003.0
33.913309918,842346872915445036,842346873897614840,50,52,34799593000000,2026-09-10T09:13:49.011922+00:00,interpolated,133.0,42.0,-994.0
33.932197799,842346872934332917,842346873897614840,50,53,34799593000000,2026-09-10T09:13:49.011922+00:00,interpolated,137.0,37.0,-1001.0
33.95108568,842346872953220798,842346873897614840,50,54,34799593000000,2026-09-10T09:13:49.011922+00:00,interpolated,138.0,39.0,-994.0
33.969973561,842346872972108679,842346873897614840,50,55,34799593000000,2026-09-10T09:13:49.011922+00:00,interpolated,136.0,38.0,-994.0
33.988861442,842346872990996560,842346873897614840,50,56,34799593000000,2026-09-10T09:13:49.011922+00:00,interpolated,135.0,38.0,-999.0
34.007749323,842346873009884441,842346873897614840,50,57,34799593000000,2026-09-10T09:13:49.011922+00:00,interpolated,139.0,38.0,-996.0
34.026637203,842346873028772321,842346873897614840,50,58,34799593000000,2026-09-10T09:13:49.011922+00:00,interpolated,137.0,37.0,-1001.0
34.045525084,842346873047660202,842346873897614840,50,59,34799593000000,2026-09-10T09:13:49.011922+00:00,interpolated,135.0,36.0,-996.0
34.064412965,842346873066548083,842346873897614840,50,60,34799593000000,2026-09-10T09:13:49.011922+00:00,interpolated,136.0,34.0,-997.0
34.083300846,842346873085435964,842346873897614840,50,61,34799593000000,2026-09-10T09:13:49.011922+00:00,interpolated,138.0,38.0,-999.0
34.102188727,842346873104323845,842346873897614840,50,62,34799593000000,2026-09-10T09:13:49.011922+00:00,interpolated,138.0,36.0,-997.0
34.121076608,842346873123211726,842346873897614840,50,63,34799593000000,2026-09-10T09:13:49.011922+00:00,interpolated,136.0,39.0,-993.0
34.139964488,842346873142099606,842346873897614840,50,64,34799593000000,2026-09-10T09:13:49.011922+00:00,interpolated,136.0,45.0,-995.0
34.158852369,842346873160987487,842346873897614840,50,65,34799593000000,2026-09-10T09:13:49.011922+00:00,interpolated,142.0,38.0,-995.0
34.17774025,842346873179875368,842346873897614840,50,66,34799593000000,2026-09-10T09:13:49.011922+00:00,interpolated,138.0,38.0,-999.0
34.196628131,842346873198763249,842346873897614840,50,67,34799593000000,2026-09-10T09:13:49.011922+00:00,interpolated,134.0,37.0,-1002.0
34.215516012,842346873217651130,842346873897614840,50,68,34799593000000,2026-09-10T09:13:49.011922+00:00,interpolated,138.0,40.0,-990.0
34.234403893,842346873236539011,842346873897614840,50,69,34799593000000,2026-09-10T09:13:49.011922+00:00,interpolated,140.0,41.0,-998.0
34.253291774,842346873255426892,842346873897614840,50,70,34799593000000,2026-09-10T09:13:49.011922+00:00,interpolated,138.0,38.0,-997.0
34.272179654,842346873274314772,842346873897614840,50,71,34799593000000,2026-09-10T09:13:49.011922+00:00,interpolated,134.0,42.0,-1002.0
34.291067535,842346873293202653,842346873897614840,50,72,34799593000000,2026-09-10T09:13:49.011922+00:00,interpolated,137.0,40.0,-995.0
34.309955416,842346873312090534,842346873897614840,50,73,34799593000000,2026-09-10T09:13:49.011922+00:00,interpolated,141.0,41.0,-997.0
34.328843297,842346873330978415,842346873897614840,50,74,34799593000000,2026-09-10T09:13:49.011922+00:00,interpolated,136.0,42.0,-997.0
34.347731178,842346873349866296,842346873897614840,50,75,34799593000000,2026-09-10T09:13:49.011922+00:00,interpolated,135.0,35.0,-996.0
34.366619059,842346873368754177,842346873897614840,50,76,34799593000000,2026-09-10T09:13:49.011922+00:00,interpolated,133.0,36.0,-997.0
34.385506939,842346873387642057,842346873897614840,50,77,34799593000000,2026-09-10T09:13:49.011922+00:00,interpolated,138.0,41.0,-998.0
34.40439482,842346873406529938,842346873897614840,50,78,34799593000000,2026-09-10T09:13:49.011922+00:00,interpolated,135.0,35.0,-996.0
34.423282701,842346873425417819,842346873897614840,50,79,34799593000000,2026-09-10T09:13:49.011922+00:00,interpolated,139.0,42.0,-997.0
34.442170582,842346873444305700,842346873897614840,50,80,34799593000000,2026-09-10T09:13:49.011922+00:00,interpolated,135.0,43.0,-994.0
34.461058463,842346873463193581,842346873897614840,50,81,34799593000000,2026-09-10T09:13:49.011922+00:00,interpolated,137.0,36.0,-996.0
34.479946344,842346873482081462,842346873897614840,50,82,34799593000000,2026-09-10T09:13:49.011922+00:00,interpolated,139.0,34.0,-996.0
34.498834224,842346873500969342,842346873897614840,50,83,34799593000000,2026-09-10T09:13:49.011922+00:00,interpolated,140.0,38.0,-998.0
34.517722105,842346873519857223,842346873897614840,50,84,34799593000000,2026-09-10T09:13:49.011922+00:00,interpolated,138.0,36.0,-999.0
34.536609986,842346873538745104,842346873897614840,50,85,34799593000000,2026-09-10T09:13:49.011922+00:00,interpolated,137.0,40.0,-996.0
34.555497867,842346873557632985,842346873897614840,50,86,34799593000000,2026-09-10T09:13:49.011922+00:00,interpolated,139.0,36.0,-1000.0
34.574385748,842346873576520866,842346873897614840,50,87,34799593000000,2026-09-10T09:13:49.011922+00:00,interpolated,137.0,38.0,-996.0
34.593273629,842346873595408747,842346873897614840,50,88,34799593000000,2026-09-10T09:13:49.011922+00:00,interpolated,136.0,42.0,-999.0
34.612161509,842346873614296627,842346873897614840,50,89,34799593000000,2026-09-10T09:13:49.011922+00:00,interpolated,135.0,37.0,-999.0
34.63104939,842346873633184508,842346873897614840,50,90,34799593000000,2026-09-10T09:13:49.011922+00:00,interpolated,136.0,40.0,-994.0
34.649937271,842346873652072389,842346873897614840,50,91,34799593000000,2026-09-10T09:13:49.011922+00:00,interpolated,139.0,42.0,-998.0
34.668825152,842346873670960270,842346873897614840,50,92,34799593000000,2026-09-10T09:13:49.011922+00:00,interpolated,138.0,39.0,-999.0
34.687713033,842346873689848151,842346873897614840,50,93,34799593000000,2026-09-10T09:13:49.011922+00:00,interpolated,142.0,36.0,-997.0
34.706600914,842346873708736032,842346873897614840,50,94,34799593000000,2026-09-10T09:13:49.011922+00:00,interpolated,137.0,44.0,-997.0
34.725488794,842346873727623912,842346873897614840,50,95,34799593000000,2026-09-10T09:13:49.011922+00:00,interpolated,138.0,38.0,-998.0
34.744376675,842346873746511793,842346873897614840,50,96,34799593000000,2026-09-10T09:13:49.011922+00:00,interpolated,138.0,39.0,-1000.0
34.763264556,842346873765399674,842346873897614840,50,97,34799593000000,2026-09-10T09:13:49.011922+00:00,interpolated,141.0,37.0,-996.0
34.782152437,842346873784287555,842346873897614840,50,98,34799593000000,2026-09-10T09:13:49.011922+00:00,interpolated,136.0,41.0,-996.0
34.801040318,842346873803175436,842346873897614840,50,99,34799593000000,2026-09-10T09:13:49.011922+00:00,interpolated,135.0,39.0,-997.0
34.819928199,842346873822063317,842346873897614840,50,100,34799593000000,2026-09-10T09:13:49.011922+00:00,interpolated,137.0,38.0,-999.0
34.838816079,842346873840951197,842346873897614840,50,101,34799593000000,2026-09-10T09:13:49.011922+00:00,interpolated,138.0,38.0,-995.0
34.85770396,842346873859839078,842346873897614840,50,102,34799593000000,2026-09-10T09:13:49.011922+00:00,interpolated,135.0,35.0,-996.0
34.876591841,842346873878726959,842346873897614840,50,103,34799593000000,2026-09-10T09:13:49.011922+00:00,interpolated,135.0,38.0,-996.0
34.895479722,842346873897614840,842346873897614840,50,104,34799593000000,2026-09-10T09:13:49.011922+00:00,interpolated,137.0,37.0,-997.0
34.9143678,842346873916502918,842346876258624650,54,0,34801843000000,2026-09-10T09:13:51.261913+00:00,interpolated,141.0,41.0,-999.0
34.933255879,842346873935390997,842346876258624650,54,1,34801843000000,2026-09-10T09:13:51.261913+00:00,interpolated,138.0,39.0,-994.0
34.952143957,842346873954279075,842346876258624650,54,2,34801843000000,2026-09-10T09:13:51.261913+00:00,interpolated,139.0,41.0,-1000.0
34.971032036,842346873973167154,842346876258624650,54,3,34801843000000,2026-09-10T09:13:51.261913+00:00,interpolated,138.0,39.0,-997.0
34.989920114,842346873992055232,842346876258624650,54,4,34801843000000,2026-09-10T09:13:51.261913+00:00,interpolated,137.0,43.0,-997.0
35.008808193,842346874010943311,842346876258624650,54,5,34801843000000,2026-09-10T09:13:51.261913+00:00,interpolated,141.0,41.0,-994.0
35.027696271,842346874029831389,842346876258624650,54,6,34801843000000,2026-09-10T09:13:51.261913+00:00,interpolated,136.0,35.0,-996.0
35.04658435,842346874048719468,842346876258624650,54,7,34801843000000,2026-09-10T09:13:51.261913+00:00,interpolated,140.0,39.0,-1002.0
35.065472428,842346874067607546,842346876258624650,54,8,34801843000000,2026-09-10T09:13:51.261913+00:00,interpolated,134.0,39.0,-998.0
35.084360507,842346874086495625,842346876258624650,54,9,34801843000000,2026-09-10T09:13:51.261913+00:00,interpolated,139.0,38.0,-998.0
35.103248585,842346874105383703,842346876258624650,54,10,34801843000000,2026-09-10T09:13:51.261913+00:00,interpolated,137.0,37.0,-1001.0
35.122136664,842346874124271782,842346876258624650,54,11,34801843000000,2026-09-10T09:13:51.261913+00:00,interpolated,134.0,38.0,-999.0
35.141024742,842346874143159860,842346876258624650,54,12,34801843000000,2026-09-10T09:13:51.261913+00:00,interpolated,137.0,39.0,-993.0
35.159912821,842346874162047939,842346876258624650,54,13,34801843000000,2026-09-10T09:13:51.261913+00:00,interpolated,137.0,39.0,-995.0
35.178800899,842346874180936017,842346876258624650,54,14,34801843000000,2026-09-10T09:13:51.261913+00:00,interpolated,139.0,39.0,-1002.0
35.197688978,842346874199824096,842346876258624650,54,15,34801843000000,2026-09-10T09:13:51.261913+00:00,interpolated,137.0,38.0,-996.0
35.216577056,842346874218712174,842346876258624650,54,16,34801843000000,2026-09-10T09:13:51.261913+00:00,interpolated,135.0,38.0,-996.0
35.235465135,842346874237600253,842346876258624650,54,17,34801843000000,2026-09-10T09:13:51.261913+00:00,interpolated,137.0,35.0,-996.0
35.254353213,842346874256488331,842346876258624650,54,18,34801843000000,2026-09-10T09:13:51.261913+00:00,interpolated,138.0,42.0,-997.0
35.273241292,842346874275376410,842346876258624650,54,19,34801843000000,2026-09-10T09:13:51.261913+00:00,interpolated,137.0,38.0,-990.0
35.29212937,842346874294264488,842346876258624650,54,20,34801843000000,2026-09-10T09:13:51.261913+00:00,interpolated,135.0,39.0,-999.0
35.311017449,842346874313152567,842346876258624650,54,21,34801843000000,2026-09-10T09:13:51.261913+00:00,interpolated,138.0,41.0,-994.0
35.329905527,842346874332040645,842346876258624650,54,22,34801843000000,2026-09-10T09:13:51.261913+00:00,interpolated,136.0,40.0,-997.0
35.348793606,842346874350928724,842346876258624650,54,23,34801843000000,2026-09-10T09:13:51.261913+00:00,interpolated,136.0,39.0,-996.0
35.367681684,842346874369816802,842346876258624650,54,24,34801843000000,2026-09-10T09:13:51.261913+00:00,interpolated,135.0,40.0,-996.0
35.386569762,842346874388704880,842346876258624650,54,25,34801843000000,2026-09-10T09:13:51.261913+00:00,interpolated,140.0,38.0,-1000.0
35.405457841,842346874407592959,842346876258624650,54,26,34801843000000,2026-09-10T09:13:51.261913+00:00,interpolated,140.0,42.0,-1001.0
35.424345919,842346874426481037,842346876258624650,54,27,34801843000000,2026-09-10T09:13:51.261913+00:00,interpolated,135.0,39.0,-998.0
35.443233998,842346874445369116,842346876258624650,54,28,34801843000000,2026-09-10T09:13:51.261913+00:00,interpolated,138.0,38.0,-1000.0
35.462122076,842346874464257194,842346876258624650,54,29,34801843000000,2026-09-10T09:13:51.261913+00:00,interpolated,137.0,36.0,-1000.0
35.481010155,842346874483145273,842346876258624650,54,30,34801843000000,2026-09-10T09:13:51.261913+00:00,interpolated,140.0,36.0,-1002.0
35.499898233,842346874502033351,842346876258624650,54,31,34801843000000,2026-09-10T09:13:51.261913+00:00,interpolated,134.0,37.0,-999.0
35.518786312,842346874520921430,842346876258624650,54,32,34801843000000,2026-09-10T09:13:51.261913+00:00,interpolated,135.0,39.0,-994.0
35.53767439,842346874539809508,842346876258624650,54,33,34801843000000,2026-09-10T09:13:51.261913+00:00,interpolated,136.0,39.0,-1000.0
35.556562469,842346874558697587,842346876258624650,54,34,34801843000000,2026-09-10T09:13:51.261913+00:00,interpolated,140.0,38.0,-994.0
35.575450547,842346874577585665,842346876258624650,54,35,34801843000000,2026-09-10T09:13:51.261913+00:00,interpolated,135.0,41.0,-997.0
35.594338626,842346874596473744,842346876258624650,54,36,34801843000000,2026-09-10T09:13:51.261913+00:00,interpolated,136.0,37.0,-997.0
35.613226704,842346874615361822,842346876258624650,54,37,34801843000000,2026-09-10T09:13:51.261913+00:00,interpolated,133.0,41.0,-1000.0
35.632114783,842346874634249901,842346876258624650,54,38,34801843000000,2026-09-10T09:13:51.261913+00:00,interpolated,139.0,38.0,-1004.0
35.651002861,842346874653137979,842346876258624650,54,39,34801843000000,2026-09-10T09:13:51.261913+00:00,interpolated,136.0,39.0,-998.0
35.66989094,842346874672026058,842346876258624650,54,40,34801843000000,2026-09-10T09:13:51.261913+00:00,interpolated,139.0,38.0,-1000.0
35.688779018,842346874690914136,842346876258624650,54,41,34801843000000,2026-09-10T09:13:51.261913+00:00,interpolated,135.0,39.0,-1002.0
35.707667097,842346874709802215,842346876258624650,54,42,34801843000000,2026-09-10T09:13:51.261913+00:00,interpolated,135.0,37.0,-998.0
35.726555175,842346874728690293,842346876258624650,54,43,34801843000000,2026-09-10T09:13:51.261913+00:00,interpolated,136.0,38.0,-1002.0
35.745443254,842346874747578372,842346876258624650,54,44,34801843000000,2026-09-10T09:13:51.261913+00:00,interpolated,134.0,44.0,-996.0
35.764331332,842346874766466450,842346876258624650,54,45,34801843000000,2026-09-10T09:13:51.261913+00:00,interpolated,136.0,36.0,-996.0
35.783219411,842346874785354529,842346876258624650,54,46,34801843000000,2026-09-10T09:13:51.261913+00:00,interpolated,135.0,37.0,-1000.0
35.802107489,842346874804242607,842346876258624650,54,47,34801843000000,2026-09-10T09:13:51.261913+00:00,interpolated,136.0,41.0,-999.0
35.820995568,842346874823130686,842346876258624650,54,48,34801843000000,2026-09-10T09:13:51.261913+00:00,interpolated,139.0,41.0,-995.0
35.839883646,842346874842018764,842346876258624650,54,49,34801843000000,2026-09-10T09:13:51.261913+00:00,interpolated,138.0,41.0,-1001.0
35.858771724,842346874860906842,842346876258624650,54,50,34801843000000,2026-09-10T09:13:51.261913+00:00,interpolated,138.0,39.0,-997.0
35.877659803,842346874879794921,842346876258624650,54,51,34801843000000,2026-09-10T09:13:51.261913+00:00,interpolated,133.0,40.0,-1000.0
35.896547881,842346874898682999,842346876258624650,54,52,34801843000000,2026-09-10T09:13:51.261913+00:00,interpolated,138.0,37.0,-995.0
35.91543596,842346874917571078,842346876258624650,54,53,34801843000000,2026-09-10T09:13:51.261913+00:00,interpolated,135.0,39.0,-997.0
35.934324038,842346874936459156,842346876258624650,54,54,34801843000000,2026-09-10T09:13:51.261913+00:00,interpolated,136.0,34.0,-1000.0
35.953212117,842346874955347235,842346876258624650,54,55,34801843000000,2026-09-10T09:13:51.261913+00:00,interpolated,137.0,40.0,-999.0
35.972100195,842346874974235313,842346876258624650,54,56,34801843000000,2026-09-10T09:13:51.261913+00:00,interpolated,133.0,42.0,-999.0
35.990988274,842346874993123392,842346876258624650,54,57,34801843000000,2026-09-10T09:13:51.261913+00:00,interpolated,134.0,38.0,-999.0
36.009876352,842346875012011470,842346876258624650,54,58,34801843000000,2026-09-10T09:13:51.261913+00:00,interpolated,136.0,40.0,-996.0
36.028764431,842346875030899549,842346876258624650,54,59,34801843000000,2026-09-10T09:13:51.261913+00:00,interpolated,134.0,41.0,-997.0
36.047652509,842346875049787627,842346876258624650,54,60,34801843000000,2026-09-10T09:13:51.261913+00:00,interpolated,137.0,36.0,-999.0
36.066540588,842346875068675706,842346876258624650,54,61,34801843000000,2026-09-10T09:13:51.261913+00:00,interpolated,138.0,41.0,-998.0
36.085428666,842346875087563784,842346876258624650,54,62,34801843000000,2026-09-10T09:13:51.261913+00:00,interpolated,134.0,39.0,-995.0
36.104316745,842346875106451863,842346876258624650,54,63,34801843000000,2026-09-10T09:13:51.261913+00:00,interpolated,138.0,38.0,-997.0
36.123204823,842346875125339941,842346876258624650,54,64,34801843000000,2026-09-10T09:13:51.261913+00:00,interpolated,139.0,39.0,-996.0
36.142092902,842346875144228020,842346876258624650,54,65,34801843000000,2026-09-10T09:13:51.261913+00:00,interpolated,136.0,38.0,-999.0
36.16098098,842346875163116098,842346876258624650,54,66,34801843000000,2026-09-10T09:13:51.261913+00:00,interpolated,134.0,40.0,-1003.0
36.179869059,842346875182004177,842346876258624650,54,67,34801843000000,2026-09-10T09:13:51.261913+00:00,interpolated,135.0,36.0,-997.0
36.198757137,842346875200892255,842346876258624650,54,68,34801843000000,2026-09-10T09:13:51.261913+00:00,interpolated,139.0,39.0,-995.0
36.217645216,842346875219780334,842346876258624650,54,69,34801843000000,2026-09-10T09:13:51.261913+00:00,interpolated,138.0,42.0,-999.0
36.236533294,842346875238668412,842346876258624650,54,70,34801843000000,2026-09-10T09:13:51.261913+00:00,interpolated,139.0,36.0,-996.0
36.255421373,842346875257556491,842346876258624650,54,71,34801843000000,2026-09-10T09:13:51.261913+00:00,interpolated,137.0,40.0,-999.0
36.274309451,842346875276444569,842346876258624650,54,72,34801843000000,2026-09-10T09:13:51.261913+00:00,interpolated,136.0,36.0,-996.0
36.29319753,842346875295332648,842346876258624650,54,73,34801843000000,2026-09-10T09:13:51.261913+00:00,interpolated,139.0,36.0,-999.0
36.312085608,842346875314220726,842346876258624650,54,74,34801843000000,2026-09-10T09:13:51.261913+00:00,interpolated,139.0,41.0,-1000.0
36.330973686,842346875333108804,842346876258624650,54,75,34801843000000,2026-09-10T09:13:51.261913+00:00,interpolated,137.0,37.0,-997.0
36.349861765,842346875351996883,842346876258624650,54,76,34801843000000,2026-09-10T09:13:51.261913+00:00,interpolated,134.0,40.0,-997.0
36.368749843,842346875370884961,842346876258624650,54,77,34801843000000,2026-09-10T09:13:51.261913+00:00,interpolated,135.0,42.0,-998.0
36.387637922,842346875389773040,842346876258624650,54,78,34801843000000,2026-09-10T09:13:51.261913+00:00,interpolated,138.0,40.0,-1001.0
36.406526,842346875408661118,842346876258624650,54,79,34801843000000,2026-09-10T09:13:51.261913+00:00,interpolated,140.0,41.0,-999.0
36.425414079,842346875427549197,842346876258624650,54,80,34801843000000,2026-09-10T09:13:51.261913+00:00,interpolated,139.0,40.0,-1000.0
36.444302157,842346875446437275,842346876258624650,54,81,34801843000000,2026-09-10T09:13:51.261913+00:00,interpolated,137.0,38.0,-1000.0
36.463190236,842346875465325354,842346876258624650,54,82,34801843000000,2026-09-10T09:13:51.261913+00:00,interpolated,135.0,35.0,-1000.0
36.482078314,842346875484213432,842346876258624650,54,83,34801843000000,2026-09-10T09:13:51.261913+00:00,interpolated,134.0,40.0,-996.0
36.500966393,842346875503101511,842346876258624650,54,84,34801843000000,2026-09-10T09:13:51.261913+00:00,interpolated,135.0,37.0,-996.0
36.519854471,842346875521989589,842346876258624650,54,85,34801843000000,2026-09-10T09:13:51.261913+00:00,interpolated,139.0,38.0,-999.0
36.53874255,842346875540877668,842346876258624650,54,86,34801843000000,2026-09-10T09:13:51.261913+00:00,interpolated,139.0,39.0,-1001.0
36.557630628,842346875559765746,842346876258624650,54,87,34801843000000,2026-09-10T09:13:51.261913+00:00,interpolated,136.0,38.0,-997.0
36.576518707,842346875578653825,842346876258624650,54,88,34801843000000,2026-09-10T09:13:51.261913+00:00,interpolated,138.0,40.0,-1002.0
36.595406785,842346875597541903,842346876258624650,54,89,34801843000000,2026-09-10T09:13:51.261913+00:00,interpolated,137.0,36.0,-1001.0
36.614294864,842346875616429982,842346876258624650,54,90,34801843000000,2026-09-10T09:13:51.261913+00:00,interpolated,136.0,40.0,-994.0
36.633182942,842346875635318060,842346876258624650,54,91,34801843000000,2026-09-10T09:13:51.261913+00:00,interpolated,137.0,39.0,-998.0
36.652071021,842346875654206139,842346876258624650,54,92,34801843000000,2026-09-10T09:13:51.261913+00:00,interpolated,135.0,41.0,-995.0
36.670959099,842346875673094217,842346876258624650,54,93,34801843000000,2026-09-10T09:13:51.261913+00:00,interpolated,139.0,38.0,-997.0
36.689847178,842346875691982296,842346876258624650,54,94,34801843000000,2026-09-10T09:13:51.261913+00:00,interpolated,137.0,37.0,-993.0
36.708735256,842346875710870374,842346876258624650,54,95,34801843000000,2026-09-10T09:13:51.261913+00:00,interpolated,135.0,37.0,-994.0
36.727623335,842346875729758453,842346876258624650,54,96,34801843000000,2026-09-10T09:13:51.261913+00:00,interpolated,139.0,39.0,-998.0
36.746511413,842346875748646531,842346876258624650,54,97,34801843000000,2026-09-10T09:13:51.261913+00:00,interpolated,137.0,36.0,-995.0
36.765399492,842346875767534610,842346876258624650,54,98,34801843000000,2026-09-10T09:13:51.261913+00:00,interpolated,137.0,36.0,-997.0
36.78428757,842346875786422688,842346876258624650,54,99,34801843000000,2026-09-10T09:13:51.261913+00:00,interpolated,136.0,36.0,-998.0
36.803175648,842346875805310766,842346876258624650,54,100,34801843000000,2026-09-10T09:13:51.261913+00:00,interpolated,133.0,38.0,-998.0
36.822063727,842346875824198845,842346876258624650,54,101,34801843000000,2026-09-10T09:13:51.261913+00:00,interpolated,135.0,44.0,-998.0
36.840951805,842346875843086923,842346876258624650,54,102,34801843000000,2026-09-10T09:13:51.261913+00:00,interpolated,139.0,40.0,-994.0
36.859839884,842346875861975002,842346876258624650,54,103,34801843000000,2026-09-10T09:13:51.261913+00:00,interpolated,138.0,40.0,-994.0
36.878727962,842346875880863080,842346876258624650,54,104,34801843000000,2026-09-10T09:13:51.261913+00:00,interpolated,137.0,38.0,-998.0
36.897616041,842346875899751159,842346876258624650,54,105,34801843000000,2026-09-10T09:13:51.261913+00:00,interpolated,137.0,40.0,-996.0
36.916504119,842346875918639237,842346876258624650,54,106,34801843000000,2026-09-10T09:13:51.261913+00:00,interpolated,137.0,40.0,-992.0
36.935392198,842346875937527316,842346876258624650,54,107,34801843000000,2026-09-10T09:13:51.261913+00:00,interpolated,135.0,37.0,-998.0
36.954280276,842346875956415394,842346876258624650,54,108,34801843000000,2026-09-10T09:13:51.261913+00:00,interpolated,133.0,41.0,-997.0
36.973168355,842346875975303473,842346876258624650,54,109,34801843000000,2026-09-10T09:13:51.261913+00:00,interpolated,140.0,35.0,-996.0
36.992056433,842346875994191551,842346876258624650,54,110,34801843000000,2026-09-10T09:13:51.261913+00:00,interpolated,137.0,37.0,-998.0
37.010944512,842346876013079630,842346876258624650,54,111,34801843000000,2026-09-10T09:13:51.261913+00:00,interpolated,136.0,34.0,-999.0
37.02983259,842346876031967708,842346876258624650,54,112,34801843000000,2026-09-10T09:13:51.261913+00:00,interpolated,138.0,40.0,-995.0
37.048720669,842346876050855787,842346876258624650,54,113,34801843000000,2026-09-10T09:13:51.261913+00:00,interpolated,137.0,41.0,-997.0
37.067608747,842346876069743865,842346876258624650,54,114,34801843000000,2026-09-10T09:13:51.261913+00:00,interpolated,134.0,39.0,-999.0
37.086496826,842346876088631944,842346876258624650,54,115,34801843000000,2026-09-10T09:13:51.261913+00:00,interpolated,137.0,39.0,-996.0
37.105384904,842346876107520022,842346876258624650,54,116,34801843000000,2026-09-10T09:13:51.261913+00:00,interpolated,135.0,36.0,-1001.0
37.124272983,842346876126408101,842346876258624650,54,117,34801843000000,2026-09-10T09:13:51.261913+00:00,interpolated,141.0,39.0,-997.0
37.143161061,842346876145296179,842346876258624650,54,118,34801843000000,2026-09-10T09:13:51.261913+00:00,interpolated,136.0,36.0,-996.0
37.16204914,842346876164184258,842346876258624650,54,119,34801843000000,2026-09-10T09:13:51.261913+00:00,interpolated,139.0,38.0,-1002.0
37.180937218,842346876183072336,842346876258624650,54,120,34801843000000,2026-09-10T09:13:51.261913+00:00,interpolated,135.0,38.0,-999.0
37.199825297,842346876201960415,842346876258624650,54,121,34801843000000,2026-09-10T09:13:51.261913+00:00,interpolated,136.0,38.0,-997.0
37.218713375,842346876220848493,842346876258624650,54,122,34801843000000,2026-09-10T09:13:51.261913+00:00,interpolated,135.0,38.0,-1000.0
37.237601454,842346876239736572,842346876258624650,54,123,34801843000000,2026-09-10T09:13:51.261913+00:00,interpolated,136.0,43.0,-1000.0
37.256489532,842346876258624650,842346876258624650,54,124,34801843000000,2026-09-10T09:13:51.261913+00:00,interpolated,133.0,38.0,-998.0
37.275377405,842346876277512523,842346877278569782,58,0,34802953000000,2026-09-10T09:13:52.372989+00:00,interpolated,135.0,41.0,-999.0
37.294265278,842346876296400396,842346877278569782,58,1,34802953000000,2026-09-10T09:13:52.372989+00:00,interpolated,138.0,38.0,-1002.0
37.31315315,842346876315288268,842346877278569782,58,2,34802953000000,2026-09-10T09:13:52.372989+00:00,interpolated,138.0,36.0,-1003.0
37.332041023,842346876334176141,842346877278569782,58,3,34802953000000,2026-09-10T09:13:52.372989+00:00,interpolated,131.0,37.0,-998.0
37.350928896,842346876353064014,842346877278569782,58,4,34802953000000,2026-09-10T09:13:52.372989+00:00,interpolated,137.0,41.0,-997.0
37.369816769,842346876371951887,842346877278569782,58,5,34802953000000,2026-09-10T09:13:52.372989+00:00,interpolated,138.0,40.0,-998.0
37.388704642,842346876390839760,842346877278569782,58,6,34802953000000,2026-09-10T09:13:52.372989+00:00,interpolated,135.0,43.0,-996.0
37.407592515,842346876409727633,842346877278569782,58,7,34802953000000,2026-09-10T09:13:52.372989+00:00,interpolated,138.0,36.0,-997.0
37.426480387,842346876428615505,842346877278569782,58,8,34802953000000,2026-09-10T09:13:52.372989+00:00,interpolated,140.0,34.0,-998.0
37.44536826,842346876447503378,842346877278569782,58,9,34802953000000,2026-09-10T09:13:52.372989+00:00,interpolated,139.0,38.0,-994.0
37.464256133,842346876466391251,842346877278569782,58,10,34802953000000,2026-09-10T09:13:52.372989+00:00,interpolated,137.0,37.0,-1001.0
37.483144006,842346876485279124,842346877278569782,58,11,34802953000000,2026-09-10T09:13:52.372989+00:00,interpolated,134.0,38.0,-997.0
37.502031879,842346876504166997,842346877278569782,58,12,34802953000000,2026-09-10T09:13:52.372989+00:00,interpolated,135.0,36.0,-997.0
37.520919751,842346876523054869,842346877278569782,58,13,34802953000000,2026-09-10T09:13:52.372989+00:00,interpolated,140.0,38.0,-998.0
37.539807624,842346876541942742,842346877278569782,58,14,34802953000000,2026-09-10T09:13:52.372989+00:00,interpolated,136.0,40.0,-1000.0
37.558695497,842346876560830615,842346877278569782,58,15,34802953000000,2026-09-10T09:13:52.372989+00:00,interpolated,136.0,38.0,-989.0
37.57758337,842346876579718488,842346877278569782,58,16,34802953000000,2026-09-10T09:13:52.372989+00:00,interpolated,136.0,41.0,-1001.0
37.596471243,842346876598606361,842346877278569782,58,17,34802953000000,2026-09-10T09:13:52.372989+00:00,interpolated,135.0,39.0,-1000.0
37.615359115,842346876617494233,842346877278569782,58,18,34802953000000,2026-09-10T09:13:52.372989+00:00,interpolated,135.0,38.0,-999.0
37.634246988,842346876636382106,842346877278569782,58,19,34802953000000,2026-09-10T09:13:52.372989+00:00,interpolated,136.0,42.0,-995.0
37.653134861,842346876655269979,842346877278569782,58,20,34802953000000,2026-09-10T09:13:52.372989+00:00,interpolated,135.0,39.0,-999.0
37.672022734,842346876674157852,842346877278569782,58,21,34802953000000,2026-09-10T09:13:52.372989+00:00,interpolated,136.0,34.0,-997.0
37.690910607,842346876693045725,842346877278569782,58,22,34802953000000,2026-09-10T09:13:52.372989+00:00,interpolated,223.0,-25.0,-1227.0
37.70979848,842346876711933598,842346877278569782,58,23,34802953000000,2026-09-10T09:13:52.372989+00:00,interpolated,330.0,29.0,-1130.0
37.728686352,842346876730821470,842346877278569782,58,24,34802953000000,2026-09-10T09:13:52.372989+00:00,interpolated,83.0,-91.0,-1253.0
37.747574225,842346876749709343,842346877278569782,58,25,34802953000000,2026-09-10T09:13:52.372989+00:00,interpolated,-194.0,-142.0,-930.0
37.766462098,842346876768597216,842346877278569782,58,26,34802953000000,2026-09-10T09:13:52.372989+00:00,interpolated,259.0,-80.0,-1092.0
37.785349971,842346876787485089,842346877278569782,58,27,34802953000000,2026-09-10T09:13:52.372989+00:00,interpolated,1259.0,-348.0,-1597.0
37.804237844,842346876806372962,842346877278569782,58,28,34802953000000,2026-09-10T09:13:52.372989+00:00,interpolated,1197.0,-205.0,-1239.0
37.823125716,842346876825260834,842346877278569782,58,29,34802953000000,2026-09-10T09:13:52.372989+00:00,interpolated,1138.0,-27.0,-1042.0
37.842013589,842346876844148707,842346877278569782,58,30,34802953000000,2026-09-10T09:13:52.372989+00:00,interpolated,1100.0,-86.0,-704.0
37.860901462,842346876863036580,842346877278569782,58,31,34802953000000,2026-09-10T09:13:52.372989+00:00,interpolated,1217.0,-172.0,-414.0
37.879789335,842346876881924453,842346877278569782,58,32,34802953000000,2026-09-10T09:13:52.372989+00:00,interpolated,1078.0,1029.0,127.0
37.898677208,842346876900812326,842346877278569782,58,33,34802953000000,2026-09-10T09:13:52.372989+00:00,interpolated,1381.0,422.0,-346.0
37.917565081,842346876919700199,842346877278569782,58,34,34802953000000,2026-09-10T09:13:52.372989+00:00,interpolated,1662.0,571.0,105.0
37.936452953,842346876938588071,842346877278569782,58,35,34802953000000,2026-09-10T09:13:52.372989+00:00,interpolated,1070.0,212.0,448.0
37.955340826,842346876957475944,842346877278569782,58,36,34802953000000,2026-09-10T09:13:52.372989+00:00,interpolated,517.0,-200.0,-434.0
37.974228699,842346876976363817,842346877278569782,58,37,34802953000000,2026-09-10T09:13:52.372989+00:00,interpolated,397.0,224.0,529.0
37.993116572,842346876995251690,842346877278569782,58,38,34802953000000,2026-09-10T09:13:52.372989+00:00,interpolated,1042.0,420.0,-192.0
38.012004445,842346877014139563,842346877278569782,58,39,34802953000000,2026-09-10T09:13:52.372989+00:00,interpolated,589.0,-173.0,-234.0
38.030892317,842346877033027435,842346877278569782,58,40,34802953000000,2026-09-10T09:13:52.372989+00:00,interpolated,561.0,-108.0,-125.0
38.04978019,842346877051915308,842346877278569782,58,41,34802953000000,2026-09-10T09:13:52.372989+00:00,interpolated,435.0,153.0,56.0
38.068668063,842346877070803181,842346877278569782,58,42,34802953000000,2026-09-10T09:13:52.372989+00:00,interpolated,354.0,369.0,108.0
38.087555936,842346877089691054,842346877278569782,58,43,34802953000000,2026-09-10T09:13:52.372989+00:00,interpolated,1052.0,125.0,67.0
38.106443809,842346877108578927,842346877278569782,58,44,34802953000000,2026-09-10T09:13:52.372989+00:00,interpolated,2160.0,-62.0,14.0
38.125331681,842346877127466799,842346877278569782,58,45,34802953000000,2026-09-10T09:13:52.372989+00:00,interpolated,1235.0,204.0,-514.0
38.144219554,842346877146354672,842346877278569782,58,46,34802953000000,2026-09-10T09:13:52.372989+00:00,interpolated,767.0,329.0,121.0
38.163107427,842346877165242545,842346877278569782,58,47,34802953000000,2026-09-10T09:13:52.372989+00:00,interpolated,1072.0,207.0,-389.0
38.1819953,842346877184130418,842346877278569782,58,48,34802953000000,2026-09-10T09:13:52.372989+00:00,interpolated,1059.0,421.0,-160.0
38.200883173,842346877203018291,842346877278569782,58,49,34802953000000,2026-09-10T09:13:52.372989+00:00,interpolated,1341.0,604.0,-25.0
38.219771046,842346877221906164,842346877278569782,58,50,34802953000000,2026-09-10T09:13:52.372989+00:00,interpolated,1392.0,112.0,244.0
38.238658918,842346877240794036,842346877278569782,58,51,34802953000000,2026-09-10T09:13:52.372989+00:00,interpolated,829.0,-582.0,203.0
38.257546791,842346877259681909,842346877278569782,58,52,34802953000000,2026-09-10T09:13:52.372989+00:00,interpolated,2027.0,-535.0,-276.0
38.276434664,842346877278569782,842346877278569782,58,53,34802953000000,2026-09-10T09:13:52.372989+00:00,interpolated,1144.0,-12.0,-47.0
38.295322601,842346877297457719,842346878109639008,60,0,34803734000000,2026-09-10T09:13:53.152050+00:00,interpolated,2882.0,-190.0,-1919.0
38.314210538,842346877316345656,842346878109639008,60,1,34803734000000,2026-09-10T09:13:53.152050+00:00,interpolated,1088.0,-628.0,442.0
38.333098475,842346877335233593,842346878109639008,60,2,34803734000000,2026-09-10T09:13:53.152050+00:00,interpolated,1762.0,-649.0,42.0
38.351986412,842346877354121530,842346878109639008,60,3,34803734000000,2026-09-10T09:13:53.152050+00:00,interpolated,1680.0,872.0,1182.0
38.370874349,842346877373009467,842346878109639008,60,4,34803734000000,2026-09-10T09:13:53.152050+00:00,interpolated,1619.0,287.0,-445.0
38.389762286,842346877391897404,842346878109639008,60,5,34803734000000,2026-09-10T09:13:53.152050+00:00,interpolated,-1431.0,-1610.0,739.0
38.408650223,842346877410785341,842346878109639008,60,6,34803734000000,2026-09-10T09:13:53.152050+00:00,interpolated,860.0,-124.0,-224.0
38.42753816,842346877429673278,842346878109639008,60,7,34803734000000,2026-09-10T09:13:53.152050+00:00,interpolated,494.0,-665.0,-32.0
38.446426097,842346877448561215,842346878109639008,60,8,34803734000000,2026-09-10T09:13:53.152050+00:00,interpolated,-29.0,-1615.0,967.0
38.465314034,842346877467449152,842346878109639008,60,9,34803734000000,2026-09-10T09:13:53.152050+00:00,interpolated,1252.0,-51.0,91.0
38.484201971,842346877486337089,842346878109639008,60,10,34803734000000,2026-09-10T09:13:53.152050+00:00,interpolated,693.0,-845.0,-741.0
38.503089907,842346877505225025,842346878109639008,60,11,34803734000000,2026-09-10T09:13:53.152050+00:00,interpolated,341.0,-623.0,1037.0
38.521977844,842346877524112962,842346878109639008,60,12,34803734000000,2026-09-10T09:13:53.152050+00:00,interpolated,818.0,-184.0,294.0
38.540865781,842346877543000899,842346878109639008,60,13,34803734000000,2026-09-10T09:13:53.152050+00:00,interpolated,930.0,-325.0,521.0
38.559753718,842346877561888836,842346878109639008,60,14,34803734000000,2026-09-10T09:13:53.152050+00:00,interpolated,1022.0,-522.0,211.0
38.578641655,842346877580776773,842346878109639008,60,15,34803734000000,2026-09-10T09:13:53.152050+00:00,interpolated,887.0,-304.0,290.0
38.597529592,842346877599664710,842346878109639008,60,16,34803734000000,2026-09-10T09:13:53.152050+00:00,interpolated,993.0,284.0,366.0
38.616417529,842346877618552647,842346878109639008,60,17,34803734000000,2026-09-10T09:13:53.152050+00:00,interpolated,1294.0,323.0,317.0
38.635305466,842346877637440584,842346878109639008,60,18,34803734000000,2026-09-10T09:13:53.152050+00:00,interpolated,882.0,-213.0,623.0
38.654193403,842346877656328521,842346878109639008,60,19,34803734000000,2026-09-10T09:13:53.152050+00:00,interpolated,906.0,-553.0,59.0
38.67308134,842346877675216458,842346878109639008,60,20,34803734000000,2026-09-10T09:13:53.152050+00:00,interpolated,298.0,-1416.0,-682.0
38.691969277,842346877694104395,842346878109639008,60,21,34803734000000,2026-09-10T09:13:53.152050+00:00,interpolated,756.0,-551.0,954.0
38.710857214,842346877712992332,842346878109639008,60,22,34803734000000,2026-09-10T09:13:53.152050+00:00,interpolated,904.0,-843.0,565.0
38.729745151,842346877731880269,842346878109639008,60,23,34803734000000,2026-09-10T09:13:53.152050+00:00,interpolated,846.0,-335.0,-145.0
38.748633088,842346877750768206,842346878109639008,60,24,34803734000000,2026-09-10T09:13:53.152050+00:00,interpolated,629.0,-4.0,-338.0
38.767521025,842346877769656143,842346878109639008,60,25,34803734000000,2026-09-10T09:13:53.152050+00:00,interpolated,832.0,-257.0,-322.0
38.786408962,842346877788544080,842346878109639008,60,26,34803734000000,2026-09-10T09:13:53.152050+00:00,interpolated,823.0,-288.0,-91.0
38.805296899,842346877807432017,842346878109639008,60,27,34803734000000,2026-09-10T09:13:53.152050+00:00,interpolated,1041.0,-404.0,-142.0
38.824184836,842346877826319954,842346878109639008,60,28,34803734000000,2026-09-10T09:13:53.152050+00:00,interpolated,869.0,-172.0,-44.0
38.843072773,842346877845207891,842346878109639008,60,29,34803734000000,2026-09-10T09:13:53.152050+00:00,interpolated,785.0,-513.0,-225.0
38.86196071,842346877864095828,842346878109639008,60,30,34803734000000,2026-09-10T09:13:53.152050+00:00,interpolated,705.0,-683.0,-220.0
38.880848647,842346877882983765,842346878109639008,60,31,34803734000000,2026-09-10T09:13:53.152050+00:00,interpolated,666.0,-243.0,54.0
38.899736584,842346877901871702,842346878109639008,60,32,34803734000000,2026-09-10T09:13:53.152050+00:00,interpolated,1301.0,-363.0,217.0
38.91862452,842346877920759638,842346878109639008,60,33,34803734000000,2026-09-10T09:13:53.152050+00:00,interpolated,1659.0,-296.0,440.0
38.937512457,842346877939647575,842346878109639008,60,34,34803734000000,2026-09-10T09:13:53.152050+00:00,interpolated,1095.0,-174.0,367.0
38.956400394,842346877958535512,842346878109639008,60,35,34803734000000,2026-09-10T09:13:53.152050+00:00,interpolated,927.0,-326.0,275.0
38.975288331,842346877977423449,842346878109639008,60,36,34803734000000,2026-09-10T09:13:53.152050+00:00,interpolated,911.0,-136.0,93.0
38.994176268,842346877996311386,842346878109639008,60,37,34803734000000,2026-09-10T09:13:53.152050+00:00,interpolated,841.0,-309.0,99.0
39.013064205,842346878015199323,842346878109639008,60,38,34803734000000,2026-09-10T09:13:53.152050+00:00,interpolated,521.0,-456.0,-18.0
39.031952142,842346878034087260,842346878109639008,60,39,34803734000000,2026-09-10T09:13:53.152050+00:00,interpolated,803.0,-684.0,-100.0
39.050840079,842346878052975197,842346878109639008,60,40,34803734000000,2026-09-10T09:13:53.152050+00:00,interpolated,1429.0,-259.0,-121.0
39.069728016,842346878071863134,842346878109639008,60,41,34803734000000,2026-09-10T09:13:53.152050+00:00,interpolated,472.0,65.0,-280.0
39.088615953,842346878090751071,842346878109639008,60,42,34803734000000,2026-09-10T09:13:53.152050+00:00,interpolated,837.0,-263.0,-70.0
39.10750389,842346878109639008,842346878109639008,60,43,34803734000000,2026-09-10T09:13:53.152050+00:00,interpolated,1072.0,-17.0,-41.0
39.12639148,842346878128526598,842346878808479846,63,0,34804453000000,2026-09-10T09:13:53.871900+00:00,interpolated,1251.0,-124.0,146.0
39.14527907,842346878147414188,842346878808479846,63,1,34804453000000,2026-09-10T09:13:53.871900+00:00,interpolated,984.0,-116.0,-226.0
39.164166661,842346878166301779,842346878808479846,63,2,34804453000000,2026-09-10T09:13:53.871900+00:00,interpolated,881.0,15.0,-253.0
39.183054251,842346878185189369,842346878808479846,63,3,34804453000000,2026-09-10T09:13:53.871900+00:00,interpolated,925.0,-130.0,-438.0
39.201941841,842346878204076959,842346878808479846,63,4,34804453000000,2026-09-10T09:13:53.871900+00:00,interpolated,1976.0,551.0,-645.0
39.220829431,842346878222964549,842346878808479846,63,5,34804453000000,2026-09-10T09:13:53.871900+00:00,interpolated,1040.0,-49.0,509.0
39.239717022,842346878241852140,842346878808479846,63,6,34804453000000,2026-09-10T09:13:53.871900+00:00,interpolated,1099.0,110.0,-129.0
39.258604612,842346878260739730,842346878808479846,63,7,34804453000000,2026-09-10T09:13:53.871900+00:00,interpolated,101.0,-844.0,-1103.0
39.277492202,842346878279627320,842346878808479846,63,8,34804453000000,2026-09-10T09:13:53.871900+00:00,interpolated,658.0,-873.0,809.0
39.296379792,842346878298514910,842346878808479846,63,9,34804453000000,2026-09-10T09:13:53.871900+00:00,interpolated,651.0,-747.0,-272.0
39.315267382,842346878317402500,842346878808479846,63,10,34804453000000,2026-09-10T09:13:53.871900+00:00,interpolated,837.0,-363.0,-38.0
39.334154973,842346878336290091,842346878808479846,63,11,34804453000000,2026-09-10T09:13:53.871900+00:00,interpolated,428.0,186.0,-559.0
39.353042563,842346878355177681,842346878808479846,63,12,34804453000000,2026-09-10T09:13:53.871900+00:00,interpolated,1549.0,225.0,220.0
39.371930153,842346878374065271,842346878808479846,63,13,34804453000000,2026-09-10T09:13:53.871900+00:00,interpolated,479.0,-425.0,-460.0
39.390817743,842346878392952861,842346878808479846,63,14,34804453000000,2026-09-10T09:13:53.871900+00:00,interpolated,1865.0,128.0,863.0
39.409705333,842346878411840451,842346878808479846,63,15,34804453000000,2026-09-10T09:13:53.871900+00:00,interpolated,-457.0,-1736.0,-276.0
39.428592924,842346878430728042,842346878808479846,63,16,34804453000000,2026-09-10T09:13:53.871900+00:00,interpolated,1038.0,-663.0,-10.0
39.447480514,842346878449615632,842346878808479846,63,17,34804453000000,2026-09-10T09:13:53.871900+00:00,interpolated,916.0,-745.0,-319.0
39.466368104,842346878468503222,842346878808479846,63,18,34804453000000,2026-09-10T09:13:53.871900+00:00,interpolated,708.0,-594.0,-386.0
39.485255694,842346878487390812,842346878808479846,63,19,34804453000000,2026-09-10T09:13:53.871900+00:00,interpolated,566.0,-436.0,-357.0
39.504143285,842346878506278403,842346878808479846,63,20,34804453000000,2026-09-10T09:13:53.871900+00:00,interpolated,711.0,-385.0,-448.0
39.523030875,842346878525165993,842346878808479846,63,21,34804453000000,2026-09-10T09:13:53.871900+00:00,interpolated,878.0,-201.0,-1042.0
39.541918465,842346878544053583,842346878808479846,63,22,34804453000000,2026-09-10T09:13:53.871900+00:00,interpolated,1281.0,168.0,-1804.0
39.560806055,842346878562941173,842346878808479846,63,23,34804453000000,2026-09-10T09:13:53.871900+00:00,interpolated,-188.0,-974.0,271.0
39.579693645,842346878581828763,842346878808479846,63,24,34804453000000,2026-09-10T09:13:53.871900+00:00,interpolated,-308.0,-894.0,-460.0
39.598581236,842346878600716354,842346878808479846,63,25,34804453000000,2026-09-10T09:13:53.871900+00:00,interpolated,-2282.0,-118.0,-1373.0
39.617468826,842346878619603944,842346878808479846,63,26,34804453000000,2026-09-10T09:13:53.871900+00:00,interpolated,619.0,1013.0,-689.0
39.636356416,842346878638491534,842346878808479846,63,27,34804453000000,2026-09-10T09:13:53.871900+00:00,interpolated,2138.0,-1229.0,-2009.0
39.655244006,842346878657379124,842346878808479846,63,28,34804453000000,2026-09-10T09:13:53.871900+00:00,interpolated,-43.0,703.0,-1764.0
39.674131596,842346878676266714,842346878808479846,63,29,34804453000000,2026-09-10T09:13:53.871900+00:00,interpolated,438.0,6.0,-717.0
39.693019187,842346878695154305,842346878808479846,63,30,34804453000000,2026-09-10T09:13:53.871900+00:00,interpolated,326.0,-18.0,-844.0
39.711906777,842346878714041895,842346878808479846,63,31,34804453000000,2026-09-10T09:13:53.871900+00:00,interpolated,-465.0,957.0,-858.0
39.730794367,842346878732929485,842346878808479846,63,32,34804453000000,2026-09-10T09:13:53.871900+00:00,interpolated,-239.0,843.0,-991.0
39.749681957,842346878751817075,842346878808479846,63,33,34804453000000,2026-09-10T09:13:53.871900+00:00,interpolated,-723.0,-2040.0,-588.0
39.768569548,842346878770704666,842346878808479846,63,34,34804453000000,2026-09-10T09:13:53.871900+00:00,interpolated,333.0,369.0,-835.0
39.787457138,842346878789592256,842346878808479846,63,35,34804453000000,2026-09-10T09:13:53.871900+00:00,interpolated,-503.0,-407.0,-554.0
39.806344728,842346878808479846,842346878808479846,63,36,34804453000000,2026-09-10T09:13:53.871900+00:00,interpolated,-694.0,1277.0,-1158.0
39.825233166,842346878827368284,842346879488463612,66,0,34805265000000,2026-09-10T09:13:54.681971+00:00,interpolated,779.0,767.0,-912.0
39.844121604,842346878846256722,842346879488463612,66,1,34805265000000,2026-09-10T09:13:54.681971+00:00,interpolated,213.0,528.0,-1446.0
39.863010042,842346878865145160,842346879488463612,66,2,34805265000000,2026-09-10T09:13:54.681971+00:00,interpolated,353.0,1084.0,-989.0
39.88189848,842346878884033598,842346879488463612,66,3,34805265000000,2026-09-10T09:13:54.681971+00:00,interpolated,-522.0,91.0,227.0
39.900786918,842346878902922036,842346879488463612,66,4,34805265000000,2026-09-10T09:13:54.681971+00:00,interpolated,277.0,2480.0,1261.0
39.919675356,842346878921810474,842346879488463612,66,5,34805265000000,2026-09-10T09:13:54.681971+00:00,interpolated,1420.0,-2983.0,-5614.0
39.938563794,842346878940698912,842346879488463612,66,6,34805265000000,2026-09-10T09:13:54.681971+00:00,interpolated,1082.0,-122.0,1237.0
39.957452232,842346878959587350,842346879488463612,66,7,34805265000000,2026-09-10T09:13:54.681971+00:00,interpolated,51.0,148.0,1073.0
39.97634067,842346878978475788,842346879488463612,66,8,34805265000000,2026-09-10T09:13:54.681971+00:00,interpolated,985.0,-353.0,-3635.0
39.995229107,842346878997364225,842346879488463612,66,9,34805265000000,2026-09-10T09:13:54.681971+00:00,interpolated,84.0,714.0,-478.0
40.014117545,842346879016252663,842346879488463612,66,10,34805265000000,2026-09-10T09:13:54.681971+00:00,interpolated,-127.0,506.0,61.0
40.033005983,842346879035141101,842346879488463612,66,11,34805265000000,2026-09-10T09:13:54.681971+00:00,interpolated,6828.0,7588.0,74.0
40.051894421,842346879054029539,842346879488463612,66,12,34805265000000,2026-09-10T09:13:54.681971+00:00,interpolated,1345.0,-2480.0,-794.0
40.070782859,842346879072917977,842346879488463612,66,13,34805265000000,2026-09-10T09:13:54.681971+00:00,interpolated,3518.0,-3272.0,601.0
40.089671297,842346879091806415,842346879488463612,66,14,34805265000000,2026-09-10T09:13:54.681971+00:00,interpolated,-1328.0,-5013.0,146.0
40.108559735,842346879110694853,842346879488463612,66,15,34805265000000,2026-09-10T09:13:54.681971+00:00,interpolated,1124.0,-2219.0,613.0
40.127448173,842346879129583291,842346879488463612,66,16,34805265000000,2026-09-10T09:13:54.681971+00:00,interpolated,1012.0,1442.0,98.0
40.146336611,842346879148471729,842346879488463612,66,17,34805265000000,2026-09-10T09:13:54.681971+00:00,interpolated,776.0,-670.0,36.0
40.165225049,842346879167360167,842346879488463612,66,18,34805265000000,2026-09-10T09:13:54.681971+00:00,interpolated,1721.0,89.0,42.0
40.184113487,842346879186248605,842346879488463612,66,19,34805265000000,2026-09-10T09:13:54.681971+00:00,interpolated,1687.0,-55.0,143.0
40.203001925,842346879205137043,842346879488463612,66,20,34805265000000,2026-09-10T09:13:54.681971+00:00,interpolated,1152.0,319.0,107.0
40.221890363,842346879224025481,842346879488463612,66,21,34805265000000,2026-09-10T09:13:54.681971+00:00,interpolated,-112.0,-1045.0,705.0
40.240778801,842346879242913919,842346879488463612,66,22,34805265000000,2026-09-10T09:13:54.681971+00:00,interpolated,1024.0,133.0,645.0
40.259667239,842346879261802357,842346879488463612,66,23,34805265000000,2026-09-10T09:13:54.681971+00:00,interpolated,2369.0,1991.0,434.0
40.278555677,842346879280690795,842346879488463612,66,24,34805265000000,2026-09-10T09:13:54.681971+00:00,interpolated,234.0,-1864.0,620.0
40.297444115,842346879299579233,842346879488463612,66,25,34805265000000,2026-09-10T09:13:54.681971+00:00,interpolated,406.0,-467.0,463.0
40.316332553,842346879318467671,842346879488463612,66,26,34805265000000,2026-09-10T09:13:54.681971+00:00,interpolated,1428.0,256.0,459.0
40.33522099,842346879337356108,842346879488463612,66,27,34805265000000,2026-09-10T09:13:54.681971+00:00,interpolated,2038.0,860.0,-406.0
40.354109428,842346879356244546,842346879488463612,66,28,34805265000000,2026-09-10T09:13:54.681971+00:00,interpolated,894.0,112.0,212.0
40.372997866,842346879375132984,842346879488463612,66,29,34805265000000,2026-09-10T09:13:54.681971+00:00,interpolated,337.0,-605.0,301.0
40.391886304,842346879394021422,842346879488463612,66,30,34805265000000,2026-09-10T09:13:54.681971+00:00,interpolated,3744.0,638.0,-2414.0
40.410774742,842346879412909860,842346879488463612,66,31,34805265000000,2026-09-10T09:13:54.681971+00:00,interpolated,1303.0,273.0,-946.0
40.42966318,842346879431798298,842346879488463612,66,32,34805265000000,2026-09-10T09:13:54.681971+00:00,interpolated,-1333.0,218.0,1938.0
40.448551618,842346879450686736,842346879488463612,66,33,34805265000000,2026-09-10T09:13:54.681971+00:00,interpolated,1079.0,475.0,-435.0
40.467440056,842346879469575174,842346879488463612,66,34,34805265000000,2026-09-10T09:13:54.681971+00:00,interpolated,962.0,387.0,-555.0
40.486328494,842346879488463612,842346879488463612,66,35,34805265000000,2026-09-10T09:13:54.681971+00:00,interpolated,324.0,572.0,-607.0
40.505216084,842346879507351202,842346880206192040,69,0,34806015000000,2026-09-10T09:13:55.431888+00:00,interpolated,305.0,464.0,-623.0
40.524103674,842346879526238792,842346880206192040,69,1,34806015000000,2026-09-10T09:13:55.431888+00:00,interpolated,354.0,548.0,-697.0
40.542991265,842346879545126383,842346880206192040,69,2,34806015000000,2026-09-10T09:13:55.431888+00:00,interpolated,634.0,647.0,-461.0
40.561878855,842346879564013973,842346880206192040,69,3,34806015000000,2026-09-10T09:13:55.431888+00:00,interpolated,741.0,591.0,-492.0
40.580766445,842346879582901563,842346880206192040,69,4,34806015000000,2026-09-10T09:13:55.431888+00:00,interpolated,531.0,544.0,-355.0
40.599654035,842346879601789153,842346880206192040,69,5,34806015000000,2026-09-10T09:13:55.431888+00:00,interpolated,519.0,571.0,-414.0
40.618541625,842346879620676743,842346880206192040,69,6,34806015000000,2026-09-10T09:13:55.431888+00:00,interpolated,162.0,674.0,-274.0
40.637429216,842346879639564334,842346880206192040,69,7,34806015000000,2026-09-10T09:13:55.431888+00:00,interpolated,56.0,860.0,-598.0
40.656316806,842346879658451924,842346880206192040,69,8,34806015000000,2026-09-10T09:13:55.431888+00:00,interpolated,759.0,395.0,-1001.0
40.675204396,842346879677339514,842346880206192040,69,9,34806015000000,2026-09-10T09:13:55.431888+00:00,interpolated,830.0,99.0,-356.0
40.694091986,842346879696227104,842346880206192040,69,10,34806015000000,2026-09-10T09:13:55.431888+00:00,interpolated,822.0,17.0,-257.0
40.712979577,842346879715114695,842346880206192040,69,11,34806015000000,2026-09-10T09:13:55.431888+00:00,interpolated,656.0,881.0,-823.0
40.731867167,842346879734002285,842346880206192040,69,12,34806015000000,2026-09-10T09:13:55.431888+00:00,interpolated,472.0,427.0,-724.0
40.750754757,842346879752889875,842346880206192040,69,13,34806015000000,2026-09-10T09:13:55.431888+00:00,interpolated,-497.0,1867.0,-334.0
40.769642347,842346879771777465,842346880206192040,69,14,34806015000000,2026-09-10T09:13:55.431888+00:00,interpolated,-542.0,2284.0,181.0
40.788529937,842346879790665055,842346880206192040,69,15,34806015000000,2026-09-10T09:13:55.431888+00:00,interpolated,1548.0,-252.0,252.0
40.807417528,842346879809552646,842346880206192040,69,16,34806015000000,2026-09-10T09:13:55.431888+00:00,interpolated,2113.0,-1211.0,-227.0
40.826305118,842346879828440236,842346880206192040,69,17,34806015000000,2026-09-10T09:13:55.431888+00:00,interpolated,713.0,1064.0,366.0
40.845192708,842346879847327826,842346880206192040,69,18,34806015000000,2026-09-10T09:13:55.431888+00:00,interpolated,1392.0,517.0,302.0
40.864080298,842346879866215416,842346880206192040,69,19,34806015000000,2026-09-10T09:13:55.431888+00:00,interpolated,376.0,396.0,-113.0
40.882967888,842346879885103006,842346880206192040,69,20,34806015000000,2026-09-10T09:13:55.431888+00:00,interpolated,1522.0,-722.0,193.0
40.901855479,842346879903990597,842346880206192040,69,21,34806015000000,2026-09-10T09:13:55.431888+00:00,interpolated,1371.0,728.0,-284.0
40.920743069,842346879922878187,842346880206192040,69,22,34806015000000,2026-09-10T09:13:55.431888+00:00,interpolated,713.0,544.0,154.0
40.939630659,842346879941765777,842346880206192040,69,23,34806015000000,2026-09-10T09:13:55.431888+00:00,interpolated,513.0,-863.0,132.0
40.958518249,842346879960653367,842346880206192040,69,24,34806015000000,2026-09-10T09:13:55.431888+00:00,interpolated,831.0,-528.0,-100.0
40.977405839,842346879979540957,842346880206192040,69,25,34806015000000,2026-09-10T09:13:55.431888+00:00,interpolated,871.0,259.0,88.0
40.99629343,842346879998428548,842346880206192040,69,26,34806015000000,2026-09-10T09:13:55.431888+00:00,interpolated,738.0,191.0,168.0
41.01518102,842346880017316138,842346880206192040,69,27,34806015000000,2026-09-10T09:13:55.431888+00:00,interpolated,710.0,136.0,83.0
41.03406861,842346880036203728,842346880206192040,69,28,34806015000000,2026-09-10T09:13:55.431888+00:00,interpolated,841.0,246.0,67.0
41.0529562,842346880055091318,842346880206192040,69,29,34806015000000,2026-09-10T09:13:55.431888+00:00,interpolated,1411.0,171.0,148.0
41.071843791,842346880073978909,842346880206192040,69,30,34806015000000,2026-09-10T09:13:55.431888+00:00,interpolated,1748.0,227.0,195.0
41.090731381,842346880092866499,842346880206192040,69,31,34806015000000,2026-09-10T09:13:55.431888+00:00,interpolated,1298.0,-131.0,300.0
41.109618971,842346880111754089,842346880206192040,69,32,34806015000000,2026-09-10T09:13:55.431888+00:00,interpolated,1152.0,6.0,-9.0
41.128506561,842346880130641679,842346880206192040,69,33,34806015000000,2026-09-10T09:13:55.431888+00:00,interpolated,1283.0,523.0,-62.0
41.147394151,842346880149529269,842346880206192040,69,34,34806015000000,2026-09-10T09:13:55.431888+00:00,interpolated,582.0,547.0,-485.0
41.166281742,842346880168416860,842346880206192040,69,35,34806015000000,2026-09-10T09:13:55.431888+00:00,interpolated,515.0,599.0,200.0
41.185169332,842346880187304450,842346880206192040,69,36,34806015000000,2026-09-10T09:13:55.431888+00:00,interpolated,-1740.0,1080.0,-32.0
41.204056922,842346880206192040,842346880206192040,69,37,34806015000000,2026-09-10T09:13:55.431888+00:00,interpolated,214.0,730.0,-245.0
41.222945161,842346880225080279,842346881093939296,71,0,34806734000000,2026-09-10T09:13:56.152118+00:00,interpolated,348.0,670.0,-302.0
41.241833401,842346880243968519,842346881093939296,71,1,34806734000000,2026-09-10T09:13:56.152118+00:00,interpolated,455.0,645.0,-270.0
41.26072164,842346880262856758,842346881093939296,71,2,34806734000000,2026-09-10T09:13:56.152118+00:00,interpolated,724.0,584.0,-308.0
41.27960988,842346880281744998,842346881093939296,71,3,34806734000000,2026-09-10T09:13:56.152118+00:00,interpolated,760.0,559.0,-300.0
41.298498119,842346880300633237,842346881093939296,71,4,34806734000000,2026-09-10T09:13:56.152118+00:00,interpolated,292.0,504.0,-318.0
41.317386359,842346880319521477,842346881093939296,71,5,34806734000000,2026-09-10T09:13:56.152118+00:00,interpolated,-455.0,872.0,-475.0
41.336274598,842346880338409716,842346881093939296,71,6,34806734000000,2026-09-10T09:13:56.152118+00:00,interpolated,391.0,719.0,-492.0
41.355162838,842346880357297956,842346881093939296,71,7,34806734000000,2026-09-10T09:13:56.152118+00:00,interpolated,917.0,673.0,-30.0
41.374051077,842346880376186195,842346881093939296,71,8,34806734000000,2026-09-10T09:13:56.152118+00:00,interpolated,1194.0,635.0,230.0
41.392939317,842346880395074435,842346881093939296,71,9,34806734000000,2026-09-10T09:13:56.152118+00:00,interpolated,1443.0,513.0,-13.0
41.411827556,842346880413962674,842346881093939296,71,10,34806734000000,2026-09-10T09:13:56.152118+00:00,interpolated,1173.0,540.0,-121.0
41.430715796,842346880432850914,842346881093939296,71,11,34806734000000,2026-09-10T09:13:56.152118+00:00,interpolated,1283.0,650.0,-444.0
41.449604035,842346880451739153,842346881093939296,71,12,34806734000000,2026-09-10T09:13:56.152118+00:00,interpolated,740.0,581.0,-287.0
41.468492275,842346880470627393,842346881093939296,71,13,34806734000000,2026-09-10T09:13:56.152118+00:00,interpolated,172.0,685.0,-250.0
41.487380514,842346880489515632,842346881093939296,71,14,34806734000000,2026-09-10T09:13:56.152118+00:00,interpolated,111.0,841.0,-206.0
41.506268754,842346880508403872,842346881093939296,71,15,34806734000000,2026-09-10T09:13:56.152118+00:00,interpolated,338.0,852.0,-196.0
41.525156993,842346880527292111,842346881093939296,71,16,34806734000000,2026-09-10T09:13:56.152118+00:00,interpolated,436.0,608.0,-192.0
41.544045233,842346880546180351,842346881093939296,71,17,34806734000000,2026-09-10T09:13:56.152118+00:00,interpolated,242.0,460.0,-126.0
41.562933472,842346880565068590,842346881093939296,71,18,34806734000000,2026-09-10T09:13:56.152118+00:00,interpolated,394.0,558.0,-406.0
41.581821712,842346880583956830,842346881093939296,71,19,34806734000000,2026-09-10T09:13:56.152118+00:00,interpolated,615.0,803.0,-548.0
41.600709951,842346880602845069,842346881093939296,71,20,34806734000000,2026-09-10T09:13:56.152118+00:00,interpolated,1239.0,871.0,-700.0
41.619598191,842346880621733309,842346881093939296,71,21,34806734000000,2026-09-10T09:13:56.152118+00:00,interpolated,223.0,806.0,-235.0
41.63848643,842346880640621548,842346881093939296,71,22,34806734000000,2026-09-10T09:13:56.152118+00:00,interpolated,382.0,936.0,-322.0
41.65737467,842346880659509788,842346881093939296,71,23,34806734000000,2026-09-10T09:13:56.152118+00:00,interpolated,320.0,980.0,-293.0
41.676262909,842346880678398027,842346881093939296,71,24,34806734000000,2026-09-10T09:13:56.152118+00:00,interpolated,425.0,990.0,-357.0
41.695151149,842346880697286267,842346881093939296,71,25,34806734000000,2026-09-10T09:13:56.152118+00:00,interpolated,605.0,1207.0,-345.0
41.714039388,842346880716174506,842346881093939296,71,26,34806734000000,2026-09-10T09:13:56.152118+00:00,interpolated,693.0,1134.0,-468.0
41.732927628,842346880735062746,842346881093939296,71,27,34806734000000,2026-09-10T09:13:56.152118+00:00,interpolated,669.0,789.0,-322.0
41.751815867,842346880753950985,842346881093939296,71,28,34806734000000,2026-09-10T09:13:56.152118+00:00,interpolated,724.0,653.0,-288.0
41.770704107,842346880772839225,842346881093939296,71,29,34806734000000,2026-09-10T09:13:56.152118+00:00,interpolated,738.0,552.0,-403.0
41.789592346,842346880791727464,842346881093939296,71,30,34806734000000,2026-09-10T09:13:56.152118+00:00,interpolated,516.0,471.0,-511.0
41.808480586,842346880810615704,842346881093939296,71,31,34806734000000,2026-09-10T09:13:56.152118+00:00,interpolated,266.0,745.0,-429.0
41.827368825,842346880829503943,842346881093939296,71,32,34806734000000,2026-09-10T09:13:56.152118+00:00,interpolated,151.0,1042.0,-430.0
41.846257065,842346880848392183,842346881093939296,71,33,34806734000000,2026-09-10T09:13:56.152118+00:00,interpolated,259.0,1141.0,-426.0
41.865145304,842346880867280422,842346881093939296,71,34,34806734000000,2026-09-10T09:13:56.152118+00:00,interpolated,410.0,1040.0,-469.0
41.884033544,842346880886168662,842346881093939296,71,35,34806734000000,2026-09-10T09:13:56.152118+00:00,interpolated,208.0,940.0,-459.0
41.902921783,842346880905056901,842346881093939296,71,36,34806734000000,2026-09-10T09:13:56.152118+00:00,interpolated,334.0,971.0,-383.0
41.921810023,842346880923945141,842346881093939296,71,37,34806734000000,2026-09-10T09:13:56.152118+00:00,interpolated,1800.0,363.0,-2104.0
41.940698262,842346880942833380,842346881093939296,71,38,34806734000000,2026-09-10T09:13:56.152118+00:00,interpolated,509.0,1326.0,-245.0
41.959586502,842346880961721620,842346881093939296,71,39,34806734000000,2026-09-10T09:13:56.152118+00:00,interpolated,635.0,1015.0,-311.0
41.978474741,842346880980609859,842346881093939296,71,40,34806734000000,2026-09-10T09:13:56.152118+00:00,interpolated,549.0,883.0,-193.0
41.997362981,842346880999498099,842346881093939296,71,41,34806734000000,2026-09-10T09:13:56.152118+00:00,interpolated,390.0,955.0,-169.0
42.01625122,842346881018386338,842346881093939296,71,42,34806734000000,2026-09-10T09:13:56.152118+00:00,interpolated,287.0,993.0,-173.0
42.03513946,842346881037274578,842346881093939296,71,43,34806734000000,2026-09-10T09:13:56.152118+00:00,interpolated,166.0,1023.0,-251.0
42.054027699,842346881056162817,842346881093939296,71,44,34806734000000,2026-09-10T09:13:56.152118+00:00,interpolated,60.0,1042.0,-248.0
42.072915939,842346881075051057,842346881093939296,71,45,34806734000000,2026-09-10T09:13:56.152118+00:00,interpolated,-7.0,1032.0,-119.0
42.091804178,842346881093939296,842346881093939296,71,46,34806734000000,2026-09-10T09:13:56.152118+00:00,interpolated,-27.0,1013.0,-24.0
42.110692113,842346881112827231,842346882264991252,74,0,34807875000000,2026-09-10T09:13:57.291991+00:00,interpolated,-3.0,1013.0,0.0
42.129580048,842346881131715166,842346882264991252,74,1,34807875000000,2026-09-10T09:13:57.291991+00:00,interpolated,74.0,1032.0,-26.0
42.148467982,842346881150603100,842346882264991252,74,2,34807875000000,2026-09-10T09:13:57.291991+00:00,interpolated,176.0,1019.0,-84.0
42.167355917,842346881169491035,842346882264991252,74,3,34807875000000,2026-09-10T09:13:57.291991+00:00,interpolated,268.0,1023.0,-75.0
42.186243852,842346881188378970,842346882264991252,74,4,34807875000000,2026-09-10T09:13:57.291991+00:00,interpolated,361.0,1020.0,-54.0
42.205131787,842346881207266905,842346882264991252,74,5,34807875000000,2026-09-10T09:13:57.291991+00:00,interpolated,459.0,1010.0,-22.0
42.224019721,842346881226154839,842346882264991252,74,6,34807875000000,2026-09-10T09:13:57.291991+00:00,interpolated,578.0,1127.0,47.0
42.242907656,842346881245042774,842346882264991252,74,7,34807875000000,2026-09-10T09:13:57.291991+00:00,interpolated,713.0,1239.0,126.0
42.261795591,842346881263930709,842346882264991252,74,8,34807875000000,2026-09-10T09:13:57.291991+00:00,interpolated,824.0,1135.0,125.0
42.280683526,842346881282818644,842346882264991252,74,9,34807875000000,2026-09-10T09:13:57.291991+00:00,interpolated,864.0,1151.0,137.0
42.299571461,842346881301706579,842346882264991252,74,10,34807875000000,2026-09-10T09:13:57.291991+00:00,interpolated,803.0,1158.0,120.0
42.318459395,842346881320594513,842346882264991252,74,11,34807875000000,2026-09-10T09:13:57.291991+00:00,interpolated,695.0,1067.0,26.0
42.33734733,842346881339482448,842346882264991252,74,12,34807875000000,2026-09-10T09:13:57.291991+00:00,interpolated,632.0,1042.0,-6.0
42.356235265,842346881358370383,842346882264991252,74,13,34807875000000,2026-09-10T09:13:57.291991+00:00,interpolated,586.0,995.0,-46.0
42.3751232,842346881377258318,842346882264991252,74,14,34807875000000,2026-09-10T09:13:57.291991+00:00,interpolated,541.0,985.0,-100.0
42.394011134,842346881396146252,842346882264991252,74,15,34807875000000,2026-09-10T09:13:57.291991+00:00,interpolated,510.0,985.0,-143.0
42.412899069,842346881415034187,842346882264991252,74,16,34807875000000,2026-09-10T09:13:57.291991+00:00,interpolated,506.0,933.0,-153.0
42.431787004,842346881433922122,842346882264991252,74,17,34807875000000,2026-09-10T09:13:57.291991+00:00,interpolated,501.0,862.0,-142.0
42.450674939,842346881452810057,842346882264991252,74,18,34807875000000,2026-09-10T09:13:57.291991+00:00,interpolated,497.0,801.0,-140.0
42.469562873,842346881471697991,842346882264991252,74,19,34807875000000,2026-09-10T09:13:57.291991+00:00,interpolated,482.0,747.0,-141.0
42.488450808,842346881490585926,842346882264991252,74,20,34807875000000,2026-09-10T09:13:57.291991+00:00,interpolated,477.0,752.0,-151.0
42.507338743,842346881509473861,842346882264991252,74,21,34807875000000,2026-09-10T09:13:57.291991+00:00,interpolated,449.0,827.0,-188.0
42.526226678,842346881528361796,842346882264991252,74,22,34807875000000,2026-09-10T09:13:57.291991+00:00,interpolated,408.0,899.0,-223.0
42.545114613,842346881547249731,842346882264991252,74,23,34807875000000,2026-09-10T09:13:57.291991+00:00,interpolated,361.0,915.0,-233.0
42.564002547,842346881566137665,842346882264991252,74,24,34807875000000,2026-09-10T09:13:57.291991+00:00,interpolated,329.0,872.0,-253.0
42.582890482,842346881585025600,842346882264991252,74,25,34807875000000,2026-09-10T09:13:57.291991+00:00,interpolated,282.0,865.0,-289.0
42.601778417,842346881603913535,842346882264991252,74,26,34807875000000,2026-09-10T09:13:57.291991+00:00,interpolated,216.0,913.0,-329.0
42.620666352,842346881622801470,842346882264991252,74,27,34807875000000,2026-09-10T09:13:57.291991+00:00,interpolated,166.0,961.0,-376.0
42.639554286,842346881641689404,842346882264991252,74,28,34807875000000,2026-09-10T09:13:57.291991+00:00,interpolated,153.0,987.0,-428.0
42.658442221,842346881660577339,842346882264991252,74,29,34807875000000,2026-09-10T09:13:57.291991+00:00,interpolated,172.0,1014.0,-476.0
42.677330156,842346881679465274,842346882264991252,74,30,34807875000000,2026-09-10T09:13:57.291991+00:00,interpolated,185.0,1044.0,-510.0
42.696218091,842346881698353209,842346882264991252,74,31,34807875000000,2026-09-10T09:13:57.291991+00:00,interpolated,176.0,1106.0,-529.0
42.715106026,842346881717241144,842346882264991252,74,32,34807875000000,2026-09-10T09:13:57.291991+00:00,interpolated,126.0,1187.0,-542.0
42.73399396,842346881736129078,842346882264991252,74,33,34807875000000,2026-09-10T09:13:57.291991+00:00,interpolated,109.0,1210.0,-516.0
42.752881895,842346881755017013,842346882264991252,74,34,34807875000000,2026-09-10T09:13:57.291991+00:00,interpolated,68.0,1129.0,-521.0
42.77176983,842346881773904948,842346882264991252,74,35,34807875000000,2026-09-10T09:13:57.291991+00:00,interpolated,63.0,1116.0,-513.0
42.790657765,842346881792792883,842346882264991252,74,36,34807875000000,2026-09-10T09:13:57.291991+00:00,interpolated,95.0,1189.0,-495.0
42.809545699,842346881811680817,842346882264991252,74,37,34807875000000,2026-09-10T09:13:57.291991+00:00,interpolated,101.0,1215.0,-464.0
42.828433634,842346881830568752,842346882264991252,74,38,34807875000000,2026-09-10T09:13:57.291991+00:00,interpolated,-39.0,1081.0,-506.0
42.847321569,842346881849456687,842346882264991252,74,39,34807875000000,2026-09-10T09:13:57.291991+00:00,interpolated,-277.0,826.0,-616.0
42.866209504,842346881868344622,842346882264991252,74,40,34807875000000,2026-09-10T09:13:57.291991+00:00,interpolated,-365.0,631.0,-676.0
42.885097439,842346881887232557,842346882264991252,74,41,34807875000000,2026-09-10T09:13:57.291991+00:00,interpolated,-323.0,660.0,-558.0
42.903985373,842346881906120491,842346882264991252,74,42,34807875000000,2026-09-10T09:13:57.291991+00:00,interpolated,-294.0,823.0,-435.0
42.922873308,842346881925008426,842346882264991252,74,43,34807875000000,2026-09-10T09:13:57.291991+00:00,interpolated,-274.0,936.0,-330.0
42.941761243,842346881943896361,842346882264991252,74,44,34807875000000,2026-09-10T09:13:57.291991+00:00,interpolated,-299.0,908.0,-334.0
42.960649178,842346881962784296,842346882264991252,74,45,34807875000000,2026-09-10T09:13:57.291991+00:00,interpolated,-311.0,827.0,-412.0
42.979537112,842346881981672230,842346882264991252,74,46,34807875000000,2026-09-10T09:13:57.291991+00:00,interpolated,-267.0,741.0,-475.0
42.998425047,842346882000560165,842346882264991252,74,47,34807875000000,2026-09-10T09:13:57.291991+00:00,interpolated,-197.0,667.0,-485.0
43.017312982,842346882019448100,842346882264991252,74,48,34807875000000,2026-09-10T09:13:57.291991+00:00,interpolated,-119.0,640.0,-478.0
43.036200917,842346882038336035,842346882264991252,74,49,34807875000000,2026-09-10T09:13:57.291991+00:00,interpolated,-76.0,615.0,-467.0
43.055088851,842346882057223969,842346882264991252,74,50,34807875000000,2026-09-10T09:13:57.291991+00:00,interpolated,-11.0,573.0,-497.0
43.073976786,842346882076111904,842346882264991252,74,51,34807875000000,2026-09-10T09:13:57.291991+00:00,interpolated,34.0,589.0,-525.0
43.092864721,842346882094999839,842346882264991252,74,52,34807875000000,2026-09-10T09:13:57.291991+00:00,interpolated,74.0,625.0,-609.0
43.111752656,842346882113887774,842346882264991252,74,53,34807875000000,2026-09-10T09:13:57.291991+00:00,interpolated,108.0,691.0,-676.0
43.130640591,842346882132775709,842346882264991252,74,54,34807875000000,2026-09-10T09:13:57.291991+00:00,interpolated,136.0,738.0,-710.0
43.149528525,842346882151663643,842346882264991252,74,55,34807875000000,2026-09-10T09:13:57.291991+00:00,interpolated,135.0,767.0,-706.0
43.16841646,842346882170551578,842346882264991252,74,56,34807875000000,2026-09-10T09:13:57.291991+00:00,interpolated,154.0,765.0,-720.0
43.187304395,842346882189439513,842346882264991252,74,57,34807875000000,2026-09-10T09:13:57.291991+00:00,interpolated,155.0,731.0,-758.0
43.20619233,842346882208327448,842346882264991252,74,58,34807875000000,2026-09-10T09:13:57.291991+00:00,interpolated,118.0,711.0,-770.0
43.225080264,842346882227215382,842346882264991252,74,59,34807875000000,2026-09-10T09:13:57.291991+00:00,interpolated,78.0,707.0,-756.0
43.243968199,842346882246103317,842346882264991252,74,60,34807875000000,2026-09-10T09:13:57.291991+00:00,interpolated,82.0,734.0,-729.0
43.262856134,842346882264991252,842346882264991252,74,61,34807875000000,2026-09-10T09:13:57.291991+00:00,interpolated,140.0,776.0,-681.0
43.281743879,842346882283878997,842346883379368228,79,0,34809015000000,2026-09-10T09:13:58.432473+00:00,interpolated,221.0,861.0,-645.0
43.300631625,842346882302766743,842346883379368228,79,1,34809015000000,2026-09-10T09:13:58.432473+00:00,interpolated,273.0,980.0,-635.0
43.31951937,842346882321654488,842346883379368228,79,2,34809015000000,2026-09-10T09:13:58.432473+00:00,interpolated,262.0,1124.0,-608.0
43.338407115,842346882340542233,842346883379368228,79,3,34809015000000,2026-09-10T09:13:58.432473+00:00,interpolated,186.0,1155.0,-581.0
43.357294861,842346882359429979,842346883379368228,79,4,34809015000000,2026-09-10T09:13:58.432473+00:00,interpolated,73.0,1097.0,-525.0
43.376182606,842346882378317724,842346883379368228,79,5,34809015000000,2026-09-10T09:13:58.432473+00:00,interpolated,-48.0,1030.0,-429.0
43.395070351,842346882397205469,842346883379368228,79,6,34809015000000,2026-09-10T09:13:58.432473+00:00,interpolated,-137.0,966.0,-336.0
43.413958097,842346882416093215,842346883379368228,79,7,34809015000000,2026-09-10T09:13:58.432473+00:00,interpolated,-217.0,977.0,-266.0
43.432845842,842346882434980960,842346883379368228,79,8,34809015000000,2026-09-10T09:13:58.432473+00:00,interpolated,-251.0,1096.0,-226.0
43.451733588,842346882453868706,842346883379368228,79,9,34809015000000,2026-09-10T09:13:58.432473+00:00,interpolated,-254.0,1262.0,-181.0
43.470621333,842346882472756451,842346883379368228,79,10,34809015000000,2026-09-10T09:13:58.432473+00:00,interpolated,-226.0,1255.0,-245.0
43.489509078,842346882491644196,842346883379368228,79,11,34809015000000,2026-09-10T09:13:58.432473+00:00,interpolated,-138.0,1201.0,-335.0
43.508396824,842346882510531942,842346883379368228,79,12,34809015000000,2026-09-10T09:13:58.432473+00:00,interpolated,-43.0,1103.0,-415.0
43.527284569,842346882529419687,842346883379368228,79,13,34809015000000,2026-09-10T09:13:58.432473+00:00,interpolated,63.0,1005.0,-470.0
43.546172314,842346882548307432,842346883379368228,79,14,34809015000000,2026-09-10T09:13:58.432473+00:00,interpolated,169.0,942.0,-523.0
43.56506006,842346882567195178,842346883379368228,79,15,34809015000000,2026-09-10T09:13:58.432473+00:00,interpolated,287.0,862.0,-564.0
43.583947805,842346882586082923,842346883379368228,79,16,34809015000000,2026-09-10T09:13:58.432473+00:00,interpolated,388.0,792.0,-593.0
43.60283555,842346882604970668,842346883379368228,79,17,34809015000000,2026-09-10T09:13:58.432473+00:00,interpolated,415.0,769.0,-559.0
43.621723296,842346882623858414,842346883379368228,79,18,34809015000000,2026-09-10T09:13:58.432473+00:00,interpolated,368.0,811.0,-472.0
43.640611041,842346882642746159,842346883379368228,79,19,34809015000000,2026-09-10T09:13:58.432473+00:00,interpolated,303.0,884.0,-392.0
43.659498786,842346882661633904,842346883379368228,79,20,34809015000000,2026-09-10T09:13:58.432473+00:00,interpolated,226.0,953.0,-355.0
43.678386532,842346882680521650,842346883379368228,79,21,34809015000000,2026-09-10T09:13:58.432473+00:00,interpolated,152.0,969.0,-346.0
43.697274277,842346882699409395,842346883379368228,79,22,34809015000000,2026-09-10T09:13:58.432473+00:00,interpolated,121.0,987.0,-331.0
43.716162023,842346882718297141,842346883379368228,79,23,34809015000000,2026-09-10T09:13:58.432473+00:00,interpolated,102.0,1024.0,-318.0
43.735049768,842346882737184886,842346883379368228,79,24,34809015000000,2026-09-10T09:13:58.432473+00:00,interpolated,45.0,1036.0,-320.0
43.753937513,842346882756072631,842346883379368228,79,25,34809015000000,2026-09-10T09:13:58.432473+00:00,interpolated,-18.0,1047.0,-358.0
43.772825259,842346882774960377,842346883379368228,79,26,34809015000000,2026-09-10T09:13:58.432473+00:00,interpolated,-62.0,1028.0,-437.0
43.791713004,842346882793848122,842346883379368228,79,27,34809015000000,2026-09-10T09:13:58.432473+00:00,interpolated,-42.0,954.0,-538.0
43.810600749,842346882812735867,842346883379368228,79,28,34809015000000,2026-09-10T09:13:58.432473+00:00,interpolated,-36.0,851.0,-671.0
43.829488495,842346882831623613,842346883379368228,79,29,34809015000000,2026-09-10T09:13:58.432473+00:00,interpolated,-60.0,671.0,-780.0
43.84837624,842346882850511358,842346883379368228,79,30,34809015000000,2026-09-10T09:13:58.432473+00:00,interpolated,-85.0,516.0,-779.0
43.867263985,842346882869399103,842346883379368228,79,31,34809015000000,2026-09-10T09:13:58.432473+00:00,interpolated,-90.0,567.0,-673.0
43.886151731,842346882888286849,842346883379368228,79,32,34809015000000,2026-09-10T09:13:58.432473+00:00,interpolated,-78.0,893.0,-576.0
43.905039476,842346882907174594,842346883379368228,79,33,34809015000000,2026-09-10T09:13:58.432473+00:00,interpolated,-57.0,1201.0,-507.0
43.923927221,842346882926062339,842346883379368228,79,34,34809015000000,2026-09-10T09:13:58.432473+00:00,interpolated,-38.0,1202.0,-490.0
43.942814967,842346882944950085,842346883379368228,79,35,34809015000000,2026-09-10T09:13:58.432473+00:00,interpolated,-35.0,1124.0,-446.0
43.961702712,842346882963837830,842346883379368228,79,36,34809015000000,2026-09-10T09:13:58.432473+00:00,interpolated,-75.0,1065.0,-397.0
43.980590458,842346882982725576,842346883379368228,79,37,34809015000000,2026-09-10T09:13:58.432473+00:00,interpolated,-140.0,1013.0,-416.0
43.999478203,842346883001613321,842346883379368228,79,38,34809015000000,2026-09-10T09:13:58.432473+00:00,interpolated,-170.0,941.0,-445.0
44.018365948,842346883020501066,842346883379368228,79,39,34809015000000,2026-09-10T09:13:58.432473+00:00,interpolated,-129.0,896.0,-451.0
44.037253694,842346883039388812,842346883379368228,79,40,34809015000000,2026-09-10T09:13:58.432473+00:00,interpolated,-71.0,832.0,-450.0
44.056141439,842346883058276557,842346883379368228,79,41,34809015000000,2026-09-10T09:13:58.432473+00:00,interpolated,-6.0,782.0,-455.0
44.075029184,842346883077164302,842346883379368228,79,42,34809015000000,2026-09-10T09:13:58.432473+00:00,interpolated,70.0,745.0,-461.0
44.09391693,842346883096052048,842346883379368228,79,43,34809015000000,2026-09-10T09:13:58.432473+00:00,interpolated,128.0,723.0,-462.0
44.112804675,842346883114939793,842346883379368228,79,44,34809015000000,2026-09-10T09:13:58.432473+00:00,interpolated,178.0,713.0,-459.0
44.13169242,842346883133827538,842346883379368228,79,45,34809015000000,2026-09-10T09:13:58.432473+00:00,interpolated,174.0,687.0,-446.0
44.150580166,842346883152715284,842346883379368228,79,46,34809015000000,2026-09-10T09:13:58.432473+00:00,interpolated,149.0,694.0,-410.0
44.169467911,842346883171603029,842346883379368228,79,47,34809015000000,2026-09-10T09:13:58.432473+00:00,interpolated,102.0,730.0,-363.0
44.188355656,842346883190490774,842346883379368228,79,48,34809015000000,2026-09-10T09:13:58.432473+00:00,interpolated,47.0,790.0,-314.0
44.207243402,842346883209378520,842346883379368228,79,49,34809015000000,2026-09-10T09:13:58.432473+00:00,interpolated,5.0,871.0,-268.0
44.226131147,842346883228266265,842346883379368228,79,50,34809015000000,2026-09-10T09:13:58.432473+00:00,interpolated,-48.0,929.0,-220.0
44.245018893,842346883247154011,842346883379368228,79,51,34809015000000,2026-09-10T09:13:58.432473+00:00,interpolated,-107.0,931.0,-182.0
44.263906638,842346883266041756,842346883379368228,79,52,34809015000000,2026-09-10T09:13:58.432473+00:00,interpolated,-148.0,891.0,-166.0
44.282794383,842346883284929501,842346883379368228,79,53,34809015000000,2026-09-10T09:13:58.432473+00:00,interpolated,-165.0,907.0,-147.0
44.301682129,842346883303817247,842346883379368228,79,54,34809015000000,2026-09-10T09:13:58.432473+00:00,interpolated,-159.0,936.0,-105.0
44.320569874,842346883322704992,842346883379368228,79,55,34809015000000,2026-09-10T09:13:58.432473+00:00,interpolated,-142.0,958.0,-61.0
44.339457619,842346883341592737,842346883379368228,79,56,34809015000000,2026-09-10T09:13:58.432473+00:00,interpolated,-130.0,998.0,-17.0
44.358345365,842346883360480483,842346883379368228,79,57,34809015000000,2026-09-10T09:13:58.432473+00:00,interpolated,-143.0,1039.0,25.0
44.37723311,842346883379368228,842346883379368228,79,58,34809015000000,2026-09-10T09:13:58.432473+00:00,interpolated,-161.0,1072.0,68.0
44.396121255,842346883398256373,842346884418216208,82,0,34810187000000,2026-09-10T09:13:59.602546+00:00,interpolated,-226.0,1059.0,114.0
44.4150094,842346883417144518,842346884418216208,82,1,34810187000000,2026-09-10T09:13:59.602546+00:00,interpolated,-283.0,1057.0,193.0
44.433897545,842346883436032663,842346884418216208,82,2,34810187000000,2026-09-10T09:13:59.602546+00:00,interpolated,-348.0,1073.0,253.0
44.45278569,842346883454920808,842346884418216208,82,3,34810187000000,2026-09-10T09:13:59.602546+00:00,interpolated,-370.0,1097.0,223.0
44.471673835,842346883473808953,842346884418216208,82,4,34810187000000,2026-09-10T09:13:59.602546+00:00,interpolated,-349.0,1038.0,113.0
44.490561981,842346883492697099,842346884418216208,82,5,34810187000000,2026-09-10T09:13:59.602546+00:00,interpolated,-281.0,974.0,33.0
44.509450126,842346883511585244,842346884418216208,82,6,34810187000000,2026-09-10T09:13:59.602546+00:00,interpolated,-230.0,897.0,0.0
44.528338271,842346883530473389,842346884418216208,82,7,34810187000000,2026-09-10T09:13:59.602546+00:00,interpolated,-186.0,841.0,-42.0
44.547226416,842346883549361534,842346884418216208,82,8,34810187000000,2026-09-10T09:13:59.602546+00:00,interpolated,-130.0,824.0,-68.0
44.566114561,842346883568249679,842346884418216208,82,9,34810187000000,2026-09-10T09:13:59.602546+00:00,interpolated,-44.0,834.0,-45.0
44.585002706,842346883587137824,842346884418216208,82,10,34810187000000,2026-09-10T09:13:59.602546+00:00,interpolated,23.0,757.0,-54.0
44.603890851,842346883606025969,842346884418216208,82,11,34810187000000,2026-09-10T09:13:59.602546+00:00,interpolated,49.0,664.0,-58.0
44.622778996,842346883624914114,842346884418216208,82,12,34810187000000,2026-09-10T09:13:59.602546+00:00,interpolated,50.0,589.0,-71.0
44.641667141,842346883643802259,842346884418216208,82,13,34810187000000,2026-09-10T09:13:59.602546+00:00,interpolated,29.0,591.0,-47.0
44.660555286,842346883662690404,842346884418216208,82,14,34810187000000,2026-09-10T09:13:59.602546+00:00,interpolated,18.0,680.0,5.0
44.679443431,842346883681578549,842346884418216208,82,15,34810187000000,2026-09-10T09:13:59.602546+00:00,interpolated,15.0,703.0,23.0
44.698331577,842346883700466695,842346884418216208,82,16,34810187000000,2026-09-10T09:13:59.602546+00:00,interpolated,-11.0,731.0,34.0
44.717219722,842346883719354840,842346884418216208,82,17,34810187000000,2026-09-10T09:13:59.602546+00:00,interpolated,-7.0,811.0,52.0
44.736107867,842346883738242985,842346884418216208,82,18,34810187000000,2026-09-10T09:13:59.602546+00:00,interpolated,-65.0,900.0,72.0
44.754996012,842346883757131130,842346884418216208,82,19,34810187000000,2026-09-10T09:13:59.602546+00:00,interpolated,-161.0,1053.0,62.0
44.773884157,842346883776019275,842346884418216208,82,20,34810187000000,2026-09-10T09:13:59.602546+00:00,interpolated,-217.0,1097.0,32.0
44.792772302,842346883794907420,842346884418216208,82,21,34810187000000,2026-09-10T09:13:59.602546+00:00,interpolated,-213.0,1111.0,13.0
44.811660447,842346883813795565,842346884418216208,82,22,34810187000000,2026-09-10T09:13:59.602546+00:00,interpolated,-186.0,1081.0,15.0
44.830548592,842346883832683710,842346884418216208,82,23,34810187000000,2026-09-10T09:13:59.602546+00:00,interpolated,-152.0,1051.0,-11.0
44.849436737,842346883851571855,842346884418216208,82,24,34810187000000,2026-09-10T09:13:59.602546+00:00,interpolated,-125.0,1002.0,-43.0
44.868324882,842346883870460000,842346884418216208,82,25,34810187000000,2026-09-10T09:13:59.602546+00:00,interpolated,-82.0,992.0,-93.0
44.887213027,842346883889348145,842346884418216208,82,26,34810187000000,2026-09-10T09:13:59.602546+00:00,interpolated,-12.0,1066.0,-90.0
44.906101173,842346883908236291,842346884418216208,82,27,34810187000000,2026-09-10T09:13:59.602546+00:00,interpolated,43.0,1159.0,-83.0
44.924989318,842346883927124436,842346884418216208,82,28,34810187000000,2026-09-10T09:13:59.602546+00:00,interpolated,62.0,1214.0,-99.0
44.943877463,842346883946012581,842346884418216208,82,29,34810187000000,2026-09-10T09:13:59.602546+00:00,interpolated,70.0,1237.0,-73.0
44.962765608,842346883964900726,842346884418216208,82,30,34810187000000,2026-09-10T09:13:59.602546+00:00,interpolated,91.0,1265.0,-71.0
44.981653753,842346883983788871,842346884418216208,82,31,34810187000000,2026-09-10T09:13:59.602546+00:00,interpolated,80.0,1289.0,-119.0
45.000541898,842346884002677016,842346884418216208,82,32,34810187000000,2026-09-10T09:13:59.602546+00:00,interpolated,76.0,1238.0,-149.0
45.019430043,842346884021565161,842346884418216208,82,33,34810187000000,2026-09-10T09:13:59.602546+00:00,interpolated,101.0,1159.0,-179.0
45.038318188,842346884040453306,842346884418216208,82,34,34810187000000,2026-09-10T09:13:59.602546+00:00,interpolated,99.0,1135.0,-177.0
45.057206333,842346884059341451,842346884418216208,82,35,34810187000000,2026-09-10T09:13:59.602546+00:00,interpolated,65.0,1135.0,-141.0
45.076094478,842346884078229596,842346884418216208,82,36,34810187000000,2026-09-10T09:13:59.602546+00:00,interpolated,29.0,1109.0,-241.0
45.094982623,842346884097117741,842346884418216208,82,37,34810187000000,2026-09-10T09:13:59.602546+00:00,interpolated,23.0,1077.0,-346.0
45.113870769,842346884116005887,842346884418216208,82,38,34810187000000,2026-09-10T09:13:59.602546+00:00,interpolated,60.0,1028.0,-342.0
45.132758914,842346884134894032,842346884418216208,82,39,34810187000000,2026-09-10T09:13:59.602546+00:00,interpolated,80.0,996.0,-205.0
45.151647059,842346884153782177,842346884418216208,82,40,34810187000000,2026-09-10T09:13:59.602546+00:00,interpolated,-16.0,1017.0,-79.0
45.170535204,842346884172670322,842346884418216208,82,41,34810187000000,2026-09-10T09:13:59.602546+00:00,interpolated,-157.0,1041.0,-119.0
45.189423349,842346884191558467,842346884418216208,82,42,34810187000000,2026-09-10T09:13:59.602546+00:00,interpolated,-252.0,1099.0,-126.0
45.208311494,842346884210446612,842346884418216208,82,43,34810187000000,2026-09-10T09:13:59.602546+00:00,interpolated,-274.0,1090.0,-93.0
45.227199639,842346884229334757,842346884418216208,82,44,34810187000000,2026-09-10T09:13:59.602546+00:00,interpolated,-205.0,1119.0,-60.0
45.246087784,842346884248222902,842346884418216208,82,45,34810187000000,2026-09-10T09:13:59.602546+00:00,interpolated,-131.0,1152.0,-172.0
45.264975929,842346884267111047,842346884418216208,82,46,34810187000000,2026-09-10T09:13:59.602546+00:00,interpolated,40.0,1114.0,-75.0
45.283864074,842346884285999192,842346884418216208,82,47,34810187000000,2026-09-10T09:13:59.602546+00:00,interpolated,327.0,1041.0,6.0
45.302752219,842346884304887337,842346884418216208,82,48,34810187000000,2026-09-10T09:13:59.602546+00:00,interpolated,36.0,1124.0,395.0
45.321640365,842346884323775483,842346884418216208,82,49,34810187000000,2026-09-10T09:13:59.602546+00:00,interpolated,-1018.0,1790.0,281.0
45.34052851,842346884342663628,842346884418216208,82,50,34810187000000,2026-09-10T09:13:59.602546+00:00,interpolated,-728.0,2498.0,-1608.0
45.359416655,842346884361551773,842346884418216208,82,51,34810187000000,2026-09-10T09:13:59.602546+00:00,interpolated,-1431.0,3558.0,-1710.0
45.3783048,842346884380439918,842346884418216208,82,52,34810187000000,2026-09-10T09:13:59.602546+00:00,interpolated,1010.0,1707.0,-1066.0
45.397192945,842346884399328063,842346884418216208,82,53,34810187000000,2026-09-10T09:13:59.602546+00:00,interpolated,1963.0,579.0,-62.0
45.41608109,842346884418216208,842346884418216208,82,54,34810187000000,2026-09-10T09:13:59.602546+00:00,interpolated,1485.0,783.0,382.0
45.43496918,842346884437104298,842346885570389728,85,0,34811265000000,2026-09-10T09:14:00.682289+00:00,interpolated,316.0,1050.0,428.0
45.453857271,842346884455992389,842346885570389728,85,1,34811265000000,2026-09-10T09:14:00.682289+00:00,interpolated,-552.0,1137.0,63.0
45.472745361,842346884474880479,842346885570389728,85,2,34811265000000,2026-09-10T09:14:00.682289+00:00,interpolated,-795.0,1003.0,-240.0
45.491633452,842346884493768570,842346885570389728,85,3,34811265000000,2026-09-10T09:14:00.682289+00:00,interpolated,-519.0,927.0,-388.0
45.510521542,842346884512656660,842346885570389728,85,4,34811265000000,2026-09-10T09:14:00.682289+00:00,interpolated,13.0,966.0,-382.0
45.529409633,842346884531544751,842346885570389728,85,5,34811265000000,2026-09-10T09:14:00.682289+00:00,interpolated,163.0,866.0,-197.0
45.548297723,842346884550432841,842346885570389728,85,6,34811265000000,2026-09-10T09:14:00.682289+00:00,interpolated,66.0,831.0,-85.0
45.567185814,842346884569320932,842346885570389728,85,7,34811265000000,2026-09-10T09:14:00.682289+00:00,interpolated,-191.0,896.0,-1.0
45.586073904,842346884588209022,842346885570389728,85,8,34811265000000,2026-09-10T09:14:00.682289+00:00,interpolated,-473.0,961.0,-66.0
45.604961995,842346884607097113,842346885570389728,85,9,34811265000000,2026-09-10T09:14:00.682289+00:00,interpolated,-641.0,943.0,-128.0
45.623850085,842346884625985203,842346885570389728,85,10,34811265000000,2026-09-10T09:14:00.682289+00:00,interpolated,-513.0,1029.0,-126.0
45.642738176,842346884644873294,842346885570389728,85,11,34811265000000,2026-09-10T09:14:00.682289+00:00,interpolated,-287.0,1017.0,-40.0
45.661626266,842346884663761384,842346885570389728,85,12,34811265000000,2026-09-10T09:14:00.682289+00:00,interpolated,-232.0,947.0,-45.0
45.680514357,842346884682649475,842346885570389728,85,13,34811265000000,2026-09-10T09:14:00.682289+00:00,interpolated,-246.0,1036.0,-112.0
45.699402447,842346884701537565,842346885570389728,85,14,34811265000000,2026-09-10T09:14:00.682289+00:00,interpolated,-300.0,1027.0,-57.0
45.718290538,842346884720425656,842346885570389728,85,15,34811265000000,2026-09-10T09:14:00.682289+00:00,interpolated,-390.0,961.0,-9.0
45.737178628,842346884739313746,842346885570389728,85,16,34811265000000,2026-09-10T09:14:00.682289+00:00,interpolated,-509.0,970.0,-34.0
45.756066719,842346884758201837,842346885570389728,85,17,34811265000000,2026-09-10T09:14:00.682289+00:00,interpolated,-503.0,990.0,34.0
45.774954809,842346884777089927,842346885570389728,85,18,34811265000000,2026-09-10T09:14:00.682289+00:00,interpolated,-479.0,956.0,46.0
45.7938429,842346884795978018,842346885570389728,85,19,34811265000000,2026-09-10T09:14:00.682289+00:00,interpolated,-459.0,988.0,-55.0
45.81273099,842346884814866108,842346885570389728,85,20,34811265000000,2026-09-10T09:14:00.682289+00:00,interpolated,-438.0,1060.0,-41.0
45.831619081,842346884833754199,842346885570389728,85,21,34811265000000,2026-09-10T09:14:00.682289+00:00,interpolated,-387.0,963.0,44.0
45.850507171,842346884852642289,842346885570389728,85,22,34811265000000,2026-09-10T09:14:00.682289+00:00,interpolated,-504.0,947.0,41.0
45.869395262,842346884871530380,842346885570389728,85,23,34811265000000,2026-09-10T09:14:00.682289+00:00,interpolated,-388.0,962.0,-27.0
45.888283352,842346884890418470,842346885570389728,85,24,34811265000000,2026-09-10T09:14:00.682289+00:00,interpolated,-259.0,1011.0,-82.0
45.907171443,842346884909306561,842346885570389728,85,25,34811265000000,2026-09-10T09:14:00.682289+00:00,interpolated,-422.0,1034.0,-201.0
45.926059533,842346884928194651,842346885570389728,85,26,34811265000000,2026-09-10T09:14:00.682289+00:00,interpolated,-425.0,1114.0,-70.0
45.944947624,842346884947082742,842346885570389728,85,27,34811265000000,2026-09-10T09:14:00.682289+00:00,interpolated,-230.0,1042.0,-131.0
45.963835714,842346884965970832,842346885570389728,85,28,34811265000000,2026-09-10T09:14:00.682289+00:00,interpolated,-112.0,1021.0,-129.0
45.982723805,842346884984858923,842346885570389728,85,29,34811265000000,2026-09-10T09:14:00.682289+00:00,interpolated,-13.0,1009.0,-73.0
46.001611895,842346885003747013,842346885570389728,85,30,34811265000000,2026-09-10T09:14:00.682289+00:00,interpolated,-17.0,1009.0,-31.0
46.020499986,842346885022635104,842346885570389728,85,31,34811265000000,2026-09-10T09:14:00.682289+00:00,interpolated,-96.0,1046.0,-82.0
46.039388076,842346885041523194,842346885570389728,85,32,34811265000000,2026-09-10T09:14:00.682289+00:00,interpolated,-173.0,1007.0,-144.0
46.058276167,842346885060411285,842346885570389728,85,33,34811265000000,2026-09-10T09:14:00.682289+00:00,interpolated,-117.0,1065.0,-153.0
46.077164257,842346885079299375,842346885570389728,85,34,34811265000000,2026-09-10T09:14:00.682289+00:00,interpolated,-124.0,1038.0,-48.0
46.096052348,842346885098187466,842346885570389728,85,35,34811265000000,2026-09-10T09:14:00.682289+00:00,interpolated,-197.0,1007.0,47.0
46.114940438,842346885117075556,842346885570389728,85,36,34811265000000,2026-09-10T09:14:00.682289+00:00,interpolated,-144.0,1016.0,94.0
46.133828529,842346885135963647,842346885570389728,85,37,34811265000000,2026-09-10T09:14:00.682289+00:00,interpolated,-144.0,1015.0,102.0
46.152716619,842346885154851737,842346885570389728,85,38,34811265000000,2026-09-10T09:14:00.682289+00:00,interpolated,-135.0,1050.0,116.0
46.17160471,842346885173739828,842346885570389728,85,39,34811265000000,2026-09-10T09:14:00.682289+00:00,interpolated,-234.0,1044.0,123.0
46.1904928,842346885192627918,842346885570389728,85,40,34811265000000,2026-09-10T09:14:00.682289+00:00,interpolated,-315.0,1038.0,161.0
46.209380891,842346885211516009,842346885570389728,85,41,34811265000000,2026-09-10T09:14:00.682289+00:00,interpolated,-291.0,1014.0,141.0
46.228268981,842346885230404099,842346885570389728,85,42,34811265000000,2026-09-10T09:14:00.682289+00:00,interpolated,-319.0,1012.0,161.0
46.247157072,842346885249292190,842346885570389728,85,43,34811265000000,2026-09-10T09:14:00.682289+00:00,interpolated,-310.0,989.0,83.0
46.266045162,842346885268180280,842346885570389728,85,44,34811265000000,2026-09-10T09:14:00.682289+00:00,interpolated,-266.0,1029.0,31.0
46.284933253,842346885287068371,842346885570389728,85,45,34811265000000,2026-09-10T09:14:00.682289+00:00,interpolated,-241.0,1000.0,47.0
46.303821343,842346885305956461,842346885570389728,85,46,34811265000000,2026-09-10T09:14:00.682289+00:00,interpolated,-260.0,998.0,12.0
46.322709434,842346885324844552,842346885570389728,85,47,34811265000000,2026-09-10T09:14:00.682289+00:00,interpolated,-208.0,1032.0,-54.0
46.341597524,842346885343732642,842346885570389728,85,48,34811265000000,2026-09-10T09:14:00.682289+00:00,interpolated,-93.0,1038.0,-16.0
46.360485615,842346885362620733,842346885570389728,85,49,34811265000000,2026-09-10T09:14:00.682289+00:00,interpolated,-86.0,1017.0,-12.0
46.379373705,842346885381508823,842346885570389728,85,50,34811265000000,2026-09-10T09:14:00.682289+00:00,interpolated,-78.0,1024.0,-87.0
46.398261796,842346885400396914,842346885570389728,85,51,34811265000000,2026-09-10T09:14:00.682289+00:00,interpolated,-16.0,1070.0,-128.0
46.417149886,842346885419285004,842346885570389728,85,52,34811265000000,2026-09-10T09:14:00.682289+00:00,interpolated,46.0,1035.0,-64.0
46.436037977,842346885438173095,842346885570389728,85,53,34811265000000,2026-09-10T09:14:00.682289+00:00,interpolated,-50.0,989.0,-35.0
46.454926067,842346885457061185,842346885570389728,85,54,34811265000000,2026-09-10T09:14:00.682289+00:00,interpolated,-167.0,1056.0,-38.0
46.473814158,842346885475949276,842346885570389728,85,55,34811265000000,2026-09-10T09:14:00.682289+00:00,interpolated,-164.0,1079.0,-20.0
46.492702248,842346885494837366,842346885570389728,85,56,34811265000000,2026-09-10T09:14:00.682289+00:00,interpolated,-112.0,1004.0,49.0
46.511590339,842346885513725457,842346885570389728,85,57,34811265000000,2026-09-10T09:14:00.682289+00:00,interpolated,-103.0,1015.0,34.0
46.530478429,842346885532613547,842346885570389728,85,58,34811265000000,2026-09-10T09:14:00.682289+00:00,interpolated,-136.0,1068.0,25.0
46.54936652,842346885551501638,842346885570389728,85,59,34811265000000,2026-09-10T09:14:00.682289+00:00,interpolated,-171.0,1049.0,-35.0
46.56825461,842346885570389728,842346885570389728,85,60,34811265000000,2026-09-10T09:14:00.682289+00:00,interpolated,-198.0,1064.0,-11.0
46.5871426,842346885589277718,842346886363685302,88,0,34812015000000,2026-09-10T09:14:01.432364+00:00,interpolated,-193.0,1055.0,25.0
46.60603059,842346885608165708,842346886363685302,88,1,34812015000000,2026-09-10T09:14:01.432364+00:00,interpolated,-187.0,1002.0,-45.0
46.62491858,842346885627053698,842346886363685302,88,2,34812015000000,2026-09-10T09:14:01.432364+00:00,interpolated,-158.0,1069.0,-60.0
46.643806569,842346885645941687,842346886363685302,88,3,34812015000000,2026-09-10T09:14:01.432364+00:00,interpolated,-108.0,1089.0,-59.0
46.662694559,842346885664829677,842346886363685302,88,4,34812015000000,2026-09-10T09:14:01.432364+00:00,interpolated,18.0,1230.0,-238.0
46.681582549,842346885683717667,842346886363685302,88,5,34812015000000,2026-09-10T09:14:01.432364+00:00,interpolated,83.0,1321.0,-443.0
46.700470539,842346885702605657,842346886363685302,88,6,34812015000000,2026-09-10T09:14:01.432364+00:00,interpolated,77.0,1306.0,-521.0
46.719358529,842346885721493647,842346886363685302,88,7,34812015000000,2026-09-10T09:14:01.432364+00:00,interpolated,-326.0,1307.0,-159.0
46.738246519,842346885740381637,842346886363685302,88,8,34812015000000,2026-09-10T09:14:01.432364+00:00,interpolated,-1362.0,1212.0,-298.0
46.757134509,842346885759269627,842346886363685302,88,9,34812015000000,2026-09-10T09:14:01.432364+00:00,interpolated,-1478.0,740.0,-883.0
46.776022498,842346885778157616,842346886363685302,88,10,34812015000000,2026-09-10T09:14:01.432364+00:00,interpolated,-787.0,650.0,-744.0
46.794910488,842346885797045606,842346886363685302,88,11,34812015000000,2026-09-10T09:14:01.432364+00:00,interpolated,123.0,652.0,57.0
46.813798478,842346885815933596,842346886363685302,88,12,34812015000000,2026-09-10T09:14:01.432364+00:00,interpolated,407.0,650.0,48.0
46.832686468,842346885834821586,842346886363685302,88,13,34812015000000,2026-09-10T09:14:01.432364+00:00,interpolated,121.0,563.0,74.0
46.851574458,842346885853709576,842346886363685302,88,14,34812015000000,2026-09-10T09:14:01.432364+00:00,interpolated,194.0,535.0,81.0
46.870462448,842346885872597566,842346886363685302,88,15,34812015000000,2026-09-10T09:14:01.432364+00:00,interpolated,363.0,486.0,-23.0
46.889350438,842346885891485556,842346886363685302,88,16,34812015000000,2026-09-10T09:14:01.432364+00:00,interpolated,415.0,521.0,-397.0
46.908238427,842346885910373545,842346886363685302,88,17,34812015000000,2026-09-10T09:14:01.432364+00:00,interpolated,273.0,445.0,-158.0
46.927126417,842346885929261535,842346886363685302,88,18,34812015000000,2026-09-10T09:14:01.432364+00:00,interpolated,177.0,349.0,410.0
46.946014407,842346885948149525,842346886363685302,88,19,34812015000000,2026-09-10T09:14:01.432364+00:00,interpolated,-631.0,1045.0,528.0
46.964902397,842346885967037515,842346886363685302,88,20,34812015000000,2026-09-10T09:14:01.432364+00:00,interpolated,-4395.0,4276.0,-1123.0
46.983790387,842346885985925505,842346886363685302,88,21,34812015000000,2026-09-10T09:14:01.432364+00:00,interpolated,819.0,2399.0,-2186.0
47.002678377,842346886004813495,842346886363685302,88,22,34812015000000,2026-09-10T09:14:01.432364+00:00,interpolated,40.0,-571.0,555.0
47.021566367,842346886023701485,842346886363685302,88,23,34812015000000,2026-09-10T09:14:01.432364+00:00,interpolated,795.0,806.0,819.0
47.040454356,842346886042589474,842346886363685302,88,24,34812015000000,2026-09-10T09:14:01.432364+00:00,interpolated,358.0,940.0,496.0
47.059342346,842346886061477464,842346886363685302,88,25,34812015000000,2026-09-10T09:14:01.432364+00:00,interpolated,-165.0,1105.0,-79.0
47.078230336,842346886080365454,842346886363685302,88,26,34812015000000,2026-09-10T09:14:01.432364+00:00,interpolated,-357.0,1452.0,-511.0
47.097118326,842346886099253444,842346886363685302,88,27,34812015000000,2026-09-10T09:14:01.432364+00:00,interpolated,-414.0,1038.0,-606.0
47.116006316,842346886118141434,842346886363685302,88,28,34812015000000,2026-09-10T09:14:01.432364+00:00,interpolated,-338.0,942.0,-265.0
47.134894306,842346886137029424,842346886363685302,88,29,34812015000000,2026-09-10T09:14:01.432364+00:00,interpolated,-250.0,866.0,-67.0
47.153782296,842346886155917414,842346886363685302,88,30,34812015000000,2026-09-10T09:14:01.432364+00:00,interpolated,-305.0,845.0,-12.0
47.172670285,842346886174805403,842346886363685302,88,31,34812015000000,2026-09-10T09:14:01.432364+00:00,interpolated,-254.0,913.0,-127.0
47.191558275,842346886193693393,842346886363685302,88,32,34812015000000,2026-09-10T09:14:01.432364+00:00,interpolated,-91.0,1003.0,-189.0
47.210446265,842346886212581383,842346886363685302,88,33,34812015000000,2026-09-10T09:14:01.432364+00:00,interpolated,-64.0,1034.0,-226.0
47.229334255,842346886231469373,842346886363685302,88,34,34812015000000,2026-09-10T09:14:01.432364+00:00,interpolated,-125.0,1006.0,-217.0
47.248222245,842346886250357363,842346886363685302,88,35,34812015000000,2026-09-10T09:14:01.432364+00:00,interpolated,-103.0,1068.0,-185.0
47.267110235,842346886269245353,842346886363685302,88,36,34812015000000,2026-09-10T09:14:01.432364+00:00,interpolated,-56.0,1063.0,-54.0
47.285998225,842346886288133343,842346886363685302,88,37,34812015000000,2026-09-10T09:14:01.432364+00:00,interpolated,-90.0,1015.0,-117.0
47.304886214,842346886307021332,842346886363685302,88,38,34812015000000,2026-09-10T09:14:01.432364+00:00,interpolated,-40.0,1003.0,-89.0
47.323774204,842346886325909322,842346886363685302,88,39,34812015000000,2026-09-10T09:14:01.432364+00:00,interpolated,-65.0,1031.0,-53.0
47.342662194,842346886344797312,842346886363685302,88,40,34812015000000,2026-09-10T09:14:01.432364+00:00,interpolated,-206.0,996.0,-116.0
47.361550184,842346886363685302,842346886363685302,88,41,34812015000000,2026-09-10T09:14:01.432364+00:00,interpolated,-163.0,1056.0,-132.0
47.380438248,842346886382573366,842346887459193000,91,0,34813156000000,2026-09-10T09:14:02.572625+00:00,interpolated,-43.0,1066.0,-70.0
47.399326312,842346886401461430,842346887459193000,91,1,34813156000000,2026-09-10T09:14:02.572625+00:00,interpolated,-122.0,996.0,-125.0
47.418214375,842346886420349493,842346887459193000,91,2,34813156000000,2026-09-10T09:14:02.572625+00:00,interpolated,-141.0,1050.0,-178.0
47.437102439,842346886439237557,842346887459193000,91,3,34813156000000,2026-09-10T09:14:02.572625+00:00,interpolated,-82.0,1084.0,-141.0
47.455990503,842346886458125621,842346887459193000,91,4,34813156000000,2026-09-10T09:14:02.572625+00:00,interpolated,-47.0,991.0,-143.0
47.474878567,842346886477013685,842346887459193000,91,5,34813156000000,2026-09-10T09:14:02.572625+00:00,interpolated,-59.0,998.0,-136.0
47.49376663,842346886495901748,842346887459193000,91,6,34813156000000,2026-09-10T09:14:02.572625+00:00,interpolated,-91.0,1026.0,-138.0
47.512654694,842346886514789812,842346887459193000,91,7,34813156000000,2026-09-10T09:14:02.572625+00:00,interpolated,-227.0,980.0,-137.0
47.531542758,842346886533677876,842346887459193000,91,8,34813156000000,2026-09-10T09:14:02.572625+00:00,interpolated,-162.0,1030.0,-128.0
47.550430822,842346886552565940,842346887459193000,91,9,34813156000000,2026-09-10T09:14:02.572625+00:00,interpolated,-52.0,1133.0,-169.0
47.569318885,842346886571454003,842346887459193000,91,10,34813156000000,2026-09-10T09:14:02.572625+00:00,interpolated,-59.0,1036.0,-121.0
47.588206949,842346886590342067,842346887459193000,91,11,34813156000000,2026-09-10T09:14:02.572625+00:00,interpolated,-349.0,810.0,-170.0
47.607095013,842346886609230131,842346887459193000,91,12,34813156000000,2026-09-10T09:14:02.572625+00:00,interpolated,-351.0,839.0,-45.0
47.625983077,842346886628118195,842346887459193000,91,13,34813156000000,2026-09-10T09:14:02.572625+00:00,interpolated,-202.0,1206.0,-144.0
47.64487114,842346886647006258,842346887459193000,91,14,34813156000000,2026-09-10T09:14:02.572625+00:00,interpolated,-229.0,1086.0,-80.0
47.663759204,842346886665894322,842346887459193000,91,15,34813156000000,2026-09-10T09:14:02.572625+00:00,interpolated,-300.0,757.0,-120.0
47.682647268,842346886684782386,842346887459193000,91,16,34813156000000,2026-09-10T09:14:02.572625+00:00,interpolated,-395.0,722.0,-64.0
47.701535332,842346886703670450,842346887459193000,91,17,34813156000000,2026-09-10T09:14:02.572625+00:00,interpolated,-474.0,1061.0,-263.0
47.720423395,842346886722558513,842346887459193000,91,18,34813156000000,2026-09-10T09:14:02.572625+00:00,interpolated,-377.0,940.0,-176.0
47.739311459,842346886741446577,842346887459193000,91,19,34813156000000,2026-09-10T09:14:02.572625+00:00,interpolated,-142.0,801.0,-80.0
47.758199523,842346886760334641,842346887459193000,91,20,34813156000000,2026-09-10T09:14:02.572625+00:00,interpolated,-229.0,1045.0,-57.0
47.777087587,842346886779222705,842346887459193000,91,21,34813156000000,2026-09-10T09:14:02.572625+00:00,interpolated,-267.0,981.0,-114.0
47.79597565,842346886798110768,842346887459193000,91,22,34813156000000,2026-09-10T09:14:02.572625+00:00,interpolated,-509.0,821.0,-198.0
47.814863714,842346886816998832,842346887459193000,91,23,34813156000000,2026-09-10T09:14:02.572625+00:00,interpolated,-304.0,636.0,-487.0
47.833751778,842346886835886896,842346887459193000,91,24,34813156000000,2026-09-10T09:14:02.572625+00:00,interpolated,-401.0,982.0,4.0
47.852639842,842346886854774960,842346887459193000,91,25,34813156000000,2026-09-10T09:14:02.572625+00:00,interpolated,-422.0,1105.0,-35.0
47.871527905,842346886873663023,842346887459193000,91,26,34813156000000,2026-09-10T09:14:02.572625+00:00,interpolated,-621.0,773.0,-256.0
47.890415969,842346886892551087,842346887459193000,91,27,34813156000000,2026-09-10T09:14:02.572625+00:00,interpolated,-560.0,685.0,-522.0
47.909304033,842346886911439151,842346887459193000,91,28,34813156000000,2026-09-10T09:14:02.572625+00:00,interpolated,-452.0,823.0,-125.0
47.928192097,842346886930327215,842346887459193000,91,29,34813156000000,2026-09-10T09:14:02.572625+00:00,interpolated,-558.0,797.0,-82.0
47.947080161,842346886949215279,842346887459193000,91,30,34813156000000,2026-09-10T09:14:02.572625+00:00,interpolated,-720.0,672.0,-285.0
47.965968224,842346886968103342,842346887459193000,91,31,34813156000000,2026-09-10T09:14:02.572625+00:00,interpolated,-485.0,762.0,-273.0
47.984856288,842346886986991406,842346887459193000,91,32,34813156000000,2026-09-10T09:14:02.572625+00:00,interpolated,-408.0,757.0,-266.0
48.003744352,842346887005879470,842346887459193000,91,33,34813156000000,2026-09-10T09:14:02.572625+00:00,interpolated,-892.0,863.0,-120.0
48.022632416,842346887024767534,842346887459193000,91,34,34813156000000,2026-09-10T09:14:02.572625+00:00,interpolated,-972.0,672.0,-373.0
48.041520479,842346887043655597,842346887459193000,91,35,34813156000000,2026-09-10T09:14:02.572625+00:00,interpolated,-809.0,429.0,-229.0
48.060408543,842346887062543661,842346887459193000,91,36,34813156000000,2026-09-10T09:14:02.572625+00:00,interpolated,-809.0,817.0,-212.0
48.079296607,842346887081431725,842346887459193000,91,37,34813156000000,2026-09-10T09:14:02.572625+00:00,interpolated,-752.0,648.0,-301.0
48.098184671,842346887100319789,842346887459193000,91,38,34813156000000,2026-09-10T09:14:02.572625+00:00,interpolated,-937.0,591.0,-92.0
48.117072734,842346887119207852,842346887459193000,91,39,34813156000000,2026-09-10T09:14:02.572625+00:00,interpolated,-1105.0,627.0,-81.0
48.135960798,842346887138095916,842346887459193000,91,40,34813156000000,2026-09-10T09:14:02.572625+00:00,interpolated,-1290.0,505.0,-351.0
48.154848862,842346887156983980,842346887459193000,91,41,34813156000000,2026-09-10T09:14:02.572625+00:00,interpolated,-988.0,424.0,-322.0
48.173736926,842346887175872044,842346887459193000,91,42,34813156000000,2026-09-10T09:14:02.572625+00:00,interpolated,-982.0,558.0,-212.0
48.192624989,842346887194760107,842346887459193000,91,43,34813156000000,2026-09-10T09:14:02.572625+00:00,interpolated,-1117.0,492.0,-249.0
48.211513053,842346887213648171,842346887459193000,91,44,34813156000000,2026-09-10T09:14:02.572625+00:00,interpolated,-1118.0,367.0,-371.0
48.230401117,842346887232536235,842346887459193000,91,45,34813156000000,2026-09-10T09:14:02.572625+00:00,interpolated,-1140.0,262.0,-235.0
48.249289181,842346887251424299,842346887459193000,91,46,34813156000000,2026-09-10T09:14:02.572625+00:00,interpolated,-1155.0,481.0,-212.0
48.268177244,842346887270312362,842346887459193000,91,47,34813156000000,2026-09-10T09:14:02.572625+00:00,interpolated,-1025.0,447.0,-273.0
48.287065308,842346887289200426,842346887459193000,91,48,34813156000000,2026-09-10T09:14:02.572625+00:00,interpolated,-1087.0,327.0,-236.0
48.305953372,842346887308088490,842346887459193000,91,49,34813156000000,2026-09-10T09:14:02.572625+00:00,interpolated,-1125.0,306.0,-271.0
48.324841436,842346887326976554,842346887459193000,91,50,34813156000000,2026-09-10T09:14:02.572625+00:00,interpolated,-1132.0,265.0,-278.0
48.343729499,842346887345864617,842346887459193000,91,51,34813156000000,2026-09-10T09:14:02.572625+00:00,interpolated,-1078.0,274.0,-223.0
48.362617563,842346887364752681,842346887459193000,91,52,34813156000000,2026-09-10T09:14:02.572625+00:00,interpolated,-1109.0,319.0,-272.0
48.381505627,842346887383640745,842346887459193000,91,53,34813156000000,2026-09-10T09:14:02.572625+00:00,interpolated,-1131.0,344.0,-310.0
48.400393691,842346887402528809,842346887459193000,91,54,34813156000000,2026-09-10T09:14:02.572625+00:00,interpolated,-1020.0,399.0,-279.0
48.419281754,842346887421416872,842346887459193000,91,55,34813156000000,2026-09-10T09:14:02.572625+00:00,interpolated,-965.0,476.0,-365.0
48.438169818,842346887440304936,842346887459193000,91,56,34813156000000,2026-09-10T09:14:02.572625+00:00,interpolated,-976.0,497.0,-390.0
48.457057882,842346887459193000,842346887459193000,91,57,34813156000000,2026-09-10T09:14:02.572625+00:00,interpolated,-931.0,427.0,-323.0
48.475945767,842346887478080885,842346888535802426,94,0,34814296000000,2026-09-10T09:14:03.712211+00:00,interpolated,-954.0,458.0,-246.0
48.494833651,842346887496968769,842346888535802426,94,1,34814296000000,2026-09-10T09:14:03.712211+00:00,interpolated,-1029.0,428.0,-210.0
48.513721536,842346887515856654,842346888535802426,94,2,34814296000000,2026-09-10T09:14:03.712211+00:00,interpolated,-1055.0,456.0,-241.0
48.532609421,842346887534744539,842346888535802426,94,3,34814296000000,2026-09-10T09:14:03.712211+00:00,interpolated,-956.0,569.0,-272.0
48.551497305,842346887553632423,842346888535802426,94,4,34814296000000,2026-09-10T09:14:03.712211+00:00,interpolated,-871.0,551.0,-211.0
48.57038519,842346887572520308,842346888535802426,94,5,34814296000000,2026-09-10T09:14:03.712211+00:00,interpolated,-849.0,535.0,-202.0
48.589273075,842346887591408193,842346888535802426,94,6,34814296000000,2026-09-10T09:14:03.712211+00:00,interpolated,-819.0,645.0,-222.0
48.608160959,842346887610296077,842346888535802426,94,7,34814296000000,2026-09-10T09:14:03.712211+00:00,interpolated,-800.0,673.0,-228.0
48.627048844,842346887629183962,842346888535802426,94,8,34814296000000,2026-09-10T09:14:03.712211+00:00,interpolated,-846.0,684.0,-254.0
48.645936729,842346887648071847,842346888535802426,94,9,34814296000000,2026-09-10T09:14:03.712211+00:00,interpolated,-773.0,724.0,-204.0
48.664824613,842346887666959731,842346888535802426,94,10,34814296000000,2026-09-10T09:14:03.712211+00:00,interpolated,-704.0,788.0,-276.0
48.683712498,842346887685847616,842346888535802426,94,11,34814296000000,2026-09-10T09:14:03.712211+00:00,interpolated,-643.0,900.0,-364.0
48.702600383,842346887704735501,842346888535802426,94,12,34814296000000,2026-09-10T09:14:03.712211+00:00,interpolated,-555.0,861.0,-349.0
48.721488267,842346887723623385,842346888535802426,94,13,34814296000000,2026-09-10T09:14:03.712211+00:00,interpolated,-496.0,857.0,-178.0
48.740376152,842346887742511270,842346888535802426,94,14,34814296000000,2026-09-10T09:14:03.712211+00:00,interpolated,-591.0,884.0,-167.0
48.759264037,842346887761399155,842346888535802426,94,15,34814296000000,2026-09-10T09:14:03.712211+00:00,interpolated,-569.0,879.0,-257.0
48.778151921,842346887780287039,842346888535802426,94,16,34814296000000,2026-09-10T09:14:03.712211+00:00,interpolated,-466.0,952.0,-311.0
48.797039806,842346887799174924,842346888535802426,94,17,34814296000000,2026-09-10T09:14:03.712211+00:00,interpolated,-323.0,940.0,-183.0
48.815927691,842346887818062809,842346888535802426,94,18,34814296000000,2026-09-10T09:14:03.712211+00:00,interpolated,-263.0,947.0,-107.0
48.834815575,842346887836950693,842346888535802426,94,19,34814296000000,2026-09-10T09:14:03.712211+00:00,interpolated,-345.0,1022.0,-222.0
48.85370346,842346887855838578,842346888535802426,94,20,34814296000000,2026-09-10T09:14:03.712211+00:00,interpolated,-241.0,992.0,-203.0
48.872591345,842346887874726463,842346888535802426,94,21,34814296000000,2026-09-10T09:14:03.712211+00:00,interpolated,-126.0,1016.0,-145.0
48.891479229,842346887893614347,842346888535802426,94,22,34814296000000,2026-09-10T09:14:03.712211+00:00,interpolated,-71.0,1071.0,-201.0
48.910367114,842346887912502232,842346888535802426,94,23,34814296000000,2026-09-10T09:14:03.712211+00:00,interpolated,-144.0,974.0,-211.0
48.929254999,842346887931390117,842346888535802426,94,24,34814296000000,2026-09-10T09:14:03.712211+00:00,interpolated,-271.0,735.0,-151.0
48.948142883,842346887950278001,842346888535802426,94,25,34814296000000,2026-09-10T09:14:03.712211+00:00,interpolated,-348.0,559.0,-120.0
48.967030768,842346887969165886,842346888535802426,94,26,34814296000000,2026-09-10T09:14:03.712211+00:00,interpolated,-365.0,637.0,-281.0
48.985918653,842346887988053771,842346888535802426,94,27,34814296000000,2026-09-10T09:14:03.712211+00:00,interpolated,-165.0,922.0,-432.0
49.004806537,842346888006941655,842346888535802426,94,28,34814296000000,2026-09-10T09:14:03.712211+00:00,interpolated,-69.0,1065.0,-409.0
49.023694422,842346888025829540,842346888535802426,94,29,34814296000000,2026-09-10T09:14:03.712211+00:00,interpolated,-413.0,892.0,-259.0
49.042582307,842346888044717425,842346888535802426,94,30,34814296000000,2026-09-10T09:14:03.712211+00:00,interpolated,-616.0,852.0,-200.0
49.061470191,842346888063605309,842346888535802426,94,31,34814296000000,2026-09-10T09:14:03.712211+00:00,interpolated,-506.0,995.0,-212.0
49.080358076,842346888082493194,842346888535802426,94,32,34814296000000,2026-09-10T09:14:03.712211+00:00,interpolated,-197.0,975.0,-130.0
49.099245961,842346888101381079,842346888535802426,94,33,34814296000000,2026-09-10T09:14:03.712211+00:00,interpolated,-151.0,971.0,-142.0
49.118133845,842346888120268963,842346888535802426,94,34,34814296000000,2026-09-10T09:14:03.712211+00:00,interpolated,-261.0,1033.0,-271.0
49.13702173,842346888139156848,842346888535802426,94,35,34814296000000,2026-09-10T09:14:03.712211+00:00,interpolated,-103.0,1022.0,0.0
49.155909615,842346888158044733,842346888535802426,94,36,34814296000000,2026-09-10T09:14:03.712211+00:00,interpolated,-146.0,973.0,-39.0
49.174797499,842346888176932617,842346888535802426,94,37,34814296000000,2026-09-10T09:14:03.712211+00:00,interpolated,-313.0,908.0,-283.0
49.193685384,842346888195820502,842346888535802426,94,38,34814296000000,2026-09-10T09:14:03.712211+00:00,interpolated,-381.0,815.0,-658.0
49.212573269,842346888214708387,842346888535802426,94,39,34814296000000,2026-09-10T09:14:03.712211+00:00,interpolated,-223.0,943.0,-228.0
49.231461153,842346888233596271,842346888535802426,94,40,34814296000000,2026-09-10T09:14:03.712211+00:00,interpolated,58.0,1042.0,-2.0
49.250349038,842346888252484156,842346888535802426,94,41,34814296000000,2026-09-10T09:14:03.712211+00:00,interpolated,56.0,683.0,-276.0
49.269236923,842346888271372041,842346888535802426,94,42,34814296000000,2026-09-10T09:14:03.712211+00:00,interpolated,-308.0,988.0,-36.0
49.288124807,842346888290259925,842346888535802426,94,43,34814296000000,2026-09-10T09:14:03.712211+00:00,interpolated,-318.0,1092.0,-248.0
49.307012692,842346888309147810,842346888535802426,94,44,34814296000000,2026-09-10T09:14:03.712211+00:00,interpolated,-271.0,809.0,-511.0
49.325900577,842346888328035695,842346888535802426,94,45,34814296000000,2026-09-10T09:14:03.712211+00:00,interpolated,-130.0,735.0,-142.0
49.344788461,842346888346923579,842346888535802426,94,46,34814296000000,2026-09-10T09:14:03.712211+00:00,interpolated,-376.0,942.0,-186.0
49.363676346,842346888365811464,842346888535802426,94,47,34814296000000,2026-09-10T09:14:03.712211+00:00,interpolated,-400.0,805.0,-202.0
49.382564231,842346888384699349,842346888535802426,94,48,34814296000000,2026-09-10T09:14:03.712211+00:00,interpolated,-206.0,890.0,-237.0
49.401452115,842346888403587233,842346888535802426,94,49,34814296000000,2026-09-10T09:14:03.712211+00:00,interpolated,-165.0,1067.0,-220.0
49.42034,842346888422475118,842346888535802426,94,50,34814296000000,2026-09-10T09:14:03.712211+00:00,interpolated,-585.0,1039.0,-308.0
49.439227885,842346888441363003,842346888535802426,94,51,34814296000000,2026-09-10T09:14:03.712211+00:00,interpolated,-634.0,1053.0,-375.0
49.458115769,842346888460250887,842346888535802426,94,52,34814296000000,2026-09-10T09:14:03.712211+00:00,interpolated,-153.0,593.0,-200.0
49.477003654,842346888479138772,842346888535802426,94,53,34814296000000,2026-09-10T09:14:03.712211+00:00,interpolated,-652.0,985.0,18.0
49.495891539,842346888498026657,842346888535802426,94,54,34814296000000,2026-09-10T09:14:03.712211+00:00,interpolated,-1037.0,1012.0,-85.0
49.514779423,842346888516914541,842346888535802426,94,55,34814296000000,2026-09-10T09:14:03.712211+00:00,interpolated,-974.0,513.0,-499.0
49.533667308,842346888535802426,842346888535802426,94,56,34814296000000,2026-09-10T09:14:03.712211+00:00,interpolated,-458.0,676.0,-482.0
49.552555463,842346888554690581,842346889555762816,98,0,34815437000000,2026-09-10T09:14:04.852132+00:00,interpolated,-154.0,763.0,-111.0
49.571443619,842346888573578737,842346889555762816,98,1,34815437000000,2026-09-10T09:14:04.852132+00:00,interpolated,-774.0,755.0,75.0
49.590331774,842346888592466892,842346889555762816,98,2,34815437000000,2026-09-10T09:14:04.852132+00:00,interpolated,-1147.0,684.0,-383.0
49.609219929,842346888611355047,842346889555762816,98,3,34815437000000,2026-09-10T09:14:04.852132+00:00,interpolated,-829.0,332.0,-323.0
49.628108085,842346888630243203,842346889555762816,98,4,34815437000000,2026-09-10T09:14:04.852132+00:00,interpolated,-1021.0,602.0,-305.0
49.64699624,842346888649131358,842346889555762816,98,5,34815437000000,2026-09-10T09:14:04.852132+00:00,interpolated,-953.0,730.0,-301.0
49.665884396,842346888668019514,842346889555762816,98,6,34815437000000,2026-09-10T09:14:04.852132+00:00,interpolated,-889.0,464.0,-230.0
49.684772551,842346888686907669,842346889555762816,98,7,34815437000000,2026-09-10T09:14:04.852132+00:00,interpolated,-907.0,425.0,-16.0
49.703660706,842346888705795824,842346889555762816,98,8,34815437000000,2026-09-10T09:14:04.852132+00:00,interpolated,-1255.0,542.0,-71.0
49.722548862,842346888724683980,842346889555762816,98,9,34815437000000,2026-09-10T09:14:04.852132+00:00,interpolated,-1301.0,376.0,-208.0
49.741437017,842346888743572135,842346889555762816,98,10,34815437000000,2026-09-10T09:14:04.852132+00:00,interpolated,-1115.0,289.0,-153.0
49.760325172,842346888762460290,842346889555762816,98,11,34815437000000,2026-09-10T09:14:04.852132+00:00,interpolated,-1150.0,534.0,-263.0
49.779213328,842346888781348446,842346889555762816,98,12,34815437000000,2026-09-10T09:14:04.852132+00:00,interpolated,-1051.0,386.0,-470.0
49.798101483,842346888800236601,842346889555762816,98,13,34815437000000,2026-09-10T09:14:04.852132+00:00,interpolated,-850.0,291.0,-392.0
49.816989639,842346888819124757,842346889555762816,98,14,34815437000000,2026-09-10T09:14:04.852132+00:00,interpolated,-1044.0,495.0,-167.0
49.835877794,842346888838012912,842346889555762816,98,15,34815437000000,2026-09-10T09:14:04.852132+00:00,interpolated,-1196.0,532.0,-241.0
49.854765949,842346888856901067,842346889555762816,98,16,34815437000000,2026-09-10T09:14:04.852132+00:00,interpolated,-1191.0,386.0,-323.0
49.873654105,842346888875789223,842346889555762816,98,17,34815437000000,2026-09-10T09:14:04.852132+00:00,interpolated,-1168.0,315.0,-282.0
49.89254226,842346888894677378,842346889555762816,98,18,34815437000000,2026-09-10T09:14:04.852132+00:00,interpolated,-1087.0,366.0,-314.0
49.911430415,842346888913565533,842346889555762816,98,19,34815437000000,2026-09-10T09:14:04.852132+00:00,interpolated,-988.0,446.0,-293.0
49.930318571,842346888932453689,842346889555762816,98,20,34815437000000,2026-09-10T09:14:04.852132+00:00,interpolated,-1062.0,347.0,-250.0
49.949206726,842346888951341844,842346889555762816,98,21,34815437000000,2026-09-10T09:14:04.852132+00:00,interpolated,-1108.0,257.0,-246.0
49.968094882,842346888970230000,842346889555762816,98,22,34815437000000,2026-09-10T09:14:04.852132+00:00,interpolated,-1071.0,350.0,-290.0
49.986983037,842346888989118155,842346889555762816,98,23,34815437000000,2026-09-10T09:14:04.852132+00:00,interpolated,-1020.0,462.0,-273.0
50.005871192,842346889008006310,842346889555762816,98,24,34815437000000,2026-09-10T09:14:04.852132+00:00,interpolated,-1003.0,458.0,-227.0
50.024759348,842346889026894466,842346889555762816,98,25,34815437000000,2026-09-10T09:14:04.852132+00:00,interpolated,-944.0,463.0,-261.0
50.043647503,842346889045782621,842346889555762816,98,26,34815437000000,2026-09-10T09:14:04.852132+00:00,interpolated,-881.0,509.0,-357.0
50.062535658,842346889064670776,842346889555762816,98,27,34815437000000,2026-09-10T09:14:04.852132+00:00,interpolated,-854.0,504.0,-300.0
50.081423814,842346889083558932,842346889555762816,98,28,34815437000000,2026-09-10T09:14:04.852132+00:00,interpolated,-940.0,465.0,-169.0
50.100311969,842346889102447087,842346889555762816,98,29,34815437000000,2026-09-10T09:14:04.852132+00:00,interpolated,-1005.0,516.0,-188.0
50.119200124,842346889121335242,842346889555762816,98,30,34815437000000,2026-09-10T09:14:04.852132+00:00,interpolated,-972.0,625.0,-241.0
50.13808828,842346889140223398,842346889555762816,98,31,34815437000000,2026-09-10T09:14:04.852132+00:00,interpolated,-870.0,636.0,-245.0
50.156976435,842346889159111553,842346889555762816,98,32,34815437000000,2026-09-10T09:14:04.852132+00:00,interpolated,-731.0,595.0,-203.0
50.175864591,842346889177999709,842346889555762816,98,33,34815437000000,2026-09-10T09:14:04.852132+00:00,interpolated,-698.0,653.0,-177.0
50.194752746,842346889196887864,842346889555762816,98,34,34815437000000,2026-09-10T09:14:04.852132+00:00,interpolated,-697.0,731.0,-244.0
50.213640901,842346889215776019,842346889555762816,98,35,34815437000000,2026-09-10T09:14:04.852132+00:00,interpolated,-658.0,797.0,-287.0
50.232529057,842346889234664175,842346889555762816,98,36,34815437000000,2026-09-10T09:14:04.852132+00:00,interpolated,-627.0,858.0,-271.0
50.251417212,842346889253552330,842346889555762816,98,37,34815437000000,2026-09-10T09:14:04.852132+00:00,interpolated,-568.0,953.0,-301.0
50.270305367,842346889272440485,842346889555762816,98,38,34815437000000,2026-09-10T09:14:04.852132+00:00,interpolated,-469.0,1004.0,-308.0
50.289193523,842346889291328641,842346889555762816,98,39,34815437000000,2026-09-10T09:14:04.852132+00:00,interpolated,-488.0,971.0,-277.0
50.308081678,842346889310216796,842346889555762816,98,40,34815437000000,2026-09-10T09:14:04.852132+00:00,interpolated,-438.0,982.0,-269.0
50.326969834,842346889329104952,842346889555762816,98,41,34815437000000,2026-09-10T09:14:04.852132+00:00,interpolated,-349.0,1039.0,-193.0
50.345857989,842346889347993107,842346889555762816,98,42,34815437000000,2026-09-10T09:14:04.852132+00:00,interpolated,-292.0,1080.0,-166.0
50.364746144,842346889366881262,842346889555762816,98,43,34815437000000,2026-09-10T09:14:04.852132+00:00,interpolated,-171.0,1108.0,-168.0
50.3836343,842346889385769418,842346889555762816,98,44,34815437000000,2026-09-10T09:14:04.852132+00:00,interpolated,-88.0,1079.0,-125.0
50.402522455,842346889404657573,842346889555762816,98,45,34815437000000,2026-09-10T09:14:04.852132+00:00,interpolated,-89.0,1043.0,-95.0
50.42141061,842346889423545728,842346889555762816,98,46,34815437000000,2026-09-10T09:14:04.852132+00:00,interpolated,-191.0,857.0,-177.0
50.440298766,842346889442433884,842346889555762816,98,47,34815437000000,2026-09-10T09:14:04.852132+00:00,interpolated,-259.0,651.0,-279.0
50.459186921,842346889461322039,842346889555762816,98,48,34815437000000,2026-09-10T09:14:04.852132+00:00,interpolated,-256.0,558.0,-172.0
50.478075077,842346889480210195,842346889555762816,98,49,34815437000000,2026-09-10T09:14:04.852132+00:00,interpolated,-194.0,565.0,-350.0
50.496963232,842346889499098350,842346889555762816,98,50,34815437000000,2026-09-10T09:14:04.852132+00:00,interpolated,-263.0,708.0,-322.0
50.515851387,842346889517986505,842346889555762816,98,51,34815437000000,2026-09-10T09:14:04.852132+00:00,interpolated,-223.0,964.0,-373.0
50.534739543,842346889536874661,842346889555762816,98,52,34815437000000,2026-09-10T09:14:04.852132+00:00,interpolated,-346.0,932.0,-278.0
50.553627698,842346889555762816,842346889555762816,98,53,34815437000000,2026-09-10T09:14:04.852132+00:00,interpolated,-572.0,910.0,-368.0
50.572515843,842346889574650961,842346890594610792,100,0,34816343000000,2026-09-10T09:14:05.752283+00:00,interpolated,-525.0,936.0,-375.0
50.591403988,842346889593539106,842346890594610792,100,1,34816343000000,2026-09-10T09:14:05.752283+00:00,interpolated,-332.0,908.0,-171.0
50.610292133,842346889612427251,842346890594610792,100,2,34816343000000,2026-09-10T09:14:05.752283+00:00,interpolated,-441.0,805.0,-172.0
50.629180278,842346889631315396,842346890594610792,100,3,34816343000000,2026-09-10T09:14:05.752283+00:00,interpolated,-539.0,742.0,-589.0
50.648068423,842346889650203541,842346890594610792,100,4,34816343000000,2026-09-10T09:14:05.752283+00:00,interpolated,-241.0,870.0,-249.0
50.666956568,842346889669091686,842346890594610792,100,5,34816343000000,2026-09-10T09:14:05.752283+00:00,interpolated,-13.0,1197.0,80.0
50.685844713,842346889687979831,842346890594610792,100,6,34816343000000,2026-09-10T09:14:05.752283+00:00,interpolated,-31.0,992.0,-79.0
50.704732858,842346889706867976,842346890594610792,100,7,34816343000000,2026-09-10T09:14:05.752283+00:00,interpolated,-63.0,646.0,-677.0
50.723621003,842346889725756121,842346890594610792,100,8,34816343000000,2026-09-10T09:14:05.752283+00:00,interpolated,-62.0,841.0,-166.0
50.742509148,842346889744644266,842346890594610792,100,9,34816343000000,2026-09-10T09:14:05.752283+00:00,interpolated,-337.0,1110.0,120.0
50.761397293,842346889763532411,842346890594610792,100,10,34816343000000,2026-09-10T09:14:05.752283+00:00,interpolated,-330.0,1109.0,-354.0
50.780285438,842346889782420556,842346890594610792,100,11,34816343000000,2026-09-10T09:14:05.752283+00:00,interpolated,-233.0,927.0,-476.0
50.799173583,842346889801308701,842346890594610792,100,12,34816343000000,2026-09-10T09:14:05.752283+00:00,interpolated,-81.0,593.0,-329.0
50.818061728,842346889820196846,842346890594610792,100,13,34816343000000,2026-09-10T09:14:05.752283+00:00,interpolated,-475.0,923.0,125.0
50.836949873,842346889839084991,842346890594610792,100,14,34816343000000,2026-09-10T09:14:05.752283+00:00,interpolated,-733.0,969.0,-277.0
50.855838018,842346889857973136,842346890594610792,100,15,34816343000000,2026-09-10T09:14:05.752283+00:00,interpolated,-369.0,724.0,-295.0
50.874726163,842346889876861281,842346890594610792,100,16,34816343000000,2026-09-10T09:14:05.752283+00:00,interpolated,-628.0,954.0,-163.0
50.893614308,842346889895749426,842346890594610792,100,17,34816343000000,2026-09-10T09:14:05.752283+00:00,interpolated,-829.0,1119.0,-84.0
50.912502453,842346889914637571,842346890594610792,100,18,34816343000000,2026-09-10T09:14:05.752283+00:00,interpolated,-790.0,807.0,-340.0
50.931390598,842346889933525716,842346890594610792,100,19,34816343000000,2026-09-10T09:14:05.752283+00:00,interpolated,-501.0,459.0,-180.0
50.950278743,842346889952413861,842346890594610792,100,20,34816343000000,2026-09-10T09:14:05.752283+00:00,interpolated,-674.0,822.0,-205.0
50.969166888,842346889971302006,842346890594610792,100,21,34816343000000,2026-09-10T09:14:05.752283+00:00,interpolated,-874.0,564.0,-296.0
50.988055033,842346889990190151,842346890594610792,100,22,34816343000000,2026-09-10T09:14:05.752283+00:00,interpolated,-950.0,653.0,-247.0
51.006943178,842346890009078296,842346890594610792,100,23,34816343000000,2026-09-10T09:14:05.752283+00:00,interpolated,-751.0,676.0,-105.0
51.025831323,842346890027966441,842346890594610792,100,24,34816343000000,2026-09-10T09:14:05.752283+00:00,interpolated,-892.0,633.0,-178.0
51.044719468,842346890046854586,842346890594610792,100,25,34816343000000,2026-09-10T09:14:05.752283+00:00,interpolated,-1128.0,582.0,-444.0
51.063607613,842346890065742731,842346890594610792,100,26,34816343000000,2026-09-10T09:14:05.752283+00:00,interpolated,-997.0,407.0,-494.0
51.082495759,842346890084630877,842346890594610792,100,27,34816343000000,2026-09-10T09:14:05.752283+00:00,interpolated,-870.0,585.0,-183.0
51.101383904,842346890103519022,842346890594610792,100,28,34816343000000,2026-09-10T09:14:05.752283+00:00,interpolated,-1066.0,504.0,-248.0
51.120272049,842346890122407167,842346890594610792,100,29,34816343000000,2026-09-10T09:14:05.752283+00:00,interpolated,-1036.0,483.0,-446.0
51.139160194,842346890141295312,842346890594610792,100,30,34816343000000,2026-09-10T09:14:05.752283+00:00,interpolated,-1083.0,381.0,-480.0
51.158048339,842346890160183457,842346890594610792,100,31,34816343000000,2026-09-10T09:14:05.752283+00:00,interpolated,-899.0,367.0,-374.0
51.176936484,842346890179071602,842346890594610792,100,32,34816343000000,2026-09-10T09:14:05.752283+00:00,interpolated,-1043.0,486.0,-260.0
51.195824629,842346890197959747,842346890594610792,100,33,34816343000000,2026-09-10T09:14:05.752283+00:00,interpolated,-1123.0,420.0,-306.0
51.214712774,842346890216847892,842346890594610792,100,34,34816343000000,2026-09-10T09:14:05.752283+00:00,interpolated,-1204.0,343.0,-330.0
51.233600919,842346890235736037,842346890594610792,100,35,34816343000000,2026-09-10T09:14:05.752283+00:00,interpolated,-1128.0,327.0,-207.0
51.252489064,842346890254624182,842346890594610792,100,36,34816343000000,2026-09-10T09:14:05.752283+00:00,interpolated,-1053.0,286.0,-232.0
51.271377209,842346890273512327,842346890594610792,100,37,34816343000000,2026-09-10T09:14:05.752283+00:00,interpolated,-1096.0,256.0,-280.0
51.290265354,842346890292400472,842346890594610792,100,38,34816343000000,2026-09-10T09:14:05.752283+00:00,interpolated,-1120.0,296.0,-300.0
51.309153499,842346890311288617,842346890594610792,100,39,34816343000000,2026-09-10T09:14:05.752283+00:00,interpolated,-1140.0,365.0,-296.0
51.328041644,842346890330176762,842346890594610792,100,40,34816343000000,2026-09-10T09:14:05.752283+00:00,interpolated,-1110.0,374.0,-331.0
51.346929789,842346890349064907,842346890594610792,100,41,34816343000000,2026-09-10T09:14:05.752283+00:00,interpolated,-1039.0,321.0,-277.0
51.365817934,842346890367953052,842346890594610792,100,42,34816343000000,2026-09-10T09:14:05.752283+00:00,interpolated,-1068.0,292.0,-214.0
51.384706079,842346890386841197,842346890594610792,100,43,34816343000000,2026-09-10T09:14:05.752283+00:00,interpolated,-1050.0,363.0,-306.0
51.403594224,842346890405729342,842346890594610792,100,44,34816343000000,2026-09-10T09:14:05.752283+00:00,interpolated,-973.0,370.0,-242.0
51.422482369,842346890424617487,842346890594610792,100,45,34816343000000,2026-09-10T09:14:05.752283+00:00,interpolated,-1000.0,281.0,-221.0
51.441370514,842346890443505632,842346890594610792,100,46,34816343000000,2026-09-10T09:14:05.752283+00:00,interpolated,-975.0,294.0,-174.0
51.460258659,842346890462393777,842346890594610792,100,47,34816343000000,2026-09-10T09:14:05.752283+00:00,interpolated,-976.0,419.0,-274.0
51.479146804,842346890481281922,842346890594610792,100,48,34816343000000,2026-09-10T09:14:05.752283+00:00,interpolated,-920.0,519.0,-327.0
51.498034949,842346890500170067,842346890594610792,100,49,34816343000000,2026-09-10T09:14:05.752283+00:00,interpolated,-879.0,572.0,-371.0
51.516923094,842346890519058212,842346890594610792,100,50,34816343000000,2026-09-10T09:14:05.752283+00:00,interpolated,-787.0,676.0,-334.0
51.535811239,842346890537946357,842346890594610792,100,51,34816343000000,2026-09-10T09:14:05.752283+00:00,interpolated,-788.0,715.0,-337.0
51.554699384,842346890556834502,842346890594610792,100,52,34816343000000,2026-09-10T09:14:05.752283+00:00,interpolated,-766.0,775.0,-365.0
51.573587529,842346890575722647,842346890594610792,100,53,34816343000000,2026-09-10T09:14:05.752283+00:00,interpolated,-738.0,807.0,-398.0
51.592475674,842346890594610792,842346890594610792,100,54,34816343000000,2026-09-10T09:14:05.752283+00:00,interpolated,-702.0,719.0,-357.0
51.611363851,842346890613498969,842346891576796002,104,0,34817328000000,2026-09-10T09:14:06.742504+00:00,interpolated,-672.0,748.0,-334.0
51.630252028,842346890632387146,842346891576796002,104,1,34817328000000,2026-09-10T09:14:06.742504+00:00,interpolated,-597.0,864.0,-311.0
51.649140205,842346890651275323,842346891576796002,104,2,34817328000000,2026-09-10T09:14:06.742504+00:00,interpolated,-582.0,932.0,-389.0
51.668028382,842346890670163500,842346891576796002,104,3,34817328000000,2026-09-10T09:14:06.742504+00:00,interpolated,-544.0,909.0,-308.0
51.68691656,842346890689051678,842346891576796002,104,4,34817328000000,2026-09-10T09:14:06.742504+00:00,interpolated,-500.0,845.0,-231.0
51.705804737,842346890707939855,842346891576796002,104,5,34817328000000,2026-09-10T09:14:06.742504+00:00,interpolated,-531.0,867.0,-246.0
51.724692914,842346890726828032,842346891576796002,104,6,34817328000000,2026-09-10T09:14:06.742504+00:00,interpolated,-528.0,908.0,-236.0
51.743581091,842346890745716209,842346891576796002,104,7,34817328000000,2026-09-10T09:14:06.742504+00:00,interpolated,-515.0,923.0,-230.0
51.762469268,842346890764604386,842346891576796002,104,8,34817328000000,2026-09-10T09:14:06.742504+00:00,interpolated,-464.0,943.0,-85.0
51.781357445,842346890783492563,842346891576796002,104,9,34817328000000,2026-09-10T09:14:06.742504+00:00,interpolated,-407.0,994.0,-167.0
51.800245622,842346890802380740,842346891576796002,104,10,34817328000000,2026-09-10T09:14:06.742504+00:00,interpolated,-359.0,1035.0,-252.0
51.819133799,842346890821268917,842346891576796002,104,11,34817328000000,2026-09-10T09:14:06.742504+00:00,interpolated,-288.0,1033.0,-70.0
51.838021977,842346890840157095,842346891576796002,104,12,34817328000000,2026-09-10T09:14:06.742504+00:00,interpolated,-153.0,1019.0,5.0
51.856910154,842346890859045272,842346891576796002,104,13,34817328000000,2026-09-10T09:14:06.742504+00:00,interpolated,-123.0,1046.0,4.0
51.875798331,842346890877933449,842346891576796002,104,14,34817328000000,2026-09-10T09:14:06.742504+00:00,interpolated,-110.0,993.0,-59.0
51.894686508,842346890896821626,842346891576796002,104,15,34817328000000,2026-09-10T09:14:06.742504+00:00,interpolated,-112.0,784.0,-77.0
51.913574685,842346890915709803,842346891576796002,104,16,34817328000000,2026-09-10T09:14:06.742504+00:00,interpolated,-179.0,568.0,-98.0
51.932462862,842346890934597980,842346891576796002,104,17,34817328000000,2026-09-10T09:14:06.742504+00:00,interpolated,-405.0,587.0,-361.0
51.951351039,842346890953486157,842346891576796002,104,18,34817328000000,2026-09-10T09:14:06.742504+00:00,interpolated,-446.0,820.0,-751.0
51.970239216,842346890972374334,842346891576796002,104,19,34817328000000,2026-09-10T09:14:06.742504+00:00,interpolated,-386.0,941.0,-709.0
51.989127393,842346890991262511,842346891576796002,104,20,34817328000000,2026-09-10T09:14:06.742504+00:00,interpolated,-457.0,797.0,-388.0
52.008015571,842346891010150689,842346891576796002,104,21,34817328000000,2026-09-10T09:14:06.742504+00:00,interpolated,-718.0,804.0,-281.0
52.026903748,842346891029038866,842346891576796002,104,22,34817328000000,2026-09-10T09:14:06.742504+00:00,interpolated,-681.0,848.0,-481.0
52.045791925,842346891047927043,842346891576796002,104,23,34817328000000,2026-09-10T09:14:06.742504+00:00,interpolated,-540.0,739.0,-603.0
52.064680102,842346891066815220,842346891576796002,104,24,34817328000000,2026-09-10T09:14:06.742504+00:00,interpolated,-40.0,747.0,-250.0
52.083568279,842346891085703397,842346891576796002,104,25,34817328000000,2026-09-10T09:14:06.742504+00:00,interpolated,-14.0,993.0,318.0
52.102456456,842346891104591574,842346891576796002,104,26,34817328000000,2026-09-10T09:14:06.742504+00:00,interpolated,-181.0,851.0,-347.0
52.121344633,842346891123479751,842346891576796002,104,27,34817328000000,2026-09-10T09:14:06.742504+00:00,interpolated,200.0,1056.0,13.0
52.14023281,842346891142367928,842346891576796002,104,28,34817328000000,2026-09-10T09:14:06.742504+00:00,interpolated,-241.0,1260.0,-273.0
52.159120987,842346891161256105,842346891576796002,104,29,34817328000000,2026-09-10T09:14:06.742504+00:00,interpolated,-440.0,1009.0,-365.0
52.178009165,842346891180144283,842346891576796002,104,30,34817328000000,2026-09-10T09:14:06.742504+00:00,interpolated,251.0,708.0,-718.0
52.196897342,842346891199032460,842346891576796002,104,31,34817328000000,2026-09-10T09:14:06.742504+00:00,interpolated,-35.0,1091.0,-187.0
52.215785519,842346891217920637,842346891576796002,104,32,34817328000000,2026-09-10T09:14:06.742504+00:00,interpolated,-148.0,688.0,-112.0
52.234673696,842346891236808814,842346891576796002,104,33,34817328000000,2026-09-10T09:14:06.742504+00:00,interpolated,-243.0,623.0,103.0
52.253561873,842346891255696991,842346891576796002,104,34,34817328000000,2026-09-10T09:14:06.742504+00:00,interpolated,-672.0,1202.0,-159.0
52.27245005,842346891274585168,842346891576796002,104,35,34817328000000,2026-09-10T09:14:06.742504+00:00,interpolated,-828.0,888.0,-324.0
52.291338227,842346891293473345,842346891576796002,104,36,34817328000000,2026-09-10T09:14:06.742504+00:00,interpolated,-924.0,851.0,-217.0
52.310226404,842346891312361522,842346891576796002,104,37,34817328000000,2026-09-10T09:14:06.742504+00:00,interpolated,-620.0,808.0,-44.0
52.329114582,842346891331249700,842346891576796002,104,38,34817328000000,2026-09-10T09:14:06.742504+00:00,interpolated,-457.0,506.0,-161.0
52.348002759,842346891350137877,842346891576796002,104,39,34817328000000,2026-09-10T09:14:06.742504+00:00,interpolated,-455.0,716.0,-71.0
52.366890936,842346891369026054,842346891576796002,104,40,34817328000000,2026-09-10T09:14:06.742504+00:00,interpolated,-944.0,870.0,-283.0
52.385779113,842346891387914231,842346891576796002,104,41,34817328000000,2026-09-10T09:14:06.742504+00:00,interpolated,-923.0,682.0,-268.0
52.40466729,842346891406802408,842346891576796002,104,42,34817328000000,2026-09-10T09:14:06.742504+00:00,interpolated,-764.0,468.0,-181.0
52.423555467,842346891425690585,842346891576796002,104,43,34817328000000,2026-09-10T09:14:06.742504+00:00,interpolated,-734.0,765.0,-237.0
52.442443644,842346891444578762,842346891576796002,104,44,34817328000000,2026-09-10T09:14:06.742504+00:00,interpolated,-1068.0,720.0,-349.0
52.461331821,842346891463466939,842346891576796002,104,45,34817328000000,2026-09-10T09:14:06.742504+00:00,interpolated,-972.0,517.0,-351.0
52.480219998,842346891482355116,842346891576796002,104,46,34817328000000,2026-09-10T09:14:06.742504+00:00,interpolated,-850.0,552.0,-181.0
52.499108176,842346891501243294,842346891576796002,104,47,34817328000000,2026-09-10T09:14:06.742504+00:00,interpolated,-1046.0,684.0,-101.0
52.517996353,842346891520131471,842346891576796002,104,48,34817328000000,2026-09-10T09:14:06.742504+00:00,interpolated,-1275.0,484.0,-307.0
52.53688453,842346891539019648,842346891576796002,104,49,34817328000000,2026-09-10T09:14:06.742504+00:00,interpolated,-1122.0,287.0,-405.0
52.555772707,842346891557907825,842346891576796002,104,50,34817328000000,2026-09-10T09:14:06.742504+00:00,interpolated,-931.0,383.0,-275.0
52.574660884,842346891576796002,842346891576796002,104,51,34817328000000,2026-09-10T09:14:06.742504+00:00,interpolated,-1042.0,427.0,-184.0
52.593549117,842346891595684235,842346892653425266,107,0,34818468000000,2026-09-10T09:14:07.882502+00:00,interpolated,-1192.0,362.0,-261.0
52.612437349,842346891614572467,842346892653425266,107,1,34818468000000,2026-09-10T09:14:07.882502+00:00,interpolated,-1174.0,286.0,-345.0
52.631325582,842346891633460700,842346892653425266,107,2,34818468000000,2026-09-10T09:14:07.882502+00:00,interpolated,-1105.0,412.0,-257.0
52.650213815,842346891652348933,842346892653425266,107,3,34818468000000,2026-09-10T09:14:07.882502+00:00,interpolated,-1151.0,395.0,-260.0
52.669102048,842346891671237166,842346892653425266,107,4,34818468000000,2026-09-10T09:14:07.882502+00:00,interpolated,-1193.0,253.0,-383.0
52.68799028,842346891690125398,842346892653425266,107,5,34818468000000,2026-09-10T09:14:07.882502+00:00,interpolated,-1074.0,299.0,-312.0
52.706878513,842346891709013631,842346892653425266,107,6,34818468000000,2026-09-10T09:14:07.882502+00:00,interpolated,-1029.0,342.0,-256.0
52.725766746,842346891727901864,842346892653425266,107,7,34818468000000,2026-09-10T09:14:07.882502+00:00,interpolated,-1130.0,366.0,-279.0
52.744654978,842346891746790096,842346892653425266,107,8,34818468000000,2026-09-10T09:14:07.882502+00:00,interpolated,-1109.0,352.0,-278.0
52.763543211,842346891765678329,842346892653425266,107,9,34818468000000,2026-09-10T09:14:07.882502+00:00,interpolated,-1025.0,302.0,-286.0
52.782431444,842346891784566562,842346892653425266,107,10,34818468000000,2026-09-10T09:14:07.882502+00:00,interpolated,-1024.0,320.0,-282.0
52.801319676,842346891803454794,842346892653425266,107,11,34818468000000,2026-09-10T09:14:07.882502+00:00,interpolated,-1010.0,370.0,-256.0
52.820207909,842346891822343027,842346892653425266,107,12,34818468000000,2026-09-10T09:14:07.882502+00:00,interpolated,-973.0,348.0,-239.0
52.839096142,842346891841231260,842346892653425266,107,13,34818468000000,2026-09-10T09:14:07.882502+00:00,interpolated,-964.0,353.0,-114.0
52.857984375,842346891860119493,842346892653425266,107,14,34818468000000,2026-09-10T09:14:07.882502+00:00,interpolated,-1101.0,335.0,-96.0
52.876872607,842346891879007725,842346892653425266,107,15,34818468000000,2026-09-10T09:14:07.882502+00:00,interpolated,-989.0,403.0,-195.0
52.89576084,842346891897895958,842346892653425266,107,16,34818468000000,2026-09-10T09:14:07.882502+00:00,interpolated,-888.0,491.0,-218.0
52.914649073,842346891916784191,842346892653425266,107,17,34818468000000,2026-09-10T09:14:07.882502+00:00,interpolated,-787.0,562.0,-308.0
52.933537305,842346891935672423,842346892653425266,107,18,34818468000000,2026-09-10T09:14:07.882502+00:00,interpolated,-639.0,693.0,-394.0
52.952425538,842346891954560656,842346892653425266,107,19,34818468000000,2026-09-10T09:14:07.882502+00:00,interpolated,-597.0,792.0,-398.0
52.971313771,842346891973448889,842346892653425266,107,20,34818468000000,2026-09-10T09:14:07.882502+00:00,interpolated,-629.0,843.0,-436.0
52.990202003,842346891992337121,842346892653425266,107,21,34818468000000,2026-09-10T09:14:07.882502+00:00,interpolated,-635.0,893.0,-426.0
53.009090236,842346892011225354,842346892653425266,107,22,34818468000000,2026-09-10T09:14:07.882502+00:00,interpolated,-652.0,922.0,-438.0
53.027978469,842346892030113587,842346892653425266,107,23,34818468000000,2026-09-10T09:14:07.882502+00:00,interpolated,-577.0,915.0,-486.0
53.046866702,842346892049001820,842346892653425266,107,24,34818468000000,2026-09-10T09:14:07.882502+00:00,interpolated,-469.0,896.0,-413.0
53.065754934,842346892067890052,842346892653425266,107,25,34818468000000,2026-09-10T09:14:07.882502+00:00,interpolated,-441.0,897.0,-274.0
53.084643167,842346892086778285,842346892653425266,107,26,34818468000000,2026-09-10T09:14:07.882502+00:00,interpolated,-468.0,956.0,-296.0
53.1035314,842346892105666518,842346892653425266,107,27,34818468000000,2026-09-10T09:14:07.882502+00:00,interpolated,-429.0,983.0,-338.0
53.122419632,842346892124554750,842346892653425266,107,28,34818468000000,2026-09-10T09:14:07.882502+00:00,interpolated,-377.0,988.0,-314.0
53.141307865,842346892143442983,842346892653425266,107,29,34818468000000,2026-09-10T09:14:07.882502+00:00,interpolated,-334.0,988.0,-197.0
53.160196098,842346892162331216,842346892653425266,107,30,34818468000000,2026-09-10T09:14:07.882502+00:00,interpolated,-327.0,995.0,-147.0
53.17908433,842346892181219448,842346892653425266,107,31,34818468000000,2026-09-10T09:14:07.882502+00:00,interpolated,-359.0,1037.0,-222.0
53.197972563,842346892200107681,842346892653425266,107,32,34818468000000,2026-09-10T09:14:07.882502+00:00,interpolated,-399.0,1001.0,-204.0
53.216860796,842346892218995914,842346892653425266,107,33,34818468000000,2026-09-10T09:14:07.882502+00:00,interpolated,-315.0,1037.0,-150.0
53.235749029,842346892237884147,842346892653425266,107,34,34818468000000,2026-09-10T09:14:07.882502+00:00,interpolated,-218.0,1102.0,-88.0
53.254637261,842346892256772379,842346892653425266,107,35,34818468000000,2026-09-10T09:14:07.882502+00:00,interpolated,-210.0,1125.0,-82.0
53.273525494,842346892275660612,842346892653425266,107,36,34818468000000,2026-09-10T09:14:07.882502+00:00,interpolated,-155.0,1050.0,-46.0
53.292413727,842346892294548845,842346892653425266,107,37,34818468000000,2026-09-10T09:14:07.882502+00:00,interpolated,-95.0,887.0,8.0
53.311301959,842346892313437077,842346892653425266,107,38,34818468000000,2026-09-10T09:14:07.882502+00:00,interpolated,-175.0,637.0,56.0
53.330190192,842346892332325310,842346892653425266,107,39,34818468000000,2026-09-10T09:14:07.882502+00:00,interpolated,-488.0,457.0,35.0
53.349078425,842346892351213543,842346892653425266,107,40,34818468000000,2026-09-10T09:14:07.882502+00:00,interpolated,-739.0,485.0,-264.0
53.367966657,842346892370101775,842346892653425266,107,41,34818468000000,2026-09-10T09:14:07.882502+00:00,interpolated,-544.0,846.0,-758.0
53.38685489,842346892388990008,842346892653425266,107,42,34818468000000,2026-09-10T09:14:07.882502+00:00,interpolated,-347.0,1071.0,-784.0
53.405743123,842346892407878241,842346892653425266,107,43,34818468000000,2026-09-10T09:14:07.882502+00:00,interpolated,-591.0,795.0,-405.0
53.424631356,842346892426766474,842346892653425266,107,44,34818468000000,2026-09-10T09:14:07.882502+00:00,interpolated,-878.0,791.0,-165.0
53.443519588,842346892445654706,842346892653425266,107,45,34818468000000,2026-09-10T09:14:07.882502+00:00,interpolated,-631.0,813.0,-352.0
53.462407821,842346892464542939,842346892653425266,107,46,34818468000000,2026-09-10T09:14:07.882502+00:00,interpolated,-294.0,850.0,-304.0
53.481296054,842346892483431172,842346892653425266,107,47,34818468000000,2026-09-10T09:14:07.882502+00:00,interpolated,-234.0,734.0,-207.0
53.500184286,842346892502319404,842346892653425266,107,48,34818468000000,2026-09-10T09:14:07.882502+00:00,interpolated,124.0,813.0,-250.0
53.519072519,842346892521207637,842346892653425266,107,49,34818468000000,2026-09-10T09:14:07.882502+00:00,interpolated,-52.0,1307.0,133.0
53.537960752,842346892540095870,842346892653425266,107,50,34818468000000,2026-09-10T09:14:07.882502+00:00,interpolated,-295.0,1146.0,-252.0
53.556848984,842346892558984102,842346892653425266,107,51,34818468000000,2026-09-10T09:14:07.882502+00:00,interpolated,-366.0,797.0,-348.0
53.575737217,842346892577872335,842346892653425266,107,52,34818468000000,2026-09-10T09:14:07.882502+00:00,interpolated,-197.0,669.0,-229.0
53.59462545,842346892596760568,842346892653425266,107,53,34818468000000,2026-09-10T09:14:07.882502+00:00,interpolated,-554.0,1005.0,-22.0
53.613513683,842346892615648801,842346892653425266,107,54,34818468000000,2026-09-10T09:14:07.882502+00:00,interpolated,-169.0,947.0,-147.0
53.632401915,842346892634537033,842346892653425266,107,55,34818468000000,2026-09-10T09:14:07.882502+00:00,interpolated,-182.0,630.0,-166.0
53.651290148,842346892653425266,842346892653425266,107,56,34818468000000,2026-09-10T09:14:07.882502+00:00,interpolated,-421.0,894.0,-275.0
53.670178193,842346892672313311,842346893730043848,110,0,34819609000000,2026-09-10T09:14:09.022601+00:00,interpolated,-455.0,818.0,-353.0
53.689066239,842346892691201357,842346893730043848,110,1,34819609000000,2026-09-10T09:14:09.022601+00:00,interpolated,-769.0,883.0,-251.0
53.707954284,842346892710089402,842346893730043848,110,2,34819609000000,2026-09-10T09:14:09.022601+00:00,interpolated,-736.0,791.0,32.0
53.726842329,842346892728977447,842346893730043848,110,3,34819609000000,2026-09-10T09:14:09.022601+00:00,interpolated,-693.0,927.0,264.0
53.745730374,842346892747865492,842346893730043848,110,4,34819609000000,2026-09-10T09:14:09.022601+00:00,interpolated,-581.0,870.0,-64.0
53.76461842,842346892766753538,842346893730043848,110,5,34819609000000,2026-09-10T09:14:09.022601+00:00,interpolated,-898.0,1000.0,-433.0
53.783506465,842346892785641583,842346893730043848,110,6,34819609000000,2026-09-10T09:14:09.022601+00:00,interpolated,-868.0,859.0,-357.0
53.80239451,842346892804529628,842346893730043848,110,7,34819609000000,2026-09-10T09:14:09.022601+00:00,interpolated,-662.0,585.0,-347.0
53.821282556,842346892823417674,842346893730043848,110,8,34819609000000,2026-09-10T09:14:09.022601+00:00,interpolated,-373.0,334.0,-417.0
53.840170601,842346892842305719,842346893730043848,110,9,34819609000000,2026-09-10T09:14:09.022601+00:00,interpolated,-684.0,726.0,75.0
53.859058646,842346892861193764,842346893730043848,110,10,34819609000000,2026-09-10T09:14:09.022601+00:00,interpolated,-1140.0,739.0,-6.0
53.877946692,842346892880081810,842346893730043848,110,11,34819609000000,2026-09-10T09:14:09.022601+00:00,interpolated,-1464.0,541.0,-268.0
53.896834737,842346892898969855,842346893730043848,110,12,34819609000000,2026-09-10T09:14:09.022601+00:00,interpolated,-1130.0,330.0,-527.0
53.915722782,842346892917857900,842346893730043848,110,13,34819609000000,2026-09-10T09:14:09.022601+00:00,interpolated,-718.0,352.0,-431.0
53.934610827,842346892936745945,842346893730043848,110,14,34819609000000,2026-09-10T09:14:09.022601+00:00,interpolated,-796.0,602.0,-198.0
53.953498873,842346892955633991,842346893730043848,110,15,34819609000000,2026-09-10T09:14:09.022601+00:00,interpolated,-933.0,459.0,-316.0
53.972386918,842346892974522036,842346893730043848,110,16,34819609000000,2026-09-10T09:14:09.022601+00:00,interpolated,-982.0,394.0,-355.0
53.991274963,842346892993410081,842346893730043848,110,17,34819609000000,2026-09-10T09:14:09.022601+00:00,interpolated,-1154.0,439.0,-207.0
54.010163009,842346893012298127,842346893730043848,110,18,34819609000000,2026-09-10T09:14:09.022601+00:00,interpolated,-1251.0,435.0,-167.0
54.029051054,842346893031186172,842346893730043848,110,19,34819609000000,2026-09-10T09:14:09.022601+00:00,interpolated,-1245.0,336.0,-350.0
54.047939099,842346893050074217,842346893730043848,110,20,34819609000000,2026-09-10T09:14:09.022601+00:00,interpolated,-1163.0,219.0,-220.0
54.066827145,842346893068962263,842346893730043848,110,21,34819609000000,2026-09-10T09:14:09.022601+00:00,interpolated,-1101.0,332.0,-299.0
54.08571519,842346893087850308,842346893730043848,110,22,34819609000000,2026-09-10T09:14:09.022601+00:00,interpolated,-1029.0,318.0,-411.0
54.104603235,842346893106738353,842346893730043848,110,23,34819609000000,2026-09-10T09:14:09.022601+00:00,interpolated,-1036.0,298.0,-370.0
54.12349128,842346893125626398,842346893730043848,110,24,34819609000000,2026-09-10T09:14:09.022601+00:00,interpolated,-1088.0,357.0,-311.0
54.142379326,842346893144514444,842346893730043848,110,25,34819609000000,2026-09-10T09:14:09.022601+00:00,interpolated,-1145.0,374.0,-295.0
54.161267371,842346893163402489,842346893730043848,110,26,34819609000000,2026-09-10T09:14:09.022601+00:00,interpolated,-1154.0,362.0,-271.0
54.180155416,842346893182290534,842346893730043848,110,27,34819609000000,2026-09-10T09:14:09.022601+00:00,interpolated,-1119.0,376.0,-242.0
54.199043462,842346893201178580,842346893730043848,110,28,34819609000000,2026-09-10T09:14:09.022601+00:00,interpolated,-1054.0,374.0,-219.0
54.217931507,842346893220066625,842346893730043848,110,29,34819609000000,2026-09-10T09:14:09.022601+00:00,interpolated,-995.0,370.0,-265.0
54.236819552,842346893238954670,842346893730043848,110,30,34819609000000,2026-09-10T09:14:09.022601+00:00,interpolated,-918.0,380.0,-341.0
54.255707598,842346893257842716,842346893730043848,110,31,34819609000000,2026-09-10T09:14:09.022601+00:00,interpolated,-849.0,442.0,-336.0
54.274595643,842346893276730761,842346893730043848,110,32,34819609000000,2026-09-10T09:14:09.022601+00:00,interpolated,-902.0,433.0,-254.0
54.293483688,842346893295618806,842346893730043848,110,33,34819609000000,2026-09-10T09:14:09.022601+00:00,interpolated,-968.0,430.0,-253.0
54.312371733,842346893314506851,842346893730043848,110,34,34819609000000,2026-09-10T09:14:09.022601+00:00,interpolated,-994.0,491.0,-289.0
54.331259779,842346893333394897,842346893730043848,110,35,34819609000000,2026-09-10T09:14:09.022601+00:00,interpolated,-944.0,613.0,-362.0
54.350147824,842346893352282942,842346893730043848,110,36,34819609000000,2026-09-10T09:14:09.022601+00:00,interpolated,-877.0,646.0,-365.0
54.369035869,842346893371170987,842346893730043848,110,37,34819609000000,2026-09-10T09:14:09.022601+00:00,interpolated,-858.0,507.0,-230.0
54.387923915,842346893390059033,842346893730043848,110,38,34819609000000,2026-09-10T09:14:09.022601+00:00,interpolated,-880.0,456.0,-149.0
54.40681196,842346893408947078,842346893730043848,110,39,34819609000000,2026-09-10T09:14:09.022601+00:00,interpolated,-873.0,582.0,-234.0
54.425700005,842346893427835123,842346893730043848,110,40,34819609000000,2026-09-10T09:14:09.022601+00:00,interpolated,-750.0,677.0,-371.0
54.444588051,842346893446723169,842346893730043848,110,41,34819609000000,2026-09-10T09:14:09.022601+00:00,interpolated,-630.0,720.0,-371.0
54.463476096,842346893465611214,842346893730043848,110,42,34819609000000,2026-09-10T09:14:09.022601+00:00,interpolated,-564.0,789.0,-301.0
54.482364141,842346893484499259,842346893730043848,110,43,34819609000000,2026-09-10T09:14:09.022601+00:00,interpolated,-555.0,847.0,-287.0
54.501252186,842346893503387304,842346893730043848,110,44,34819609000000,2026-09-10T09:14:09.022601+00:00,interpolated,-563.0,932.0,-307.0
54.520140232,842346893522275350,842346893730043848,110,45,34819609000000,2026-09-10T09:14:09.022601+00:00,interpolated,-560.0,957.0,-322.0
54.539028277,842346893541163395,842346893730043848,110,46,34819609000000,2026-09-10T09:14:09.022601+00:00,interpolated,-516.0,937.0,-332.0
54.557916322,842346893560051440,842346893730043848,110,47,34819609000000,2026-09-10T09:14:09.022601+00:00,interpolated,-444.0,933.0,-291.0
54.576804368,842346893578939486,842346893730043848,110,48,34819609000000,2026-09-10T09:14:09.022601+00:00,interpolated,-389.0,928.0,-229.0
54.595692413,842346893597827531,842346893730043848,110,49,34819609000000,2026-09-10T09:14:09.022601+00:00,interpolated,-339.0,1022.0,-217.0
54.614580458,842346893616715576,842346893730043848,110,50,34819609000000,2026-09-10T09:14:09.022601+00:00,interpolated,-303.0,1078.0,-212.0
54.633468504,842346893635603622,842346893730043848,110,51,34819609000000,2026-09-10T09:14:09.022601+00:00,interpolated,-240.0,1103.0,-140.0
54.652356549,842346893654491667,842346893730043848,110,52,34819609000000,2026-09-10T09:14:09.022601+00:00,interpolated,-138.0,1102.0,-43.0
54.671244594,842346893673379712,842346893730043848,110,53,34819609000000,2026-09-10T09:14:09.022601+00:00,interpolated,-70.0,1142.0,-89.0
54.690132639,842346893692267757,842346893730043848,110,54,34819609000000,2026-09-10T09:14:09.022601+00:00,interpolated,68.0,1036.0,-146.0
54.709020685,842346893711155803,842346893730043848,110,55,34819609000000,2026-09-10T09:14:09.022601+00:00,interpolated,6.0,848.0,-80.0
54.72790873,842346893730043848,842346893730043848,110,56,34819609000000,2026-09-10T09:14:09.022601+00:00,interpolated,-113.0,577.0,-101.0
54.746797259,842346893748932377,842346894712247366,113,0,34820328000000,2026-09-10T09:14:09.743000+00:00,interpolated,-332.0,512.0,-323.0
54.765685788,842346893767820906,842346894712247366,113,1,34820328000000,2026-09-10T09:14:09.743000+00:00,interpolated,-443.0,706.0,-765.0
54.784574318,842346893786709436,842346894712247366,113,2,34820328000000,2026-09-10T09:14:09.743000+00:00,interpolated,-212.0,918.0,-754.0
54.803462847,842346893805597965,842346894712247366,113,3,34820328000000,2026-09-10T09:14:09.743000+00:00,interpolated,-314.0,786.0,-368.0
54.822351376,842346893824486494,842346894712247366,113,4,34820328000000,2026-09-10T09:14:09.743000+00:00,interpolated,-672.0,801.0,-143.0
54.841239905,842346893843375023,842346894712247366,113,5,34820328000000,2026-09-10T09:14:09.743000+00:00,interpolated,-771.0,885.0,-364.0
54.860128434,842346893862263552,842346894712247366,113,6,34820328000000,2026-09-10T09:14:09.743000+00:00,interpolated,-664.0,909.0,-446.0
54.879016964,842346893881152082,842346894712247366,113,7,34820328000000,2026-09-10T09:14:09.743000+00:00,interpolated,-306.0,932.0,-333.0
54.897905493,842346893900040611,842346894712247366,113,8,34820328000000,2026-09-10T09:14:09.743000+00:00,interpolated,-142.0,851.0,-289.0
54.916794022,842346893918929140,842346894712247366,113,9,34820328000000,2026-09-10T09:14:09.743000+00:00,interpolated,-269.0,807.0,-45.0
54.935682551,842346893937817669,842346894712247366,113,10,34820328000000,2026-09-10T09:14:09.743000+00:00,interpolated,-306.0,870.0,-389.0
54.95457108,842346893956706198,842346894712247366,113,11,34820328000000,2026-09-10T09:14:09.743000+00:00,interpolated,35.0,917.0,-219.0
54.97345961,842346893975594728,842346894712247366,113,12,34820328000000,2026-09-10T09:14:09.743000+00:00,interpolated,-111.0,981.0,22.0
54.992348139,842346893994483257,842346894712247366,113,13,34820328000000,2026-09-10T09:14:09.743000+00:00,interpolated,-249.0,859.0,-247.0
55.011236668,842346894013371786,842346894712247366,113,14,34820328000000,2026-09-10T09:14:09.743000+00:00,interpolated,-27.0,791.0,-471.0
55.030125197,842346894032260315,842346894712247366,113,15,34820328000000,2026-09-10T09:14:09.743000+00:00,interpolated,-127.0,1050.0,-154.0
55.049013726,842346894051148844,842346894712247366,113,16,34820328000000,2026-09-10T09:14:09.743000+00:00,interpolated,-432.0,928.0,53.0
55.067902255,842346894070037373,842346894712247366,113,17,34820328000000,2026-09-10T09:14:09.743000+00:00,interpolated,-618.0,848.0,-74.0
55.086790785,842346894088925903,842346894712247366,113,18,34820328000000,2026-09-10T09:14:09.743000+00:00,interpolated,-476.0,893.0,-319.0
55.105679314,842346894107814432,842346894712247366,113,19,34820328000000,2026-09-10T09:14:09.743000+00:00,interpolated,-580.0,865.0,-401.0
55.124567843,842346894126702961,842346894712247366,113,20,34820328000000,2026-09-10T09:14:09.743000+00:00,interpolated,-589.0,935.0,-240.0
55.143456372,842346894145591490,842346894712247366,113,21,34820328000000,2026-09-10T09:14:09.743000+00:00,interpolated,-592.0,831.0,-351.0
55.162344901,842346894164480019,842346894712247366,113,22,34820328000000,2026-09-10T09:14:09.743000+00:00,interpolated,-227.0,770.0,-49.0
55.181233431,842346894183368549,842346894712247366,113,23,34820328000000,2026-09-10T09:14:09.743000+00:00,interpolated,-851.0,861.0,-94.0
55.20012196,842346894202257078,842346894712247366,113,24,34820328000000,2026-09-10T09:14:09.743000+00:00,interpolated,-1204.0,841.0,-334.0
55.219010489,842346894221145607,842346894712247366,113,25,34820328000000,2026-09-10T09:14:09.743000+00:00,interpolated,-1007.0,723.0,-356.0
55.237899018,842346894240034136,842346894712247366,113,26,34820328000000,2026-09-10T09:14:09.743000+00:00,interpolated,-485.0,601.0,-173.0
55.256787547,842346894258922665,842346894712247366,113,27,34820328000000,2026-09-10T09:14:09.743000+00:00,interpolated,-606.0,437.0,-229.0
55.275676077,842346894277811195,842346894712247366,113,28,34820328000000,2026-09-10T09:14:09.743000+00:00,interpolated,-977.0,562.0,-191.0
55.294564606,842346894296699724,842346894712247366,113,29,34820328000000,2026-09-10T09:14:09.743000+00:00,interpolated,-1128.0,483.0,-381.0
55.313453135,842346894315588253,842346894712247366,113,30,34820328000000,2026-09-10T09:14:09.743000+00:00,interpolated,-1109.0,449.0,-444.0
55.332341664,842346894334476782,842346894712247366,113,31,34820328000000,2026-09-10T09:14:09.743000+00:00,interpolated,-1030.0,468.0,-299.0
55.351230193,842346894353365311,842346894712247366,113,32,34820328000000,2026-09-10T09:14:09.743000+00:00,interpolated,-1022.0,376.0,-252.0
55.370118723,842346894372253841,842346894712247366,113,33,34820328000000,2026-09-10T09:14:09.743000+00:00,interpolated,-1163.0,491.0,-275.0
55.389007252,842346894391142370,842346894712247366,113,34,34820328000000,2026-09-10T09:14:09.743000+00:00,interpolated,-1199.0,410.0,-271.0
55.407895781,842346894410030899,842346894712247366,113,35,34820328000000,2026-09-10T09:14:09.743000+00:00,interpolated,-1121.0,263.0,-308.0
55.42678431,842346894428919428,842346894712247366,113,36,34820328000000,2026-09-10T09:14:09.743000+00:00,interpolated,-1059.0,247.0,-224.0
55.445672839,842346894447807957,842346894712247366,113,37,34820328000000,2026-09-10T09:14:09.743000+00:00,interpolated,-1210.0,421.0,-276.0
55.464561369,842346894466696487,842346894712247366,113,38,34820328000000,2026-09-10T09:14:09.743000+00:00,interpolated,-1169.0,274.0,-411.0
55.483449898,842346894485585016,842346894712247366,113,39,34820328000000,2026-09-10T09:14:09.743000+00:00,interpolated,-1077.0,218.0,-330.0
55.502338427,842346894504473545,842346894712247366,113,40,34820328000000,2026-09-10T09:14:09.743000+00:00,interpolated,-1186.0,221.0,-320.0
55.521226956,842346894523362074,842346894712247366,113,41,34820328000000,2026-09-10T09:14:09.743000+00:00,interpolated,-1233.0,250.0,-353.0
55.540115485,842346894542250603,842346894712247366,113,42,34820328000000,2026-09-10T09:14:09.743000+00:00,interpolated,-1095.0,274.0,-256.0
55.559004014,842346894561139132,842346894712247366,113,43,34820328000000,2026-09-10T09:14:09.743000+00:00,interpolated,-1090.0,248.0,-223.0
55.577892544,842346894580027662,842346894712247366,113,44,34820328000000,2026-09-10T09:14:09.743000+00:00,interpolated,-1104.0,248.0,-224.0
55.596781073,842346894598916191,842346894712247366,113,45,34820328000000,2026-09-10T09:14:09.743000+00:00,interpolated,-1107.0,222.0,-261.0
55.615669602,842346894617804720,842346894712247366,113,46,34820328000000,2026-09-10T09:14:09.743000+00:00,interpolated,-1048.0,237.0,-261.0
55.634558131,842346894636693249,842346894712247366,113,47,34820328000000,2026-09-10T09:14:09.743000+00:00,interpolated,-986.0,321.0,-300.0
55.65344666,842346894655581778,842346894712247366,113,48,34820328000000,2026-09-10T09:14:09.743000+00:00,interpolated,-924.0,337.0,-298.0
55.67233519,842346894674470308,842346894712247366,113,49,34820328000000,2026-09-10T09:14:09.743000+00:00,interpolated,-973.0,276.0,-221.0
55.691223719,842346894693358837,842346894712247366,113,50,34820328000000,2026-09-10T09:14:09.743000+00:00,interpolated,-1042.0,299.0,-193.0
55.710112248,842346894712247366,842346894712247366,113,51,34820328000000,2026-09-10T09:14:09.743000+00:00,interpolated,-992.0,421.0,-283.0
55.729000549,842346894731135667,842346895807768796,116,0,34821593000000,2026-09-10T09:14:11.002398+00:00,interpolated,-922.0,547.0,-301.0
55.747888849,842346894750023967,842346895807768796,116,1,34821593000000,2026-09-10T09:14:11.002398+00:00,interpolated,-795.0,574.0,-336.0
55.76677715,842346894768912268,842346895807768796,116,2,34821593000000,2026-09-10T09:14:11.002398+00:00,interpolated,-634.0,600.0,-343.0
55.78566545,842346894787800568,842346895807768796,116,3,34821593000000,2026-09-10T09:14:11.002398+00:00,interpolated,-611.0,657.0,-313.0
55.804553751,842346894806688869,842346895807768796,116,4,34821593000000,2026-09-10T09:14:11.002398+00:00,interpolated,-697.0,725.0,-361.0
55.823442051,842346894825577169,842346895807768796,116,5,34821593000000,2026-09-10T09:14:11.002398+00:00,interpolated,-681.0,849.0,-471.0
55.842330352,842346894844465470,842346895807768796,116,6,34821593000000,2026-09-10T09:14:11.002398+00:00,interpolated,-589.0,957.0,-459.0
55.861218652,842346894863353770,842346895807768796,116,7,34821593000000,2026-09-10T09:14:11.002398+00:00,interpolated,-576.0,936.0,-431.0
55.880106953,842346894882242071,842346895807768796,116,8,34821593000000,2026-09-10T09:14:11.002398+00:00,interpolated,-637.0,838.0,-322.0
55.898995253,842346894901130371,842346895807768796,116,9,34821593000000,2026-09-10T09:14:11.002398+00:00,interpolated,-640.0,831.0,-301.0
55.917883554,842346894920018672,842346895807768796,116,10,34821593000000,2026-09-10T09:14:11.002398+00:00,interpolated,-615.0,922.0,-352.0
55.936771854,842346894938906972,842346895807768796,116,11,34821593000000,2026-09-10T09:14:11.002398+00:00,interpolated,-574.0,964.0,-319.0
55.955660155,842346894957795273,842346895807768796,116,12,34821593000000,2026-09-10T09:14:11.002398+00:00,interpolated,-469.0,968.0,-270.0
55.974548455,842346894976683573,842346895807768796,116,13,34821593000000,2026-09-10T09:14:11.002398+00:00,interpolated,-389.0,979.0,-259.0
55.993436756,842346894995571874,842346895807768796,116,14,34821593000000,2026-09-10T09:14:11.002398+00:00,interpolated,-300.0,1006.0,-312.0
56.012325056,842346895014460174,842346895807768796,116,15,34821593000000,2026-09-10T09:14:11.002398+00:00,interpolated,-278.0,1000.0,-209.0
56.031213357,842346895033348475,842346895807768796,116,16,34821593000000,2026-09-10T09:14:11.002398+00:00,interpolated,-327.0,992.0,-86.0
56.050101657,842346895052236775,842346895807768796,116,17,34821593000000,2026-09-10T09:14:11.002398+00:00,interpolated,-461.0,937.0,-45.0
56.068989958,842346895071125076,842346895807768796,116,18,34821593000000,2026-09-10T09:14:11.002398+00:00,interpolated,-512.0,973.0,-79.0
56.087878258,842346895090013376,842346895807768796,116,19,34821593000000,2026-09-10T09:14:11.002398+00:00,interpolated,-446.0,1001.0,-166.0
56.106766559,842346895108901677,842346895807768796,116,20,34821593000000,2026-09-10T09:14:11.002398+00:00,interpolated,-255.0,1001.0,-19.0
56.125654859,842346895127789977,842346895807768796,116,21,34821593000000,2026-09-10T09:14:11.002398+00:00,interpolated,-132.0,983.0,62.0
56.14454316,842346895146678278,842346895807768796,116,22,34821593000000,2026-09-10T09:14:11.002398+00:00,interpolated,-138.0,989.0,51.0
56.16343146,842346895165566578,842346895807768796,116,23,34821593000000,2026-09-10T09:14:11.002398+00:00,interpolated,-179.0,1001.0,-15.0
56.182319761,842346895184454879,842346895807768796,116,24,34821593000000,2026-09-10T09:14:11.002398+00:00,interpolated,-166.0,832.0,-54.0
56.201208061,842346895203343179,842346895807768796,116,25,34821593000000,2026-09-10T09:14:11.002398+00:00,interpolated,-230.0,596.0,-105.0
56.220096362,842346895222231480,842346895807768796,116,26,34821593000000,2026-09-10T09:14:11.002398+00:00,interpolated,-330.0,567.0,-225.0
56.238984662,842346895241119780,842346895807768796,116,27,34821593000000,2026-09-10T09:14:11.002398+00:00,interpolated,-506.0,751.0,-659.0
56.257872963,842346895260008081,842346895807768796,116,28,34821593000000,2026-09-10T09:14:11.002398+00:00,interpolated,-550.0,1071.0,-944.0
56.276761264,842346895278896382,842346895807768796,116,29,34821593000000,2026-09-10T09:14:11.002398+00:00,interpolated,-583.0,1000.0,-690.0
56.295649564,842346895297784682,842346895807768796,116,30,34821593000000,2026-09-10T09:14:11.002398+00:00,interpolated,-700.0,859.0,-539.0
56.314537865,842346895316672983,842346895807768796,116,31,34821593000000,2026-09-10T09:14:11.002398+00:00,interpolated,-457.0,726.0,-481.0
56.333426165,842346895335561283,842346895807768796,116,32,34821593000000,2026-09-10T09:14:11.002398+00:00,interpolated,-172.0,819.0,-119.0
56.352314466,842346895354449584,842346895807768796,116,33,34821593000000,2026-09-10T09:14:11.002398+00:00,interpolated,-1.0,805.0,-207.0
56.371202766,842346895373337884,842346895807768796,116,34,34821593000000,2026-09-10T09:14:11.002398+00:00,interpolated,196.0,1000.0,39.0
56.390091067,842346895392226185,842346895807768796,116,35,34821593000000,2026-09-10T09:14:11.002398+00:00,interpolated,-224.0,1145.0,-39.0
56.408979367,842346895411114485,842346895807768796,116,36,34821593000000,2026-09-10T09:14:11.002398+00:00,interpolated,-421.0,997.0,-293.0
56.427867668,842346895430002786,842346895807768796,116,37,34821593000000,2026-09-10T09:14:11.002398+00:00,interpolated,-382.0,860.0,-714.0
56.446755968,842346895448891086,842346895807768796,116,38,34821593000000,2026-09-10T09:14:11.002398+00:00,interpolated,90.0,897.0,-257.0
56.465644269,842346895467779387,842346895807768796,116,39,34821593000000,2026-09-10T09:14:11.002398+00:00,interpolated,-42.0,910.0,7.0
56.484532569,842346895486667687,842346895807768796,116,40,34821593000000,2026-09-10T09:14:11.002398+00:00,interpolated,-190.0,687.0,37.0
56.50342087,842346895505555988,842346895807768796,116,41,34821593000000,2026-09-10T09:14:11.002398+00:00,interpolated,-341.0,787.0,-299.0
56.52230917,842346895524444288,842346895807768796,116,42,34821593000000,2026-09-10T09:14:11.002398+00:00,interpolated,-192.0,808.0,-374.0
56.541197471,842346895543332589,842346895807768796,116,43,34821593000000,2026-09-10T09:14:11.002398+00:00,interpolated,-415.0,942.0,-412.0
56.560085771,842346895562220889,842346895807768796,116,44,34821593000000,2026-09-10T09:14:11.002398+00:00,interpolated,-535.0,1236.0,-142.0
56.578974072,842346895581109190,842346895807768796,116,45,34821593000000,2026-09-10T09:14:11.002398+00:00,interpolated,-725.0,878.0,179.0
56.597862372,842346895599997490,842346895807768796,116,46,34821593000000,2026-09-10T09:14:11.002398+00:00,interpolated,-730.0,894.0,-84.0
56.616750673,842346895618885791,842346895807768796,116,47,34821593000000,2026-09-10T09:14:11.002398+00:00,interpolated,-701.0,828.0,-324.0
56.635638973,842346895637774091,842346895807768796,116,48,34821593000000,2026-09-10T09:14:11.002398+00:00,interpolated,-365.0,880.0,-406.0
56.654527274,842346895656662392,842346895807768796,116,49,34821593000000,2026-09-10T09:14:11.002398+00:00,interpolated,-542.0,760.0,-133.0
56.673415574,842346895675550692,842346895807768796,116,50,34821593000000,2026-09-10T09:14:11.002398+00:00,interpolated,-688.0,571.0,-159.0
56.692303875,842346895694438993,842346895807768796,116,51,34821593000000,2026-09-10T09:14:11.002398+00:00,interpolated,-826.0,733.0,-394.0
56.711192175,842346895713327293,842346895807768796,116,52,34821593000000,2026-09-10T09:14:11.002398+00:00,interpolated,-733.0,710.0,-287.0
56.730080476,842346895732215594,842346895807768796,116,53,34821593000000,2026-09-10T09:14:11.002398+00:00,interpolated,-774.0,858.0,-34.0
56.748968776,842346895751103894,842346895807768796,116,54,34821593000000,2026-09-10T09:14:11.002398+00:00,interpolated,-974.0,750.0,66.0
56.767857077,842346895769992195,842346895807768796,116,55,34821593000000,2026-09-10T09:14:11.002398+00:00,interpolated,-1191.0,510.0,-226.0
56.786745377,842346895788880495,842346895807768796,116,56,34821593000000,2026-09-10T09:14:11.002398+00:00,interpolated,-945.0,385.0,-517.0
56.805633678,842346895807768796,842346895807768796,116,57,34821593000000,2026-09-10T09:14:11.002398+00:00,interpolated,-881.0,421.0,-286.0
56.824521844,842346895826656962,842346896808841596,119,0,34822609000000,2026-09-10T09:14:12.022449+00:00,interpolated,-1024.0,390.0,-177.0
56.84341001,842346895845545128,842346896808841596,119,1,34822609000000,2026-09-10T09:14:12.022449+00:00,interpolated,-1199.0,243.0,-370.0
56.862298176,842346895864433294,842346896808841596,119,2,34822609000000,2026-09-10T09:14:12.022449+00:00,interpolated,-1172.0,231.0,-325.0
56.881186342,842346895883321460,842346896808841596,119,3,34822609000000,2026-09-10T09:14:12.022449+00:00,interpolated,-1265.0,399.0,-289.0
56.900074508,842346895902209626,842346896808841596,119,4,34822609000000,2026-09-10T09:14:12.022449+00:00,interpolated,-1069.0,329.0,-364.0
56.918962674,842346895921097792,842346896808841596,119,5,34822609000000,2026-09-10T09:14:12.022449+00:00,interpolated,-1079.0,378.0,-221.0
56.93785084,842346895939985958,842346896808841596,119,6,34822609000000,2026-09-10T09:14:12.022449+00:00,interpolated,-1239.0,285.0,-231.0
56.956739006,842346895958874124,842346896808841596,119,7,34822609000000,2026-09-10T09:14:12.022449+00:00,interpolated,-1250.0,254.0,-320.0
56.975627172,842346895977762290,842346896808841596,119,8,34822609000000,2026-09-10T09:14:12.022449+00:00,interpolated,-1105.0,312.0,-304.0
56.994515338,842346895996650456,842346896808841596,119,9,34822609000000,2026-09-10T09:14:12.022449+00:00,interpolated,-1056.0,329.0,-290.0
57.013403504,842346896015538622,842346896808841596,119,10,34822609000000,2026-09-10T09:14:12.022449+00:00,interpolated,-1083.0,285.0,-219.0
57.03229167,842346896034426788,842346896808841596,119,11,34822609000000,2026-09-10T09:14:12.022449+00:00,interpolated,-1101.0,331.0,-184.0
57.051179836,842346896053314954,842346896808841596,119,12,34822609000000,2026-09-10T09:14:12.022449+00:00,interpolated,-1103.0,359.0,-276.0
57.070068003,842346896072203121,842346896808841596,119,13,34822609000000,2026-09-10T09:14:12.022449+00:00,interpolated,-964.0,386.0,-433.0
57.088956169,842346896091091287,842346896808841596,119,14,34822609000000,2026-09-10T09:14:12.022449+00:00,interpolated,-813.0,410.0,-363.0
57.107844335,842346896109979453,842346896808841596,119,15,34822609000000,2026-09-10T09:14:12.022449+00:00,interpolated,-893.0,448.0,-324.0
57.126732501,842346896128867619,842346896808841596,119,16,34822609000000,2026-09-10T09:14:12.022449+00:00,interpolated,-916.0,516.0,-317.0
57.145620667,842346896147755785,842346896808841596,119,17,34822609000000,2026-09-10T09:14:12.022449+00:00,interpolated,-930.0,551.0,-367.0
57.164508833,842346896166643951,842346896808841596,119,18,34822609000000,2026-09-10T09:14:12.022449+00:00,interpolated,-882.0,533.0,-397.0
57.183396999,842346896185532117,842346896808841596,119,19,34822609000000,2026-09-10T09:14:12.022449+00:00,interpolated,-845.0,524.0,-349.0
57.202285165,842346896204420283,842346896808841596,119,20,34822609000000,2026-09-10T09:14:12.022449+00:00,interpolated,-882.0,500.0,-296.0
57.221173331,842346896223308449,842346896808841596,119,21,34822609000000,2026-09-10T09:14:12.022449+00:00,interpolated,-896.0,501.0,-291.0
57.240061497,842346896242196615,842346896808841596,119,22,34822609000000,2026-09-10T09:14:12.022449+00:00,interpolated,-729.0,719.0,-393.0
57.258949663,842346896261084781,842346896808841596,119,23,34822609000000,2026-09-10T09:14:12.022449+00:00,interpolated,-580.0,829.0,-395.0
57.277837829,842346896279972947,842346896808841596,119,24,34822609000000,2026-09-10T09:14:12.022449+00:00,interpolated,-700.0,745.0,-335.0
57.296725995,842346896298861113,842346896808841596,119,25,34822609000000,2026-09-10T09:14:12.022449+00:00,interpolated,-753.0,711.0,-276.0
57.315614161,842346896317749279,842346896808841596,119,26,34822609000000,2026-09-10T09:14:12.022449+00:00,interpolated,-765.0,759.0,-313.0
57.334502327,842346896336637445,842346896808841596,119,27,34822609000000,2026-09-10T09:14:12.022449+00:00,interpolated,-671.0,908.0,-388.0
57.353390493,842346896355525611,842346896808841596,119,28,34822609000000,2026-09-10T09:14:12.022449+00:00,interpolated,-586.0,908.0,-380.0
57.372278659,842346896374413777,842346896808841596,119,29,34822609000000,2026-09-10T09:14:12.022449+00:00,interpolated,-570.0,807.0,-300.0
57.391166825,842346896393301943,842346896808841596,119,30,34822609000000,2026-09-10T09:14:12.022449+00:00,interpolated,-547.0,798.0,-148.0
57.410054991,842346896412190109,842346896808841596,119,31,34822609000000,2026-09-10T09:14:12.022449+00:00,interpolated,-554.0,881.0,-220.0
57.428943157,842346896431078275,842346896808841596,119,32,34822609000000,2026-09-10T09:14:12.022449+00:00,interpolated,-492.0,873.0,-223.0
57.447831323,842346896449966441,842346896808841596,119,33,34822609000000,2026-09-10T09:14:12.022449+00:00,interpolated,-536.0,925.0,-181.0
57.466719489,842346896468854607,842346896808841596,119,34,34822609000000,2026-09-10T09:14:12.022449+00:00,interpolated,-482.0,849.0,-101.0
57.485607655,842346896487742773,842346896808841596,119,35,34822609000000,2026-09-10T09:14:12.022449+00:00,interpolated,-460.0,815.0,-100.0
57.504495821,842346896506630939,842346896808841596,119,36,34822609000000,2026-09-10T09:14:12.022449+00:00,interpolated,-444.0,914.0,-76.0
57.523383987,842346896525519105,842346896808841596,119,37,34822609000000,2026-09-10T09:14:12.022449+00:00,interpolated,-533.0,913.0,-119.0
57.542272153,842346896544407271,842346896808841596,119,38,34822609000000,2026-09-10T09:14:12.022449+00:00,interpolated,-479.0,972.0,42.0
57.56116032,842346896563295438,842346896808841596,119,39,34822609000000,2026-09-10T09:14:12.022449+00:00,interpolated,-360.0,1093.0,15.0
57.580048486,842346896582183604,842346896808841596,119,40,34822609000000,2026-09-10T09:14:12.022449+00:00,interpolated,-272.0,1051.0,2.0
57.598936652,842346896601071770,842346896808841596,119,41,34822609000000,2026-09-10T09:14:12.022449+00:00,interpolated,-114.0,1016.0,-31.0
57.617824818,842346896619959936,842346896808841596,119,42,34822609000000,2026-09-10T09:14:12.022449+00:00,interpolated,-50.0,842.0,47.0
57.636712984,842346896638848102,842346896808841596,119,43,34822609000000,2026-09-10T09:14:12.022449+00:00,interpolated,-119.0,719.0,-27.0
57.65560115,842346896657736268,842346896808841596,119,44,34822609000000,2026-09-10T09:14:12.022449+00:00,interpolated,-286.0,539.0,-207.0
57.674489316,842346896676624434,842346896808841596,119,45,34822609000000,2026-09-10T09:14:12.022449+00:00,interpolated,-485.0,793.0,-913.0
57.693377482,842346896695512600,842346896808841596,119,46,34822609000000,2026-09-10T09:14:12.022449+00:00,interpolated,-613.0,1234.0,-1289.0
57.712265648,842346896714400766,842346896808841596,119,47,34822609000000,2026-09-10T09:14:12.022449+00:00,interpolated,-704.0,994.0,-818.0
57.731153814,842346896733288932,842346896808841596,119,48,34822609000000,2026-09-10T09:14:12.022449+00:00,interpolated,-620.0,720.0,-372.0
57.75004198,842346896752177098,842346896808841596,119,49,34822609000000,2026-09-10T09:14:12.022449+00:00,interpolated,19.0,713.0,-108.0
57.768930146,842346896771065264,842346896808841596,119,50,34822609000000,2026-09-10T09:14:12.022449+00:00,interpolated,49.0,722.0,26.0
57.787818312,842346896789953430,842346896808841596,119,51,34822609000000,2026-09-10T09:14:12.022449+00:00,interpolated,-280.0,874.0,-204.0
57.806706478,842346896808841596,842346896808841596,119,52,34822609000000,2026-09-10T09:14:12.022449+00:00,interpolated,-423.0,1080.0,-527.0
57.825594644,842346896827729762,842346897809914392,122,0,34823625000000,2026-09-10T09:14:13.042586+00:00,interpolated,-352.0,1086.0,-170.0
57.84448281,842346896846617928,842346897809914392,122,1,34823625000000,2026-09-10T09:14:13.042586+00:00,interpolated,-322.0,1052.0,36.0
57.863370976,842346896865506094,842346897809914392,122,2,34823625000000,2026-09-10T09:14:13.042586+00:00,interpolated,-193.0,797.0,-253.0
57.882259142,842346896884394260,842346897809914392,122,3,34823625000000,2026-09-10T09:14:13.042586+00:00,interpolated,-61.0,631.0,-568.0
57.901147308,842346896903282426,842346897809914392,122,4,34823625000000,2026-09-10T09:14:13.042586+00:00,interpolated,-41.0,964.0,-28.0
57.920035474,842346896922170592,842346897809914392,122,5,34823625000000,2026-09-10T09:14:13.042586+00:00,interpolated,87.0,976.0,-144.0
57.93892364,842346896941058758,842346897809914392,122,6,34823625000000,2026-09-10T09:14:13.042586+00:00,interpolated,-51.0,821.0,-197.0
57.957811806,842346896959946924,842346897809914392,122,7,34823625000000,2026-09-10T09:14:13.042586+00:00,interpolated,-278.0,839.0,-323.0
57.976699972,842346896978835090,842346897809914392,122,8,34823625000000,2026-09-10T09:14:13.042586+00:00,interpolated,-358.0,792.0,-478.0
57.995588138,842346896997723256,842346897809914392,122,9,34823625000000,2026-09-10T09:14:13.042586+00:00,interpolated,-828.0,1139.0,-74.0
58.014476304,842346897016611422,842346897809914392,122,10,34823625000000,2026-09-10T09:14:13.042586+00:00,interpolated,-590.0,1026.0,-291.0
58.03336447,842346897035499588,842346897809914392,122,11,34823625000000,2026-09-10T09:14:13.042586+00:00,interpolated,-174.0,811.0,-138.0
58.052252636,842346897054387754,842346897809914392,122,12,34823625000000,2026-09-10T09:14:13.042586+00:00,interpolated,-420.0,753.0,205.0
58.071140801,842346897073275919,842346897809914392,122,13,34823625000000,2026-09-10T09:14:13.042586+00:00,interpolated,-886.0,843.0,-113.0
58.090028967,842346897092164085,842346897809914392,122,14,34823625000000,2026-09-10T09:14:13.042586+00:00,interpolated,-817.0,816.0,-413.0
58.108917133,842346897111052251,842346897809914392,122,15,34823625000000,2026-09-10T09:14:13.042586+00:00,interpolated,-646.0,891.0,-465.0
58.127805299,842346897129940417,842346897809914392,122,16,34823625000000,2026-09-10T09:14:13.042586+00:00,interpolated,-472.0,806.0,-216.0
58.146693465,842346897148828583,842346897809914392,122,17,34823625000000,2026-09-10T09:14:13.042586+00:00,interpolated,-661.0,631.0,124.0
58.165581631,842346897167716749,842346897809914392,122,18,34823625000000,2026-09-10T09:14:13.042586+00:00,interpolated,-1134.0,718.0,-14.0
58.184469797,842346897186604915,842346897809914392,122,19,34823625000000,2026-09-10T09:14:13.042586+00:00,interpolated,-1170.0,709.0,-330.0
58.203357963,842346897205493081,842346897809914392,122,20,34823625000000,2026-09-10T09:14:13.042586+00:00,interpolated,-908.0,518.0,-389.0
58.222246129,842346897224381247,842346897809914392,122,21,34823625000000,2026-09-10T09:14:13.042586+00:00,interpolated,-954.0,661.0,-196.0
58.241134295,842346897243269413,842346897809914392,122,22,34823625000000,2026-09-10T09:14:13.042586+00:00,interpolated,-966.0,596.0,-296.0
58.260022461,842346897262157579,842346897809914392,122,23,34823625000000,2026-09-10T09:14:13.042586+00:00,interpolated,-843.0,356.0,-364.0
58.278910627,842346897281045745,842346897809914392,122,24,34823625000000,2026-09-10T09:14:13.042586+00:00,interpolated,-975.0,367.0,-362.0
58.297798793,842346897299933911,842346897809914392,122,25,34823625000000,2026-09-10T09:14:13.042586+00:00,interpolated,-1086.0,431.0,-357.0
58.316686959,842346897318822077,842346897809914392,122,26,34823625000000,2026-09-10T09:14:13.042586+00:00,interpolated,-1085.0,421.0,-192.0
58.335575125,842346897337710243,842346897809914392,122,27,34823625000000,2026-09-10T09:14:13.042586+00:00,interpolated,-1263.0,400.0,-311.0
58.354463291,842346897356598409,842346897809914392,122,28,34823625000000,2026-09-10T09:14:13.042586+00:00,interpolated,-1063.0,307.0,-465.0
58.373351457,842346897375486575,842346897809914392,122,29,34823625000000,2026-09-10T09:14:13.042586+00:00,interpolated,-981.0,322.0,-358.0
58.392239623,842346897394374741,842346897809914392,122,30,34823625000000,2026-09-10T09:14:13.042586+00:00,interpolated,-1039.0,401.0,-253.0
58.411127789,842346897413262907,842346897809914392,122,31,34823625000000,2026-09-10T09:14:13.042586+00:00,interpolated,-1202.0,301.0,-152.0
58.430015955,842346897432151073,842346897809914392,122,32,34823625000000,2026-09-10T09:14:13.042586+00:00,interpolated,-1324.0,276.0,-266.0
58.448904121,842346897451039239,842346897809914392,122,33,34823625000000,2026-09-10T09:14:13.042586+00:00,interpolated,-1214.0,304.0,-322.0
58.467792287,842346897469927405,842346897809914392,122,34,34823625000000,2026-09-10T09:14:13.042586+00:00,interpolated,-1071.0,262.0,-294.0
58.486680453,842346897488815571,842346897809914392,122,35,34823625000000,2026-09-10T09:14:13.042586+00:00,interpolated,-1072.0,311.0,-252.0
58.505568619,842346897507703737,842346897809914392,122,36,34823625000000,2026-09-10T09:14:13.042586+00:00,interpolated,-1000.0,326.0,-308.0
58.524456785,842346897526591903,842346897809914392,122,37,34823625000000,2026-09-10T09:14:13.042586+00:00,interpolated,-971.0,360.0,-348.0
58.543344951,842346897545480069,842346897809914392,122,38,34823625000000,2026-09-10T09:14:13.042586+00:00,interpolated,-982.0,439.0,-354.0
58.562233116,842346897564368234,842346897809914392,122,39,34823625000000,2026-09-10T09:14:13.042586+00:00,interpolated,-913.0,472.0,-322.0
58.581121282,842346897583256400,842346897809914392,122,40,34823625000000,2026-09-10T09:14:13.042586+00:00,interpolated,-965.0,490.0,-284.0
58.600009448,842346897602144566,842346897809914392,122,41,34823625000000,2026-09-10T09:14:13.042586+00:00,interpolated,-1041.0,455.0,-308.0
58.618897614,842346897621032732,842346897809914392,122,42,34823625000000,2026-09-10T09:14:13.042586+00:00,interpolated,-927.0,365.0,-293.0
58.63778578,842346897639920898,842346897809914392,122,43,34823625000000,2026-09-10T09:14:13.042586+00:00,interpolated,-908.0,432.0,-280.0
58.656673946,842346897658809064,842346897809914392,122,44,34823625000000,2026-09-10T09:14:13.042586+00:00,interpolated,-790.0,512.0,-278.0
58.675562112,842346897677697230,842346897809914392,122,45,34823625000000,2026-09-10T09:14:13.042586+00:00,interpolated,-764.0,690.0,-306.0
58.694450278,842346897696585396,842346897809914392,122,46,34823625000000,2026-09-10T09:14:13.042586+00:00,interpolated,-728.0,785.0,-275.0
58.713338444,842346897715473562,842346897809914392,122,47,34823625000000,2026-09-10T09:14:13.042586+00:00,interpolated,-734.0,708.0,-236.0
58.73222661,842346897734361728,842346897809914392,122,48,34823625000000,2026-09-10T09:14:13.042586+00:00,interpolated,-794.0,719.0,-205.0
58.751114776,842346897753249894,842346897809914392,122,49,34823625000000,2026-09-10T09:14:13.042586+00:00,interpolated,-881.0,732.0,-283.0
58.770002942,842346897772138060,842346897809914392,122,50,34823625000000,2026-09-10T09:14:13.042586+00:00,interpolated,-784.0,671.0,-317.0
58.788891108,842346897791026226,842346897809914392,122,51,34823625000000,2026-09-10T09:14:13.042586+00:00,interpolated,-677.0,702.0,-285.0
58.807779274,842346897809914392,842346897809914392,122,52,34823625000000,2026-09-10T09:14:13.042586+00:00,interpolated,-587.0,817.0,-304.0
58.826667715,842346897828802833,842346898792113336,125,0,34824500000000,2026-09-10T09:14:13.912613+00:00,interpolated,-543.0,866.0,-262.0
58.845556156,842346897847691274,842346898792113336,125,1,34824500000000,2026-09-10T09:14:13.912613+00:00,interpolated,-582.0,854.0,-228.0
58.864444598,842346897866579716,842346898792113336,125,2,34824500000000,2026-09-10T09:14:13.912613+00:00,interpolated,-709.0,806.0,-268.0
58.883333039,842346897885468157,842346898792113336,125,3,34824500000000,2026-09-10T09:14:13.912613+00:00,interpolated,-710.0,803.0,-302.0
58.90222148,842346897904356598,842346898792113336,125,4,34824500000000,2026-09-10T09:14:13.912613+00:00,interpolated,-639.0,857.0,-205.0
58.921109921,842346897923245039,842346898792113336,125,5,34824500000000,2026-09-10T09:14:13.912613+00:00,interpolated,-577.0,888.0,-143.0
58.939998363,842346897942133481,842346898792113336,125,6,34824500000000,2026-09-10T09:14:13.912613+00:00,interpolated,-587.0,876.0,-70.0
58.958886804,842346897961021922,842346898792113336,125,7,34824500000000,2026-09-10T09:14:13.912613+00:00,interpolated,-635.0,827.0,-142.0
58.977775245,842346897979910363,842346898792113336,125,8,34824500000000,2026-09-10T09:14:13.912613+00:00,interpolated,-574.0,830.0,-189.0
58.996663686,842346897998798804,842346898792113336,125,9,34824500000000,2026-09-10T09:14:13.912613+00:00,interpolated,-455.0,890.0,-213.0
59.015552128,842346898017687246,842346898792113336,125,10,34824500000000,2026-09-10T09:14:13.912613+00:00,interpolated,-346.0,891.0,-72.0
59.034440569,842346898036575687,842346898792113336,125,11,34824500000000,2026-09-10T09:14:13.912613+00:00,interpolated,-357.0,957.0,-172.0
59.05332901,842346898055464128,842346898792113336,125,12,34824500000000,2026-09-10T09:14:13.912613+00:00,interpolated,-387.0,1132.0,-121.0
59.072217451,842346898074352569,842346898792113336,125,13,34824500000000,2026-09-10T09:14:13.912613+00:00,interpolated,-341.0,1088.0,-100.0
59.091105892,842346898093241010,842346898792113336,125,14,34824500000000,2026-09-10T09:14:13.912613+00:00,interpolated,-214.0,1001.0,24.0
59.109994334,842346898112129452,842346898792113336,125,15,34824500000000,2026-09-10T09:14:13.912613+00:00,interpolated,-184.0,988.0,72.0
59.128882775,842346898131017893,842346898792113336,125,16,34824500000000,2026-09-10T09:14:13.912613+00:00,interpolated,-142.0,959.0,-29.0
59.147771216,842346898149906334,842346898792113336,125,17,34824500000000,2026-09-10T09:14:13.912613+00:00,interpolated,-181.0,787.0,-89.0
59.166659657,842346898168794775,842346898792113336,125,18,34824500000000,2026-09-10T09:14:13.912613+00:00,interpolated,-271.0,609.0,-209.0
59.185548099,842346898187683217,842346898792113336,125,19,34824500000000,2026-09-10T09:14:13.912613+00:00,interpolated,-431.0,625.0,-371.0
59.20443654,842346898206571658,842346898792113336,125,20,34824500000000,2026-09-10T09:14:13.912613+00:00,interpolated,-608.0,842.0,-706.0
59.223324981,842346898225460099,842346898792113336,125,21,34824500000000,2026-09-10T09:14:13.912613+00:00,interpolated,-687.0,1014.0,-895.0
59.242213422,842346898244348540,842346898792113336,125,22,34824500000000,2026-09-10T09:14:13.912613+00:00,interpolated,-498.0,1025.0,-622.0
59.261101864,842346898263236982,842346898792113336,125,23,34824500000000,2026-09-10T09:14:13.912613+00:00,interpolated,-417.0,737.0,-377.0
59.279990305,842346898282125423,842346898792113336,125,24,34824500000000,2026-09-10T09:14:13.912613+00:00,interpolated,-453.0,655.0,-316.0
59.298878746,842346898301013864,842346898792113336,125,25,34824500000000,2026-09-10T09:14:13.912613+00:00,interpolated,-166.0,778.0,-181.0
59.317767187,842346898319902305,842346898792113336,125,26,34824500000000,2026-09-10T09:14:13.912613+00:00,interpolated,-30.0,844.0,-240.0
59.336655628,842346898338790746,842346898792113336,125,27,34824500000000,2026-09-10T09:14:13.912613+00:00,interpolated,-94.0,820.0,-297.0
59.35554407,842346898357679188,842346898792113336,125,28,34824500000000,2026-09-10T09:14:13.912613+00:00,interpolated,-185.0,1127.0,301.0
59.374432511,842346898376567629,842346898792113336,125,29,34824500000000,2026-09-10T09:14:13.912613+00:00,interpolated,-509.0,972.0,-242.0
59.393320952,842346898395456070,842346898792113336,125,30,34824500000000,2026-09-10T09:14:13.912613+00:00,interpolated,-321.0,920.0,-330.0
59.412209393,842346898414344511,842346898792113336,125,31,34824500000000,2026-09-10T09:14:13.912613+00:00,interpolated,-256.0,1208.0,184.0
59.431097835,842346898433232953,842346898792113336,125,32,34824500000000,2026-09-10T09:14:13.912613+00:00,interpolated,-280.0,1068.0,-99.0
59.449986276,842346898452121394,842346898792113336,125,33,34824500000000,2026-09-10T09:14:13.912613+00:00,interpolated,-363.0,613.0,-325.0
59.468874717,842346898471009835,842346898792113336,125,34,34824500000000,2026-09-10T09:14:13.912613+00:00,interpolated,28.0,504.0,-620.0
59.487763158,842346898489898276,842346898792113336,125,35,34824500000000,2026-09-10T09:14:13.912613+00:00,interpolated,-361.0,1075.0,134.0
59.5066516,842346898508786718,842346898792113336,125,36,34824500000000,2026-09-10T09:14:13.912613+00:00,interpolated,-566.0,913.0,-76.0
59.525540041,842346898527675159,842346898792113336,125,37,34824500000000,2026-09-10T09:14:13.912613+00:00,interpolated,-757.0,818.0,-359.0
59.544428482,842346898546563600,842346898792113336,125,38,34824500000000,2026-09-10T09:14:13.912613+00:00,interpolated,-608.0,780.0,-555.0
59.563316923,842346898565452041,842346898792113336,125,39,34824500000000,2026-09-10T09:14:13.912613+00:00,interpolated,-590.0,976.0,-358.0
59.582205364,842346898584340482,842346898792113336,125,40,34824500000000,2026-09-10T09:14:13.912613+00:00,interpolated,-504.0,765.0,-349.0
59.601093806,842346898603228924,842346898792113336,125,41,34824500000000,2026-09-10T09:14:13.912613+00:00,interpolated,-557.0,719.0,-328.0
59.619982247,842346898622117365,842346898792113336,125,42,34824500000000,2026-09-10T09:14:13.912613+00:00,interpolated,-372.0,971.0,-255.0
59.638870688,842346898641005806,842346898792113336,125,43,34824500000000,2026-09-10T09:14:13.912613+00:00,interpolated,-702.0,921.0,-188.0
59.657759129,842346898659894247,842346898792113336,125,44,34824500000000,2026-09-10T09:14:13.912613+00:00,interpolated,-796.0,822.0,-111.0
59.676647571,842346898678782689,842346898792113336,125,45,34824500000000,2026-09-10T09:14:13.912613+00:00,interpolated,-986.0,727.0,-139.0
59.695536012,842346898697671130,842346898792113336,125,46,34824500000000,2026-09-10T09:14:13.912613+00:00,interpolated,-974.0,582.0,-212.0
59.714424453,842346898716559571,842346898792113336,125,47,34824500000000,2026-09-10T09:14:13.912613+00:00,interpolated,-949.0,539.0,-273.0
59.733312894,842346898735448012,842346898792113336,125,48,34824500000000,2026-09-10T09:14:13.912613+00:00,interpolated,-764.0,516.0,-114.0
59.752201336,842346898754336454,842346898792113336,125,49,34824500000000,2026-09-10T09:14:13.912613+00:00,interpolated,-933.0,288.0,-142.0
59.771089777,842346898773224895,842346898792113336,125,50,34824500000000,2026-09-10T09:14:13.912613+00:00,interpolated,-1094.0,365.0,-295.0
59.789978218,842346898792113336,842346898792113336,125,51,34824500000000,2026-09-10T09:14:13.912613+00:00,interpolated,-1080.0,338.0,-400.0
59.808866808,842346898811001926,842346899887651552,128,0,34825703000000,2026-09-10T09:14:15.112871+00:00,interpolated,-859.0,311.0,-409.0
59.827755398,842346898829890516,842346899887651552,128,1,34825703000000,2026-09-10T09:14:15.112871+00:00,interpolated,-917.0,488.0,-179.0
59.846643988,842346898848779106,842346899887651552,128,2,34825703000000,2026-09-10T09:14:15.112871+00:00,interpolated,-1264.0,486.0,-26.0
59.865532578,842346898867667696,842346899887651552,128,3,34825703000000,2026-09-10T09:14:15.112871+00:00,interpolated,-1309.0,249.0,-228.0
59.884421168,842346898886556286,842346899887651552,128,4,34825703000000,2026-09-10T09:14:15.112871+00:00,interpolated,-1197.0,215.0,-323.0
59.903309758,842346898905444876,842346899887651552,128,5,34825703000000,2026-09-10T09:14:15.112871+00:00,interpolated,-1098.0,287.0,-197.0
59.922198348,842346898924333466,842346899887651552,128,6,34825703000000,2026-09-10T09:14:15.112871+00:00,interpolated,-1117.0,286.0,-284.0
59.941086937,842346898943222055,842346899887651552,128,7,34825703000000,2026-09-10T09:14:15.112871+00:00,interpolated,-1089.0,361.0,-387.0
59.959975527,842346898962110645,842346899887651552,128,8,34825703000000,2026-09-10T09:14:15.112871+00:00,interpolated,-1132.0,412.0,-370.0
59.978864117,842346898980999235,842346899887651552,128,9,34825703000000,2026-09-10T09:14:15.112871+00:00,interpolated,-1133.0,351.0,-268.0
59.997752707,842346898999887825,842346899887651552,128,10,34825703000000,2026-09-10T09:14:15.112871+00:00,interpolated,-1098.0,307.0,-166.0
60.016641297,842346899018776415,842346899887651552,128,11,34825703000000,2026-09-10T09:14:15.112871+00:00,interpolated,-1154.0,267.0,-267.0
60.035529887,842346899037665005,842346899887651552,128,12,34825703000000,2026-09-10T09:14:15.112871+00:00,interpolated,-1062.0,255.0,-332.0
60.054418477,842346899056553595,842346899887651552,128,13,34825703000000,2026-09-10T09:14:15.112871+00:00,interpolated,-993.0,262.0,-287.0
60.073307067,842346899075442185,842346899887651552,128,14,34825703000000,2026-09-10T09:14:15.112871+00:00,interpolated,-975.0,356.0,-279.0
60.092195657,842346899094330775,842346899887651552,128,15,34825703000000,2026-09-10T09:14:15.112871+00:00,interpolated,-969.0,405.0,-275.0
60.111084247,842346899113219365,842346899887651552,128,16,34825703000000,2026-09-10T09:14:15.112871+00:00,interpolated,-959.0,447.0,-291.0
60.129972837,842346899132107955,842346899887651552,128,17,34825703000000,2026-09-10T09:14:15.112871+00:00,interpolated,-916.0,445.0,-371.0
60.148861427,842346899150996545,842346899887651552,128,18,34825703000000,2026-09-10T09:14:15.112871+00:00,interpolated,-956.0,367.0,-350.0
60.167750017,842346899169885135,842346899887651552,128,19,34825703000000,2026-09-10T09:14:15.112871+00:00,interpolated,-908.0,419.0,-320.0
60.186638607,842346899188773725,842346899887651552,128,20,34825703000000,2026-09-10T09:14:15.112871+00:00,interpolated,-835.0,556.0,-315.0
60.205527196,842346899207662314,842346899887651552,128,21,34825703000000,2026-09-10T09:14:15.112871+00:00,interpolated,-840.0,619.0,-382.0
60.224415786,842346899226550904,842346899887651552,128,22,34825703000000,2026-09-10T09:14:15.112871+00:00,interpolated,-846.0,516.0,-316.0
60.243304376,842346899245439494,842346899887651552,128,23,34825703000000,2026-09-10T09:14:15.112871+00:00,interpolated,-853.0,514.0,-270.0
60.262192966,842346899264328084,842346899887651552,128,24,34825703000000,2026-09-10T09:14:15.112871+00:00,interpolated,-825.0,639.0,-346.0
60.281081556,842346899283216674,842346899887651552,128,25,34825703000000,2026-09-10T09:14:15.112871+00:00,interpolated,-765.0,760.0,-449.0
60.299970146,842346899302105264,842346899887651552,128,26,34825703000000,2026-09-10T09:14:15.112871+00:00,interpolated,-675.0,717.0,-369.0
60.318858736,842346899320993854,842346899887651552,128,27,34825703000000,2026-09-10T09:14:15.112871+00:00,interpolated,-700.0,654.0,-305.0
60.337747326,842346899339882444,842346899887651552,128,28,34825703000000,2026-09-10T09:14:15.112871+00:00,interpolated,-714.0,766.0,-336.0
60.356635916,842346899358771034,842346899887651552,128,29,34825703000000,2026-09-10T09:14:15.112871+00:00,interpolated,-729.0,759.0,-308.0
60.375524506,842346899377659624,842346899887651552,128,30,34825703000000,2026-09-10T09:14:15.112871+00:00,interpolated,-723.0,734.0,-220.0
60.394413096,842346899396548214,842346899887651552,128,31,34825703000000,2026-09-10T09:14:15.112871+00:00,interpolated,-686.0,747.0,-186.0
60.413301686,842346899415436804,842346899887651552,128,32,34825703000000,2026-09-10T09:14:15.112871+00:00,interpolated,-628.0,796.0,-192.0
60.432190276,842346899434325394,842346899887651552,128,33,34825703000000,2026-09-10T09:14:15.112871+00:00,interpolated,-702.0,844.0,-213.0
60.451078866,842346899453213984,842346899887651552,128,34,34825703000000,2026-09-10T09:14:15.112871+00:00,interpolated,-662.0,817.0,-178.0
60.469967456,842346899472102574,842346899887651552,128,35,34825703000000,2026-09-10T09:14:15.112871+00:00,interpolated,-623.0,797.0,-186.0
60.488856045,842346899490991163,842346899887651552,128,36,34825703000000,2026-09-10T09:14:15.112871+00:00,interpolated,-531.0,870.0,-244.0
60.507744635,842346899509879753,842346899887651552,128,37,34825703000000,2026-09-10T09:14:15.112871+00:00,interpolated,-404.0,994.0,-214.0
60.526633225,842346899528768343,842346899887651552,128,38,34825703000000,2026-09-10T09:14:15.112871+00:00,interpolated,-436.0,919.0,-178.0
60.545521815,842346899547656933,842346899887651552,128,39,34825703000000,2026-09-10T09:14:15.112871+00:00,interpolated,-438.0,881.0,-219.0
60.564410405,842346899566545523,842346899887651552,128,40,34825703000000,2026-09-10T09:14:15.112871+00:00,interpolated,-372.0,981.0,-253.0
60.583298995,842346899585434113,842346899887651552,128,41,34825703000000,2026-09-10T09:14:15.112871+00:00,interpolated,-330.0,1074.0,-238.0
60.602187585,842346899604322703,842346899887651552,128,42,34825703000000,2026-09-10T09:14:15.112871+00:00,interpolated,-264.0,983.0,-72.0
60.621076175,842346899623211293,842346899887651552,128,43,34825703000000,2026-09-10T09:14:15.112871+00:00,interpolated,-231.0,953.0,-2.0
60.639964765,842346899642099883,842346899887651552,128,44,34825703000000,2026-09-10T09:14:15.112871+00:00,interpolated,-288.0,966.0,-54.0
60.658853355,842346899660988473,842346899887651552,128,45,34825703000000,2026-09-10T09:14:15.112871+00:00,interpolated,-245.0,969.0,-103.0
60.677741945,842346899679877063,842346899887651552,128,46,34825703000000,2026-09-10T09:14:15.112871+00:00,interpolated,-188.0,850.0,-110.0
60.696630535,842346899698765653,842346899887651552,128,47,34825703000000,2026-09-10T09:14:15.112871+00:00,interpolated,-236.0,712.0,-211.0
60.715519125,842346899717654243,842346899887651552,128,48,34825703000000,2026-09-10T09:14:15.112871+00:00,interpolated,-346.0,698.0,-372.0
60.734407715,842346899736542833,842346899887651552,128,49,34825703000000,2026-09-10T09:14:15.112871+00:00,interpolated,-440.0,797.0,-621.0
60.753296304,842346899755431422,842346899887651552,128,50,34825703000000,2026-09-10T09:14:15.112871+00:00,interpolated,-410.0,999.0,-844.0
60.772184894,842346899774320012,842346899887651552,128,51,34825703000000,2026-09-10T09:14:15.112871+00:00,interpolated,-165.0,1063.0,-678.0
60.791073484,842346899793208602,842346899887651552,128,52,34825703000000,2026-09-10T09:14:15.112871+00:00,interpolated,-120.0,825.0,-426.0
60.809962074,842346899812097192,842346899887651552,128,53,34825703000000,2026-09-10T09:14:15.112871+00:00,interpolated,-273.0,785.0,-325.0
60.828850664,842346899830985782,842346899887651552,128,54,34825703000000,2026-09-10T09:14:15.112871+00:00,interpolated,-267.0,701.0,-416.0
60.847739254,842346899849874372,842346899887651552,128,55,34825703000000,2026-09-10T09:14:15.112871+00:00,interpolated,66.0,919.0,-120.0
60.866627844,842346899868762962,842346899887651552,128,56,34825703000000,2026-09-10T09:14:15.112871+00:00,interpolated,-149.0,786.0,-45.0
60.885516434,842346899887651552,842346899887651552,128,57,34825703000000,2026-09-10T09:14:15.112871+00:00,interpolated,-473.0,751.0,-145.0
60.904404908,842346899906540026,842346900964294548,132,0,34826781000000,2026-09-10T09:14:16.192831+00:00,interpolated,-496.0,835.0,-522.0
60.923293381,842346899925428499,842346900964294548,132,1,34826781000000,2026-09-10T09:14:16.192831+00:00,interpolated,-307.0,1179.0,-188.0
60.942181855,842346899944316973,842346900964294548,132,2,34826781000000,2026-09-10T09:14:16.192831+00:00,interpolated,-98.0,989.0,-364.0
60.961070328,842346899963205446,842346900964294548,132,3,34826781000000,2026-09-10T09:14:16.192831+00:00,interpolated,-72.0,871.0,62.0
60.979958802,842346899982093920,842346900964294548,132,4,34826781000000,2026-09-10T09:14:16.192831+00:00,interpolated,-189.0,938.0,-136.0
60.998847276,842346900000982394,842346900964294548,132,5,34826781000000,2026-09-10T09:14:16.192831+00:00,interpolated,-283.0,961.0,-271.0
61.017735749,842346900019870867,842346900964294548,132,6,34826781000000,2026-09-10T09:14:16.192831+00:00,interpolated,-252.0,851.0,-272.0
61.036624223,842346900038759341,842346900964294548,132,7,34826781000000,2026-09-10T09:14:16.192831+00:00,interpolated,-319.0,921.0,-163.0
61.055512697,842346900057647815,842346900964294548,132,8,34826781000000,2026-09-10T09:14:16.192831+00:00,interpolated,-232.0,759.0,-305.0
61.07440117,842346900076536288,842346900964294548,132,9,34826781000000,2026-09-10T09:14:16.192831+00:00,interpolated,-358.0,836.0,-121.0
61.093289644,842346900095424762,842346900964294548,132,10,34826781000000,2026-09-10T09:14:16.192831+00:00,interpolated,-726.0,1011.0,-52.0
61.112178117,842346900114313235,842346900964294548,132,11,34826781000000,2026-09-10T09:14:16.192831+00:00,interpolated,-936.0,861.0,-294.0
61.131066591,842346900133201709,842346900964294548,132,12,34826781000000,2026-09-10T09:14:16.192831+00:00,interpolated,-772.0,697.0,-518.0
61.149955065,842346900152090183,842346900964294548,132,13,34826781000000,2026-09-10T09:14:16.192831+00:00,interpolated,-514.0,1065.0,-266.0
61.168843538,842346900170978656,842346900964294548,132,14,34826781000000,2026-09-10T09:14:16.192831+00:00,interpolated,-595.0,765.0,-64.0
61.187732012,842346900189867130,842346900964294548,132,15,34826781000000,2026-09-10T09:14:16.192831+00:00,interpolated,-781.0,712.0,-154.0
61.206620485,842346900208755603,842346900964294548,132,16,34826781000000,2026-09-10T09:14:16.192831+00:00,interpolated,-906.0,644.0,-314.0
61.225508959,842346900227644077,842346900964294548,132,17,34826781000000,2026-09-10T09:14:16.192831+00:00,interpolated,-1058.0,697.0,-173.0
61.244397433,842346900246532551,842346900964294548,132,18,34826781000000,2026-09-10T09:14:16.192831+00:00,interpolated,-931.0,601.0,-300.0
61.263285906,842346900265421024,842346900964294548,132,19,34826781000000,2026-09-10T09:14:16.192831+00:00,interpolated,-878.0,478.0,-448.0
61.28217438,842346900284309498,842346900964294548,132,20,34826781000000,2026-09-10T09:14:16.192831+00:00,interpolated,-845.0,589.0,-387.0
61.301062854,842346900303197972,842346900964294548,132,21,34826781000000,2026-09-10T09:14:16.192831+00:00,interpolated,-885.0,425.0,-408.0
61.319951327,842346900322086445,842346900964294548,132,22,34826781000000,2026-09-10T09:14:16.192831+00:00,interpolated,-1041.0,381.0,-305.0
61.338839801,842346900340974919,842346900964294548,132,23,34826781000000,2026-09-10T09:14:16.192831+00:00,interpolated,-1176.0,621.0,-212.0
61.357728274,842346900359863392,842346900964294548,132,24,34826781000000,2026-09-10T09:14:16.192831+00:00,interpolated,-1132.0,487.0,-278.0
61.376616748,842346900378751866,842346900964294548,132,25,34826781000000,2026-09-10T09:14:16.192831+00:00,interpolated,-1132.0,368.0,-373.0
61.395505222,842346900397640340,842346900964294548,132,26,34826781000000,2026-09-10T09:14:16.192831+00:00,interpolated,-1187.0,252.0,-390.0
61.414393695,842346900416528813,842346900964294548,132,27,34826781000000,2026-09-10T09:14:16.192831+00:00,interpolated,-1146.0,266.0,-375.0
61.433282169,842346900435417287,842346900964294548,132,28,34826781000000,2026-09-10T09:14:16.192831+00:00,interpolated,-1047.0,388.0,-350.0
61.452170642,842346900454305760,842346900964294548,132,29,34826781000000,2026-09-10T09:14:16.192831+00:00,interpolated,-1094.0,423.0,-363.0
61.471059116,842346900473194234,842346900964294548,132,30,34826781000000,2026-09-10T09:14:16.192831+00:00,interpolated,-1125.0,374.0,-336.0
61.48994759,842346900492082708,842346900964294548,132,31,34826781000000,2026-09-10T09:14:16.192831+00:00,interpolated,-1126.0,329.0,-313.0
61.508836063,842346900510971181,842346900964294548,132,32,34826781000000,2026-09-10T09:14:16.192831+00:00,interpolated,-1071.0,360.0,-260.0
61.527724537,842346900529859655,842346900964294548,132,33,34826781000000,2026-09-10T09:14:16.192831+00:00,interpolated,-1063.0,343.0,-251.0
61.54661301,842346900548748128,842346900964294548,132,34,34826781000000,2026-09-10T09:14:16.192831+00:00,interpolated,-1046.0,345.0,-261.0
61.565501484,842346900567636602,842346900964294548,132,35,34826781000000,2026-09-10T09:14:16.192831+00:00,interpolated,-1000.0,362.0,-245.0
61.584389958,842346900586525076,842346900964294548,132,36,34826781000000,2026-09-10T09:14:16.192831+00:00,interpolated,-932.0,420.0,-355.0
61.603278431,842346900605413549,842346900964294548,132,37,34826781000000,2026-09-10T09:14:16.192831+00:00,interpolated,-864.0,397.0,-390.0
61.622166905,842346900624302023,842346900964294548,132,38,34826781000000,2026-09-10T09:14:16.192831+00:00,interpolated,-816.0,530.0,-407.0
61.641055379,842346900643190497,842346900964294548,132,39,34826781000000,2026-09-10T09:14:16.192831+00:00,interpolated,-849.0,552.0,-361.0
61.659943852,842346900662078970,842346900964294548,132,40,34826781000000,2026-09-10T09:14:16.192831+00:00,interpolated,-881.0,475.0,-271.0
61.678832326,842346900680967444,842346900964294548,132,41,34826781000000,2026-09-10T09:14:16.192831+00:00,interpolated,-934.0,576.0,-286.0
61.697720799,842346900699855917,842346900964294548,132,42,34826781000000,2026-09-10T09:14:16.192831+00:00,interpolated,-932.0,650.0,-357.0
61.716609273,842346900718744391,842346900964294548,132,43,34826781000000,2026-09-10T09:14:16.192831+00:00,interpolated,-804.0,577.0,-396.0
61.735497747,842346900737632865,842346900964294548,132,44,34826781000000,2026-09-10T09:14:16.192831+00:00,interpolated,-758.0,520.0,-322.0
61.75438622,842346900756521338,842346900964294548,132,45,34826781000000,2026-09-10T09:14:16.192831+00:00,interpolated,-738.0,526.0,-366.0
61.773274694,842346900775409812,842346900964294548,132,46,34826781000000,2026-09-10T09:14:16.192831+00:00,interpolated,-653.0,669.0,-404.0
61.792163167,842346900794298285,842346900964294548,132,47,34826781000000,2026-09-10T09:14:16.192831+00:00,interpolated,-612.0,786.0,-374.0
61.811051641,842346900813186759,842346900964294548,132,48,34826781000000,2026-09-10T09:14:16.192831+00:00,interpolated,-687.0,816.0,-308.0
61.829940115,842346900832075233,842346900964294548,132,49,34826781000000,2026-09-10T09:14:16.192831+00:00,interpolated,-734.0,766.0,-239.0
61.848828588,842346900850963706,842346900964294548,132,50,34826781000000,2026-09-10T09:14:16.192831+00:00,interpolated,-728.0,780.0,-194.0
61.867717062,842346900869852180,842346900964294548,132,51,34826781000000,2026-09-10T09:14:16.192831+00:00,interpolated,-767.0,806.0,-211.0
61.886605536,842346900888740654,842346900964294548,132,52,34826781000000,2026-09-10T09:14:16.192831+00:00,interpolated,-715.0,840.0,-160.0
61.905494009,842346900907629127,842346900964294548,132,53,34826781000000,2026-09-10T09:14:16.192831+00:00,interpolated,-610.0,885.0,-188.0
61.924382483,842346900926517601,842346900964294548,132,54,34826781000000,2026-09-10T09:14:16.192831+00:00,interpolated,-536.0,829.0,-157.0
61.943270956,842346900945406074,842346900964294548,132,55,34826781000000,2026-09-10T09:14:16.192831+00:00,interpolated,-479.0,796.0,-215.0
61.96215943,842346900964294548,842346900964294548,132,56,34826781000000,2026-09-10T09:14:16.192831+00:00,interpolated,-503.0,905.0,-216.0
61.981047582,842346900983182700,842346902040919234,135,0,34827921000000,2026-09-10T09:14:17.332650+00:00,interpolated,-509.0,945.0,-214.0
61.999935735,842346901002070853,842346902040919234,135,1,34827921000000,2026-09-10T09:14:17.332650+00:00,interpolated,-516.0,953.0,-189.0
62.018823887,842346901020959005,842346902040919234,135,2,34827921000000,2026-09-10T09:14:17.332650+00:00,interpolated,-497.0,959.0,-193.0
62.03771204,842346901039847158,842346902040919234,135,3,34827921000000,2026-09-10T09:14:17.332650+00:00,interpolated,-458.0,969.0,-99.0
62.056600192,842346901058735310,842346902040919234,135,4,34827921000000,2026-09-10T09:14:17.332650+00:00,interpolated,-448.0,943.0,-89.0
62.075488344,842346901077623462,842346902040919234,135,5,34827921000000,2026-09-10T09:14:17.332650+00:00,interpolated,-446.0,971.0,-91.0
62.094376497,842346901096511615,842346902040919234,135,6,34827921000000,2026-09-10T09:14:17.332650+00:00,interpolated,-385.0,1017.0,9.0
62.113264649,842346901115399767,842346902040919234,135,7,34827921000000,2026-09-10T09:14:17.332650+00:00,interpolated,-314.0,957.0,75.0
62.132152801,842346901134287919,842346902040919234,135,8,34827921000000,2026-09-10T09:14:17.332650+00:00,interpolated,-262.0,904.0,40.0
62.151040954,842346901153176072,842346902040919234,135,9,34827921000000,2026-09-10T09:14:17.332650+00:00,interpolated,-202.0,888.0,-193.0
62.169929106,842346901172064224,842346902040919234,135,10,34827921000000,2026-09-10T09:14:17.332650+00:00,interpolated,-83.0,981.0,-421.0
62.188817259,842346901190952377,842346902040919234,135,11,34827921000000,2026-09-10T09:14:17.332650+00:00,interpolated,43.0,1013.0,-467.0
62.207705411,842346901209840529,842346902040919234,135,12,34827921000000,2026-09-10T09:14:17.332650+00:00,interpolated,-82.0,890.0,-310.0
62.226593563,842346901228728681,842346902040919234,135,13,34827921000000,2026-09-10T09:14:17.332650+00:00,interpolated,-349.0,794.0,-154.0
62.245481716,842346901247616834,842346902040919234,135,14,34827921000000,2026-09-10T09:14:17.332650+00:00,interpolated,-579.0,775.0,-97.0
62.264369868,842346901266504986,842346902040919234,135,15,34827921000000,2026-09-10T09:14:17.332650+00:00,interpolated,-548.0,807.0,-172.0
62.283258021,842346901285393139,842346902040919234,135,16,34827921000000,2026-09-10T09:14:17.332650+00:00,interpolated,-211.0,888.0,-264.0
62.302146173,842346901304281291,842346902040919234,135,17,34827921000000,2026-09-10T09:14:17.332650+00:00,interpolated,-138.0,906.0,-402.0
62.321034325,842346901323169443,842346902040919234,135,18,34827921000000,2026-09-10T09:14:17.332650+00:00,interpolated,-158.0,937.0,-345.0
62.339922478,842346901342057596,842346902040919234,135,19,34827921000000,2026-09-10T09:14:17.332650+00:00,interpolated,-213.0,970.0,-308.0
62.35881063,842346901360945748,842346902040919234,135,20,34827921000000,2026-09-10T09:14:17.332650+00:00,interpolated,-293.0,920.0,-344.0
62.377698782,842346901379833900,842346902040919234,135,21,34827921000000,2026-09-10T09:14:17.332650+00:00,interpolated,-259.0,931.0,-264.0
62.396586935,842346901398722053,842346902040919234,135,22,34827921000000,2026-09-10T09:14:17.332650+00:00,interpolated,-59.0,1162.0,-25.0
62.415475087,842346901417610205,842346902040919234,135,23,34827921000000,2026-09-10T09:14:17.332650+00:00,interpolated,-137.0,979.0,-159.0
62.43436324,842346901436498358,842346902040919234,135,24,34827921000000,2026-09-10T09:14:17.332650+00:00,interpolated,-349.0,735.0,-176.0
62.453251392,842346901455386510,842346902040919234,135,25,34827921000000,2026-09-10T09:14:17.332650+00:00,interpolated,-227.0,770.0,-225.0
62.472139544,842346901474274662,842346902040919234,135,26,34827921000000,2026-09-10T09:14:17.332650+00:00,interpolated,-367.0,1166.0,-66.0
62.491027697,842346901493162815,842346902040919234,135,27,34827921000000,2026-09-10T09:14:17.332650+00:00,interpolated,-418.0,913.0,-129.0
62.509915849,842346901512050967,842346902040919234,135,28,34827921000000,2026-09-10T09:14:17.332650+00:00,interpolated,-314.0,641.0,-346.0
62.528804002,842346901530939120,842346902040919234,135,29,34827921000000,2026-09-10T09:14:17.332650+00:00,interpolated,-180.0,838.0,-123.0
62.547692154,842346901549827272,842346902040919234,135,30,34827921000000,2026-09-10T09:14:17.332650+00:00,interpolated,-272.0,973.0,-236.0
62.566580306,842346901568715424,842346902040919234,135,31,34827921000000,2026-09-10T09:14:17.332650+00:00,interpolated,-356.0,821.0,-255.0
62.585468459,842346901587603577,842346902040919234,135,32,34827921000000,2026-09-10T09:14:17.332650+00:00,interpolated,-292.0,817.0,-74.0
62.604356611,842346901606491729,842346902040919234,135,33,34827921000000,2026-09-10T09:14:17.332650+00:00,interpolated,-445.0,1126.0,-222.0
62.623244764,842346901625379882,842346902040919234,135,34,34827921000000,2026-09-10T09:14:17.332650+00:00,interpolated,-510.0,1021.0,-181.0
62.642132916,842346901644268034,842346902040919234,135,35,34827921000000,2026-09-10T09:14:17.332650+00:00,interpolated,-406.0,893.0,-285.0
62.661021068,842346901663156186,842346902040919234,135,36,34827921000000,2026-09-10T09:14:17.332650+00:00,interpolated,-303.0,851.0,-139.0
62.679909221,842346901682044339,842346902040919234,135,37,34827921000000,2026-09-10T09:14:17.332650+00:00,interpolated,-577.0,788.0,-159.0
62.698797373,842346901700932491,842346902040919234,135,38,34827921000000,2026-09-10T09:14:17.332650+00:00,interpolated,-631.0,762.0,-202.0
62.717685525,842346901719820643,842346902040919234,135,39,34827921000000,2026-09-10T09:14:17.332650+00:00,interpolated,-652.0,669.0,-284.0
62.736573678,842346901738708796,842346902040919234,135,40,34827921000000,2026-09-10T09:14:17.332650+00:00,interpolated,-769.0,733.0,-406.0
62.75546183,842346901757596948,842346902040919234,135,41,34827921000000,2026-09-10T09:14:17.332650+00:00,interpolated,-1045.0,779.0,-228.0
62.774349983,842346901776485101,842346902040919234,135,42,34827921000000,2026-09-10T09:14:17.332650+00:00,interpolated,-1015.0,582.0,-191.0
62.793238135,842346901795373253,842346902040919234,135,43,34827921000000,2026-09-10T09:14:17.332650+00:00,interpolated,-806.0,395.0,-277.0
62.812126287,842346901814261405,842346902040919234,135,44,34827921000000,2026-09-10T09:14:17.332650+00:00,interpolated,-919.0,478.0,-243.0
62.83101444,842346901833149558,842346902040919234,135,45,34827921000000,2026-09-10T09:14:17.332650+00:00,interpolated,-1031.0,543.0,-378.0
62.849902592,842346901852037710,842346902040919234,135,46,34827921000000,2026-09-10T09:14:17.332650+00:00,interpolated,-1033.0,380.0,-294.0
62.868790745,842346901870925863,842346902040919234,135,47,34827921000000,2026-09-10T09:14:17.332650+00:00,interpolated,-950.0,411.0,-171.0
62.887678897,842346901889814015,842346902040919234,135,48,34827921000000,2026-09-10T09:14:17.332650+00:00,interpolated,-1120.0,568.0,-369.0
62.906567049,842346901908702167,842346902040919234,135,49,34827921000000,2026-09-10T09:14:17.332650+00:00,interpolated,-1116.0,404.0,-507.0
62.925455202,842346901927590320,842346902040919234,135,50,34827921000000,2026-09-10T09:14:17.332650+00:00,interpolated,-928.0,315.0,-482.0
62.944343354,842346901946478472,842346902040919234,135,51,34827921000000,2026-09-10T09:14:17.332650+00:00,interpolated,-1004.0,384.0,-355.0
62.963231506,842346901965366624,842346902040919234,135,52,34827921000000,2026-09-10T09:14:17.332650+00:00,interpolated,-1265.0,211.0,-240.0
62.982119659,842346901984254777,842346902040919234,135,53,34827921000000,2026-09-10T09:14:17.332650+00:00,interpolated,-1367.0,95.0,-288.0
63.001007811,842346902003142929,842346902040919234,135,54,34827921000000,2026-09-10T09:14:17.332650+00:00,interpolated,-1228.0,302.0,-257.0
63.019895964,842346902022031082,842346902040919234,135,55,34827921000000,2026-09-10T09:14:17.332650+00:00,interpolated,-1105.0,348.0,-247.0
63.038784116,842346902040919234,842346902040919234,135,56,34827921000000,2026-09-10T09:14:17.332650+00:00,interpolated,-1122.0,230.0,-249.0
63.057671757,842346902059806875,842346903174177697,139,0,34829062000000,2026-09-10T09:14:18.472542+00:00,interpolated,-1167.0,125.0,-312.0
63.076559398,842346902078694516,842346903174177697,139,1,34829062000000,2026-09-10T09:14:18.472542+00:00,interpolated,-1076.0,272.0,-366.0
63.095447039,842346902097582157,842346903174177697,139,2,34829062000000,2026-09-10T09:14:18.472542+00:00,interpolated,-993.0,415.0,-355.0
63.11433468,842346902116469798,842346903174177697,139,3,34829062000000,2026-09-10T09:14:18.472542+00:00,interpolated,-1010.0,419.0,-339.0
63.133222321,842346902135357439,842346903174177697,139,4,34829062000000,2026-09-10T09:14:18.472542+00:00,interpolated,-1018.0,288.0,-321.0
63.152109962,842346902154245080,842346903174177697,139,5,34829062000000,2026-09-10T09:14:18.472542+00:00,interpolated,-983.0,285.0,-326.0
63.170997603,842346902173132721,842346903174177697,139,6,34829062000000,2026-09-10T09:14:18.472542+00:00,interpolated,-956.0,315.0,-347.0
63.189885244,842346902192020362,842346903174177697,139,7,34829062000000,2026-09-10T09:14:18.472542+00:00,interpolated,-798.0,396.0,-397.0
63.208772885,842346902210908003,842346903174177697,139,8,34829062000000,2026-09-10T09:14:18.472542+00:00,interpolated,-806.0,487.0,-397.0
63.227660527,842346902229795645,842346903174177697,139,9,34829062000000,2026-09-10T09:14:18.472542+00:00,interpolated,-882.0,506.0,-345.0
63.246548168,842346902248683286,842346903174177697,139,10,34829062000000,2026-09-10T09:14:18.472542+00:00,interpolated,-834.0,477.0,-339.0
63.265435809,842346902267570927,842346903174177697,139,11,34829062000000,2026-09-10T09:14:18.472542+00:00,interpolated,-844.0,513.0,-353.0
63.28432345,842346902286458568,842346903174177697,139,12,34829062000000,2026-09-10T09:14:18.472542+00:00,interpolated,-874.0,599.0,-441.0
63.303211091,842346902305346209,842346903174177697,139,13,34829062000000,2026-09-10T09:14:18.472542+00:00,interpolated,-780.0,657.0,-468.0
63.322098732,842346902324233850,842346903174177697,139,14,34829062000000,2026-09-10T09:14:18.472542+00:00,interpolated,-646.0,710.0,-403.0
63.340986373,842346902343121491,842346903174177697,139,15,34829062000000,2026-09-10T09:14:18.472542+00:00,interpolated,-683.0,715.0,-365.0
63.359874014,842346902362009132,842346903174177697,139,16,34829062000000,2026-09-10T09:14:18.472542+00:00,interpolated,-748.0,728.0,-269.0
63.378761655,842346902380896773,842346903174177697,139,17,34829062000000,2026-09-10T09:14:18.472542+00:00,interpolated,-765.0,670.0,-263.0
63.397649296,842346902399784414,842346903174177697,139,18,34829062000000,2026-09-10T09:14:18.472542+00:00,interpolated,-755.0,670.0,-347.0
63.416536937,842346902418672055,842346903174177697,139,19,34829062000000,2026-09-10T09:14:18.472542+00:00,interpolated,-690.0,659.0,-297.0
63.435424578,842346902437559696,842346903174177697,139,20,34829062000000,2026-09-10T09:14:18.472542+00:00,interpolated,-670.0,689.0,-264.0
63.454312219,842346902456447337,842346903174177697,139,21,34829062000000,2026-09-10T09:14:18.472542+00:00,interpolated,-738.0,712.0,-245.0
63.47319986,842346902475334978,842346903174177697,139,22,34829062000000,2026-09-10T09:14:18.472542+00:00,interpolated,-727.0,753.0,-202.0
63.492087501,842346902494222619,842346903174177697,139,23,34829062000000,2026-09-10T09:14:18.472542+00:00,interpolated,-836.0,779.0,-204.0
63.510975142,842346902513110260,842346903174177697,139,24,34829062000000,2026-09-10T09:14:18.472542+00:00,interpolated,-826.0,750.0,-199.0
63.529862783,842346902531997901,842346903174177697,139,25,34829062000000,2026-09-10T09:14:18.472542+00:00,interpolated,-798.0,781.0,-232.0
63.548750424,842346902550885542,842346903174177697,139,26,34829062000000,2026-09-10T09:14:18.472542+00:00,interpolated,-697.0,791.0,-269.0
63.567638065,842346902569773183,842346903174177697,139,27,34829062000000,2026-09-10T09:14:18.472542+00:00,interpolated,-595.0,763.0,-166.0
63.586525706,842346902588660824,842346903174177697,139,28,34829062000000,2026-09-10T09:14:18.472542+00:00,interpolated,-595.0,854.0,-128.0
63.605413348,842346902607548466,842346903174177697,139,29,34829062000000,2026-09-10T09:14:18.472542+00:00,interpolated,-597.0,881.0,-216.0
63.624300989,842346902626436107,842346903174177697,139,30,34829062000000,2026-09-10T09:14:18.472542+00:00,interpolated,-522.0,889.0,-266.0
63.64318863,842346902645323748,842346903174177697,139,31,34829062000000,2026-09-10T09:14:18.472542+00:00,interpolated,-484.0,922.0,-207.0
63.662076271,842346902664211389,842346903174177697,139,32,34829062000000,2026-09-10T09:14:18.472542+00:00,interpolated,-418.0,947.0,-187.0
63.680963912,842346902683099030,842346903174177697,139,33,34829062000000,2026-09-10T09:14:18.472542+00:00,interpolated,-431.0,1009.0,-233.0
63.699851553,842346902701986671,842346903174177697,139,34,34829062000000,2026-09-10T09:14:18.472542+00:00,interpolated,-405.0,1045.0,-267.0
63.718739194,842346902720874312,842346903174177697,139,35,34829062000000,2026-09-10T09:14:18.472542+00:00,interpolated,-327.0,1020.0,-225.0
63.737626835,842346902739761953,842346903174177697,139,36,34829062000000,2026-09-10T09:14:18.472542+00:00,interpolated,-281.0,1022.0,-151.0
63.756514476,842346902758649594,842346903174177697,139,37,34829062000000,2026-09-10T09:14:18.472542+00:00,interpolated,-272.0,1049.0,-103.0
63.775402117,842346902777537235,842346903174177697,139,38,34829062000000,2026-09-10T09:14:18.472542+00:00,interpolated,-385.0,1054.0,3.0
63.794289758,842346902796424876,842346903174177697,139,39,34829062000000,2026-09-10T09:14:18.472542+00:00,interpolated,-231.0,1042.0,56.0
63.813177399,842346902815312517,842346903174177697,139,40,34829062000000,2026-09-10T09:14:18.472542+00:00,interpolated,-177.0,1006.0,48.0
63.83206504,842346902834200158,842346903174177697,139,41,34829062000000,2026-09-10T09:14:18.472542+00:00,interpolated,-291.0,854.0,-45.0
63.850952681,842346902853087799,842346903174177697,139,42,34829062000000,2026-09-10T09:14:18.472542+00:00,interpolated,-263.0,723.0,-236.0
63.869840322,842346902871975440,842346903174177697,139,43,34829062000000,2026-09-10T09:14:18.472542+00:00,interpolated,-317.0,618.0,-295.0
63.888727963,842346902890863081,842346903174177697,139,44,34829062000000,2026-09-10T09:14:18.472542+00:00,interpolated,-553.0,702.0,-483.0
63.907615604,842346902909750722,842346903174177697,139,45,34829062000000,2026-09-10T09:14:18.472542+00:00,interpolated,-632.0,961.0,-816.0
63.926503245,842346902928638363,842346903174177697,139,46,34829062000000,2026-09-10T09:14:18.472542+00:00,interpolated,-329.0,1023.0,-613.0
63.945390886,842346902947526004,842346903174177697,139,47,34829062000000,2026-09-10T09:14:18.472542+00:00,interpolated,-253.0,810.0,-255.0
63.964278527,842346902966413645,842346903174177697,139,48,34829062000000,2026-09-10T09:14:18.472542+00:00,interpolated,-236.0,815.0,-123.0
63.983166169,842346902985301287,842346903174177697,139,49,34829062000000,2026-09-10T09:14:18.472542+00:00,interpolated,-63.0,863.0,-155.0
64.00205381,842346903004188928,842346903174177697,139,50,34829062000000,2026-09-10T09:14:18.472542+00:00,interpolated,-65.0,834.0,-202.0
64.020941451,842346903023076569,842346903174177697,139,51,34829062000000,2026-09-10T09:14:18.472542+00:00,interpolated,-170.0,937.0,-211.0
64.039829092,842346903041964210,842346903174177697,139,52,34829062000000,2026-09-10T09:14:18.472542+00:00,interpolated,-322.0,894.0,-204.0
64.058716733,842346903060851851,842346903174177697,139,53,34829062000000,2026-09-10T09:14:18.472542+00:00,interpolated,-326.0,924.0,-162.0
64.077604374,842346903079739492,842346903174177697,139,54,34829062000000,2026-09-10T09:14:18.472542+00:00,interpolated,-125.0,1153.0,22.0
64.096492015,842346903098627133,842346903174177697,139,55,34829062000000,2026-09-10T09:14:18.472542+00:00,interpolated,-121.0,1148.0,67.0
64.115379656,842346903117514774,842346903174177697,139,56,34829062000000,2026-09-10T09:14:18.472542+00:00,interpolated,-100.0,846.0,-175.0
64.134267297,842346903136402415,842346903174177697,139,57,34829062000000,2026-09-10T09:14:18.472542+00:00,interpolated,-226.0,743.0,-268.0
64.153154938,842346903155290056,842346903174177697,139,58,34829062000000,2026-09-10T09:14:18.472542+00:00,interpolated,-262.0,784.0,-355.0
64.172042579,842346903174177697,842346903174177697,139,59,34829062000000,2026-09-10T09:14:18.472542+00:00,interpolated,-156.0,1061.0,-150.0
64.190932161,842346903193067279,842346904288663014,142,0,34830281000000,2026-09-10T09:14:19.702744+00:00,interpolated,-292.0,1012.0,-127.0
64.209821742,842346903211956860,842346904288663014,142,1,34830281000000,2026-09-10T09:14:19.702744+00:00,interpolated,-295.0,989.0,-192.0
64.228711324,842346903230846442,842346904288663014,142,2,34830281000000,2026-09-10T09:14:19.702744+00:00,interpolated,-254.0,905.0,-272.0
64.247600906,842346903249736024,842346904288663014,142,3,34830281000000,2026-09-10T09:14:19.702744+00:00,interpolated,-512.0,955.0,-140.0
64.266490487,842346903268625605,842346904288663014,142,4,34830281000000,2026-09-10T09:14:19.702744+00:00,interpolated,-560.0,808.0,-235.0
64.285380069,842346903287515187,842346904288663014,142,5,34830281000000,2026-09-10T09:14:19.702744+00:00,interpolated,-428.0,903.0,-367.0
64.304269651,842346903306404769,842346904288663014,142,6,34830281000000,2026-09-10T09:14:19.702744+00:00,interpolated,-391.0,932.0,-303.0
64.323159232,842346903325294350,842346904288663014,142,7,34830281000000,2026-09-10T09:14:19.702744+00:00,interpolated,-462.0,732.0,-286.0
64.342048814,842346903344183932,842346904288663014,142,8,34830281000000,2026-09-10T09:14:19.702744+00:00,interpolated,-768.0,953.0,-43.0
64.360938395,842346903363073513,842346904288663014,142,9,34830281000000,2026-09-10T09:14:19.702744+00:00,interpolated,-899.0,862.0,-123.0
64.379827977,842346903381963095,842346904288663014,142,10,34830281000000,2026-09-10T09:14:19.702744+00:00,interpolated,-958.0,605.0,-274.0
64.398717559,842346903400852677,842346904288663014,142,11,34830281000000,2026-09-10T09:14:19.702744+00:00,interpolated,-1046.0,522.0,-254.0
64.41760714,842346903419742258,842346904288663014,142,12,34830281000000,2026-09-10T09:14:19.702744+00:00,interpolated,-1021.0,594.0,-242.0
64.436496722,842346903438631840,842346904288663014,142,13,34830281000000,2026-09-10T09:14:19.702744+00:00,interpolated,-1035.0,527.0,-395.0
64.455386304,842346903457521422,842346904288663014,142,14,34830281000000,2026-09-10T09:14:19.702744+00:00,interpolated,-844.0,540.0,-443.0
64.474275885,842346903476411003,842346904288663014,142,15,34830281000000,2026-09-10T09:14:19.702744+00:00,interpolated,-740.0,604.0,-446.0
64.493165467,842346903495300585,842346904288663014,142,16,34830281000000,2026-09-10T09:14:19.702744+00:00,interpolated,-885.0,469.0,-392.0
64.512055049,842346903514190167,842346904288663014,142,17,34830281000000,2026-09-10T09:14:19.702744+00:00,interpolated,-1029.0,425.0,-190.0
64.53094463,842346903533079748,842346904288663014,142,18,34830281000000,2026-09-10T09:14:19.702744+00:00,interpolated,-1275.0,625.0,-141.0
64.549834212,842346903551969330,842346904288663014,142,19,34830281000000,2026-09-10T09:14:19.702744+00:00,interpolated,-1343.0,589.0,-249.0
64.568723794,842346903570858912,842346904288663014,142,20,34830281000000,2026-09-10T09:14:19.702744+00:00,interpolated,-1199.0,505.0,-302.0
64.587613375,842346903589748493,842346904288663014,142,21,34830281000000,2026-09-10T09:14:19.702744+00:00,interpolated,-1005.0,522.0,-233.0
64.606502957,842346903608638075,842346904288663014,142,22,34830281000000,2026-09-10T09:14:19.702744+00:00,interpolated,-1068.0,435.0,-239.0
64.625392538,842346903627527656,842346904288663014,142,23,34830281000000,2026-09-10T09:14:19.702744+00:00,interpolated,-1075.0,496.0,-290.0
64.64428212,842346903646417238,842346904288663014,142,24,34830281000000,2026-09-10T09:14:19.702744+00:00,interpolated,-1004.0,514.0,-347.0
64.663171702,842346903665306820,842346904288663014,142,25,34830281000000,2026-09-10T09:14:19.702744+00:00,interpolated,-965.0,449.0,-324.0
64.682061283,842346903684196401,842346904288663014,142,26,34830281000000,2026-09-10T09:14:19.702744+00:00,interpolated,-962.0,445.0,-315.0
64.700950865,842346903703085983,842346904288663014,142,27,34830281000000,2026-09-10T09:14:19.702744+00:00,interpolated,-996.0,527.0,-310.0
64.719840447,842346903721975565,842346904288663014,142,28,34830281000000,2026-09-10T09:14:19.702744+00:00,interpolated,-911.0,532.0,-306.0
64.738730028,842346903740865146,842346904288663014,142,29,34830281000000,2026-09-10T09:14:19.702744+00:00,interpolated,-800.0,604.0,-369.0
64.75761961,842346903759754728,842346904288663014,142,30,34830281000000,2026-09-10T09:14:19.702744+00:00,interpolated,-843.0,470.0,-309.0
64.776509192,842346903778644310,842346904288663014,142,31,34830281000000,2026-09-10T09:14:19.702744+00:00,interpolated,-879.0,367.0,-246.0
64.795398773,842346903797533891,842346904288663014,142,32,34830281000000,2026-09-10T09:14:19.702744+00:00,interpolated,-967.0,427.0,-235.0
64.814288355,842346903816423473,842346904288663014,142,33,34830281000000,2026-09-10T09:14:19.702744+00:00,interpolated,-964.0,490.0,-236.0
64.833177937,842346903835313055,842346904288663014,142,34,34830281000000,2026-09-10T09:14:19.702744+00:00,interpolated,-920.0,534.0,-339.0
64.852067518,842346903854202636,842346904288663014,142,35,34830281000000,2026-09-10T09:14:19.702744+00:00,interpolated,-752.0,522.0,-369.0
64.8709571,842346903873092218,842346904288663014,142,36,34830281000000,2026-09-10T09:14:19.702744+00:00,interpolated,-762.0,578.0,-322.0
64.889846681,842346903891981799,842346904288663014,142,37,34830281000000,2026-09-10T09:14:19.702744+00:00,interpolated,-752.0,704.0,-269.0
64.908736263,842346903910871381,842346904288663014,142,38,34830281000000,2026-09-10T09:14:19.702744+00:00,interpolated,-810.0,786.0,-278.0
64.927625845,842346903929760963,842346904288663014,142,39,34830281000000,2026-09-10T09:14:19.702744+00:00,interpolated,-803.0,829.0,-297.0
64.946515426,842346903948650544,842346904288663014,142,40,34830281000000,2026-09-10T09:14:19.702744+00:00,interpolated,-734.0,802.0,-323.0
64.965405008,842346903967540126,842346904288663014,142,41,34830281000000,2026-09-10T09:14:19.702744+00:00,interpolated,-686.0,749.0,-287.0
64.98429459,842346903986429708,842346904288663014,142,42,34830281000000,2026-09-10T09:14:19.702744+00:00,interpolated,-672.0,736.0,-256.0
65.003184171,842346904005319289,842346904288663014,142,43,34830281000000,2026-09-10T09:14:19.702744+00:00,interpolated,-604.0,760.0,-223.0
65.022073753,842346904024208871,842346904288663014,142,44,34830281000000,2026-09-10T09:14:19.702744+00:00,interpolated,-640.0,824.0,-258.0
65.040963335,842346904043098453,842346904288663014,142,45,34830281000000,2026-09-10T09:14:19.702744+00:00,interpolated,-658.0,883.0,-289.0
65.059852916,842346904061988034,842346904288663014,142,46,34830281000000,2026-09-10T09:14:19.702744+00:00,interpolated,-628.0,835.0,-262.0
65.078742498,842346904080877616,842346904288663014,142,47,34830281000000,2026-09-10T09:14:19.702744+00:00,interpolated,-577.0,820.0,-192.0
65.09763208,842346904099767198,842346904288663014,142,48,34830281000000,2026-09-10T09:14:19.702744+00:00,interpolated,-585.0,891.0,-149.0
65.116521661,842346904118656779,842346904288663014,142,49,34830281000000,2026-09-10T09:14:19.702744+00:00,interpolated,-632.0,915.0,-174.0
65.135411243,842346904137546361,842346904288663014,142,50,34830281000000,2026-09-10T09:14:19.702744+00:00,interpolated,-608.0,869.0,-163.0
65.154300824,842346904156435942,842346904288663014,142,51,34830281000000,2026-09-10T09:14:19.702744+00:00,interpolated,-495.0,921.0,-220.0
65.173190406,842346904175325524,842346904288663014,142,52,34830281000000,2026-09-10T09:14:19.702744+00:00,interpolated,-419.0,966.0,-195.0
65.192079988,842346904194215106,842346904288663014,142,53,34830281000000,2026-09-10T09:14:19.702744+00:00,interpolated,-359.0,991.0,-80.0
65.210969569,842346904213104687,842346904288663014,142,54,34830281000000,2026-09-10T09:14:19.702744+00:00,interpolated,-385.0,1029.0,-79.0
65.229859151,842346904231994269,842346904288663014,142,55,34830281000000,2026-09-10T09:14:19.702744+00:00,interpolated,-410.0,1020.0,-93.0
65.248748733,842346904250883851,842346904288663014,142,56,34830281000000,2026-09-10T09:14:19.702744+00:00,interpolated,-364.0,1029.0,-91.0
65.267638314,842346904269773432,842346904288663014,142,57,34830281000000,2026-09-10T09:14:19.702744+00:00,interpolated,-270.0,1022.0,7.0
65.286527896,842346904288663014,842346904288663014,142,58,34830281000000,2026-09-10T09:14:19.702744+00:00,interpolated,-184.0,1002.0,22.0
65.305416402,842346904307551520,842346905233088300,145,0,34830953000000,2026-09-10T09:14:20.363893+00:00,interpolated,-182.0,992.0,5.0
65.324304907,842346904326440025,842346905233088300,145,1,34830953000000,2026-09-10T09:14:20.363893+00:00,interpolated,-160.0,881.0,-51.0
65.343193413,842346904345328531,842346905233088300,145,2,34830953000000,2026-09-10T09:14:20.363893+00:00,interpolated,-137.0,727.0,-132.0
65.362081919,842346904364217037,842346905233088300,145,3,34830953000000,2026-09-10T09:14:20.363893+00:00,interpolated,-245.0,632.0,-270.0
65.380970425,842346904383105543,842346905233088300,145,4,34830953000000,2026-09-10T09:14:20.363893+00:00,interpolated,-451.0,673.0,-527.0
65.39985893,842346904401994048,842346905233088300,145,5,34830953000000,2026-09-10T09:14:20.363893+00:00,interpolated,-529.0,954.0,-904.0
65.418747436,842346904420882554,842346905233088300,145,6,34830953000000,2026-09-10T09:14:20.363893+00:00,interpolated,-299.0,1025.0,-647.0
65.437635942,842346904439771060,842346905233088300,145,7,34830953000000,2026-09-10T09:14:20.363893+00:00,interpolated,-315.0,898.0,-308.0
65.456524447,842346904458659565,842346905233088300,145,8,34830953000000,2026-09-10T09:14:20.363893+00:00,interpolated,-309.0,928.0,-181.0
65.475412953,842346904477548071,842346905233088300,145,9,34830953000000,2026-09-10T09:14:20.363893+00:00,interpolated,-101.0,902.0,-120.0
65.494301459,842346904496436577,842346905233088300,145,10,34830953000000,2026-09-10T09:14:20.363893+00:00,interpolated,-31.0,956.0,-11.0
65.513189965,842346904515325083,842346905233088300,145,11,34830953000000,2026-09-10T09:14:20.363893+00:00,interpolated,-269.0,1034.0,-89.0
65.53207847,842346904534213588,842346905233088300,145,12,34830953000000,2026-09-10T09:14:20.363893+00:00,interpolated,-463.0,1047.0,-290.0
65.550966976,842346904553102094,842346905233088300,145,13,34830953000000,2026-09-10T09:14:20.363893+00:00,interpolated,-513.0,1036.0,-353.0
65.569855482,842346904571990600,842346905233088300,145,14,34830953000000,2026-09-10T09:14:20.363893+00:00,interpolated,-294.0,990.0,-38.0
65.588743988,842346904590879106,842346905233088300,145,15,34830953000000,2026-09-10T09:14:20.363893+00:00,interpolated,-217.0,871.0,-159.0
65.607632493,842346904609767611,842346905233088300,145,16,34830953000000,2026-09-10T09:14:20.363893+00:00,interpolated,-167.0,771.0,-265.0
65.626520999,842346904628656117,842346905233088300,145,17,34830953000000,2026-09-10T09:14:20.363893+00:00,interpolated,59.0,721.0,-440.0
65.645409505,842346904647544623,842346905233088300,145,18,34830953000000,2026-09-10T09:14:20.363893+00:00,interpolated,23.0,1016.0,243.0
65.66429801,842346904666433128,842346905233088300,145,19,34830953000000,2026-09-10T09:14:20.363893+00:00,interpolated,-266.0,937.0,-85.0
65.683186516,842346904685321634,842346905233088300,145,20,34830953000000,2026-09-10T09:14:20.363893+00:00,interpolated,-527.0,773.0,-322.0
65.702075022,842346904704210140,842346905233088300,145,21,34830953000000,2026-09-10T09:14:20.363893+00:00,interpolated,-294.0,675.0,-676.0
65.720963528,842346904723098646,842346905233088300,145,22,34830953000000,2026-09-10T09:14:20.363893+00:00,interpolated,-302.0,1002.0,103.0
65.739852033,842346904741987151,842346905233088300,145,23,34830953000000,2026-09-10T09:14:20.363893+00:00,interpolated,-399.0,1049.0,67.0
65.758740539,842346904760875657,842346905233088300,145,24,34830953000000,2026-09-10T09:14:20.363893+00:00,interpolated,-457.0,917.0,-358.0
65.777629045,842346904779764163,842346905233088300,145,25,34830953000000,2026-09-10T09:14:20.363893+00:00,interpolated,-399.0,861.0,-276.0
65.79651755,842346904798652668,842346905233088300,145,26,34830953000000,2026-09-10T09:14:20.363893+00:00,interpolated,-247.0,844.0,-40.0
65.815406056,842346904817541174,842346905233088300,145,27,34830953000000,2026-09-10T09:14:20.363893+00:00,interpolated,-361.0,925.0,-199.0
65.834294562,842346904836429680,842346905233088300,145,28,34830953000000,2026-09-10T09:14:20.363893+00:00,interpolated,-560.0,849.0,-449.0
65.853183068,842346904855318186,842346905233088300,145,29,34830953000000,2026-09-10T09:14:20.363893+00:00,interpolated,-677.0,868.0,-470.0
65.872071573,842346904874206691,842346905233088300,145,30,34830953000000,2026-09-10T09:14:20.363893+00:00,interpolated,-622.0,839.0,-286.0
65.890960079,842346904893095197,842346905233088300,145,31,34830953000000,2026-09-10T09:14:20.363893+00:00,interpolated,-575.0,747.0,-267.0
65.909848585,842346904911983703,842346905233088300,145,32,34830953000000,2026-09-10T09:14:20.363893+00:00,interpolated,-978.0,814.0,-173.0
65.92873709,842346904930872208,842346905233088300,145,33,34830953000000,2026-09-10T09:14:20.363893+00:00,interpolated,-1104.0,629.0,-125.0
65.947625596,842346904949760714,842346905233088300,145,34,34830953000000,2026-09-10T09:14:20.363893+00:00,interpolated,-1040.0,494.0,-166.0
65.966514102,842346904968649220,842346905233088300,145,35,34830953000000,2026-09-10T09:14:20.363893+00:00,interpolated,-1018.0,584.0,-169.0
65.985402608,842346904987537726,842346905233088300,145,36,34830953000000,2026-09-10T09:14:20.363893+00:00,interpolated,-1011.0,519.0,-243.0
66.004291113,842346905006426231,842346905233088300,145,37,34830953000000,2026-09-10T09:14:20.363893+00:00,interpolated,-1008.0,460.0,-355.0
66.023179619,842346905025314737,842346905233088300,145,38,34830953000000,2026-09-10T09:14:20.363893+00:00,interpolated,-870.0,422.0,-212.0
66.042068125,842346905044203243,842346905233088300,145,39,34830953000000,2026-09-10T09:14:20.363893+00:00,interpolated,-1151.0,481.0,-16.0
66.060956631,842346905063091749,842346905233088300,145,40,34830953000000,2026-09-10T09:14:20.363893+00:00,interpolated,-1299.0,495.0,-239.0
66.079845136,842346905081980254,842346905233088300,145,41,34830953000000,2026-09-10T09:14:20.363893+00:00,interpolated,-1258.0,355.0,-338.0
66.098733642,842346905100868760,842346905233088300,145,42,34830953000000,2026-09-10T09:14:20.363893+00:00,interpolated,-1116.0,481.0,-305.0
66.117622148,842346905119757266,842346905233088300,145,43,34830953000000,2026-09-10T09:14:20.363893+00:00,interpolated,-1069.0,513.0,-336.0
66.136510653,842346905138645771,842346905233088300,145,44,34830953000000,2026-09-10T09:14:20.363893+00:00,interpolated,-1081.0,448.0,-335.0
66.155399159,842346905157534277,842346905233088300,145,45,34830953000000,2026-09-10T09:14:20.363893+00:00,interpolated,-1091.0,412.0,-205.0
66.174287665,842346905176422783,842346905233088300,145,46,34830953000000,2026-09-10T09:14:20.363893+00:00,interpolated,-1166.0,428.0,-177.0
66.193176171,842346905195311289,842346905233088300,145,47,34830953000000,2026-09-10T09:14:20.363893+00:00,interpolated,-1126.0,381.0,-257.0
66.212064676,842346905214199794,842346905233088300,145,48,34830953000000,2026-09-10T09:14:20.363893+00:00,interpolated,-1015.0,350.0,-301.0
66.230953182,842346905233088300,842346905233088300,145,49,34830953000000,2026-09-10T09:14:20.363893+00:00,interpolated,-894.0,418.0,-376.0
66.249841772,842346905251976890,842346906328626516,148,0,34832093000000,2026-09-10T09:14:21.503289+00:00,interpolated,-769.0,450.0,-421.0
66.268730362,842346905270865480,842346906328626516,148,1,34832093000000,2026-09-10T09:14:21.503289+00:00,interpolated,-729.0,463.0,-385.0
66.287618952,842346905289754070,842346906328626516,148,2,34832093000000,2026-09-10T09:14:21.503289+00:00,interpolated,-840.0,546.0,-334.0
66.306507542,842346905308642660,842346906328626516,148,3,34832093000000,2026-09-10T09:14:21.503289+00:00,interpolated,-992.0,589.0,-291.0
66.325396132,842346905327531250,842346906328626516,148,4,34832093000000,2026-09-10T09:14:21.503289+00:00,interpolated,-937.0,600.0,-330.0
66.344284722,842346905346419840,842346906328626516,148,5,34832093000000,2026-09-10T09:14:21.503289+00:00,interpolated,-926.0,620.0,-412.0
66.363173312,842346905365308430,842346906328626516,148,6,34832093000000,2026-09-10T09:14:21.503289+00:00,interpolated,-849.0,523.0,-420.0
66.382061901,842346905384197019,842346906328626516,148,7,34832093000000,2026-09-10T09:14:21.503289+00:00,interpolated,-712.0,511.0,-399.0
66.400950491,842346905403085609,842346906328626516,148,8,34832093000000,2026-09-10T09:14:21.503289+00:00,interpolated,-657.0,714.0,-449.0
66.419839081,842346905421974199,842346906328626516,148,9,34832093000000,2026-09-10T09:14:21.503289+00:00,interpolated,-607.0,835.0,-512.0
66.438727671,842346905440862789,842346906328626516,148,10,34832093000000,2026-09-10T09:14:21.503289+00:00,interpolated,-611.0,785.0,-441.0
66.457616261,842346905459751379,842346906328626516,148,11,34832093000000,2026-09-10T09:14:21.503289+00:00,interpolated,-706.0,756.0,-312.0
66.476504851,842346905478639969,842346906328626516,148,12,34832093000000,2026-09-10T09:14:21.503289+00:00,interpolated,-815.0,668.0,-293.0
66.495393441,842346905497528559,842346906328626516,148,13,34832093000000,2026-09-10T09:14:21.503289+00:00,interpolated,-896.0,635.0,-214.0
66.514282031,842346905516417149,842346906328626516,148,14,34832093000000,2026-09-10T09:14:21.503289+00:00,interpolated,-962.0,611.0,-135.0
66.533170621,842346905535305739,842346906328626516,148,15,34832093000000,2026-09-10T09:14:21.503289+00:00,interpolated,-974.0,574.0,-128.0
66.552059211,842346905554194329,842346906328626516,148,16,34832093000000,2026-09-10T09:14:21.503289+00:00,interpolated,-832.0,583.0,-96.0
66.570947801,842346905573082919,842346906328626516,148,17,34832093000000,2026-09-10T09:14:21.503289+00:00,interpolated,-699.0,642.0,-124.0
66.589836391,842346905591971509,842346906328626516,148,18,34832093000000,2026-09-10T09:14:21.503289+00:00,interpolated,-607.0,678.0,-222.0
66.608724981,842346905610860099,842346906328626516,148,19,34832093000000,2026-09-10T09:14:21.503289+00:00,interpolated,-522.0,749.0,-274.0
66.627613571,842346905629748689,842346906328626516,148,20,34832093000000,2026-09-10T09:14:21.503289+00:00,interpolated,-549.0,812.0,-221.0
66.64650216,842346905648637278,842346906328626516,148,21,34832093000000,2026-09-10T09:14:21.503289+00:00,interpolated,-662.0,846.0,-154.0
66.66539075,842346905667525868,842346906328626516,148,22,34832093000000,2026-09-10T09:14:21.503289+00:00,interpolated,-799.0,861.0,-191.0
66.68427934,842346905686414458,842346906328626516,148,23,34832093000000,2026-09-10T09:14:21.503289+00:00,interpolated,-814.0,852.0,-214.0
66.70316793,842346905705303048,842346906328626516,148,24,34832093000000,2026-09-10T09:14:21.503289+00:00,interpolated,-752.0,799.0,-183.0
66.72205652,842346905724191638,842346906328626516,148,25,34832093000000,2026-09-10T09:14:21.503289+00:00,interpolated,-613.0,780.0,-111.0
66.74094511,842346905743080228,842346906328626516,148,26,34832093000000,2026-09-10T09:14:21.503289+00:00,interpolated,-481.0,812.0,-95.0
66.7598337,842346905761968818,842346906328626516,148,27,34832093000000,2026-09-10T09:14:21.503289+00:00,interpolated,-426.0,901.0,-202.0
66.77872229,842346905780857408,842346906328626516,148,28,34832093000000,2026-09-10T09:14:21.503289+00:00,interpolated,-453.0,946.0,-202.0
66.79761088,842346905799745998,842346906328626516,148,29,34832093000000,2026-09-10T09:14:21.503289+00:00,interpolated,-439.0,978.0,-126.0
66.81649947,842346905818634588,842346906328626516,148,30,34832093000000,2026-09-10T09:14:21.503289+00:00,interpolated,-446.0,1035.0,-88.0
66.83538806,842346905837523178,842346906328626516,148,31,34832093000000,2026-09-10T09:14:21.503289+00:00,interpolated,-505.0,1020.0,-143.0
66.85427665,842346905856411768,842346906328626516,148,32,34832093000000,2026-09-10T09:14:21.503289+00:00,interpolated,-465.0,962.0,-157.0
66.87316524,842346905875300358,842346906328626516,148,33,34832093000000,2026-09-10T09:14:21.503289+00:00,interpolated,-291.0,991.0,-168.0
66.89205383,842346905894188948,842346906328626516,148,34,34832093000000,2026-09-10T09:14:21.503289+00:00,interpolated,-243.0,977.0,-84.0
66.91094242,842346905913077538,842346906328626516,148,35,34832093000000,2026-09-10T09:14:21.503289+00:00,interpolated,-168.0,1002.0,-126.0
66.929831009,842346905931966127,842346906328626516,148,36,34832093000000,2026-09-10T09:14:21.503289+00:00,interpolated,-168.0,1008.0,-251.0
66.948719599,842346905950854717,842346906328626516,148,37,34832093000000,2026-09-10T09:14:21.503289+00:00,interpolated,-93.0,1000.0,-222.0
66.967608189,842346905969743307,842346906328626516,148,38,34832093000000,2026-09-10T09:14:21.503289+00:00,interpolated,-58.0,932.0,-222.0
66.986496779,842346905988631897,842346906328626516,148,39,34832093000000,2026-09-10T09:14:21.503289+00:00,interpolated,-195.0,852.0,-220.0
67.005385369,842346906007520487,842346906328626516,148,40,34832093000000,2026-09-10T09:14:21.503289+00:00,interpolated,-270.0,838.0,-249.0
67.024273959,842346906026409077,842346906328626516,148,41,34832093000000,2026-09-10T09:14:21.503289+00:00,interpolated,-268.0,863.0,-365.0
67.043162549,842346906045297667,842346906328626516,148,42,34832093000000,2026-09-10T09:14:21.503289+00:00,interpolated,-98.0,977.0,-388.0
67.062051139,842346906064186257,842346906328626516,148,43,34832093000000,2026-09-10T09:14:21.503289+00:00,interpolated,115.0,1039.0,-284.0
67.080939729,842346906083074847,842346906328626516,148,44,34832093000000,2026-09-10T09:14:21.503289+00:00,interpolated,3.0,991.0,-168.0
67.099828319,842346906101963437,842346906328626516,148,45,34832093000000,2026-09-10T09:14:21.503289+00:00,interpolated,-259.0,958.0,-105.0
67.118716909,842346906120852027,842346906328626516,148,46,34832093000000,2026-09-10T09:14:21.503289+00:00,interpolated,-395.0,1001.0,-72.0
67.137605499,842346906139740617,842346906328626516,148,47,34832093000000,2026-09-10T09:14:21.503289+00:00,interpolated,-398.0,1038.0,-100.0
67.156494089,842346906158629207,842346906328626516,148,48,34832093000000,2026-09-10T09:14:21.503289+00:00,interpolated,-295.0,1047.0,-42.0
67.175382679,842346906177517797,842346906328626516,148,49,34832093000000,2026-09-10T09:14:21.503289+00:00,interpolated,-304.0,968.0,-59.0
67.194271268,842346906196406386,842346906328626516,148,50,34832093000000,2026-09-10T09:14:21.503289+00:00,interpolated,-308.0,971.0,-111.0
67.213159858,842346906215294976,842346906328626516,148,51,34832093000000,2026-09-10T09:14:21.503289+00:00,interpolated,-298.0,1026.0,-175.0
67.232048448,842346906234183566,842346906328626516,148,52,34832093000000,2026-09-10T09:14:21.503289+00:00,interpolated,-274.0,1023.0,-175.0
67.250937038,842346906253072156,842346906328626516,148,53,34832093000000,2026-09-10T09:14:21.503289+00:00,interpolated,-191.0,981.0,-215.0
67.269825628,842346906271960746,842346906328626516,148,54,34832093000000,2026-09-10T09:14:21.503289+00:00,interpolated,-68.0,1015.0,-181.0
67.288714218,842346906290849336,842346906328626516,148,55,34832093000000,2026-09-10T09:14:21.503289+00:00,interpolated,-60.0,1016.0,-184.0
67.307602808,842346906309737926,842346906328626516,148,56,34832093000000,2026-09-10T09:14:21.503289+00:00,interpolated,-111.0,996.0,-211.0
67.326491398,842346906328626516,842346906328626516,148,57,34832093000000,2026-09-10T09:14:21.503289+00:00,interpolated,-119.0,1016.0,-196.0
67.345379845,842346906347514963,842346907405267986,151,0,34833203000000,2026-09-10T09:14:22.613060+00:00,interpolated,-113.0,1017.0,-189.0
67.364268292,842346906366403410,842346907405267986,151,1,34833203000000,2026-09-10T09:14:22.613060+00:00,interpolated,-116.0,1022.0,-156.0
67.383156739,842346906385291857,842346907405267986,151,2,34833203000000,2026-09-10T09:14:22.613060+00:00,interpolated,-144.0,1008.0,-219.0
67.402045185,842346906404180303,842346907405267986,151,3,34833203000000,2026-09-10T09:14:22.613060+00:00,interpolated,-36.0,1022.0,-264.0
67.420933632,842346906423068750,842346907405267986,151,4,34833203000000,2026-09-10T09:14:22.613060+00:00,interpolated,25.0,1024.0,-243.0
67.439822079,842346906441957197,842346907405267986,151,5,34833203000000,2026-09-10T09:14:22.613060+00:00,interpolated,-32.0,1008.0,-211.0
67.458710526,842346906460845644,842346907405267986,151,6,34833203000000,2026-09-10T09:14:22.613060+00:00,interpolated,-222.0,958.0,-104.0
67.477598973,842346906479734091,842346907405267986,151,7,34833203000000,2026-09-10T09:14:22.613060+00:00,interpolated,-291.0,992.0,11.0
67.49648742,842346906498622538,842346907405267986,151,8,34833203000000,2026-09-10T09:14:22.613060+00:00,interpolated,-205.0,1052.0,14.0
67.515375866,842346906517510984,842346907405267986,151,9,34833203000000,2026-09-10T09:14:22.613060+00:00,interpolated,88.0,1063.0,58.0
67.534264313,842346906536399431,842346907405267986,151,10,34833203000000,2026-09-10T09:14:22.613060+00:00,interpolated,359.0,1092.0,38.0
67.55315276,842346906555287878,842346907405267986,151,11,34833203000000,2026-09-10T09:14:22.613060+00:00,interpolated,318.0,1148.0,-16.0
67.572041207,842346906574176325,842346907405267986,151,12,34833203000000,2026-09-10T09:14:22.613060+00:00,interpolated,251.0,1104.0,-219.0
67.590929654,842346906593064772,842346907405267986,151,13,34833203000000,2026-09-10T09:14:22.613060+00:00,interpolated,186.0,1110.0,-377.0
67.609818101,842346906611953219,842346907405267986,151,14,34833203000000,2026-09-10T09:14:22.613060+00:00,interpolated,279.0,1087.0,-344.0
67.628706547,842346906630841665,842346907405267986,151,15,34833203000000,2026-09-10T09:14:22.613060+00:00,interpolated,163.0,1108.0,-257.0
67.647594994,842346906649730112,842346907405267986,151,16,34833203000000,2026-09-10T09:14:22.613060+00:00,interpolated,43.0,1082.0,-115.0
67.666483441,842346906668618559,842346907405267986,151,17,34833203000000,2026-09-10T09:14:22.613060+00:00,interpolated,-101.0,1166.0,-100.0
67.685371888,842346906687507006,842346907405267986,151,18,34833203000000,2026-09-10T09:14:22.613060+00:00,interpolated,-190.0,1320.0,-237.0
67.704260335,842346906706395453,842346907405267986,151,19,34833203000000,2026-09-10T09:14:22.613060+00:00,interpolated,-78.0,1445.0,-524.0
67.723148782,842346906725283900,842346907405267986,151,20,34833203000000,2026-09-10T09:14:22.613060+00:00,interpolated,107.0,1603.0,-676.0
67.742037229,842346906744172347,842346907405267986,151,21,34833203000000,2026-09-10T09:14:22.613060+00:00,interpolated,159.0,1565.0,-520.0
67.760925675,842346906763060793,842346907405267986,151,22,34833203000000,2026-09-10T09:14:22.613060+00:00,interpolated,57.0,1504.0,-369.0
67.779814122,842346906781949240,842346907405267986,151,23,34833203000000,2026-09-10T09:14:22.613060+00:00,interpolated,-15.0,1449.0,-382.0
67.798702569,842346906800837687,842346907405267986,151,24,34833203000000,2026-09-10T09:14:22.613060+00:00,interpolated,53.0,1446.0,-497.0
67.817591016,842346906819726134,842346907405267986,151,25,34833203000000,2026-09-10T09:14:22.613060+00:00,interpolated,-14.0,1460.0,-370.0
67.836479463,842346906838614581,842346907405267986,151,26,34833203000000,2026-09-10T09:14:22.613060+00:00,interpolated,-130.0,1375.0,-338.0
67.85536791,842346906857503028,842346907405267986,151,27,34833203000000,2026-09-10T09:14:22.613060+00:00,interpolated,-149.0,1355.0,-113.0
67.874256356,842346906876391474,842346907405267986,151,28,34833203000000,2026-09-10T09:14:22.613060+00:00,interpolated,-364.0,1225.0,59.0
67.893144803,842346906895279921,842346907405267986,151,29,34833203000000,2026-09-10T09:14:22.613060+00:00,interpolated,-568.0,1106.0,-63.0
67.91203325,842346906914168368,842346907405267986,151,30,34833203000000,2026-09-10T09:14:22.613060+00:00,interpolated,-729.0,1107.0,-155.0
67.930921697,842346906933056815,842346907405267986,151,31,34833203000000,2026-09-10T09:14:22.613060+00:00,interpolated,-901.0,1098.0,-313.0
67.949810144,842346906951945262,842346907405267986,151,32,34833203000000,2026-09-10T09:14:22.613060+00:00,interpolated,-856.0,1064.0,-401.0
67.968698591,842346906970833709,842346907405267986,151,33,34833203000000,2026-09-10T09:14:22.613060+00:00,interpolated,-723.0,1076.0,-427.0
67.987587037,842346906989722155,842346907405267986,151,34,34833203000000,2026-09-10T09:14:22.613060+00:00,interpolated,-578.0,1121.0,-479.0
68.006475484,842346907008610602,842346907405267986,151,35,34833203000000,2026-09-10T09:14:22.613060+00:00,interpolated,-472.0,1154.0,-514.0
68.025363931,842346907027499049,842346907405267986,151,36,34833203000000,2026-09-10T09:14:22.613060+00:00,interpolated,-415.0,1187.0,-510.0
68.044252378,842346907046387496,842346907405267986,151,37,34833203000000,2026-09-10T09:14:22.613060+00:00,interpolated,-408.0,1134.0,-495.0
68.063140825,842346907065275943,842346907405267986,151,38,34833203000000,2026-09-10T09:14:22.613060+00:00,interpolated,-414.0,1053.0,-419.0
68.082029272,842346907084164390,842346907405267986,151,39,34833203000000,2026-09-10T09:14:22.613060+00:00,interpolated,-357.0,1014.0,-345.0
68.100917719,842346907103052837,842346907405267986,151,40,34833203000000,2026-09-10T09:14:22.613060+00:00,interpolated,-310.0,916.0,-243.0
68.119806165,842346907121941283,842346907405267986,151,41,34833203000000,2026-09-10T09:14:22.613060+00:00,interpolated,-280.0,819.0,-166.0
68.138694612,842346907140829730,842346907405267986,151,42,34833203000000,2026-09-10T09:14:22.613060+00:00,interpolated,-240.0,786.0,-177.0
68.157583059,842346907159718177,842346907405267986,151,43,34833203000000,2026-09-10T09:14:22.613060+00:00,interpolated,-193.0,770.0,-282.0
68.176471506,842346907178606624,842346907405267986,151,44,34833203000000,2026-09-10T09:14:22.613060+00:00,interpolated,-96.0,763.0,-369.0
68.195359953,842346907197495071,842346907405267986,151,45,34833203000000,2026-09-10T09:14:22.613060+00:00,interpolated,52.0,743.0,-432.0
68.2142484,842346907216383518,842346907405267986,151,46,34833203000000,2026-09-10T09:14:22.613060+00:00,interpolated,156.0,664.0,-486.0
68.233136846,842346907235271964,842346907405267986,151,47,34833203000000,2026-09-10T09:14:22.613060+00:00,interpolated,150.0,580.0,-534.0
68.252025293,842346907254160411,842346907405267986,151,48,34833203000000,2026-09-10T09:14:22.613060+00:00,interpolated,73.0,579.0,-564.0
68.27091374,842346907273048858,842346907405267986,151,49,34833203000000,2026-09-10T09:14:22.613060+00:00,interpolated,2.0,536.0,-562.0
68.289802187,842346907291937305,842346907405267986,151,50,34833203000000,2026-09-10T09:14:22.613060+00:00,interpolated,-66.0,465.0,-519.0
68.308690634,842346907310825752,842346907405267986,151,51,34833203000000,2026-09-10T09:14:22.613060+00:00,interpolated,-94.0,385.0,-467.0
68.327579081,842346907329714199,842346907405267986,151,52,34833203000000,2026-09-10T09:14:22.613060+00:00,interpolated,-98.0,319.0,-391.0
68.346467527,842346907348602645,842346907405267986,151,53,34833203000000,2026-09-10T09:14:22.613060+00:00,interpolated,-125.0,297.0,-310.0
68.365355974,842346907367491092,842346907405267986,151,54,34833203000000,2026-09-10T09:14:22.613060+00:00,interpolated,-154.0,283.0,-262.0
68.384244421,842346907386379539,842346907405267986,151,55,34833203000000,2026-09-10T09:14:22.613060+00:00,interpolated,-163.0,257.0,-262.0
68.403132868,842346907405267986,842346907405267986,151,56,34833203000000,2026-09-10T09:14:22.613060+00:00,interpolated,-118.0,276.0,-315.0
68.422021475,842346907424156593,842346908538584434,154,0,34834343000000,2026-09-10T09:14:23.752575+00:00,interpolated,-11.0,387.0,-362.0
68.440910083,842346907443045201,842346908538584434,154,1,34834343000000,2026-09-10T09:14:23.752575+00:00,interpolated,72.0,535.0,-441.0
68.45979869,842346907461933808,842346908538584434,154,2,34834343000000,2026-09-10T09:14:23.752575+00:00,interpolated,90.0,648.0,-574.0
68.478687298,842346907480822416,842346908538584434,154,3,34834343000000,2026-09-10T09:14:23.752575+00:00,interpolated,124.0,742.0,-739.0
68.497575905,842346907499711023,842346908538584434,154,4,34834343000000,2026-09-10T09:14:23.752575+00:00,interpolated,255.0,865.0,-961.0
68.516464513,842346907518599631,842346908538584434,154,5,34834343000000,2026-09-10T09:14:23.752575+00:00,interpolated,349.0,1016.0,-1181.0
68.53535312,842346907537488238,842346908538584434,154,6,34834343000000,2026-09-10T09:14:23.752575+00:00,interpolated,448.0,1048.0,-1264.0
68.554241728,842346907556376846,842346908538584434,154,7,34834343000000,2026-09-10T09:14:23.752575+00:00,interpolated,389.0,992.0,-1167.0
68.573130335,842346907575265453,842346908538584434,154,8,34834343000000,2026-09-10T09:14:23.752575+00:00,interpolated,115.0,1014.0,-1109.0
68.592018943,842346907594154061,842346908538584434,154,9,34834343000000,2026-09-10T09:14:23.752575+00:00,interpolated,-38.0,968.0,-899.0
68.61090755,842346907613042668,842346908538584434,154,10,34834343000000,2026-09-10T09:14:23.752575+00:00,interpolated,-143.0,782.0,-753.0
68.629796158,842346907631931276,842346908538584434,154,11,34834343000000,2026-09-10T09:14:23.752575+00:00,interpolated,-366.0,669.0,-557.0
68.648684765,842346907650819883,842346908538584434,154,12,34834343000000,2026-09-10T09:14:23.752575+00:00,interpolated,-612.0,753.0,-294.0
68.667573373,842346907669708491,842346908538584434,154,13,34834343000000,2026-09-10T09:14:23.752575+00:00,interpolated,-766.0,798.0,-300.0
68.68646198,842346907688597098,842346908538584434,154,14,34834343000000,2026-09-10T09:14:23.752575+00:00,interpolated,-968.0,739.0,-442.0
68.705350587,842346907707485705,842346908538584434,154,15,34834343000000,2026-09-10T09:14:23.752575+00:00,interpolated,-873.0,736.0,-604.0
68.724239195,842346907726374313,842346908538584434,154,16,34834343000000,2026-09-10T09:14:23.752575+00:00,interpolated,-730.0,762.0,-687.0
68.743127802,842346907745262920,842346908538584434,154,17,34834343000000,2026-09-10T09:14:23.752575+00:00,interpolated,-524.0,815.0,-674.0
68.76201641,842346907764151528,842346908538584434,154,18,34834343000000,2026-09-10T09:14:23.752575+00:00,interpolated,-467.0,960.0,-525.0
68.780905017,842346907783040135,842346908538584434,154,19,34834343000000,2026-09-10T09:14:23.752575+00:00,interpolated,-632.0,1092.0,-409.0
68.799793625,842346907801928743,842346908538584434,154,20,34834343000000,2026-09-10T09:14:23.752575+00:00,interpolated,-805.0,1063.0,-421.0
68.818682232,842346907820817350,842346908538584434,154,21,34834343000000,2026-09-10T09:14:23.752575+00:00,interpolated,-977.0,1023.0,-395.0
68.83757084,842346907839705958,842346908538584434,154,22,34834343000000,2026-09-10T09:14:23.752575+00:00,interpolated,-1023.0,988.0,-314.0
68.856459447,842346907858594565,842346908538584434,154,23,34834343000000,2026-09-10T09:14:23.752575+00:00,interpolated,-1014.0,972.0,-307.0
68.875348055,842346907877483173,842346908538584434,154,24,34834343000000,2026-09-10T09:14:23.752575+00:00,interpolated,-985.0,1009.0,-278.0
68.894236662,842346907896371780,842346908538584434,154,25,34834343000000,2026-09-10T09:14:23.752575+00:00,interpolated,-933.0,1027.0,-219.0
68.91312527,842346907915260388,842346908538584434,154,26,34834343000000,2026-09-10T09:14:23.752575+00:00,interpolated,-894.0,954.0,-248.0
68.932013877,842346907934148995,842346908538584434,154,27,34834343000000,2026-09-10T09:14:23.752575+00:00,interpolated,-813.0,881.0,-283.0
68.950902485,842346907953037603,842346908538584434,154,28,34834343000000,2026-09-10T09:14:23.752575+00:00,interpolated,-720.0,840.0,-283.0
68.969791092,842346907971926210,842346908538584434,154,29,34834343000000,2026-09-10T09:14:23.752575+00:00,interpolated,-650.0,887.0,-266.0
68.988679699,842346907990814817,842346908538584434,154,30,34834343000000,2026-09-10T09:14:23.752575+00:00,interpolated,-596.0,900.0,-286.0
69.007568307,842346908009703425,842346908538584434,154,31,34834343000000,2026-09-10T09:14:23.752575+00:00,interpolated,-546.0,884.0,-277.0
69.026456914,842346908028592032,842346908538584434,154,32,34834343000000,2026-09-10T09:14:23.752575+00:00,interpolated,-533.0,895.0,-247.0
69.045345522,842346908047480640,842346908538584434,154,33,34834343000000,2026-09-10T09:14:23.752575+00:00,interpolated,-548.0,896.0,-224.0
69.064234129,842346908066369247,842346908538584434,154,34,34834343000000,2026-09-10T09:14:23.752575+00:00,interpolated,-530.0,951.0,-202.0
69.083122737,842346908085257855,842346908538584434,154,35,34834343000000,2026-09-10T09:14:23.752575+00:00,interpolated,-487.0,1059.0,-184.0
69.102011344,842346908104146462,842346908538584434,154,36,34834343000000,2026-09-10T09:14:23.752575+00:00,interpolated,-437.0,1130.0,-181.0
69.120899952,842346908123035070,842346908538584434,154,37,34834343000000,2026-09-10T09:14:23.752575+00:00,interpolated,-388.0,1150.0,-194.0
69.139788559,842346908141923677,842346908538584434,154,38,34834343000000,2026-09-10T09:14:23.752575+00:00,interpolated,-367.0,1089.0,-204.0
69.158677167,842346908160812285,842346908538584434,154,39,34834343000000,2026-09-10T09:14:23.752575+00:00,interpolated,-358.0,1032.0,-213.0
69.177565774,842346908179700892,842346908538584434,154,40,34834343000000,2026-09-10T09:14:23.752575+00:00,interpolated,-340.0,979.0,-227.0
69.196454382,842346908198589500,842346908538584434,154,41,34834343000000,2026-09-10T09:14:23.752575+00:00,interpolated,-299.0,926.0,-231.0
69.215342989,842346908217478107,842346908538584434,154,42,34834343000000,2026-09-10T09:14:23.752575+00:00,interpolated,-261.0,913.0,-216.0
69.234231597,842346908236366715,842346908538584434,154,43,34834343000000,2026-09-10T09:14:23.752575+00:00,interpolated,-232.0,881.0,-201.0
69.253120204,842346908255255322,842346908538584434,154,44,34834343000000,2026-09-10T09:14:23.752575+00:00,interpolated,-213.0,818.0,-195.0
69.272008811,842346908274143929,842346908538584434,154,45,34834343000000,2026-09-10T09:14:23.752575+00:00,interpolated,-214.0,800.0,-190.0
69.290897419,842346908293032537,842346908538584434,154,46,34834343000000,2026-09-10T09:14:23.752575+00:00,interpolated,-223.0,769.0,-186.0
69.309786026,842346908311921144,842346908538584434,154,47,34834343000000,2026-09-10T09:14:23.752575+00:00,interpolated,-232.0,770.0,-173.0
69.328674634,842346908330809752,842346908538584434,154,48,34834343000000,2026-09-10T09:14:23.752575+00:00,interpolated,-247.0,747.0,-171.0
69.347563241,842346908349698359,842346908538584434,154,49,34834343000000,2026-09-10T09:14:23.752575+00:00,interpolated,-257.0,714.0,-172.0
69.366451849,842346908368586967,842346908538584434,154,50,34834343000000,2026-09-10T09:14:23.752575+00:00,interpolated,-277.0,679.0,-187.0
69.385340456,842346908387475574,842346908538584434,154,51,34834343000000,2026-09-10T09:14:23.752575+00:00,interpolated,-295.0,696.0,-184.0
69.404229064,842346908406364182,842346908538584434,154,52,34834343000000,2026-09-10T09:14:23.752575+00:00,interpolated,-336.0,738.0,-171.0
69.423117671,842346908425252789,842346908538584434,154,53,34834343000000,2026-09-10T09:14:23.752575+00:00,interpolated,-404.0,805.0,-136.0
69.442006279,842346908444141397,842346908538584434,154,54,34834343000000,2026-09-10T09:14:23.752575+00:00,interpolated,-474.0,891.0,-97.0
69.460894886,842346908463030004,842346908538584434,154,55,34834343000000,2026-09-10T09:14:23.752575+00:00,interpolated,-559.0,985.0,-48.0
69.479783494,842346908481918612,842346908538584434,154,56,34834343000000,2026-09-10T09:14:23.752575+00:00,interpolated,-629.0,1007.0,-66.0
69.498672101,842346908500807219,842346908538584434,154,57,34834343000000,2026-09-10T09:14:23.752575+00:00,interpolated,-645.0,1026.0,-51.0
69.517560709,842346908519695827,842346908538584434,154,58,34834343000000,2026-09-10T09:14:23.752575+00:00,interpolated,-581.0,990.0,-82.0
69.536449316,842346908538584434,842346908538584434,154,59,34834343000000,2026-09-10T09:14:23.752575+00:00,interpolated,-472.0,1023.0,-158.0
69.555338037,842346908557473155,842346909634130280,157,0,34835515000000,2026-09-10T09:14:24.922875+00:00,interpolated,-345.0,1094.0,-246.0
69.574226759,842346908576361877,842346909634130280,157,1,34835515000000,2026-09-10T09:14:24.922875+00:00,interpolated,-212.0,1153.0,-388.0
69.59311548,842346908595250598,842346909634130280,157,2,34835515000000,2026-09-10T09:14:24.922875+00:00,interpolated,-88.0,1133.0,-543.0
69.612004202,842346908614139320,842346909634130280,157,3,34835515000000,2026-09-10T09:14:24.922875+00:00,interpolated,25.0,1071.0,-675.0
69.630892923,842346908633028041,842346909634130280,157,4,34835515000000,2026-09-10T09:14:24.922875+00:00,interpolated,26.0,1024.0,-724.0
69.649781645,842346908651916763,842346909634130280,157,5,34835515000000,2026-09-10T09:14:24.922875+00:00,interpolated,-102.0,918.0,-724.0
69.668670366,842346908670805484,842346909634130280,157,6,34835515000000,2026-09-10T09:14:24.922875+00:00,interpolated,-173.0,774.0,-642.0
69.687559088,842346908689694206,842346909634130280,157,7,34835515000000,2026-09-10T09:14:24.922875+00:00,interpolated,-148.0,682.0,-588.0
69.706447809,842346908708582927,842346909634130280,157,8,34835515000000,2026-09-10T09:14:24.922875+00:00,interpolated,-109.0,643.0,-515.0
69.725336531,842346908727471649,842346909634130280,157,9,34835515000000,2026-09-10T09:14:24.922875+00:00,interpolated,-82.0,651.0,-464.0
69.744225252,842346908746360370,842346909634130280,157,10,34835515000000,2026-09-10T09:14:24.922875+00:00,interpolated,-40.0,668.0,-420.0
69.763113974,842346908765249092,842346909634130280,157,11,34835515000000,2026-09-10T09:14:24.922875+00:00,interpolated,0.0,675.0,-395.0
69.782002695,842346908784137813,842346909634130280,157,12,34835515000000,2026-09-10T09:14:24.922875+00:00,interpolated,14.0,695.0,-369.0
69.800891417,842346908803026535,842346909634130280,157,13,34835515000000,2026-09-10T09:14:24.922875+00:00,interpolated,-22.0,702.0,-341.0
69.819780138,842346908821915256,842346909634130280,157,14,34835515000000,2026-09-10T09:14:24.922875+00:00,interpolated,-98.0,723.0,-322.0
69.83866886,842346908840803978,842346909634130280,157,15,34835515000000,2026-09-10T09:14:24.922875+00:00,interpolated,-149.0,752.0,-315.0
69.857557581,842346908859692699,842346909634130280,157,16,34835515000000,2026-09-10T09:14:24.922875+00:00,interpolated,-161.0,763.0,-341.0
69.876446303,842346908878581421,842346909634130280,157,17,34835515000000,2026-09-10T09:14:24.922875+00:00,interpolated,-146.0,791.0,-353.0
69.895335024,842346908897470142,842346909634130280,157,18,34835515000000,2026-09-10T09:14:24.922875+00:00,interpolated,-109.0,804.0,-370.0
69.914223746,842346908916358864,842346909634130280,157,19,34835515000000,2026-09-10T09:14:24.922875+00:00,interpolated,-59.0,817.0,-386.0
69.933112467,842346908935247585,842346909634130280,157,20,34835515000000,2026-09-10T09:14:24.922875+00:00,interpolated,-25.0,826.0,-394.0
69.952001189,842346908954136307,842346909634130280,157,21,34835515000000,2026-09-10T09:14:24.922875+00:00,interpolated,-8.0,848.0,-405.0
69.97088991,842346908973025028,842346909634130280,157,22,34835515000000,2026-09-10T09:14:24.922875+00:00,interpolated,-19.0,872.0,-407.0
69.989778632,842346908991913750,842346909634130280,157,23,34835515000000,2026-09-10T09:14:24.922875+00:00,interpolated,-24.0,898.0,-403.0
70.008667353,842346909010802471,842346909634130280,157,24,34835515000000,2026-09-10T09:14:24.922875+00:00,interpolated,-31.0,913.0,-385.0
70.027556075,842346909029691193,842346909634130280,157,25,34835515000000,2026-09-10T09:14:24.922875+00:00,interpolated,-12.0,899.0,-377.0
70.046444796,842346909048579914,842346909634130280,157,26,34835515000000,2026-09-10T09:14:24.922875+00:00,interpolated,12.0,862.0,-381.0
70.065333518,842346909067468636,842346909634130280,157,27,34835515000000,2026-09-10T09:14:24.922875+00:00,interpolated,43.0,850.0,-384.0
70.084222239,842346909086357357,842346909634130280,157,28,34835515000000,2026-09-10T09:14:24.922875+00:00,interpolated,61.0,879.0,-372.0
70.10311096,842346909105246078,842346909634130280,157,29,34835515000000,2026-09-10T09:14:24.922875+00:00,interpolated,66.0,942.0,-338.0
70.121999682,842346909124134800,842346909634130280,157,30,34835515000000,2026-09-10T09:14:24.922875+00:00,interpolated,35.0,1046.0,-294.0
70.140888403,842346909143023521,842346909634130280,157,31,34835515000000,2026-09-10T09:14:24.922875+00:00,interpolated,13.0,1208.0,-226.0
70.159777125,842346909161912243,842346909634130280,157,32,34835515000000,2026-09-10T09:14:24.922875+00:00,interpolated,2.0,1297.0,-216.0
70.178665846,842346909180800964,842346909634130280,157,33,34835515000000,2026-09-10T09:14:24.922875+00:00,interpolated,-6.0,1380.0,-198.0
70.197554568,842346909199689686,842346909634130280,157,34,34835515000000,2026-09-10T09:14:24.922875+00:00,interpolated,-82.0,1460.0,-149.0
70.216443289,842346909218578407,842346909634130280,157,35,34835515000000,2026-09-10T09:14:24.922875+00:00,interpolated,-184.0,1370.0,-161.0
70.235332011,842346909237467129,842346909634130280,157,36,34835515000000,2026-09-10T09:14:24.922875+00:00,interpolated,-309.0,1222.0,-159.0
70.254220732,842346909256355850,842346909634130280,157,37,34835515000000,2026-09-10T09:14:24.922875+00:00,interpolated,-367.0,1152.0,-117.0
70.273109454,842346909275244572,842346909634130280,157,38,34835515000000,2026-09-10T09:14:24.922875+00:00,interpolated,-429.0,1176.0,-22.0
70.291998175,842346909294133293,842346909634130280,157,39,34835515000000,2026-09-10T09:14:24.922875+00:00,interpolated,-458.0,1218.0,6.0
70.310886897,842346909313022015,842346909634130280,157,40,34835515000000,2026-09-10T09:14:24.922875+00:00,interpolated,-467.0,1226.0,-13.0
70.329775618,842346909331910736,842346909634130280,157,41,34835515000000,2026-09-10T09:14:24.922875+00:00,interpolated,-429.0,1174.0,-52.0
70.34866434,842346909350799458,842346909634130280,157,42,34835515000000,2026-09-10T09:14:24.922875+00:00,interpolated,-346.0,1093.0,-84.0
70.367553061,842346909369688179,842346909634130280,157,43,34835515000000,2026-09-10T09:14:24.922875+00:00,interpolated,-278.0,1028.0,-93.0
70.386441783,842346909388576901,842346909634130280,157,44,34835515000000,2026-09-10T09:14:24.922875+00:00,interpolated,-231.0,966.0,-85.0
70.405330504,842346909407465622,842346909634130280,157,45,34835515000000,2026-09-10T09:14:24.922875+00:00,interpolated,-198.0,941.0,-72.0
70.424219226,842346909426354344,842346909634130280,157,46,34835515000000,2026-09-10T09:14:24.922875+00:00,interpolated,-166.0,934.0,-87.0
70.443107947,842346909445243065,842346909634130280,157,47,34835515000000,2026-09-10T09:14:24.922875+00:00,interpolated,-132.0,953.0,-73.0
70.461996669,842346909464131787,842346909634130280,157,48,34835515000000,2026-09-10T09:14:24.922875+00:00,interpolated,-117.0,950.0,-63.0
70.48088539,842346909483020508,842346909634130280,157,49,34835515000000,2026-09-10T09:14:24.922875+00:00,interpolated,-114.0,965.0,-69.0
70.499774112,842346909501909230,842346909634130280,157,50,34835515000000,2026-09-10T09:14:24.922875+00:00,interpolated,-116.0,976.0,-80.0
70.518662833,842346909520797951,842346909634130280,157,51,34835515000000,2026-09-10T09:14:24.922875+00:00,interpolated,-103.0,997.0,-82.0
70.537551555,842346909539686673,842346909634130280,157,52,34835515000000,2026-09-10T09:14:24.922875+00:00,interpolated,-94.0,1002.0,-86.0
70.556440276,842346909558575394,842346909634130280,157,53,34835515000000,2026-09-10T09:14:24.922875+00:00,interpolated,-87.0,1011.0,-83.0
70.575328998,842346909577464116,842346909634130280,157,54,34835515000000,2026-09-10T09:14:24.922875+00:00,interpolated,-101.0,1039.0,-86.0
70.594217719,842346909596352837,842346909634130280,157,55,34835515000000,2026-09-10T09:14:24.922875+00:00,interpolated,-119.0,1071.0,-86.0
70.613106441,842346909615241559,842346909634130280,157,56,34835515000000,2026-09-10T09:14:24.922875+00:00,interpolated,-134.0,1101.0,-100.0
70.631995162,842346909634130280,842346909634130280,157,57,34835515000000,2026-09-10T09:14:24.922875+00:00,interpolated,-145.0,1129.0,-125.0
70.650883752,842346909653018870,842346910729668496,160,0,34836625000000,2026-09-10T09:14:26.033102+00:00,interpolated,-153.0,1165.0,-152.0
70.669772342,842346909671907460,842346910729668496,160,1,34836625000000,2026-09-10T09:14:26.033102+00:00,interpolated,-158.0,1267.0,-191.0
70.688660932,842346909690796050,842346910729668496,160,2,34836625000000,2026-09-10T09:14:26.033102+00:00,interpolated,-135.0,1447.0,-260.0
70.707549522,842346909709684640,842346910729668496,160,3,34836625000000,2026-09-10T09:14:26.033102+00:00,interpolated,-88.0,1446.0,-375.0
70.726438112,842346909728573230,842346910729668496,160,4,34836625000000,2026-09-10T09:14:26.033102+00:00,interpolated,-76.0,1227.0,-533.0
70.745326702,842346909747461820,842346910729668496,160,5,34836625000000,2026-09-10T09:14:26.033102+00:00,interpolated,-151.0,971.0,-668.0
70.764215292,842346909766350410,842346910729668496,160,6,34836625000000,2026-09-10T09:14:26.033102+00:00,interpolated,-223.0,838.0,-629.0
70.783103881,842346909785238999,842346910729668496,160,7,34836625000000,2026-09-10T09:14:26.033102+00:00,interpolated,-309.0,792.0,-513.0
70.801992471,842346909804127589,842346910729668496,160,8,34836625000000,2026-09-10T09:14:26.033102+00:00,interpolated,-354.0,886.0,-396.0
70.820881061,842346909823016179,842346910729668496,160,9,34836625000000,2026-09-10T09:14:26.033102+00:00,interpolated,-322.0,1042.0,-332.0
70.839769651,842346909841904769,842346910729668496,160,10,34836625000000,2026-09-10T09:14:26.033102+00:00,interpolated,-226.0,1119.0,-335.0
70.858658241,842346909860793359,842346910729668496,160,11,34836625000000,2026-09-10T09:14:26.033102+00:00,interpolated,-112.0,1066.0,-368.0
70.877546831,842346909879681949,842346910729668496,160,12,34836625000000,2026-09-10T09:14:26.033102+00:00,interpolated,-26.0,972.0,-378.0
70.896435421,842346909898570539,842346910729668496,160,13,34836625000000,2026-09-10T09:14:26.033102+00:00,interpolated,34.0,863.0,-368.0
70.915324011,842346909917459129,842346910729668496,160,14,34836625000000,2026-09-10T09:14:26.033102+00:00,interpolated,55.0,782.0,-341.0
70.934212601,842346909936347719,842346910729668496,160,15,34836625000000,2026-09-10T09:14:26.033102+00:00,interpolated,55.0,729.0,-325.0
70.953101191,842346909955236309,842346910729668496,160,16,34836625000000,2026-09-10T09:14:26.033102+00:00,interpolated,57.0,700.0,-314.0
70.971989781,842346909974124899,842346910729668496,160,17,34836625000000,2026-09-10T09:14:26.033102+00:00,interpolated,76.0,702.0,-309.0
70.990878371,842346909993013489,842346910729668496,160,18,34836625000000,2026-09-10T09:14:26.033102+00:00,interpolated,79.0,699.0,-320.0
71.009766961,842346910011902079,842346910729668496,160,19,34836625000000,2026-09-10T09:14:26.033102+00:00,interpolated,61.0,699.0,-343.0
71.028655551,842346910030790669,842346910729668496,160,20,34836625000000,2026-09-10T09:14:26.033102+00:00,interpolated,49.0,686.0,-377.0
71.04754414,842346910049679258,842346910729668496,160,21,34836625000000,2026-09-10T09:14:26.033102+00:00,interpolated,39.0,722.0,-385.0
71.06643273,842346910068567848,842346910729668496,160,22,34836625000000,2026-09-10T09:14:26.033102+00:00,interpolated,4.0,742.0,-378.0
71.08532132,842346910087456438,842346910729668496,160,23,34836625000000,2026-09-10T09:14:26.033102+00:00,interpolated,-59.0,726.0,-375.0
71.10420991,842346910106345028,842346910729668496,160,24,34836625000000,2026-09-10T09:14:26.033102+00:00,interpolated,-84.0,717.0,-384.0
71.1230985,842346910125233618,842346910729668496,160,25,34836625000000,2026-09-10T09:14:26.033102+00:00,interpolated,-89.0,749.0,-384.0
71.14198709,842346910144122208,842346910729668496,160,26,34836625000000,2026-09-10T09:14:26.033102+00:00,interpolated,-89.0,829.0,-384.0
71.16087568,842346910163010798,842346910729668496,160,27,34836625000000,2026-09-10T09:14:26.033102+00:00,interpolated,-117.0,896.0,-385.0
71.17976427,842346910181899388,842346910729668496,160,28,34836625000000,2026-09-10T09:14:26.033102+00:00,interpolated,-140.0,941.0,-394.0
71.19865286,842346910200787978,842346910729668496,160,29,34836625000000,2026-09-10T09:14:26.033102+00:00,interpolated,-118.0,989.0,-422.0
71.21754145,842346910219676568,842346910729668496,160,30,34836625000000,2026-09-10T09:14:26.033102+00:00,interpolated,-83.0,1042.0,-440.0
71.23643004,842346910238565158,842346910729668496,160,31,34836625000000,2026-09-10T09:14:26.033102+00:00,interpolated,-34.0,1124.0,-440.0
71.25531863,842346910257453748,842346910729668496,160,32,34836625000000,2026-09-10T09:14:26.033102+00:00,interpolated,-36.0,1226.0,-411.0
71.27420722,842346910276342338,842346910729668496,160,33,34836625000000,2026-09-10T09:14:26.033102+00:00,interpolated,-137.0,1187.0,-360.0
71.29309581,842346910295230928,842346910729668496,160,34,34836625000000,2026-09-10T09:14:26.033102+00:00,interpolated,-298.0,1073.0,-317.0
71.3119844,842346910314119518,842346910729668496,160,35,34836625000000,2026-09-10T09:14:26.033102+00:00,interpolated,-481.0,962.0,-233.0
71.330872989,842346910333008107,842346910729668496,160,36,34836625000000,2026-09-10T09:14:26.033102+00:00,interpolated,-667.0,946.0,-105.0
71.349761579,842346910351896697,842346910729668496,160,37,34836625000000,2026-09-10T09:14:26.033102+00:00,interpolated,-852.0,956.0,6.0
71.368650169,842346910370785287,842346910729668496,160,38,34836625000000,2026-09-10T09:14:26.033102+00:00,interpolated,-1021.0,917.0,83.0
71.387538759,842346910389673877,842346910729668496,160,39,34836625000000,2026-09-10T09:14:26.033102+00:00,interpolated,-1080.0,977.0,57.0
71.406427349,842346910408562467,842346910729668496,160,40,34836625000000,2026-09-10T09:14:26.033102+00:00,interpolated,-1016.0,891.0,-50.0
71.425315939,842346910427451057,842346910729668496,160,41,34836625000000,2026-09-10T09:14:26.033102+00:00,interpolated,-854.0,837.0,-55.0
71.444204529,842346910446339647,842346910729668496,160,42,34836625000000,2026-09-10T09:14:26.033102+00:00,interpolated,-708.0,832.0,-87.0
71.463093119,842346910465228237,842346910729668496,160,43,34836625000000,2026-09-10T09:14:26.033102+00:00,interpolated,-603.0,807.0,-138.0
71.481981709,842346910484116827,842346910729668496,160,44,34836625000000,2026-09-10T09:14:26.033102+00:00,interpolated,-508.0,777.0,-185.0
71.500870299,842346910503005417,842346910729668496,160,45,34836625000000,2026-09-10T09:14:26.033102+00:00,interpolated,-413.0,703.0,-223.0
71.519758889,842346910521894007,842346910729668496,160,46,34836625000000,2026-09-10T09:14:26.033102+00:00,interpolated,-396.0,601.0,-288.0
71.538647479,842346910540782597,842346910729668496,160,47,34836625000000,2026-09-10T09:14:26.033102+00:00,interpolated,-424.0,585.0,-346.0
71.557536069,842346910559671187,842346910729668496,160,48,34836625000000,2026-09-10T09:14:26.033102+00:00,interpolated,-455.0,638.0,-378.0
71.576424659,842346910578559777,842346910729668496,160,49,34836625000000,2026-09-10T09:14:26.033102+00:00,interpolated,-508.0,683.0,-367.0
71.595313248,842346910597448366,842346910729668496,160,50,34836625000000,2026-09-10T09:14:26.033102+00:00,interpolated,-557.0,681.0,-381.0
71.614201838,842346910616336956,842346910729668496,160,51,34836625000000,2026-09-10T09:14:26.033102+00:00,interpolated,-591.0,661.0,-416.0
71.633090428,842346910635225546,842346910729668496,160,52,34836625000000,2026-09-10T09:14:26.033102+00:00,interpolated,-621.0,690.0,-460.0
71.651979018,842346910654114136,842346910729668496,160,53,34836625000000,2026-09-10T09:14:26.033102+00:00,interpolated,-620.0,678.0,-495.0
71.670867608,842346910673002726,842346910729668496,160,54,34836625000000,2026-09-10T09:14:26.033102+00:00,interpolated,-632.0,642.0,-535.0
71.689756198,842346910691891316,842346910729668496,160,55,34836625000000,2026-09-10T09:14:26.033102+00:00,interpolated,-632.0,638.0,-574.0
71.708644788,842346910710779906,842346910729668496,160,56,34836625000000,2026-09-10T09:14:26.033102+00:00,interpolated,-632.0,696.0,-594.0
71.727533378,842346910729668496,842346910729668496,160,57,34836625000000,2026-09-10T09:14:26.033102+00:00,interpolated,-618.0,698.0,-627.0
71.746422039,842346910748557157,842346911995208756,163,0,34837734000000,2026-09-10T09:14:27.142952+00:00,interpolated,-590.0,661.0,-686.0
71.765310699,842346910767445817,842346911995208756,163,1,34837734000000,2026-09-10T09:14:27.142952+00:00,interpolated,-582.0,631.0,-711.0
71.78419936,842346910786334478,842346911995208756,163,2,34837734000000,2026-09-10T09:14:27.142952+00:00,interpolated,-551.0,645.0,-702.0
71.80308802,842346910805223138,842346911995208756,163,3,34837734000000,2026-09-10T09:14:27.142952+00:00,interpolated,-510.0,663.0,-692.0
71.821976681,842346910824111799,842346911995208756,163,4,34837734000000,2026-09-10T09:14:27.142952+00:00,interpolated,-464.0,640.0,-697.0
71.840865342,842346910843000460,842346911995208756,163,5,34837734000000,2026-09-10T09:14:27.142952+00:00,interpolated,-447.0,614.0,-731.0
71.859754002,842346910861889120,842346911995208756,163,6,34837734000000,2026-09-10T09:14:27.142952+00:00,interpolated,-424.0,655.0,-750.0
71.878642663,842346910880777781,842346911995208756,163,7,34837734000000,2026-09-10T09:14:27.142952+00:00,interpolated,-340.0,682.0,-711.0
71.897531323,842346910899666441,842346911995208756,163,8,34837734000000,2026-09-10T09:14:27.142952+00:00,interpolated,-198.0,674.0,-687.0
71.916419984,842346910918555102,842346911995208756,163,9,34837734000000,2026-09-10T09:14:27.142952+00:00,interpolated,-95.0,706.0,-693.0
71.935308645,842346910937443763,842346911995208756,163,10,34837734000000,2026-09-10T09:14:27.142952+00:00,interpolated,-74.0,762.0,-720.0
71.954197305,842346910956332423,842346911995208756,163,11,34837734000000,2026-09-10T09:14:27.142952+00:00,interpolated,-2.0,866.0,-765.0
71.973085966,842346910975221084,842346911995208756,163,12,34837734000000,2026-09-10T09:14:27.142952+00:00,interpolated,179.0,971.0,-797.0
71.991974626,842346910994109744,842346911995208756,163,13,34837734000000,2026-09-10T09:14:27.142952+00:00,interpolated,272.0,1045.0,-824.0
72.010863287,842346911012998405,842346911995208756,163,14,34837734000000,2026-09-10T09:14:27.142952+00:00,interpolated,228.0,1166.0,-860.0
72.029751948,842346911031887066,842346911995208756,163,15,34837734000000,2026-09-10T09:14:27.142952+00:00,interpolated,363.0,1209.0,-834.0
72.048640608,842346911050775726,842346911995208756,163,16,34837734000000,2026-09-10T09:14:27.142952+00:00,interpolated,477.0,1036.0,-759.0
72.067529269,842346911069664387,842346911995208756,163,17,34837734000000,2026-09-10T09:14:27.142952+00:00,interpolated,390.0,921.0,-658.0
72.086417929,842346911088553047,842346911995208756,163,18,34837734000000,2026-09-10T09:14:27.142952+00:00,interpolated,302.0,878.0,-557.0
72.10530659,842346911107441708,842346911995208756,163,19,34837734000000,2026-09-10T09:14:27.142952+00:00,interpolated,302.0,858.0,-464.0
72.124195251,842346911126330369,842346911995208756,163,20,34837734000000,2026-09-10T09:14:27.142952+00:00,interpolated,354.0,810.0,-436.0
72.143083911,842346911145219029,842346911995208756,163,21,34837734000000,2026-09-10T09:14:27.142952+00:00,interpolated,331.0,782.0,-439.0
72.161972572,842346911164107690,842346911995208756,163,22,34837734000000,2026-09-10T09:14:27.142952+00:00,interpolated,302.0,812.0,-477.0
72.180861232,842346911182996350,842346911995208756,163,23,34837734000000,2026-09-10T09:14:27.142952+00:00,interpolated,304.0,812.0,-472.0
72.199749893,842346911201885011,842346911995208756,163,24,34837734000000,2026-09-10T09:14:27.142952+00:00,interpolated,373.0,813.0,-445.0
72.218638554,842346911220773672,842346911995208756,163,25,34837734000000,2026-09-10T09:14:27.142952+00:00,interpolated,461.0,847.0,-430.0
72.237527214,842346911239662332,842346911995208756,163,26,34837734000000,2026-09-10T09:14:27.142952+00:00,interpolated,535.0,868.0,-441.0
72.256415875,842346911258550993,842346911995208756,163,27,34837734000000,2026-09-10T09:14:27.142952+00:00,interpolated,544.0,871.0,-492.0
72.275304535,842346911277439653,842346911995208756,163,28,34837734000000,2026-09-10T09:14:27.142952+00:00,interpolated,477.0,895.0,-522.0
72.294193196,842346911296328314,842346911995208756,163,29,34837734000000,2026-09-10T09:14:27.142952+00:00,interpolated,434.0,893.0,-510.0
72.313081857,842346911315216975,842346911995208756,163,30,34837734000000,2026-09-10T09:14:27.142952+00:00,interpolated,434.0,877.0,-494.0
72.331970517,842346911334105635,842346911995208756,163,31,34837734000000,2026-09-10T09:14:27.142952+00:00,interpolated,417.0,870.0,-474.0
72.350859178,842346911352994296,842346911995208756,163,32,34837734000000,2026-09-10T09:14:27.142952+00:00,interpolated,397.0,862.0,-475.0
72.369747838,842346911371882956,842346911995208756,163,33,34837734000000,2026-09-10T09:14:27.142952+00:00,interpolated,387.0,849.0,-483.0
72.388636499,842346911390771617,842346911995208756,163,34,34837734000000,2026-09-10T09:14:27.142952+00:00,interpolated,377.0,840.0,-476.0
72.407525159,842346911409660277,842346911995208756,163,35,34837734000000,2026-09-10T09:14:27.142952+00:00,interpolated,380.0,827.0,-466.0
72.42641382,842346911428548938,842346911995208756,163,36,34837734000000,2026-09-10T09:14:27.142952+00:00,interpolated,379.0,805.0,-464.0
72.445302481,842346911447437599,842346911995208756,163,37,34837734000000,2026-09-10T09:14:27.142952+00:00,interpolated,381.0,811.0,-468.0
72.464191141,842346911466326259,842346911995208756,163,38,34837734000000,2026-09-10T09:14:27.142952+00:00,interpolated,381.0,829.0,-462.0
72.483079802,842346911485214920,842346911995208756,163,39,34837734000000,2026-09-10T09:14:27.142952+00:00,interpolated,385.0,859.0,-460.0
72.501968462,842346911504103580,842346911995208756,163,40,34837734000000,2026-09-10T09:14:27.142952+00:00,interpolated,374.0,869.0,-462.0
72.520857123,842346911522992241,842346911995208756,163,41,34837734000000,2026-09-10T09:14:27.142952+00:00,interpolated,368.0,875.0,-465.0
72.539745784,842346911541880902,842346911995208756,163,42,34837734000000,2026-09-10T09:14:27.142952+00:00,interpolated,365.0,869.0,-472.0
72.558634444,842346911560769562,842346911995208756,163,43,34837734000000,2026-09-10T09:14:27.142952+00:00,interpolated,350.0,857.0,-487.0
72.577523105,842346911579658223,842346911995208756,163,44,34837734000000,2026-09-10T09:14:27.142952+00:00,interpolated,341.0,867.0,-504.0
72.596411765,842346911598546883,842346911995208756,163,45,34837734000000,2026-09-10T09:14:27.142952+00:00,interpolated,330.0,862.0,-513.0
72.615300426,842346911617435544,842346911995208756,163,46,34837734000000,2026-09-10T09:14:27.142952+00:00,interpolated,314.0,868.0,-522.0
72.634189087,842346911636324205,842346911995208756,163,47,34837734000000,2026-09-10T09:14:27.142952+00:00,interpolated,276.0,882.0,-523.0
72.653077747,842346911655212865,842346911995208756,163,48,34837734000000,2026-09-10T09:14:27.142952+00:00,interpolated,253.0,884.0,-524.0
72.671966408,842346911674101526,842346911995208756,163,49,34837734000000,2026-09-10T09:14:27.142952+00:00,interpolated,249.0,873.0,-532.0
72.690855068,842346911692990186,842346911995208756,163,50,34837734000000,2026-09-10T09:14:27.142952+00:00,interpolated,235.0,859.0,-538.0
72.709743729,842346911711878847,842346911995208756,163,51,34837734000000,2026-09-10T09:14:27.142952+00:00,interpolated,219.0,864.0,-542.0
72.72863239,842346911730767508,842346911995208756,163,52,34837734000000,2026-09-10T09:14:27.142952+00:00,interpolated,217.0,875.0,-545.0
72.74752105,842346911749656168,842346911995208756,163,53,34837734000000,2026-09-10T09:14:27.142952+00:00,interpolated,211.0,852.0,-551.0
72.766409711,842346911768544829,842346911995208756,163,54,34837734000000,2026-09-10T09:14:27.142952+00:00,interpolated,192.0,836.0,-541.0
72.785298371,842346911787433489,842346911995208756,163,55,34837734000000,2026-09-10T09:14:27.142952+00:00,interpolated,181.0,847.0,-538.0
72.804187032,842346911806322150,842346911995208756,163,56,34837734000000,2026-09-10T09:14:27.142952+00:00,interpolated,175.0,856.0,-544.0
72.823075693,842346911825210811,842346911995208756,163,57,34837734000000,2026-09-10T09:14:27.142952+00:00,interpolated,160.0,848.0,-536.0
72.841964353,842346911844099471,842346911995208756,163,58,34837734000000,2026-09-10T09:14:27.142952+00:00,interpolated,158.0,846.0,-529.0
72.860853014,842346911862988132,842346911995208756,163,59,34837734000000,2026-09-10T09:14:27.142952+00:00,interpolated,148.0,839.0,-522.0
72.879741674,842346911881876792,842346911995208756,163,60,34837734000000,2026-09-10T09:14:27.142952+00:00,interpolated,130.0,852.0,-525.0
72.898630335,842346911900765453,842346911995208756,163,61,34837734000000,2026-09-10T09:14:27.142952+00:00,interpolated,115.0,850.0,-540.0
72.917518996,842346911919654114,842346911995208756,163,62,34837734000000,2026-09-10T09:14:27.142952+00:00,interpolated,111.0,867.0,-532.0
72.936407656,842346911938542774,842346911995208756,163,63,34837734000000,2026-09-10T09:14:27.142952+00:00,interpolated,104.0,856.0,-528.0
72.955296317,842346911957431435,842346911995208756,163,64,34837734000000,2026-09-10T09:14:27.142952+00:00,interpolated,76.0,872.0,-547.0
72.974184977,842346911976320095,842346911995208756,163,65,34837734000000,2026-09-10T09:14:27.142952+00:00,interpolated,49.0,863.0,-553.0
72.993073638,842346911995208756,842346911995208756,163,66,34837734000000,2026-09-10T09:14:27.142952+00:00,interpolated,40.0,894.0,-543.0
73.011962324,842346912014097442,842346913336305480,166,0,34838843000000,2026-09-10T09:14:28.253059+00:00,interpolated,36.0,901.0,-530.0
73.030851011,842346912032986129,842346913336305480,166,1,34838843000000,2026-09-10T09:14:28.253059+00:00,interpolated,18.0,885.0,-538.0
73.049739697,842346912051874815,842346913336305480,166,2,34838843000000,2026-09-10T09:14:28.253059+00:00,interpolated,7.0,892.0,-538.0
73.068628383,842346912070763501,842346913336305480,166,3,34838843000000,2026-09-10T09:14:28.253059+00:00,interpolated,2.0,891.0,-564.0
73.087517069,842346912089652187,842346913336305480,166,4,34838843000000,2026-09-10T09:14:28.253059+00:00,interpolated,-1.0,883.0,-562.0
73.106405756,842346912108540874,842346913336305480,166,5,34838843000000,2026-09-10T09:14:28.253059+00:00,interpolated,-22.0,895.0,-542.0
73.125294442,842346912127429560,842346913336305480,166,6,34838843000000,2026-09-10T09:14:28.253059+00:00,interpolated,-23.0,877.0,-571.0
73.144183128,842346912146318246,842346913336305480,166,7,34838843000000,2026-09-10T09:14:28.253059+00:00,interpolated,-55.0,895.0,-586.0
73.163071814,842346912165206932,842346913336305480,166,8,34838843000000,2026-09-10T09:14:28.253059+00:00,interpolated,-67.0,890.0,-604.0
73.181960501,842346912184095619,842346913336305480,166,9,34838843000000,2026-09-10T09:14:28.253059+00:00,interpolated,-22.0,846.0,-627.0
73.200849187,842346912202984305,842346913336305480,166,10,34838843000000,2026-09-10T09:14:28.253059+00:00,interpolated,-4.0,862.0,-605.0
73.219737873,842346912221872991,842346913336305480,166,11,34838843000000,2026-09-10T09:14:28.253059+00:00,interpolated,5.0,858.0,-609.0
73.238626559,842346912240761677,842346913336305480,166,12,34838843000000,2026-09-10T09:14:28.253059+00:00,interpolated,-16.0,851.0,-614.0
73.257515246,842346912259650364,842346913336305480,166,13,34838843000000,2026-09-10T09:14:28.253059+00:00,interpolated,-35.0,859.0,-596.0
73.276403932,842346912278539050,842346913336305480,166,14,34838843000000,2026-09-10T09:14:28.253059+00:00,interpolated,-43.0,845.0,-606.0
73.295292618,842346912297427736,842346913336305480,166,15,34838843000000,2026-09-10T09:14:28.253059+00:00,interpolated,-69.0,836.0,-606.0
73.314181304,842346912316316422,842346913336305480,166,16,34838843000000,2026-09-10T09:14:28.253059+00:00,interpolated,-106.0,855.0,-587.0
73.333069991,842346912335205109,842346913336305480,166,17,34838843000000,2026-09-10T09:14:28.253059+00:00,interpolated,-111.0,840.0,-582.0
73.351958677,842346912354093795,842346913336305480,166,18,34838843000000,2026-09-10T09:14:28.253059+00:00,interpolated,-101.0,807.0,-590.0
73.370847363,842346912372982481,842346913336305480,166,19,34838843000000,2026-09-10T09:14:28.253059+00:00,interpolated,-94.0,795.0,-591.0
73.389736049,842346912391871167,842346913336305480,166,20,34838843000000,2026-09-10T09:14:28.253059+00:00,interpolated,-93.0,800.0,-590.0
73.408624736,842346912410759854,842346913336305480,166,21,34838843000000,2026-09-10T09:14:28.253059+00:00,interpolated,-86.0,811.0,-597.0
73.427513422,842346912429648540,842346913336305480,166,22,34838843000000,2026-09-10T09:14:28.253059+00:00,interpolated,-96.0,828.0,-604.0
73.446402108,842346912448537226,842346913336305480,166,23,34838843000000,2026-09-10T09:14:28.253059+00:00,interpolated,-88.0,837.0,-603.0
73.465290794,842346912467425912,842346913336305480,166,24,34838843000000,2026-09-10T09:14:28.253059+00:00,interpolated,-86.0,833.0,-600.0
73.484179481,842346912486314599,842346913336305480,166,25,34838843000000,2026-09-10T09:14:28.253059+00:00,interpolated,-61.0,843.0,-612.0
73.503068167,842346912505203285,842346913336305480,166,26,34838843000000,2026-09-10T09:14:28.253059+00:00,interpolated,-48.0,873.0,-610.0
73.521956853,842346912524091971,842346913336305480,166,27,34838843000000,2026-09-10T09:14:28.253059+00:00,interpolated,-36.0,871.0,-611.0
73.540845539,842346912542980657,842346913336305480,166,28,34838843000000,2026-09-10T09:14:28.253059+00:00,interpolated,-39.0,852.0,-621.0
73.559734226,842346912561869344,842346913336305480,166,29,34838843000000,2026-09-10T09:14:28.253059+00:00,interpolated,-27.0,865.0,-610.0
73.578622912,842346912580758030,842346913336305480,166,30,34838843000000,2026-09-10T09:14:28.253059+00:00,interpolated,-4.0,873.0,-586.0
73.597511598,842346912599646716,842346913336305480,166,31,34838843000000,2026-09-10T09:14:28.253059+00:00,interpolated,-11.0,864.0,-571.0
73.616400284,842346912618535402,842346913336305480,166,32,34838843000000,2026-09-10T09:14:28.253059+00:00,interpolated,-21.0,864.0,-554.0
73.635288971,842346912637424089,842346913336305480,166,33,34838843000000,2026-09-10T09:14:28.253059+00:00,interpolated,-8.0,883.0,-538.0
73.654177657,842346912656312775,842346913336305480,166,34,34838843000000,2026-09-10T09:14:28.253059+00:00,interpolated,0.0,918.0,-525.0
73.673066343,842346912675201461,842346913336305480,166,35,34838843000000,2026-09-10T09:14:28.253059+00:00,interpolated,7.0,920.0,-528.0
73.691955029,842346912694090147,842346913336305480,166,36,34838843000000,2026-09-10T09:14:28.253059+00:00,interpolated,7.0,870.0,-526.0
73.710843716,842346912712978834,842346913336305480,166,37,34838843000000,2026-09-10T09:14:28.253059+00:00,interpolated,14.0,864.0,-505.0
73.729732402,842346912731867520,842346913336305480,166,38,34838843000000,2026-09-10T09:14:28.253059+00:00,interpolated,24.0,869.0,-505.0
73.748621088,842346912750756206,842346913336305480,166,39,34838843000000,2026-09-10T09:14:28.253059+00:00,interpolated,31.0,904.0,-506.0
73.767509774,842346912769644892,842346913336305480,166,40,34838843000000,2026-09-10T09:14:28.253059+00:00,interpolated,27.0,932.0,-517.0
73.786398461,842346912788533579,842346913336305480,166,41,34838843000000,2026-09-10T09:14:28.253059+00:00,interpolated,36.0,910.0,-535.0
73.805287147,842346912807422265,842346913336305480,166,42,34838843000000,2026-09-10T09:14:28.253059+00:00,interpolated,68.0,871.0,-536.0
73.824175833,842346912826310951,842346913336305480,166,43,34838843000000,2026-09-10T09:14:28.253059+00:00,interpolated,101.0,841.0,-525.0
73.843064519,842346912845199637,842346913336305480,166,44,34838843000000,2026-09-10T09:14:28.253059+00:00,interpolated,109.0,842.0,-514.0
73.861953206,842346912864088324,842346913336305480,166,45,34838843000000,2026-09-10T09:14:28.253059+00:00,interpolated,102.0,861.0,-509.0
73.880841892,842346912882977010,842346913336305480,166,46,34838843000000,2026-09-10T09:14:28.253059+00:00,interpolated,98.0,870.0,-491.0
73.899730578,842346912901865696,842346913336305480,166,47,34838843000000,2026-09-10T09:14:28.253059+00:00,interpolated,92.0,863.0,-483.0
73.918619264,842346912920754382,842346913336305480,166,48,34838843000000,2026-09-10T09:14:28.253059+00:00,interpolated,77.0,870.0,-505.0
73.937507951,842346912939643069,842346913336305480,166,49,34838843000000,2026-09-10T09:14:28.253059+00:00,interpolated,63.0,865.0,-510.0
73.956396637,842346912958531755,842346913336305480,166,50,34838843000000,2026-09-10T09:14:28.253059+00:00,interpolated,68.0,866.0,-498.0
73.975285323,842346912977420441,842346913336305480,166,51,34838843000000,2026-09-10T09:14:28.253059+00:00,interpolated,98.0,883.0,-524.0
73.994174009,842346912996309127,842346913336305480,166,52,34838843000000,2026-09-10T09:14:28.253059+00:00,interpolated,131.0,899.0,-527.0
74.013062696,842346913015197814,842346913336305480,166,53,34838843000000,2026-09-10T09:14:28.253059+00:00,interpolated,156.0,912.0,-517.0
74.031951382,842346913034086500,842346913336305480,166,54,34838843000000,2026-09-10T09:14:28.253059+00:00,interpolated,151.0,915.0,-543.0
74.050840068,842346913052975186,842346913336305480,166,55,34838843000000,2026-09-10T09:14:28.253059+00:00,interpolated,111.0,889.0,-539.0
74.069728754,842346913071863872,842346913336305480,166,56,34838843000000,2026-09-10T09:14:28.253059+00:00,interpolated,70.0,862.0,-539.0
74.088617441,842346913090752559,842346913336305480,166,57,34838843000000,2026-09-10T09:14:28.253059+00:00,interpolated,62.0,867.0,-515.0
74.107506127,842346913109641245,842346913336305480,166,58,34838843000000,2026-09-10T09:14:28.253059+00:00,interpolated,105.0,866.0,-511.0
74.126394813,842346913128529931,842346913336305480,166,59,34838843000000,2026-09-10T09:14:28.253059+00:00,interpolated,139.0,850.0,-519.0
74.145283499,842346913147418617,842346913336305480,166,60,34838843000000,2026-09-10T09:14:28.253059+00:00,interpolated,179.0,837.0,-518.0
74.164172186,842346913166307304,842346913336305480,166,61,34838843000000,2026-09-10T09:14:28.253059+00:00,interpolated,201.0,843.0,-526.0
74.183060872,842346913185195990,842346913336305480,166,62,34838843000000,2026-09-10T09:14:28.253059+00:00,interpolated,207.0,858.0,-541.0
74.201949558,842346913204084676,842346913336305480,166,63,34838843000000,2026-09-10T09:14:28.253059+00:00,interpolated,201.0,857.0,-543.0
74.220838244,842346913222973362,842346913336305480,166,64,34838843000000,2026-09-10T09:14:28.253059+00:00,interpolated,190.0,874.0,-532.0
74.239726931,842346913241862049,842346913336305480,166,65,34838843000000,2026-09-10T09:14:28.253059+00:00,interpolated,178.0,889.0,-543.0
74.258615617,842346913260750735,842346913336305480,166,66,34838843000000,2026-09-10T09:14:28.253059+00:00,interpolated,180.0,889.0,-565.0
74.277504303,842346913279639421,842346913336305480,166,67,34838843000000,2026-09-10T09:14:28.253059+00:00,interpolated,196.0,879.0,-583.0
74.296392989,842346913298528107,842346913336305480,166,68,34838843000000,2026-09-10T09:14:28.253059+00:00,interpolated,208.0,883.0,-580.0
74.315281676,842346913317416794,842346913336305480,166,69,34838843000000,2026-09-10T09:14:28.253059+00:00,interpolated,208.0,883.0,-580.0
74.334170362,842346913336305480,842346913336305480,166,70,34838843000000,2026-09-10T09:14:28.253059+00:00,interpolated,193.0,890.0,-601.0
74.353059131,842346913355194249,842346914998517180,171,0,34840765000000,2026-09-10T09:14:30.173258+00:00,interpolated,183.0,900.0,-614.0
74.371947901,842346913374083019,842346914998517180,171,1,34840765000000,2026-09-10T09:14:30.173258+00:00,interpolated,189.0,911.0,-597.0
74.39083667,842346913392971788,842346914998517180,171,2,34840765000000,2026-09-10T09:14:30.173258+00:00,interpolated,198.0,919.0,-598.0
74.409725439,842346913411860557,842346914998517180,171,3,34840765000000,2026-09-10T09:14:30.173258+00:00,interpolated,203.0,911.0,-590.0
74.428614209,842346913430749327,842346914998517180,171,4,34840765000000,2026-09-10T09:14:30.173258+00:00,interpolated,173.0,913.0,-569.0
74.447502978,842346913449638096,842346914998517180,171,5,34840765000000,2026-09-10T09:14:30.173258+00:00,interpolated,179.0,902.0,-565.0
74.466391747,842346913468526865,842346914998517180,171,6,34840765000000,2026-09-10T09:14:30.173258+00:00,interpolated,173.0,888.0,-556.0
74.485280517,842346913487415635,842346914998517180,171,7,34840765000000,2026-09-10T09:14:30.173258+00:00,interpolated,160.0,874.0,-552.0
74.504169286,842346913506304404,842346914998517180,171,8,34840765000000,2026-09-10T09:14:30.173258+00:00,interpolated,139.0,866.0,-547.0
74.523058055,842346913525193173,842346914998517180,171,9,34840765000000,2026-09-10T09:14:30.173258+00:00,interpolated,116.0,843.0,-547.0
74.541946825,842346913544081943,842346914998517180,171,10,34840765000000,2026-09-10T09:14:30.173258+00:00,interpolated,111.0,829.0,-539.0
74.560835594,842346913562970712,842346914998517180,171,11,34840765000000,2026-09-10T09:14:30.173258+00:00,interpolated,108.0,824.0,-540.0
74.579724363,842346913581859481,842346914998517180,171,12,34840765000000,2026-09-10T09:14:30.173258+00:00,interpolated,102.0,818.0,-520.0
74.598613132,842346913600748250,842346914998517180,171,13,34840765000000,2026-09-10T09:14:30.173258+00:00,interpolated,117.0,813.0,-526.0
74.617501902,842346913619637020,842346914998517180,171,14,34840765000000,2026-09-10T09:14:30.173258+00:00,interpolated,139.0,807.0,-522.0
74.636390671,842346913638525789,842346914998517180,171,15,34840765000000,2026-09-10T09:14:30.173258+00:00,interpolated,146.0,824.0,-519.0
74.65527944,842346913657414558,842346914998517180,171,16,34840765000000,2026-09-10T09:14:30.173258+00:00,interpolated,160.0,845.0,-514.0
74.67416821,842346913676303328,842346914998517180,171,17,34840765000000,2026-09-10T09:14:30.173258+00:00,interpolated,158.0,865.0,-529.0
74.693056979,842346913695192097,842346914998517180,171,18,34840765000000,2026-09-10T09:14:30.173258+00:00,interpolated,171.0,853.0,-537.0
74.711945748,842346913714080866,842346914998517180,171,19,34840765000000,2026-09-10T09:14:30.173258+00:00,interpolated,171.0,837.0,-541.0
74.730834518,842346913732969636,842346914998517180,171,20,34840765000000,2026-09-10T09:14:30.173258+00:00,interpolated,166.0,836.0,-544.0
74.749723287,842346913751858405,842346914998517180,171,21,34840765000000,2026-09-10T09:14:30.173258+00:00,interpolated,182.0,852.0,-542.0
74.768612056,842346913770747174,842346914998517180,171,22,34840765000000,2026-09-10T09:14:30.173258+00:00,interpolated,183.0,862.0,-555.0
74.787500826,842346913789635944,842346914998517180,171,23,34840765000000,2026-09-10T09:14:30.173258+00:00,interpolated,179.0,862.0,-565.0
74.806389595,842346913808524713,842346914998517180,171,24,34840765000000,2026-09-10T09:14:30.173258+00:00,interpolated,170.0,866.0,-554.0
74.825278364,842346913827413482,842346914998517180,171,25,34840765000000,2026-09-10T09:14:30.173258+00:00,interpolated,164.0,872.0,-550.0
74.844167134,842346913846302252,842346914998517180,171,26,34840765000000,2026-09-10T09:14:30.173258+00:00,interpolated,150.0,875.0,-540.0
74.863055903,842346913865191021,842346914998517180,171,27,34840765000000,2026-09-10T09:14:30.173258+00:00,interpolated,142.0,878.0,-526.0
74.881944672,842346913884079790,842346914998517180,171,28,34840765000000,2026-09-10T09:14:30.173258+00:00,interpolated,138.0,872.0,-518.0
74.900833442,842346913902968560,842346914998517180,171,29,34840765000000,2026-09-10T09:14:30.173258+00:00,interpolated,151.0,883.0,-514.0
74.919722211,842346913921857329,842346914998517180,171,30,34840765000000,2026-09-10T09:14:30.173258+00:00,interpolated,164.0,884.0,-508.0
74.93861098,842346913940746098,842346914998517180,171,31,34840765000000,2026-09-10T09:14:30.173258+00:00,interpolated,156.0,888.0,-505.0
74.95749975,842346913959634868,842346914998517180,171,32,34840765000000,2026-09-10T09:14:30.173258+00:00,interpolated,145.0,882.0,-507.0
74.976388519,842346913978523637,842346914998517180,171,33,34840765000000,2026-09-10T09:14:30.173258+00:00,interpolated,145.0,881.0,-507.0
74.995277288,842346913997412406,842346914998517180,171,34,34840765000000,2026-09-10T09:14:30.173258+00:00,interpolated,148.0,882.0,-507.0
75.014166057,842346914016301175,842346914998517180,171,35,34840765000000,2026-09-10T09:14:30.173258+00:00,interpolated,149.0,882.0,-505.0
75.033054827,842346914035189945,842346914998517180,171,36,34840765000000,2026-09-10T09:14:30.173258+00:00,interpolated,152.0,891.0,-507.0
75.051943596,842346914054078714,842346914998517180,171,37,34840765000000,2026-09-10T09:14:30.173258+00:00,interpolated,161.0,884.0,-513.0
75.070832365,842346914072967483,842346914998517180,171,38,34840765000000,2026-09-10T09:14:30.173258+00:00,interpolated,173.0,879.0,-516.0
75.089721135,842346914091856253,842346914998517180,171,39,34840765000000,2026-09-10T09:14:30.173258+00:00,interpolated,180.0,884.0,-514.0
75.108609904,842346914110745022,842346914998517180,171,40,34840765000000,2026-09-10T09:14:30.173258+00:00,interpolated,174.0,880.0,-517.0
75.127498673,842346914129633791,842346914998517180,171,41,34840765000000,2026-09-10T09:14:30.173258+00:00,interpolated,165.0,876.0,-521.0
75.146387443,842346914148522561,842346914998517180,171,42,34840765000000,2026-09-10T09:14:30.173258+00:00,interpolated,153.0,875.0,-529.0
75.165276212,842346914167411330,842346914998517180,171,43,34840765000000,2026-09-10T09:14:30.173258+00:00,interpolated,154.0,875.0,-528.0
75.184164981,842346914186300099,842346914998517180,171,44,34840765000000,2026-09-10T09:14:30.173258+00:00,interpolated,160.0,863.0,-523.0
75.203053751,842346914205188869,842346914998517180,171,45,34840765000000,2026-09-10T09:14:30.173258+00:00,interpolated,160.0,865.0,-513.0
75.22194252,842346914224077638,842346914998517180,171,46,34840765000000,2026-09-10T09:14:30.173258+00:00,interpolated,159.0,868.0,-513.0
75.240831289,842346914242966407,842346914998517180,171,47,34840765000000,2026-09-10T09:14:30.173258+00:00,interpolated,164.0,875.0,-511.0
75.259720059,842346914261855177,842346914998517180,171,48,34840765000000,2026-09-10T09:14:30.173258+00:00,interpolated,150.0,875.0,-507.0
75.278608828,842346914280743946,842346914998517180,171,49,34840765000000,2026-09-10T09:14:30.173258+00:00,interpolated,149.0,886.0,-511.0
75.297497597,842346914299632715,842346914998517180,171,50,34840765000000,2026-09-10T09:14:30.173258+00:00,interpolated,157.0,886.0,-512.0
75.316386367,842346914318521485,842346914998517180,171,51,34840765000000,2026-09-10T09:14:30.173258+00:00,interpolated,165.0,881.0,-514.0
75.335275136,842346914337410254,842346914998517180,171,52,34840765000000,2026-09-10T09:14:30.173258+00:00,interpolated,174.0,874.0,-524.0
75.354163905,842346914356299023,842346914998517180,171,53,34840765000000,2026-09-10T09:14:30.173258+00:00,interpolated,171.0,880.0,-522.0
75.373052675,842346914375187793,842346914998517180,171,54,34840765000000,2026-09-10T09:14:30.173258+00:00,interpolated,158.0,879.0,-523.0
75.391941444,842346914394076562,842346914998517180,171,55,34840765000000,2026-09-10T09:14:30.173258+00:00,interpolated,164.0,873.0,-523.0
75.410830213,842346914412965331,842346914998517180,171,56,34840765000000,2026-09-10T09:14:30.173258+00:00,interpolated,153.0,872.0,-529.0
75.429718982,842346914431854100,842346914998517180,171,57,34840765000000,2026-09-10T09:14:30.173258+00:00,interpolated,152.0,875.0,-540.0
75.448607752,842346914450742870,842346914998517180,171,58,34840765000000,2026-09-10T09:14:30.173258+00:00,interpolated,151.0,879.0,-539.0
75.467496521,842346914469631639,842346914998517180,171,59,34840765000000,2026-09-10T09:14:30.173258+00:00,interpolated,160.0,875.0,-534.0
75.48638529,842346914488520408,842346914998517180,171,60,34840765000000,2026-09-10T09:14:30.173258+00:00,interpolated,163.0,872.0,-530.0
75.50527406,842346914507409178,842346914998517180,171,61,34840765000000,2026-09-10T09:14:30.173258+00:00,interpolated,160.0,875.0,-523.0
75.524162829,842346914526297947,842346914998517180,171,62,34840765000000,2026-09-10T09:14:30.173258+00:00,interpolated,166.0,867.0,-528.0
75.543051598,842346914545186716,842346914998517180,171,63,34840765000000,2026-09-10T09:14:30.173258+00:00,interpolated,164.0,865.0,-528.0
75.561940368,842346914564075486,842346914998517180,171,64,34840765000000,2026-09-10T09:14:30.173258+00:00,interpolated,167.0,866.0,-517.0
75.580829137,842346914582964255,842346914998517180,171,65,34840765000000,2026-09-10T09:14:30.173258+00:00,interpolated,137.0,852.0,-523.0
75.599717906,842346914601853024,842346914998517180,171,66,34840765000000,2026-09-10T09:14:30.173258+00:00,interpolated,139.0,856.0,-528.0
75.618606676,842346914620741794,842346914998517180,171,67,34840765000000,2026-09-10T09:14:30.173258+00:00,interpolated,138.0,862.0,-538.0
75.637495445,842346914639630563,842346914998517180,171,68,34840765000000,2026-09-10T09:14:30.173258+00:00,interpolated,160.0,851.0,-538.0
75.656384214,842346914658519332,842346914998517180,171,69,34840765000000,2026-09-10T09:14:30.173258+00:00,interpolated,172.0,861.0,-533.0
75.675272984,842346914677408102,842346914998517180,171,70,34840765000000,2026-09-10T09:14:30.173258+00:00,interpolated,162.0,864.0,-523.0
75.694161753,842346914696296871,842346914998517180,171,71,34840765000000,2026-09-10T09:14:30.173258+00:00,interpolated,145.0,862.0,-521.0
75.713050522,842346914715185640,842346914998517180,171,72,34840765000000,2026-09-10T09:14:30.173258+00:00,interpolated,129.0,863.0,-508.0
75.731939292,842346914734074410,842346914998517180,171,73,34840765000000,2026-09-10T09:14:30.173258+00:00,interpolated,114.0,899.0,-548.0
75.750828061,842346914752963179,842346914998517180,171,74,34840765000000,2026-09-10T09:14:30.173258+00:00,interpolated,137.0,922.0,-601.0
75.76971683,842346914771851948,842346914998517180,171,75,34840765000000,2026-09-10T09:14:30.173258+00:00,interpolated,176.0,907.0,-609.0
75.7886056,842346914790740718,842346914998517180,171,76,34840765000000,2026-09-10T09:14:30.173258+00:00,interpolated,206.0,869.0,-589.0
75.807494369,842346914809629487,842346914998517180,171,77,34840765000000,2026-09-10T09:14:30.173258+00:00,interpolated,219.0,850.0,-553.0
75.826383138,842346914828518256,842346914998517180,171,78,34840765000000,2026-09-10T09:14:30.173258+00:00,interpolated,214.0,844.0,-533.0
75.845271907,842346914847407025,842346914998517180,171,79,34840765000000,2026-09-10T09:14:30.173258+00:00,interpolated,205.0,842.0,-511.0
75.864160677,842346914866295795,842346914998517180,171,80,34840765000000,2026-09-10T09:14:30.173258+00:00,interpolated,176.0,846.0,-499.0
75.883049446,842346914885184564,842346914998517180,171,81,34840765000000,2026-09-10T09:14:30.173258+00:00,interpolated,141.0,854.0,-495.0
75.901938215,842346914904073333,842346914998517180,171,82,34840765000000,2026-09-10T09:14:30.173258+00:00,interpolated,131.0,849.0,-497.0
75.920826985,842346914922962103,842346914998517180,171,83,34840765000000,2026-09-10T09:14:30.173258+00:00,interpolated,141.0,846.0,-500.0
75.939715754,842346914941850872,842346914998517180,171,84,34840765000000,2026-09-10T09:14:30.173258+00:00,interpolated,142.0,846.0,-509.0
75.958604523,842346914960739641,842346914998517180,171,85,34840765000000,2026-09-10T09:14:30.173258+00:00,interpolated,144.0,866.0,-524.0
75.977493293,842346914979628411,842346914998517180,171,86,34840765000000,2026-09-10T09:14:30.173258+00:00,interpolated,148.0,882.0,-536.0
75.996382062,842346914998517180,842346914998517180,171,87,34840765000000,2026-09-10T09:14:30.173258+00:00,interpolated,149.0,885.0,-539.0
76.015270819,842346915017405937,842346916604061530,175,0,34842265000000,2026-09-10T09:14:31.673923+00:00,interpolated,155.0,889.0,-549.0
76.034159576,842346915036294694,842346916604061530,175,1,34842265000000,2026-09-10T09:14:31.673923+00:00,interpolated,155.0,892.0,-552.0
76.053048333,842346915055183451,842346916604061530,175,2,34842265000000,2026-09-10T09:14:31.673923+00:00,interpolated,158.0,894.0,-544.0
76.07193709,842346915074072208,842346916604061530,175,3,34842265000000,2026-09-10T09:14:31.673923+00:00,interpolated,156.0,891.0,-544.0
76.090825847,842346915092960965,842346916604061530,175,4,34842265000000,2026-09-10T09:14:31.673923+00:00,interpolated,164.0,883.0,-537.0
76.109714604,842346915111849722,842346916604061530,175,5,34842265000000,2026-09-10T09:14:31.673923+00:00,interpolated,164.0,874.0,-535.0
76.128603361,842346915130738479,842346916604061530,175,6,34842265000000,2026-09-10T09:14:31.673923+00:00,interpolated,152.0,877.0,-525.0
76.147492118,842346915149627236,842346916604061530,175,7,34842265000000,2026-09-10T09:14:31.673923+00:00,interpolated,150.0,881.0,-521.0
76.166380876,842346915168515994,842346916604061530,175,8,34842265000000,2026-09-10T09:14:31.673923+00:00,interpolated,140.0,878.0,-518.0
76.185269633,842346915187404751,842346916604061530,175,9,34842265000000,2026-09-10T09:14:31.673923+00:00,interpolated,144.0,871.0,-526.0
76.20415839,842346915206293508,842346916604061530,175,10,34842265000000,2026-09-10T09:14:31.673923+00:00,interpolated,151.0,877.0,-544.0
76.223047147,842346915225182265,842346916604061530,175,11,34842265000000,2026-09-10T09:14:31.673923+00:00,interpolated,172.0,898.0,-517.0
76.241935904,842346915244071022,842346916604061530,175,12,34842265000000,2026-09-10T09:14:31.673923+00:00,interpolated,168.0,939.0,-485.0
76.260824661,842346915262959779,842346916604061530,175,13,34842265000000,2026-09-10T09:14:31.673923+00:00,interpolated,151.0,946.0,-525.0
76.279713418,842346915281848536,842346916604061530,175,14,34842265000000,2026-09-10T09:14:31.673923+00:00,interpolated,138.0,935.0,-516.0
76.298602175,842346915300737293,842346916604061530,175,15,34842265000000,2026-09-10T09:14:31.673923+00:00,interpolated,101.0,912.0,-517.0
76.317490932,842346915319626050,842346916604061530,175,16,34842265000000,2026-09-10T09:14:31.673923+00:00,interpolated,82.0,875.0,-527.0
76.336379689,842346915338514807,842346916604061530,175,17,34842265000000,2026-09-10T09:14:31.673923+00:00,interpolated,79.0,824.0,-521.0
76.355268446,842346915357403564,842346916604061530,175,18,34842265000000,2026-09-10T09:14:31.673923+00:00,interpolated,107.0,795.0,-499.0
76.374157203,842346915376292321,842346916604061530,175,19,34842265000000,2026-09-10T09:14:31.673923+00:00,interpolated,145.0,792.0,-516.0
76.39304596,842346915395181078,842346916604061530,175,20,34842265000000,2026-09-10T09:14:31.673923+00:00,interpolated,178.0,801.0,-513.0
76.411934717,842346915414069835,842346916604061530,175,21,34842265000000,2026-09-10T09:14:31.673923+00:00,interpolated,192.0,811.0,-517.0
76.430823474,842346915432958592,842346916604061530,175,22,34842265000000,2026-09-10T09:14:31.673923+00:00,interpolated,202.0,827.0,-519.0
76.449712231,842346915451847349,842346916604061530,175,23,34842265000000,2026-09-10T09:14:31.673923+00:00,interpolated,208.0,855.0,-532.0
76.468600988,842346915470736106,842346916604061530,175,24,34842265000000,2026-09-10T09:14:31.673923+00:00,interpolated,187.0,879.0,-532.0
76.487489746,842346915489624864,842346916604061530,175,25,34842265000000,2026-09-10T09:14:31.673923+00:00,interpolated,184.0,900.0,-545.0
76.506378503,842346915508513621,842346916604061530,175,26,34842265000000,2026-09-10T09:14:31.673923+00:00,interpolated,173.0,914.0,-547.0
76.52526726,842346915527402378,842346916604061530,175,27,34842265000000,2026-09-10T09:14:31.673923+00:00,interpolated,151.0,902.0,-540.0
76.544156017,842346915546291135,842346916604061530,175,28,34842265000000,2026-09-10T09:14:31.673923+00:00,interpolated,147.0,870.0,-527.0
76.563044774,842346915565179892,842346916604061530,175,29,34842265000000,2026-09-10T09:14:31.673923+00:00,interpolated,169.0,865.0,-509.0
76.581933531,842346915584068649,842346916604061530,175,30,34842265000000,2026-09-10T09:14:31.673923+00:00,interpolated,170.0,876.0,-510.0
76.600822288,842346915602957406,842346916604061530,175,31,34842265000000,2026-09-10T09:14:31.673923+00:00,interpolated,167.0,876.0,-512.0
76.619711045,842346915621846163,842346916604061530,175,32,34842265000000,2026-09-10T09:14:31.673923+00:00,interpolated,171.0,886.0,-514.0
76.638599802,842346915640734920,842346916604061530,175,33,34842265000000,2026-09-10T09:14:31.673923+00:00,interpolated,182.0,887.0,-515.0
76.657488559,842346915659623677,842346916604061530,175,34,34842265000000,2026-09-10T09:14:31.673923+00:00,interpolated,163.0,905.0,-516.0
76.676377316,842346915678512434,842346916604061530,175,35,34842265000000,2026-09-10T09:14:31.673923+00:00,interpolated,158.0,899.0,-517.0
76.695266073,842346915697401191,842346916604061530,175,36,34842265000000,2026-09-10T09:14:31.673923+00:00,interpolated,150.0,895.0,-518.0
76.71415483,842346915716289948,842346916604061530,175,37,34842265000000,2026-09-10T09:14:31.673923+00:00,interpolated,150.0,890.0,-518.0
76.733043587,842346915735178705,842346916604061530,175,38,34842265000000,2026-09-10T09:14:31.673923+00:00,interpolated,162.0,883.0,-506.0
76.751932344,842346915754067462,842346916604061530,175,39,34842265000000,2026-09-10T09:14:31.673923+00:00,interpolated,163.0,877.0,-494.0
76.770821101,842346915772956219,842346916604061530,175,40,34842265000000,2026-09-10T09:14:31.673923+00:00,interpolated,173.0,869.0,-497.0
76.789709858,842346915791844976,842346916604061530,175,41,34842265000000,2026-09-10T09:14:31.673923+00:00,interpolated,182.0,862.0,-490.0
76.808598616,842346915810733734,842346916604061530,175,42,34842265000000,2026-09-10T09:14:31.673923+00:00,interpolated,176.0,873.0,-492.0
76.827487373,842346915829622491,842346916604061530,175,43,34842265000000,2026-09-10T09:14:31.673923+00:00,interpolated,175.0,880.0,-501.0
76.84637613,842346915848511248,842346916604061530,175,44,34842265000000,2026-09-10T09:14:31.673923+00:00,interpolated,160.0,884.0,-504.0
76.865264887,842346915867400005,842346916604061530,175,45,34842265000000,2026-09-10T09:14:31.673923+00:00,interpolated,160.0,889.0,-515.0
76.884153644,842346915886288762,842346916604061530,175,46,34842265000000,2026-09-10T09:14:31.673923+00:00,interpolated,168.0,877.0,-521.0
76.903042401,842346915905177519,842346916604061530,175,47,34842265000000,2026-09-10T09:14:31.673923+00:00,interpolated,174.0,883.0,-530.0
76.921931158,842346915924066276,842346916604061530,175,48,34842265000000,2026-09-10T09:14:31.673923+00:00,interpolated,168.0,885.0,-527.0
76.940819915,842346915942955033,842346916604061530,175,49,34842265000000,2026-09-10T09:14:31.673923+00:00,interpolated,178.0,886.0,-522.0
76.959708672,842346915961843790,842346916604061530,175,50,34842265000000,2026-09-10T09:14:31.673923+00:00,interpolated,181.0,884.0,-523.0
76.978597429,842346915980732547,842346916604061530,175,51,34842265000000,2026-09-10T09:14:31.673923+00:00,interpolated,182.0,884.0,-514.0
76.997486186,842346915999621304,842346916604061530,175,52,34842265000000,2026-09-10T09:14:31.673923+00:00,interpolated,171.0,880.0,-513.0
77.016374943,842346916018510061,842346916604061530,175,53,34842265000000,2026-09-10T09:14:31.673923+00:00,interpolated,168.0,879.0,-512.0
77.0352637,842346916037398818,842346916604061530,175,54,34842265000000,2026-09-10T09:14:31.673923+00:00,interpolated,169.0,870.0,-511.0
77.054152457,842346916056287575,842346916604061530,175,55,34842265000000,2026-09-10T09:14:31.673923+00:00,interpolated,167.0,879.0,-517.0
77.073041214,842346916075176332,842346916604061530,175,56,34842265000000,2026-09-10T09:14:31.673923+00:00,interpolated,165.0,877.0,-517.0
77.091929971,842346916094065089,842346916604061530,175,57,34842265000000,2026-09-10T09:14:31.673923+00:00,interpolated,165.0,879.0,-522.0
77.110818728,842346916112953846,842346916604061530,175,58,34842265000000,2026-09-10T09:14:31.673923+00:00,interpolated,158.0,869.0,-519.0
77.129707486,842346916131842604,842346916604061530,175,59,34842265000000,2026-09-10T09:14:31.673923+00:00,interpolated,162.0,858.0,-522.0
77.148596243,842346916150731361,842346916604061530,175,60,34842265000000,2026-09-10T09:14:31.673923+00:00,interpolated,169.0,867.0,-523.0
77.167485,842346916169620118,842346916604061530,175,61,34842265000000,2026-09-10T09:14:31.673923+00:00,interpolated,174.0,862.0,-522.0
77.186373757,842346916188508875,842346916604061530,175,62,34842265000000,2026-09-10T09:14:31.673923+00:00,interpolated,167.0,862.0,-520.0
77.205262514,842346916207397632,842346916604061530,175,63,34842265000000,2026-09-10T09:14:31.673923+00:00,interpolated,170.0,866.0,-522.0
77.224151271,842346916226286389,842346916604061530,175,64,34842265000000,2026-09-10T09:14:31.673923+00:00,interpolated,171.0,879.0,-523.0
77.243040028,842346916245175146,842346916604061530,175,65,34842265000000,2026-09-10T09:14:31.673923+00:00,interpolated,161.0,892.0,-528.0
77.261928785,842346916264063903,842346916604061530,175,66,34842265000000,2026-09-10T09:14:31.673923+00:00,interpolated,152.0,884.0,-527.0
77.280817542,842346916282952660,842346916604061530,175,67,34842265000000,2026-09-10T09:14:31.673923+00:00,interpolated,145.0,877.0,-520.0
77.299706299,842346916301841417,842346916604061530,175,68,34842265000000,2026-09-10T09:14:31.673923+00:00,interpolated,137.0,872.0,-520.0
77.318595056,842346916320730174,842346916604061530,175,69,34842265000000,2026-09-10T09:14:31.673923+00:00,interpolated,138.0,868.0,-526.0
77.337483813,842346916339618931,842346916604061530,175,70,34842265000000,2026-09-10T09:14:31.673923+00:00,interpolated,144.0,864.0,-517.0
77.35637257,842346916358507688,842346916604061530,175,71,34842265000000,2026-09-10T09:14:31.673923+00:00,interpolated,147.0,861.0,-515.0
77.375261327,842346916377396445,842346916604061530,175,72,34842265000000,2026-09-10T09:14:31.673923+00:00,interpolated,154.0,869.0,-518.0
77.394150084,842346916396285202,842346916604061530,175,73,34842265000000,2026-09-10T09:14:31.673923+00:00,interpolated,145.0,871.0,-525.0
77.413038841,842346916415173959,842346916604061530,175,74,34842265000000,2026-09-10T09:14:31.673923+00:00,interpolated,140.0,881.0,-536.0
77.431927598,842346916434062716,842346916604061530,175,75,34842265000000,2026-09-10T09:14:31.673923+00:00,interpolated,140.0,881.0,-531.0
77.450816356,842346916452951474,842346916604061530,175,76,34842265000000,2026-09-10T09:14:31.673923+00:00,interpolated,145.0,883.0,-535.0
77.469705113,842346916471840231,842346916604061530,175,77,34842265000000,2026-09-10T09:14:31.673923+00:00,interpolated,139.0,880.0,-538.0
77.48859387,842346916490728988,842346916604061530,175,78,34842265000000,2026-09-10T09:14:31.673923+00:00,interpolated,143.0,879.0,-546.0
77.507482627,842346916509617745,842346916604061530,175,79,34842265000000,2026-09-10T09:14:31.673923+00:00,interpolated,151.0,881.0,-539.0
77.526371384,842346916528506502,842346916604061530,175,80,34842265000000,2026-09-10T09:14:31.673923+00:00,interpolated,138.0,882.0,-536.0
77.545260141,842346916547395259,842346916604061530,175,81,34842265000000,2026-09-10T09:14:31.673923+00:00,interpolated,132.0,880.0,-537.0
77.564148898,842346916566284016,842346916604061530,175,82,34842265000000,2026-09-10T09:14:31.673923+00:00,interpolated,129.0,869.0,-531.0
77.583037655,842346916585172773,842346916604061530,175,83,34842265000000,2026-09-10T09:14:31.673923+00:00,interpolated,128.0,874.0,-523.0
77.601926412,842346916604061530,842346916604061530,175,84,34842265000000,2026-09-10T09:14:31.673923+00:00,interpolated,129.0,869.0,-526.0
77.620815203,842346916622950321,842346918379607926,179,0,34844234000000,2026-09-10T09:14:33.653402+00:00,interpolated,135.0,864.0,-529.0
77.639703995,842346916641839113,842346918379607926,179,1,34844234000000,2026-09-10T09:14:33.653402+00:00,interpolated,151.0,859.0,-525.0
77.658592786,842346916660727904,842346918379607926,179,2,34844234000000,2026-09-10T09:14:33.653402+00:00,interpolated,159.0,864.0,-529.0
77.677481578,842346916679616696,842346918379607926,179,3,34844234000000,2026-09-10T09:14:33.653402+00:00,interpolated,159.0,869.0,-540.0
77.696370369,842346916698505487,842346918379607926,179,4,34844234000000,2026-09-10T09:14:33.653402+00:00,interpolated,159.0,863.0,-538.0
77.715259161,842346916717394279,842346918379607926,179,5,34844234000000,2026-09-10T09:14:33.653402+00:00,interpolated,158.0,872.0,-539.0
77.734147952,842346916736283070,842346918379607926,179,6,34844234000000,2026-09-10T09:14:33.653402+00:00,interpolated,156.0,870.0,-544.0
77.753036744,842346916755171862,842346918379607926,179,7,34844234000000,2026-09-10T09:14:33.653402+00:00,interpolated,153.0,872.0,-546.0
77.771925535,842346916774060653,842346918379607926,179,8,34844234000000,2026-09-10T09:14:33.653402+00:00,interpolated,162.0,867.0,-547.0
77.790814326,842346916792949444,842346918379607926,179,9,34844234000000,2026-09-10T09:14:33.653402+00:00,interpolated,161.0,880.0,-542.0
77.809703118,842346916811838236,842346918379607926,179,10,34844234000000,2026-09-10T09:14:33.653402+00:00,interpolated,159.0,872.0,-538.0
77.828591909,842346916830727027,842346918379607926,179,11,34844234000000,2026-09-10T09:14:33.653402+00:00,interpolated,153.0,868.0,-544.0
77.847480701,842346916849615819,842346918379607926,179,12,34844234000000,2026-09-10T09:14:33.653402+00:00,interpolated,158.0,873.0,-547.0
77.866369492,842346916868504610,842346918379607926,179,13,34844234000000,2026-09-10T09:14:33.653402+00:00,interpolated,154.0,878.0,-544.0
77.885258284,842346916887393402,842346918379607926,179,14,34844234000000,2026-09-10T09:14:33.653402+00:00,interpolated,142.0,884.0,-532.0
77.904147075,842346916906282193,842346918379607926,179,15,34844234000000,2026-09-10T09:14:33.653402+00:00,interpolated,144.0,881.0,-535.0
77.923035867,842346916925170985,842346918379607926,179,16,34844234000000,2026-09-10T09:14:33.653402+00:00,interpolated,146.0,870.0,-525.0
77.941924658,842346916944059776,842346918379607926,179,17,34844234000000,2026-09-10T09:14:33.653402+00:00,interpolated,134.0,872.0,-524.0
77.960813449,842346916962948567,842346918379607926,179,18,34844234000000,2026-09-10T09:14:33.653402+00:00,interpolated,129.0,871.0,-519.0
77.979702241,842346916981837359,842346918379607926,179,19,34844234000000,2026-09-10T09:14:33.653402+00:00,interpolated,137.0,868.0,-527.0
77.998591032,842346917000726150,842346918379607926,179,20,34844234000000,2026-09-10T09:14:33.653402+00:00,interpolated,142.0,866.0,-525.0
78.017479824,842346917019614942,842346918379607926,179,21,34844234000000,2026-09-10T09:14:33.653402+00:00,interpolated,149.0,870.0,-526.0
78.036368615,842346917038503733,842346918379607926,179,22,34844234000000,2026-09-10T09:14:33.653402+00:00,interpolated,145.0,873.0,-532.0
78.055257407,842346917057392525,842346918379607926,179,23,34844234000000,2026-09-10T09:14:33.653402+00:00,interpolated,143.0,872.0,-542.0
78.074146198,842346917076281316,842346918379607926,179,24,34844234000000,2026-09-10T09:14:33.653402+00:00,interpolated,141.0,873.0,-553.0
78.09303499,842346917095170108,842346918379607926,179,25,34844234000000,2026-09-10T09:14:33.653402+00:00,interpolated,132.0,872.0,-554.0
78.111923781,842346917114058899,842346918379607926,179,26,34844234000000,2026-09-10T09:14:33.653402+00:00,interpolated,137.0,881.0,-578.0
78.130812573,842346917132947691,842346918379607926,179,27,34844234000000,2026-09-10T09:14:33.653402+00:00,interpolated,143.0,887.0,-586.0
78.149701364,842346917151836482,842346918379607926,179,28,34844234000000,2026-09-10T09:14:33.653402+00:00,interpolated,153.0,888.0,-584.0
78.168590155,842346917170725273,842346918379607926,179,29,34844234000000,2026-09-10T09:14:33.653402+00:00,interpolated,158.0,881.0,-578.0
78.187478947,842346917189614065,842346918379607926,179,30,34844234000000,2026-09-10T09:14:33.653402+00:00,interpolated,152.0,863.0,-561.0
78.206367738,842346917208502856,842346918379607926,179,31,34844234000000,2026-09-10T09:14:33.653402+00:00,interpolated,153.0,858.0,-543.0
78.22525653,842346917227391648,842346918379607926,179,32,34844234000000,2026-09-10T09:14:33.653402+00:00,interpolated,148.0,852.0,-550.0
78.244145321,842346917246280439,842346918379607926,179,33,34844234000000,2026-09-10T09:14:33.653402+00:00,interpolated,140.0,852.0,-542.0
78.263034113,842346917265169231,842346918379607926,179,34,34844234000000,2026-09-10T09:14:33.653402+00:00,interpolated,134.0,852.0,-543.0
78.281922904,842346917284058022,842346918379607926,179,35,34844234000000,2026-09-10T09:14:33.653402+00:00,interpolated,118.0,844.0,-542.0
78.300811696,842346917302946814,842346918379607926,179,36,34844234000000,2026-09-10T09:14:33.653402+00:00,interpolated,125.0,845.0,-540.0
78.319700487,842346917321835605,842346918379607926,179,37,34844234000000,2026-09-10T09:14:33.653402+00:00,interpolated,121.0,841.0,-541.0
78.338589278,842346917340724396,842346918379607926,179,38,34844234000000,2026-09-10T09:14:33.653402+00:00,interpolated,131.0,838.0,-543.0
78.35747807,842346917359613188,842346918379607926,179,39,34844234000000,2026-09-10T09:14:33.653402+00:00,interpolated,141.0,838.0,-540.0
78.376366861,842346917378501979,842346918379607926,179,40,34844234000000,2026-09-10T09:14:33.653402+00:00,interpolated,133.0,843.0,-550.0
78.395255653,842346917397390771,842346918379607926,179,41,34844234000000,2026-09-10T09:14:33.653402+00:00,interpolated,135.0,842.0,-558.0
78.414144444,842346917416279562,842346918379607926,179,42,34844234000000,2026-09-10T09:14:33.653402+00:00,interpolated,127.0,848.0,-567.0
78.433033236,842346917435168354,842346918379607926,179,43,34844234000000,2026-09-10T09:14:33.653402+00:00,interpolated,130.0,852.0,-578.0
78.451922027,842346917454057145,842346918379607926,179,44,34844234000000,2026-09-10T09:14:33.653402+00:00,interpolated,132.0,850.0,-582.0
78.470810819,842346917472945937,842346918379607926,179,45,34844234000000,2026-09-10T09:14:33.653402+00:00,interpolated,140.0,855.0,-584.0
78.48969961,842346917491834728,842346918379607926,179,46,34844234000000,2026-09-10T09:14:33.653402+00:00,interpolated,147.0,857.0,-585.0
78.508588401,842346917510723519,842346918379607926,179,47,34844234000000,2026-09-10T09:14:33.653402+00:00,interpolated,152.0,861.0,-585.0
78.527477193,842346917529612311,842346918379607926,179,48,34844234000000,2026-09-10T09:14:33.653402+00:00,interpolated,143.0,869.0,-581.0
78.546365984,842346917548501102,842346918379607926,179,49,34844234000000,2026-09-10T09:14:33.653402+00:00,interpolated,147.0,855.0,-577.0
78.565254776,842346917567389894,842346918379607926,179,50,34844234000000,2026-09-10T09:14:33.653402+00:00,interpolated,145.0,850.0,-578.0
78.584143567,842346917586278685,842346918379607926,179,51,34844234000000,2026-09-10T09:14:33.653402+00:00,interpolated,149.0,855.0,-573.0
78.603032359,842346917605167477,842346918379607926,179,52,34844234000000,2026-09-10T09:14:33.653402+00:00,interpolated,148.0,861.0,-567.0
78.62192115,842346917624056268,842346918379607926,179,53,34844234000000,2026-09-10T09:14:33.653402+00:00,interpolated,154.0,853.0,-568.0
78.640809942,842346917642945060,842346918379607926,179,54,34844234000000,2026-09-10T09:14:33.653402+00:00,interpolated,167.0,848.0,-570.0
78.659698733,842346917661833851,842346918379607926,179,55,34844234000000,2026-09-10T09:14:33.653402+00:00,interpolated,164.0,852.0,-569.0
78.678587524,842346917680722642,842346918379607926,179,56,34844234000000,2026-09-10T09:14:33.653402+00:00,interpolated,168.0,842.0,-571.0
78.697476316,842346917699611434,842346918379607926,179,57,34844234000000,2026-09-10T09:14:33.653402+00:00,interpolated,161.0,834.0,-568.0
78.716365107,842346917718500225,842346918379607926,179,58,34844234000000,2026-09-10T09:14:33.653402+00:00,interpolated,154.0,827.0,-575.0
78.735253899,842346917737389017,842346918379607926,179,59,34844234000000,2026-09-10T09:14:33.653402+00:00,interpolated,154.0,827.0,-577.0
78.75414269,842346917756277808,842346918379607926,179,60,34844234000000,2026-09-10T09:14:33.653402+00:00,interpolated,163.0,829.0,-578.0
78.773031482,842346917775166600,842346918379607926,179,61,34844234000000,2026-09-10T09:14:33.653402+00:00,interpolated,160.0,833.0,-569.0
78.791920273,842346917794055391,842346918379607926,179,62,34844234000000,2026-09-10T09:14:33.653402+00:00,interpolated,158.0,835.0,-568.0
78.810809065,842346917812944183,842346918379607926,179,63,34844234000000,2026-09-10T09:14:33.653402+00:00,interpolated,157.0,834.0,-561.0
78.829697856,842346917831832974,842346918379607926,179,64,34844234000000,2026-09-10T09:14:33.653402+00:00,interpolated,147.0,832.0,-565.0
78.848586647,842346917850721765,842346918379607926,179,65,34844234000000,2026-09-10T09:14:33.653402+00:00,interpolated,149.0,830.0,-565.0
78.867475439,842346917869610557,842346918379607926,179,66,34844234000000,2026-09-10T09:14:33.653402+00:00,interpolated,146.0,835.0,-562.0
78.88636423,842346917888499348,842346918379607926,179,67,34844234000000,2026-09-10T09:14:33.653402+00:00,interpolated,133.0,832.0,-561.0
78.905253022,842346917907388140,842346918379607926,179,68,34844234000000,2026-09-10T09:14:33.653402+00:00,interpolated,144.0,833.0,-569.0
78.924141813,842346917926276931,842346918379607926,179,69,34844234000000,2026-09-10T09:14:33.653402+00:00,interpolated,148.0,824.0,-570.0
78.943030605,842346917945165723,842346918379607926,179,70,34844234000000,2026-09-10T09:14:33.653402+00:00,interpolated,145.0,825.0,-576.0
78.961919396,842346917964054514,842346918379607926,179,71,34844234000000,2026-09-10T09:14:33.653402+00:00,interpolated,148.0,833.0,-580.0
78.980808188,842346917982943306,842346918379607926,179,72,34844234000000,2026-09-10T09:14:33.653402+00:00,interpolated,151.0,841.0,-588.0
78.999696979,842346918001832097,842346918379607926,179,73,34844234000000,2026-09-10T09:14:33.653402+00:00,interpolated,149.0,837.0,-593.0
79.018585771,842346918020720889,842346918379607926,179,74,34844234000000,2026-09-10T09:14:33.653402+00:00,interpolated,146.0,837.0,-593.0
79.037474562,842346918039609680,842346918379607926,179,75,34844234000000,2026-09-10T09:14:33.653402+00:00,interpolated,157.0,832.0,-591.0
79.056363353,842346918058498471,842346918379607926,179,76,34844234000000,2026-09-10T09:14:33.653402+00:00,interpolated,151.0,835.0,-592.0
79.075252145,842346918077387263,842346918379607926,179,77,34844234000000,2026-09-10T09:14:33.653402+00:00,interpolated,149.0,840.0,-587.0
79.094140936,842346918096276054,842346918379607926,179,78,34844234000000,2026-09-10T09:14:33.653402+00:00,interpolated,157.0,835.0,-587.0
79.113029728,842346918115164846,842346918379607926,179,79,34844234000000,2026-09-10T09:14:33.653402+00:00,interpolated,158.0,825.0,-590.0
79.131918519,842346918134053637,842346918379607926,179,80,34844234000000,2026-09-10T09:14:33.653402+00:00,interpolated,154.0,829.0,-590.0
79.150807311,842346918152942429,842346918379607926,179,81,34844234000000,2026-09-10T09:14:33.653402+00:00,interpolated,150.0,843.0,-592.0
79.169696102,842346918171831220,842346918379607926,179,82,34844234000000,2026-09-10T09:14:33.653402+00:00,interpolated,152.0,838.0,-589.0
79.188584894,842346918190720012,842346918379607926,179,83,34844234000000,2026-09-10T09:14:33.653402+00:00,interpolated,148.0,829.0,-583.0
79.207473685,842346918209608803,842346918379607926,179,84,34844234000000,2026-09-10T09:14:33.653402+00:00,interpolated,146.0,830.0,-582.0
79.226362476,842346918228497594,842346918379607926,179,85,34844234000000,2026-09-10T09:14:33.653402+00:00,interpolated,144.0,832.0,-579.0
79.245251268,842346918247386386,842346918379607926,179,86,34844234000000,2026-09-10T09:14:33.653402+00:00,interpolated,151.0,831.0,-586.0
79.264140059,842346918266275177,842346918379607926,179,87,34844234000000,2026-09-10T09:14:33.653402+00:00,interpolated,155.0,828.0,-588.0
79.283028851,842346918285163969,842346918379607926,179,88,34844234000000,2026-09-10T09:14:33.653402+00:00,interpolated,155.0,823.0,-586.0
79.301917642,842346918304052760,842346918379607926,179,89,34844234000000,2026-09-10T09:14:33.653402+00:00,interpolated,159.0,832.0,-587.0
79.320806434,842346918322941552,842346918379607926,179,90,34844234000000,2026-09-10T09:14:33.653402+00:00,interpolated,154.0,835.0,-589.0
79.339695225,842346918341830343,842346918379607926,179,91,34844234000000,2026-09-10T09:14:33.653402+00:00,interpolated,158.0,831.0,-591.0
79.358584017,842346918360719135,842346918379607926,179,92,34844234000000,2026-09-10T09:14:33.653402+00:00,interpolated,148.0,833.0,-590.0
79.377472808,842346918379607926,842346918379607926,179,93,34844234000000,2026-09-10T09:14:33.653402+00:00,interpolated,151.0,837.0,-583.0
79.396361556,842346918398496674,842346919947374044,182,0,34845656000000,2026-09-10T09:14:35.063249+00:00,interpolated,148.0,838.0,-589.0
79.415250305,842346918417385423,842346919947374044,182,1,34845656000000,2026-09-10T09:14:35.063249+00:00,interpolated,152.0,837.0,-582.0
79.434139053,842346918436274171,842346919947374044,182,2,34845656000000,2026-09-10T09:14:35.063249+00:00,interpolated,158.0,831.0,-580.0
79.453027802,842346918455162920,842346919947374044,182,3,34845656000000,2026-09-10T09:14:35.063249+00:00,interpolated,156.0,838.0,-577.0
79.47191655,842346918474051668,842346919947374044,182,4,34845656000000,2026-09-10T09:14:35.063249+00:00,interpolated,154.0,828.0,-583.0
79.490805298,842346918492940416,842346919947374044,182,5,34845656000000,2026-09-10T09:14:35.063249+00:00,interpolated,154.0,828.0,-585.0
79.509694047,842346918511829165,842346919947374044,182,6,34845656000000,2026-09-10T09:14:35.063249+00:00,interpolated,145.0,833.0,-590.0
79.528582795,842346918530717913,842346919947374044,182,7,34845656000000,2026-09-10T09:14:35.063249+00:00,interpolated,143.0,841.0,-588.0
79.547471544,842346918549606662,842346919947374044,182,8,34845656000000,2026-09-10T09:14:35.063249+00:00,interpolated,150.0,841.0,-584.0
79.566360292,842346918568495410,842346919947374044,182,9,34845656000000,2026-09-10T09:14:35.063249+00:00,interpolated,156.0,835.0,-577.0
79.585249041,842346918587384159,842346919947374044,182,10,34845656000000,2026-09-10T09:14:35.063249+00:00,interpolated,150.0,834.0,-586.0
79.604137789,842346918606272907,842346919947374044,182,11,34845656000000,2026-09-10T09:14:35.063249+00:00,interpolated,147.0,838.0,-586.0
79.623026537,842346918625161655,842346919947374044,182,12,34845656000000,2026-09-10T09:14:35.063249+00:00,interpolated,150.0,836.0,-584.0
79.641915286,842346918644050404,842346919947374044,182,13,34845656000000,2026-09-10T09:14:35.063249+00:00,interpolated,152.0,842.0,-582.0
79.660804034,842346918662939152,842346919947374044,182,14,34845656000000,2026-09-10T09:14:35.063249+00:00,interpolated,150.0,841.0,-584.0
79.679692783,842346918681827901,842346919947374044,182,15,34845656000000,2026-09-10T09:14:35.063249+00:00,interpolated,147.0,835.0,-587.0
79.698581531,842346918700716649,842346919947374044,182,16,34845656000000,2026-09-10T09:14:35.063249+00:00,interpolated,151.0,831.0,-585.0
79.717470279,842346918719605397,842346919947374044,182,17,34845656000000,2026-09-10T09:14:35.063249+00:00,interpolated,149.0,832.0,-587.0
79.736359028,842346918738494146,842346919947374044,182,18,34845656000000,2026-09-10T09:14:35.063249+00:00,interpolated,153.0,834.0,-581.0
79.755247776,842346918757382894,842346919947374044,182,19,34845656000000,2026-09-10T09:14:35.063249+00:00,interpolated,146.0,826.0,-581.0
79.774136525,842346918776271643,842346919947374044,182,20,34845656000000,2026-09-10T09:14:35.063249+00:00,interpolated,144.0,834.0,-585.0
79.793025273,842346918795160391,842346919947374044,182,21,34845656000000,2026-09-10T09:14:35.063249+00:00,interpolated,150.0,836.0,-589.0
79.811914021,842346918814049139,842346919947374044,182,22,34845656000000,2026-09-10T09:14:35.063249+00:00,interpolated,146.0,839.0,-584.0
79.83080277,842346918832937888,842346919947374044,182,23,34845656000000,2026-09-10T09:14:35.063249+00:00,interpolated,149.0,837.0,-583.0
79.849691518,842346918851826636,842346919947374044,182,24,34845656000000,2026-09-10T09:14:35.063249+00:00,interpolated,151.0,834.0,-583.0
79.868580267,842346918870715385,842346919947374044,182,25,34845656000000,2026-09-10T09:14:35.063249+00:00,interpolated,150.0,831.0,-583.0
79.887469015,842346918889604133,842346919947374044,182,26,34845656000000,2026-09-10T09:14:35.063249+00:00,interpolated,147.0,844.0,-578.0
79.906357763,842346918908492881,842346919947374044,182,27,34845656000000,2026-09-10T09:14:35.063249+00:00,interpolated,150.0,837.0,-580.0
79.925246512,842346918927381630,842346919947374044,182,28,34845656000000,2026-09-10T09:14:35.063249+00:00,interpolated,156.0,834.0,-583.0
79.94413526,842346918946270378,842346919947374044,182,29,34845656000000,2026-09-10T09:14:35.063249+00:00,interpolated,159.0,831.0,-582.0
79.963024009,842346918965159127,842346919947374044,182,30,34845656000000,2026-09-10T09:14:35.063249+00:00,interpolated,158.0,831.0,-585.0
79.981912757,842346918984047875,842346919947374044,182,31,34845656000000,2026-09-10T09:14:35.063249+00:00,interpolated,152.0,835.0,-588.0
80.000801506,842346919002936624,842346919947374044,182,32,34845656000000,2026-09-10T09:14:35.063249+00:00,interpolated,144.0,838.0,-594.0
80.019690254,842346919021825372,842346919947374044,182,33,34845656000000,2026-09-10T09:14:35.063249+00:00,interpolated,147.0,837.0,-595.0
80.038579002,842346919040714120,842346919947374044,182,34,34845656000000,2026-09-10T09:14:35.063249+00:00,interpolated,151.0,826.0,-597.0
80.057467751,842346919059602869,842346919947374044,182,35,34845656000000,2026-09-10T09:14:35.063249+00:00,interpolated,156.0,828.0,-587.0
80.076356499,842346919078491617,842346919947374044,182,36,34845656000000,2026-09-10T09:14:35.063249+00:00,interpolated,154.0,829.0,-587.0
80.095245248,842346919097380366,842346919947374044,182,37,34845656000000,2026-09-10T09:14:35.063249+00:00,interpolated,154.0,831.0,-592.0
80.114133996,842346919116269114,842346919947374044,182,38,34845656000000,2026-09-10T09:14:35.063249+00:00,interpolated,155.0,839.0,-590.0
80.133022744,842346919135157862,842346919947374044,182,39,34845656000000,2026-09-10T09:14:35.063249+00:00,interpolated,149.0,832.0,-586.0
80.151911493,842346919154046611,842346919947374044,182,40,34845656000000,2026-09-10T09:14:35.063249+00:00,interpolated,146.0,826.0,-587.0
80.170800241,842346919172935359,842346919947374044,182,41,34845656000000,2026-09-10T09:14:35.063249+00:00,interpolated,141.0,832.0,-593.0
80.18968899,842346919191824108,842346919947374044,182,42,34845656000000,2026-09-10T09:14:35.063249+00:00,interpolated,143.0,832.0,-585.0
80.208577738,842346919210712856,842346919947374044,182,43,34845656000000,2026-09-10T09:14:35.063249+00:00,interpolated,155.0,838.0,-587.0
80.227466486,842346919229601604,842346919947374044,182,44,34845656000000,2026-09-10T09:14:35.063249+00:00,interpolated,154.0,832.0,-587.0
80.246355235,842346919248490353,842346919947374044,182,45,34845656000000,2026-09-10T09:14:35.063249+00:00,interpolated,154.0,831.0,-585.0
80.265243983,842346919267379101,842346919947374044,182,46,34845656000000,2026-09-10T09:14:35.063249+00:00,interpolated,154.0,833.0,-589.0
80.284132732,842346919286267850,842346919947374044,182,47,34845656000000,2026-09-10T09:14:35.063249+00:00,interpolated,155.0,835.0,-587.0
80.30302148,842346919305156598,842346919947374044,182,48,34845656000000,2026-09-10T09:14:35.063249+00:00,interpolated,151.0,836.0,-592.0
80.321910228,842346919324045346,842346919947374044,182,49,34845656000000,2026-09-10T09:14:35.063249+00:00,interpolated,148.0,829.0,-588.0
80.340798977,842346919342934095,842346919947374044,182,50,34845656000000,2026-09-10T09:14:35.063249+00:00,interpolated,150.0,826.0,-589.0
80.359687725,842346919361822843,842346919947374044,182,51,34845656000000,2026-09-10T09:14:35.063249+00:00,interpolated,151.0,830.0,-589.0
80.378576474,842346919380711592,842346919947374044,182,52,34845656000000,2026-09-10T09:14:35.063249+00:00,interpolated,154.0,837.0,-583.0
80.397465222,842346919399600340,842346919947374044,182,53,34845656000000,2026-09-10T09:14:35.063249+00:00,interpolated,155.0,822.0,-584.0
80.416353971,842346919418489089,842346919947374044,182,54,34845656000000,2026-09-10T09:14:35.063249+00:00,interpolated,151.0,827.0,-584.0
80.435242719,842346919437377837,842346919947374044,182,55,34845656000000,2026-09-10T09:14:35.063249+00:00,interpolated,158.0,837.0,-584.0
80.454131467,842346919456266585,842346919947374044,182,56,34845656000000,2026-09-10T09:14:35.063249+00:00,interpolated,154.0,843.0,-589.0
80.473020216,842346919475155334,842346919947374044,182,57,34845656000000,2026-09-10T09:14:35.063249+00:00,interpolated,145.0,847.0,-584.0
80.491908964,842346919494044082,842346919947374044,182,58,34845656000000,2026-09-10T09:14:35.063249+00:00,interpolated,156.0,837.0,-588.0
80.510797713,842346919512932831,842346919947374044,182,59,34845656000000,2026-09-10T09:14:35.063249+00:00,interpolated,147.0,827.0,-585.0
80.529686461,842346919531821579,842346919947374044,182,60,34845656000000,2026-09-10T09:14:35.063249+00:00,interpolated,149.0,829.0,-576.0
80.548575209,842346919550710327,842346919947374044,182,61,34845656000000,2026-09-10T09:14:35.063249+00:00,interpolated,151.0,831.0,-579.0
80.567463958,842346919569599076,842346919947374044,182,62,34845656000000,2026-09-10T09:14:35.063249+00:00,interpolated,155.0,824.0,-583.0
80.586352706,842346919588487824,842346919947374044,182,63,34845656000000,2026-09-10T09:14:35.063249+00:00,interpolated,153.0,822.0,-586.0
80.605241455,842346919607376573,842346919947374044,182,64,34845656000000,2026-09-10T09:14:35.063249+00:00,interpolated,150.0,823.0,-585.0
80.624130203,842346919626265321,842346919947374044,182,65,34845656000000,2026-09-10T09:14:35.063249+00:00,interpolated,145.0,832.0,-593.0
80.643018951,842346919645154069,842346919947374044,182,66,34845656000000,2026-09-10T09:14:35.063249+00:00,interpolated,144.0,843.0,-611.0
80.6619077,842346919664042818,842346919947374044,182,67,34845656000000,2026-09-10T09:14:35.063249+00:00,interpolated,137.0,842.0,-633.0
80.680796448,842346919682931566,842346919947374044,182,68,34845656000000,2026-09-10T09:14:35.063249+00:00,interpolated,135.0,839.0,-630.0
80.699685197,842346919701820315,842346919947374044,182,69,34845656000000,2026-09-10T09:14:35.063249+00:00,interpolated,155.0,823.0,-635.0
80.718573945,842346919720709063,842346919947374044,182,70,34845656000000,2026-09-10T09:14:35.063249+00:00,interpolated,152.0,801.0,-629.0
80.737462693,842346919739597811,842346919947374044,182,71,34845656000000,2026-09-10T09:14:35.063249+00:00,interpolated,153.0,791.0,-633.0
80.756351442,842346919758486560,842346919947374044,182,72,34845656000000,2026-09-10T09:14:35.063249+00:00,interpolated,180.0,737.0,-645.0
80.77524019,842346919777375308,842346919947374044,182,73,34845656000000,2026-09-10T09:14:35.063249+00:00,interpolated,234.0,685.0,-636.0
80.794128939,842346919796264057,842346919947374044,182,74,34845656000000,2026-09-10T09:14:35.063249+00:00,interpolated,252.0,695.0,-616.0
80.813017687,842346919815152805,842346919947374044,182,75,34845656000000,2026-09-10T09:14:35.063249+00:00,interpolated,199.0,701.0,-586.0
80.831906436,842346919834041554,842346919947374044,182,76,34845656000000,2026-09-10T09:14:35.063249+00:00,interpolated,139.0,726.0,-601.0
80.850795184,842346919852930302,842346919947374044,182,77,34845656000000,2026-09-10T09:14:35.063249+00:00,interpolated,83.0,777.0,-596.0
80.869683932,842346919871819050,842346919947374044,182,78,34845656000000,2026-09-10T09:14:35.063249+00:00,interpolated,162.0,797.0,-555.0
80.888572681,842346919890707799,842346919947374044,182,79,34845656000000,2026-09-10T09:14:35.063249+00:00,interpolated,356.0,688.0,-550.0
80.907461429,842346919909596547,842346919947374044,182,80,34845656000000,2026-09-10T09:14:35.063249+00:00,interpolated,393.0,723.0,-589.0
80.926350178,842346919928485296,842346919947374044,182,81,34845656000000,2026-09-10T09:14:35.063249+00:00,interpolated,389.0,759.0,-658.0
80.945238926,842346919947374044,842346919947374044,182,82,34845656000000,2026-09-10T09:14:35.063249+00:00,interpolated,375.0,770.0,-655.0
80.964127612,842346919966262730,842346921288470770,186,0,34847171000000,2026-09-10T09:14:36.593079+00:00,interpolated,372.0,757.0,-672.0
80.983016299,842346919985151417,842346921288470770,186,1,34847171000000,2026-09-10T09:14:36.593079+00:00,interpolated,393.0,754.0,-680.0
81.001904985,842346920004040103,842346921288470770,186,2,34847171000000,2026-09-10T09:14:36.593079+00:00,interpolated,424.0,729.0,-654.0
81.020793671,842346920022928789,842346921288470770,186,3,34847171000000,2026-09-10T09:14:36.593079+00:00,interpolated,407.0,729.0,-630.0
81.039682357,842346920041817475,842346921288470770,186,4,34847171000000,2026-09-10T09:14:36.593079+00:00,interpolated,361.0,738.0,-614.0
81.058571044,842346920060706162,842346921288470770,186,5,34847171000000,2026-09-10T09:14:36.593079+00:00,interpolated,341.0,740.0,-615.0
81.07745973,842346920079594848,842346921288470770,186,6,34847171000000,2026-09-10T09:14:36.593079+00:00,interpolated,320.0,771.0,-621.0
81.096348416,842346920098483534,842346921288470770,186,7,34847171000000,2026-09-10T09:14:36.593079+00:00,interpolated,303.0,792.0,-617.0
81.115237103,842346920117372221,842346921288470770,186,8,34847171000000,2026-09-10T09:14:36.593079+00:00,interpolated,309.0,796.0,-596.0
81.134125789,842346920136260907,842346921288470770,186,9,34847171000000,2026-09-10T09:14:36.593079+00:00,interpolated,334.0,774.0,-588.0
81.153014475,842346920155149593,842346921288470770,186,10,34847171000000,2026-09-10T09:14:36.593079+00:00,interpolated,334.0,774.0,-590.0
81.171903161,842346920174038279,842346921288470770,186,11,34847171000000,2026-09-10T09:14:36.593079+00:00,interpolated,341.0,774.0,-587.0
81.190791848,842346920192926966,842346921288470770,186,12,34847171000000,2026-09-10T09:14:36.593079+00:00,interpolated,353.0,759.0,-581.0
81.209680534,842346920211815652,842346921288470770,186,13,34847171000000,2026-09-10T09:14:36.593079+00:00,interpolated,365.0,744.0,-575.0
81.22856922,842346920230704338,842346921288470770,186,14,34847171000000,2026-09-10T09:14:36.593079+00:00,interpolated,365.0,749.0,-580.0
81.247457907,842346920249593025,842346921288470770,186,15,34847171000000,2026-09-10T09:14:36.593079+00:00,interpolated,355.0,737.0,-581.0
81.266346593,842346920268481711,842346921288470770,186,16,34847171000000,2026-09-10T09:14:36.593079+00:00,interpolated,334.0,722.0,-590.0
81.285235279,842346920287370397,842346921288470770,186,17,34847171000000,2026-09-10T09:14:36.593079+00:00,interpolated,323.0,740.0,-578.0
81.304123965,842346920306259083,842346921288470770,186,18,34847171000000,2026-09-10T09:14:36.593079+00:00,interpolated,330.0,747.0,-575.0
81.323012652,842346920325147770,842346921288470770,186,19,34847171000000,2026-09-10T09:14:36.593079+00:00,interpolated,347.0,734.0,-566.0
81.341901338,842346920344036456,842346921288470770,186,20,34847171000000,2026-09-10T09:14:36.593079+00:00,interpolated,366.0,730.0,-566.0
81.360790024,842346920362925142,842346921288470770,186,21,34847171000000,2026-09-10T09:14:36.593079+00:00,interpolated,388.0,744.0,-571.0
81.37967871,842346920381813828,842346921288470770,186,22,34847171000000,2026-09-10T09:14:36.593079+00:00,interpolated,397.0,777.0,-590.0
81.398567397,842346920400702515,842346921288470770,186,23,34847171000000,2026-09-10T09:14:36.593079+00:00,interpolated,377.0,803.0,-589.0
81.417456083,842346920419591201,842346921288470770,186,24,34847171000000,2026-09-10T09:14:36.593079+00:00,interpolated,343.0,786.0,-590.0
81.436344769,842346920438479887,842346921288470770,186,25,34847171000000,2026-09-10T09:14:36.593079+00:00,interpolated,330.0,789.0,-584.0
81.455233456,842346920457368574,842346921288470770,186,26,34847171000000,2026-09-10T09:14:36.593079+00:00,interpolated,366.0,793.0,-576.0
81.474122142,842346920476257260,842346921288470770,186,27,34847171000000,2026-09-10T09:14:36.593079+00:00,interpolated,408.0,773.0,-586.0
81.493010828,842346920495145946,842346921288470770,186,28,34847171000000,2026-09-10T09:14:36.593079+00:00,interpolated,415.0,760.0,-598.0
81.511899514,842346920514034632,842346921288470770,186,29,34847171000000,2026-09-10T09:14:36.593079+00:00,interpolated,391.0,750.0,-595.0
81.530788201,842346920532923319,842346921288470770,186,30,34847171000000,2026-09-10T09:14:36.593079+00:00,interpolated,366.0,748.0,-604.0
81.549676887,842346920551812005,842346921288470770,186,31,34847171000000,2026-09-10T09:14:36.593079+00:00,interpolated,355.0,752.0,-607.0
81.568565573,842346920570700691,842346921288470770,186,32,34847171000000,2026-09-10T09:14:36.593079+00:00,interpolated,345.0,753.0,-631.0
81.58745426,842346920589589378,842346921288470770,186,33,34847171000000,2026-09-10T09:14:36.593079+00:00,interpolated,322.0,754.0,-631.0
81.606342946,842346920608478064,842346921288470770,186,34,34847171000000,2026-09-10T09:14:36.593079+00:00,interpolated,299.0,723.0,-609.0
81.625231632,842346920627366750,842346921288470770,186,35,34847171000000,2026-09-10T09:14:36.593079+00:00,interpolated,288.0,718.0,-569.0
81.644120318,842346920646255436,842346921288470770,186,36,34847171000000,2026-09-10T09:14:36.593079+00:00,interpolated,310.0,732.0,-560.0
81.663009005,842346920665144123,842346921288470770,186,37,34847171000000,2026-09-10T09:14:36.593079+00:00,interpolated,302.0,761.0,-574.0
81.681897691,842346920684032809,842346921288470770,186,38,34847171000000,2026-09-10T09:14:36.593079+00:00,interpolated,270.0,772.0,-592.0
81.700786377,842346920702921495,842346921288470770,186,39,34847171000000,2026-09-10T09:14:36.593079+00:00,interpolated,258.0,763.0,-592.0
81.719675064,842346920721810182,842346921288470770,186,40,34847171000000,2026-09-10T09:14:36.593079+00:00,interpolated,274.0,750.0,-580.0
81.73856375,842346920740698868,842346921288470770,186,41,34847171000000,2026-09-10T09:14:36.593079+00:00,interpolated,298.0,747.0,-573.0
81.757452436,842346920759587554,842346921288470770,186,42,34847171000000,2026-09-10T09:14:36.593079+00:00,interpolated,320.0,761.0,-574.0
81.776341122,842346920778476240,842346921288470770,186,43,34847171000000,2026-09-10T09:14:36.593079+00:00,interpolated,331.0,761.0,-576.0
81.795229809,842346920797364927,842346921288470770,186,44,34847171000000,2026-09-10T09:14:36.593079+00:00,interpolated,338.0,743.0,-590.0
81.814118495,842346920816253613,842346921288470770,186,45,34847171000000,2026-09-10T09:14:36.593079+00:00,interpolated,352.0,742.0,-607.0
81.833007181,842346920835142299,842346921288470770,186,46,34847171000000,2026-09-10T09:14:36.593079+00:00,interpolated,381.0,744.0,-598.0
81.851895868,842346920854030986,842346921288470770,186,47,34847171000000,2026-09-10T09:14:36.593079+00:00,interpolated,384.0,728.0,-584.0
81.870784554,842346920872919672,842346921288470770,186,48,34847171000000,2026-09-10T09:14:36.593079+00:00,interpolated,363.0,755.0,-618.0
81.88967324,842346920891808358,842346921288470770,186,49,34847171000000,2026-09-10T09:14:36.593079+00:00,interpolated,379.0,801.0,-627.0
81.908561926,842346920910697044,842346921288470770,186,50,34847171000000,2026-09-10T09:14:36.593079+00:00,interpolated,375.0,815.0,-596.0
81.927450613,842346920929585731,842346921288470770,186,51,34847171000000,2026-09-10T09:14:36.593079+00:00,interpolated,287.0,855.0,-571.0
81.946339299,842346920948474417,842346921288470770,186,52,34847171000000,2026-09-10T09:14:36.593079+00:00,interpolated,190.0,864.0,-604.0
81.965227985,842346920967363103,842346921288470770,186,53,34847171000000,2026-09-10T09:14:36.593079+00:00,interpolated,147.0,851.0,-626.0
81.984116671,842346920986251789,842346921288470770,186,54,34847171000000,2026-09-10T09:14:36.593079+00:00,interpolated,130.0,829.0,-640.0
82.003005358,842346921005140476,842346921288470770,186,55,34847171000000,2026-09-10T09:14:36.593079+00:00,interpolated,149.0,814.0,-644.0
82.021894044,842346921024029162,842346921288470770,186,56,34847171000000,2026-09-10T09:14:36.593079+00:00,interpolated,197.0,821.0,-620.0
82.04078273,842346921042917848,842346921288470770,186,57,34847171000000,2026-09-10T09:14:36.593079+00:00,interpolated,253.0,819.0,-597.0
82.059671417,842346921061806535,842346921288470770,186,58,34847171000000,2026-09-10T09:14:36.593079+00:00,interpolated,258.0,825.0,-585.0
82.078560103,842346921080695221,842346921288470770,186,59,34847171000000,2026-09-10T09:14:36.593079+00:00,interpolated,244.0,817.0,-589.0
82.097448789,842346921099583907,842346921288470770,186,60,34847171000000,2026-09-10T09:14:36.593079+00:00,interpolated,228.0,813.0,-586.0
82.116337475,842346921118472593,842346921288470770,186,61,34847171000000,2026-09-10T09:14:36.593079+00:00,interpolated,200.0,825.0,-569.0
82.135226162,842346921137361280,842346921288470770,186,62,34847171000000,2026-09-10T09:14:36.593079+00:00,interpolated,172.0,831.0,-557.0
82.154114848,842346921156249966,842346921288470770,186,63,34847171000000,2026-09-10T09:14:36.593079+00:00,interpolated,146.0,849.0,-546.0
82.173003534,842346921175138652,842346921288470770,186,64,34847171000000,2026-09-10T09:14:36.593079+00:00,interpolated,148.0,850.0,-549.0
82.191892221,842346921194027339,842346921288470770,186,65,34847171000000,2026-09-10T09:14:36.593079+00:00,interpolated,176.0,849.0,-545.0
82.210780907,842346921212916025,842346921288470770,186,66,34847171000000,2026-09-10T09:14:36.593079+00:00,interpolated,173.0,856.0,-522.0
82.229669593,842346921231804711,842346921288470770,186,67,34847171000000,2026-09-10T09:14:36.593079+00:00,interpolated,180.0,838.0,-528.0
82.248558279,842346921250693397,842346921288470770,186,68,34847171000000,2026-09-10T09:14:36.593079+00:00,interpolated,181.0,821.0,-529.0
82.267446966,842346921269582084,842346921288470770,186,69,34847171000000,2026-09-10T09:14:36.593079+00:00,interpolated,184.0,812.0,-544.0
82.286335652,842346921288470770,842346921288470770,186,70,34847171000000,2026-09-10T09:14:36.593079+00:00,interpolated,181.0,816.0,-548.0
82.305224768,842346921307359886,842346923064047682,189,0,34848734000000,2026-09-10T09:14:38.153545+00:00,interpolated,165.0,818.0,-570.0
82.324113884,842346921326249002,842346923064047682,189,1,34848734000000,2026-09-10T09:14:38.153545+00:00,interpolated,154.0,832.0,-574.0
82.343003,842346921345138118,842346923064047682,189,2,34848734000000,2026-09-10T09:14:38.153545+00:00,interpolated,164.0,842.0,-570.0
82.361892116,842346921364027234,842346923064047682,189,3,34848734000000,2026-09-10T09:14:38.153545+00:00,interpolated,178.0,841.0,-554.0
82.380781232,842346921382916350,842346923064047682,189,4,34848734000000,2026-09-10T09:14:38.153545+00:00,interpolated,182.0,842.0,-573.0
82.399670349,842346921401805467,842346923064047682,189,5,34848734000000,2026-09-10T09:14:38.153545+00:00,interpolated,189.0,843.0,-571.0
82.418559465,842346921420694583,842346923064047682,189,6,34848734000000,2026-09-10T09:14:38.153545+00:00,interpolated,201.0,858.0,-566.0
82.437448581,842346921439583699,842346923064047682,189,7,34848734000000,2026-09-10T09:14:38.153545+00:00,interpolated,190.0,862.0,-555.0
82.456337697,842346921458472815,842346923064047682,189,8,34848734000000,2026-09-10T09:14:38.153545+00:00,interpolated,190.0,860.0,-561.0
82.475226813,842346921477361931,842346923064047682,189,9,34848734000000,2026-09-10T09:14:38.153545+00:00,interpolated,195.0,852.0,-549.0
82.494115929,842346921496251047,842346923064047682,189,10,34848734000000,2026-09-10T09:14:38.153545+00:00,interpolated,195.0,843.0,-549.0
82.513005045,842346921515140163,842346923064047682,189,11,34848734000000,2026-09-10T09:14:38.153545+00:00,interpolated,196.0,837.0,-546.0
82.531894161,842346921534029279,842346923064047682,189,12,34848734000000,2026-09-10T09:14:38.153545+00:00,interpolated,199.0,842.0,-543.0
82.550783277,842346921552918395,842346923064047682,189,13,34848734000000,2026-09-10T09:14:38.153545+00:00,interpolated,201.0,853.0,-544.0
82.569672393,842346921571807511,842346923064047682,189,14,34848734000000,2026-09-10T09:14:38.153545+00:00,interpolated,204.0,842.0,-542.0
82.588561509,842346921590696627,842346923064047682,189,15,34848734000000,2026-09-10T09:14:38.153545+00:00,interpolated,198.0,842.0,-538.0
82.607450625,842346921609585743,842346923064047682,189,16,34848734000000,2026-09-10T09:14:38.153545+00:00,interpolated,192.0,837.0,-538.0
82.626339742,842346921628474860,842346923064047682,189,17,34848734000000,2026-09-10T09:14:38.153545+00:00,interpolated,199.0,846.0,-546.0
82.645228858,842346921647363976,842346923064047682,189,18,34848734000000,2026-09-10T09:14:38.153545+00:00,interpolated,204.0,844.0,-553.0
82.664117974,842346921666253092,842346923064047682,189,19,34848734000000,2026-09-10T09:14:38.153545+00:00,interpolated,202.0,853.0,-548.0
82.68300709,842346921685142208,842346923064047682,189,20,34848734000000,2026-09-10T09:14:38.153545+00:00,interpolated,208.0,858.0,-547.0
82.701896206,842346921704031324,842346923064047682,189,21,34848734000000,2026-09-10T09:14:38.153545+00:00,interpolated,203.0,853.0,-546.0
82.720785322,842346921722920440,842346923064047682,189,22,34848734000000,2026-09-10T09:14:38.153545+00:00,interpolated,204.0,855.0,-549.0
82.739674438,842346921741809556,842346923064047682,189,23,34848734000000,2026-09-10T09:14:38.153545+00:00,interpolated,210.0,856.0,-551.0
82.758563554,842346921760698672,842346923064047682,189,24,34848734000000,2026-09-10T09:14:38.153545+00:00,interpolated,217.0,852.0,-547.0
82.77745267,842346921779587788,842346923064047682,189,25,34848734000000,2026-09-10T09:14:38.153545+00:00,interpolated,207.0,851.0,-546.0
82.796341786,842346921798476904,842346923064047682,189,26,34848734000000,2026-09-10T09:14:38.153545+00:00,interpolated,201.0,848.0,-547.0
82.815230902,842346921817366020,842346923064047682,189,27,34848734000000,2026-09-10T09:14:38.153545+00:00,interpolated,198.0,851.0,-542.0
82.834120018,842346921836255136,842346923064047682,189,28,34848734000000,2026-09-10T09:14:38.153545+00:00,interpolated,200.0,855.0,-537.0
82.853009135,842346921855144253,842346923064047682,189,29,34848734000000,2026-09-10T09:14:38.153545+00:00,interpolated,202.0,853.0,-540.0
82.871898251,842346921874033369,842346923064047682,189,30,34848734000000,2026-09-10T09:14:38.153545+00:00,interpolated,201.0,850.0,-540.0
82.890787367,842346921892922485,842346923064047682,189,31,34848734000000,2026-09-10T09:14:38.153545+00:00,interpolated,207.0,843.0,-542.0
82.909676483,842346921911811601,842346923064047682,189,32,34848734000000,2026-09-10T09:14:38.153545+00:00,interpolated,203.0,843.0,-536.0
82.928565599,842346921930700717,842346923064047682,189,33,34848734000000,2026-09-10T09:14:38.153545+00:00,interpolated,197.0,843.0,-537.0
82.947454715,842346921949589833,842346923064047682,189,34,34848734000000,2026-09-10T09:14:38.153545+00:00,interpolated,201.0,851.0,-538.0
82.966343831,842346921968478949,842346923064047682,189,35,34848734000000,2026-09-10T09:14:38.153545+00:00,interpolated,211.0,848.0,-526.0
82.985232947,842346921987368065,842346923064047682,189,36,34848734000000,2026-09-10T09:14:38.153545+00:00,interpolated,207.0,852.0,-538.0
83.004122063,842346922006257181,842346923064047682,189,37,34848734000000,2026-09-10T09:14:38.153545+00:00,interpolated,209.0,856.0,-539.0
83.023011179,842346922025146297,842346923064047682,189,38,34848734000000,2026-09-10T09:14:38.153545+00:00,interpolated,199.0,842.0,-531.0
83.041900295,842346922044035413,842346923064047682,189,39,34848734000000,2026-09-10T09:14:38.153545+00:00,interpolated,205.0,845.0,-537.0
83.060789411,842346922062924529,842346923064047682,189,40,34848734000000,2026-09-10T09:14:38.153545+00:00,interpolated,203.0,847.0,-532.0
83.079678528,842346922081813646,842346923064047682,189,41,34848734000000,2026-09-10T09:14:38.153545+00:00,interpolated,204.0,845.0,-533.0
83.098567644,842346922100702762,842346923064047682,189,42,34848734000000,2026-09-10T09:14:38.153545+00:00,interpolated,198.0,852.0,-532.0
83.11745676,842346922119591878,842346923064047682,189,43,34848734000000,2026-09-10T09:14:38.153545+00:00,interpolated,210.0,858.0,-537.0
83.136345876,842346922138480994,842346923064047682,189,44,34848734000000,2026-09-10T09:14:38.153545+00:00,interpolated,206.0,850.0,-532.0
83.155234992,842346922157370110,842346923064047682,189,45,34848734000000,2026-09-10T09:14:38.153545+00:00,interpolated,193.0,852.0,-533.0
83.174124108,842346922176259226,842346923064047682,189,46,34848734000000,2026-09-10T09:14:38.153545+00:00,interpolated,196.0,862.0,-533.0
83.193013224,842346922195148342,842346923064047682,189,47,34848734000000,2026-09-10T09:14:38.153545+00:00,interpolated,207.0,857.0,-532.0
83.21190234,842346922214037458,842346923064047682,189,48,34848734000000,2026-09-10T09:14:38.153545+00:00,interpolated,218.0,860.0,-533.0
83.230791456,842346922232926574,842346923064047682,189,49,34848734000000,2026-09-10T09:14:38.153545+00:00,interpolated,216.0,857.0,-534.0
83.249680572,842346922251815690,842346923064047682,189,50,34848734000000,2026-09-10T09:14:38.153545+00:00,interpolated,207.0,857.0,-535.0
83.268569688,842346922270704806,842346923064047682,189,51,34848734000000,2026-09-10T09:14:38.153545+00:00,interpolated,208.0,859.0,-536.0
83.287458805,842346922289593923,842346923064047682,189,52,34848734000000,2026-09-10T09:14:38.153545+00:00,interpolated,210.0,863.0,-543.0
83.306347921,842346922308483039,842346923064047682,189,53,34848734000000,2026-09-10T09:14:38.153545+00:00,interpolated,209.0,858.0,-537.0
83.325237037,842346922327372155,842346923064047682,189,54,34848734000000,2026-09-10T09:14:38.153545+00:00,interpolated,211.0,856.0,-530.0
83.344126153,842346922346261271,842346923064047682,189,55,34848734000000,2026-09-10T09:14:38.153545+00:00,interpolated,212.0,853.0,-536.0
83.363015269,842346922365150387,842346923064047682,189,56,34848734000000,2026-09-10T09:14:38.153545+00:00,interpolated,210.0,849.0,-534.0
83.381904385,842346922384039503,842346923064047682,189,57,34848734000000,2026-09-10T09:14:38.153545+00:00,interpolated,214.0,850.0,-531.0
83.400793501,842346922402928619,842346923064047682,189,58,34848734000000,2026-09-10T09:14:38.153545+00:00,interpolated,215.0,851.0,-530.0
83.419682617,842346922421817735,842346923064047682,189,59,34848734000000,2026-09-10T09:14:38.153545+00:00,interpolated,203.0,860.0,-528.0
83.438571733,842346922440706851,842346923064047682,189,60,34848734000000,2026-09-10T09:14:38.153545+00:00,interpolated,205.0,852.0,-530.0
83.457460849,842346922459595967,842346923064047682,189,61,34848734000000,2026-09-10T09:14:38.153545+00:00,interpolated,212.0,856.0,-527.0
83.476349965,842346922478485083,842346923064047682,189,62,34848734000000,2026-09-10T09:14:38.153545+00:00,interpolated,213.0,855.0,-531.0
83.495239081,842346922497374199,842346923064047682,189,63,34848734000000,2026-09-10T09:14:38.153545+00:00,interpolated,212.0,853.0,-523.0
83.514128198,842346922516263316,842346923064047682,189,64,34848734000000,2026-09-10T09:14:38.153545+00:00,interpolated,210.0,856.0,-531.0
83.533017314,842346922535152432,842346923064047682,189,65,34848734000000,2026-09-10T09:14:38.153545+00:00,interpolated,210.0,854.0,-526.0
83.55190643,842346922554041548,842346923064047682,189,66,34848734000000,2026-09-10T09:14:38.153545+00:00,interpolated,208.0,857.0,-532.0
83.570795546,842346922572930664,842346923064047682,189,67,34848734000000,2026-09-10T09:14:38.153545+00:00,interpolated,214.0,857.0,-530.0
83.589684662,842346922591819780,842346923064047682,189,68,34848734000000,2026-09-10T09:14:38.153545+00:00,interpolated,214.0,855.0,-532.0
83.608573778,842346922610708896,842346923064047682,189,69,34848734000000,2026-09-10T09:14:38.153545+00:00,interpolated,211.0,851.0,-532.0
83.627462894,842346922629598012,842346923064047682,189,70,34848734000000,2026-09-10T09:14:38.153545+00:00,interpolated,206.0,854.0,-526.0
83.64635201,842346922648487128,842346923064047682,189,71,34848734000000,2026-09-10T09:14:38.153545+00:00,interpolated,209.0,854.0,-531.0
83.665241126,842346922667376244,842346923064047682,189,72,34848734000000,2026-09-10T09:14:38.153545+00:00,interpolated,218.0,859.0,-529.0
83.684130242,842346922686265360,842346923064047682,189,73,34848734000000,2026-09-10T09:14:38.153545+00:00,interpolated,205.0,847.0,-531.0
83.703019358,842346922705154476,842346923064047682,189,74,34848734000000,2026-09-10T09:14:38.153545+00:00,interpolated,204.0,841.0,-526.0
83.721908474,842346922724043592,842346923064047682,189,75,34848734000000,2026-09-10T09:14:38.153545+00:00,interpolated,214.0,861.0,-528.0
83.740797591,842346922742932709,842346923064047682,189,76,34848734000000,2026-09-10T09:14:38.153545+00:00,interpolated,207.0,868.0,-528.0
83.759686707,842346922761821825,842346923064047682,189,77,34848734000000,2026-09-10T09:14:38.153545+00:00,interpolated,201.0,868.0,-530.0
83.778575823,842346922780710941,842346923064047682,189,78,34848734000000,2026-09-10T09:14:38.153545+00:00,interpolated,209.0,859.0,-528.0
83.797464939,842346922799600057,842346923064047682,189,79,34848734000000,2026-09-10T09:14:38.153545+00:00,interpolated,203.0,862.0,-528.0
83.816354055,842346922818489173,842346923064047682,189,80,34848734000000,2026-09-10T09:14:38.153545+00:00,interpolated,201.0,856.0,-527.0
83.835243171,842346922837378289,842346923064047682,189,81,34848734000000,2026-09-10T09:14:38.153545+00:00,interpolated,206.0,859.0,-525.0
83.854132287,842346922856267405,842346923064047682,189,82,34848734000000,2026-09-10T09:14:38.153545+00:00,interpolated,209.0,850.0,-528.0
83.873021403,842346922875156521,842346923064047682,189,83,34848734000000,2026-09-10T09:14:38.153545+00:00,interpolated,213.0,847.0,-531.0
83.891910519,842346922894045637,842346923064047682,189,84,34848734000000,2026-09-10T09:14:38.153545+00:00,interpolated,206.0,858.0,-530.0
83.910799635,842346922912934753,842346923064047682,189,85,34848734000000,2026-09-10T09:14:38.153545+00:00,interpolated,201.0,862.0,-534.0
83.929688751,842346922931823869,842346923064047682,189,86,34848734000000,2026-09-10T09:14:38.153545+00:00,interpolated,202.0,861.0,-530.0
83.948577867,842346922950712985,842346923064047682,189,87,34848734000000,2026-09-10T09:14:38.153545+00:00,interpolated,208.0,858.0,-535.0
83.967466984,842346922969602102,842346923064047682,189,88,34848734000000,2026-09-10T09:14:38.153545+00:00,interpolated,200.0,859.0,-538.0
83.9863561,842346922988491218,842346923064047682,189,89,34848734000000,2026-09-10T09:14:38.153545+00:00,interpolated,203.0,862.0,-530.0
84.005245216,842346923007380334,842346923064047682,189,90,34848734000000,2026-09-10T09:14:38.153545+00:00,interpolated,207.0,858.0,-534.0
84.024134332,842346923026269450,842346923064047682,189,91,34848734000000,2026-09-10T09:14:38.153545+00:00,interpolated,201.0,848.0,-535.0
84.043023448,842346923045158566,842346923064047682,189,92,34848734000000,2026-09-10T09:14:38.153545+00:00,interpolated,205.0,857.0,-533.0
84.061912564,842346923064047682,842346923064047682,189,93,34848734000000,2026-09-10T09:14:38.153545+00:00,interpolated,202.0,857.0,-530.0
84.080801177,842346923082936295,842346924782911470,193,0,34850625000000,2026-09-10T09:14:40.043726+00:00,interpolated,203.0,861.0,-532.0
84.09968979,842346923101824908,842346924782911470,193,1,34850625000000,2026-09-10T09:14:40.043726+00:00,interpolated,198.0,856.0,-534.0
84.118578403,842346923120713521,842346924782911470,193,2,34850625000000,2026-09-10T09:14:40.043726+00:00,interpolated,198.0,853.0,-534.0
84.137467016,842346923139602134,842346924782911470,193,3,34850625000000,2026-09-10T09:14:40.043726+00:00,interpolated,198.0,857.0,-535.0
84.156355629,842346923158490747,842346924782911470,193,4,34850625000000,2026-09-10T09:14:40.043726+00:00,interpolated,199.0,865.0,-539.0
84.175244242,842346923177379360,842346924782911470,193,5,34850625000000,2026-09-10T09:14:40.043726+00:00,interpolated,198.0,860.0,-534.0
84.194132855,842346923196267973,842346924782911470,193,6,34850625000000,2026-09-10T09:14:40.043726+00:00,interpolated,205.0,854.0,-533.0
84.213021468,842346923215156586,842346924782911470,193,7,34850625000000,2026-09-10T09:14:40.043726+00:00,interpolated,207.0,857.0,-531.0
84.231910081,842346923234045199,842346924782911470,193,8,34850625000000,2026-09-10T09:14:40.043726+00:00,interpolated,206.0,856.0,-534.0
84.250798695,842346923252933813,842346924782911470,193,9,34850625000000,2026-09-10T09:14:40.043726+00:00,interpolated,205.0,858.0,-543.0
84.269687308,842346923271822426,842346924782911470,193,10,34850625000000,2026-09-10T09:14:40.043726+00:00,interpolated,205.0,859.0,-543.0
84.288575921,842346923290711039,842346924782911470,193,11,34850625000000,2026-09-10T09:14:40.043726+00:00,interpolated,205.0,856.0,-539.0
84.307464534,842346923309599652,842346924782911470,193,12,34850625000000,2026-09-10T09:14:40.043726+00:00,interpolated,201.0,855.0,-536.0
84.326353147,842346923328488265,842346924782911470,193,13,34850625000000,2026-09-10T09:14:40.043726+00:00,interpolated,196.0,842.0,-538.0
84.34524176,842346923347376878,842346924782911470,193,14,34850625000000,2026-09-10T09:14:40.043726+00:00,interpolated,199.0,857.0,-539.0
84.364130373,842346923366265491,842346924782911470,193,15,34850625000000,2026-09-10T09:14:40.043726+00:00,interpolated,204.0,856.0,-538.0
84.383018986,842346923385154104,842346924782911470,193,16,34850625000000,2026-09-10T09:14:40.043726+00:00,interpolated,199.0,848.0,-531.0
84.401907599,842346923404042717,842346924782911470,193,17,34850625000000,2026-09-10T09:14:40.043726+00:00,interpolated,204.0,854.0,-534.0
84.420796212,842346923422931330,842346924782911470,193,18,34850625000000,2026-09-10T09:14:40.043726+00:00,interpolated,204.0,855.0,-540.0
84.439684825,842346923441819943,842346924782911470,193,19,34850625000000,2026-09-10T09:14:40.043726+00:00,interpolated,203.0,867.0,-539.0
84.458573438,842346923460708556,842346924782911470,193,20,34850625000000,2026-09-10T09:14:40.043726+00:00,interpolated,203.0,863.0,-541.0
84.477462051,842346923479597169,842346924782911470,193,21,34850625000000,2026-09-10T09:14:40.043726+00:00,interpolated,202.0,858.0,-542.0
84.496350664,842346923498485782,842346924782911470,193,22,34850625000000,2026-09-10T09:14:40.043726+00:00,interpolated,197.0,858.0,-535.0
84.515239277,842346923517374395,842346924782911470,193,23,34850625000000,2026-09-10T09:14:40.043726+00:00,interpolated,192.0,856.0,-536.0
84.53412789,842346923536263008,842346924782911470,193,24,34850625000000,2026-09-10T09:14:40.043726+00:00,interpolated,202.0,853.0,-534.0
84.553016503,842346923555151621,842346924782911470,193,25,34850625000000,2026-09-10T09:14:40.043726+00:00,interpolated,210.0,859.0,-539.0
84.571905116,842346923574040234,842346924782911470,193,26,34850625000000,2026-09-10T09:14:40.043726+00:00,interpolated,208.0,859.0,-536.0
84.59079373,842346923592928848,842346924782911470,193,27,34850625000000,2026-09-10T09:14:40.043726+00:00,interpolated,204.0,859.0,-538.0
84.609682343,842346923611817461,842346924782911470,193,28,34850625000000,2026-09-10T09:14:40.043726+00:00,interpolated,193.0,859.0,-535.0
84.628570956,842346923630706074,842346924782911470,193,29,34850625000000,2026-09-10T09:14:40.043726+00:00,interpolated,190.0,856.0,-537.0
84.647459569,842346923649594687,842346924782911470,193,30,34850625000000,2026-09-10T09:14:40.043726+00:00,interpolated,192.0,863.0,-542.0
84.666348182,842346923668483300,842346924782911470,193,31,34850625000000,2026-09-10T09:14:40.043726+00:00,interpolated,196.0,864.0,-540.0
84.685236795,842346923687371913,842346924782911470,193,32,34850625000000,2026-09-10T09:14:40.043726+00:00,interpolated,195.0,850.0,-537.0
84.704125408,842346923706260526,842346924782911470,193,33,34850625000000,2026-09-10T09:14:40.043726+00:00,interpolated,192.0,848.0,-536.0
84.723014021,842346923725149139,842346924782911470,193,34,34850625000000,2026-09-10T09:14:40.043726+00:00,interpolated,194.0,859.0,-538.0
84.741902634,842346923744037752,842346924782911470,193,35,34850625000000,2026-09-10T09:14:40.043726+00:00,interpolated,196.0,853.0,-536.0
84.760791247,842346923762926365,842346924782911470,193,36,34850625000000,2026-09-10T09:14:40.043726+00:00,interpolated,194.0,856.0,-538.0
84.77967986,842346923781814978,842346924782911470,193,37,34850625000000,2026-09-10T09:14:40.043726+00:00,interpolated,202.0,850.0,-539.0
84.798568473,842346923800703591,842346924782911470,193,38,34850625000000,2026-09-10T09:14:40.043726+00:00,interpolated,198.0,855.0,-540.0
84.817457086,842346923819592204,842346924782911470,193,39,34850625000000,2026-09-10T09:14:40.043726+00:00,interpolated,195.0,858.0,-535.0
84.836345699,842346923838480817,842346924782911470,193,40,34850625000000,2026-09-10T09:14:40.043726+00:00,interpolated,194.0,861.0,-536.0
84.855234312,842346923857369430,842346924782911470,193,41,34850625000000,2026-09-10T09:14:40.043726+00:00,interpolated,198.0,855.0,-536.0
84.874122925,842346923876258043,842346924782911470,193,42,34850625000000,2026-09-10T09:14:40.043726+00:00,interpolated,204.0,851.0,-537.0
84.893011538,842346923895146656,842346924782911470,193,43,34850625000000,2026-09-10T09:14:40.043726+00:00,interpolated,204.0,860.0,-545.0
84.911900151,842346923914035269,842346924782911470,193,44,34850625000000,2026-09-10T09:14:40.043726+00:00,interpolated,196.0,854.0,-536.0
84.930788765,842346923932923883,842346924782911470,193,45,34850625000000,2026-09-10T09:14:40.043726+00:00,interpolated,198.0,850.0,-543.0
84.949677378,842346923951812496,842346924782911470,193,46,34850625000000,2026-09-10T09:14:40.043726+00:00,interpolated,200.0,849.0,-545.0
84.968565991,842346923970701109,842346924782911470,193,47,34850625000000,2026-09-10T09:14:40.043726+00:00,interpolated,201.0,852.0,-542.0
84.987454604,842346923989589722,842346924782911470,193,48,34850625000000,2026-09-10T09:14:40.043726+00:00,interpolated,205.0,853.0,-542.0
85.006343217,842346924008478335,842346924782911470,193,49,34850625000000,2026-09-10T09:14:40.043726+00:00,interpolated,199.0,853.0,-537.0
85.02523183,842346924027366948,842346924782911470,193,50,34850625000000,2026-09-10T09:14:40.043726+00:00,interpolated,196.0,846.0,-539.0
85.044120443,842346924046255561,842346924782911470,193,51,34850625000000,2026-09-10T09:14:40.043726+00:00,interpolated,195.0,846.0,-548.0
85.063009056,842346924065144174,842346924782911470,193,52,34850625000000,2026-09-10T09:14:40.043726+00:00,interpolated,202.0,849.0,-542.0
85.081897669,842346924084032787,842346924782911470,193,53,34850625000000,2026-09-10T09:14:40.043726+00:00,interpolated,197.0,850.0,-544.0
85.100786282,842346924102921400,842346924782911470,193,54,34850625000000,2026-09-10T09:14:40.043726+00:00,interpolated,201.0,849.0,-543.0
85.119674895,842346924121810013,842346924782911470,193,55,34850625000000,2026-09-10T09:14:40.043726+00:00,interpolated,197.0,852.0,-543.0
85.138563508,842346924140698626,842346924782911470,193,56,34850625000000,2026-09-10T09:14:40.043726+00:00,interpolated,199.0,855.0,-547.0
85.157452121,842346924159587239,842346924782911470,193,57,34850625000000,2026-09-10T09:14:40.043726+00:00,interpolated,201.0,851.0,-545.0
85.176340734,842346924178475852,842346924782911470,193,58,34850625000000,2026-09-10T09:14:40.043726+00:00,interpolated,201.0,851.0,-542.0
85.195229347,842346924197364465,842346924782911470,193,59,34850625000000,2026-09-10T09:14:40.043726+00:00,interpolated,196.0,859.0,-539.0
85.21411796,842346924216253078,842346924782911470,193,60,34850625000000,2026-09-10T09:14:40.043726+00:00,interpolated,192.0,859.0,-545.0
85.233006573,842346924235141691,842346924782911470,193,61,34850625000000,2026-09-10T09:14:40.043726+00:00,interpolated,198.0,850.0,-541.0
85.251895186,842346924254030304,842346924782911470,193,62,34850625000000,2026-09-10T09:14:40.043726+00:00,interpolated,198.0,846.0,-536.0
85.2707838,842346924272918918,842346924782911470,193,63,34850625000000,2026-09-10T09:14:40.043726+00:00,interpolated,199.0,846.0,-539.0
85.289672413,842346924291807531,842346924782911470,193,64,34850625000000,2026-09-10T09:14:40.043726+00:00,interpolated,198.0,852.0,-536.0
85.308561026,842346924310696144,842346924782911470,193,65,34850625000000,2026-09-10T09:14:40.043726+00:00,interpolated,198.0,850.0,-536.0
85.327449639,842346924329584757,842346924782911470,193,66,34850625000000,2026-09-10T09:14:40.043726+00:00,interpolated,199.0,853.0,-546.0
85.346338252,842346924348473370,842346924782911470,193,67,34850625000000,2026-09-10T09:14:40.043726+00:00,interpolated,198.0,855.0,-544.0
85.365226865,842346924367361983,842346924782911470,193,68,34850625000000,2026-09-10T09:14:40.043726+00:00,interpolated,196.0,849.0,-548.0
85.384115478,842346924386250596,842346924782911470,193,69,34850625000000,2026-09-10T09:14:40.043726+00:00,interpolated,197.0,850.0,-548.0
85.403004091,842346924405139209,842346924782911470,193,70,34850625000000,2026-09-10T09:14:40.043726+00:00,interpolated,198.0,856.0,-542.0
85.421892704,842346924424027822,842346924782911470,193,71,34850625000000,2026-09-10T09:14:40.043726+00:00,interpolated,200.0,856.0,-548.0
85.440781317,842346924442916435,842346924782911470,193,72,34850625000000,2026-09-10T09:14:40.043726+00:00,interpolated,200.0,861.0,-549.0
85.45966993,842346924461805048,842346924782911470,193,73,34850625000000,2026-09-10T09:14:40.043726+00:00,interpolated,202.0,850.0,-555.0
85.478558543,842346924480693661,842346924782911470,193,74,34850625000000,2026-09-10T09:14:40.043726+00:00,interpolated,198.0,853.0,-558.0
85.497447156,842346924499582274,842346924782911470,193,75,34850625000000,2026-09-10T09:14:40.043726+00:00,interpolated,203.0,849.0,-563.0
85.516335769,842346924518470887,842346924782911470,193,76,34850625000000,2026-09-10T09:14:40.043726+00:00,interpolated,209.0,843.0,-566.0
85.535224382,842346924537359500,842346924782911470,193,77,34850625000000,2026-09-10T09:14:40.043726+00:00,interpolated,206.0,837.0,-576.0
85.554112995,842346924556248113,842346924782911470,193,78,34850625000000,2026-09-10T09:14:40.043726+00:00,interpolated,201.0,831.0,-571.0
85.573001608,842346924575136726,842346924782911470,193,79,34850625000000,2026-09-10T09:14:40.043726+00:00,interpolated,203.0,838.0,-571.0
85.591890221,842346924594025339,842346924782911470,193,80,34850625000000,2026-09-10T09:14:40.043726+00:00,interpolated,199.0,855.0,-579.0
85.610778835,842346924612913953,842346924782911470,193,81,34850625000000,2026-09-10T09:14:40.043726+00:00,interpolated,195.0,865.0,-562.0
85.629667448,842346924631802566,842346924782911470,193,82,34850625000000,2026-09-10T09:14:40.043726+00:00,interpolated,209.0,865.0,-570.0
85.648556061,842346924650691179,842346924782911470,193,83,34850625000000,2026-09-10T09:14:40.043726+00:00,interpolated,217.0,846.0,-562.0
85.667444674,842346924669579792,842346924782911470,193,84,34850625000000,2026-09-10T09:14:40.043726+00:00,interpolated,196.0,835.0,-554.0
85.686333287,842346924688468405,842346924782911470,193,85,34850625000000,2026-09-10T09:14:40.043726+00:00,interpolated,188.0,830.0,-558.0
85.7052219,842346924707357018,842346924782911470,193,86,34850625000000,2026-09-10T09:14:40.043726+00:00,interpolated,191.0,825.0,-571.0
85.724110513,842346924726245631,842346924782911470,193,87,34850625000000,2026-09-10T09:14:40.043726+00:00,interpolated,188.0,817.0,-574.0
85.742999126,842346924745134244,842346924782911470,193,88,34850625000000,2026-09-10T09:14:40.043726+00:00,interpolated,187.0,805.0,-580.0
85.761887739,842346924764022857,842346924782911470,193,89,34850625000000,2026-09-10T09:14:40.043726+00:00,interpolated,189.0,819.0,-585.0
85.780776352,842346924782911470,842346924782911470,193,90,34850625000000,2026-09-10T09:14:40.043726+00:00,interpolated,189.0,809.0,-597.0
85.799665731,842346924801800849,842346925878495464,196,0,34853328000000,2026-09-10T09:14:42.744972+00:00,interpolated,187.0,808.0,-597.0
85.81855511,842346924820690228,842346925878495464,196,1,34853328000000,2026-09-10T09:14:42.744972+00:00,interpolated,192.0,825.0,-613.0
85.83744449,842346924839579608,842346925878495464,196,2,34853328000000,2026-09-10T09:14:42.744972+00:00,interpolated,178.0,833.0,-627.0
85.856333869,842346924858468987,842346925878495464,196,3,34853328000000,2026-09-10T09:14:42.744972+00:00,interpolated,126.0,850.0,-658.0
85.875223248,842346924877358366,842346925878495464,196,4,34853328000000,2026-09-10T09:14:42.744972+00:00,interpolated,109.0,832.0,-677.0
85.894112627,842346924896247745,842346925878495464,196,5,34853328000000,2026-09-10T09:14:42.744972+00:00,interpolated,120.0,783.0,-668.0
85.913002006,842346924915137124,842346925878495464,196,6,34853328000000,2026-09-10T09:14:42.744972+00:00,interpolated,260.0,770.0,-613.0
85.931891386,842346924934026504,842346925878495464,196,7,34853328000000,2026-09-10T09:14:42.744972+00:00,interpolated,368.0,773.0,-629.0
85.950780765,842346924952915883,842346925878495464,196,8,34853328000000,2026-09-10T09:14:42.744972+00:00,interpolated,338.0,777.0,-638.0
85.969670144,842346924971805262,842346925878495464,196,9,34853328000000,2026-09-10T09:14:42.744972+00:00,interpolated,324.0,777.0,-652.0
85.988559523,842346924990694641,842346925878495464,196,10,34853328000000,2026-09-10T09:14:42.744972+00:00,interpolated,372.0,740.0,-641.0
86.007448902,842346925009584020,842346925878495464,196,11,34853328000000,2026-09-10T09:14:42.744972+00:00,interpolated,430.0,716.0,-612.0
86.026338282,842346925028473400,842346925878495464,196,12,34853328000000,2026-09-10T09:14:42.744972+00:00,interpolated,438.0,695.0,-628.0
86.045227661,842346925047362779,842346925878495464,196,13,34853328000000,2026-09-10T09:14:42.744972+00:00,interpolated,461.0,683.0,-644.0
86.06411704,842346925066252158,842346925878495464,196,14,34853328000000,2026-09-10T09:14:42.744972+00:00,interpolated,497.0,672.0,-631.0
86.083006419,842346925085141537,842346925878495464,196,15,34853328000000,2026-09-10T09:14:42.744972+00:00,interpolated,546.0,644.0,-614.0
86.101895799,842346925104030917,842346925878495464,196,16,34853328000000,2026-09-10T09:14:42.744972+00:00,interpolated,579.0,617.0,-596.0
86.120785178,842346925122920296,842346925878495464,196,17,34853328000000,2026-09-10T09:14:42.744972+00:00,interpolated,615.0,604.0,-569.0
86.139674557,842346925141809675,842346925878495464,196,18,34853328000000,2026-09-10T09:14:42.744972+00:00,interpolated,639.0,609.0,-553.0
86.158563936,842346925160699054,842346925878495464,196,19,34853328000000,2026-09-10T09:14:42.744972+00:00,interpolated,650.0,612.0,-547.0
86.177453315,842346925179588433,842346925878495464,196,20,34853328000000,2026-09-10T09:14:42.744972+00:00,interpolated,636.0,602.0,-560.0
86.196342695,842346925198477813,842346925878495464,196,21,34853328000000,2026-09-10T09:14:42.744972+00:00,interpolated,651.0,597.0,-550.0
86.215232074,842346925217367192,842346925878495464,196,22,34853328000000,2026-09-10T09:14:42.744972+00:00,interpolated,663.0,605.0,-530.0
86.234121453,842346925236256571,842346925878495464,196,23,34853328000000,2026-09-10T09:14:42.744972+00:00,interpolated,692.0,595.0,-518.0
86.253010832,842346925255145950,842346925878495464,196,24,34853328000000,2026-09-10T09:14:42.744972+00:00,interpolated,734.0,565.0,-534.0
86.271900211,842346925274035329,842346925878495464,196,25,34853328000000,2026-09-10T09:14:42.744972+00:00,interpolated,696.0,557.0,-560.0
86.290789591,842346925292924709,842346925878495464,196,26,34853328000000,2026-09-10T09:14:42.744972+00:00,interpolated,597.0,570.0,-577.0
86.30967897,842346925311814088,842346925878495464,196,27,34853328000000,2026-09-10T09:14:42.744972+00:00,interpolated,588.0,584.0,-530.0
86.328568349,842346925330703467,842346925878495464,196,28,34853328000000,2026-09-10T09:14:42.744972+00:00,interpolated,647.0,542.0,-514.0
86.347457728,842346925349592846,842346925878495464,196,29,34853328000000,2026-09-10T09:14:42.744972+00:00,interpolated,674.0,512.0,-499.0
86.366347107,842346925368482225,842346925878495464,196,30,34853328000000,2026-09-10T09:14:42.744972+00:00,interpolated,687.0,464.0,-493.0
86.385236487,842346925387371605,842346925878495464,196,31,34853328000000,2026-09-10T09:14:42.744972+00:00,interpolated,709.0,448.0,-499.0
86.404125866,842346925406260984,842346925878495464,196,32,34853328000000,2026-09-10T09:14:42.744972+00:00,interpolated,701.0,441.0,-566.0
86.423015245,842346925425150363,842346925878495464,196,33,34853328000000,2026-09-10T09:14:42.744972+00:00,interpolated,697.0,472.0,-711.0
86.441904624,842346925444039742,842346925878495464,196,34,34853328000000,2026-09-10T09:14:42.744972+00:00,interpolated,485.0,427.0,-599.0
86.460794003,842346925462929121,842346925878495464,196,35,34853328000000,2026-09-10T09:14:42.744972+00:00,interpolated,671.0,406.0,-565.0
86.479683383,842346925481818501,842346925878495464,196,36,34853328000000,2026-09-10T09:14:42.744972+00:00,interpolated,889.0,343.0,-498.0
86.498572762,842346925500707880,842346925878495464,196,37,34853328000000,2026-09-10T09:14:42.744972+00:00,interpolated,777.0,308.0,-477.0
86.517462141,842346925519597259,842346925878495464,196,38,34853328000000,2026-09-10T09:14:42.744972+00:00,interpolated,708.0,295.0,-495.0
86.53635152,842346925538486638,842346925878495464,196,39,34853328000000,2026-09-10T09:14:42.744972+00:00,interpolated,691.0,328.0,-468.0
86.555240899,842346925557376017,842346925878495464,196,40,34853328000000,2026-09-10T09:14:42.744972+00:00,interpolated,709.0,342.0,-450.0
86.574130279,842346925576265397,842346925878495464,196,41,34853328000000,2026-09-10T09:14:42.744972+00:00,interpolated,743.0,304.0,-452.0
86.593019658,842346925595154776,842346925878495464,196,42,34853328000000,2026-09-10T09:14:42.744972+00:00,interpolated,697.0,279.0,-452.0
86.611909037,842346925614044155,842346925878495464,196,43,34853328000000,2026-09-10T09:14:42.744972+00:00,interpolated,727.0,216.0,-521.0
86.630798416,842346925632933534,842346925878495464,196,44,34853328000000,2026-09-10T09:14:42.744972+00:00,interpolated,726.0,241.0,-473.0
86.649687796,842346925651822914,842346925878495464,196,45,34853328000000,2026-09-10T09:14:42.744972+00:00,interpolated,744.0,299.0,-453.0
86.668577175,842346925670712293,842346925878495464,196,46,34853328000000,2026-09-10T09:14:42.744972+00:00,interpolated,806.0,300.0,-435.0
86.687466554,842346925689601672,842346925878495464,196,47,34853328000000,2026-09-10T09:14:42.744972+00:00,interpolated,792.0,274.0,-464.0
86.706355933,842346925708491051,842346925878495464,196,48,34853328000000,2026-09-10T09:14:42.744972+00:00,interpolated,769.0,257.0,-471.0
86.725245312,842346925727380430,842346925878495464,196,49,34853328000000,2026-09-10T09:14:42.744972+00:00,interpolated,731.0,243.0,-474.0
86.744134692,842346925746269810,842346925878495464,196,50,34853328000000,2026-09-10T09:14:42.744972+00:00,interpolated,828.0,236.0,-484.0
86.763024071,842346925765159189,842346925878495464,196,51,34853328000000,2026-09-10T09:14:42.744972+00:00,interpolated,706.0,230.0,-531.0
86.78191345,842346925784048568,842346925878495464,196,52,34853328000000,2026-09-10T09:14:42.744972+00:00,interpolated,713.0,270.0,-559.0
86.800802829,842346925802937947,842346925878495464,196,53,34853328000000,2026-09-10T09:14:42.744972+00:00,interpolated,889.0,254.0,-491.0
86.819692208,842346925821827326,842346925878495464,196,54,34853328000000,2026-09-10T09:14:42.744972+00:00,interpolated,944.0,264.0,-460.0
86.838581588,842346925840716706,842346925878495464,196,55,34853328000000,2026-09-10T09:14:42.744972+00:00,interpolated,976.0,266.0,-464.0
86.857470967,842346925859606085,842346925878495464,196,56,34853328000000,2026-09-10T09:14:42.744972+00:00,interpolated,887.0,292.0,-481.0
86.876360346,842346925878495464,842346925878495464,196,57,34853328000000,2026-09-10T09:14:42.744972+00:00,interpolated,793.0,262.0,-506.0
