time_s,device_timestamp_ns,packet_timestamp_ns,packet_id,sample_index,host_monotonic_ns,host_time_utc,timestamp_method,gyro_x_dps,gyro_y_dps,gyro_z_dps
7.443872202,842346846446007320,842346850042161166,6,0,34775781000000,2026-09-10T09:13:25.191112+00:00,nominal_first,-2.240000009536743,1.260000005364418,-1.1200000047683716
7.463102971,842346846465238089,842346850042161166,6,1,34775781000000,2026-09-10T09:13:25.191112+00:00,nominal_first,-2.17000000923872,1.1900000050663948,-1.1200000047683716
7.48233374,842346846484468858,842346850042161166,6,2,34775781000000,2026-09-10T09:13:25.191112+00:00,nominal_first,-2.240000009536743,1.1900000050663948,-1.1200000047683716
7.50156451,842346846503699628,842346850042161166,6,3,34775781000000,2026-09-10T09:13:25.191112+00:00,nominal_first,-2.3100000098347664,1.260000005364418,-1.1200000047683716
7.520795279,842346846522930397,842346850042161166,6,4,34775781000000,2026-09-10T09:13:25.191112+00:00,nominal_first,-2.17000000923872,1.1900000050663948,-1.0500000044703484
7.540026048,842346846542161166,842346850042161166,6,5,34775781000000,2026-09-10T09:13:25.191112+00:00,nominal_first,-2.240000009536743,1.260000005364418,-1.0500000044703484
7.559256817,842346846561391935,842346850042161166,6,6,34775781000000,2026-09-10T09:13:25.191112+00:00,nominal_first,-2.17000000923872,1.1900000050663948,-1.1200000047683716
7.578487586,842346846580622704,842346850042161166,6,7,34775781000000,2026-09-10T09:13:25.191112+00:00,nominal_first,-2.17000000923872,1.260000005364418,-1.1200000047683716
7.597718356,842346846599853474,842346850042161166,6,8,34775781000000,2026-09-10T09:13:25.191112+00:00,nominal_first,-2.240000009536743,1.260000005364418,-1.1200000047683716
7.616949125,842346846619084243,842346850042161166,6,9,34775781000000,2026-09-10T09:13:25.191112+00:00,nominal_first,-2.17000000923872,1.1900000050663948,-1.1200000047683716
7.636179894,842346846638315012,842346850042161166,6,10,34775781000000,2026-09-10T09:13:25.191112+00:00,nominal_first,-2.240000009536743,1.260000005364418,-1.1200000047683716
7.655410663,842346846657545781,842346850042161166,6,11,34775781000000,2026-09-10T09:13:25.191112+00:00,nominal_first,-2.240000009536743,1.260000005364418,-1.1200000047683716
7.674641433,842346846676776551,842346850042161166,6,12,34775781000000,2026-09-10T09:13:25.191112+00:00,nominal_first,-2.240000009536743,1.1900000050663948,-1.1200000047683716
7.693872202,842346846696007320,842346850042161166,6,13,34775781000000,2026-09-10T09:13:25.191112+00:00,nominal_first,-2.240000009536743,1.260000005364418,-1.1200000047683716
7.713102971,842346846715238089,842346850042161166,6,14,34775781000000,2026-09-10T09:13:25.191112+00:00,nominal_first,-2.240000009536743,1.260000005364418,-1.1200000047683716
7.73233374,842346846734468858,842346850042161166,6,15,34775781000000,2026-09-10T09:13:25.191112+00:00,nominal_first,-2.17000000923872,1.260000005364418,-1.1200000047683716
7.75156451,842346846753699628,842346850042161166,6,16,34775781000000,2026-09-10T09:13:25.191112+00:00,nominal_first,-2.240000009536743,1.260000005364418,-1.1200000047683716
7.770795279,842346846772930397,842346850042161166,6,17,34775781000000,2026-09-10T09:13:25.191112+00:00,nominal_first,-2.3100000098347664,1.260000005364418,-1.1200000047683716
7.790026048,842346846792161166,842346850042161166,6,18,34775781000000,2026-09-10T09:13:25.191112+00:00,nominal_first,-2.240000009536743,1.260000005364418,-1.1200000047683716
7.809256817,842346846811391935,842346850042161166,6,19,34775781000000,2026-09-10T09:13:25.191112+00:00,nominal_first,-2.240000009536743,1.3300000056624413,-1.1200000047683716
7.828487586,842346846830622704,842346850042161166,6,20,34775781000000,2026-09-10T09:13:25.191112+00:00,nominal_first,-2.240000009536743,1.260000005364418,-1.1200000047683716
7.847718356,842346846849853474,842346850042161166,6,21,34775781000000,2026-09-10T09:13:25.191112+00:00,nominal_first,-2.240000009536743,1.260000005364418,-1.1200000047683716
7.866949125,842346846869084243,842346850042161166,6,22,34775781000000,2026-09-10T09:13:25.191112+00:00,nominal_first,-2.240000009536743,1.260000005364418,-1.1200000047683716
7.886179894,842346846888315012,842346850042161166,6,23,34775781000000,2026-09-10T09:13:25.191112+00:00,nominal_first,-2.240000009536743,1.260000005364418,-1.1200000047683716
7.905410663,842346846907545781,842346850042161166,6,24,34775781000000,2026-09-10T09:13:25.191112+00:00,nominal_first,-2.240000009536743,1.260000005364418,-1.1200000047683716
7.924641433,842346846926776551,842346850042161166,6,25,34775781000000,2026-09-10T09:13:25.191112+00:00,nominal_first,-2.17000000923872,1.1900000050663948,-1.0500000044703484
7.943872202,842346846946007320,842346850042161166,6,26,34775781000000,2026-09-10T09:13:25.191112+00:00,nominal_first,-2.240000009536743,1.260000005364418,-1.1200000047683716
7.963102971,842346846965238089,842346850042161166,6,27,34775781000000,2026-09-10T09:13:25.191112+00:00,nominal_first,-2.240000009536743,1.260000005364418,-1.1200000047683716
7.98233374,842346846984468858,842346850042161166,6,28,34775781000000,2026-09-10T09:13:25.191112+00:00,nominal_first,-2.240000009536743,1.260000005364418,-1.1200000047683716
8.00156451,842346847003699628,842346850042161166,6,29,34775781000000,2026-09-10T09:13:25.191112+00:00,nominal_first,-2.3100000098347664,1.260000005364418,-1.1200000047683716
8.020795279,842346847022930397,842346850042161166,6,30,34775781000000,2026-09-10T09:13:25.191112+00:00,nominal_first,-2.240000009536743,1.260000005364418,-1.1200000047683716
8.040026048,842346847042161166,842346850042161166,6,31,34775781000000,2026-09-10T09:13:25.191112+00:00,nominal_first,-2.240000009536743,1.260000005364418,-1.1200000047683716
8.059256817,842346847061391935,842346850042161166,6,32,34775781000000,2026-09-10T09:13:25.191112+00:00,nominal_first,-2.3100000098347664,1.3300000056624413,-1.1200000047683716
8.078487586,842346847080622704,842346850042161166,6,33,34775781000000,2026-09-10T09:13:25.191112+00:00,nominal_first,-2.17000000923872,1.1900000050663948,-1.1200000047683716
8.097718356,842346847099853474,842346850042161166,6,34,34775781000000,2026-09-10T09:13:25.191112+00:00,nominal_first,-2.240000009536743,1.260000005364418,-1.1200000047683716
8.116949125,842346847119084243,842346850042161166,6,35,34775781000000,2026-09-10T09:13:25.191112+00:00,nominal_first,-2.17000000923872,1.260000005364418,-1.1200000047683716
8.136179894,842346847138315012,842346850042161166,6,36,34775781000000,2026-09-10T09:13:25.191112+00:00,nominal_first,-2.240000009536743,1.260000005364418,-1.1900000050663948
8.155410663,842346847157545781,842346850042161166,6,37,34775781000000,2026-09-10T09:13:25.191112+00:00,nominal_first,-2.3100000098347664,1.260000005364418,-1.1900000050663948
8.174641433,842346847176776551,842346850042161166,6,38,34775781000000,2026-09-10T09:13:25.191112+00:00,nominal_first,-2.240000009536743,1.260000005364418,-1.1200000047683716
8.193872202,842346847196007320,842346850042161166,6,39,34775781000000,2026-09-10T09:13:25.191112+00:00,nominal_first,-2.3100000098347664,1.260000005364418,-1.1200000047683716
8.213102971,842346847215238089,842346850042161166,6,40,34775781000000,2026-09-10T09:13:25.191112+00:00,nominal_first,-2.240000009536743,1.1900000050663948,-1.0500000044703484
8.23233374,842346847234468858,842346850042161166,6,41,34775781000000,2026-09-10T09:13:25.191112+00:00,nominal_first,-2.17000000923872,1.260000005364418,-1.1200000047683716
8.25156451,842346847253699628,842346850042161166,6,42,34775781000000,2026-09-10T09:13:25.191112+00:00,nominal_first,-2.240000009536743,1.260000005364418,-1.1200000047683716
8.270795279,842346847272930397,842346850042161166,6,43,34775781000000,2026-09-10T09:13:25.191112+00:00,nominal_first,-2.240000009536743,1.260000005364418,-1.1200000047683716
8.290026048,842346847292161166,842346850042161166,6,44,34775781000000,2026-09-10T09:13:25.191112+00:00,nominal_first,-2.240000009536743,1.3300000056624413,-1.1900000050663948
8.309256817,842346847311391935,842346850042161166,6,45,34775781000000,2026-09-10T09:13:25.191112+00:00,nominal_first,-2.240000009536743,1.3300000056624413,-1.1900000050663948
8.328487586,842346847330622704,842346850042161166,6,46,34775781000000,2026-09-10T09:13:25.191112+00:00,nominal_first,-2.240000009536743,1.260000005364418,-1.1900000050663948
8.347718356,842346847349853474,842346850042161166,6,47,34775781000000,2026-09-10T09:13:25.191112+00:00,nominal_first,-2.3100000098347664,1.260000005364418,-1.1200000047683716
8.366949125,842346847369084243,842346850042161166,6,48,34775781000000,2026-09-10T09:13:25.191112+00:00,nominal_first,-2.17000000923872,1.1900000050663948,-1.1900000050663948
8.386179894,842346847388315012,842346850042161166,6,49,34775781000000,2026-09-10T09:13:25.191112+00:00,nominal_first,-2.240000009536743,1.260000005364418,-1.1200000047683716
8.405410663,842346847407545781,842346850042161166,6,50,34775781000000,2026-09-10T09:13:25.191112+00:00,nominal_first,-2.240000009536743,1.3300000056624413,-1.1200000047683716
8.424641433,842346847426776551,842346850042161166,6,51,34775781000000,2026-09-10T09:13:25.191112+00:00,nominal_first,-2.17000000923872,1.260000005364418,-1.1900000050663948
8.443872202,842346847446007320,842346850042161166,6,52,34775781000000,2026-09-10T09:13:25.191112+00:00,nominal_first,-2.3100000098347664,1.260000005364418,-1.1200000047683716
8.463102971,842346847465238089,842346850042161166,6,53,34775781000000,2026-09-10T09:13:25.191112+00:00,nominal_first,-2.240000009536743,1.260000005364418,-1.1200000047683716
8.48233374,842346847484468858,842346850042161166,6,54,34775781000000,2026-09-10T09:13:25.191112+00:00,nominal_first,-2.240000009536743,1.3300000056624413,-1.1200000047683716
8.50156451,842346847503699628,842346850042161166,6,55,34775781000000,2026-09-10T09:13:25.191112+00:00,nominal_first,-2.240000009536743,1.260000005364418,-1.1200000047683716
8.520795279,842346847522930397,842346850042161166,6,56,34775781000000,2026-09-10T09:13:25.191112+00:00,nominal_first,-2.17000000923872,1.260000005364418,-1.1200000047683716
8.540026048,842346847542161166,842346850042161166,6,57,34775781000000,2026-09-10T09:13:25.191112+00:00,nominal_first,-2.17000000923872,1.260000005364418,-1.1200000047683716
8.559256817,842346847561391935,842346850042161166,6,58,34775781000000,2026-09-10T09:13:25.191112+00:00,nominal_first,-2.17000000923872,1.260000005364418,-1.1200000047683716
8.578487586,842346847580622704,842346850042161166,6,59,34775781000000,2026-09-10T09:13:25.191112+00:00,nominal_first,-2.240000009536743,1.1900000050663948,-1.1900000050663948
8.597718356,842346847599853474,842346850042161166,6,60,34775781000000,2026-09-10T09:13:25.191112+00:00,nominal_first,-2.240000009536743,1.260000005364418,-1.1900000050663948
8.616949125,842346847619084243,842346850042161166,6,61,34775781000000,2026-09-10T09:13:25.191112+00:00,nominal_first,-2.240000009536743,1.260000005364418,-1.1200000047683716
8.636179894,842346847638315012,842346850042161166,6,62,34775781000000,2026-09-10T09:13:25.191112+00:00,nominal_first,-2.3100000098347664,1.3300000056624413,-1.1200000047683716
8.655410663,842346847657545781,842346850042161166,6,63,34775781000000,2026-09-10T09:13:25.191112+00:00,nominal_first,-2.240000009536743,1.260000005364418,-1.1200000047683716
8.674641433,842346847676776551,842346850042161166,6,64,34775781000000,2026-09-10T09:13:25.191112+00:00,nominal_first,-2.17000000923872,1.1900000050663948,-1.1200000047683716
8.693872202,842346847696007320,842346850042161166,6,65,34775781000000,2026-09-10T09:13:25.191112+00:00,nominal_first,-2.17000000923872,1.260000005364418,-1.1200000047683716
8.713102971,842346847715238089,842346850042161166,6,66,34775781000000,2026-09-10T09:13:25.191112+00:00,nominal_first,-2.17000000923872,1.260000005364418,-1.1900000050663948
8.73233374,842346847734468858,842346850042161166,6,67,34775781000000,2026-09-10T09:13:25.191112+00:00,nominal_first,-2.240000009536743,1.260000005364418,-1.1200000047683716
8.75156451,842346847753699628,842346850042161166,6,68,34775781000000,2026-09-10T09:13:25.191112+00:00,nominal_first,-2.240000009536743,1.3300000056624413,-1.1200000047683716
8.770795279,842346847772930397,842346850042161166,6,69,34775781000000,2026-09-10T09:13:25.191112+00:00,nominal_first,-2.17000000923872,1.3300000056624413,-1.1900000050663948
8.790026048,842346847792161166,842346850042161166,6,70,34775781000000,2026-09-10T09:13:25.191112+00:00,nominal_first,-2.240000009536743,1.3300000056624413,-1.1200000047683716
8.809256817,842346847811391935,842346850042161166,6,71,34775781000000,2026-09-10T09:13:25.191112+00:00,nominal_first,-2.240000009536743,1.3300000056624413,-1.1900000050663948
8.828487586,842346847830622704,842346850042161166,6,72,34775781000000,2026-09-10T09:13:25.191112+00:00,nominal_first,-2.240000009536743,1.260000005364418,-1.1200000047683716
8.847718356,842346847849853474,842346850042161166,6,73,34775781000000,2026-09-10T09:13:25.191112+00:00,nominal_first,-2.17000000923872,1.1900000050663948,-1.1200000047683716
8.866949125,842346847869084243,842346850042161166,6,74,34775781000000,2026-09-10T09:13:25.191112+00:00,nominal_first,-2.17000000923872,1.1900000050663948,-1.1200000047683716
8.886179894,842346847888315012,842346850042161166,6,75,34775781000000,2026-09-10T09:13:25.191112+00:00,nominal_first,-2.17000000923872,1.260000005364418,-1.1200000047683716
8.905410663,842346847907545781,842346850042161166,6,76,34775781000000,2026-09-10T09:13:25.191112+00:00,nominal_first,-2.17000000923872,1.260000005364418,-1.1900000050663948
8.924641433,842346847926776551,842346850042161166,6,77,34775781000000,2026-09-10T09:13:25.191112+00:00,nominal_first,-2.240000009536743,1.260000005364418,-1.1200000047683716
8.943872202,842346847946007320,842346850042161166,6,78,34775781000000,2026-09-10T09:13:25.191112+00:00,nominal_first,-2.3100000098347664,1.3300000056624413,-1.1200000047683716
8.963102971,842346847965238089,842346850042161166,6,79,34775781000000,2026-09-10T09:13:25.191112+00:00,nominal_first,-2.17000000923872,1.260000005364418,-1.1200000047683716
8.98233374,842346847984468858,842346850042161166,6,80,34775781000000,2026-09-10T09:13:25.191112+00:00,nominal_first,-2.240000009536743,1.260000005364418,-1.1200000047683716
9.00156451,842346848003699628,842346850042161166,6,81,34775781000000,2026-09-10T09:13:25.191112+00:00,nominal_first,-2.240000009536743,1.260000005364418,-1.1200000047683716
9.020795279,842346848022930397,842346850042161166,6,82,34775781000000,2026-09-10T09:13:25.191112+00:00,nominal_first,-2.240000009536743,1.260000005364418,-1.1200000047683716
9.040026048,842346848042161166,842346850042161166,6,83,34775781000000,2026-09-10T09:13:25.191112+00:00,nominal_first,-2.240000009536743,1.260000005364418,-1.1200000047683716
9.059256817,842346848061391935,842346850042161166,6,84,34775781000000,2026-09-10T09:13:25.191112+00:00,nominal_first,-2.240000009536743,1.260000005364418,-1.1200000047683716
9.078487586,842346848080622704,842346850042161166,6,85,34775781000000,2026-09-10T09:13:25.191112+00:00,nominal_first,-2.240000009536743,1.3300000056624413,-1.1200000047683716
9.097718356,842346848099853474,842346850042161166,6,86,34775781000000,2026-09-10T09:13:25.191112+00:00,nominal_first,-2.240000009536743,1.260000005364418,-1.1200000047683716
9.116949125,842346848119084243,842346850042161166,6,87,34775781000000,2026-09-10T09:13:25.191112+00:00,nominal_first,-2.3100000098347664,1.260000005364418,-1.1200000047683716
9.136179894,842346848138315012,842346850042161166,6,88,34775781000000,2026-09-10T09:13:25.191112+00:00,nominal_first,-2.240000009536743,1.260000005364418,-1.1900000050663948
9.155410663,842346848157545781,842346850042161166,6,89,34775781000000,2026-09-10T09:13:25.191112+00:00,nominal_first,-2.240000009536743,1.260000005364418,-1.1200000047683716
9.174641433,842346848176776551,842346850042161166,6,90,34775781000000,2026-09-10T09:13:25.191112+00:00,nominal_first,-2.240000009536743,1.260000005364418,-1.1200000047683716
9.193872202,842346848196007320,842346850042161166,6,91,34775781000000,2026-09-10T09:13:25.191112+00:00,nominal_first,-2.17000000923872,1.260000005364418,-1.1200000047683716
9.213102971,842346848215238089,842346850042161166,6,92,34775781000000,2026-09-10T09:13:25.191112+00:00,nominal_first,-2.240000009536743,1.260000005364418,-1.1200000047683716
9.23233374,842346848234468858,842346850042161166,6,93,34775781000000,2026-09-10T09:13:25.191112+00:00,nominal_first,-2.240000009536743,1.260000005364418,-1.1200000047683716
9.25156451,842346848253699628,842346850042161166,6,94,34775781000000,2026-09-10T09:13:25.191112+00:00,nominal_first,-2.240000009536743,1.260000005364418,-1.1200000047683716
9.270795279,842346848272930397,842346850042161166,6,95,34775781000000,2026-09-10T09:13:25.191112+00:00,nominal_first,-2.240000009536743,1.3300000056624413,-1.1200000047683716
9.290026048,842346848292161166,842346850042161166,6,96,34775781000000,2026-09-10T09:13:25.191112+00:00,nominal_first,-2.240000009536743,1.260000005364418,-1.1200000047683716
9.309256817,842346848311391935,842346850042161166,6,97,34775781000000,2026-09-10T09:13:25.191112+00:00,nominal_first,-2.3100000098347664,1.3300000056624413,-1.1900000050663948
9.328487586,842346848330622704,842346850042161166,6,98,34775781000000,2026-09-10T09:13:25.191112+00:00,nominal_first,-2.240000009536743,1.260000005364418,-1.1900000050663948
9.347718356,842346848349853474,842346850042161166,6,99,34775781000000,2026-09-10T09:13:25.191112+00:00,nominal_first,-2.240000009536743,1.260000005364418,-1.1200000047683716
9.366949125,842346848369084243,842346850042161166,6,100,34775781000000,2026-09-10T09:13:25.191112+00:00,nominal_first,-2.240000009536743,1.260000005364418,-1.1200000047683716
9.386179894,842346848388315012,842346850042161166,6,101,34775781000000,2026-09-10T09:13:25.191112+00:00,nominal_first,-2.240000009536743,1.260000005364418,-1.1200000047683716
9.405410663,842346848407545781,842346850042161166,6,102,34775781000000,2026-09-10T09:13:25.191112+00:00,nominal_first,-2.240000009536743,1.260000005364418,-1.1200000047683716
9.424641433,842346848426776551,842346850042161166,6,103,34775781000000,2026-09-10T09:13:25.191112+00:00,nominal_first,-2.240000009536743,1.260000005364418,-1.1900000050663948
9.443872202,842346848446007320,842346850042161166,6,104,34775781000000,2026-09-10T09:13:25.191112+00:00,nominal_first,-2.240000009536743,1.260000005364418,-1.1900000050663948
9.463102971,842346848465238089,842346850042161166,6,105,34775781000000,2026-09-10T09:13:25.191112+00:00,nominal_first,-2.240000009536743,1.3300000056624413,-1.1900000050663948
9.48233374,842346848484468858,842346850042161166,6,106,34775781000000,2026-09-10T09:13:25.191112+00:00,nominal_first,-2.240000009536743,1.260000005364418,-1.1900000050663948
9.50156451,842346848503699628,842346850042161166,6,107,34775781000000,2026-09-10T09:13:25.191112+00:00,nominal_first,-2.17000000923872,1.260000005364418,-1.1200000047683716
9.520795279,842346848522930397,842346850042161166,6,108,34775781000000,2026-09-10T09:13:25.191112+00:00,nominal_first,-2.240000009536743,1.260000005364418,-1.1200000047683716
9.540026048,842346848542161166,842346850042161166,6,109,34775781000000,2026-09-10T09:13:25.191112+00:00,nominal_first,-2.17000000923872,1.260000005364418,-1.1200000047683716
9.559256817,842346848561391935,842346850042161166,6,110,34775781000000,2026-09-10T09:13:25.191112+00:00,nominal_first,-2.17000000923872,1.260000005364418,-1.1200000047683716
9.578487586,842346848580622704,842346850042161166,6,111,34775781000000,2026-09-10T09:13:25.191112+00:00,nominal_first,-2.240000009536743,1.260000005364418,-1.1200000047683716
9.597718356,842346848599853474,842346850042161166,6,112,34775781000000,2026-09-10T09:13:25.191112+00:00,nominal_first,-2.3100000098347664,1.3300000056624413,-1.1200000047683716
9.616949125,842346848619084243,842346850042161166,6,113,34775781000000,2026-09-10T09:13:25.191112+00:00,nominal_first,-2.3100000098347664,1.3300000056624413,-1.1200000047683716
9.636179894,842346848638315012,842346850042161166,6,114,34775781000000,2026-09-10T09:13:25.191112+00:00,nominal_first,-2.240000009536743,1.260000005364418,-1.1200000047683716
9.655410663,842346848657545781,842346850042161166,6,115,34775781000000,2026-09-10T09:13:25.191112+00:00,nominal_first,-2.240000009536743,1.260000005364418,-1.1200000047683716
9.674641433,842346848676776551,842346850042161166,6,116,34775781000000,2026-09-10T09:13:25.191112+00:00,nominal_first,-2.17000000923872,1.1900000050663948,-1.1200000047683716
9.693872202,842346848696007320,842346850042161166,6,117,34775781000000,2026-09-10T09:13:25.191112+00:00,nominal_first,-2.240000009536743,1.260000005364418,-1.1200000047683716
9.713102971,842346848715238089,842346850042161166,6,118,34775781000000,2026-09-10T09:13:25.191112+00:00,nominal_first,-2.240000009536743,1.260000005364418,-1.1200000047683716
9.73233374,842346848734468858,842346850042161166,6,119,34775781000000,2026-09-10T09:13:25.191112+00:00,nominal_first,-2.240000009536743,1.260000005364418,-1.1200000047683716
9.75156451,842346848753699628,842346850042161166,6,120,34775781000000,2026-09-10T09:13:25.191112+00:00,nominal_first,-2.3100000098347664,1.3300000056624413,-1.1900000050663948
9.770795279,842346848772930397,842346850042161166,6,121,34775781000000,2026-09-10T09:13:25.191112+00:00,nominal_first,-2.17000000923872,1.260000005364418,-1.1200000047683716
9.790026048,842346848792161166,842346850042161166,6,122,34775781000000,2026-09-10T09:13:25.191112+00:00,nominal_first,-2.240000009536743,1.3300000056624413,-1.1200000047683716
9.809256817,842346848811391935,842346850042161166,6,123,34775781000000,2026-09-10T09:13:25.191112+00:00,nominal_first,-2.240000009536743,1.260000005364418,-1.1200000047683716
9.828487586,842346848830622704,842346850042161166,6,124,34775781000000,2026-09-10T09:13:25.191112+00:00,nominal_first,-2.3100000098347664,1.1900000050663948,-1.1200000047683716
9.847718356,842346848849853474,842346850042161166,6,125,34775781000000,2026-09-10T09:13:25.191112+00:00,nominal_first,-2.240000009536743,1.260000005364418,-1.1200000047683716
9.866949125,842346848869084243,842346850042161166,6,126,34775781000000,2026-09-10T09:13:25.191112+00:00,nominal_first,-2.17000000923872,1.260000005364418,-1.1900000050663948
9.886179894,842346848888315012,842346850042161166,6,127,34775781000000,2026-09-10T09:13:25.191112+00:00,nominal_first,-2.240000009536743,1.260000005364418,-1.1900000050663948
9.905410663,842346848907545781,842346850042161166,6,128,34775781000000,2026-09-10T09:13:25.191112+00:00,nominal_first,-2.17000000923872,1.3300000056624413,-1.1900000050663948
9.924641433,842346848926776551,842346850042161166,6,129,34775781000000,2026-09-10T09:13:25.191112+00:00,nominal_first,-2.240000009536743,1.260000005364418,-1.1200000047683716
9.943872202,842346848946007320,842346850042161166,6,130,34775781000000,2026-09-10T09:13:25.191112+00:00,nominal_first,-2.240000009536743,1.260000005364418,-1.1200000047683716
9.963102971,842346848965238089,842346850042161166,6,131,34775781000000,2026-09-10T09:13:25.191112+00:00,nominal_first,-2.17000000923872,1.260000005364418,-1.1900000050663948
9.98233374,842346848984468858,842346850042161166,6,132,34775781000000,2026-09-10T09:13:25.191112+00:00,nominal_first,-2.240000009536743,1.260000005364418,-1.1200000047683716
10.00156451,842346849003699628,842346850042161166,6,133,34775781000000,2026-09-10T09:13:25.191112+00:00,nominal_first,-2.3100000098347664,1.260000005364418,-1.1200000047683716
10.020795279,842346849022930397,842346850042161166,6,134,34775781000000,2026-09-10T09:13:25.191112+00:00,nominal_first,-2.240000009536743,1.260000005364418,-1.1200000047683716
10.040026048,842346849042161166,842346850042161166,6,135,34775781000000,2026-09-10T09:13:25.191112+00:00,nominal_first,-2.240000009536743,1.260000005364418,-1.1200000047683716
10.059256817,842346849061391935,842346850042161166,6,136,34775781000000,2026-09-10T09:13:25.191112+00:00,nominal_first,-2.240000009536743,1.260000005364418,-1.1900000050663948
10.078487586,842346849080622704,842346850042161166,6,137,34775781000000,2026-09-10T09:13:25.191112+00:00,nominal_first,-2.240000009536743,1.260000005364418,-1.1900000050663948
10.097718356,842346849099853474,842346850042161166,6,138,34775781000000,2026-09-10T09:13:25.191112+00:00,nominal_first,-2.240000009536743,1.3300000056624413,-1.1200000047683716
10.116949125,842346849119084243,842346850042161166,6,139,34775781000000,2026-09-10T09:13:25.191112+00:00,nominal_first,-2.17000000923872,1.3300000056624413,-1.1200000047683716
10.136179894,842346849138315012,842346850042161166,6,140,34775781000000,2026-09-10T09:13:25.191112+00:00,nominal_first,-2.240000009536743,1.260000005364418,-1.1200000047683716
10.155410663,842346849157545781,842346850042161166,6,141,34775781000000,2026-09-10T09:13:25.191112+00:00,nominal_first,-2.240000009536743,1.260000005364418,-1.1900000050663948
10.174641433,842346849176776551,842346850042161166,6,142,34775781000000,2026-09-10T09:13:25.191112+00:00,nominal_first,-2.240000009536743,1.260000005364418,-1.1900000050663948
10.193872202,842346849196007320,842346850042161166,6,143,34775781000000,2026-09-10T09:13:25.191112+00:00,nominal_first,-2.240000009536743,1.260000005364418,-1.1200000047683716
10.213102971,842346849215238089,842346850042161166,6,144,34775781000000,2026-09-10T09:13:25.191112+00:00,nominal_first,-2.240000009536743,1.260000005364418,-1.1200000047683716
10.23233374,842346849234468858,842346850042161166,6,145,34775781000000,2026-09-10T09:13:25.191112+00:00,nominal_first,-2.240000009536743,1.3300000056624413,-1.1900000050663948
10.25156451,842346849253699628,842346850042161166,6,146,34775781000000,2026-09-10T09:13:25.191112+00:00,nominal_first,-2.17000000923872,1.260000005364418,-1.1200000047683716
10.270795279,842346849272930397,842346850042161166,6,147,34775781000000,2026-09-10T09:13:25.191112+00:00,nominal_first,-2.3100000098347664,1.3300000056624413,-1.1900000050663948
10.290026048,842346849292161166,842346850042161166,6,148,34775781000000,2026-09-10T09:13:25.191112+00:00,nominal_first,-2.240000009536743,1.3300000056624413,-1.1200000047683716
10.309256817,842346849311391935,842346850042161166,6,149,34775781000000,2026-09-10T09:13:25.191112+00:00,nominal_first,-2.240000009536743,1.260000005364418,-1.1200000047683716
10.328487586,842346849330622704,842346850042161166,6,150,34775781000000,2026-09-10T09:13:25.191112+00:00,nominal_first,-2.240000009536743,1.260000005364418,-1.1900000050663948
10.347718356,842346849349853474,842346850042161166,6,151,34775781000000,2026-09-10T09:13:25.191112+00:00,nominal_first,-2.17000000923872,1.260000005364418,-1.1200000047683716
10.366949125,842346849369084243,842346850042161166,6,152,34775781000000,2026-09-10T09:13:25.191112+00:00,nominal_first,-2.240000009536743,1.3300000056624413,-1.1200000047683716
10.386179894,842346849388315012,842346850042161166,6,153,34775781000000,2026-09-10T09:13:25.191112+00:00,nominal_first,-2.17000000923872,1.3300000056624413,-1.1900000050663948
10.405410663,842346849407545781,842346850042161166,6,154,34775781000000,2026-09-10T09:13:25.191112+00:00,nominal_first,-2.240000009536743,1.260000005364418,-1.1200000047683716
10.424641433,842346849426776551,842346850042161166,6,155,34775781000000,2026-09-10T09:13:25.191112+00:00,nominal_first,-2.3100000098347664,1.260000005364418,-1.1200000047683716
10.443872202,842346849446007320,842346850042161166,6,156,34775781000000,2026-09-10T09:13:25.191112+00:00,nominal_first,-2.17000000923872,1.260000005364418,-1.1200000047683716
10.463102971,842346849465238089,842346850042161166,6,157,34775781000000,2026-09-10T09:13:25.191112+00:00,nominal_first,-2.240000009536743,1.3300000056624413,-1.1200000047683716
10.48233374,842346849484468858,842346850042161166,6,158,34775781000000,2026-09-10T09:13:25.191112+00:00,nominal_first,-2.17000000923872,1.3300000056624413,-1.1200000047683716
10.50156451,842346849503699628,842346850042161166,6,159,34775781000000,2026-09-10T09:13:25.191112+00:00,nominal_first,-2.240000009536743,1.260000005364418,-1.1200000047683716
10.520795279,842346849522930397,842346850042161166,6,160,34775781000000,2026-09-10T09:13:25.191112+00:00,nominal_first,-2.3100000098347664,1.3300000056624413,-1.1900000050663948
10.540026048,842346849542161166,842346850042161166,6,161,34775781000000,2026-09-10T09:13:25.191112+00:00,nominal_first,-2.17000000923872,1.3300000056624413,-1.1900000050663948
10.559256817,842346849561391935,842346850042161166,6,162,34775781000000,2026-09-10T09:13:25.191112+00:00,nominal_first,-2.240000009536743,1.260000005364418,-1.1200000047683716
10.578487586,842346849580622704,842346850042161166,6,163,34775781000000,2026-09-10T09:13:25.191112+00:00,nominal_first,-2.240000009536743,1.260000005364418,-1.1900000050663948
10.597718356,842346849599853474,842346850042161166,6,164,34775781000000,2026-09-10T09:13:25.191112+00:00,nominal_first,-2.240000009536743,1.260000005364418,-1.1900000050663948
10.616949125,842346849619084243,842346850042161166,6,165,34775781000000,2026-09-10T09:13:25.191112+00:00,nominal_first,-2.17000000923872,1.260000005364418,-1.1200000047683716
10.636179894,842346849638315012,842346850042161166,6,166,34775781000000,2026-09-10T09:13:25.191112+00:00,nominal_first,-2.240000009536743,1.260000005364418,-1.1200000047683716
10.655410663,842346849657545781,842346850042161166,6,167,34775781000000,2026-09-10T09:13:25.191112+00:00,nominal_first,-2.3100000098347664,1.260000005364418,-1.1200000047683716
10.674641433,842346849676776551,842346850042161166,6,168,34775781000000,2026-09-10T09:13:25.191112+00:00,nominal_first,-2.17000000923872,1.260000005364418,-1.1200000047683716
10.693872202,842346849696007320,842346850042161166,6,169,34775781000000,2026-09-10T09:13:25.191112+00:00,nominal_first,-2.240000009536743,1.260000005364418,-1.1200000047683716
10.713102971,842346849715238089,842346850042161166,6,170,34775781000000,2026-09-10T09:13:25.191112+00:00,nominal_first,-2.240000009536743,1.260000005364418,-1.1200000047683716
10.73233374,842346849734468858,842346850042161166,6,171,34775781000000,2026-09-10T09:13:25.191112+00:00,nominal_first,-2.240000009536743,1.260000005364418,-1.1900000050663948
10.75156451,842346849753699628,842346850042161166,6,172,34775781000000,2026-09-10T09:13:25.191112+00:00,nominal_first,-2.240000009536743,1.260000005364418,-1.1900000050663948
10.770795279,842346849772930397,842346850042161166,6,173,34775781000000,2026-09-10T09:13:25.191112+00:00,nominal_first,-2.240000009536743,1.260000005364418,-1.1200000047683716
10.790026048,842346849792161166,842346850042161166,6,174,34775781000000,2026-09-10T09:13:25.191112+00:00,nominal_first,-2.240000009536743,1.260000005364418,-1.1900000050663948
10.809256817,842346849811391935,842346850042161166,6,175,34775781000000,2026-09-10T09:13:25.191112+00:00,nominal_first,-2.240000009536743,1.260000005364418,-1.1200000047683716
10.828487586,842346849830622704,842346850042161166,6,176,34775781000000,2026-09-10T09:13:25.191112+00:00,nominal_first,-2.17000000923872,1.3300000056624413,-1.1900000050663948
10.847718356,842346849849853474,842346850042161166,6,177,34775781000000,2026-09-10T09:13:25.191112+00:00,nominal_first,-2.240000009536743,1.260000005364418,-1.1200000047683716
10.866949125,842346849869084243,842346850042161166,6,178,34775781000000,2026-09-10T09:13:25.191112+00:00,nominal_first,-2.17000000923872,1.260000005364418,-1.1900000050663948
10.886179894,842346849888315012,842346850042161166,6,179,34775781000000,2026-09-10T09:13:25.191112+00:00,nominal_first,-2.240000009536743,1.260000005364418,-1.1900000050663948
10.905410663,842346849907545781,842346850042161166,6,180,34775781000000,2026-09-10T09:13:25.191112+00:00,nominal_first,-2.3100000098347664,1.260000005364418,-1.1200000047683716
10.924641433,842346849926776551,842346850042161166,6,181,34775781000000,2026-09-10T09:13:25.191112+00:00,nominal_first,-2.240000009536743,1.260000005364418,-1.1200000047683716
10.943872202,842346849946007320,842346850042161166,6,182,34775781000000,2026-09-10T09:13:25.191112+00:00,nominal_first,-2.3100000098347664,1.260000005364418,-1.1200000047683716
10.963102971,842346849965238089,842346850042161166,6,183,34775781000000,2026-09-10T09:13:25.191112+00:00,nominal_first,-2.240000009536743,1.3300000056624413,-1.1200000047683716
10.98233374,842346849984468858,842346850042161166,6,184,34775781000000,2026-09-10T09:13:25.191112+00:00,nominal_first,-2.17000000923872,1.260000005364418,-1.1200000047683716
11.00156451,842346850003699628,842346850042161166,6,185,34775781000000,2026-09-10T09:13:25.191112+00:00,nominal_first,-2.240000009536743,1.3300000056624413,-1.1200000047683716
11.020795279,842346850022930397,842346850042161166,6,186,34775781000000,2026-09-10T09:13:25.191112+00:00,nominal_first,-2.240000009536743,1.3300000056624413,-1.1200000047683716
11.040026048,842346850042161166,842346850042161166,6,187,34775781000000,2026-09-10T09:13:25.191112+00:00,nominal_first,-2.17000000923872,1.260000005364418,-1.1200000047683716
11.05891397,842346850061049088,842346851779849984,11,0,34777750000000,2026-09-10T09:13:27.170161+00:00,interpolated,-2.3100000098347664,1.260000005364418,-1.1200000047683716
11.077801892,842346850079937010,842346851779849984,11,1,34777750000000,2026-09-10T09:13:27.170161+00:00,interpolated,-2.240000009536743,1.260000005364418,-1.1200000047683716
11.096689814,842346850098824932,842346851779849984,11,2,34777750000000,2026-09-10T09:13:27.170161+00:00,interpolated,-2.3100000098347664,1.260000005364418,-1.1900000050663948
11.115577736,842346850117712854,842346851779849984,11,3,34777750000000,2026-09-10T09:13:27.170161+00:00,interpolated,-2.240000009536743,1.260000005364418,-1.1900000050663948
11.134465658,842346850136600776,842346851779849984,11,4,34777750000000,2026-09-10T09:13:27.170161+00:00,interpolated,-2.240000009536743,1.260000005364418,-1.1200000047683716
11.15335358,842346850155488698,842346851779849984,11,5,34777750000000,2026-09-10T09:13:27.170161+00:00,interpolated,-2.240000009536743,1.3300000056624413,-1.1200000047683716
11.172241502,842346850174376620,842346851779849984,11,6,34777750000000,2026-09-10T09:13:27.170161+00:00,interpolated,-2.17000000923872,1.260000005364418,-1.1200000047683716
11.191129423,842346850193264541,842346851779849984,11,7,34777750000000,2026-09-10T09:13:27.170161+00:00,interpolated,-2.240000009536743,1.3300000056624413,-1.1200000047683716
11.210017345,842346850212152463,842346851779849984,11,8,34777750000000,2026-09-10T09:13:27.170161+00:00,interpolated,-2.240000009536743,1.3300000056624413,-1.1200000047683716
11.228905267,842346850231040385,842346851779849984,11,9,34777750000000,2026-09-10T09:13:27.170161+00:00,interpolated,-2.240000009536743,1.260000005364418,-1.1200000047683716
11.247793189,842346850249928307,842346851779849984,11,10,34777750000000,2026-09-10T09:13:27.170161+00:00,interpolated,-2.240000009536743,1.3300000056624413,-1.1200000047683716
11.266681111,842346850268816229,842346851779849984,11,11,34777750000000,2026-09-10T09:13:27.170161+00:00,interpolated,-2.240000009536743,1.260000005364418,-1.1200000047683716
11.285569033,842346850287704151,842346851779849984,11,12,34777750000000,2026-09-10T09:13:27.170161+00:00,interpolated,-2.240000009536743,1.260000005364418,-1.1200000047683716
11.304456955,842346850306592073,842346851779849984,11,13,34777750000000,2026-09-10T09:13:27.170161+00:00,interpolated,-2.240000009536743,1.260000005364418,-1.1200000047683716
11.323344877,842346850325479995,842346851779849984,11,14,34777750000000,2026-09-10T09:13:27.170161+00:00,interpolated,-2.240000009536743,1.260000005364418,-1.1200000047683716
11.342232799,842346850344367917,842346851779849984,11,15,34777750000000,2026-09-10T09:13:27.170161+00:00,interpolated,-2.240000009536743,1.260000005364418,-1.1900000050663948
11.361120721,842346850363255839,842346851779849984,11,16,34777750000000,2026-09-10T09:13:27.170161+00:00,interpolated,-2.240000009536743,1.260000005364418,-1.1200000047683716
11.380008643,842346850382143761,842346851779849984,11,17,34777750000000,2026-09-10T09:13:27.170161+00:00,interpolated,-2.3100000098347664,1.3300000056624413,-1.1200000047683716
11.398896565,842346850401031683,842346851779849984,11,18,34777750000000,2026-09-10T09:13:27.170161+00:00,interpolated,-2.17000000923872,1.260000005364418,-1.1200000047683716
11.417784487,842346850419919605,842346851779849984,11,19,34777750000000,2026-09-10T09:13:27.170161+00:00,interpolated,-2.240000009536743,1.3300000056624413,-1.1900000050663948
11.436672409,842346850438807527,842346851779849984,11,20,34777750000000,2026-09-10T09:13:27.170161+00:00,interpolated,-2.240000009536743,1.3300000056624413,-1.1900000050663948
11.455560331,842346850457695449,842346851779849984,11,21,34777750000000,2026-09-10T09:13:27.170161+00:00,interpolated,-2.240000009536743,1.260000005364418,-1.1200000047683716
11.474448253,842346850476583371,842346851779849984,11,22,34777750000000,2026-09-10T09:13:27.170161+00:00,interpolated,-2.3100000098347664,1.260000005364418,-1.1200000047683716
11.493336174,842346850495471292,842346851779849984,11,23,34777750000000,2026-09-10T09:13:27.170161+00:00,interpolated,-2.240000009536743,1.260000005364418,-1.1200000047683716
11.512224096,842346850514359214,842346851779849984,11,24,34777750000000,2026-09-10T09:13:27.170161+00:00,interpolated,-2.240000009536743,1.260000005364418,-1.1200000047683716
11.531112018,842346850533247136,842346851779849984,11,25,34777750000000,2026-09-10T09:13:27.170161+00:00,interpolated,-2.3100000098347664,1.260000005364418,-1.1200000047683716
11.54999994,842346850552135058,842346851779849984,11,26,34777750000000,2026-09-10T09:13:27.170161+00:00,interpolated,-2.17000000923872,1.260000005364418,-1.1900000050663948
11.568887862,842346850571022980,842346851779849984,11,27,34777750000000,2026-09-10T09:13:27.170161+00:00,interpolated,-2.240000009536743,1.260000005364418,-1.1200000047683716
11.587775784,842346850589910902,842346851779849984,11,28,34777750000000,2026-09-10T09:13:27.170161+00:00,interpolated,-2.3100000098347664,1.260000005364418,-1.1200000047683716
11.606663706,842346850608798824,842346851779849984,11,29,34777750000000,2026-09-10T09:13:27.170161+00:00,interpolated,-2.240000009536743,1.260000005364418,-1.1900000050663948
11.625551628,842346850627686746,842346851779849984,11,30,34777750000000,2026-09-10T09:13:27.170161+00:00,interpolated,-2.240000009536743,1.3300000056624413,-1.1200000047683716
11.64443955,842346850646574668,842346851779849984,11,31,34777750000000,2026-09-10T09:13:27.170161+00:00,interpolated,-2.240000009536743,1.3300000056624413,-1.1900000050663948
11.663327472,842346850665462590,842346851779849984,11,32,34777750000000,2026-09-10T09:13:27.170161+00:00,interpolated,-2.17000000923872,1.260000005364418,-1.1200000047683716
11.682215394,842346850684350512,842346851779849984,11,33,34777750000000,2026-09-10T09:13:27.170161+00:00,interpolated,-2.240000009536743,1.260000005364418,-1.1200000047683716
11.701103316,842346850703238434,842346851779849984,11,34,34777750000000,2026-09-10T09:13:27.170161+00:00,interpolated,-2.240000009536743,1.260000005364418,-1.1200000047683716
11.719991238,842346850722126356,842346851779849984,11,35,34777750000000,2026-09-10T09:13:27.170161+00:00,interpolated,-2.3100000098347664,1.260000005364418,-1.1200000047683716
11.73887916,842346850741014278,842346851779849984,11,36,34777750000000,2026-09-10T09:13:27.170161+00:00,interpolated,-2.240000009536743,1.260000005364418,-1.1200000047683716
11.757767082,842346850759902200,842346851779849984,11,37,34777750000000,2026-09-10T09:13:27.170161+00:00,interpolated,-2.240000009536743,1.260000005364418,-1.1200000047683716
11.776655003,842346850778790121,842346851779849984,11,38,34777750000000,2026-09-10T09:13:27.170161+00:00,interpolated,-2.240000009536743,1.260000005364418,-1.1200000047683716
11.795542925,842346850797678043,842346851779849984,11,39,34777750000000,2026-09-10T09:13:27.170161+00:00,interpolated,-2.17000000923872,1.260000005364418,-1.1200000047683716
11.814430847,842346850816565965,842346851779849984,11,40,34777750000000,2026-09-10T09:13:27.170161+00:00,interpolated,-2.240000009536743,1.3300000056624413,-1.1200000047683716
11.833318769,842346850835453887,842346851779849984,11,41,34777750000000,2026-09-10T09:13:27.170161+00:00,interpolated,-2.240000009536743,1.260000005364418,-1.1200000047683716
11.852206691,842346850854341809,842346851779849984,11,42,34777750000000,2026-09-10T09:13:27.170161+00:00,interpolated,-2.240000009536743,1.3300000056624413,-1.1200000047683716
11.871094613,842346850873229731,842346851779849984,11,43,34777750000000,2026-09-10T09:13:27.170161+00:00,interpolated,-2.240000009536743,1.3300000056624413,-1.1200000047683716
11.889982535,842346850892117653,842346851779849984,11,44,34777750000000,2026-09-10T09:13:27.170161+00:00,interpolated,-2.240000009536743,1.260000005364418,-1.1200000047683716
11.908870457,842346850911005575,842346851779849984,11,45,34777750000000,2026-09-10T09:13:27.170161+00:00,interpolated,-2.240000009536743,1.260000005364418,-1.1200000047683716
11.927758379,842346850929893497,842346851779849984,11,46,34777750000000,2026-09-10T09:13:27.170161+00:00,interpolated,-2.240000009536743,1.260000005364418,-1.1200000047683716
11.946646301,842346850948781419,842346851779849984,11,47,34777750000000,2026-09-10T09:13:27.170161+00:00,interpolated,-2.3100000098347664,1.260000005364418,-1.1200000047683716
11.965534223,842346850967669341,842346851779849984,11,48,34777750000000,2026-09-10T09:13:27.170161+00:00,interpolated,-2.240000009536743,1.3300000056624413,-1.1900000050663948
11.984422145,842346850986557263,842346851779849984,11,49,34777750000000,2026-09-10T09:13:27.170161+00:00,interpolated,-2.17000000923872,1.260000005364418,-1.1200000047683716
12.003310067,842346851005445185,842346851779849984,11,50,34777750000000,2026-09-10T09:13:27.170161+00:00,interpolated,-2.240000009536743,1.260000005364418,-1.1200000047683716
12.022197989,842346851024333107,842346851779849984,11,51,34777750000000,2026-09-10T09:13:27.170161+00:00,interpolated,-2.17000000923872,1.260000005364418,-1.1900000050663948
12.041085911,842346851043221029,842346851779849984,11,52,34777750000000,2026-09-10T09:13:27.170161+00:00,interpolated,-2.17000000923872,1.260000005364418,-1.1200000047683716
12.059973832,842346851062108950,842346851779849984,11,53,34777750000000,2026-09-10T09:13:27.170161+00:00,interpolated,-2.17000000923872,1.260000005364418,-1.1200000047683716
12.078861754,842346851080996872,842346851779849984,11,54,34777750000000,2026-09-10T09:13:27.170161+00:00,interpolated,-2.240000009536743,1.260000005364418,-1.1200000047683716
12.097749676,842346851099884794,842346851779849984,11,55,34777750000000,2026-09-10T09:13:27.170161+00:00,interpolated,-2.3100000098347664,1.3300000056624413,-1.1900000050663948
12.116637598,842346851118772716,842346851779849984,11,56,34777750000000,2026-09-10T09:13:27.170161+00:00,interpolated,-2.17000000923872,1.1900000050663948,-1.1900000050663948
12.13552552,842346851137660638,842346851779849984,11,57,34777750000000,2026-09-10T09:13:27.170161+00:00,interpolated,-2.240000009536743,1.3300000056624413,-1.1200000047683716
12.154413442,842346851156548560,842346851779849984,11,58,34777750000000,2026-09-10T09:13:27.170161+00:00,interpolated,-2.3100000098347664,1.3300000056624413,-1.1900000050663948
12.173301364,842346851175436482,842346851779849984,11,59,34777750000000,2026-09-10T09:13:27.170161+00:00,interpolated,-2.17000000923872,1.260000005364418,-1.1900000050663948
12.192189286,842346851194324404,842346851779849984,11,60,34777750000000,2026-09-10T09:13:27.170161+00:00,interpolated,-2.240000009536743,1.260000005364418,-1.1900000050663948
12.211077208,842346851213212326,842346851779849984,11,61,34777750000000,2026-09-10T09:13:27.170161+00:00,interpolated,-2.240000009536743,1.260000005364418,-1.1900000050663948
12.22996513,842346851232100248,842346851779849984,11,62,34777750000000,2026-09-10T09:13:27.170161+00:00,interpolated,-2.240000009536743,1.260000005364418,-1.1200000047683716
12.248853052,842346851250988170,842346851779849984,11,63,34777750000000,2026-09-10T09:13:27.170161+00:00,interpolated,1.1200000047683716,-2.3800000101327896,-5.040000021457672
12.267740974,842346851269876092,842346851779849984,11,64,34777750000000,2026-09-10T09:13:27.170161+00:00,interpolated,0.9100000038743019,-13.090000055730343,-27.510000117123127
12.286628896,842346851288764014,842346851779849984,11,65,34777750000000,2026-09-10T09:13:27.170161+00:00,interpolated,-6.440000027418137,1.7500000074505806,-42.000000178813934
12.305516818,842346851307651936,842346851779849984,11,66,34777750000000,2026-09-10T09:13:27.170161+00:00,interpolated,2.870000012218952,5.600000023841858,-53.83000022917986
12.32440474,842346851326539858,842346851779849984,11,67,34777750000000,2026-09-10T09:13:27.170161+00:00,interpolated,-3.6400000154972076,7.770000033080578,-50.260000213980675
12.343292662,842346851345427780,842346851779849984,11,68,34777750000000,2026-09-10T09:13:27.170161+00:00,interpolated,-1.6100000068545341,5.880000025033951,-39.55000016838312
12.362180583,842346851364315701,842346851779849984,11,69,34777750000000,2026-09-10T09:13:27.170161+00:00,interpolated,4.060000017285347,0.42000000178813934,-13.370000056922436
12.381068505,842346851383203623,842346851779849984,11,70,34777750000000,2026-09-10T09:13:27.170161+00:00,interpolated,59.57000025361776,-19.74000008404255,45.78000019490719
12.399956427,842346851402091545,842346851779849984,11,71,34777750000000,2026-09-10T09:13:27.170161+00:00,interpolated,-26.04000011086464,-2.3100000098347664,81.13000034540892
12.418844349,842346851420979467,842346851779849984,11,72,34777750000000,2026-09-10T09:13:27.170161+00:00,interpolated,-67.13000028580427,-3.3600000143051147,120.89000051468611
12.437732271,842346851439867389,842346851779849984,11,73,34777750000000,2026-09-10T09:13:27.170161+00:00,interpolated,-46.69000019878149,4.060000017285347,119.28000050783157
12.456620193,842346851458755311,842346851779849984,11,74,34777750000000,2026-09-10T09:13:27.170161+00:00,interpolated,1.1200000047683716,-7.3500000312924385,90.09000038355589
12.475508115,842346851477643233,842346851779849984,11,75,34777750000000,2026-09-10T09:13:27.170161+00:00,interpolated,29.260000124573708,-6.0900000259280205,38.990000165998936
12.494396037,842346851496531155,842346851779849984,11,76,34777750000000,2026-09-10T09:13:27.170161+00:00,interpolated,4.5500000193715096,-1.890000008046627,15.260000064969063
12.513283959,842346851515419077,842346851779849984,11,77,34777750000000,2026-09-10T09:13:27.170161+00:00,interpolated,15.40000006556511,-8.330000035464764,43.540000185370445
12.532171881,842346851534306999,842346851779849984,11,78,34777750000000,2026-09-10T09:13:27.170161+00:00,interpolated,17.080000072717667,-8.820000037550926,79.94000034034252
12.551059803,842346851553194921,842346851779849984,11,79,34777750000000,2026-09-10T09:13:27.170161+00:00,interpolated,19.670000083744526,-11.620000049471855,35.00000014901161
12.569947725,842346851572082843,842346851779849984,11,80,34777750000000,2026-09-10T09:13:27.170161+00:00,interpolated,0.9800000041723251,-1.1900000050663948,20.86000008881092
12.588835647,842346851590970765,842346851779849984,11,81,34777750000000,2026-09-10T09:13:27.170161+00:00,interpolated,-4.410000018775463,4.5500000193715096,18.970000080764294
12.607723569,842346851609858687,842346851779849984,11,82,34777750000000,2026-09-10T09:13:27.170161+00:00,interpolated,-6.860000029206276,2.9400000125169754,5.670000024139881
12.626611491,842346851628746609,842346851779849984,11,83,34777750000000,2026-09-10T09:13:27.170161+00:00,interpolated,-34.30000014603138,7.140000030398369,-7.630000032484531
12.645499412,842346851647634530,842346851779849984,11,84,34777750000000,2026-09-10T09:13:27.170161+00:00,interpolated,-26.530000112950802,4.970000021159649,-6.160000026226044
12.664387334,842346851666522452,842346851779849984,11,85,34777750000000,2026-09-10T09:13:27.170161+00:00,interpolated,8.540000036358833,-3.8500000163912773,1.0500000044703484
12.683275256,842346851685410374,842346851779849984,11,86,34777750000000,2026-09-10T09:13:27.170161+00:00,interpolated,-6.580000028014183,2.3100000098347664,-2.240000009536743
12.702163178,842346851704298296,842346851779849984,11,87,34777750000000,2026-09-10T09:13:27.170161+00:00,interpolated,-4.060000017285347,1.540000006556511,-1.6800000071525574
12.7210511,842346851723186218,842346851779849984,11,88,34777750000000,2026-09-10T09:13:27.170161+00:00,interpolated,0.7700000032782555,0.3500000014901161,-0.5600000023841858
12.739939022,842346851742074140,842346851779849984,11,89,34777750000000,2026-09-10T09:13:27.170161+00:00,interpolated,-5.670000024139881,2.17000000923872,-1.890000008046627
12.758826944,842346851760962062,842346851779849984,11,90,34777750000000,2026-09-10T09:13:27.170161+00:00,interpolated,0.21000000089406967,0.49000000208616257,-0.630000002682209
12.777714866,842346851779849984,842346851779849984,11,91,34777750000000,2026-09-10T09:13:27.170161+00:00,interpolated,-4.13000001758337,1.7500000074505806,-1.6100000068545341
12.796602822,842346851798737940,842346854934138582,16,0,34780703000000,2026-09-10T09:13:30.111722+00:00,interpolated,-1.1200000047683716,0.9100000038743019,-0.9100000038743019
12.815490777,842346851817625895,842346854934138582,16,1,34780703000000,2026-09-10T09:13:30.111722+00:00,interpolated,-2.9400000125169754,1.4700000062584877,-1.3300000056624413
12.834378733,842346851836513851,842346854934138582,16,2,34780703000000,2026-09-10T09:13:30.111722+00:00,interpolated,-2.0300000086426735,1.1900000050663948,-1.1200000047683716
12.853266689,842346851855401807,842346854934138582,16,3,34780703000000,2026-09-10T09:13:30.111722+00:00,interpolated,-2.3800000101327896,1.3300000056624413,-1.1900000050663948
12.872154644,842346851874289762,842346854934138582,16,4,34780703000000,2026-09-10T09:13:30.111722+00:00,interpolated,-2.450000010430813,1.3300000056624413,-1.1900000050663948
12.8910426,842346851893177718,842346854934138582,16,5,34780703000000,2026-09-10T09:13:30.111722+00:00,interpolated,-2.17000000923872,1.260000005364418,-1.1900000050663948
12.909930556,842346851912065674,842346854934138582,16,6,34780703000000,2026-09-10T09:13:30.111722+00:00,interpolated,-2.450000010430813,1.3300000056624413,-1.1900000050663948
12.928818511,842346851930953629,842346854934138582,16,7,34780703000000,2026-09-10T09:13:30.111722+00:00,interpolated,-2.1000000089406967,1.260000005364418,-1.1200000047683716
12.947706467,842346851949841585,842346854934138582,16,8,34780703000000,2026-09-10T09:13:30.111722+00:00,interpolated,-2.450000010430813,1.4000000059604645,-1.1900000050663948
12.966594423,842346851968729541,842346854934138582,16,9,34780703000000,2026-09-10T09:13:30.111722+00:00,interpolated,-2.0300000086426735,1.260000005364418,-1.1200000047683716
12.985482378,842346851987617496,842346854934138582,16,10,34780703000000,2026-09-10T09:13:30.111722+00:00,interpolated,-2.3800000101327896,1.4000000059604645,-1.1900000050663948
13.004370334,842346852006505452,842346854934138582,16,11,34780703000000,2026-09-10T09:13:30.111722+00:00,interpolated,-2.17000000923872,1.1900000050663948,-1.1900000050663948
13.02325829,842346852025393408,842346854934138582,16,12,34780703000000,2026-09-10T09:13:30.111722+00:00,interpolated,-2.3800000101327896,1.260000005364418,-1.1900000050663948
13.042146245,842346852044281363,842346854934138582,16,13,34780703000000,2026-09-10T09:13:30.111722+00:00,interpolated,-2.240000009536743,1.1900000050663948,-1.1900000050663948
13.061034201,842346852063169319,842346854934138582,16,14,34780703000000,2026-09-10T09:13:30.111722+00:00,interpolated,-2.240000009536743,1.1900000050663948,-1.1900000050663948
13.079922157,842346852082057275,842346854934138582,16,15,34780703000000,2026-09-10T09:13:30.111722+00:00,interpolated,-2.17000000923872,1.1900000050663948,-1.1200000047683716
13.098810113,842346852100945231,842346854934138582,16,16,34780703000000,2026-09-10T09:13:30.111722+00:00,interpolated,-2.17000000923872,1.260000005364418,-1.1900000050663948
13.117698068,842346852119833186,842346854934138582,16,17,34780703000000,2026-09-10T09:13:30.111722+00:00,interpolated,-2.3100000098347664,1.3300000056624413,-1.1900000050663948
13.136586024,842346852138721142,842346854934138582,16,18,34780703000000,2026-09-10T09:13:30.111722+00:00,interpolated,-2.3800000101327896,1.4000000059604645,-1.1900000050663948
13.15547398,842346852157609098,842346854934138582,16,19,34780703000000,2026-09-10T09:13:30.111722+00:00,interpolated,-2.3800000101327896,1.4000000059604645,-1.1900000050663948
13.174361935,842346852176497053,842346854934138582,16,20,34780703000000,2026-09-10T09:13:30.111722+00:00,interpolated,-2.240000009536743,1.3300000056624413,-1.1200000047683716
13.193249891,842346852195385009,842346854934138582,16,21,34780703000000,2026-09-10T09:13:30.111722+00:00,interpolated,-2.17000000923872,1.260000005364418,-1.1200000047683716
13.212137847,842346852214272965,842346854934138582,16,22,34780703000000,2026-09-10T09:13:30.111722+00:00,interpolated,-2.1000000089406967,1.1200000047683716,-1.1200000047683716
13.231025802,842346852233160920,842346854934138582,16,23,34780703000000,2026-09-10T09:13:30.111722+00:00,interpolated,-2.240000009536743,1.1900000050663948,-1.1200000047683716
13.249913758,842346852252048876,842346854934138582,16,24,34780703000000,2026-09-10T09:13:30.111722+00:00,interpolated,-2.17000000923872,1.260000005364418,-1.1200000047683716
13.268801714,842346852270936832,842346854934138582,16,25,34780703000000,2026-09-10T09:13:30.111722+00:00,interpolated,-2.3100000098347664,1.3300000056624413,-1.1900000050663948
13.287689669,842346852289824787,842346854934138582,16,26,34780703000000,2026-09-10T09:13:30.111722+00:00,interpolated,-2.3100000098347664,1.4000000059604645,-1.1200000047683716
13.306577625,842346852308712743,842346854934138582,16,27,34780703000000,2026-09-10T09:13:30.111722+00:00,interpolated,-2.450000010430813,1.4000000059604645,-1.1900000050663948
13.325465581,842346852327600699,842346854934138582,16,28,34780703000000,2026-09-10T09:13:30.111722+00:00,interpolated,-2.240000009536743,1.3300000056624413,-1.1900000050663948
13.344353536,842346852346488654,842346854934138582,16,29,34780703000000,2026-09-10T09:13:30.111722+00:00,interpolated,-2.240000009536743,1.1900000050663948,-1.1200000047683716
13.363241492,842346852365376610,842346854934138582,16,30,34780703000000,2026-09-10T09:13:30.111722+00:00,interpolated,-2.17000000923872,1.1900000050663948,-1.1200000047683716
13.382129448,842346852384264566,842346854934138582,16,31,34780703000000,2026-09-10T09:13:30.111722+00:00,interpolated,-2.240000009536743,1.260000005364418,-1.1200000047683716
13.401017403,842346852403152521,842346854934138582,16,32,34780703000000,2026-09-10T09:13:30.111722+00:00,interpolated,-2.1000000089406967,1.260000005364418,-1.1200000047683716
13.419905359,842346852422040477,842346854934138582,16,33,34780703000000,2026-09-10T09:13:30.111722+00:00,interpolated,-2.3100000098347664,1.3300000056624413,-1.1200000047683716
13.438793315,842346852440928433,842346854934138582,16,34,34780703000000,2026-09-10T09:13:30.111722+00:00,interpolated,-2.3100000098347664,1.4000000059604645,-1.1900000050663948
13.45768127,842346852459816388,842346854934138582,16,35,34780703000000,2026-09-10T09:13:30.111722+00:00,interpolated,-2.3800000101327896,1.3300000056624413,-1.1900000050663948
13.476569226,842346852478704344,842346854934138582,16,36,34780703000000,2026-09-10T09:13:30.111722+00:00,interpolated,-2.240000009536743,1.3300000056624413,-1.1900000050663948
13.495457182,842346852497592300,842346854934138582,16,37,34780703000000,2026-09-10T09:13:30.111722+00:00,interpolated,-2.3100000098347664,1.260000005364418,-1.1200000047683716
13.514345137,842346852516480255,842346854934138582,16,38,34780703000000,2026-09-10T09:13:30.111722+00:00,interpolated,-2.17000000923872,1.1900000050663948,-1.1200000047683716
13.533233093,842346852535368211,842346854934138582,16,39,34780703000000,2026-09-10T09:13:30.111722+00:00,interpolated,-2.240000009536743,1.1900000050663948,-1.1900000050663948
13.552121049,842346852554256167,842346854934138582,16,40,34780703000000,2026-09-10T09:13:30.111722+00:00,interpolated,-2.17000000923872,1.1900000050663948,-1.1900000050663948
13.571009004,842346852573144122,842346854934138582,16,41,34780703000000,2026-09-10T09:13:30.111722+00:00,interpolated,-2.3800000101327896,1.3300000056624413,-1.1900000050663948
13.58989696,842346852592032078,842346854934138582,16,42,34780703000000,2026-09-10T09:13:30.111722+00:00,interpolated,-2.3100000098347664,1.3300000056624413,-1.1900000050663948
13.608784916,842346852610920034,842346854934138582,16,43,34780703000000,2026-09-10T09:13:30.111722+00:00,interpolated,-2.3800000101327896,1.3300000056624413,-1.260000005364418
13.627672871,842346852629807989,842346854934138582,16,44,34780703000000,2026-09-10T09:13:30.111722+00:00,interpolated,-2.240000009536743,1.3300000056624413,-1.1900000050663948
13.646560827,842346852648695945,842346854934138582,16,45,34780703000000,2026-09-10T09:13:30.111722+00:00,interpolated,-2.240000009536743,1.3300000056624413,-1.1900000050663948
13.665448783,842346852667583901,842346854934138582,16,46,34780703000000,2026-09-10T09:13:30.111722+00:00,interpolated,-2.240000009536743,1.260000005364418,-1.1200000047683716
13.684336738,842346852686471856,842346854934138582,16,47,34780703000000,2026-09-10T09:13:30.111722+00:00,interpolated,-2.17000000923872,1.1900000050663948,-1.1200000047683716
13.703224694,842346852705359812,842346854934138582,16,48,34780703000000,2026-09-10T09:13:30.111722+00:00,interpolated,-2.240000009536743,1.260000005364418,-1.1200000047683716
13.72211265,842346852724247768,842346854934138582,16,49,34780703000000,2026-09-10T09:13:30.111722+00:00,interpolated,-2.3100000098347664,1.3300000056624413,-1.1200000047683716
13.741000606,842346852743135724,842346854934138582,16,50,34780703000000,2026-09-10T09:13:30.111722+00:00,interpolated,-2.240000009536743,1.3300000056624413,-1.1900000050663948
13.759888561,842346852762023679,842346854934138582,16,51,34780703000000,2026-09-10T09:13:30.111722+00:00,interpolated,-2.3800000101327896,1.260000005364418,-1.1200000047683716
13.778776517,842346852780911635,842346854934138582,16,52,34780703000000,2026-09-10T09:13:30.111722+00:00,interpolated,-2.240000009536743,1.3300000056624413,-1.1200000047683716
13.797664473,842346852799799591,842346854934138582,16,53,34780703000000,2026-09-10T09:13:30.111722+00:00,interpolated,-2.240000009536743,1.260000005364418,-1.1900000050663948
13.816552428,842346852818687546,842346854934138582,16,54,34780703000000,2026-09-10T09:13:30.111722+00:00,interpolated,-2.17000000923872,1.260000005364418,-1.1200000047683716
13.835440384,842346852837575502,842346854934138582,16,55,34780703000000,2026-09-10T09:13:30.111722+00:00,interpolated,-2.17000000923872,1.260000005364418,-1.1900000050663948
13.85432834,842346852856463458,842346854934138582,16,56,34780703000000,2026-09-10T09:13:30.111722+00:00,interpolated,-2.3100000098347664,1.260000005364418,-1.1900000050663948
13.873216295,842346852875351413,842346854934138582,16,57,34780703000000,2026-09-10T09:13:30.111722+00:00,interpolated,-2.17000000923872,1.3300000056624413,-1.1900000050663948
13.892104251,842346852894239369,842346854934138582,16,58,34780703000000,2026-09-10T09:13:30.111722+00:00,interpolated,-2.17000000923872,1.3300000056624413,-1.1900000050663948
13.910992207,842346852913127325,842346854934138582,16,59,34780703000000,2026-09-10T09:13:30.111722+00:00,interpolated,-2.3100000098347664,1.3300000056624413,-1.1200000047683716
13.929880162,842346852932015280,842346854934138582,16,60,34780703000000,2026-09-10T09:13:30.111722+00:00,interpolated,-2.17000000923872,1.260000005364418,-1.1200000047683716
13.948768118,842346852950903236,842346854934138582,16,61,34780703000000,2026-09-10T09:13:30.111722+00:00,interpolated,-2.17000000923872,1.260000005364418,-1.1200000047683716
13.967656074,842346852969791192,842346854934138582,16,62,34780703000000,2026-09-10T09:13:30.111722+00:00,interpolated,-2.240000009536743,1.260000005364418,-1.1200000047683716
13.986544029,842346852988679147,842346854934138582,16,63,34780703000000,2026-09-10T09:13:30.111722+00:00,interpolated,-2.240000009536743,1.1900000050663948,-1.1200000047683716
14.005431985,842346853007567103,842346854934138582,16,64,34780703000000,2026-09-10T09:13:30.111722+00:00,interpolated,-2.3100000098347664,1.260000005364418,-1.1200000047683716
14.024319941,842346853026455059,842346854934138582,16,65,34780703000000,2026-09-10T09:13:30.111722+00:00,interpolated,-2.240000009536743,1.260000005364418,-1.1900000050663948
14.043207896,842346853045343014,842346854934138582,16,66,34780703000000,2026-09-10T09:13:30.111722+00:00,interpolated,-2.3100000098347664,1.3300000056624413,-1.1900000050663948
14.062095852,842346853064230970,842346854934138582,16,67,34780703000000,2026-09-10T09:13:30.111722+00:00,interpolated,-2.3100000098347664,1.3300000056624413,-1.1200000047683716
14.080983808,842346853083118926,842346854934138582,16,68,34780703000000,2026-09-10T09:13:30.111722+00:00,interpolated,-2.240000009536743,1.260000005364418,-1.1900000050663948
14.099871763,842346853102006881,842346854934138582,16,69,34780703000000,2026-09-10T09:13:30.111722+00:00,interpolated,-2.240000009536743,1.260000005364418,-1.1200000047683716
14.118759719,842346853120894837,842346854934138582,16,70,34780703000000,2026-09-10T09:13:30.111722+00:00,interpolated,-2.17000000923872,1.260000005364418,-1.1200000047683716
14.137647675,842346853139782793,842346854934138582,16,71,34780703000000,2026-09-10T09:13:30.111722+00:00,interpolated,-2.17000000923872,1.260000005364418,-1.1200000047683716
14.15653563,842346853158670748,842346854934138582,16,72,34780703000000,2026-09-10T09:13:30.111722+00:00,interpolated,-2.17000000923872,1.3300000056624413,-1.1900000050663948
14.175423586,842346853177558704,842346854934138582,16,73,34780703000000,2026-09-10T09:13:30.111722+00:00,interpolated,-2.240000009536743,1.3300000056624413,-1.1900000050663948
14.194311542,842346853196446660,842346854934138582,16,74,34780703000000,2026-09-10T09:13:30.111722+00:00,interpolated,-2.3100000098347664,1.3300000056624413,-1.1900000050663948
14.213199497,842346853215334615,842346854934138582,16,75,34780703000000,2026-09-10T09:13:30.111722+00:00,interpolated,-2.3100000098347664,1.3300000056624413,-1.1900000050663948
14.232087453,842346853234222571,842346854934138582,16,76,34780703000000,2026-09-10T09:13:30.111722+00:00,interpolated,-2.240000009536743,1.260000005364418,-1.1200000047683716
14.250975409,842346853253110527,842346854934138582,16,77,34780703000000,2026-09-10T09:13:30.111722+00:00,interpolated,-2.240000009536743,1.260000005364418,-1.1200000047683716
14.269863364,842346853271998482,842346854934138582,16,78,34780703000000,2026-09-10T09:13:30.111722+00:00,interpolated,-2.17000000923872,1.3300000056624413,-1.1200000047683716
14.28875132,842346853290886438,842346854934138582,16,79,34780703000000,2026-09-10T09:13:30.111722+00:00,interpolated,-2.17000000923872,1.260000005364418,-1.1200000047683716
14.307639276,842346853309774394,842346854934138582,16,80,34780703000000,2026-09-10T09:13:30.111722+00:00,interpolated,-2.3100000098347664,1.3300000056624413,-1.1200000047683716
14.326527231,842346853328662349,842346854934138582,16,81,34780703000000,2026-09-10T09:13:30.111722+00:00,interpolated,-2.240000009536743,1.3300000056624413,-1.1900000050663948
14.345415187,842346853347550305,842346854934138582,16,82,34780703000000,2026-09-10T09:13:30.111722+00:00,interpolated,-2.240000009536743,1.3300000056624413,-1.1900000050663948
14.364303143,842346853366438261,842346854934138582,16,83,34780703000000,2026-09-10T09:13:30.111722+00:00,interpolated,-2.240000009536743,1.3300000056624413,-1.1900000050663948
14.383191099,842346853385326217,842346854934138582,16,84,34780703000000,2026-09-10T09:13:30.111722+00:00,interpolated,-2.17000000923872,1.1900000050663948,-1.1200000047683716
14.402079054,842346853404214172,842346854934138582,16,85,34780703000000,2026-09-10T09:13:30.111722+00:00,interpolated,-2.240000009536743,1.260000005364418,-1.1200000047683716
14.42096701,842346853423102128,842346854934138582,16,86,34780703000000,2026-09-10T09:13:30.111722+00:00,interpolated,-2.17000000923872,1.260000005364418,-1.1200000047683716
14.439854966,842346853441990084,842346854934138582,16,87,34780703000000,2026-09-10T09:13:30.111722+00:00,interpolated,-2.240000009536743,1.260000005364418,-1.1200000047683716
14.458742921,842346853460878039,842346854934138582,16,88,34780703000000,2026-09-10T09:13:30.111722+00:00,interpolated,-2.3100000098347664,1.3300000056624413,-1.1900000050663948
14.477630877,842346853479765995,842346854934138582,16,89,34780703000000,2026-09-10T09:13:30.111722+00:00,interpolated,-2.240000009536743,1.3300000056624413,-1.1900000050663948
14.496518833,842346853498653951,842346854934138582,16,90,34780703000000,2026-09-10T09:13:30.111722+00:00,interpolated,-2.240000009536743,1.260000005364418,-1.1200000047683716
14.515406788,842346853517541906,842346854934138582,16,91,34780703000000,2026-09-10T09:13:30.111722+00:00,interpolated,-2.240000009536743,1.3300000056624413,-1.1200000047683716
14.534294744,842346853536429862,842346854934138582,16,92,34780703000000,2026-09-10T09:13:30.111722+00:00,interpolated,-2.17000000923872,1.260000005364418,-1.1900000050663948
14.5531827,842346853555317818,842346854934138582,16,93,34780703000000,2026-09-10T09:13:30.111722+00:00,interpolated,-2.240000009536743,1.260000005364418,-1.1200000047683716
14.572070655,842346853574205773,842346854934138582,16,94,34780703000000,2026-09-10T09:13:30.111722+00:00,interpolated,-2.240000009536743,1.260000005364418,-1.1900000050663948
14.590958611,842346853593093729,842346854934138582,16,95,34780703000000,2026-09-10T09:13:30.111722+00:00,interpolated,-2.240000009536743,1.260000005364418,-1.1900000050663948
14.609846567,842346853611981685,842346854934138582,16,96,34780703000000,2026-09-10T09:13:30.111722+00:00,interpolated,-2.240000009536743,1.3300000056624413,-1.1200000047683716
14.628734522,842346853630869640,842346854934138582,16,97,34780703000000,2026-09-10T09:13:30.111722+00:00,interpolated,-2.17000000923872,1.260000005364418,-1.1900000050663948
14.647622478,842346853649757596,842346854934138582,16,98,34780703000000,2026-09-10T09:13:30.111722+00:00,interpolated,-2.240000009536743,1.260000005364418,-1.1200000047683716
14.666510434,842346853668645552,842346854934138582,16,99,34780703000000,2026-09-10T09:13:30.111722+00:00,interpolated,-2.240000009536743,1.260000005364418,-1.1900000050663948
14.685398389,842346853687533507,842346854934138582,16,100,34780703000000,2026-09-10T09:13:30.111722+00:00,interpolated,-2.240000009536743,1.260000005364418,-1.1200000047683716
14.704286345,842346853706421463,842346854934138582,16,101,34780703000000,2026-09-10T09:13:30.111722+00:00,interpolated,-2.240000009536743,1.260000005364418,-1.1200000047683716
14.723174301,842346853725309419,842346854934138582,16,102,34780703000000,2026-09-10T09:13:30.111722+00:00,interpolated,-2.240000009536743,1.260000005364418,-1.1200000047683716
14.742062256,842346853744197374,842346854934138582,16,103,34780703000000,2026-09-10T09:13:30.111722+00:00,interpolated,-2.3100000098347664,1.260000005364418,-1.1200000047683716
14.760950212,842346853763085330,842346854934138582,16,104,34780703000000,2026-09-10T09:13:30.111722+00:00,interpolated,-2.3100000098347664,1.3300000056624413,-1.1200000047683716
14.779838168,842346853781973286,842346854934138582,16,105,34780703000000,2026-09-10T09:13:30.111722+00:00,interpolated,-2.240000009536743,1.3300000056624413,-1.1900000050663948
14.798726123,842346853800861241,842346854934138582,16,106,34780703000000,2026-09-10T09:13:30.111722+00:00,interpolated,-2.240000009536743,1.260000005364418,-1.1200000047683716
14.817614079,842346853819749197,842346854934138582,16,107,34780703000000,2026-09-10T09:13:30.111722+00:00,interpolated,-2.240000009536743,1.260000005364418,-1.1200000047683716
14.836502035,842346853838637153,842346854934138582,16,108,34780703000000,2026-09-10T09:13:30.111722+00:00,interpolated,-2.240000009536743,1.260000005364418,-1.1900000050663948
14.85538999,842346853857525108,842346854934138582,16,109,34780703000000,2026-09-10T09:13:30.111722+00:00,interpolated,-2.3100000098347664,1.260000005364418,-1.1900000050663948
14.874277946,842346853876413064,842346854934138582,16,110,34780703000000,2026-09-10T09:13:30.111722+00:00,interpolated,-2.17000000923872,1.260000005364418,-1.1900000050663948
14.893165902,842346853895301020,842346854934138582,16,111,34780703000000,2026-09-10T09:13:30.111722+00:00,interpolated,-2.3100000098347664,1.3300000056624413,-1.1200000047683716
14.912053857,842346853914188975,842346854934138582,16,112,34780703000000,2026-09-10T09:13:30.111722+00:00,interpolated,-2.3100000098347664,1.3300000056624413,-1.1900000050663948
14.930941813,842346853933076931,842346854934138582,16,113,34780703000000,2026-09-10T09:13:30.111722+00:00,interpolated,-2.240000009536743,1.3300000056624413,-1.1900000050663948
14.949829769,842346853951964887,842346854934138582,16,114,34780703000000,2026-09-10T09:13:30.111722+00:00,interpolated,-2.240000009536743,1.3300000056624413,-1.1900000050663948
14.968717724,842346853970852842,842346854934138582,16,115,34780703000000,2026-09-10T09:13:30.111722+00:00,interpolated,-2.240000009536743,1.3300000056624413,-1.1200000047683716
14.98760568,842346853989740798,842346854934138582,16,116,34780703000000,2026-09-10T09:13:30.111722+00:00,interpolated,-2.17000000923872,1.260000005364418,-1.1200000047683716
15.006493636,842346854008628754,842346854934138582,16,117,34780703000000,2026-09-10T09:13:30.111722+00:00,interpolated,-2.240000009536743,1.260000005364418,-1.1200000047683716
15.025381592,842346854027516710,842346854934138582,16,118,34780703000000,2026-09-10T09:13:30.111722+00:00,interpolated,-2.17000000923872,1.260000005364418,-1.1200000047683716
15.044269547,842346854046404665,842346854934138582,16,119,34780703000000,2026-09-10T09:13:30.111722+00:00,interpolated,-2.3100000098347664,1.260000005364418,-1.1200000047683716
15.063157503,842346854065292621,842346854934138582,16,120,34780703000000,2026-09-10T09:13:30.111722+00:00,interpolated,-2.240000009536743,1.260000005364418,-1.1200000047683716
15.082045459,842346854084180577,842346854934138582,16,121,34780703000000,2026-09-10T09:13:30.111722+00:00,interpolated,-2.240000009536743,1.3300000056624413,-1.1900000050663948
15.100933414,842346854103068532,842346854934138582,16,122,34780703000000,2026-09-10T09:13:30.111722+00:00,interpolated,-2.240000009536743,1.260000005364418,-1.1200000047683716
15.11982137,842346854121956488,842346854934138582,16,123,34780703000000,2026-09-10T09:13:30.111722+00:00,interpolated,-2.240000009536743,1.260000005364418,-1.1900000050663948
15.138709326,842346854140844444,842346854934138582,16,124,34780703000000,2026-09-10T09:13:30.111722+00:00,interpolated,-2.17000000923872,1.260000005364418,-1.1200000047683716
15.157597281,842346854159732399,842346854934138582,16,125,34780703000000,2026-09-10T09:13:30.111722+00:00,interpolated,-2.240000009536743,1.260000005364418,-1.1200000047683716
15.176485237,842346854178620355,842346854934138582,16,126,34780703000000,2026-09-10T09:13:30.111722+00:00,interpolated,-2.17000000923872,1.1900000050663948,-1.1200000047683716
15.195373193,842346854197508311,842346854934138582,16,127,34780703000000,2026-09-10T09:13:30.111722+00:00,interpolated,-2.240000009536743,1.260000005364418,-1.1200000047683716
15.214261148,842346854216396266,842346854934138582,16,128,34780703000000,2026-09-10T09:13:30.111722+00:00,interpolated,-2.240000009536743,1.260000005364418,-1.1200000047683716
15.233149104,842346854235284222,842346854934138582,16,129,34780703000000,2026-09-10T09:13:30.111722+00:00,interpolated,-2.240000009536743,1.260000005364418,-1.1900000050663948
15.25203706,842346854254172178,842346854934138582,16,130,34780703000000,2026-09-10T09:13:30.111722+00:00,interpolated,-2.3100000098347664,1.3300000056624413,-1.1900000050663948
15.270925015,842346854273060133,842346854934138582,16,131,34780703000000,2026-09-10T09:13:30.111722+00:00,interpolated,-2.240000009536743,1.3300000056624413,-1.1900000050663948
15.289812971,842346854291948089,842346854934138582,16,132,34780703000000,2026-09-10T09:13:30.111722+00:00,interpolated,-2.240000009536743,1.260000005364418,-1.1900000050663948
15.308700927,842346854310836045,842346854934138582,16,133,34780703000000,2026-09-10T09:13:30.111722+00:00,interpolated,-2.17000000923872,1.260000005364418,-1.1900000050663948
15.327588882,842346854329724000,842346854934138582,16,134,34780703000000,2026-09-10T09:13:30.111722+00:00,interpolated,-2.17000000923872,1.260000005364418,-1.1200000047683716
15.346476838,842346854348611956,842346854934138582,16,135,34780703000000,2026-09-10T09:13:30.111722+00:00,interpolated,-2.240000009536743,1.260000005364418,-1.1200000047683716
15.365364794,842346854367499912,842346854934138582,16,136,34780703000000,2026-09-10T09:13:30.111722+00:00,interpolated,-2.240000009536743,1.260000005364418,-1.1900000050663948
15.384252749,842346854386387867,842346854934138582,16,137,34780703000000,2026-09-10T09:13:30.111722+00:00,interpolated,-2.240000009536743,1.260000005364418,-1.1900000050663948
15.403140705,842346854405275823,842346854934138582,16,138,34780703000000,2026-09-10T09:13:30.111722+00:00,interpolated,-2.240000009536743,1.260000005364418,-1.1200000047683716
15.422028661,842346854424163779,842346854934138582,16,139,34780703000000,2026-09-10T09:13:30.111722+00:00,interpolated,-2.17000000923872,1.260000005364418,-1.1900000050663948
15.440916616,842346854443051734,842346854934138582,16,140,34780703000000,2026-09-10T09:13:30.111722+00:00,interpolated,-2.240000009536743,1.260000005364418,-1.1200000047683716
15.459804572,842346854461939690,842346854934138582,16,141,34780703000000,2026-09-10T09:13:30.111722+00:00,interpolated,-2.17000000923872,1.260000005364418,-1.1900000050663948
15.478692528,842346854480827646,842346854934138582,16,142,34780703000000,2026-09-10T09:13:30.111722+00:00,interpolated,-2.240000009536743,1.260000005364418,-1.1200000047683716
15.497580483,842346854499715601,842346854934138582,16,143,34780703000000,2026-09-10T09:13:30.111722+00:00,interpolated,-2.240000009536743,1.3300000056624413,-1.1900000050663948
15.516468439,842346854518603557,842346854934138582,16,144,34780703000000,2026-09-10T09:13:30.111722+00:00,interpolated,-2.17000000923872,1.260000005364418,-1.1900000050663948
15.535356395,842346854537491513,842346854934138582,16,145,34780703000000,2026-09-10T09:13:30.111722+00:00,interpolated,-2.240000009536743,1.260000005364418,-1.1200000047683716
15.55424435,842346854556379468,842346854934138582,16,146,34780703000000,2026-09-10T09:13:30.111722+00:00,interpolated,-2.17000000923872,1.260000005364418,-1.1900000050663948
15.573132306,842346854575267424,842346854934138582,16,147,34780703000000,2026-09-10T09:13:30.111722+00:00,interpolated,-2.240000009536743,1.260000005364418,-1.1900000050663948
15.592020262,842346854594155380,842346854934138582,16,148,34780703000000,2026-09-10T09:13:30.111722+00:00,interpolated,-2.240000009536743,1.1900000050663948,-1.1200000047683716
15.610908217,842346854613043335,842346854934138582,16,149,34780703000000,2026-09-10T09:13:30.111722+00:00,interpolated,-2.240000009536743,1.1900000050663948,-1.1200000047683716
15.629796173,842346854631931291,842346854934138582,16,150,34780703000000,2026-09-10T09:13:30.111722+00:00,interpolated,-2.240000009536743,1.3300000056624413,-1.1900000050663948
15.648684129,842346854650819247,842346854934138582,16,151,34780703000000,2026-09-10T09:13:30.111722+00:00,interpolated,-2.240000009536743,1.3300000056624413,-1.1900000050663948
15.667572085,842346854669707203,842346854934138582,16,152,34780703000000,2026-09-10T09:13:30.111722+00:00,interpolated,-2.240000009536743,1.3300000056624413,-1.1900000050663948
15.68646004,842346854688595158,842346854934138582,16,153,34780703000000,2026-09-10T09:13:30.111722+00:00,interpolated,-2.3100000098347664,1.3300000056624413,-1.1900000050663948
15.705347996,842346854707483114,842346854934138582,16,154,34780703000000,2026-09-10T09:13:30.111722+00:00,interpolated,-2.17000000923872,1.260000005364418,-1.1900000050663948
15.724235952,842346854726371070,842346854934138582,16,155,34780703000000,2026-09-10T09:13:30.111722+00:00,interpolated,-2.17000000923872,1.260000005364418,-1.1200000047683716
15.743123907,842346854745259025,842346854934138582,16,156,34780703000000,2026-09-10T09:13:30.111722+00:00,interpolated,-2.1000000089406967,1.260000005364418,-1.1200000047683716
15.762011863,842346854764146981,842346854934138582,16,157,34780703000000,2026-09-10T09:13:30.111722+00:00,interpolated,-2.240000009536743,1.3300000056624413,-1.1200000047683716
15.780899819,842346854783034937,842346854934138582,16,158,34780703000000,2026-09-10T09:13:30.111722+00:00,interpolated,-2.240000009536743,1.4000000059604645,-1.1900000050663948
15.799787774,842346854801922892,842346854934138582,16,159,34780703000000,2026-09-10T09:13:30.111722+00:00,interpolated,-2.3800000101327896,1.4000000059604645,-1.1900000050663948
15.81867573,842346854820810848,842346854934138582,16,160,34780703000000,2026-09-10T09:13:30.111722+00:00,interpolated,-2.3100000098347664,1.3300000056624413,-1.1200000047683716
15.837563686,842346854839698804,842346854934138582,16,161,34780703000000,2026-09-10T09:13:30.111722+00:00,interpolated,-2.3800000101327896,1.3300000056624413,-1.1900000050663948
15.856451641,842346854858586759,842346854934138582,16,162,34780703000000,2026-09-10T09:13:30.111722+00:00,interpolated,-2.17000000923872,1.1900000050663948,-1.1200000047683716
15.875339597,842346854877474715,842346854934138582,16,163,34780703000000,2026-09-10T09:13:30.111722+00:00,interpolated,-2.240000009536743,1.260000005364418,-1.1200000047683716
15.894227553,842346854896362671,842346854934138582,16,164,34780703000000,2026-09-10T09:13:30.111722+00:00,interpolated,-2.1000000089406967,1.3300000056624413,-1.1200000047683716
15.913115508,842346854915250626,842346854934138582,16,165,34780703000000,2026-09-10T09:13:30.111722+00:00,interpolated,-2.240000009536743,1.540000006556511,-1.1900000050663948
15.932003464,842346854934138582,842346854934138582,16,166,34780703000000,2026-09-10T09:13:30.111722+00:00,interpolated,-2.240000009536743,1.540000006556511,-1.1900000050663948
15.950891391,842346854953026509,842346858352853444,23,0,34784093000000,2026-09-10T09:13:33.501399+00:00,interpolated,-2.450000010430813,1.6100000068545341,-1.1900000050663948
15.969779319,842346854971914437,842346858352853444,23,1,34784093000000,2026-09-10T09:13:33.501399+00:00,interpolated,-2.3800000101327896,1.6800000071525574,-1.1900000050663948
15.988667246,842346854990802364,842346858352853444,23,2,34784093000000,2026-09-10T09:13:33.501399+00:00,interpolated,-2.3100000098347664,1.6100000068545341,-1.1900000050663948
16.007555174,842346855009690292,842346858352853444,23,3,34784093000000,2026-09-10T09:13:33.501399+00:00,interpolated,-2.3800000101327896,1.540000006556511,-1.1900000050663948
16.026443101,842346855028578219,842346858352853444,23,4,34784093000000,2026-09-10T09:13:33.501399+00:00,interpolated,-2.3100000098347664,1.540000006556511,-1.1900000050663948
16.045331028,842346855047466146,842346858352853444,23,5,34784093000000,2026-09-10T09:13:33.501399+00:00,interpolated,-2.1000000089406967,1.4700000062584877,-1.1200000047683716
16.064218956,842346855066354074,842346858352853444,23,6,34784093000000,2026-09-10T09:13:33.501399+00:00,interpolated,-2.3100000098347664,1.540000006556511,-1.1200000047683716
16.083106883,842346855085242001,842346858352853444,23,7,34784093000000,2026-09-10T09:13:33.501399+00:00,interpolated,-2.3800000101327896,1.4700000062584877,-1.1200000047683716
16.101994811,842346855104129929,842346858352853444,23,8,34784093000000,2026-09-10T09:13:33.501399+00:00,interpolated,-2.3100000098347664,1.4000000059604645,-1.1200000047683716
16.120882738,842346855123017856,842346858352853444,23,9,34784093000000,2026-09-10T09:13:33.501399+00:00,interpolated,-2.3100000098347664,1.4000000059604645,-1.1900000050663948
16.139770666,842346855141905784,842346858352853444,23,10,34784093000000,2026-09-10T09:13:33.501399+00:00,interpolated,-2.3800000101327896,1.4700000062584877,-1.1900000050663948
16.158658593,842346855160793711,842346858352853444,23,11,34784093000000,2026-09-10T09:13:33.501399+00:00,interpolated,-2.3100000098347664,1.3300000056624413,-1.1900000050663948
16.17754652,842346855179681638,842346858352853444,23,12,34784093000000,2026-09-10T09:13:33.501399+00:00,interpolated,-2.17000000923872,1.260000005364418,-1.1200000047683716
16.196434448,842346855198569566,842346858352853444,23,13,34784093000000,2026-09-10T09:13:33.501399+00:00,interpolated,-2.240000009536743,1.260000005364418,-1.1900000050663948
16.215322375,842346855217457493,842346858352853444,23,14,34784093000000,2026-09-10T09:13:33.501399+00:00,interpolated,-2.240000009536743,1.260000005364418,-1.1200000047683716
16.234210303,842346855236345421,842346858352853444,23,15,34784093000000,2026-09-10T09:13:33.501399+00:00,interpolated,-2.17000000923872,1.260000005364418,-1.1900000050663948
16.25309823,842346855255233348,842346858352853444,23,16,34784093000000,2026-09-10T09:13:33.501399+00:00,interpolated,-2.240000009536743,1.3300000056624413,-1.1200000047683716
16.271986157,842346855274121275,842346858352853444,23,17,34784093000000,2026-09-10T09:13:33.501399+00:00,interpolated,-2.3800000101327896,1.3300000056624413,-1.1200000047683716
16.290874085,842346855293009203,842346858352853444,23,18,34784093000000,2026-09-10T09:13:33.501399+00:00,interpolated,-2.17000000923872,1.260000005364418,-1.1200000047683716
16.309762012,842346855311897130,842346858352853444,23,19,34784093000000,2026-09-10T09:13:33.501399+00:00,interpolated,-2.240000009536743,1.260000005364418,-1.1200000047683716
16.32864994,842346855330785058,842346858352853444,23,20,34784093000000,2026-09-10T09:13:33.501399+00:00,interpolated,-2.240000009536743,1.260000005364418,-1.1200000047683716
16.347537867,842346855349672985,842346858352853444,23,21,34784093000000,2026-09-10T09:13:33.501399+00:00,interpolated,-2.17000000923872,1.260000005364418,-1.1200000047683716
16.366425795,842346855368560913,842346858352853444,23,22,34784093000000,2026-09-10T09:13:33.501399+00:00,interpolated,-2.17000000923872,1.260000005364418,-1.1900000050663948
16.385313722,842346855387448840,842346858352853444,23,23,34784093000000,2026-09-10T09:13:33.501399+00:00,interpolated,-2.17000000923872,1.1900000050663948,-1.1900000050663948
16.404201649,842346855406336767,842346858352853444,23,24,34784093000000,2026-09-10T09:13:33.501399+00:00,interpolated,-2.17000000923872,1.1900000050663948,-1.1200000047683716
16.423089577,842346855425224695,842346858352853444,23,25,34784093000000,2026-09-10T09:13:33.501399+00:00,interpolated,-2.240000009536743,1.260000005364418,-1.1900000050663948
16.441977504,842346855444112622,842346858352853444,23,26,34784093000000,2026-09-10T09:13:33.501399+00:00,interpolated,-2.240000009536743,1.260000005364418,-1.1200000047683716
16.460865432,842346855463000550,842346858352853444,23,27,34784093000000,2026-09-10T09:13:33.501399+00:00,interpolated,-2.240000009536743,1.3300000056624413,-1.1200000047683716
16.479753359,842346855481888477,842346858352853444,23,28,34784093000000,2026-09-10T09:13:33.501399+00:00,interpolated,-2.17000000923872,1.260000005364418,-1.1900000050663948
16.498641286,842346855500776404,842346858352853444,23,29,34784093000000,2026-09-10T09:13:33.501399+00:00,interpolated,-2.3100000098347664,1.260000005364418,-1.1900000050663948
16.517529214,842346855519664332,842346858352853444,23,30,34784093000000,2026-09-10T09:13:33.501399+00:00,interpolated,-2.17000000923872,1.1900000050663948,-1.1200000047683716
16.536417141,842346855538552259,842346858352853444,23,31,34784093000000,2026-09-10T09:13:33.501399+00:00,interpolated,-2.17000000923872,1.1200000047683716,-1.1200000047683716
16.555305069,842346855557440187,842346858352853444,23,32,34784093000000,2026-09-10T09:13:33.501399+00:00,interpolated,-2.240000009536743,1.1200000047683716,-1.1200000047683716
16.574192996,842346855576328114,842346858352853444,23,33,34784093000000,2026-09-10T09:13:33.501399+00:00,interpolated,-2.17000000923872,1.1200000047683716,-1.1900000050663948
16.593080924,842346855595216042,842346858352853444,23,34,34784093000000,2026-09-10T09:13:33.501399+00:00,interpolated,-2.17000000923872,1.1200000047683716,-1.1200000047683716
16.611968851,842346855614103969,842346858352853444,23,35,34784093000000,2026-09-10T09:13:33.501399+00:00,interpolated,-2.3100000098347664,1.3300000056624413,-1.1900000050663948
16.630856778,842346855632991896,842346858352853444,23,36,34784093000000,2026-09-10T09:13:33.501399+00:00,interpolated,-2.240000009536743,1.260000005364418,-1.1200000047683716
16.649744706,842346855651879824,842346858352853444,23,37,34784093000000,2026-09-10T09:13:33.501399+00:00,interpolated,-2.240000009536743,1.260000005364418,-1.1200000047683716
16.668632633,842346855670767751,842346858352853444,23,38,34784093000000,2026-09-10T09:13:33.501399+00:00,interpolated,-2.240000009536743,1.260000005364418,-1.1900000050663948
16.687520561,842346855689655679,842346858352853444,23,39,34784093000000,2026-09-10T09:13:33.501399+00:00,interpolated,-2.17000000923872,1.1900000050663948,-1.1200000047683716
16.706408488,842346855708543606,842346858352853444,23,40,34784093000000,2026-09-10T09:13:33.501399+00:00,interpolated,-2.17000000923872,1.1900000050663948,-1.1200000047683716
16.725296415,842346855727431533,842346858352853444,23,41,34784093000000,2026-09-10T09:13:33.501399+00:00,interpolated,-2.17000000923872,1.1200000047683716,-1.1200000047683716
16.744184343,842346855746319461,842346858352853444,23,42,34784093000000,2026-09-10T09:13:33.501399+00:00,interpolated,-2.1000000089406967,1.1200000047683716,-1.1200000047683716
16.76307227,842346855765207388,842346858352853444,23,43,34784093000000,2026-09-10T09:13:33.501399+00:00,interpolated,-2.240000009536743,1.260000005364418,-1.1900000050663948
16.781960198,842346855784095316,842346858352853444,23,44,34784093000000,2026-09-10T09:13:33.501399+00:00,interpolated,-2.17000000923872,1.260000005364418,-1.1200000047683716
16.800848125,842346855802983243,842346858352853444,23,45,34784093000000,2026-09-10T09:13:33.501399+00:00,interpolated,-2.3800000101327896,1.3300000056624413,-1.1900000050663948
16.819736052,842346855821871170,842346858352853444,23,46,34784093000000,2026-09-10T09:13:33.501399+00:00,interpolated,-2.240000009536743,1.260000005364418,-1.1900000050663948
16.83862398,842346855840759098,842346858352853444,23,47,34784093000000,2026-09-10T09:13:33.501399+00:00,interpolated,-2.3800000101327896,1.260000005364418,-1.1900000050663948
16.857511907,842346855859647025,842346858352853444,23,48,34784093000000,2026-09-10T09:13:33.501399+00:00,interpolated,-2.17000000923872,1.1900000050663948,-1.1200000047683716
16.876399835,842346855878534953,842346858352853444,23,49,34784093000000,2026-09-10T09:13:33.501399+00:00,interpolated,-2.240000009536743,1.1900000050663948,-1.1200000047683716
16.895287762,842346855897422880,842346858352853444,23,50,34784093000000,2026-09-10T09:13:33.501399+00:00,interpolated,-2.0300000086426735,1.1900000050663948,-1.1200000047683716
16.91417569,842346855916310808,842346858352853444,23,51,34784093000000,2026-09-10T09:13:33.501399+00:00,interpolated,-2.3100000098347664,1.260000005364418,-1.1900000050663948
16.933063617,842346855935198735,842346858352853444,23,52,34784093000000,2026-09-10T09:13:33.501399+00:00,interpolated,-2.240000009536743,1.260000005364418,-1.1900000050663948
16.951951544,842346855954086662,842346858352853444,23,53,34784093000000,2026-09-10T09:13:33.501399+00:00,interpolated,-2.3100000098347664,1.3300000056624413,-1.1900000050663948
16.970839472,842346855972974590,842346858352853444,23,54,34784093000000,2026-09-10T09:13:33.501399+00:00,interpolated,-2.240000009536743,1.3300000056624413,-1.1900000050663948
16.989727399,842346855991862517,842346858352853444,23,55,34784093000000,2026-09-10T09:13:33.501399+00:00,interpolated,-2.3100000098347664,1.3300000056624413,-1.1900000050663948
17.008615327,842346856010750445,842346858352853444,23,56,34784093000000,2026-09-10T09:13:33.501399+00:00,interpolated,-2.1000000089406967,1.1900000050663948,-1.1200000047683716
17.027503254,842346856029638372,842346858352853444,23,57,34784093000000,2026-09-10T09:13:33.501399+00:00,interpolated,-2.240000009536743,1.260000005364418,-1.1900000050663948
17.046391181,842346856048526299,842346858352853444,23,58,34784093000000,2026-09-10T09:13:33.501399+00:00,interpolated,-2.17000000923872,1.1900000050663948,-1.1200000047683716
17.065279109,842346856067414227,842346858352853444,23,59,34784093000000,2026-09-10T09:13:33.501399+00:00,interpolated,-2.17000000923872,1.260000005364418,-1.1900000050663948
17.084167036,842346856086302154,842346858352853444,23,60,34784093000000,2026-09-10T09:13:33.501399+00:00,interpolated,-2.240000009536743,1.260000005364418,-1.1200000047683716
17.103054964,842346856105190082,842346858352853444,23,61,34784093000000,2026-09-10T09:13:33.501399+00:00,interpolated,-2.3100000098347664,1.3300000056624413,-1.1900000050663948
17.121942891,842346856124078009,842346858352853444,23,62,34784093000000,2026-09-10T09:13:33.501399+00:00,interpolated,-2.240000009536743,1.3300000056624413,-1.1900000050663948
17.140830819,842346856142965937,842346858352853444,23,63,34784093000000,2026-09-10T09:13:33.501399+00:00,interpolated,-2.240000009536743,1.3300000056624413,-1.1900000050663948
17.159718746,842346856161853864,842346858352853444,23,64,34784093000000,2026-09-10T09:13:33.501399+00:00,interpolated,-2.17000000923872,1.260000005364418,-1.1900000050663948
17.178606673,842346856180741791,842346858352853444,23,65,34784093000000,2026-09-10T09:13:33.501399+00:00,interpolated,-2.240000009536743,1.260000005364418,-1.1200000047683716
17.197494601,842346856199629719,842346858352853444,23,66,34784093000000,2026-09-10T09:13:33.501399+00:00,interpolated,-2.1000000089406967,1.260000005364418,-1.1200000047683716
17.216382528,842346856218517646,842346858352853444,23,67,34784093000000,2026-09-10T09:13:33.501399+00:00,interpolated,-2.240000009536743,1.260000005364418,-1.1200000047683716
17.235270456,842346856237405574,842346858352853444,23,68,34784093000000,2026-09-10T09:13:33.501399+00:00,interpolated,-2.240000009536743,1.3300000056624413,-1.1900000050663948
17.254158383,842346856256293501,842346858352853444,23,69,34784093000000,2026-09-10T09:13:33.501399+00:00,interpolated,-2.240000009536743,1.260000005364418,-1.1900000050663948
17.27304631,842346856275181428,842346858352853444,23,70,34784093000000,2026-09-10T09:13:33.501399+00:00,interpolated,-2.240000009536743,1.3300000056624413,-1.1900000050663948
17.291934238,842346856294069356,842346858352853444,23,71,34784093000000,2026-09-10T09:13:33.501399+00:00,interpolated,-2.240000009536743,1.3300000056624413,-1.1900000050663948
17.310822165,842346856312957283,842346858352853444,23,72,34784093000000,2026-09-10T09:13:33.501399+00:00,interpolated,-2.17000000923872,1.260000005364418,-1.1200000047683716
17.329710093,842346856331845211,842346858352853444,23,73,34784093000000,2026-09-10T09:13:33.501399+00:00,interpolated,-2.17000000923872,1.260000005364418,-1.1900000050663948
17.34859802,842346856350733138,842346858352853444,23,74,34784093000000,2026-09-10T09:13:33.501399+00:00,interpolated,-2.17000000923872,1.260000005364418,-1.1200000047683716
17.367485947,842346856369621065,842346858352853444,23,75,34784093000000,2026-09-10T09:13:33.501399+00:00,interpolated,-2.17000000923872,1.260000005364418,-1.1900000050663948
17.386373875,842346856388508993,842346858352853444,23,76,34784093000000,2026-09-10T09:13:33.501399+00:00,interpolated,-2.3100000098347664,1.3300000056624413,-1.1200000047683716
17.405261802,842346856407396920,842346858352853444,23,77,34784093000000,2026-09-10T09:13:33.501399+00:00,interpolated,-2.240000009536743,1.3300000056624413,-1.1900000050663948
17.42414973,842346856426284848,842346858352853444,23,78,34784093000000,2026-09-10T09:13:33.501399+00:00,interpolated,-2.240000009536743,1.3300000056624413,-1.1200000047683716
17.443037657,842346856445172775,842346858352853444,23,79,34784093000000,2026-09-10T09:13:33.501399+00:00,interpolated,-2.240000009536743,1.3300000056624413,-1.1200000047683716
17.461925585,842346856464060703,842346858352853444,23,80,34784093000000,2026-09-10T09:13:33.501399+00:00,interpolated,-2.240000009536743,1.260000005364418,-1.1200000047683716
17.480813512,842346856482948630,842346858352853444,23,81,34784093000000,2026-09-10T09:13:33.501399+00:00,interpolated,-2.240000009536743,1.260000005364418,-1.1200000047683716
17.499701439,842346856501836557,842346858352853444,23,82,34784093000000,2026-09-10T09:13:33.501399+00:00,interpolated,-2.240000009536743,1.260000005364418,-1.1200000047683716
17.518589367,842346856520724485,842346858352853444,23,83,34784093000000,2026-09-10T09:13:33.501399+00:00,interpolated,-2.3100000098347664,1.260000005364418,-1.1900000050663948
17.537477294,842346856539612412,842346858352853444,23,84,34784093000000,2026-09-10T09:13:33.501399+00:00,interpolated,-2.3100000098347664,1.3300000056624413,-1.1200000047683716
17.556365222,842346856558500340,842346858352853444,23,85,34784093000000,2026-09-10T09:13:33.501399+00:00,interpolated,-2.240000009536743,1.3300000056624413,-1.1900000050663948
17.575253149,842346856577388267,842346858352853444,23,86,34784093000000,2026-09-10T09:13:33.501399+00:00,interpolated,-2.3100000098347664,1.3300000056624413,-1.1900000050663948
17.594141076,842346856596276194,842346858352853444,23,87,34784093000000,2026-09-10T09:13:33.501399+00:00,interpolated,-2.17000000923872,1.3300000056624413,-1.1900000050663948
17.613029004,842346856615164122,842346858352853444,23,88,34784093000000,2026-09-10T09:13:33.501399+00:00,interpolated,-2.17000000923872,1.260000005364418,-1.1200000047683716
17.631916931,842346856634052049,842346858352853444,23,89,34784093000000,2026-09-10T09:13:33.501399+00:00,interpolated,-2.240000009536743,1.260000005364418,-1.1900000050663948
17.650804859,842346856652939977,842346858352853444,23,90,34784093000000,2026-09-10T09:13:33.501399+00:00,interpolated,-2.17000000923872,1.260000005364418,-1.1200000047683716
17.669692786,842346856671827904,842346858352853444,23,91,34784093000000,2026-09-10T09:13:33.501399+00:00,interpolated,-2.240000009536743,1.3300000056624413,-1.1200000047683716
17.688580714,842346856690715832,842346858352853444,23,92,34784093000000,2026-09-10T09:13:33.501399+00:00,interpolated,-2.3100000098347664,1.3300000056624413,-1.1200000047683716
17.707468641,842346856709603759,842346858352853444,23,93,34784093000000,2026-09-10T09:13:33.501399+00:00,interpolated,-2.240000009536743,1.3300000056624413,-1.1900000050663948
17.726356568,842346856728491686,842346858352853444,23,94,34784093000000,2026-09-10T09:13:33.501399+00:00,interpolated,-2.3100000098347664,1.3300000056624413,-1.1200000047683716
17.745244496,842346856747379614,842346858352853444,23,95,34784093000000,2026-09-10T09:13:33.501399+00:00,interpolated,-2.240000009536743,1.260000005364418,-1.1200000047683716
17.764132423,842346856766267541,842346858352853444,23,96,34784093000000,2026-09-10T09:13:33.501399+00:00,interpolated,-2.17000000923872,1.3300000056624413,-1.1900000050663948
17.783020351,842346856785155469,842346858352853444,23,97,34784093000000,2026-09-10T09:13:33.501399+00:00,interpolated,-2.240000009536743,1.260000005364418,-1.1200000047683716
17.801908278,842346856804043396,842346858352853444,23,98,34784093000000,2026-09-10T09:13:33.501399+00:00,interpolated,-2.17000000923872,1.260000005364418,-1.1200000047683716
17.820796205,842346856822931323,842346858352853444,23,99,34784093000000,2026-09-10T09:13:33.501399+00:00,interpolated,-2.240000009536743,1.3300000056624413,-1.1900000050663948
17.839684133,842346856841819251,842346858352853444,23,100,34784093000000,2026-09-10T09:13:33.501399+00:00,interpolated,-2.240000009536743,1.3300000056624413,-1.1200000047683716
17.85857206,842346856860707178,842346858352853444,23,101,34784093000000,2026-09-10T09:13:33.501399+00:00,interpolated,-2.3100000098347664,1.3300000056624413,-1.1900000050663948
17.877459988,842346856879595106,842346858352853444,23,102,34784093000000,2026-09-10T09:13:33.501399+00:00,interpolated,-2.3100000098347664,1.3300000056624413,-1.1200000047683716
17.896347915,842346856898483033,842346858352853444,23,103,34784093000000,2026-09-10T09:13:33.501399+00:00,interpolated,-2.240000009536743,1.3300000056624413,-1.1200000047683716
17.915235843,842346856917370961,842346858352853444,23,104,34784093000000,2026-09-10T09:13:33.501399+00:00,interpolated,-2.240000009536743,1.260000005364418,-1.1200000047683716
17.93412377,842346856936258888,842346858352853444,23,105,34784093000000,2026-09-10T09:13:33.501399+00:00,interpolated,-2.17000000923872,1.260000005364418,-1.1200000047683716
17.953011697,842346856955146815,842346858352853444,23,106,34784093000000,2026-09-10T09:13:33.501399+00:00,interpolated,-2.17000000923872,1.260000005364418,-1.1200000047683716
17.971899625,842346856974034743,842346858352853444,23,107,34784093000000,2026-09-10T09:13:33.501399+00:00,interpolated,-2.3100000098347664,1.3300000056624413,-1.1900000050663948
17.990787552,842346856992922670,842346858352853444,23,108,34784093000000,2026-09-10T09:13:33.501399+00:00,interpolated,-2.240000009536743,1.3300000056624413,-1.1900000050663948
18.00967548,842346857011810598,842346858352853444,23,109,34784093000000,2026-09-10T09:13:33.501399+00:00,interpolated,-2.3100000098347664,1.3300000056624413,-1.1200000047683716
18.028563407,842346857030698525,842346858352853444,23,110,34784093000000,2026-09-10T09:13:33.501399+00:00,interpolated,-2.240000009536743,1.3300000056624413,-1.1900000050663948
18.047451334,842346857049586452,842346858352853444,23,111,34784093000000,2026-09-10T09:13:33.501399+00:00,interpolated,-2.240000009536743,1.260000005364418,-1.1900000050663948
18.066339262,842346857068474380,842346858352853444,23,112,34784093000000,2026-09-10T09:13:33.501399+00:00,interpolated,-2.17000000923872,1.1900000050663948,-1.1900000050663948
18.085227189,842346857087362307,842346858352853444,23,113,34784093000000,2026-09-10T09:13:33.501399+00:00,interpolated,-2.240000009536743,1.1900000050663948,-1.1200000047683716
18.104115117,842346857106250235,842346858352853444,23,114,34784093000000,2026-09-10T09:13:33.501399+00:00,interpolated,-2.240000009536743,1.260000005364418,-1.1200000047683716
18.123003044,842346857125138162,842346858352853444,23,115,34784093000000,2026-09-10T09:13:33.501399+00:00,interpolated,-2.3100000098347664,1.260000005364418,-1.1200000047683716
18.141890971,842346857144026089,842346858352853444,23,116,34784093000000,2026-09-10T09:13:33.501399+00:00,interpolated,-2.3100000098347664,1.3300000056624413,-1.1200000047683716
18.160778899,842346857162914017,842346858352853444,23,117,34784093000000,2026-09-10T09:13:33.501399+00:00,interpolated,-2.240000009536743,1.260000005364418,-1.1900000050663948
18.179666826,842346857181801944,842346858352853444,23,118,34784093000000,2026-09-10T09:13:33.501399+00:00,interpolated,-2.240000009536743,1.260000005364418,-1.1200000047683716
18.198554754,842346857200689872,842346858352853444,23,119,34784093000000,2026-09-10T09:13:33.501399+00:00,interpolated,-2.240000009536743,1.260000005364418,-1.1900000050663948
18.217442681,842346857219577799,842346858352853444,23,120,34784093000000,2026-09-10T09:13:33.501399+00:00,interpolated,-2.17000000923872,1.260000005364418,-1.1900000050663948
18.236330609,842346857238465727,842346858352853444,23,121,34784093000000,2026-09-10T09:13:33.501399+00:00,interpolated,-2.240000009536743,1.3300000056624413,-1.1900000050663948
18.255218536,842346857257353654,842346858352853444,23,122,34784093000000,2026-09-10T09:13:33.501399+00:00,interpolated,-2.17000000923872,1.3300000056624413,-1.1900000050663948
18.274106463,842346857276241581,842346858352853444,23,123,34784093000000,2026-09-10T09:13:33.501399+00:00,interpolated,-2.240000009536743,1.260000005364418,-1.1200000047683716
18.292994391,842346857295129509,842346858352853444,23,124,34784093000000,2026-09-10T09:13:33.501399+00:00,interpolated,-2.240000009536743,1.260000005364418,-1.1900000050663948
18.311882318,842346857314017436,842346858352853444,23,125,34784093000000,2026-09-10T09:13:33.501399+00:00,interpolated,-2.240000009536743,1.260000005364418,-1.1200000047683716
18.330770246,842346857332905364,842346858352853444,23,126,34784093000000,2026-09-10T09:13:33.501399+00:00,interpolated,-2.3100000098347664,1.3300000056624413,-1.1200000047683716
18.349658173,842346857351793291,842346858352853444,23,127,34784093000000,2026-09-10T09:13:33.501399+00:00,interpolated,-2.240000009536743,1.260000005364418,-1.1200000047683716
18.3685461,842346857370681218,842346858352853444,23,128,34784093000000,2026-09-10T09:13:33.501399+00:00,interpolated,-2.240000009536743,1.260000005364418,-1.1200000047683716
18.387434028,842346857389569146,842346858352853444,23,129,34784093000000,2026-09-10T09:13:33.501399+00:00,interpolated,-2.17000000923872,1.260000005364418,-1.1900000050663948
18.406321955,842346857408457073,842346858352853444,23,130,34784093000000,2026-09-10T09:13:33.501399+00:00,interpolated,-2.240000009536743,1.3300000056624413,-1.1900000050663948
18.425209883,842346857427345001,842346858352853444,23,131,34784093000000,2026-09-10T09:13:33.501399+00:00,interpolated,-2.240000009536743,1.3300000056624413,-1.1200000047683716
18.44409781,842346857446232928,842346858352853444,23,132,34784093000000,2026-09-10T09:13:33.501399+00:00,interpolated,-2.17000000923872,1.260000005364418,-1.1900000050663948
18.462985738,842346857465120856,842346858352853444,23,133,34784093000000,2026-09-10T09:13:33.501399+00:00,interpolated,-2.240000009536743,1.3300000056624413,-1.1200000047683716
18.481873665,842346857484008783,842346858352853444,23,134,34784093000000,2026-09-10T09:13:33.501399+00:00,interpolated,-2.240000009536743,1.260000005364418,-1.1200000047683716
18.500761592,842346857502896710,842346858352853444,23,135,34784093000000,2026-09-10T09:13:33.501399+00:00,interpolated,-2.17000000923872,1.260000005364418,-1.1200000047683716
18.51964952,842346857521784638,842346858352853444,23,136,34784093000000,2026-09-10T09:13:33.501399+00:00,interpolated,-2.240000009536743,1.260000005364418,-1.1200000047683716
18.538537447,842346857540672565,842346858352853444,23,137,34784093000000,2026-09-10T09:13:33.501399+00:00,interpolated,-2.240000009536743,1.3300000056624413,-1.1900000050663948
18.557425375,842346857559560493,842346858352853444,23,138,34784093000000,2026-09-10T09:13:33.501399+00:00,interpolated,-2.240000009536743,1.260000005364418,-1.1900000050663948
18.576313302,842346857578448420,842346858352853444,23,139,34784093000000,2026-09-10T09:13:33.501399+00:00,interpolated,-2.240000009536743,1.260000005364418,-1.1900000050663948
18.595201229,842346857597336347,842346858352853444,23,140,34784093000000,2026-09-10T09:13:33.501399+00:00,interpolated,-2.240000009536743,1.260000005364418,-1.1200000047683716
18.614089157,842346857616224275,842346858352853444,23,141,34784093000000,2026-09-10T09:13:33.501399+00:00,interpolated,-2.240000009536743,1.3300000056624413,-1.1900000050663948
18.632977084,842346857635112202,842346858352853444,23,142,34784093000000,2026-09-10T09:13:33.501399+00:00,interpolated,-2.17000000923872,1.260000005364418,-1.1200000047683716
18.651865012,842346857654000130,842346858352853444,23,143,34784093000000,2026-09-10T09:13:33.501399+00:00,interpolated,-2.240000009536743,1.260000005364418,-1.1900000050663948
18.670752939,842346857672888057,842346858352853444,23,144,34784093000000,2026-09-10T09:13:33.501399+00:00,interpolated,-2.17000000923872,1.260000005364418,-1.1900000050663948
18.689640866,842346857691775984,842346858352853444,23,145,34784093000000,2026-09-10T09:13:33.501399+00:00,interpolated,-2.240000009536743,1.3300000056624413,-1.1200000047683716
18.708528794,842346857710663912,842346858352853444,23,146,34784093000000,2026-09-10T09:13:33.501399+00:00,interpolated,-2.3100000098347664,1.3300000056624413,-1.1200000047683716
18.727416721,842346857729551839,842346858352853444,23,147,34784093000000,2026-09-10T09:13:33.501399+00:00,interpolated,-2.240000009536743,1.260000005364418,-1.1200000047683716
18.746304649,842346857748439767,842346858352853444,23,148,34784093000000,2026-09-10T09:13:33.501399+00:00,interpolated,-2.240000009536743,1.3300000056624413,-1.1900000050663948
18.765192576,842346857767327694,842346858352853444,23,149,34784093000000,2026-09-10T09:13:33.501399+00:00,interpolated,-2.17000000923872,1.260000005364418,-1.1900000050663948
18.784080504,842346857786215622,842346858352853444,23,150,34784093000000,2026-09-10T09:13:33.501399+00:00,interpolated,-2.17000000923872,1.1900000050663948,-1.1200000047683716
18.802968431,842346857805103549,842346858352853444,23,151,34784093000000,2026-09-10T09:13:33.501399+00:00,interpolated,-2.240000009536743,1.260000005364418,-1.1200000047683716
18.821856358,842346857823991476,842346858352853444,23,152,34784093000000,2026-09-10T09:13:33.501399+00:00,interpolated,-2.3100000098347664,1.3300000056624413,-1.1900000050663948
18.840744286,842346857842879404,842346858352853444,23,153,34784093000000,2026-09-10T09:13:33.501399+00:00,interpolated,-2.240000009536743,1.3300000056624413,-1.1200000047683716
18.859632213,842346857861767331,842346858352853444,23,154,34784093000000,2026-09-10T09:13:33.501399+00:00,interpolated,-2.3800000101327896,1.4000000059604645,-1.1900000050663948
18.878520141,842346857880655259,842346858352853444,23,155,34784093000000,2026-09-10T09:13:33.501399+00:00,interpolated,-2.17000000923872,1.3300000056624413,-1.1900000050663948
18.897408068,842346857899543186,842346858352853444,23,156,34784093000000,2026-09-10T09:13:33.501399+00:00,interpolated,-2.240000009536743,1.3300000056624413,-1.1900000050663948
18.916295995,842346857918431113,842346858352853444,23,157,34784093000000,2026-09-10T09:13:33.501399+00:00,interpolated,-2.1000000089406967,1.260000005364418,-1.1200000047683716
18.935183923,842346857937319041,842346858352853444,23,158,34784093000000,2026-09-10T09:13:33.501399+00:00,interpolated,-2.3100000098347664,1.1900000050663948,-1.1900000050663948
18.95407185,842346857956206968,842346858352853444,23,159,34784093000000,2026-09-10T09:13:33.501399+00:00,interpolated,-2.17000000923872,1.260000005364418,-1.1200000047683716
18.972959778,842346857975094896,842346858352853444,23,160,34784093000000,2026-09-10T09:13:33.501399+00:00,interpolated,-2.240000009536743,1.260000005364418,-1.1900000050663948
18.991847705,842346857993982823,842346858352853444,23,161,34784093000000,2026-09-10T09:13:33.501399+00:00,interpolated,-2.240000009536743,1.3300000056624413,-1.1900000050663948
19.010735633,842346858012870751,842346858352853444,23,162,34784093000000,2026-09-10T09:13:33.501399+00:00,interpolated,-2.3100000098347664,1.3300000056624413,-1.1900000050663948
19.02962356,842346858031758678,842346858352853444,23,163,34784093000000,2026-09-10T09:13:33.501399+00:00,interpolated,-2.3100000098347664,1.260000005364418,-1.1200000047683716
19.048511487,842346858050646605,842346858352853444,23,164,34784093000000,2026-09-10T09:13:33.501399+00:00,interpolated,-2.240000009536743,1.260000005364418,-1.1900000050663948
19.067399415,842346858069534533,842346858352853444,23,165,34784093000000,2026-09-10T09:13:33.501399+00:00,interpolated,-2.17000000923872,1.1900000050663948,-1.1200000047683716
19.086287342,842346858088422460,842346858352853444,23,166,34784093000000,2026-09-10T09:13:33.501399+00:00,interpolated,-2.3100000098347664,1.260000005364418,-1.1900000050663948
19.10517527,842346858107310388,842346858352853444,23,167,34784093000000,2026-09-10T09:13:33.501399+00:00,interpolated,-2.240000009536743,1.1900000050663948,-1.1200000047683716
19.124063197,842346858126198315,842346858352853444,23,168,34784093000000,2026-09-10T09:13:33.501399+00:00,interpolated,-2.240000009536743,1.260000005364418,-1.1900000050663948
19.142951124,842346858145086242,842346858352853444,23,169,34784093000000,2026-09-10T09:13:33.501399+00:00,interpolated,-2.240000009536743,1.3300000056624413,-1.1900000050663948
19.161839052,842346858163974170,842346858352853444,23,170,34784093000000,2026-09-10T09:13:33.501399+00:00,interpolated,-2.3100000098347664,1.3300000056624413,-1.1200000047683716
19.180726979,842346858182862097,842346858352853444,23,171,34784093000000,2026-09-10T09:13:33.501399+00:00,interpolated,-2.240000009536743,1.3300000056624413,-1.1200000047683716
19.199614907,842346858201750025,842346858352853444,23,172,34784093000000,2026-09-10T09:13:33.501399+00:00,interpolated,-2.240000009536743,1.260000005364418,-1.1200000047683716
19.218502834,842346858220637952,842346858352853444,23,173,34784093000000,2026-09-10T09:13:33.501399+00:00,interpolated,-2.240000009536743,1.260000005364418,-1.1900000050663948
19.237390762,842346858239525880,842346858352853444,23,174,34784093000000,2026-09-10T09:13:33.501399+00:00,interpolated,-2.17000000923872,1.260000005364418,-1.1200000047683716
19.256278689,842346858258413807,842346858352853444,23,175,34784093000000,2026-09-10T09:13:33.501399+00:00,interpolated,-2.240000009536743,1.260000005364418,-1.1200000047683716
19.275166616,842346858277301734,842346858352853444,23,176,34784093000000,2026-09-10T09:13:33.501399+00:00,interpolated,-2.240000009536743,1.260000005364418,-1.1900000050663948
19.294054544,842346858296189662,842346858352853444,23,177,34784093000000,2026-09-10T09:13:33.501399+00:00,interpolated,-2.240000009536743,1.3300000056624413,-1.1900000050663948
19.312942471,842346858315077589,842346858352853444,23,178,34784093000000,2026-09-10T09:13:33.501399+00:00,interpolated,-2.3100000098347664,1.3300000056624413,-1.1900000050663948
19.331830399,842346858333965517,842346858352853444,23,179,34784093000000,2026-09-10T09:13:33.501399+00:00,interpolated,-2.240000009536743,1.260000005364418,-1.1200000047683716
19.350718326,842346858352853444,842346858352853444,23,180,34784093000000,2026-09-10T09:13:33.501399+00:00,interpolated,-2.3100000098347664,1.260000005364418,-1.1900000050663948
19.369606241,842346858371741359,842346861903781436,28,0,34787484000000,2026-09-10T09:13:36.891535+00:00,interpolated,-2.17000000923872,1.260000005364418,-1.1900000050663948
19.388494156,842346858390629274,842346861903781436,28,1,34787484000000,2026-09-10T09:13:36.891535+00:00,interpolated,-2.17000000923872,1.260000005364418,-1.1200000047683716
19.407382071,842346858409517189,842346861903781436,28,2,34787484000000,2026-09-10T09:13:36.891535+00:00,interpolated,-2.240000009536743,1.260000005364418,-1.1200000047683716
19.426269985,842346858428405103,842346861903781436,28,3,34787484000000,2026-09-10T09:13:36.891535+00:00,interpolated,-2.17000000923872,1.1900000050663948,-1.1200000047683716
19.4451579,842346858447293018,842346861903781436,28,4,34787484000000,2026-09-10T09:13:36.891535+00:00,interpolated,-2.240000009536743,1.3300000056624413,-1.1900000050663948
19.464045815,842346858466180933,842346861903781436,28,5,34787484000000,2026-09-10T09:13:36.891535+00:00,interpolated,-2.17000000923872,1.3300000056624413,-1.1900000050663948
19.48293373,842346858485068848,842346861903781436,28,6,34787484000000,2026-09-10T09:13:36.891535+00:00,interpolated,-2.3100000098347664,1.3300000056624413,-1.1200000047683716
19.501821645,842346858503956763,842346861903781436,28,7,34787484000000,2026-09-10T09:13:36.891535+00:00,interpolated,-2.240000009536743,1.3300000056624413,-1.1200000047683716
19.52070956,842346858522844678,842346861903781436,28,8,34787484000000,2026-09-10T09:13:36.891535+00:00,interpolated,-2.240000009536743,1.260000005364418,-1.1200000047683716
19.539597475,842346858541732593,842346861903781436,28,9,34787484000000,2026-09-10T09:13:36.891535+00:00,interpolated,-2.240000009536743,1.3300000056624413,-1.1200000047683716
19.558485389,842346858560620507,842346861903781436,28,10,34787484000000,2026-09-10T09:13:36.891535+00:00,interpolated,-2.240000009536743,1.3300000056624413,-1.1900000050663948
19.577373304,842346858579508422,842346861903781436,28,11,34787484000000,2026-09-10T09:13:36.891535+00:00,interpolated,-2.240000009536743,1.260000005364418,-1.1200000047683716
19.596261219,842346858598396337,842346861903781436,28,12,34787484000000,2026-09-10T09:13:36.891535+00:00,interpolated,-2.240000009536743,1.3300000056624413,-1.1200000047683716
19.615149134,842346858617284252,842346861903781436,28,13,34787484000000,2026-09-10T09:13:36.891535+00:00,interpolated,-2.240000009536743,1.3300000056624413,-1.1200000047683716
19.634037049,842346858636172167,842346861903781436,28,14,34787484000000,2026-09-10T09:13:36.891535+00:00,interpolated,-2.3100000098347664,1.3300000056624413,-1.1200000047683716
19.652924964,842346858655060082,842346861903781436,28,15,34787484000000,2026-09-10T09:13:36.891535+00:00,interpolated,-2.240000009536743,1.260000005364418,-1.1900000050663948
19.671812878,842346858673947996,842346861903781436,28,16,34787484000000,2026-09-10T09:13:36.891535+00:00,interpolated,-2.240000009536743,1.3300000056624413,-1.1900000050663948
19.690700793,842346858692835911,842346861903781436,28,17,34787484000000,2026-09-10T09:13:36.891535+00:00,interpolated,-2.240000009536743,1.260000005364418,-1.1200000047683716
19.709588708,842346858711723826,842346861903781436,28,18,34787484000000,2026-09-10T09:13:36.891535+00:00,interpolated,-2.240000009536743,1.3300000056624413,-1.1900000050663948
19.728476623,842346858730611741,842346861903781436,28,19,34787484000000,2026-09-10T09:13:36.891535+00:00,interpolated,-2.17000000923872,1.3300000056624413,-1.1900000050663948
19.747364538,842346858749499656,842346861903781436,28,20,34787484000000,2026-09-10T09:13:36.891535+00:00,interpolated,-2.17000000923872,1.260000005364418,-1.1900000050663948
19.766252453,842346858768387571,842346861903781436,28,21,34787484000000,2026-09-10T09:13:36.891535+00:00,interpolated,-2.240000009536743,1.260000005364418,-1.1900000050663948
19.785140368,842346858787275486,842346861903781436,28,22,34787484000000,2026-09-10T09:13:36.891535+00:00,interpolated,-2.240000009536743,1.260000005364418,-1.1900000050663948
19.804028282,842346858806163400,842346861903781436,28,23,34787484000000,2026-09-10T09:13:36.891535+00:00,interpolated,-2.240000009536743,1.260000005364418,-1.1200000047683716
19.822916197,842346858825051315,842346861903781436,28,24,34787484000000,2026-09-10T09:13:36.891535+00:00,interpolated,-2.240000009536743,1.3300000056624413,-1.1900000050663948
19.841804112,842346858843939230,842346861903781436,28,25,34787484000000,2026-09-10T09:13:36.891535+00:00,interpolated,-2.240000009536743,1.260000005364418,-1.1200000047683716
19.860692027,842346858862827145,842346861903781436,28,26,34787484000000,2026-09-10T09:13:36.891535+00:00,interpolated,-2.240000009536743,1.3300000056624413,-1.1200000047683716
19.879579942,842346858881715060,842346861903781436,28,27,34787484000000,2026-09-10T09:13:36.891535+00:00,interpolated,-2.240000009536743,1.260000005364418,-1.1200000047683716
19.898467857,842346858900602975,842346861903781436,28,28,34787484000000,2026-09-10T09:13:36.891535+00:00,interpolated,-2.17000000923872,1.3300000056624413,-1.1900000050663948
19.917355772,842346858919490890,842346861903781436,28,29,34787484000000,2026-09-10T09:13:36.891535+00:00,interpolated,-2.240000009536743,1.3300000056624413,-1.1900000050663948
19.936243686,842346858938378804,842346861903781436,28,30,34787484000000,2026-09-10T09:13:36.891535+00:00,interpolated,-2.240000009536743,1.260000005364418,-1.1200000047683716
19.955131601,842346858957266719,842346861903781436,28,31,34787484000000,2026-09-10T09:13:36.891535+00:00,interpolated,-2.240000009536743,1.260000005364418,-1.1200000047683716
19.974019516,842346858976154634,842346861903781436,28,32,34787484000000,2026-09-10T09:13:36.891535+00:00,interpolated,-2.17000000923872,1.260000005364418,-1.1200000047683716
19.992907431,842346858995042549,842346861903781436,28,33,34787484000000,2026-09-10T09:13:36.891535+00:00,interpolated,-2.240000009536743,1.3300000056624413,-1.1200000047683716
20.011795346,842346859013930464,842346861903781436,28,34,34787484000000,2026-09-10T09:13:36.891535+00:00,interpolated,-2.17000000923872,1.260000005364418,-1.1900000050663948
20.030683261,842346859032818379,842346861903781436,28,35,34787484000000,2026-09-10T09:13:36.891535+00:00,interpolated,-2.240000009536743,1.260000005364418,-1.1200000047683716
20.049571175,842346859051706293,842346861903781436,28,36,34787484000000,2026-09-10T09:13:36.891535+00:00,interpolated,-2.240000009536743,1.3300000056624413,-1.1200000047683716
20.06845909,842346859070594208,842346861903781436,28,37,34787484000000,2026-09-10T09:13:36.891535+00:00,interpolated,-2.240000009536743,1.260000005364418,-1.1200000047683716
20.087347005,842346859089482123,842346861903781436,28,38,34787484000000,2026-09-10T09:13:36.891535+00:00,interpolated,-2.240000009536743,1.260000005364418,-1.1200000047683716
20.10623492,842346859108370038,842346861903781436,28,39,34787484000000,2026-09-10T09:13:36.891535+00:00,interpolated,-2.240000009536743,1.260000005364418,-1.1900000050663948
20.125122835,842346859127257953,842346861903781436,28,40,34787484000000,2026-09-10T09:13:36.891535+00:00,interpolated,-2.3100000098347664,1.3300000056624413,-1.1200000047683716
20.14401075,842346859146145868,842346861903781436,28,41,34787484000000,2026-09-10T09:13:36.891535+00:00,interpolated,-2.240000009536743,1.260000005364418,-1.1200000047683716
20.162898665,842346859165033783,842346861903781436,28,42,34787484000000,2026-09-10T09:13:36.891535+00:00,interpolated,-2.240000009536743,1.260000005364418,-1.1200000047683716
20.181786579,842346859183921697,842346861903781436,28,43,34787484000000,2026-09-10T09:13:36.891535+00:00,interpolated,-2.240000009536743,1.260000005364418,-1.1200000047683716
20.200674494,842346859202809612,842346861903781436,28,44,34787484000000,2026-09-10T09:13:36.891535+00:00,interpolated,-2.240000009536743,1.260000005364418,-1.1200000047683716
20.219562409,842346859221697527,842346861903781436,28,45,34787484000000,2026-09-10T09:13:36.891535+00:00,interpolated,-2.240000009536743,1.3300000056624413,-1.1200000047683716
20.238450324,842346859240585442,842346861903781436,28,46,34787484000000,2026-09-10T09:13:36.891535+00:00,interpolated,-2.240000009536743,1.3300000056624413,-1.1900000050663948
20.257338239,842346859259473357,842346861903781436,28,47,34787484000000,2026-09-10T09:13:36.891535+00:00,interpolated,-2.17000000923872,1.3300000056624413,-1.1900000050663948
20.276226154,842346859278361272,842346861903781436,28,48,34787484000000,2026-09-10T09:13:36.891535+00:00,interpolated,-2.240000009536743,1.3300000056624413,-1.1200000047683716
20.295114069,842346859297249187,842346861903781436,28,49,34787484000000,2026-09-10T09:13:36.891535+00:00,interpolated,-2.240000009536743,1.260000005364418,-1.1200000047683716
20.314001983,842346859316137101,842346861903781436,28,50,34787484000000,2026-09-10T09:13:36.891535+00:00,interpolated,-2.240000009536743,1.260000005364418,-1.1900000050663948
20.332889898,842346859335025016,842346861903781436,28,51,34787484000000,2026-09-10T09:13:36.891535+00:00,interpolated,-2.240000009536743,1.260000005364418,-1.1200000047683716
20.351777813,842346859353912931,842346861903781436,28,52,34787484000000,2026-09-10T09:13:36.891535+00:00,interpolated,-2.240000009536743,1.260000005364418,-1.1200000047683716
20.370665728,842346859372800846,842346861903781436,28,53,34787484000000,2026-09-10T09:13:36.891535+00:00,interpolated,-2.240000009536743,1.3300000056624413,-1.1900000050663948
20.389553643,842346859391688761,842346861903781436,28,54,34787484000000,2026-09-10T09:13:36.891535+00:00,interpolated,-2.240000009536743,1.260000005364418,-1.1200000047683716
20.408441558,842346859410576676,842346861903781436,28,55,34787484000000,2026-09-10T09:13:36.891535+00:00,interpolated,-2.240000009536743,1.260000005364418,-1.1200000047683716
20.427329473,842346859429464591,842346861903781436,28,56,34787484000000,2026-09-10T09:13:36.891535+00:00,interpolated,-2.17000000923872,1.260000005364418,-1.1200000047683716
20.446217387,842346859448352505,842346861903781436,28,57,34787484000000,2026-09-10T09:13:36.891535+00:00,interpolated,-2.240000009536743,1.260000005364418,-1.1200000047683716
20.465105302,842346859467240420,842346861903781436,28,58,34787484000000,2026-09-10T09:13:36.891535+00:00,interpolated,-2.240000009536743,1.3300000056624413,-1.1900000050663948
20.483993217,842346859486128335,842346861903781436,28,59,34787484000000,2026-09-10T09:13:36.891535+00:00,interpolated,-2.240000009536743,1.260000005364418,-1.1200000047683716
20.502881132,842346859505016250,842346861903781436,28,60,34787484000000,2026-09-10T09:13:36.891535+00:00,interpolated,-2.3100000098347664,1.3300000056624413,-1.1200000047683716
20.521769047,842346859523904165,842346861903781436,28,61,34787484000000,2026-09-10T09:13:36.891535+00:00,interpolated,-2.240000009536743,1.260000005364418,-1.1900000050663948
20.540656962,842346859542792080,842346861903781436,28,62,34787484000000,2026-09-10T09:13:36.891535+00:00,interpolated,-2.240000009536743,1.260000005364418,-1.1200000047683716
20.559544876,842346859561679994,842346861903781436,28,63,34787484000000,2026-09-10T09:13:36.891535+00:00,interpolated,-2.240000009536743,1.260000005364418,-1.1900000050663948
20.578432791,842346859580567909,842346861903781436,28,64,34787484000000,2026-09-10T09:13:36.891535+00:00,interpolated,-2.240000009536743,1.1900000050663948,-1.1200000047683716
20.597320706,842346859599455824,842346861903781436,28,65,34787484000000,2026-09-10T09:13:36.891535+00:00,interpolated,-2.3100000098347664,1.3300000056624413,-1.1900000050663948
20.616208621,842346859618343739,842346861903781436,28,66,34787484000000,2026-09-10T09:13:36.891535+00:00,interpolated,-2.240000009536743,1.260000005364418,-1.1900000050663948
20.635096536,842346859637231654,842346861903781436,28,67,34787484000000,2026-09-10T09:13:36.891535+00:00,interpolated,-2.240000009536743,1.260000005364418,-1.1200000047683716
20.653984451,842346859656119569,842346861903781436,28,68,34787484000000,2026-09-10T09:13:36.891535+00:00,interpolated,-2.240000009536743,1.260000005364418,-1.1900000050663948
20.672872366,842346859675007484,842346861903781436,28,69,34787484000000,2026-09-10T09:13:36.891535+00:00,interpolated,-2.240000009536743,1.260000005364418,-1.1200000047683716
20.69176028,842346859693895398,842346861903781436,28,70,34787484000000,2026-09-10T09:13:36.891535+00:00,interpolated,-2.240000009536743,1.260000005364418,-1.1200000047683716
20.710648195,842346859712783313,842346861903781436,28,71,34787484000000,2026-09-10T09:13:36.891535+00:00,interpolated,-2.17000000923872,1.260000005364418,-1.1200000047683716
20.72953611,842346859731671228,842346861903781436,28,72,34787484000000,2026-09-10T09:13:36.891535+00:00,interpolated,-2.240000009536743,1.260000005364418,-1.1200000047683716
20.748424025,842346859750559143,842346861903781436,28,73,34787484000000,2026-09-10T09:13:36.891535+00:00,interpolated,-2.240000009536743,1.260000005364418,-1.1200000047683716
20.76731194,842346859769447058,842346861903781436,28,74,34787484000000,2026-09-10T09:13:36.891535+00:00,interpolated,-2.240000009536743,1.260000005364418,-1.1900000050663948
20.786199855,842346859788334973,842346861903781436,28,75,34787484000000,2026-09-10T09:13:36.891535+00:00,interpolated,-2.240000009536743,1.3300000056624413,-1.1900000050663948
20.80508777,842346859807222888,842346861903781436,28,76,34787484000000,2026-09-10T09:13:36.891535+00:00,interpolated,-2.240000009536743,1.3300000056624413,-1.1900000050663948
20.823975684,842346859826110802,842346861903781436,28,77,34787484000000,2026-09-10T09:13:36.891535+00:00,interpolated,-2.3100000098347664,1.3300000056624413,-1.1200000047683716
20.842863599,842346859844998717,842346861903781436,28,78,34787484000000,2026-09-10T09:13:36.891535+00:00,interpolated,-2.240000009536743,1.260000005364418,-1.1200000047683716
20.861751514,842346859863886632,842346861903781436,28,79,34787484000000,2026-09-10T09:13:36.891535+00:00,interpolated,-2.240000009536743,1.260000005364418,-1.1200000047683716
20.880639429,842346859882774547,842346861903781436,28,80,34787484000000,2026-09-10T09:13:36.891535+00:00,interpolated,-2.240000009536743,1.3300000056624413,-1.1200000047683716
20.899527344,842346859901662462,842346861903781436,28,81,34787484000000,2026-09-10T09:13:36.891535+00:00,interpolated,-2.17000000923872,1.260000005364418,-1.1200000047683716
20.918415259,842346859920550377,842346861903781436,28,82,34787484000000,2026-09-10T09:13:36.891535+00:00,interpolated,-2.240000009536743,1.3300000056624413,-1.1900000050663948
20.937303173,842346859939438291,842346861903781436,28,83,34787484000000,2026-09-10T09:13:36.891535+00:00,interpolated,-2.240000009536743,1.3300000056624413,-1.1900000050663948
20.956191088,842346859958326206,842346861903781436,28,84,34787484000000,2026-09-10T09:13:36.891535+00:00,interpolated,-2.240000009536743,1.260000005364418,-1.1900000050663948
20.975079003,842346859977214121,842346861903781436,28,85,34787484000000,2026-09-10T09:13:36.891535+00:00,interpolated,-2.240000009536743,1.260000005364418,-1.1200000047683716
20.993966918,842346859996102036,842346861903781436,28,86,34787484000000,2026-09-10T09:13:36.891535+00:00,interpolated,-2.17000000923872,1.260000005364418,-1.1200000047683716
21.012854833,842346860014989951,842346861903781436,28,87,34787484000000,2026-09-10T09:13:36.891535+00:00,interpolated,-2.240000009536743,1.260000005364418,-1.1900000050663948
21.031742748,842346860033877866,842346861903781436,28,88,34787484000000,2026-09-10T09:13:36.891535+00:00,interpolated,-2.240000009536743,1.3300000056624413,-1.1900000050663948
21.050630663,842346860052765781,842346861903781436,28,89,34787484000000,2026-09-10T09:13:36.891535+00:00,interpolated,-2.17000000923872,1.260000005364418,-1.1900000050663948
21.069518577,842346860071653695,842346861903781436,28,90,34787484000000,2026-09-10T09:13:36.891535+00:00,interpolated,-2.240000009536743,1.3300000056624413,-1.1900000050663948
21.088406492,842346860090541610,842346861903781436,28,91,34787484000000,2026-09-10T09:13:36.891535+00:00,interpolated,-2.240000009536743,1.260000005364418,-1.1900000050663948
21.107294407,842346860109429525,842346861903781436,28,92,34787484000000,2026-09-10T09:13:36.891535+00:00,interpolated,-2.240000009536743,1.260000005364418,-1.1900000050663948
21.126182322,842346860128317440,842346861903781436,28,93,34787484000000,2026-09-10T09:13:36.891535+00:00,interpolated,-2.17000000923872,1.3300000056624413,-1.1900000050663948
21.145070237,842346860147205355,842346861903781436,28,94,34787484000000,2026-09-10T09:13:36.891535+00:00,interpolated,-2.240000009536743,1.260000005364418,-1.1200000047683716
21.163958152,842346860166093270,842346861903781436,28,95,34787484000000,2026-09-10T09:13:36.891535+00:00,interpolated,-2.3100000098347664,1.3300000056624413,-1.1200000047683716
21.182846067,842346860184981185,842346861903781436,28,96,34787484000000,2026-09-10T09:13:36.891535+00:00,interpolated,-2.17000000923872,1.260000005364418,-1.1900000050663948
21.201733981,842346860203869099,842346861903781436,28,97,34787484000000,2026-09-10T09:13:36.891535+00:00,interpolated,-2.240000009536743,1.260000005364418,-1.1200000047683716
21.220621896,842346860222757014,842346861903781436,28,98,34787484000000,2026-09-10T09:13:36.891535+00:00,interpolated,-2.240000009536743,1.260000005364418,-1.1200000047683716
21.239509811,842346860241644929,842346861903781436,28,99,34787484000000,2026-09-10T09:13:36.891535+00:00,interpolated,-2.240000009536743,1.260000005364418,-1.1200000047683716
21.258397726,842346860260532844,842346861903781436,28,100,34787484000000,2026-09-10T09:13:36.891535+00:00,interpolated,-2.3100000098347664,1.3300000056624413,-1.1200000047683716
21.277285641,842346860279420759,842346861903781436,28,101,34787484000000,2026-09-10T09:13:36.891535+00:00,interpolated,-2.17000000923872,1.260000005364418,-1.1900000050663948
21.296173556,842346860298308674,842346861903781436,28,102,34787484000000,2026-09-10T09:13:36.891535+00:00,interpolated,-2.240000009536743,1.3300000056624413,-1.1200000047683716
21.315061471,842346860317196589,842346861903781436,28,103,34787484000000,2026-09-10T09:13:36.891535+00:00,interpolated,-2.240000009536743,1.3300000056624413,-1.1200000047683716
21.333949385,842346860336084503,842346861903781436,28,104,34787484000000,2026-09-10T09:13:36.891535+00:00,interpolated,-2.17000000923872,1.260000005364418,-1.1200000047683716
21.3528373,842346860354972418,842346861903781436,28,105,34787484000000,2026-09-10T09:13:36.891535+00:00,interpolated,-2.240000009536743,1.260000005364418,-1.1900000050663948
21.371725215,842346860373860333,842346861903781436,28,106,34787484000000,2026-09-10T09:13:36.891535+00:00,interpolated,-2.240000009536743,1.3300000056624413,-1.1900000050663948
21.39061313,842346860392748248,842346861903781436,28,107,34787484000000,2026-09-10T09:13:36.891535+00:00,interpolated,-2.240000009536743,1.260000005364418,-1.1200000047683716
21.409501045,842346860411636163,842346861903781436,28,108,34787484000000,2026-09-10T09:13:36.891535+00:00,interpolated,-2.240000009536743,1.260000005364418,-1.1900000050663948
21.42838896,842346860430524078,842346861903781436,28,109,34787484000000,2026-09-10T09:13:36.891535+00:00,interpolated,-2.240000009536743,1.260000005364418,-1.1200000047683716
21.447276874,842346860449411992,842346861903781436,28,110,34787484000000,2026-09-10T09:13:36.891535+00:00,interpolated,-2.3100000098347664,1.3300000056624413,-1.1900000050663948
21.466164789,842346860468299907,842346861903781436,28,111,34787484000000,2026-09-10T09:13:36.891535+00:00,interpolated,-2.3100000098347664,1.260000005364418,-1.1200000047683716
21.485052704,842346860487187822,842346861903781436,28,112,34787484000000,2026-09-10T09:13:36.891535+00:00,interpolated,-2.240000009536743,1.260000005364418,-1.1200000047683716
21.503940619,842346860506075737,842346861903781436,28,113,34787484000000,2026-09-10T09:13:36.891535+00:00,interpolated,-2.240000009536743,1.3300000056624413,-1.1200000047683716
21.522828534,842346860524963652,842346861903781436,28,114,34787484000000,2026-09-10T09:13:36.891535+00:00,interpolated,-2.17000000923872,1.260000005364418,-1.1200000047683716
21.541716449,842346860543851567,842346861903781436,28,115,34787484000000,2026-09-10T09:13:36.891535+00:00,interpolated,-2.240000009536743,1.260000005364418,-1.1200000047683716
21.560604364,842346860562739482,842346861903781436,28,116,34787484000000,2026-09-10T09:13:36.891535+00:00,interpolated,-2.240000009536743,1.260000005364418,-1.1200000047683716
21.579492278,842346860581627396,842346861903781436,28,117,34787484000000,2026-09-10T09:13:36.891535+00:00,interpolated,-2.240000009536743,1.3300000056624413,-1.1900000050663948
21.598380193,842346860600515311,842346861903781436,28,118,34787484000000,2026-09-10T09:13:36.891535+00:00,interpolated,-2.240000009536743,1.260000005364418,-1.1900000050663948
21.617268108,842346860619403226,842346861903781436,28,119,34787484000000,2026-09-10T09:13:36.891535+00:00,interpolated,-2.240000009536743,1.260000005364418,-1.1900000050663948
21.636156023,842346860638291141,842346861903781436,28,120,34787484000000,2026-09-10T09:13:36.891535+00:00,interpolated,-2.240000009536743,1.3300000056624413,-1.1900000050663948
21.655043938,842346860657179056,842346861903781436,28,121,34787484000000,2026-09-10T09:13:36.891535+00:00,interpolated,-2.240000009536743,1.3300000056624413,-1.1200000047683716
21.673931853,842346860676066971,842346861903781436,28,122,34787484000000,2026-09-10T09:13:36.891535+00:00,interpolated,-2.17000000923872,1.260000005364418,-1.1200000047683716
21.692819768,842346860694954886,842346861903781436,28,123,34787484000000,2026-09-10T09:13:36.891535+00:00,interpolated,-2.17000000923872,1.3300000056624413,-1.1200000047683716
21.711707682,842346860713842800,842346861903781436,28,124,34787484000000,2026-09-10T09:13:36.891535+00:00,interpolated,-2.1000000089406967,1.260000005364418,-1.1900000050663948
21.730595597,842346860732730715,842346861903781436,28,125,34787484000000,2026-09-10T09:13:36.891535+00:00,interpolated,-2.240000009536743,1.3300000056624413,-1.1200000047683716
21.749483512,842346860751618630,842346861903781436,28,126,34787484000000,2026-09-10T09:13:36.891535+00:00,interpolated,-2.17000000923872,1.3300000056624413,-1.1900000050663948
21.768371427,842346860770506545,842346861903781436,28,127,34787484000000,2026-09-10T09:13:36.891535+00:00,interpolated,-2.240000009536743,1.260000005364418,-1.1200000047683716
21.787259342,842346860789394460,842346861903781436,28,128,34787484000000,2026-09-10T09:13:36.891535+00:00,interpolated,-2.3100000098347664,1.3300000056624413,-1.1900000050663948
21.806147257,842346860808282375,842346861903781436,28,129,34787484000000,2026-09-10T09:13:36.891535+00:00,interpolated,-2.17000000923872,1.260000005364418,-1.1900000050663948
21.825035171,842346860827170289,842346861903781436,28,130,34787484000000,2026-09-10T09:13:36.891535+00:00,interpolated,-2.240000009536743,1.260000005364418,-1.1200000047683716
21.843923086,842346860846058204,842346861903781436,28,131,34787484000000,2026-09-10T09:13:36.891535+00:00,interpolated,-2.240000009536743,1.260000005364418,-1.1200000047683716
21.862811001,842346860864946119,842346861903781436,28,132,34787484000000,2026-09-10T09:13:36.891535+00:00,interpolated,-2.17000000923872,1.260000005364418,-1.1200000047683716
21.881698916,842346860883834034,842346861903781436,28,133,34787484000000,2026-09-10T09:13:36.891535+00:00,interpolated,-2.240000009536743,1.3300000056624413,-1.1900000050663948
21.900586831,842346860902721949,842346861903781436,28,134,34787484000000,2026-09-10T09:13:36.891535+00:00,interpolated,-2.240000009536743,1.260000005364418,-1.1900000050663948
21.919474746,842346860921609864,842346861903781436,28,135,34787484000000,2026-09-10T09:13:36.891535+00:00,interpolated,-2.240000009536743,1.3300000056624413,-1.1200000047683716
21.938362661,842346860940497779,842346861903781436,28,136,34787484000000,2026-09-10T09:13:36.891535+00:00,interpolated,-2.240000009536743,1.3300000056624413,-1.1200000047683716
21.957250575,842346860959385693,842346861903781436,28,137,34787484000000,2026-09-10T09:13:36.891535+00:00,interpolated,-2.240000009536743,1.3300000056624413,-1.1200000047683716
21.97613849,842346860978273608,842346861903781436,28,138,34787484000000,2026-09-10T09:13:36.891535+00:00,interpolated,-2.240000009536743,1.3300000056624413,-1.1900000050663948
21.995026405,842346860997161523,842346861903781436,28,139,34787484000000,2026-09-10T09:13:36.891535+00:00,interpolated,-2.17000000923872,1.1900000050663948,-1.1900000050663948
22.01391432,842346861016049438,842346861903781436,28,140,34787484000000,2026-09-10T09:13:36.891535+00:00,interpolated,-2.240000009536743,1.260000005364418,-1.1200000047683716
22.032802235,842346861034937353,842346861903781436,28,141,34787484000000,2026-09-10T09:13:36.891535+00:00,interpolated,-2.240000009536743,1.3300000056624413,-1.1900000050663948
22.05169015,842346861053825268,842346861903781436,28,142,34787484000000,2026-09-10T09:13:36.891535+00:00,interpolated,-2.240000009536743,1.3300000056624413,-1.1900000050663948
22.070578065,842346861072713183,842346861903781436,28,143,34787484000000,2026-09-10T09:13:36.891535+00:00,interpolated,-2.3100000098347664,1.3300000056624413,-1.1200000047683716
22.089465979,842346861091601097,842346861903781436,28,144,34787484000000,2026-09-10T09:13:36.891535+00:00,interpolated,-2.240000009536743,1.260000005364418,-1.1200000047683716
22.108353894,842346861110489012,842346861903781436,28,145,34787484000000,2026-09-10T09:13:36.891535+00:00,interpolated,-2.240000009536743,1.260000005364418,-1.1200000047683716
22.127241809,842346861129376927,842346861903781436,28,146,34787484000000,2026-09-10T09:13:36.891535+00:00,interpolated,-2.240000009536743,1.260000005364418,-1.1900000050663948
22.146129724,842346861148264842,842346861903781436,28,147,34787484000000,2026-09-10T09:13:36.891535+00:00,interpolated,-2.17000000923872,1.260000005364418,-1.1200000047683716
22.165017639,842346861167152757,842346861903781436,28,148,34787484000000,2026-09-10T09:13:36.891535+00:00,interpolated,-2.240000009536743,1.3300000056624413,-1.1900000050663948
22.183905554,842346861186040672,842346861903781436,28,149,34787484000000,2026-09-10T09:13:36.891535+00:00,interpolated,-2.240000009536743,1.3300000056624413,-1.1900000050663948
22.202793469,842346861204928587,842346861903781436,28,150,34787484000000,2026-09-10T09:13:36.891535+00:00,interpolated,-2.3100000098347664,1.3300000056624413,-1.1900000050663948
22.221681383,842346861223816501,842346861903781436,28,151,34787484000000,2026-09-10T09:13:36.891535+00:00,interpolated,-2.240000009536743,1.260000005364418,-1.1900000050663948
22.240569298,842346861242704416,842346861903781436,28,152,34787484000000,2026-09-10T09:13:36.891535+00:00,interpolated,-2.3100000098347664,1.260000005364418,-1.1200000047683716
22.259457213,842346861261592331,842346861903781436,28,153,34787484000000,2026-09-10T09:13:36.891535+00:00,interpolated,-2.240000009536743,1.260000005364418,-1.1900000050663948
22.278345128,842346861280480246,842346861903781436,28,154,34787484000000,2026-09-10T09:13:36.891535+00:00,interpolated,-2.240000009536743,1.260000005364418,-1.1200000047683716
22.297233043,842346861299368161,842346861903781436,28,155,34787484000000,2026-09-10T09:13:36.891535+00:00,interpolated,-2.240000009536743,1.3300000056624413,-1.1200000047683716
22.316120958,842346861318256076,842346861903781436,28,156,34787484000000,2026-09-10T09:13:36.891535+00:00,interpolated,-2.240000009536743,1.1900000050663948,-1.1200000047683716
22.335008872,842346861337143990,842346861903781436,28,157,34787484000000,2026-09-10T09:13:36.891535+00:00,interpolated,-2.3100000098347664,1.260000005364418,-1.1900000050663948
22.353896787,842346861356031905,842346861903781436,28,158,34787484000000,2026-09-10T09:13:36.891535+00:00,interpolated,-2.240000009536743,1.260000005364418,-1.1900000050663948
22.372784702,842346861374919820,842346861903781436,28,159,34787484000000,2026-09-10T09:13:36.891535+00:00,interpolated,-2.240000009536743,1.260000005364418,-1.1900000050663948
22.391672617,842346861393807735,842346861903781436,28,160,34787484000000,2026-09-10T09:13:36.891535+00:00,interpolated,-2.240000009536743,1.3300000056624413,-1.1900000050663948
22.410560532,842346861412695650,842346861903781436,28,161,34787484000000,2026-09-10T09:13:36.891535+00:00,interpolated,-2.17000000923872,1.260000005364418,-1.1200000047683716
22.429448447,842346861431583565,842346861903781436,28,162,34787484000000,2026-09-10T09:13:36.891535+00:00,interpolated,-2.3100000098347664,1.3300000056624413,-1.1900000050663948
22.448336362,842346861450471480,842346861903781436,28,163,34787484000000,2026-09-10T09:13:36.891535+00:00,interpolated,-2.240000009536743,1.260000005364418,-1.1900000050663948
22.467224276,842346861469359394,842346861903781436,28,164,34787484000000,2026-09-10T09:13:36.891535+00:00,interpolated,-2.240000009536743,1.260000005364418,-1.1900000050663948
22.486112191,842346861488247309,842346861903781436,28,165,34787484000000,2026-09-10T09:13:36.891535+00:00,interpolated,-2.240000009536743,1.3300000056624413,-1.1200000047683716
22.505000106,842346861507135224,842346861903781436,28,166,34787484000000,2026-09-10T09:13:36.891535+00:00,interpolated,-2.240000009536743,1.3300000056624413,-1.1900000050663948
22.523888021,842346861526023139,842346861903781436,28,167,34787484000000,2026-09-10T09:13:36.891535+00:00,interpolated,-2.240000009536743,1.260000005364418,-1.1900000050663948
22.542775936,842346861544911054,842346861903781436,28,168,34787484000000,2026-09-10T09:13:36.891535+00:00,interpolated,-2.240000009536743,1.260000005364418,-1.1200000047683716
22.561663851,842346861563798969,842346861903781436,28,169,34787484000000,2026-09-10T09:13:36.891535+00:00,interpolated,-2.240000009536743,1.260000005364418,-1.1900000050663948
22.580551766,842346861582686884,842346861903781436,28,170,34787484000000,2026-09-10T09:13:36.891535+00:00,interpolated,-2.17000000923872,1.260000005364418,-1.1200000047683716
22.59943968,842346861601574798,842346861903781436,28,171,34787484000000,2026-09-10T09:13:36.891535+00:00,interpolated,-2.17000000923872,1.260000005364418,-1.1900000050663948
22.618327595,842346861620462713,842346861903781436,28,172,34787484000000,2026-09-10T09:13:36.891535+00:00,interpolated,-2.240000009536743,1.260000005364418,-1.1900000050663948
22.63721551,842346861639350628,842346861903781436,28,173,34787484000000,2026-09-10T09:13:36.891535+00:00,interpolated,-2.240000009536743,1.3300000056624413,-1.1900000050663948
22.656103425,842346861658238543,842346861903781436,28,174,34787484000000,2026-09-10T09:13:36.891535+00:00,interpolated,-2.240000009536743,1.260000005364418,-1.1900000050663948
22.67499134,842346861677126458,842346861903781436,28,175,34787484000000,2026-09-10T09:13:36.891535+00:00,interpolated,-2.17000000923872,1.3300000056624413,-1.1200000047683716
22.693879255,842346861696014373,842346861903781436,28,176,34787484000000,2026-09-10T09:13:36.891535+00:00,interpolated,-2.240000009536743,1.260000005364418,-1.1900000050663948
22.712767169,842346861714902287,842346861903781436,28,177,34787484000000,2026-09-10T09:13:36.891535+00:00,interpolated,-2.3100000098347664,1.3300000056624413,-1.1900000050663948
22.731655084,842346861733790202,842346861903781436,28,178,34787484000000,2026-09-10T09:13:36.891535+00:00,interpolated,-2.240000009536743,1.260000005364418,-1.1900000050663948
22.750542999,842346861752678117,842346861903781436,28,179,34787484000000,2026-09-10T09:13:36.891535+00:00,interpolated,-2.240000009536743,1.260000005364418,-1.1200000047683716
22.769430914,842346861771566032,842346861903781436,28,180,34787484000000,2026-09-10T09:13:36.891535+00:00,interpolated,-2.3100000098347664,1.3300000056624413,-1.1900000050663948
22.788318829,842346861790453947,842346861903781436,28,181,34787484000000,2026-09-10T09:13:36.891535+00:00,interpolated,-2.240000009536743,1.260000005364418,-1.1200000047683716
22.807206744,842346861809341862,842346861903781436,28,182,34787484000000,2026-09-10T09:13:36.891535+00:00,interpolated,-2.3100000098347664,1.260000005364418,-1.1200000047683716
22.826094659,842346861828229777,842346861903781436,28,183,34787484000000,2026-09-10T09:13:36.891535+00:00,interpolated,-2.240000009536743,1.3300000056624413,-1.1900000050663948
22.844982573,842346861847117691,842346861903781436,28,184,34787484000000,2026-09-10T09:13:36.891535+00:00,interpolated,-2.17000000923872,1.3300000056624413,-1.1200000047683716
22.863870488,842346861866005606,842346861903781436,28,185,34787484000000,2026-09-10T09:13:36.891535+00:00,interpolated,-2.240000009536743,1.260000005364418,-1.1900000050663948
22.882758403,842346861884893521,842346861903781436,28,186,34787484000000,2026-09-10T09:13:36.891535+00:00,interpolated,-2.17000000923872,1.260000005364418,-1.1900000050663948
22.901646318,842346861903781436,842346861903781436,28,187,34787484000000,2026-09-10T09:13:36.891535+00:00,interpolated,-2.240000009536743,1.3300000056624413,-1.1900000050663948
22.920534251,842346861922669369,842346865265833528,34,0,34790984000000,2026-09-10T09:13:40.400970+00:00,interpolated,-2.17000000923872,1.3300000056624413,-1.1900000050663948
22.939422184,842346861941557302,842346865265833528,34,1,34790984000000,2026-09-10T09:13:40.400970+00:00,interpolated,-2.240000009536743,1.260000005364418,-1.1200000047683716
22.958310117,842346861960445235,842346865265833528,34,2,34790984000000,2026-09-10T09:13:40.400970+00:00,interpolated,-2.240000009536743,1.3300000056624413,-1.1200000047683716
22.97719805,842346861979333168,842346865265833528,34,3,34790984000000,2026-09-10T09:13:40.400970+00:00,interpolated,-2.240000009536743,1.260000005364418,-1.1200000047683716
22.996085984,842346861998221102,842346865265833528,34,4,34790984000000,2026-09-10T09:13:40.400970+00:00,interpolated,-2.240000009536743,1.260000005364418,-1.1900000050663948
23.014973917,842346862017109035,842346865265833528,34,5,34790984000000,2026-09-10T09:13:40.400970+00:00,interpolated,-2.240000009536743,1.3300000056624413,-1.1900000050663948
23.03386185,842346862035996968,842346865265833528,34,6,34790984000000,2026-09-10T09:13:40.400970+00:00,interpolated,-2.240000009536743,1.260000005364418,-1.1900000050663948
23.052749783,842346862054884901,842346865265833528,34,7,34790984000000,2026-09-10T09:13:40.400970+00:00,interpolated,-2.240000009536743,1.3300000056624413,-1.1200000047683716
23.071637716,842346862073772834,842346865265833528,34,8,34790984000000,2026-09-10T09:13:40.400970+00:00,interpolated,-2.240000009536743,1.260000005364418,-1.1200000047683716
23.090525649,842346862092660767,842346865265833528,34,9,34790984000000,2026-09-10T09:13:40.400970+00:00,interpolated,-2.240000009536743,1.3300000056624413,-1.1900000050663948
23.109413582,842346862111548700,842346865265833528,34,10,34790984000000,2026-09-10T09:13:40.400970+00:00,interpolated,-2.3100000098347664,1.260000005364418,-1.1900000050663948
23.128301515,842346862130436633,842346865265833528,34,11,34790984000000,2026-09-10T09:13:40.400970+00:00,interpolated,-2.3100000098347664,1.260000005364418,-1.1900000050663948
23.147189448,842346862149324566,842346865265833528,34,12,34790984000000,2026-09-10T09:13:40.400970+00:00,interpolated,-2.240000009536743,1.260000005364418,-1.1200000047683716
23.166077381,842346862168212499,842346865265833528,34,13,34790984000000,2026-09-10T09:13:40.400970+00:00,interpolated,-2.3100000098347664,1.260000005364418,-1.1200000047683716
23.184965315,842346862187100433,842346865265833528,34,14,34790984000000,2026-09-10T09:13:40.400970+00:00,interpolated,-2.240000009536743,1.260000005364418,-1.1200000047683716
23.203853248,842346862205988366,842346865265833528,34,15,34790984000000,2026-09-10T09:13:40.400970+00:00,interpolated,-2.240000009536743,1.260000005364418,-1.1200000047683716
23.222741181,842346862224876299,842346865265833528,34,16,34790984000000,2026-09-10T09:13:40.400970+00:00,interpolated,-2.240000009536743,1.260000005364418,-1.1200000047683716
23.241629114,842346862243764232,842346865265833528,34,17,34790984000000,2026-09-10T09:13:40.400970+00:00,interpolated,-2.3100000098347664,1.260000005364418,-1.1200000047683716
23.260517047,842346862262652165,842346865265833528,34,18,34790984000000,2026-09-10T09:13:40.400970+00:00,interpolated,-2.240000009536743,1.260000005364418,-1.1900000050663948
23.27940498,842346862281540098,842346865265833528,34,19,34790984000000,2026-09-10T09:13:40.400970+00:00,interpolated,-2.3100000098347664,1.3300000056624413,-1.1200000047683716
23.298292913,842346862300428031,842346865265833528,34,20,34790984000000,2026-09-10T09:13:40.400970+00:00,interpolated,-2.240000009536743,1.260000005364418,-1.1200000047683716
23.317180846,842346862319315964,842346865265833528,34,21,34790984000000,2026-09-10T09:13:40.400970+00:00,interpolated,-2.240000009536743,1.3300000056624413,-1.1200000047683716
23.336068779,842346862338203897,842346865265833528,34,22,34790984000000,2026-09-10T09:13:40.400970+00:00,interpolated,-2.240000009536743,1.3300000056624413,-1.1200000047683716
23.354956712,842346862357091830,842346865265833528,34,23,34790984000000,2026-09-10T09:13:40.400970+00:00,interpolated,-2.240000009536743,1.260000005364418,-1.1900000050663948
23.373844646,842346862375979764,842346865265833528,34,24,34790984000000,2026-09-10T09:13:40.400970+00:00,interpolated,-2.240000009536743,1.260000005364418,-1.1200000047683716
23.392732579,842346862394867697,842346865265833528,34,25,34790984000000,2026-09-10T09:13:40.400970+00:00,interpolated,-2.17000000923872,1.260000005364418,-1.1900000050663948
23.411620512,842346862413755630,842346865265833528,34,26,34790984000000,2026-09-10T09:13:40.400970+00:00,interpolated,-2.17000000923872,1.260000005364418,-1.1200000047683716
23.430508445,842346862432643563,842346865265833528,34,27,34790984000000,2026-09-10T09:13:40.400970+00:00,interpolated,-2.240000009536743,1.3300000056624413,-1.1200000047683716
23.449396378,842346862451531496,842346865265833528,34,28,34790984000000,2026-09-10T09:13:40.400970+00:00,interpolated,-2.17000000923872,1.3300000056624413,-1.1900000050663948
23.468284311,842346862470419429,842346865265833528,34,29,34790984000000,2026-09-10T09:13:40.400970+00:00,interpolated,-2.3100000098347664,1.4000000059604645,-1.1900000050663948
23.487172244,842346862489307362,842346865265833528,34,30,34790984000000,2026-09-10T09:13:40.400970+00:00,interpolated,-2.240000009536743,1.3300000056624413,-1.1900000050663948
23.506060177,842346862508195295,842346865265833528,34,31,34790984000000,2026-09-10T09:13:40.400970+00:00,interpolated,-2.240000009536743,1.3300000056624413,-1.1200000047683716
23.52494811,842346862527083228,842346865265833528,34,32,34790984000000,2026-09-10T09:13:40.400970+00:00,interpolated,-2.17000000923872,1.260000005364418,-1.1900000050663948
23.543836043,842346862545971161,842346865265833528,34,33,34790984000000,2026-09-10T09:13:40.400970+00:00,interpolated,-2.17000000923872,1.260000005364418,-1.1200000047683716
23.562723977,842346862564859095,842346865265833528,34,34,34790984000000,2026-09-10T09:13:40.400970+00:00,interpolated,-2.240000009536743,1.260000005364418,-1.1200000047683716
23.58161191,842346862583747028,842346865265833528,34,35,34790984000000,2026-09-10T09:13:40.400970+00:00,interpolated,-2.17000000923872,1.260000005364418,-1.1200000047683716
23.600499843,842346862602634961,842346865265833528,34,36,34790984000000,2026-09-10T09:13:40.400970+00:00,interpolated,-2.240000009536743,1.3300000056624413,-1.1200000047683716
23.619387776,842346862621522894,842346865265833528,34,37,34790984000000,2026-09-10T09:13:40.400970+00:00,interpolated,-2.240000009536743,1.3300000056624413,-1.1200000047683716
23.638275709,842346862640410827,842346865265833528,34,38,34790984000000,2026-09-10T09:13:40.400970+00:00,interpolated,-2.240000009536743,1.3300000056624413,-1.1900000050663948
23.657163642,842346862659298760,842346865265833528,34,39,34790984000000,2026-09-10T09:13:40.400970+00:00,interpolated,-2.240000009536743,1.3300000056624413,-1.1200000047683716
23.676051575,842346862678186693,842346865265833528,34,40,34790984000000,2026-09-10T09:13:40.400970+00:00,interpolated,-2.17000000923872,1.260000005364418,-1.1200000047683716
23.694939508,842346862697074626,842346865265833528,34,41,34790984000000,2026-09-10T09:13:40.400970+00:00,interpolated,-2.240000009536743,1.3300000056624413,-1.1200000047683716
23.713827441,842346862715962559,842346865265833528,34,42,34790984000000,2026-09-10T09:13:40.400970+00:00,interpolated,-2.240000009536743,1.3300000056624413,-1.1900000050663948
23.732715374,842346862734850492,842346865265833528,34,43,34790984000000,2026-09-10T09:13:40.400970+00:00,interpolated,-2.240000009536743,1.260000005364418,-1.1200000047683716
23.751603308,842346862753738426,842346865265833528,34,44,34790984000000,2026-09-10T09:13:40.400970+00:00,interpolated,-2.240000009536743,1.3300000056624413,-1.1200000047683716
23.770491241,842346862772626359,842346865265833528,34,45,34790984000000,2026-09-10T09:13:40.400970+00:00,interpolated,-2.240000009536743,1.260000005364418,-1.1200000047683716
23.789379174,842346862791514292,842346865265833528,34,46,34790984000000,2026-09-10T09:13:40.400970+00:00,interpolated,-2.3100000098347664,1.3300000056624413,-1.1200000047683716
23.808267107,842346862810402225,842346865265833528,34,47,34790984000000,2026-09-10T09:13:40.400970+00:00,interpolated,-2.240000009536743,1.260000005364418,-1.1900000050663948
23.82715504,842346862829290158,842346865265833528,34,48,34790984000000,2026-09-10T09:13:40.400970+00:00,interpolated,-2.3100000098347664,1.260000005364418,-1.1900000050663948
23.846042973,842346862848178091,842346865265833528,34,49,34790984000000,2026-09-10T09:13:40.400970+00:00,interpolated,-2.17000000923872,1.260000005364418,-1.1900000050663948
23.864930906,842346862867066024,842346865265833528,34,50,34790984000000,2026-09-10T09:13:40.400970+00:00,interpolated,-2.240000009536743,1.260000005364418,-1.1900000050663948
23.883818839,842346862885953957,842346865265833528,34,51,34790984000000,2026-09-10T09:13:40.400970+00:00,interpolated,-2.240000009536743,1.260000005364418,-1.1200000047683716
23.902706772,842346862904841890,842346865265833528,34,52,34790984000000,2026-09-10T09:13:40.400970+00:00,interpolated,-2.17000000923872,1.260000005364418,-1.1200000047683716
23.921594705,842346862923729823,842346865265833528,34,53,34790984000000,2026-09-10T09:13:40.400970+00:00,interpolated,-2.240000009536743,1.260000005364418,-1.1200000047683716
23.940482639,842346862942617757,842346865265833528,34,54,34790984000000,2026-09-10T09:13:40.400970+00:00,interpolated,-2.17000000923872,1.260000005364418,-1.1900000050663948
23.959370572,842346862961505690,842346865265833528,34,55,34790984000000,2026-09-10T09:13:40.400970+00:00,interpolated,-2.240000009536743,1.3300000056624413,-1.1900000050663948
23.978258505,842346862980393623,842346865265833528,34,56,34790984000000,2026-09-10T09:13:40.400970+00:00,interpolated,-2.240000009536743,1.260000005364418,-1.1200000047683716
23.997146438,842346862999281556,842346865265833528,34,57,34790984000000,2026-09-10T09:13:40.400970+00:00,interpolated,-2.240000009536743,1.260000005364418,-1.1900000050663948
24.016034371,842346863018169489,842346865265833528,34,58,34790984000000,2026-09-10T09:13:40.400970+00:00,interpolated,-2.240000009536743,1.260000005364418,-1.1200000047683716
24.034922304,842346863037057422,842346865265833528,34,59,34790984000000,2026-09-10T09:13:40.400970+00:00,interpolated,-2.240000009536743,1.260000005364418,-1.1900000050663948
24.053810237,842346863055945355,842346865265833528,34,60,34790984000000,2026-09-10T09:13:40.400970+00:00,interpolated,-2.240000009536743,1.3300000056624413,-1.1200000047683716
24.07269817,842346863074833288,842346865265833528,34,61,34790984000000,2026-09-10T09:13:40.400970+00:00,interpolated,-2.240000009536743,1.3300000056624413,-1.1200000047683716
24.091586103,842346863093721221,842346865265833528,34,62,34790984000000,2026-09-10T09:13:40.400970+00:00,interpolated,-2.240000009536743,1.260000005364418,-1.1200000047683716
24.110474036,842346863112609154,842346865265833528,34,63,34790984000000,2026-09-10T09:13:40.400970+00:00,interpolated,-2.240000009536743,1.3300000056624413,-1.1200000047683716
24.12936197,842346863131497088,842346865265833528,34,64,34790984000000,2026-09-10T09:13:40.400970+00:00,interpolated,-2.17000000923872,1.260000005364418,-1.1900000050663948
24.148249903,842346863150385021,842346865265833528,34,65,34790984000000,2026-09-10T09:13:40.400970+00:00,interpolated,-2.240000009536743,1.260000005364418,-1.1900000050663948
24.167137836,842346863169272954,842346865265833528,34,66,34790984000000,2026-09-10T09:13:40.400970+00:00,interpolated,-2.17000000923872,1.260000005364418,-1.1900000050663948
24.186025769,842346863188160887,842346865265833528,34,67,34790984000000,2026-09-10T09:13:40.400970+00:00,interpolated,-2.240000009536743,1.3300000056624413,-1.1900000050663948
24.204913702,842346863207048820,842346865265833528,34,68,34790984000000,2026-09-10T09:13:40.400970+00:00,interpolated,-2.240000009536743,1.3300000056624413,-1.1200000047683716
24.223801635,842346863225936753,842346865265833528,34,69,34790984000000,2026-09-10T09:13:40.400970+00:00,interpolated,-2.240000009536743,1.3300000056624413,-1.1200000047683716
24.242689568,842346863244824686,842346865265833528,34,70,34790984000000,2026-09-10T09:13:40.400970+00:00,interpolated,-2.240000009536743,1.3300000056624413,-1.1200000047683716
24.261577501,842346863263712619,842346865265833528,34,71,34790984000000,2026-09-10T09:13:40.400970+00:00,interpolated,-2.3100000098347664,1.3300000056624413,-1.1900000050663948
24.280465434,842346863282600552,842346865265833528,34,72,34790984000000,2026-09-10T09:13:40.400970+00:00,interpolated,-2.240000009536743,1.3300000056624413,-1.1200000047683716
24.299353367,842346863301488485,842346865265833528,34,73,34790984000000,2026-09-10T09:13:40.400970+00:00,interpolated,-2.17000000923872,1.260000005364418,-1.1200000047683716
24.318241301,842346863320376419,842346865265833528,34,74,34790984000000,2026-09-10T09:13:40.400970+00:00,interpolated,-2.240000009536743,1.260000005364418,-1.1200000047683716
24.337129234,842346863339264352,842346865265833528,34,75,34790984000000,2026-09-10T09:13:40.400970+00:00,interpolated,-2.240000009536743,1.3300000056624413,-1.1200000047683716
24.356017167,842346863358152285,842346865265833528,34,76,34790984000000,2026-09-10T09:13:40.400970+00:00,interpolated,-2.240000009536743,1.3300000056624413,-1.1900000050663948
24.3749051,842346863377040218,842346865265833528,34,77,34790984000000,2026-09-10T09:13:40.400970+00:00,interpolated,-2.240000009536743,1.3300000056624413,-1.1200000047683716
24.393793033,842346863395928151,842346865265833528,34,78,34790984000000,2026-09-10T09:13:40.400970+00:00,interpolated,-2.240000009536743,1.3300000056624413,-1.1900000050663948
24.412680966,842346863414816084,842346865265833528,34,79,34790984000000,2026-09-10T09:13:40.400970+00:00,interpolated,-2.240000009536743,1.260000005364418,-1.1200000047683716
24.431568899,842346863433704017,842346865265833528,34,80,34790984000000,2026-09-10T09:13:40.400970+00:00,interpolated,-2.240000009536743,1.260000005364418,-1.1900000050663948
24.450456832,842346863452591950,842346865265833528,34,81,34790984000000,2026-09-10T09:13:40.400970+00:00,interpolated,-2.240000009536743,1.260000005364418,-1.1200000047683716
24.469344765,842346863471479883,842346865265833528,34,82,34790984000000,2026-09-10T09:13:40.400970+00:00,interpolated,-2.240000009536743,1.260000005364418,-1.1200000047683716
24.488232698,842346863490367816,842346865265833528,34,83,34790984000000,2026-09-10T09:13:40.400970+00:00,interpolated,-2.17000000923872,1.260000005364418,-1.1900000050663948
24.507120632,842346863509255750,842346865265833528,34,84,34790984000000,2026-09-10T09:13:40.400970+00:00,interpolated,-2.240000009536743,1.3300000056624413,-1.1900000050663948
24.526008565,842346863528143683,842346865265833528,34,85,34790984000000,2026-09-10T09:13:40.400970+00:00,interpolated,-2.17000000923872,1.3300000056624413,-1.1200000047683716
24.544896498,842346863547031616,842346865265833528,34,86,34790984000000,2026-09-10T09:13:40.400970+00:00,interpolated,-2.3100000098347664,1.3300000056624413,-1.1900000050663948
24.563784431,842346863565919549,842346865265833528,34,87,34790984000000,2026-09-10T09:13:40.400970+00:00,interpolated,-2.240000009536743,1.3300000056624413,-1.1200000047683716
24.582672364,842346863584807482,842346865265833528,34,88,34790984000000,2026-09-10T09:13:40.400970+00:00,interpolated,-2.240000009536743,1.260000005364418,-1.1900000050663948
24.601560297,842346863603695415,842346865265833528,34,89,34790984000000,2026-09-10T09:13:40.400970+00:00,interpolated,-2.240000009536743,1.3300000056624413,-1.1200000047683716
24.62044823,842346863622583348,842346865265833528,34,90,34790984000000,2026-09-10T09:13:40.400970+00:00,interpolated,-2.17000000923872,1.260000005364418,-1.1900000050663948
24.639336163,842346863641471281,842346865265833528,34,91,34790984000000,2026-09-10T09:13:40.400970+00:00,interpolated,-2.240000009536743,1.260000005364418,-1.1200000047683716
24.658224096,842346863660359214,842346865265833528,34,92,34790984000000,2026-09-10T09:13:40.400970+00:00,interpolated,-2.240000009536743,1.260000005364418,-1.1200000047683716
24.67711203,842346863679247148,842346865265833528,34,93,34790984000000,2026-09-10T09:13:40.400970+00:00,interpolated,-2.240000009536743,1.3300000056624413,-1.1900000050663948
24.695999963,842346863698135081,842346865265833528,34,94,34790984000000,2026-09-10T09:13:40.400970+00:00,interpolated,-2.240000009536743,1.3300000056624413,-1.1200000047683716
24.714887896,842346863717023014,842346865265833528,34,95,34790984000000,2026-09-10T09:13:40.400970+00:00,interpolated,-2.240000009536743,1.260000005364418,-1.1900000050663948
24.733775829,842346863735910947,842346865265833528,34,96,34790984000000,2026-09-10T09:13:40.400970+00:00,interpolated,-2.240000009536743,1.3300000056624413,-1.1900000050663948
24.752663762,842346863754798880,842346865265833528,34,97,34790984000000,2026-09-10T09:13:40.400970+00:00,interpolated,-2.17000000923872,1.260000005364418,-1.1900000050663948
24.771551695,842346863773686813,842346865265833528,34,98,34790984000000,2026-09-10T09:13:40.400970+00:00,interpolated,-2.240000009536743,1.260000005364418,-1.1900000050663948
24.790439628,842346863792574746,842346865265833528,34,99,34790984000000,2026-09-10T09:13:40.400970+00:00,interpolated,-2.240000009536743,1.3300000056624413,-1.1900000050663948
24.809327561,842346863811462679,842346865265833528,34,100,34790984000000,2026-09-10T09:13:40.400970+00:00,interpolated,-2.17000000923872,1.260000005364418,-1.1200000047683716
24.828215494,842346863830350612,842346865265833528,34,101,34790984000000,2026-09-10T09:13:40.400970+00:00,interpolated,-2.240000009536743,1.4000000059604645,-1.1200000047683716
24.847103427,842346863849238545,842346865265833528,34,102,34790984000000,2026-09-10T09:13:40.400970+00:00,interpolated,-2.240000009536743,1.3300000056624413,-1.1900000050663948
24.865991361,842346863868126479,842346865265833528,34,103,34790984000000,2026-09-10T09:13:40.400970+00:00,interpolated,-2.240000009536743,1.260000005364418,-1.1200000047683716
24.884879294,842346863887014412,842346865265833528,34,104,34790984000000,2026-09-10T09:13:40.400970+00:00,interpolated,-2.240000009536743,1.260000005364418,-1.1200000047683716
24.903767227,842346863905902345,842346865265833528,34,105,34790984000000,2026-09-10T09:13:40.400970+00:00,interpolated,-2.240000009536743,1.3300000056624413,-1.1200000047683716
24.92265516,842346863924790278,842346865265833528,34,106,34790984000000,2026-09-10T09:13:40.400970+00:00,interpolated,-2.240000009536743,1.3300000056624413,-1.1200000047683716
24.941543093,842346863943678211,842346865265833528,34,107,34790984000000,2026-09-10T09:13:40.400970+00:00,interpolated,-2.17000000923872,1.260000005364418,-1.1900000050663948
24.960431026,842346863962566144,842346865265833528,34,108,34790984000000,2026-09-10T09:13:40.400970+00:00,interpolated,-2.240000009536743,1.3300000056624413,-1.1200000047683716
24.979318959,842346863981454077,842346865265833528,34,109,34790984000000,2026-09-10T09:13:40.400970+00:00,interpolated,-2.17000000923872,1.3300000056624413,-1.1200000047683716
24.998206892,842346864000342010,842346865265833528,34,110,34790984000000,2026-09-10T09:13:40.400970+00:00,interpolated,-2.240000009536743,1.3300000056624413,-1.1900000050663948
25.017094825,842346864019229943,842346865265833528,34,111,34790984000000,2026-09-10T09:13:40.400970+00:00,interpolated,-2.240000009536743,1.260000005364418,-1.1900000050663948
25.035982758,842346864038117876,842346865265833528,34,112,34790984000000,2026-09-10T09:13:40.400970+00:00,interpolated,-2.17000000923872,1.3300000056624413,-1.1900000050663948
25.054870692,842346864057005810,842346865265833528,34,113,34790984000000,2026-09-10T09:13:40.400970+00:00,interpolated,-2.240000009536743,1.3300000056624413,-1.1200000047683716
25.073758625,842346864075893743,842346865265833528,34,114,34790984000000,2026-09-10T09:13:40.400970+00:00,interpolated,-2.17000000923872,1.260000005364418,-1.1200000047683716
25.092646558,842346864094781676,842346865265833528,34,115,34790984000000,2026-09-10T09:13:40.400970+00:00,interpolated,-2.3100000098347664,1.3300000056624413,-1.1200000047683716
25.111534491,842346864113669609,842346865265833528,34,116,34790984000000,2026-09-10T09:13:40.400970+00:00,interpolated,-2.240000009536743,1.3300000056624413,-1.1200000047683716
25.130422424,842346864132557542,842346865265833528,34,117,34790984000000,2026-09-10T09:13:40.400970+00:00,interpolated,-2.240000009536743,1.260000005364418,-1.1900000050663948
25.149310357,842346864151445475,842346865265833528,34,118,34790984000000,2026-09-10T09:13:40.400970+00:00,interpolated,-2.240000009536743,1.3300000056624413,-1.1900000050663948
25.16819829,842346864170333408,842346865265833528,34,119,34790984000000,2026-09-10T09:13:40.400970+00:00,interpolated,-2.240000009536743,1.3300000056624413,-1.1900000050663948
25.187086223,842346864189221341,842346865265833528,34,120,34790984000000,2026-09-10T09:13:40.400970+00:00,interpolated,-2.240000009536743,1.3300000056624413,-1.1200000047683716
25.205974156,842346864208109274,842346865265833528,34,121,34790984000000,2026-09-10T09:13:40.400970+00:00,interpolated,-2.17000000923872,1.260000005364418,-1.1900000050663948
25.224862089,842346864226997207,842346865265833528,34,122,34790984000000,2026-09-10T09:13:40.400970+00:00,interpolated,-2.240000009536743,1.1900000050663948,-1.1200000047683716
25.243750023,842346864245885141,842346865265833528,34,123,34790984000000,2026-09-10T09:13:40.400970+00:00,interpolated,-2.240000009536743,1.260000005364418,-1.1900000050663948
25.262637956,842346864264773074,842346865265833528,34,124,34790984000000,2026-09-10T09:13:40.400970+00:00,interpolated,-2.240000009536743,1.260000005364418,-1.1900000050663948
25.281525889,842346864283661007,842346865265833528,34,125,34790984000000,2026-09-10T09:13:40.400970+00:00,interpolated,-2.3100000098347664,1.3300000056624413,-1.1900000050663948
25.300413822,842346864302548940,842346865265833528,34,126,34790984000000,2026-09-10T09:13:40.400970+00:00,interpolated,-2.3100000098347664,1.260000005364418,-1.1900000050663948
25.319301755,842346864321436873,842346865265833528,34,127,34790984000000,2026-09-10T09:13:40.400970+00:00,interpolated,-2.3100000098347664,1.260000005364418,-1.1900000050663948
25.338189688,842346864340324806,842346865265833528,34,128,34790984000000,2026-09-10T09:13:40.400970+00:00,interpolated,-2.240000009536743,1.260000005364418,-1.1200000047683716
25.357077621,842346864359212739,842346865265833528,34,129,34790984000000,2026-09-10T09:13:40.400970+00:00,interpolated,-2.240000009536743,1.260000005364418,-1.1200000047683716
25.375965554,842346864378100672,842346865265833528,34,130,34790984000000,2026-09-10T09:13:40.400970+00:00,interpolated,-2.240000009536743,1.260000005364418,-1.1200000047683716
25.394853487,842346864396988605,842346865265833528,34,131,34790984000000,2026-09-10T09:13:40.400970+00:00,interpolated,-2.17000000923872,1.260000005364418,-1.1900000050663948
25.41374142,842346864415876538,842346865265833528,34,132,34790984000000,2026-09-10T09:13:40.400970+00:00,interpolated,-2.240000009536743,1.3300000056624413,-1.1200000047683716
25.432629354,842346864434764472,842346865265833528,34,133,34790984000000,2026-09-10T09:13:40.400970+00:00,interpolated,-2.240000009536743,1.260000005364418,-1.1200000047683716
25.451517287,842346864453652405,842346865265833528,34,134,34790984000000,2026-09-10T09:13:40.400970+00:00,interpolated,-2.240000009536743,1.260000005364418,-1.1200000047683716
25.47040522,842346864472540338,842346865265833528,34,135,34790984000000,2026-09-10T09:13:40.400970+00:00,interpolated,-2.240000009536743,1.260000005364418,-1.1200000047683716
25.489293153,842346864491428271,842346865265833528,34,136,34790984000000,2026-09-10T09:13:40.400970+00:00,interpolated,-2.17000000923872,1.260000005364418,-1.1200000047683716
25.508181086,842346864510316204,842346865265833528,34,137,34790984000000,2026-09-10T09:13:40.400970+00:00,interpolated,-2.240000009536743,1.260000005364418,-1.1200000047683716
25.527069019,842346864529204137,842346865265833528,34,138,34790984000000,2026-09-10T09:13:40.400970+00:00,interpolated,-2.240000009536743,1.260000005364418,-1.1200000047683716
25.545956952,842346864548092070,842346865265833528,34,139,34790984000000,2026-09-10T09:13:40.400970+00:00,interpolated,-2.17000000923872,1.260000005364418,-1.1200000047683716
25.564844885,842346864566980003,842346865265833528,34,140,34790984000000,2026-09-10T09:13:40.400970+00:00,interpolated,-2.240000009536743,1.3300000056624413,-1.1200000047683716
25.583732818,842346864585867936,842346865265833528,34,141,34790984000000,2026-09-10T09:13:40.400970+00:00,interpolated,-2.17000000923872,1.3300000056624413,-1.1900000050663948
25.602620751,842346864604755869,842346865265833528,34,142,34790984000000,2026-09-10T09:13:40.400970+00:00,interpolated,-2.240000009536743,1.3300000056624413,-1.1900000050663948
25.621508685,842346864623643803,842346865265833528,34,143,34790984000000,2026-09-10T09:13:40.400970+00:00,interpolated,-2.3100000098347664,1.3300000056624413,-1.1900000050663948
25.640396618,842346864642531736,842346865265833528,34,144,34790984000000,2026-09-10T09:13:40.400970+00:00,interpolated,-2.17000000923872,1.3300000056624413,-1.1900000050663948
25.659284551,842346864661419669,842346865265833528,34,145,34790984000000,2026-09-10T09:13:40.400970+00:00,interpolated,-2.3100000098347664,1.3300000056624413,-1.1200000047683716
25.678172484,842346864680307602,842346865265833528,34,146,34790984000000,2026-09-10T09:13:40.400970+00:00,interpolated,-2.240000009536743,1.260000005364418,-1.1900000050663948
25.697060417,842346864699195535,842346865265833528,34,147,34790984000000,2026-09-10T09:13:40.400970+00:00,interpolated,-2.240000009536743,1.1900000050663948,-1.1200000047683716
25.71594835,842346864718083468,842346865265833528,34,148,34790984000000,2026-09-10T09:13:40.400970+00:00,interpolated,-2.3100000098347664,1.3300000056624413,-1.1200000047683716
25.734836283,842346864736971401,842346865265833528,34,149,34790984000000,2026-09-10T09:13:40.400970+00:00,interpolated,-2.240000009536743,1.3300000056624413,-1.1200000047683716
25.753724216,842346864755859334,842346865265833528,34,150,34790984000000,2026-09-10T09:13:40.400970+00:00,interpolated,-2.240000009536743,1.3300000056624413,-1.1200000047683716
25.772612149,842346864774747267,842346865265833528,34,151,34790984000000,2026-09-10T09:13:40.400970+00:00,interpolated,-2.240000009536743,1.3300000056624413,-1.1900000050663948
25.791500082,842346864793635200,842346865265833528,34,152,34790984000000,2026-09-10T09:13:40.400970+00:00,interpolated,-2.17000000923872,1.260000005364418,-1.1200000047683716
25.810388016,842346864812523134,842346865265833528,34,153,34790984000000,2026-09-10T09:13:40.400970+00:00,interpolated,-2.3800000101327896,1.3300000056624413,-1.1900000050663948
25.829275949,842346864831411067,842346865265833528,34,154,34790984000000,2026-09-10T09:13:40.400970+00:00,interpolated,-2.240000009536743,1.3300000056624413,-1.1900000050663948
25.848163882,842346864850299000,842346865265833528,34,155,34790984000000,2026-09-10T09:13:40.400970+00:00,interpolated,-2.240000009536743,1.3300000056624413,-1.1200000047683716
25.867051815,842346864869186933,842346865265833528,34,156,34790984000000,2026-09-10T09:13:40.400970+00:00,interpolated,-2.240000009536743,1.3300000056624413,-1.1200000047683716
25.885939748,842346864888074866,842346865265833528,34,157,34790984000000,2026-09-10T09:13:40.400970+00:00,interpolated,-2.240000009536743,1.260000005364418,-1.1900000050663948
25.904827681,842346864906962799,842346865265833528,34,158,34790984000000,2026-09-10T09:13:40.400970+00:00,interpolated,-2.17000000923872,1.3300000056624413,-1.1200000047683716
25.923715614,842346864925850732,842346865265833528,34,159,34790984000000,2026-09-10T09:13:40.400970+00:00,interpolated,-2.520000010728836,1.4000000059604645,-1.1900000050663948
25.942603547,842346864944738665,842346865265833528,34,160,34790984000000,2026-09-10T09:13:40.400970+00:00,interpolated,-2.0300000086426735,1.1900000050663948,-1.1200000047683716
25.96149148,842346864963626598,842346865265833528,34,161,34790984000000,2026-09-10T09:13:40.400970+00:00,interpolated,-2.450000010430813,1.3300000056624413,-1.1900000050663948
25.980379413,842346864982514531,842346865265833528,34,162,34790984000000,2026-09-10T09:13:40.400970+00:00,interpolated,-2.240000009536743,1.3300000056624413,-1.1900000050663948
25.999267347,842346865001402465,842346865265833528,34,163,34790984000000,2026-09-10T09:13:40.400970+00:00,interpolated,-2.1000000089406967,1.260000005364418,-1.1200000047683716
26.01815528,842346865020290398,842346865265833528,34,164,34790984000000,2026-09-10T09:13:40.400970+00:00,interpolated,-2.0300000086426735,1.1900000050663948,-1.1200000047683716
26.037043213,842346865039178331,842346865265833528,34,165,34790984000000,2026-09-10T09:13:40.400970+00:00,interpolated,-2.3800000101327896,1.3300000056624413,-1.1200000047683716
26.055931146,842346865058066264,842346865265833528,34,166,34790984000000,2026-09-10T09:13:40.400970+00:00,interpolated,-2.3100000098347664,1.3300000056624413,-1.1900000050663948
26.074819079,842346865076954197,842346865265833528,34,167,34790984000000,2026-09-10T09:13:40.400970+00:00,interpolated,-2.1000000089406967,1.3300000056624413,-1.1900000050663948
26.093707012,842346865095842130,842346865265833528,34,168,34790984000000,2026-09-10T09:13:40.400970+00:00,interpolated,-2.3100000098347664,1.3300000056624413,-1.1900000050663948
26.112594945,842346865114730063,842346865265833528,34,169,34790984000000,2026-09-10T09:13:40.400970+00:00,interpolated,-2.3100000098347664,1.3300000056624413,-1.1900000050663948
26.131482878,842346865133617996,842346865265833528,34,170,34790984000000,2026-09-10T09:13:40.400970+00:00,interpolated,-2.240000009536743,1.260000005364418,-1.1200000047683716
26.150370811,842346865152505929,842346865265833528,34,171,34790984000000,2026-09-10T09:13:40.400970+00:00,interpolated,-2.0300000086426735,1.1200000047683716,-1.0500000044703484
26.169258744,842346865171393862,842346865265833528,34,172,34790984000000,2026-09-10T09:13:40.400970+00:00,interpolated,-2.3100000098347664,1.1900000050663948,-1.1200000047683716
26.188146678,842346865190281796,842346865265833528,34,173,34790984000000,2026-09-10T09:13:40.400970+00:00,interpolated,-2.17000000923872,1.3300000056624413,-1.1900000050663948
26.207034611,842346865209169729,842346865265833528,34,174,34790984000000,2026-09-10T09:13:40.400970+00:00,interpolated,-2.240000009536743,1.3300000056624413,-1.1900000050663948
26.225922544,842346865228057662,842346865265833528,34,175,34790984000000,2026-09-10T09:13:40.400970+00:00,interpolated,-2.240000009536743,1.3300000056624413,-1.1900000050663948
26.244810477,842346865246945595,842346865265833528,34,176,34790984000000,2026-09-10T09:13:40.400970+00:00,interpolated,-2.3800000101327896,1.4000000059604645,-1.1900000050663948
26.26369841,842346865265833528,842346865265833528,34,177,34790984000000,2026-09-10T09:13:40.400970+00:00,interpolated,-2.240000009536743,1.260000005364418,-1.1200000047683716
26.282586339,842346865284721457,842346868665660800,41,0,34794312000000,2026-09-10T09:13:43.731359+00:00,interpolated,-2.240000009536743,1.260000005364418,-1.1900000050663948
26.301474269,842346865303609387,842346868665660800,41,1,34794312000000,2026-09-10T09:13:43.731359+00:00,interpolated,-2.0300000086426735,1.1900000050663948,-1.1200000047683716
26.320362198,842346865322497316,842346868665660800,41,2,34794312000000,2026-09-10T09:13:43.731359+00:00,interpolated,-2.3100000098347664,1.260000005364418,-1.1200000047683716
26.339250127,842346865341385245,842346868665660800,41,3,34794312000000,2026-09-10T09:13:43.731359+00:00,interpolated,-2.17000000923872,1.1900000050663948,-1.1900000050663948
26.358138056,842346865360273174,842346868665660800,41,4,34794312000000,2026-09-10T09:13:43.731359+00:00,interpolated,-2.240000009536743,1.260000005364418,-1.1900000050663948
26.377025986,842346865379161104,842346868665660800,41,5,34794312000000,2026-09-10T09:13:43.731359+00:00,interpolated,-2.3100000098347664,1.3300000056624413,-1.1900000050663948
26.395913915,842346865398049033,842346868665660800,41,6,34794312000000,2026-09-10T09:13:43.731359+00:00,interpolated,-2.3800000101327896,1.3300000056624413,-1.1900000050663948
26.414801844,842346865416936962,842346868665660800,41,7,34794312000000,2026-09-10T09:13:43.731359+00:00,interpolated,-2.17000000923872,1.260000005364418,-1.1200000047683716
26.433689774,842346865435824892,842346868665660800,41,8,34794312000000,2026-09-10T09:13:43.731359+00:00,interpolated,-2.17000000923872,1.260000005364418,-1.1200000047683716
26.452577703,842346865454712821,842346868665660800,41,9,34794312000000,2026-09-10T09:13:43.731359+00:00,interpolated,-2.17000000923872,1.260000005364418,-1.1200000047683716
26.471465632,842346865473600750,842346868665660800,41,10,34794312000000,2026-09-10T09:13:43.731359+00:00,interpolated,-2.240000009536743,1.1900000050663948,-1.1200000047683716
26.490353561,842346865492488679,842346868665660800,41,11,34794312000000,2026-09-10T09:13:43.731359+00:00,interpolated,-2.17000000923872,1.260000005364418,-1.1200000047683716
26.509241491,842346865511376609,842346868665660800,41,12,34794312000000,2026-09-10T09:13:43.731359+00:00,interpolated,-2.3100000098347664,1.3300000056624413,-1.1900000050663948
26.52812942,842346865530264538,842346868665660800,41,13,34794312000000,2026-09-10T09:13:43.731359+00:00,interpolated,-2.3100000098347664,1.4000000059604645,-1.1200000047683716
26.547017349,842346865549152467,842346868665660800,41,14,34794312000000,2026-09-10T09:13:43.731359+00:00,interpolated,-2.240000009536743,1.3300000056624413,-1.1900000050663948
26.565905279,842346865568040397,842346868665660800,41,15,34794312000000,2026-09-10T09:13:43.731359+00:00,interpolated,-2.3100000098347664,1.3300000056624413,-1.1200000047683716
26.584793208,842346865586928326,842346868665660800,41,16,34794312000000,2026-09-10T09:13:43.731359+00:00,interpolated,-2.240000009536743,1.260000005364418,-1.1900000050663948
26.603681137,842346865605816255,842346868665660800,41,17,34794312000000,2026-09-10T09:13:43.731359+00:00,interpolated,-2.17000000923872,1.260000005364418,-1.1200000047683716
26.622569066,842346865624704184,842346868665660800,41,18,34794312000000,2026-09-10T09:13:43.731359+00:00,interpolated,-2.1000000089406967,1.260000005364418,-1.1200000047683716
26.641456996,842346865643592114,842346868665660800,41,19,34794312000000,2026-09-10T09:13:43.731359+00:00,interpolated,-2.240000009536743,1.260000005364418,-1.1200000047683716
26.660344925,842346865662480043,842346868665660800,41,20,34794312000000,2026-09-10T09:13:43.731359+00:00,interpolated,-2.17000000923872,1.260000005364418,-1.1200000047683716
26.679232854,842346865681367972,842346868665660800,41,21,34794312000000,2026-09-10T09:13:43.731359+00:00,interpolated,-2.3800000101327896,1.3300000056624413,-1.1900000050663948
26.698120784,842346865700255902,842346868665660800,41,22,34794312000000,2026-09-10T09:13:43.731359+00:00,interpolated,-2.240000009536743,1.3300000056624413,-1.1200000047683716
26.717008713,842346865719143831,842346868665660800,41,23,34794312000000,2026-09-10T09:13:43.731359+00:00,interpolated,-2.3800000101327896,1.3300000056624413,-1.1900000050663948
26.735896642,842346865738031760,842346868665660800,41,24,34794312000000,2026-09-10T09:13:43.731359+00:00,interpolated,-2.17000000923872,1.260000005364418,-1.1900000050663948
26.754784572,842346865756919690,842346868665660800,41,25,34794312000000,2026-09-10T09:13:43.731359+00:00,interpolated,-2.3100000098347664,1.260000005364418,-1.1200000047683716
26.773672501,842346865775807619,842346868665660800,41,26,34794312000000,2026-09-10T09:13:43.731359+00:00,interpolated,-2.17000000923872,1.1200000047683716,-1.1200000047683716
26.79256043,842346865794695548,842346868665660800,41,27,34794312000000,2026-09-10T09:13:43.731359+00:00,interpolated,-2.3800000101327896,1.3300000056624413,-1.1200000047683716
26.811448359,842346865813583477,842346868665660800,41,28,34794312000000,2026-09-10T09:13:43.731359+00:00,interpolated,-2.17000000923872,1.260000005364418,-1.1200000047683716
26.830336289,842346865832471407,842346868665660800,41,29,34794312000000,2026-09-10T09:13:43.731359+00:00,interpolated,-2.240000009536743,1.3300000056624413,-1.1900000050663948
26.849224218,842346865851359336,842346868665660800,41,30,34794312000000,2026-09-10T09:13:43.731359+00:00,interpolated,-2.3100000098347664,1.4000000059604645,-1.1900000050663948
26.868112147,842346865870247265,842346868665660800,41,31,34794312000000,2026-09-10T09:13:43.731359+00:00,interpolated,-2.240000009536743,1.3300000056624413,-1.1200000047683716
26.887000077,842346865889135195,842346868665660800,41,32,34794312000000,2026-09-10T09:13:43.731359+00:00,interpolated,-2.240000009536743,1.260000005364418,-1.1200000047683716
26.905888006,842346865908023124,842346868665660800,41,33,34794312000000,2026-09-10T09:13:43.731359+00:00,interpolated,-2.3100000098347664,1.260000005364418,-1.1200000047683716
26.924775935,842346865926911053,842346868665660800,41,34,34794312000000,2026-09-10T09:13:43.731359+00:00,interpolated,-2.17000000923872,1.260000005364418,-1.1200000047683716
26.943663864,842346865945798982,842346868665660800,41,35,34794312000000,2026-09-10T09:13:43.731359+00:00,interpolated,-2.240000009536743,1.3300000056624413,-1.1900000050663948
26.962551794,842346865964686912,842346868665660800,41,36,34794312000000,2026-09-10T09:13:43.731359+00:00,interpolated,-2.1000000089406967,1.260000005364418,-1.1900000050663948
26.981439723,842346865983574841,842346868665660800,41,37,34794312000000,2026-09-10T09:13:43.731359+00:00,interpolated,-2.3100000098347664,1.4000000059604645,-1.1900000050663948
27.000327652,842346866002462770,842346868665660800,41,38,34794312000000,2026-09-10T09:13:43.731359+00:00,interpolated,-2.17000000923872,1.3300000056624413,-1.1900000050663948
27.019215582,842346866021350700,842346868665660800,41,39,34794312000000,2026-09-10T09:13:43.731359+00:00,interpolated,-2.3800000101327896,1.3300000056624413,-1.1900000050663948
27.038103511,842346866040238629,842346868665660800,41,40,34794312000000,2026-09-10T09:13:43.731359+00:00,interpolated,-2.240000009536743,1.260000005364418,-1.1900000050663948
27.05699144,842346866059126558,842346868665660800,41,41,34794312000000,2026-09-10T09:13:43.731359+00:00,interpolated,-2.240000009536743,1.260000005364418,-1.1200000047683716
27.075879369,842346866078014487,842346868665660800,41,42,34794312000000,2026-09-10T09:13:43.731359+00:00,interpolated,-2.17000000923872,1.260000005364418,-1.1200000047683716
27.094767299,842346866096902417,842346868665660800,41,43,34794312000000,2026-09-10T09:13:43.731359+00:00,interpolated,-2.17000000923872,1.260000005364418,-1.1900000050663948
27.113655228,842346866115790346,842346868665660800,41,44,34794312000000,2026-09-10T09:13:43.731359+00:00,interpolated,-2.17000000923872,1.260000005364418,-1.1200000047683716
27.132543157,842346866134678275,842346868665660800,41,45,34794312000000,2026-09-10T09:13:43.731359+00:00,interpolated,-2.240000009536743,1.3300000056624413,-1.1200000047683716
27.151431087,842346866153566205,842346868665660800,41,46,34794312000000,2026-09-10T09:13:43.731359+00:00,interpolated,-2.240000009536743,1.3300000056624413,-1.1200000047683716
27.170319016,842346866172454134,842346868665660800,41,47,34794312000000,2026-09-10T09:13:43.731359+00:00,interpolated,-2.240000009536743,1.4000000059604645,-1.1900000050663948
27.189206945,842346866191342063,842346868665660800,41,48,34794312000000,2026-09-10T09:13:43.731359+00:00,interpolated,-2.240000009536743,1.3300000056624413,-1.1900000050663948
27.208094874,842346866210229992,842346868665660800,41,49,34794312000000,2026-09-10T09:13:43.731359+00:00,interpolated,-2.240000009536743,1.260000005364418,-1.1200000047683716
27.226982804,842346866229117922,842346868665660800,41,50,34794312000000,2026-09-10T09:13:43.731359+00:00,interpolated,-2.17000000923872,1.260000005364418,-1.1200000047683716
27.245870733,842346866248005851,842346868665660800,41,51,34794312000000,2026-09-10T09:13:43.731359+00:00,interpolated,-2.240000009536743,1.1900000050663948,-1.1200000047683716
27.264758662,842346866266893780,842346868665660800,41,52,34794312000000,2026-09-10T09:13:43.731359+00:00,interpolated,-2.240000009536743,1.260000005364418,-1.1200000047683716
27.283646592,842346866285781710,842346868665660800,41,53,34794312000000,2026-09-10T09:13:43.731359+00:00,interpolated,-2.240000009536743,1.260000005364418,-1.1900000050663948
27.302534521,842346866304669639,842346868665660800,41,54,34794312000000,2026-09-10T09:13:43.731359+00:00,interpolated,-2.240000009536743,1.3300000056624413,-1.1200000047683716
27.32142245,842346866323557568,842346868665660800,41,55,34794312000000,2026-09-10T09:13:43.731359+00:00,interpolated,-2.3100000098347664,1.3300000056624413,-1.1200000047683716
27.340310379,842346866342445497,842346868665660800,41,56,34794312000000,2026-09-10T09:13:43.731359+00:00,interpolated,-2.240000009536743,1.3300000056624413,-1.1900000050663948
27.359198309,842346866361333427,842346868665660800,41,57,34794312000000,2026-09-10T09:13:43.731359+00:00,interpolated,-2.240000009536743,1.3300000056624413,-1.1200000047683716
27.378086238,842346866380221356,842346868665660800,41,58,34794312000000,2026-09-10T09:13:43.731359+00:00,interpolated,-2.17000000923872,1.3300000056624413,-1.1900000050663948
27.396974167,842346866399109285,842346868665660800,41,59,34794312000000,2026-09-10T09:13:43.731359+00:00,interpolated,-2.17000000923872,1.260000005364418,-1.1200000047683716
27.415862097,842346866417997215,842346868665660800,41,60,34794312000000,2026-09-10T09:13:43.731359+00:00,interpolated,-2.240000009536743,1.3300000056624413,-1.1900000050663948
27.434750026,842346866436885144,842346868665660800,41,61,34794312000000,2026-09-10T09:13:43.731359+00:00,interpolated,-2.17000000923872,1.260000005364418,-1.1900000050663948
27.453637955,842346866455773073,842346868665660800,41,62,34794312000000,2026-09-10T09:13:43.731359+00:00,interpolated,-2.3100000098347664,1.260000005364418,-1.1900000050663948
27.472525884,842346866474661002,842346868665660800,41,63,34794312000000,2026-09-10T09:13:43.731359+00:00,interpolated,-2.17000000923872,1.260000005364418,-1.1200000047683716
27.491413814,842346866493548932,842346868665660800,41,64,34794312000000,2026-09-10T09:13:43.731359+00:00,interpolated,-2.3100000098347664,1.260000005364418,-1.1200000047683716
27.510301743,842346866512436861,842346868665660800,41,65,34794312000000,2026-09-10T09:13:43.731359+00:00,interpolated,-2.3100000098347664,1.3300000056624413,-1.1200000047683716
27.529189672,842346866531324790,842346868665660800,41,66,34794312000000,2026-09-10T09:13:43.731359+00:00,interpolated,-2.240000009536743,1.260000005364418,-1.1200000047683716
27.548077602,842346866550212720,842346868665660800,41,67,34794312000000,2026-09-10T09:13:43.731359+00:00,interpolated,-2.240000009536743,1.260000005364418,-1.1200000047683716
27.566965531,842346866569100649,842346868665660800,41,68,34794312000000,2026-09-10T09:13:43.731359+00:00,interpolated,-2.240000009536743,1.260000005364418,-1.1200000047683716
27.58585346,842346866587988578,842346868665660800,41,69,34794312000000,2026-09-10T09:13:43.731359+00:00,interpolated,-2.3100000098347664,1.260000005364418,-1.1200000047683716
27.60474139,842346866606876508,842346868665660800,41,70,34794312000000,2026-09-10T09:13:43.731359+00:00,interpolated,-2.17000000923872,1.1900000050663948,-1.1200000047683716
27.623629319,842346866625764437,842346868665660800,41,71,34794312000000,2026-09-10T09:13:43.731359+00:00,interpolated,-2.240000009536743,1.260000005364418,-1.1200000047683716
27.642517248,842346866644652366,842346868665660800,41,72,34794312000000,2026-09-10T09:13:43.731359+00:00,interpolated,-2.240000009536743,1.260000005364418,-1.1200000047683716
27.661405177,842346866663540295,842346868665660800,41,73,34794312000000,2026-09-10T09:13:43.731359+00:00,interpolated,-2.17000000923872,1.260000005364418,-1.1200000047683716
27.680293107,842346866682428225,842346868665660800,41,74,34794312000000,2026-09-10T09:13:43.731359+00:00,interpolated,-2.17000000923872,1.260000005364418,-1.1900000050663948
27.699181036,842346866701316154,842346868665660800,41,75,34794312000000,2026-09-10T09:13:43.731359+00:00,interpolated,-2.240000009536743,1.3300000056624413,-1.1900000050663948
27.718068965,842346866720204083,842346868665660800,41,76,34794312000000,2026-09-10T09:13:43.731359+00:00,interpolated,-2.240000009536743,1.1900000050663948,-1.1900000050663948
27.736956895,842346866739092013,842346868665660800,41,77,34794312000000,2026-09-10T09:13:43.731359+00:00,interpolated,-2.3100000098347664,1.260000005364418,-1.1200000047683716
27.755844824,842346866757979942,842346868665660800,41,78,34794312000000,2026-09-10T09:13:43.731359+00:00,interpolated,-2.240000009536743,1.260000005364418,-1.1900000050663948
27.774732753,842346866776867871,842346868665660800,41,79,34794312000000,2026-09-10T09:13:43.731359+00:00,interpolated,-2.240000009536743,1.260000005364418,-1.1200000047683716
27.793620682,842346866795755800,842346868665660800,41,80,34794312000000,2026-09-10T09:13:43.731359+00:00,interpolated,-2.17000000923872,1.260000005364418,-1.1900000050663948
27.812508612,842346866814643730,842346868665660800,41,81,34794312000000,2026-09-10T09:13:43.731359+00:00,interpolated,-2.17000000923872,1.260000005364418,-1.1900000050663948
27.831396541,842346866833531659,842346868665660800,41,82,34794312000000,2026-09-10T09:13:43.731359+00:00,interpolated,-2.17000000923872,1.260000005364418,-1.1200000047683716
27.85028447,842346866852419588,842346868665660800,41,83,34794312000000,2026-09-10T09:13:43.731359+00:00,interpolated,-2.240000009536743,1.260000005364418,-1.1200000047683716
27.8691724,842346866871307518,842346868665660800,41,84,34794312000000,2026-09-10T09:13:43.731359+00:00,interpolated,-2.17000000923872,1.1900000050663948,-1.1900000050663948
27.888060329,842346866890195447,842346868665660800,41,85,34794312000000,2026-09-10T09:13:43.731359+00:00,interpolated,-2.240000009536743,1.3300000056624413,-1.1200000047683716
27.906948258,842346866909083376,842346868665660800,41,86,34794312000000,2026-09-10T09:13:43.731359+00:00,interpolated,-2.240000009536743,1.3300000056624413,-1.1200000047683716
27.925836187,842346866927971305,842346868665660800,41,87,34794312000000,2026-09-10T09:13:43.731359+00:00,interpolated,-2.3100000098347664,1.260000005364418,-1.1200000047683716
27.944724117,842346866946859235,842346868665660800,41,88,34794312000000,2026-09-10T09:13:43.731359+00:00,interpolated,-2.240000009536743,1.260000005364418,-1.1200000047683716
27.963612046,842346866965747164,842346868665660800,41,89,34794312000000,2026-09-10T09:13:43.731359+00:00,interpolated,-2.240000009536743,1.260000005364418,-1.1900000050663948
27.982499975,842346866984635093,842346868665660800,41,90,34794312000000,2026-09-10T09:13:43.731359+00:00,interpolated,-2.240000009536743,1.3300000056624413,-1.1900000050663948
28.001387905,842346867003523023,842346868665660800,41,91,34794312000000,2026-09-10T09:13:43.731359+00:00,interpolated,-2.1000000089406967,1.260000005364418,-1.1200000047683716
28.020275834,842346867022410952,842346868665660800,41,92,34794312000000,2026-09-10T09:13:43.731359+00:00,interpolated,-2.240000009536743,1.260000005364418,-1.1200000047683716
28.039163763,842346867041298881,842346868665660800,41,93,34794312000000,2026-09-10T09:13:43.731359+00:00,interpolated,-2.3100000098347664,1.3300000056624413,-1.1200000047683716
28.058051692,842346867060186810,842346868665660800,41,94,34794312000000,2026-09-10T09:13:43.731359+00:00,interpolated,-2.240000009536743,1.3300000056624413,-1.1900000050663948
28.076939622,842346867079074740,842346868665660800,41,95,34794312000000,2026-09-10T09:13:43.731359+00:00,interpolated,-2.240000009536743,1.3300000056624413,-1.1200000047683716
28.095827551,842346867097962669,842346868665660800,41,96,34794312000000,2026-09-10T09:13:43.731359+00:00,interpolated,-2.17000000923872,1.3300000056624413,-1.1900000050663948
28.11471548,842346867116850598,842346868665660800,41,97,34794312000000,2026-09-10T09:13:43.731359+00:00,interpolated,-2.240000009536743,1.3300000056624413,-1.1900000050663948
28.13360341,842346867135738528,842346868665660800,41,98,34794312000000,2026-09-10T09:13:43.731359+00:00,interpolated,-2.240000009536743,1.3300000056624413,-1.1200000047683716
28.152491339,842346867154626457,842346868665660800,41,99,34794312000000,2026-09-10T09:13:43.731359+00:00,interpolated,-2.240000009536743,1.260000005364418,-1.1200000047683716
28.171379268,842346867173514386,842346868665660800,41,100,34794312000000,2026-09-10T09:13:43.731359+00:00,interpolated,-2.240000009536743,1.260000005364418,-1.1200000047683716
28.190267197,842346867192402315,842346868665660800,41,101,34794312000000,2026-09-10T09:13:43.731359+00:00,interpolated,-2.17000000923872,1.260000005364418,-1.1200000047683716
28.209155127,842346867211290245,842346868665660800,41,102,34794312000000,2026-09-10T09:13:43.731359+00:00,interpolated,-2.240000009536743,1.260000005364418,-1.1200000047683716
28.228043056,842346867230178174,842346868665660800,41,103,34794312000000,2026-09-10T09:13:43.731359+00:00,interpolated,-2.3100000098347664,1.3300000056624413,-1.1200000047683716
28.246930985,842346867249066103,842346868665660800,41,104,34794312000000,2026-09-10T09:13:43.731359+00:00,interpolated,-2.240000009536743,1.3300000056624413,-1.1200000047683716
28.265818915,842346867267954033,842346868665660800,41,105,34794312000000,2026-09-10T09:13:43.731359+00:00,interpolated,-2.240000009536743,1.3300000056624413,-1.1900000050663948
28.284706844,842346867286841962,842346868665660800,41,106,34794312000000,2026-09-10T09:13:43.731359+00:00,interpolated,-2.240000009536743,1.260000005364418,-1.1900000050663948
28.303594773,842346867305729891,842346868665660800,41,107,34794312000000,2026-09-10T09:13:43.731359+00:00,interpolated,-2.17000000923872,1.260000005364418,-1.1200000047683716
28.322482702,842346867324617820,842346868665660800,41,108,34794312000000,2026-09-10T09:13:43.731359+00:00,interpolated,-2.240000009536743,1.260000005364418,-1.1200000047683716
28.341370632,842346867343505750,842346868665660800,41,109,34794312000000,2026-09-10T09:13:43.731359+00:00,interpolated,-2.17000000923872,1.260000005364418,-1.1200000047683716
28.360258561,842346867362393679,842346868665660800,41,110,34794312000000,2026-09-10T09:13:43.731359+00:00,interpolated,-2.3100000098347664,1.260000005364418,-1.1200000047683716
28.37914649,842346867381281608,842346868665660800,41,111,34794312000000,2026-09-10T09:13:43.731359+00:00,interpolated,-2.3100000098347664,1.3300000056624413,-1.1200000047683716
28.39803442,842346867400169538,842346868665660800,41,112,34794312000000,2026-09-10T09:13:43.731359+00:00,interpolated,-2.240000009536743,1.260000005364418,-1.1200000047683716
28.416922349,842346867419057467,842346868665660800,41,113,34794312000000,2026-09-10T09:13:43.731359+00:00,interpolated,-2.3100000098347664,1.260000005364418,-1.1200000047683716
28.435810278,842346867437945396,842346868665660800,41,114,34794312000000,2026-09-10T09:13:43.731359+00:00,interpolated,-2.240000009536743,1.260000005364418,-1.1200000047683716
28.454698208,842346867456833326,842346868665660800,41,115,34794312000000,2026-09-10T09:13:43.731359+00:00,interpolated,-2.17000000923872,1.260000005364418,-1.1200000047683716
28.473586137,842346867475721255,842346868665660800,41,116,34794312000000,2026-09-10T09:13:43.731359+00:00,interpolated,-2.240000009536743,1.260000005364418,-1.1200000047683716
28.492474066,842346867494609184,842346868665660800,41,117,34794312000000,2026-09-10T09:13:43.731359+00:00,interpolated,-2.240000009536743,1.260000005364418,-1.1200000047683716
28.511361995,842346867513497113,842346868665660800,41,118,34794312000000,2026-09-10T09:13:43.731359+00:00,interpolated,-2.240000009536743,1.3300000056624413,-1.1900000050663948
28.530249925,842346867532385043,842346868665660800,41,119,34794312000000,2026-09-10T09:13:43.731359+00:00,interpolated,-2.240000009536743,1.3300000056624413,-1.1900000050663948
28.549137854,842346867551272972,842346868665660800,41,120,34794312000000,2026-09-10T09:13:43.731359+00:00,interpolated,-2.240000009536743,1.3300000056624413,-1.1900000050663948
28.568025783,842346867570160901,842346868665660800,41,121,34794312000000,2026-09-10T09:13:43.731359+00:00,interpolated,-2.240000009536743,1.3300000056624413,-1.1200000047683716
28.586913713,842346867589048831,842346868665660800,41,122,34794312000000,2026-09-10T09:13:43.731359+00:00,interpolated,-2.17000000923872,1.260000005364418,-1.1900000050663948
28.605801642,842346867607936760,842346868665660800,41,123,34794312000000,2026-09-10T09:13:43.731359+00:00,interpolated,-2.240000009536743,1.3300000056624413,-1.1900000050663948
28.624689571,842346867626824689,842346868665660800,41,124,34794312000000,2026-09-10T09:13:43.731359+00:00,interpolated,-2.17000000923872,1.3300000056624413,-1.1900000050663948
28.6435775,842346867645712618,842346868665660800,41,125,34794312000000,2026-09-10T09:13:43.731359+00:00,interpolated,-2.240000009536743,1.260000005364418,-1.1200000047683716
28.66246543,842346867664600548,842346868665660800,41,126,34794312000000,2026-09-10T09:13:43.731359+00:00,interpolated,-2.240000009536743,1.3300000056624413,-1.1200000047683716
28.681353359,842346867683488477,842346868665660800,41,127,34794312000000,2026-09-10T09:13:43.731359+00:00,interpolated,-2.240000009536743,1.260000005364418,-1.1900000050663948
28.700241288,842346867702376406,842346868665660800,41,128,34794312000000,2026-09-10T09:13:43.731359+00:00,interpolated,-2.240000009536743,1.260000005364418,-1.1200000047683716
28.719129218,842346867721264336,842346868665660800,41,129,34794312000000,2026-09-10T09:13:43.731359+00:00,interpolated,-2.17000000923872,1.3300000056624413,-1.1900000050663948
28.738017147,842346867740152265,842346868665660800,41,130,34794312000000,2026-09-10T09:13:43.731359+00:00,interpolated,-2.240000009536743,1.3300000056624413,-1.1200000047683716
28.756905076,842346867759040194,842346868665660800,41,131,34794312000000,2026-09-10T09:13:43.731359+00:00,interpolated,-2.3100000098347664,1.3300000056624413,-1.1200000047683716
28.775793005,842346867777928123,842346868665660800,41,132,34794312000000,2026-09-10T09:13:43.731359+00:00,interpolated,-2.17000000923872,1.260000005364418,-1.1900000050663948
28.794680935,842346867796816053,842346868665660800,41,133,34794312000000,2026-09-10T09:13:43.731359+00:00,interpolated,-2.240000009536743,1.260000005364418,-1.1900000050663948
28.813568864,842346867815703982,842346868665660800,41,134,34794312000000,2026-09-10T09:13:43.731359+00:00,interpolated,-2.240000009536743,1.3300000056624413,-1.1200000047683716
28.832456793,842346867834591911,842346868665660800,41,135,34794312000000,2026-09-10T09:13:43.731359+00:00,interpolated,-2.17000000923872,1.260000005364418,-1.1200000047683716
28.851344723,842346867853479841,842346868665660800,41,136,34794312000000,2026-09-10T09:13:43.731359+00:00,interpolated,-2.240000009536743,1.3300000056624413,-1.1200000047683716
28.870232652,842346867872367770,842346868665660800,41,137,34794312000000,2026-09-10T09:13:43.731359+00:00,interpolated,-2.17000000923872,1.260000005364418,-1.1200000047683716
28.889120581,842346867891255699,842346868665660800,41,138,34794312000000,2026-09-10T09:13:43.731359+00:00,interpolated,-2.240000009536743,1.3300000056624413,-1.1200000047683716
28.90800851,842346867910143628,842346868665660800,41,139,34794312000000,2026-09-10T09:13:43.731359+00:00,interpolated,-2.240000009536743,1.260000005364418,-1.1900000050663948
28.92689644,842346867929031558,842346868665660800,41,140,34794312000000,2026-09-10T09:13:43.731359+00:00,interpolated,-2.240000009536743,1.260000005364418,-1.1200000047683716
28.945784369,842346867947919487,842346868665660800,41,141,34794312000000,2026-09-10T09:13:43.731359+00:00,interpolated,-2.240000009536743,1.3300000056624413,-1.1900000050663948
28.964672298,842346867966807416,842346868665660800,41,142,34794312000000,2026-09-10T09:13:43.731359+00:00,interpolated,-2.240000009536743,1.3300000056624413,-1.1900000050663948
28.983560228,842346867985695346,842346868665660800,41,143,34794312000000,2026-09-10T09:13:43.731359+00:00,interpolated,-2.3100000098347664,1.3300000056624413,-1.1900000050663948
29.002448157,842346868004583275,842346868665660800,41,144,34794312000000,2026-09-10T09:13:43.731359+00:00,interpolated,-2.240000009536743,1.3300000056624413,-1.1200000047683716
29.021336086,842346868023471204,842346868665660800,41,145,34794312000000,2026-09-10T09:13:43.731359+00:00,interpolated,-2.240000009536743,1.260000005364418,-1.1900000050663948
29.040224015,842346868042359133,842346868665660800,41,146,34794312000000,2026-09-10T09:13:43.731359+00:00,interpolated,-2.240000009536743,1.260000005364418,-1.1200000047683716
29.059111945,842346868061247063,842346868665660800,41,147,34794312000000,2026-09-10T09:13:43.731359+00:00,interpolated,-2.240000009536743,1.260000005364418,-1.1200000047683716
29.077999874,842346868080134992,842346868665660800,41,148,34794312000000,2026-09-10T09:13:43.731359+00:00,interpolated,-2.3100000098347664,1.260000005364418,-1.1200000047683716
29.096887803,842346868099022921,842346868665660800,41,149,34794312000000,2026-09-10T09:13:43.731359+00:00,interpolated,-2.240000009536743,1.260000005364418,-1.1200000047683716
29.115775733,842346868117910851,842346868665660800,41,150,34794312000000,2026-09-10T09:13:43.731359+00:00,interpolated,-2.240000009536743,1.3300000056624413,-1.1900000050663948
29.134663662,842346868136798780,842346868665660800,41,151,34794312000000,2026-09-10T09:13:43.731359+00:00,interpolated,-2.3100000098347664,1.3300000056624413,-1.1900000050663948
29.153551591,842346868155686709,842346868665660800,41,152,34794312000000,2026-09-10T09:13:43.731359+00:00,interpolated,-2.240000009536743,1.3300000056624413,-1.1900000050663948
29.17243952,842346868174574638,842346868665660800,41,153,34794312000000,2026-09-10T09:13:43.731359+00:00,interpolated,-2.240000009536743,1.3300000056624413,-1.1200000047683716
29.19132745,842346868193462568,842346868665660800,41,154,34794312000000,2026-09-10T09:13:43.731359+00:00,interpolated,-2.240000009536743,1.3300000056624413,-1.1200000047683716
29.210215379,842346868212350497,842346868665660800,41,155,34794312000000,2026-09-10T09:13:43.731359+00:00,interpolated,-2.240000009536743,1.260000005364418,-1.1900000050663948
29.229103308,842346868231238426,842346868665660800,41,156,34794312000000,2026-09-10T09:13:43.731359+00:00,interpolated,-2.240000009536743,1.260000005364418,-1.1200000047683716
29.247991238,842346868250126356,842346868665660800,41,157,34794312000000,2026-09-10T09:13:43.731359+00:00,interpolated,-2.240000009536743,1.260000005364418,-1.1200000047683716
29.266879167,842346868269014285,842346868665660800,41,158,34794312000000,2026-09-10T09:13:43.731359+00:00,interpolated,-2.240000009536743,1.260000005364418,-1.1900000050663948
29.285767096,842346868287902214,842346868665660800,41,159,34794312000000,2026-09-10T09:13:43.731359+00:00,interpolated,-2.240000009536743,1.3300000056624413,-1.1900000050663948
29.304655026,842346868306790144,842346868665660800,41,160,34794312000000,2026-09-10T09:13:43.731359+00:00,interpolated,-2.17000000923872,1.3300000056624413,-1.1900000050663948
29.323542955,842346868325678073,842346868665660800,41,161,34794312000000,2026-09-10T09:13:43.731359+00:00,interpolated,-2.240000009536743,1.3300000056624413,-1.1200000047683716
29.342430884,842346868344566002,842346868665660800,41,162,34794312000000,2026-09-10T09:13:43.731359+00:00,interpolated,-2.17000000923872,1.3300000056624413,-1.1200000047683716
29.361318813,842346868363453931,842346868665660800,41,163,34794312000000,2026-09-10T09:13:43.731359+00:00,interpolated,-2.240000009536743,1.3300000056624413,-1.1900000050663948
29.380206743,842346868382341861,842346868665660800,41,164,34794312000000,2026-09-10T09:13:43.731359+00:00,interpolated,-2.240000009536743,1.3300000056624413,-1.1200000047683716
29.399094672,842346868401229790,842346868665660800,41,165,34794312000000,2026-09-10T09:13:43.731359+00:00,interpolated,-2.240000009536743,1.260000005364418,-1.1200000047683716
29.417982601,842346868420117719,842346868665660800,41,166,34794312000000,2026-09-10T09:13:43.731359+00:00,interpolated,-2.3100000098347664,1.260000005364418,-1.1200000047683716
29.436870531,842346868439005649,842346868665660800,41,167,34794312000000,2026-09-10T09:13:43.731359+00:00,interpolated,-2.240000009536743,1.260000005364418,-1.1900000050663948
29.45575846,842346868457893578,842346868665660800,41,168,34794312000000,2026-09-10T09:13:43.731359+00:00,interpolated,-2.240000009536743,1.260000005364418,-1.1900000050663948
29.474646389,842346868476781507,842346868665660800,41,169,34794312000000,2026-09-10T09:13:43.731359+00:00,interpolated,-2.3100000098347664,1.3300000056624413,-1.1900000050663948
29.493534318,842346868495669436,842346868665660800,41,170,34794312000000,2026-09-10T09:13:43.731359+00:00,interpolated,-2.240000009536743,1.260000005364418,-1.1200000047683716
29.512422248,842346868514557366,842346868665660800,41,171,34794312000000,2026-09-10T09:13:43.731359+00:00,interpolated,-2.240000009536743,1.3300000056624413,-1.1200000047683716
29.531310177,842346868533445295,842346868665660800,41,172,34794312000000,2026-09-10T09:13:43.731359+00:00,interpolated,-2.240000009536743,1.260000005364418,-1.1200000047683716
29.550198106,842346868552333224,842346868665660800,41,173,34794312000000,2026-09-10T09:13:43.731359+00:00,interpolated,-2.3100000098347664,1.260000005364418,-1.1900000050663948
29.569086036,842346868571221154,842346868665660800,41,174,34794312000000,2026-09-10T09:13:43.731359+00:00,interpolated,-2.240000009536743,1.3300000056624413,-1.1200000047683716
29.587973965,842346868590109083,842346868665660800,41,175,34794312000000,2026-09-10T09:13:43.731359+00:00,interpolated,-2.1000000089406967,1.1900000050663948,-1.1200000047683716
29.606861894,842346868608997012,842346868665660800,41,176,34794312000000,2026-09-10T09:13:43.731359+00:00,interpolated,-2.3800000101327896,1.3300000056624413,-1.1200000047683716
29.625749823,842346868627884941,842346868665660800,41,177,34794312000000,2026-09-10T09:13:43.731359+00:00,interpolated,-2.1000000089406967,1.260000005364418,-1.1200000047683716
29.644637753,842346868646772871,842346868665660800,41,178,34794312000000,2026-09-10T09:13:43.731359+00:00,interpolated,-2.3100000098347664,1.3300000056624413,-1.1900000050663948
29.663525682,842346868665660800,842346868665660800,41,179,34794312000000,2026-09-10T09:13:43.731359+00:00,interpolated,-2.240000009536743,1.260000005364418,-1.1200000047683716
29.682413663,842346868684548781,842346871612185908,46,0,34797281000000,2026-09-10T09:13:46.701803+00:00,interpolated,-2.3100000098347664,1.260000005364418,-1.1900000050663948
29.701301645,842346868703436763,842346871612185908,46,1,34797281000000,2026-09-10T09:13:46.701803+00:00,interpolated,-2.1000000089406967,1.1900000050663948,-1.1200000047683716
29.720189626,842346868722324744,842346871612185908,46,2,34797281000000,2026-09-10T09:13:46.701803+00:00,interpolated,-2.450000010430813,1.4000000059604645,-1.1900000050663948
29.739077608,842346868741212726,842346871612185908,46,3,34797281000000,2026-09-10T09:13:46.701803+00:00,interpolated,-2.1000000089406967,1.260000005364418,-1.1200000047683716
29.757965589,842346868760100707,842346871612185908,46,4,34797281000000,2026-09-10T09:13:46.701803+00:00,interpolated,-2.3100000098347664,1.3300000056624413,-1.1200000047683716
29.776853571,842346868778988689,842346871612185908,46,5,34797281000000,2026-09-10T09:13:46.701803+00:00,interpolated,-2.17000000923872,1.3300000056624413,-1.1900000050663948
29.795741552,842346868797876670,842346871612185908,46,6,34797281000000,2026-09-10T09:13:46.701803+00:00,interpolated,-2.240000009536743,1.260000005364418,-1.1200000047683716
29.814629534,842346868816764652,842346871612185908,46,7,34797281000000,2026-09-10T09:13:46.701803+00:00,interpolated,-2.3100000098347664,1.3300000056624413,-1.1900000050663948
29.833517515,842346868835652633,842346871612185908,46,8,34797281000000,2026-09-10T09:13:46.701803+00:00,interpolated,-2.1000000089406967,1.1900000050663948,-1.1200000047683716
29.852405497,842346868854540615,842346871612185908,46,9,34797281000000,2026-09-10T09:13:46.701803+00:00,interpolated,-2.17000000923872,1.260000005364418,-1.1200000047683716
29.871293478,842346868873428596,842346871612185908,46,10,34797281000000,2026-09-10T09:13:46.701803+00:00,interpolated,-2.3800000101327896,1.3300000056624413,-1.1900000050663948
29.89018146,842346868892316578,842346871612185908,46,11,34797281000000,2026-09-10T09:13:46.701803+00:00,interpolated,-2.240000009536743,1.3300000056624413,-1.1900000050663948
29.909069441,842346868911204559,842346871612185908,46,12,34797281000000,2026-09-10T09:13:46.701803+00:00,interpolated,-2.240000009536743,1.260000005364418,-1.1200000047683716
29.927957422,842346868930092540,842346871612185908,46,13,34797281000000,2026-09-10T09:13:46.701803+00:00,interpolated,-2.3100000098347664,1.3300000056624413,-1.1900000050663948
29.946845404,842346868948980522,842346871612185908,46,14,34797281000000,2026-09-10T09:13:46.701803+00:00,interpolated,-2.17000000923872,1.1900000050663948,-1.1200000047683716
29.965733385,842346868967868503,842346871612185908,46,15,34797281000000,2026-09-10T09:13:46.701803+00:00,interpolated,-2.240000009536743,1.260000005364418,-1.1200000047683716
29.984621367,842346868986756485,842346871612185908,46,16,34797281000000,2026-09-10T09:13:46.701803+00:00,interpolated,-2.1000000089406967,1.260000005364418,-1.1900000050663948
30.003509348,842346869005644466,842346871612185908,46,17,34797281000000,2026-09-10T09:13:46.701803+00:00,interpolated,-2.3800000101327896,1.4000000059604645,-1.1900000050663948
30.02239733,842346869024532448,842346871612185908,46,18,34797281000000,2026-09-10T09:13:46.701803+00:00,interpolated,-2.17000000923872,1.3300000056624413,-1.1900000050663948
30.041285311,842346869043420429,842346871612185908,46,19,34797281000000,2026-09-10T09:13:46.701803+00:00,interpolated,-2.3100000098347664,1.3300000056624413,-1.1900000050663948
30.060173293,842346869062308411,842346871612185908,46,20,34797281000000,2026-09-10T09:13:46.701803+00:00,interpolated,-2.17000000923872,1.260000005364418,-1.1200000047683716
30.079061274,842346869081196392,842346871612185908,46,21,34797281000000,2026-09-10T09:13:46.701803+00:00,interpolated,-2.240000009536743,1.260000005364418,-1.1900000050663948
30.097949256,842346869100084374,842346871612185908,46,22,34797281000000,2026-09-10T09:13:46.701803+00:00,interpolated,-2.17000000923872,1.260000005364418,-1.1200000047683716
30.116837237,842346869118972355,842346871612185908,46,23,34797281000000,2026-09-10T09:13:46.701803+00:00,interpolated,-2.240000009536743,1.260000005364418,-1.1900000050663948
30.135725219,842346869137860337,842346871612185908,46,24,34797281000000,2026-09-10T09:13:46.701803+00:00,interpolated,-2.17000000923872,1.1900000050663948,-1.1200000047683716
30.1546132,842346869156748318,842346871612185908,46,25,34797281000000,2026-09-10T09:13:46.701803+00:00,interpolated,-2.3100000098347664,1.3300000056624413,-1.1900000050663948
30.173501181,842346869175636299,842346871612185908,46,26,34797281000000,2026-09-10T09:13:46.701803+00:00,interpolated,-2.17000000923872,1.3300000056624413,-1.1900000050663948
30.192389163,842346869194524281,842346871612185908,46,27,34797281000000,2026-09-10T09:13:46.701803+00:00,interpolated,-2.3100000098347664,1.3300000056624413,-1.1900000050663948
30.211277144,842346869213412262,842346871612185908,46,28,34797281000000,2026-09-10T09:13:46.701803+00:00,interpolated,-2.240000009536743,1.260000005364418,-1.1900000050663948
30.230165126,842346869232300244,842346871612185908,46,29,34797281000000,2026-09-10T09:13:46.701803+00:00,interpolated,-2.240000009536743,1.3300000056624413,-1.1200000047683716
30.249053107,842346869251188225,842346871612185908,46,30,34797281000000,2026-09-10T09:13:46.701803+00:00,interpolated,-2.240000009536743,1.3300000056624413,-1.1200000047683716
30.267941089,842346869270076207,842346871612185908,46,31,34797281000000,2026-09-10T09:13:46.701803+00:00,interpolated,-2.17000000923872,1.260000005364418,-1.1900000050663948
30.28682907,842346869288964188,842346871612185908,46,32,34797281000000,2026-09-10T09:13:46.701803+00:00,interpolated,-2.240000009536743,1.260000005364418,-1.1200000047683716
30.305717052,842346869307852170,842346871612185908,46,33,34797281000000,2026-09-10T09:13:46.701803+00:00,interpolated,-2.240000009536743,1.260000005364418,-1.1200000047683716
30.324605033,842346869326740151,842346871612185908,46,34,34797281000000,2026-09-10T09:13:46.701803+00:00,interpolated,-2.240000009536743,1.3300000056624413,-1.1900000050663948
30.343493015,842346869345628133,842346871612185908,46,35,34797281000000,2026-09-10T09:13:46.701803+00:00,interpolated,-2.3100000098347664,1.3300000056624413,-1.1900000050663948
30.362380996,842346869364516114,842346871612185908,46,36,34797281000000,2026-09-10T09:13:46.701803+00:00,interpolated,-2.240000009536743,1.260000005364418,-1.1900000050663948
30.381268978,842346869383404096,842346871612185908,46,37,34797281000000,2026-09-10T09:13:46.701803+00:00,interpolated,-2.3100000098347664,1.260000005364418,-1.1200000047683716
30.400156959,842346869402292077,842346871612185908,46,38,34797281000000,2026-09-10T09:13:46.701803+00:00,interpolated,-2.240000009536743,1.260000005364418,-1.1200000047683716
30.41904494,842346869421180058,842346871612185908,46,39,34797281000000,2026-09-10T09:13:46.701803+00:00,interpolated,-2.17000000923872,1.260000005364418,-1.1900000050663948
30.437932922,842346869440068040,842346871612185908,46,40,34797281000000,2026-09-10T09:13:46.701803+00:00,interpolated,-2.17000000923872,1.260000005364418,-1.1900000050663948
30.456820903,842346869458956021,842346871612185908,46,41,34797281000000,2026-09-10T09:13:46.701803+00:00,interpolated,-2.17000000923872,1.260000005364418,-1.1900000050663948
30.475708885,842346869477844003,842346871612185908,46,42,34797281000000,2026-09-10T09:13:46.701803+00:00,interpolated,-2.17000000923872,1.260000005364418,-1.1900000050663948
30.494596866,842346869496731984,842346871612185908,46,43,34797281000000,2026-09-10T09:13:46.701803+00:00,interpolated,-2.240000009536743,1.3300000056624413,-1.1200000047683716
30.513484848,842346869515619966,842346871612185908,46,44,34797281000000,2026-09-10T09:13:46.701803+00:00,interpolated,-2.240000009536743,1.3300000056624413,-1.1200000047683716
30.532372829,842346869534507947,842346871612185908,46,45,34797281000000,2026-09-10T09:13:46.701803+00:00,interpolated,-2.240000009536743,1.260000005364418,-1.1200000047683716
30.551260811,842346869553395929,842346871612185908,46,46,34797281000000,2026-09-10T09:13:46.701803+00:00,interpolated,-2.240000009536743,1.260000005364418,-1.1900000050663948
30.570148792,842346869572283910,842346871612185908,46,47,34797281000000,2026-09-10T09:13:46.701803+00:00,interpolated,-2.17000000923872,1.260000005364418,-1.1900000050663948
30.589036774,842346869591171892,842346871612185908,46,48,34797281000000,2026-09-10T09:13:46.701803+00:00,interpolated,-2.240000009536743,1.1900000050663948,-1.1900000050663948
30.607924755,842346869610059873,842346871612185908,46,49,34797281000000,2026-09-10T09:13:46.701803+00:00,interpolated,-2.240000009536743,1.1900000050663948,-1.1200000047683716
30.626812737,842346869628947855,842346871612185908,46,50,34797281000000,2026-09-10T09:13:46.701803+00:00,interpolated,-2.17000000923872,1.260000005364418,-1.1200000047683716
30.645700718,842346869647835836,842346871612185908,46,51,34797281000000,2026-09-10T09:13:46.701803+00:00,interpolated,-2.240000009536743,1.3300000056624413,-1.1900000050663948
30.664588699,842346869666723817,842346871612185908,46,52,34797281000000,2026-09-10T09:13:46.701803+00:00,interpolated,-2.17000000923872,1.260000005364418,-1.1200000047683716
30.683476681,842346869685611799,842346871612185908,46,53,34797281000000,2026-09-10T09:13:46.701803+00:00,interpolated,-2.3100000098347664,1.3300000056624413,-1.1200000047683716
30.702364662,842346869704499780,842346871612185908,46,54,34797281000000,2026-09-10T09:13:46.701803+00:00,interpolated,-2.3100000098347664,1.3300000056624413,-1.1200000047683716
30.721252644,842346869723387762,842346871612185908,46,55,34797281000000,2026-09-10T09:13:46.701803+00:00,interpolated,-2.3100000098347664,1.3300000056624413,-1.1900000050663948
30.740140625,842346869742275743,842346871612185908,46,56,34797281000000,2026-09-10T09:13:46.701803+00:00,interpolated,-2.17000000923872,1.3300000056624413,-1.1200000047683716
30.759028607,842346869761163725,842346871612185908,46,57,34797281000000,2026-09-10T09:13:46.701803+00:00,interpolated,-2.3100000098347664,1.260000005364418,-1.1200000047683716
30.777916588,842346869780051706,842346871612185908,46,58,34797281000000,2026-09-10T09:13:46.701803+00:00,interpolated,-2.1000000089406967,1.260000005364418,-1.1900000050663948
30.79680457,842346869798939688,842346871612185908,46,59,34797281000000,2026-09-10T09:13:46.701803+00:00,interpolated,-2.17000000923872,1.260000005364418,-1.1200000047683716
30.815692551,842346869817827669,842346871612185908,46,60,34797281000000,2026-09-10T09:13:46.701803+00:00,interpolated,-2.1000000089406967,1.260000005364418,-1.1200000047683716
30.834580533,842346869836715651,842346871612185908,46,61,34797281000000,2026-09-10T09:13:46.701803+00:00,interpolated,-2.3800000101327896,1.4000000059604645,-1.1900000050663948
30.853468514,842346869855603632,842346871612185908,46,62,34797281000000,2026-09-10T09:13:46.701803+00:00,interpolated,-2.17000000923872,1.260000005364418,-1.1200000047683716
30.872356496,842346869874491614,842346871612185908,46,63,34797281000000,2026-09-10T09:13:46.701803+00:00,interpolated,-2.3800000101327896,1.3300000056624413,-1.1200000047683716
30.891244477,842346869893379595,842346871612185908,46,64,34797281000000,2026-09-10T09:13:46.701803+00:00,interpolated,-2.3100000098347664,1.260000005364418,-1.1900000050663948
30.910132458,842346869912267576,842346871612185908,46,65,34797281000000,2026-09-10T09:13:46.701803+00:00,interpolated,-2.240000009536743,1.260000005364418,-1.1200000047683716
30.92902044,842346869931155558,842346871612185908,46,66,34797281000000,2026-09-10T09:13:46.701803+00:00,interpolated,-2.240000009536743,1.260000005364418,-1.1900000050663948
30.947908421,842346869950043539,842346871612185908,46,67,34797281000000,2026-09-10T09:13:46.701803+00:00,interpolated,-2.17000000923872,1.1900000050663948,-1.1900000050663948
30.966796403,842346869968931521,842346871612185908,46,68,34797281000000,2026-09-10T09:13:46.701803+00:00,interpolated,-2.17000000923872,1.3300000056624413,-1.1900000050663948
30.985684384,842346869987819502,842346871612185908,46,69,34797281000000,2026-09-10T09:13:46.701803+00:00,interpolated,-2.17000000923872,1.3300000056624413,-1.1900000050663948
31.004572366,842346870006707484,842346871612185908,46,70,34797281000000,2026-09-10T09:13:46.701803+00:00,interpolated,-2.240000009536743,1.4000000059604645,-1.1900000050663948
31.023460347,842346870025595465,842346871612185908,46,71,34797281000000,2026-09-10T09:13:46.701803+00:00,interpolated,-2.240000009536743,1.3300000056624413,-1.1900000050663948
31.042348329,842346870044483447,842346871612185908,46,72,34797281000000,2026-09-10T09:13:46.701803+00:00,interpolated,-2.240000009536743,1.260000005364418,-1.1200000047683716
31.06123631,842346870063371428,842346871612185908,46,73,34797281000000,2026-09-10T09:13:46.701803+00:00,interpolated,-2.17000000923872,1.260000005364418,-1.1900000050663948
31.080124292,842346870082259410,842346871612185908,46,74,34797281000000,2026-09-10T09:13:46.701803+00:00,interpolated,-2.240000009536743,1.260000005364418,-1.1200000047683716
31.099012273,842346870101147391,842346871612185908,46,75,34797281000000,2026-09-10T09:13:46.701803+00:00,interpolated,-2.240000009536743,1.260000005364418,-1.1200000047683716
31.117900255,842346870120035373,842346871612185908,46,76,34797281000000,2026-09-10T09:13:46.701803+00:00,interpolated,-2.240000009536743,1.3300000056624413,-1.1200000047683716
31.136788236,842346870138923354,842346871612185908,46,77,34797281000000,2026-09-10T09:13:46.701803+00:00,interpolated,-2.240000009536743,1.3300000056624413,-1.1200000047683716
31.155676217,842346870157811335,842346871612185908,46,78,34797281000000,2026-09-10T09:13:46.701803+00:00,interpolated,-2.240000009536743,1.3300000056624413,-1.1200000047683716
31.174564199,842346870176699317,842346871612185908,46,79,34797281000000,2026-09-10T09:13:46.701803+00:00,interpolated,-2.240000009536743,1.3300000056624413,-1.1900000050663948
31.19345218,842346870195587298,842346871612185908,46,80,34797281000000,2026-09-10T09:13:46.701803+00:00,interpolated,-2.3100000098347664,1.3300000056624413,-1.1900000050663948
31.212340162,842346870214475280,842346871612185908,46,81,34797281000000,2026-09-10T09:13:46.701803+00:00,interpolated,-2.17000000923872,1.1900000050663948,-1.1200000047683716
31.231228143,842346870233363261,842346871612185908,46,82,34797281000000,2026-09-10T09:13:46.701803+00:00,interpolated,-2.240000009536743,1.260000005364418,-1.1900000050663948
31.250116125,842346870252251243,842346871612185908,46,83,34797281000000,2026-09-10T09:13:46.701803+00:00,interpolated,-2.240000009536743,1.260000005364418,-1.1200000047683716
31.269004106,842346870271139224,842346871612185908,46,84,34797281000000,2026-09-10T09:13:46.701803+00:00,interpolated,-2.240000009536743,1.260000005364418,-1.1200000047683716
31.287892088,842346870290027206,842346871612185908,46,85,34797281000000,2026-09-10T09:13:46.701803+00:00,interpolated,-2.240000009536743,1.260000005364418,-1.1900000050663948
31.306780069,842346870308915187,842346871612185908,46,86,34797281000000,2026-09-10T09:13:46.701803+00:00,interpolated,-2.240000009536743,1.260000005364418,-1.1900000050663948
31.325668051,842346870327803169,842346871612185908,46,87,34797281000000,2026-09-10T09:13:46.701803+00:00,interpolated,-2.3100000098347664,1.260000005364418,-1.1200000047683716
31.344556032,842346870346691150,842346871612185908,46,88,34797281000000,2026-09-10T09:13:46.701803+00:00,interpolated,-2.240000009536743,1.3300000056624413,-1.1900000050663948
31.363444014,842346870365579132,842346871612185908,46,89,34797281000000,2026-09-10T09:13:46.701803+00:00,interpolated,-2.17000000923872,1.260000005364418,-1.1900000050663948
31.382331995,842346870384467113,842346871612185908,46,90,34797281000000,2026-09-10T09:13:46.701803+00:00,interpolated,-2.240000009536743,1.260000005364418,-1.1900000050663948
31.401219976,842346870403355094,842346871612185908,46,91,34797281000000,2026-09-10T09:13:46.701803+00:00,interpolated,-2.17000000923872,1.260000005364418,-1.1900000050663948
31.420107958,842346870422243076,842346871612185908,46,92,34797281000000,2026-09-10T09:13:46.701803+00:00,interpolated,-2.240000009536743,1.260000005364418,-1.1900000050663948
31.438995939,842346870441131057,842346871612185908,46,93,34797281000000,2026-09-10T09:13:46.701803+00:00,interpolated,-2.240000009536743,1.3300000056624413,-1.1200000047683716
31.457883921,842346870460019039,842346871612185908,46,94,34797281000000,2026-09-10T09:13:46.701803+00:00,interpolated,-2.240000009536743,1.3300000056624413,-1.1900000050663948
31.476771902,842346870478907020,842346871612185908,46,95,34797281000000,2026-09-10T09:13:46.701803+00:00,interpolated,-2.240000009536743,1.3300000056624413,-1.1900000050663948
31.495659884,842346870497795002,842346871612185908,46,96,34797281000000,2026-09-10T09:13:46.701803+00:00,interpolated,-2.240000009536743,1.260000005364418,-1.1900000050663948
31.514547865,842346870516682983,842346871612185908,46,97,34797281000000,2026-09-10T09:13:46.701803+00:00,interpolated,-2.17000000923872,1.3300000056624413,-1.1900000050663948
31.533435847,842346870535570965,842346871612185908,46,98,34797281000000,2026-09-10T09:13:46.701803+00:00,interpolated,-2.240000009536743,1.260000005364418,-1.1200000047683716
31.552323828,842346870554458946,842346871612185908,46,99,34797281000000,2026-09-10T09:13:46.701803+00:00,interpolated,-2.240000009536743,1.3300000056624413,-1.1200000047683716
31.57121181,842346870573346928,842346871612185908,46,100,34797281000000,2026-09-10T09:13:46.701803+00:00,interpolated,-2.3100000098347664,1.4000000059604645,-1.1900000050663948
31.590099791,842346870592234909,842346871612185908,46,101,34797281000000,2026-09-10T09:13:46.701803+00:00,interpolated,-2.3100000098347664,1.540000006556511,-1.1900000050663948
31.608987773,842346870611122891,842346871612185908,46,102,34797281000000,2026-09-10T09:13:46.701803+00:00,interpolated,-2.3800000101327896,1.6100000068545341,-1.1900000050663948
31.627875754,842346870630010872,842346871612185908,46,103,34797281000000,2026-09-10T09:13:46.701803+00:00,interpolated,-2.3800000101327896,1.6100000068545341,-1.1900000050663948
31.646763735,842346870648898853,842346871612185908,46,104,34797281000000,2026-09-10T09:13:46.701803+00:00,interpolated,-2.3100000098347664,1.4700000062584877,-1.1900000050663948
31.665651717,842346870667786835,842346871612185908,46,105,34797281000000,2026-09-10T09:13:46.701803+00:00,interpolated,-2.3800000101327896,1.4000000059604645,-1.1900000050663948
31.684539698,842346870686674816,842346871612185908,46,106,34797281000000,2026-09-10T09:13:46.701803+00:00,interpolated,-2.17000000923872,1.260000005364418,-1.1200000047683716
31.70342768,842346870705562798,842346871612185908,46,107,34797281000000,2026-09-10T09:13:46.701803+00:00,interpolated,-2.17000000923872,1.260000005364418,-1.1200000047683716
31.722315661,842346870724450779,842346871612185908,46,108,34797281000000,2026-09-10T09:13:46.701803+00:00,interpolated,-2.240000009536743,1.260000005364418,-1.1200000047683716
31.741203643,842346870743338761,842346871612185908,46,109,34797281000000,2026-09-10T09:13:46.701803+00:00,interpolated,-2.17000000923872,1.1900000050663948,-1.1200000047683716
31.760091624,842346870762226742,842346871612185908,46,110,34797281000000,2026-09-10T09:13:46.701803+00:00,interpolated,-2.3800000101327896,1.4000000059604645,-1.1900000050663948
31.778979606,842346870781114724,842346871612185908,46,111,34797281000000,2026-09-10T09:13:46.701803+00:00,interpolated,-2.3800000101327896,1.4700000062584877,-1.1200000047683716
31.797867587,842346870800002705,842346871612185908,46,112,34797281000000,2026-09-10T09:13:46.701803+00:00,interpolated,-2.3100000098347664,1.3300000056624413,-1.1200000047683716
31.816755569,842346870818890687,842346871612185908,46,113,34797281000000,2026-09-10T09:13:46.701803+00:00,interpolated,-2.240000009536743,1.3300000056624413,-1.1900000050663948
31.83564355,842346870837778668,842346871612185908,46,114,34797281000000,2026-09-10T09:13:46.701803+00:00,interpolated,-2.1000000089406967,1.260000005364418,-1.1900000050663948
31.854531532,842346870856666650,842346871612185908,46,115,34797281000000,2026-09-10T09:13:46.701803+00:00,interpolated,-2.17000000923872,1.1900000050663948,-1.1200000047683716
31.873419513,842346870875554631,842346871612185908,46,116,34797281000000,2026-09-10T09:13:46.701803+00:00,interpolated,-2.17000000923872,1.1900000050663948,-1.1200000047683716
31.892307494,842346870894442612,842346871612185908,46,117,34797281000000,2026-09-10T09:13:46.701803+00:00,interpolated,-2.1000000089406967,1.1900000050663948,-1.1200000047683716
31.911195476,842346870913330594,842346871612185908,46,118,34797281000000,2026-09-10T09:13:46.701803+00:00,interpolated,-2.3100000098347664,1.3300000056624413,-1.1900000050663948
31.930083457,842346870932218575,842346871612185908,46,119,34797281000000,2026-09-10T09:13:46.701803+00:00,interpolated,-2.3100000098347664,1.3300000056624413,-1.1900000050663948
31.948971439,842346870951106557,842346871612185908,46,120,34797281000000,2026-09-10T09:13:46.701803+00:00,interpolated,-2.3100000098347664,1.3300000056624413,-1.260000005364418
31.96785942,842346870969994538,842346871612185908,46,121,34797281000000,2026-09-10T09:13:46.701803+00:00,interpolated,-2.240000009536743,1.260000005364418,-1.1200000047683716
31.986747402,842346870988882520,842346871612185908,46,122,34797281000000,2026-09-10T09:13:46.701803+00:00,interpolated,-2.17000000923872,1.1900000050663948,-1.1900000050663948
32.005635383,842346871007770501,842346871612185908,46,123,34797281000000,2026-09-10T09:13:46.701803+00:00,interpolated,-2.0300000086426735,1.1900000050663948,-1.0500000044703484
32.024523365,842346871026658483,842346871612185908,46,124,34797281000000,2026-09-10T09:13:46.701803+00:00,interpolated,-2.17000000923872,1.1200000047683716,-1.1200000047683716
32.043411346,842346871045546464,842346871612185908,46,125,34797281000000,2026-09-10T09:13:46.701803+00:00,interpolated,-2.17000000923872,1.1900000050663948,-1.1200000047683716
32.062299328,842346871064434446,842346871612185908,46,126,34797281000000,2026-09-10T09:13:46.701803+00:00,interpolated,-2.3800000101327896,1.3300000056624413,-1.1200000047683716
32.081187309,842346871083322427,842346871612185908,46,127,34797281000000,2026-09-10T09:13:46.701803+00:00,interpolated,-2.17000000923872,1.3300000056624413,-1.1900000050663948
32.100075291,842346871102210409,842346871612185908,46,128,34797281000000,2026-09-10T09:13:46.701803+00:00,interpolated,-2.450000010430813,1.3300000056624413,-1.1900000050663948
32.118963272,842346871121098390,842346871612185908,46,129,34797281000000,2026-09-10T09:13:46.701803+00:00,interpolated,-2.1000000089406967,1.1900000050663948,-1.1200000047683716
32.137851253,842346871139986371,842346871612185908,46,130,34797281000000,2026-09-10T09:13:46.701803+00:00,interpolated,-2.17000000923872,1.1900000050663948,-1.1200000047683716
32.156739235,842346871158874353,842346871612185908,46,131,34797281000000,2026-09-10T09:13:46.701803+00:00,interpolated,-2.1000000089406967,1.1200000047683716,-1.1200000047683716
32.175627216,842346871177762334,842346871612185908,46,132,34797281000000,2026-09-10T09:13:46.701803+00:00,interpolated,-2.0300000086426735,1.1200000047683716,-1.1900000050663948
32.194515198,842346871196650316,842346871612185908,46,133,34797281000000,2026-09-10T09:13:46.701803+00:00,interpolated,-1.9600000083446503,1.1900000050663948,-1.1200000047683716
32.213403179,842346871215538297,842346871612185908,46,134,34797281000000,2026-09-10T09:13:46.701803+00:00,interpolated,-2.3800000101327896,1.4000000059604645,-1.1900000050663948
32.232291161,842346871234426279,842346871612185908,46,135,34797281000000,2026-09-10T09:13:46.701803+00:00,interpolated,-2.240000009536743,1.3300000056624413,-1.1900000050663948
32.251179142,842346871253314260,842346871612185908,46,136,34797281000000,2026-09-10T09:13:46.701803+00:00,interpolated,-2.3800000101327896,1.4000000059604645,-1.1900000050663948
32.270067124,842346871272202242,842346871612185908,46,137,34797281000000,2026-09-10T09:13:46.701803+00:00,interpolated,-2.3100000098347664,1.3300000056624413,-1.1900000050663948
32.288955105,842346871291090223,842346871612185908,46,138,34797281000000,2026-09-10T09:13:46.701803+00:00,interpolated,-2.3800000101327896,1.260000005364418,-1.1900000050663948
32.307843087,842346871309978205,842346871612185908,46,139,34797281000000,2026-09-10T09:13:46.701803+00:00,interpolated,-2.0300000086426735,1.1900000050663948,-1.1200000047683716
32.326731068,842346871328866186,842346871612185908,46,140,34797281000000,2026-09-10T09:13:46.701803+00:00,interpolated,-2.240000009536743,1.260000005364418,-1.1900000050663948
32.34561905,842346871347754168,842346871612185908,46,141,34797281000000,2026-09-10T09:13:46.701803+00:00,interpolated,-2.17000000923872,1.3300000056624413,-1.1200000047683716
32.364507031,842346871366642149,842346871612185908,46,142,34797281000000,2026-09-10T09:13:46.701803+00:00,interpolated,-2.17000000923872,1.3300000056624413,-1.1200000047683716
32.383395012,842346871385530130,842346871612185908,46,143,34797281000000,2026-09-10T09:13:46.701803+00:00,interpolated,-2.240000009536743,1.4000000059604645,-1.1900000050663948
32.402282994,842346871404418112,842346871612185908,46,144,34797281000000,2026-09-10T09:13:46.701803+00:00,interpolated,-2.3800000101327896,1.4700000062584877,-1.1900000050663948
32.421170975,842346871423306093,842346871612185908,46,145,34797281000000,2026-09-10T09:13:46.701803+00:00,interpolated,-2.17000000923872,1.3300000056624413,-1.1200000047683716
32.440058957,842346871442194075,842346871612185908,46,146,34797281000000,2026-09-10T09:13:46.701803+00:00,interpolated,-2.240000009536743,1.3300000056624413,-1.1900000050663948
32.458946938,842346871461082056,842346871612185908,46,147,34797281000000,2026-09-10T09:13:46.701803+00:00,interpolated,-2.240000009536743,1.260000005364418,-1.1900000050663948
32.47783492,842346871479970038,842346871612185908,46,148,34797281000000,2026-09-10T09:13:46.701803+00:00,interpolated,-2.3100000098347664,1.260000005364418,-1.1900000050663948
32.496722901,842346871498858019,842346871612185908,46,149,34797281000000,2026-09-10T09:13:46.701803+00:00,interpolated,-2.17000000923872,1.3300000056624413,-1.1200000047683716
32.515610883,842346871517746001,842346871612185908,46,150,34797281000000,2026-09-10T09:13:46.701803+00:00,interpolated,-2.3800000101327896,1.4000000059604645,-1.1900000050663948
32.534498864,842346871536633982,842346871612185908,46,151,34797281000000,2026-09-10T09:13:46.701803+00:00,interpolated,-2.3800000101327896,1.4000000059604645,-1.1900000050663948
32.553386846,842346871555521964,842346871612185908,46,152,34797281000000,2026-09-10T09:13:46.701803+00:00,interpolated,-2.3800000101327896,1.4000000059604645,-1.1900000050663948
32.572274827,842346871574409945,842346871612185908,46,153,34797281000000,2026-09-10T09:13:46.701803+00:00,interpolated,-2.3100000098347664,1.4000000059604645,-1.1900000050663948
32.591162809,842346871593297927,842346871612185908,46,154,34797281000000,2026-09-10T09:13:46.701803+00:00,interpolated,-2.240000009536743,1.3300000056624413,-1.1900000050663948
32.61005079,842346871612185908,842346871612185908,46,155,34797281000000,2026-09-10T09:13:46.701803+00:00,interpolated,-2.240000009536743,1.3300000056624413,-1.1200000047683716
32.628938727,842346871631073845,842346874936462820,52,0,34800703000000,2026-09-10T09:13:50.122490+00:00,interpolated,-2.3800000101327896,1.4000000059604645,-1.1200000047683716
32.647826664,842346871649961782,842346874936462820,52,1,34800703000000,2026-09-10T09:13:50.122490+00:00,interpolated,-2.17000000923872,1.260000005364418,-1.1200000047683716
32.666714601,842346871668849719,842346874936462820,52,2,34800703000000,2026-09-10T09:13:50.122490+00:00,interpolated,-2.3800000101327896,1.3300000056624413,-1.1900000050663948
32.685602538,842346871687737656,842346874936462820,52,3,34800703000000,2026-09-10T09:13:50.122490+00:00,interpolated,-2.240000009536743,1.3300000056624413,-1.1200000047683716
32.704490475,842346871706625593,842346874936462820,52,4,34800703000000,2026-09-10T09:13:50.122490+00:00,interpolated,-2.3100000098347664,1.3300000056624413,-1.1200000047683716
32.723378412,842346871725513530,842346874936462820,52,5,34800703000000,2026-09-10T09:13:50.122490+00:00,interpolated,-2.0300000086426735,1.1900000050663948,-1.1200000047683716
32.742266349,842346871744401467,842346874936462820,52,6,34800703000000,2026-09-10T09:13:50.122490+00:00,interpolated,-2.3100000098347664,1.260000005364418,-1.1900000050663948
32.761154286,842346871763289404,842346874936462820,52,7,34800703000000,2026-09-10T09:13:50.122490+00:00,interpolated,-2.1000000089406967,1.260000005364418,-1.0500000044703484
32.780042223,842346871782177341,842346874936462820,52,8,34800703000000,2026-09-10T09:13:50.122490+00:00,interpolated,-2.3800000101327896,1.3300000056624413,-1.1900000050663948
32.79893016,842346871801065278,842346874936462820,52,9,34800703000000,2026-09-10T09:13:50.122490+00:00,interpolated,-2.17000000923872,1.260000005364418,-1.1200000047683716
32.817818097,842346871819953215,842346874936462820,52,10,34800703000000,2026-09-10T09:13:50.122490+00:00,interpolated,-2.3800000101327896,1.4000000059604645,-1.1900000050663948
32.836706034,842346871838841152,842346874936462820,52,11,34800703000000,2026-09-10T09:13:50.122490+00:00,interpolated,-2.1000000089406967,1.260000005364418,-1.1200000047683716
32.855593971,842346871857729089,842346874936462820,52,12,34800703000000,2026-09-10T09:13:50.122490+00:00,interpolated,-2.3100000098347664,1.260000005364418,-1.1900000050663948
32.874481908,842346871876617026,842346874936462820,52,13,34800703000000,2026-09-10T09:13:50.122490+00:00,interpolated,-2.0300000086426735,1.260000005364418,-1.1900000050663948
32.893369845,842346871895504963,842346874936462820,52,14,34800703000000,2026-09-10T09:13:50.122490+00:00,interpolated,-2.3100000098347664,1.3300000056624413,-1.1900000050663948
32.912257782,842346871914392900,842346874936462820,52,15,34800703000000,2026-09-10T09:13:50.122490+00:00,interpolated,-2.0300000086426735,1.260000005364418,-1.1200000047683716
32.931145719,842346871933280837,842346874936462820,52,16,34800703000000,2026-09-10T09:13:50.122490+00:00,interpolated,-2.3100000098347664,1.3300000056624413,-1.1900000050663948
32.950033656,842346871952168774,842346874936462820,52,17,34800703000000,2026-09-10T09:13:50.122490+00:00,interpolated,-2.17000000923872,1.3300000056624413,-1.1200000047683716
32.968921593,842346871971056711,842346874936462820,52,18,34800703000000,2026-09-10T09:13:50.122490+00:00,interpolated,-2.3800000101327896,1.4000000059604645,-1.1900000050663948
32.98780953,842346871989944648,842346874936462820,52,19,34800703000000,2026-09-10T09:13:50.122490+00:00,interpolated,-2.17000000923872,1.260000005364418,-1.1200000047683716
33.006697467,842346872008832585,842346874936462820,52,20,34800703000000,2026-09-10T09:13:50.122490+00:00,interpolated,-2.3800000101327896,1.3300000056624413,-1.1900000050663948
33.025585404,842346872027720522,842346874936462820,52,21,34800703000000,2026-09-10T09:13:50.122490+00:00,interpolated,-2.0300000086426735,1.260000005364418,-1.1900000050663948
33.044473341,842346872046608459,842346874936462820,52,22,34800703000000,2026-09-10T09:13:50.122490+00:00,interpolated,-2.3100000098347664,1.260000005364418,-1.1200000047683716
33.063361278,842346872065496396,842346874936462820,52,23,34800703000000,2026-09-10T09:13:50.122490+00:00,interpolated,-2.1000000089406967,1.1900000050663948,-1.1200000047683716
33.082249215,842346872084384333,842346874936462820,52,24,34800703000000,2026-09-10T09:13:50.122490+00:00,interpolated,-2.240000009536743,1.3300000056624413,-1.1900000050663948
33.101137152,842346872103272270,842346874936462820,52,25,34800703000000,2026-09-10T09:13:50.122490+00:00,interpolated,-2.17000000923872,1.3300000056624413,-1.1200000047683716
33.120025089,842346872122160207,842346874936462820,52,26,34800703000000,2026-09-10T09:13:50.122490+00:00,interpolated,-2.240000009536743,1.3300000056624413,-1.1900000050663948
33.138913026,842346872141048144,842346874936462820,52,27,34800703000000,2026-09-10T09:13:50.122490+00:00,interpolated,-2.17000000923872,1.260000005364418,-1.1200000047683716
33.157800963,842346872159936081,842346874936462820,52,28,34800703000000,2026-09-10T09:13:50.122490+00:00,interpolated,-2.3800000101327896,1.3300000056624413,-1.1200000047683716
33.1766889,842346872178824018,842346874936462820,52,29,34800703000000,2026-09-10T09:13:50.122490+00:00,interpolated,-2.1000000089406967,1.1900000050663948,-1.1200000047683716
33.195576837,842346872197711955,842346874936462820,52,30,34800703000000,2026-09-10T09:13:50.122490+00:00,interpolated,-2.240000009536743,1.1900000050663948,-1.1200000047683716
33.214464774,842346872216599892,842346874936462820,52,31,34800703000000,2026-09-10T09:13:50.122490+00:00,interpolated,-2.17000000923872,1.260000005364418,-1.1200000047683716
33.233352711,842346872235487829,842346874936462820,52,32,34800703000000,2026-09-10T09:13:50.122490+00:00,interpolated,-2.3100000098347664,1.3300000056624413,-1.1900000050663948
33.252240648,842346872254375766,842346874936462820,52,33,34800703000000,2026-09-10T09:13:50.122490+00:00,interpolated,-2.240000009536743,1.3300000056624413,-1.1200000047683716
33.271128585,842346872273263703,842346874936462820,52,34,34800703000000,2026-09-10T09:13:50.122490+00:00,interpolated,-2.240000009536743,1.3300000056624413,-1.1900000050663948
33.290016522,842346872292151640,842346874936462820,52,35,34800703000000,2026-09-10T09:13:50.122490+00:00,interpolated,-2.17000000923872,1.260000005364418,-1.1900000050663948
33.308904459,842346872311039577,842346874936462820,52,36,34800703000000,2026-09-10T09:13:50.122490+00:00,interpolated,-2.240000009536743,1.260000005364418,-1.1900000050663948
33.327792396,842346872329927514,842346874936462820,52,37,34800703000000,2026-09-10T09:13:50.122490+00:00,interpolated,-2.17000000923872,1.260000005364418,-1.1200000047683716
33.346680333,842346872348815451,842346874936462820,52,38,34800703000000,2026-09-10T09:13:50.122490+00:00,interpolated,-2.3100000098347664,1.3300000056624413,-1.1900000050663948
33.36556827,842346872367703388,842346874936462820,52,39,34800703000000,2026-09-10T09:13:50.122490+00:00,interpolated,-2.240000009536743,1.3300000056624413,-1.1200000047683716
33.384456207,842346872386591325,842346874936462820,52,40,34800703000000,2026-09-10T09:13:50.122490+00:00,interpolated,-2.3100000098347664,1.3300000056624413,-1.1200000047683716
33.403344144,842346872405479262,842346874936462820,52,41,34800703000000,2026-09-10T09:13:50.122490+00:00,interpolated,-2.3100000098347664,1.3300000056624413,-1.1900000050663948
33.422232081,842346872424367199,842346874936462820,52,42,34800703000000,2026-09-10T09:13:50.122490+00:00,interpolated,-2.240000009536743,1.3300000056624413,-1.1200000047683716
33.441120018,842346872443255136,842346874936462820,52,43,34800703000000,2026-09-10T09:13:50.122490+00:00,interpolated,-2.240000009536743,1.1900000050663948,-1.1200000047683716
33.460007955,842346872462143073,842346874936462820,52,44,34800703000000,2026-09-10T09:13:50.122490+00:00,interpolated,-2.240000009536743,1.260000005364418,-1.1200000047683716
33.478895892,842346872481031010,842346874936462820,52,45,34800703000000,2026-09-10T09:13:50.122490+00:00,interpolated,-2.17000000923872,1.260000005364418,-1.1200000047683716
33.497783829,842346872499918947,842346874936462820,52,46,34800703000000,2026-09-10T09:13:50.122490+00:00,interpolated,-2.240000009536743,1.3300000056624413,-1.1200000047683716
33.516671766,842346872518806884,842346874936462820,52,47,34800703000000,2026-09-10T09:13:50.122490+00:00,interpolated,-2.240000009536743,1.3300000056624413,-1.1200000047683716
33.535559703,842346872537694821,842346874936462820,52,48,34800703000000,2026-09-10T09:13:50.122490+00:00,interpolated,-2.240000009536743,1.3300000056624413,-1.1200000047683716
33.55444764,842346872556582758,842346874936462820,52,49,34800703000000,2026-09-10T09:13:50.122490+00:00,interpolated,-2.3100000098347664,1.3300000056624413,-1.1200000047683716
33.573335577,842346872575470695,842346874936462820,52,50,34800703000000,2026-09-10T09:13:50.122490+00:00,interpolated,-2.240000009536743,1.260000005364418,-1.1900000050663948
33.592223514,842346872594358632,842346874936462820,52,51,34800703000000,2026-09-10T09:13:50.122490+00:00,interpolated,-2.240000009536743,1.260000005364418,-1.1200000047683716
33.611111451,842346872613246569,842346874936462820,52,52,34800703000000,2026-09-10T09:13:50.122490+00:00,interpolated,-2.3100000098347664,1.260000005364418,-1.1200000047683716
33.629999388,842346872632134506,842346874936462820,52,53,34800703000000,2026-09-10T09:13:50.122490+00:00,interpolated,-2.240000009536743,1.260000005364418,-1.1900000050663948
33.648887325,842346872651022443,842346874936462820,52,54,34800703000000,2026-09-10T09:13:50.122490+00:00,interpolated,-2.240000009536743,1.3300000056624413,-1.1900000050663948
33.667775262,842346872669910380,842346874936462820,52,55,34800703000000,2026-09-10T09:13:50.122490+00:00,interpolated,-2.240000009536743,1.3300000056624413,-1.1900000050663948
33.686663199,842346872688798317,842346874936462820,52,56,34800703000000,2026-09-10T09:13:50.122490+00:00,interpolated,-2.240000009536743,1.260000005364418,-1.1900000050663948
33.705551136,842346872707686254,842346874936462820,52,57,34800703000000,2026-09-10T09:13:50.122490+00:00,interpolated,-2.3100000098347664,1.3300000056624413,-1.1900000050663948
33.724439073,842346872726574191,842346874936462820,52,58,34800703000000,2026-09-10T09:13:50.122490+00:00,interpolated,-2.17000000923872,1.3300000056624413,-1.1200000047683716
33.74332701,842346872745462128,842346874936462820,52,59,34800703000000,2026-09-10T09:13:50.122490+00:00,interpolated,-2.240000009536743,1.260000005364418,-1.1200000047683716
33.762214947,842346872764350065,842346874936462820,52,60,34800703000000,2026-09-10T09:13:50.122490+00:00,interpolated,-2.240000009536743,1.260000005364418,-1.1200000047683716
33.781102884,842346872783238002,842346874936462820,52,61,34800703000000,2026-09-10T09:13:50.122490+00:00,interpolated,-2.240000009536743,1.260000005364418,-1.1900000050663948
33.799990821,842346872802125939,842346874936462820,52,62,34800703000000,2026-09-10T09:13:50.122490+00:00,interpolated,-2.17000000923872,1.260000005364418,-1.1200000047683716
33.818878758,842346872821013876,842346874936462820,52,63,34800703000000,2026-09-10T09:13:50.122490+00:00,interpolated,-2.240000009536743,1.3300000056624413,-1.1900000050663948
33.837766695,842346872839901813,842346874936462820,52,64,34800703000000,2026-09-10T09:13:50.122490+00:00,interpolated,-2.17000000923872,1.260000005364418,-1.1200000047683716
33.856654632,842346872858789750,842346874936462820,52,65,34800703000000,2026-09-10T09:13:50.122490+00:00,interpolated,-2.17000000923872,1.260000005364418,-1.1200000047683716
33.875542569,842346872877677687,842346874936462820,52,66,34800703000000,2026-09-10T09:13:50.122490+00:00,interpolated,-2.3100000098347664,1.3300000056624413,-1.1200000047683716
33.894430506,842346872896565624,842346874936462820,52,67,34800703000000,2026-09-10T09:13:50.122490+00:00,interpolated,-2.17000000923872,1.260000005364418,-1.1200000047683716
33.913318443,842346872915453561,842346874936462820,52,68,34800703000000,2026-09-10T09:13:50.122490+00:00,interpolated,-2.240000009536743,1.260000005364418,-1.1200000047683716
33.93220638,842346872934341498,842346874936462820,52,69,34800703000000,2026-09-10T09:13:50.122490+00:00,interpolated,-2.240000009536743,1.260000005364418,-1.1200000047683716
33.951094317,842346872953229435,842346874936462820,52,70,34800703000000,2026-09-10T09:13:50.122490+00:00,interpolated,-2.240000009536743,1.260000005364418,-1.1200000047683716
33.969982254,842346872972117372,842346874936462820,52,71,34800703000000,2026-09-10T09:13:50.122490+00:00,interpolated,-2.240000009536743,1.3300000056624413,-1.1200000047683716
33.988870191,842346872991005309,842346874936462820,52,72,34800703000000,2026-09-10T09:13:50.122490+00:00,interpolated,-2.240000009536743,1.260000005364418,-1.1200000047683716
34.007758128,842346873009893246,842346874936462820,52,73,34800703000000,2026-09-10T09:13:50.122490+00:00,interpolated,-2.240000009536743,1.260000005364418,-1.1200000047683716
34.026646065,842346873028781183,842346874936462820,52,74,34800703000000,2026-09-10T09:13:50.122490+00:00,interpolated,-2.240000009536743,1.260000005364418,-1.1900000050663948
34.045534002,842346873047669120,842346874936462820,52,75,34800703000000,2026-09-10T09:13:50.122490+00:00,interpolated,-2.240000009536743,1.260000005364418,-1.1200000047683716
34.064421939,842346873066557057,842346874936462820,52,76,34800703000000,2026-09-10T09:13:50.122490+00:00,interpolated,-2.240000009536743,1.260000005364418,-1.1200000047683716
34.083309876,842346873085444994,842346874936462820,52,77,34800703000000,2026-09-10T09:13:50.122490+00:00,interpolated,-2.240000009536743,1.3300000056624413,-1.1200000047683716
34.102197813,842346873104332931,842346874936462820,52,78,34800703000000,2026-09-10T09:13:50.122490+00:00,interpolated,-2.240000009536743,1.3300000056624413,-1.1900000050663948
34.12108575,842346873123220868,842346874936462820,52,79,34800703000000,2026-09-10T09:13:50.122490+00:00,interpolated,-2.17000000923872,1.260000005364418,-1.1200000047683716
34.139973687,842346873142108805,842346874936462820,52,80,34800703000000,2026-09-10T09:13:50.122490+00:00,interpolated,-2.240000009536743,1.3300000056624413,-1.1900000050663948
34.158861624,842346873160996742,842346874936462820,52,81,34800703000000,2026-09-10T09:13:50.122490+00:00,interpolated,-2.17000000923872,1.3300000056624413,-1.1200000047683716
34.177749561,842346873179884679,842346874936462820,52,82,34800703000000,2026-09-10T09:13:50.122490+00:00,interpolated,-2.240000009536743,1.3300000056624413,-1.1900000050663948
34.196637498,842346873198772616,842346874936462820,52,83,34800703000000,2026-09-10T09:13:50.122490+00:00,interpolated,-2.240000009536743,1.260000005364418,-1.1200000047683716
34.215525435,842346873217660553,842346874936462820,52,84,34800703000000,2026-09-10T09:13:50.122490+00:00,interpolated,-2.17000000923872,1.3300000056624413,-1.1900000050663948
34.234413372,842346873236548490,842346874936462820,52,85,34800703000000,2026-09-10T09:13:50.122490+00:00,interpolated,-2.240000009536743,1.260000005364418,-1.1900000050663948
34.253301309,842346873255436427,842346874936462820,52,86,34800703000000,2026-09-10T09:13:50.122490+00:00,interpolated,-2.240000009536743,1.260000005364418,-1.1200000047683716
34.272189246,842346873274324364,842346874936462820,52,87,34800703000000,2026-09-10T09:13:50.122490+00:00,interpolated,-2.240000009536743,1.260000005364418,-1.1900000050663948
34.291077183,842346873293212301,842346874936462820,52,88,34800703000000,2026-09-10T09:13:50.122490+00:00,interpolated,-2.3100000098347664,1.3300000056624413,-1.1900000050663948
34.30996512,842346873312100238,842346874936462820,52,89,34800703000000,2026-09-10T09:13:50.122490+00:00,interpolated,-2.240000009536743,1.260000005364418,-1.1900000050663948
34.328853057,842346873330988175,842346874936462820,52,90,34800703000000,2026-09-10T09:13:50.122490+00:00,interpolated,-2.240000009536743,1.3300000056624413,-1.1200000047683716
34.347740994,842346873349876112,842346874936462820,52,91,34800703000000,2026-09-10T09:13:50.122490+00:00,interpolated,-2.3100000098347664,1.260000005364418,-1.1900000050663948
34.366628931,842346873368764049,842346874936462820,52,92,34800703000000,2026-09-10T09:13:50.122490+00:00,interpolated,-2.240000009536743,1.260000005364418,-1.1900000050663948
34.385516868,842346873387651986,842346874936462820,52,93,34800703000000,2026-09-10T09:13:50.122490+00:00,interpolated,-2.240000009536743,1.3300000056624413,-1.1900000050663948
34.404404805,842346873406539923,842346874936462820,52,94,34800703000000,2026-09-10T09:13:50.122490+00:00,interpolated,-2.17000000923872,1.260000005364418,-1.1200000047683716
34.423292742,842346873425427860,842346874936462820,52,95,34800703000000,2026-09-10T09:13:50.122490+00:00,interpolated,-2.240000009536743,1.260000005364418,-1.1900000050663948
34.442180679,842346873444315797,842346874936462820,52,96,34800703000000,2026-09-10T09:13:50.122490+00:00,interpolated,-2.240000009536743,1.3300000056624413,-1.1900000050663948
34.461068616,842346873463203734,842346874936462820,52,97,34800703000000,2026-09-10T09:13:50.122490+00:00,interpolated,-2.17000000923872,1.3300000056624413,-1.1900000050663948
34.479956553,842346873482091671,842346874936462820,52,98,34800703000000,2026-09-10T09:13:50.122490+00:00,interpolated,-2.240000009536743,1.260000005364418,-1.1200000047683716
34.49884449,842346873500979608,842346874936462820,52,99,34800703000000,2026-09-10T09:13:50.122490+00:00,interpolated,-2.17000000923872,1.260000005364418,-1.1900000050663948
34.517732427,842346873519867545,842346874936462820,52,100,34800703000000,2026-09-10T09:13:50.122490+00:00,interpolated,-2.240000009536743,1.260000005364418,-1.1200000047683716
34.536620364,842346873538755482,842346874936462820,52,101,34800703000000,2026-09-10T09:13:50.122490+00:00,interpolated,-2.240000009536743,1.260000005364418,-1.1900000050663948
34.555508301,842346873557643419,842346874936462820,52,102,34800703000000,2026-09-10T09:13:50.122490+00:00,interpolated,-2.240000009536743,1.260000005364418,-1.1900000050663948
34.574396238,842346873576531356,842346874936462820,52,103,34800703000000,2026-09-10T09:13:50.122490+00:00,interpolated,-2.3100000098347664,1.260000005364418,-1.1900000050663948
34.593284175,842346873595419293,842346874936462820,52,104,34800703000000,2026-09-10T09:13:50.122490+00:00,interpolated,-2.240000009536743,1.260000005364418,-1.1900000050663948
34.612172112,842346873614307230,842346874936462820,52,105,34800703000000,2026-09-10T09:13:50.122490+00:00,interpolated,-2.240000009536743,1.3300000056624413,-1.1200000047683716
34.631060049,842346873633195167,842346874936462820,52,106,34800703000000,2026-09-10T09:13:50.122490+00:00,interpolated,-2.17000000923872,1.3300000056624413,-1.1900000050663948
34.649947986,842346873652083104,842346874936462820,52,107,34800703000000,2026-09-10T09:13:50.122490+00:00,interpolated,-2.240000009536743,1.260000005364418,-1.1900000050663948
34.668835923,842346873670971041,842346874936462820,52,108,34800703000000,2026-09-10T09:13:50.122490+00:00,interpolated,-2.3100000098347664,1.260000005364418,-1.1900000050663948
34.68772386,842346873689858978,842346874936462820,52,109,34800703000000,2026-09-10T09:13:50.122490+00:00,interpolated,-2.240000009536743,1.260000005364418,-1.1900000050663948
34.706611797,842346873708746915,842346874936462820,52,110,34800703000000,2026-09-10T09:13:50.122490+00:00,interpolated,-2.240000009536743,1.3300000056624413,-1.1900000050663948
34.725499734,842346873727634852,842346874936462820,52,111,34800703000000,2026-09-10T09:13:50.122490+00:00,interpolated,-2.240000009536743,1.260000005364418,-1.1900000050663948
34.744387671,842346873746522789,842346874936462820,52,112,34800703000000,2026-09-10T09:13:50.122490+00:00,interpolated,-2.240000009536743,1.260000005364418,-1.1200000047683716
34.763275608,842346873765410726,842346874936462820,52,113,34800703000000,2026-09-10T09:13:50.122490+00:00,interpolated,-2.3100000098347664,1.3300000056624413,-1.1200000047683716
34.782163545,842346873784298663,842346874936462820,52,114,34800703000000,2026-09-10T09:13:50.122490+00:00,interpolated,-2.240000009536743,1.260000005364418,-1.1200000047683716
34.801051482,842346873803186600,842346874936462820,52,115,34800703000000,2026-09-10T09:13:50.122490+00:00,interpolated,-2.240000009536743,1.260000005364418,-1.1200000047683716
34.819939419,842346873822074537,842346874936462820,52,116,34800703000000,2026-09-10T09:13:50.122490+00:00,interpolated,-2.240000009536743,1.3300000056624413,-1.1900000050663948
34.838827356,842346873840962474,842346874936462820,52,117,34800703000000,2026-09-10T09:13:50.122490+00:00,interpolated,-2.17000000923872,1.260000005364418,-1.1200000047683716
34.857715293,842346873859850411,842346874936462820,52,118,34800703000000,2026-09-10T09:13:50.122490+00:00,interpolated,-2.240000009536743,1.260000005364418,-1.1900000050663948
34.87660323,842346873878738348,842346874936462820,52,119,34800703000000,2026-09-10T09:13:50.122490+00:00,interpolated,-2.17000000923872,1.3300000056624413,-1.1900000050663948
34.895491167,842346873897626285,842346874936462820,52,120,34800703000000,2026-09-10T09:13:50.122490+00:00,interpolated,-2.240000009536743,1.260000005364418,-1.1900000050663948
34.914379104,842346873916514222,842346874936462820,52,121,34800703000000,2026-09-10T09:13:50.122490+00:00,interpolated,-2.3100000098347664,1.3300000056624413,-1.1900000050663948
34.933267041,842346873935402159,842346874936462820,52,122,34800703000000,2026-09-10T09:13:50.122490+00:00,interpolated,-2.17000000923872,1.260000005364418,-1.1900000050663948
34.952154978,842346873954290096,842346874936462820,52,123,34800703000000,2026-09-10T09:13:50.122490+00:00,interpolated,-2.3100000098347664,1.3300000056624413,-1.1900000050663948
34.971042915,842346873973178033,842346874936462820,52,124,34800703000000,2026-09-10T09:13:50.122490+00:00,interpolated,-2.240000009536743,1.3300000056624413,-1.1900000050663948
34.989930852,842346873992065970,842346874936462820,52,125,34800703000000,2026-09-10T09:13:50.122490+00:00,interpolated,-2.17000000923872,1.260000005364418,-1.1200000047683716
35.008818789,842346874010953907,842346874936462820,52,126,34800703000000,2026-09-10T09:13:50.122490+00:00,interpolated,-2.240000009536743,1.3300000056624413,-1.1900000050663948
35.027706726,842346874029841844,842346874936462820,52,127,34800703000000,2026-09-10T09:13:50.122490+00:00,interpolated,-2.240000009536743,1.3300000056624413,-1.1900000050663948
35.046594663,842346874048729781,842346874936462820,52,128,34800703000000,2026-09-10T09:13:50.122490+00:00,interpolated,-2.17000000923872,1.260000005364418,-1.1200000047683716
35.0654826,842346874067617718,842346874936462820,52,129,34800703000000,2026-09-10T09:13:50.122490+00:00,interpolated,-2.3100000098347664,1.3300000056624413,-1.1900000050663948
35.084370537,842346874086505655,842346874936462820,52,130,34800703000000,2026-09-10T09:13:50.122490+00:00,interpolated,-2.240000009536743,1.260000005364418,-1.1900000050663948
35.103258474,842346874105393592,842346874936462820,52,131,34800703000000,2026-09-10T09:13:50.122490+00:00,interpolated,-2.240000009536743,1.260000005364418,-1.1900000050663948
35.122146411,842346874124281529,842346874936462820,52,132,34800703000000,2026-09-10T09:13:50.122490+00:00,interpolated,-2.17000000923872,1.260000005364418,-1.1900000050663948
35.141034348,842346874143169466,842346874936462820,52,133,34800703000000,2026-09-10T09:13:50.122490+00:00,interpolated,-2.240000009536743,1.3300000056624413,-1.1900000050663948
35.159922285,842346874162057403,842346874936462820,52,134,34800703000000,2026-09-10T09:13:50.122490+00:00,interpolated,-2.17000000923872,1.260000005364418,-1.1900000050663948
35.178810222,842346874180945340,842346874936462820,52,135,34800703000000,2026-09-10T09:13:50.122490+00:00,interpolated,-2.240000009536743,1.260000005364418,-1.1900000050663948
35.197698159,842346874199833277,842346874936462820,52,136,34800703000000,2026-09-10T09:13:50.122490+00:00,interpolated,-2.240000009536743,1.3300000056624413,-1.1200000047683716
35.216586096,842346874218721214,842346874936462820,52,137,34800703000000,2026-09-10T09:13:50.122490+00:00,interpolated,-2.240000009536743,1.3300000056624413,-1.1900000050663948
35.235474033,842346874237609151,842346874936462820,52,138,34800703000000,2026-09-10T09:13:50.122490+00:00,interpolated,-2.17000000923872,1.260000005364418,-1.1200000047683716
35.25436197,842346874256497088,842346874936462820,52,139,34800703000000,2026-09-10T09:13:50.122490+00:00,interpolated,-2.240000009536743,1.260000005364418,-1.1900000050663948
35.273249907,842346874275385025,842346874936462820,52,140,34800703000000,2026-09-10T09:13:50.122490+00:00,interpolated,-2.240000009536743,1.260000005364418,-1.1900000050663948
35.292137844,842346874294272962,842346874936462820,52,141,34800703000000,2026-09-10T09:13:50.122490+00:00,interpolated,-2.240000009536743,1.3300000056624413,-1.1200000047683716
35.311025781,842346874313160899,842346874936462820,52,142,34800703000000,2026-09-10T09:13:50.122490+00:00,interpolated,-2.240000009536743,1.3300000056624413,-1.1200000047683716
35.329913718,842346874332048836,842346874936462820,52,143,34800703000000,2026-09-10T09:13:50.122490+00:00,interpolated,-2.17000000923872,1.260000005364418,-1.1900000050663948
35.348801655,842346874350936773,842346874936462820,52,144,34800703000000,2026-09-10T09:13:50.122490+00:00,interpolated,-2.240000009536743,1.260000005364418,-1.1200000047683716
35.367689592,842346874369824710,842346874936462820,52,145,34800703000000,2026-09-10T09:13:50.122490+00:00,interpolated,-2.240000009536743,1.260000005364418,-1.1200000047683716
35.386577529,842346874388712647,842346874936462820,52,146,34800703000000,2026-09-10T09:13:50.122490+00:00,interpolated,-2.240000009536743,1.260000005364418,-1.1900000050663948
35.405465466,842346874407600584,842346874936462820,52,147,34800703000000,2026-09-10T09:13:50.122490+00:00,interpolated,-2.3100000098347664,1.3300000056624413,-1.1900000050663948
35.424353403,842346874426488521,842346874936462820,52,148,34800703000000,2026-09-10T09:13:50.122490+00:00,interpolated,-2.240000009536743,1.260000005364418,-1.1200000047683716
35.44324134,842346874445376458,842346874936462820,52,149,34800703000000,2026-09-10T09:13:50.122490+00:00,interpolated,-2.240000009536743,1.260000005364418,-1.1900000050663948
35.462129277,842346874464264395,842346874936462820,52,150,34800703000000,2026-09-10T09:13:50.122490+00:00,interpolated,-2.240000009536743,1.3300000056624413,-1.1900000050663948
35.481017214,842346874483152332,842346874936462820,52,151,34800703000000,2026-09-10T09:13:50.122490+00:00,interpolated,-2.240000009536743,1.3300000056624413,-1.1900000050663948
35.499905151,842346874502040269,842346874936462820,52,152,34800703000000,2026-09-10T09:13:50.122490+00:00,interpolated,-2.240000009536743,1.260000005364418,-1.1900000050663948
35.518793088,842346874520928206,842346874936462820,52,153,34800703000000,2026-09-10T09:13:50.122490+00:00,interpolated,-2.240000009536743,1.3300000056624413,-1.1900000050663948
35.537681025,842346874539816143,842346874936462820,52,154,34800703000000,2026-09-10T09:13:50.122490+00:00,interpolated,-2.240000009536743,1.260000005364418,-1.1900000050663948
35.556568962,842346874558704080,842346874936462820,52,155,34800703000000,2026-09-10T09:13:50.122490+00:00,interpolated,-2.240000009536743,1.260000005364418,-1.1900000050663948
35.575456899,842346874577592017,842346874936462820,52,156,34800703000000,2026-09-10T09:13:50.122490+00:00,interpolated,-2.240000009536743,1.260000005364418,-1.1200000047683716
35.594344836,842346874596479954,842346874936462820,52,157,34800703000000,2026-09-10T09:13:50.122490+00:00,interpolated,-2.240000009536743,1.260000005364418,-1.1900000050663948
35.613232773,842346874615367891,842346874936462820,52,158,34800703000000,2026-09-10T09:13:50.122490+00:00,interpolated,-2.3100000098347664,1.3300000056624413,-1.1200000047683716
35.63212071,842346874634255828,842346874936462820,52,159,34800703000000,2026-09-10T09:13:50.122490+00:00,interpolated,-2.240000009536743,1.260000005364418,-1.1200000047683716
35.651008647,842346874653143765,842346874936462820,52,160,34800703000000,2026-09-10T09:13:50.122490+00:00,interpolated,-2.240000009536743,1.3300000056624413,-1.1200000047683716
35.669896584,842346874672031702,842346874936462820,52,161,34800703000000,2026-09-10T09:13:50.122490+00:00,interpolated,-2.240000009536743,1.3300000056624413,-1.1900000050663948
35.688784521,842346874690919639,842346874936462820,52,162,34800703000000,2026-09-10T09:13:50.122490+00:00,interpolated,-2.17000000923872,1.3300000056624413,-1.1900000050663948
35.707672458,842346874709807576,842346874936462820,52,163,34800703000000,2026-09-10T09:13:50.122490+00:00,interpolated,-2.240000009536743,1.3300000056624413,-1.1200000047683716
35.726560395,842346874728695513,842346874936462820,52,164,34800703000000,2026-09-10T09:13:50.122490+00:00,interpolated,-2.240000009536743,1.3300000056624413,-1.1900000050663948
35.745448332,842346874747583450,842346874936462820,52,165,34800703000000,2026-09-10T09:13:50.122490+00:00,interpolated,-2.17000000923872,1.260000005364418,-1.1900000050663948
35.764336269,842346874766471387,842346874936462820,52,166,34800703000000,2026-09-10T09:13:50.122490+00:00,interpolated,-2.3100000098347664,1.3300000056624413,-1.1900000050663948
35.783224206,842346874785359324,842346874936462820,52,167,34800703000000,2026-09-10T09:13:50.122490+00:00,interpolated,-2.240000009536743,1.260000005364418,-1.1200000047683716
35.802112143,842346874804247261,842346874936462820,52,168,34800703000000,2026-09-10T09:13:50.122490+00:00,interpolated,-2.240000009536743,1.260000005364418,-1.1200000047683716
35.82100008,842346874823135198,842346874936462820,52,169,34800703000000,2026-09-10T09:13:50.122490+00:00,interpolated,-2.240000009536743,1.3300000056624413,-1.1900000050663948
35.839888017,842346874842023135,842346874936462820,52,170,34800703000000,2026-09-10T09:13:50.122490+00:00,interpolated,-2.17000000923872,1.260000005364418,-1.1900000050663948
35.858775954,842346874860911072,842346874936462820,52,171,34800703000000,2026-09-10T09:13:50.122490+00:00,interpolated,-2.3100000098347664,1.260000005364418,-1.1900000050663948
35.877663891,842346874879799009,842346874936462820,52,172,34800703000000,2026-09-10T09:13:50.122490+00:00,interpolated,-2.240000009536743,1.260000005364418,-1.1200000047683716
35.896551828,842346874898686946,842346874936462820,52,173,34800703000000,2026-09-10T09:13:50.122490+00:00,interpolated,-2.17000000923872,1.260000005364418,-1.1200000047683716
35.915439765,842346874917574883,842346874936462820,52,174,34800703000000,2026-09-10T09:13:50.122490+00:00,interpolated,-2.240000009536743,1.260000005364418,-1.1900000050663948
35.934327702,842346874936462820,842346874936462820,52,175,34800703000000,2026-09-10T09:13:50.122490+00:00,interpolated,-2.17000000923872,1.260000005364418,-1.1200000047683716
35.953215583,842346874955350701,842346876919690308,56,0,34802656000000,2026-09-10T09:13:52.072491+00:00,interpolated,-2.240000009536743,1.260000005364418,-1.1200000047683716
35.972103464,842346874974238582,842346876919690308,56,1,34802656000000,2026-09-10T09:13:52.072491+00:00,interpolated,-2.3100000098347664,1.260000005364418,-1.1200000047683716
35.990991345,842346874993126463,842346876919690308,56,2,34802656000000,2026-09-10T09:13:52.072491+00:00,interpolated,-2.240000009536743,1.260000005364418,-1.1900000050663948
36.009879225,842346875012014343,842346876919690308,56,3,34802656000000,2026-09-10T09:13:52.072491+00:00,interpolated,-2.17000000923872,1.260000005364418,-1.1200000047683716
36.028767106,842346875030902224,842346876919690308,56,4,34802656000000,2026-09-10T09:13:52.072491+00:00,interpolated,-2.240000009536743,1.3300000056624413,-1.1900000050663948
36.047654987,842346875049790105,842346876919690308,56,5,34802656000000,2026-09-10T09:13:52.072491+00:00,interpolated,-2.240000009536743,1.260000005364418,-1.1200000047683716
36.066542868,842346875068677986,842346876919690308,56,6,34802656000000,2026-09-10T09:13:52.072491+00:00,interpolated,-2.3100000098347664,1.260000005364418,-1.1900000050663948
36.085430749,842346875087565867,842346876919690308,56,7,34802656000000,2026-09-10T09:13:52.072491+00:00,interpolated,-2.3100000098347664,1.260000005364418,-1.1900000050663948
36.10431863,842346875106453748,842346876919690308,56,8,34802656000000,2026-09-10T09:13:52.072491+00:00,interpolated,-2.240000009536743,1.260000005364418,-1.1200000047683716
36.12320651,842346875125341628,842346876919690308,56,9,34802656000000,2026-09-10T09:13:52.072491+00:00,interpolated,-2.3100000098347664,1.260000005364418,-1.1200000047683716
36.142094391,842346875144229509,842346876919690308,56,10,34802656000000,2026-09-10T09:13:52.072491+00:00,interpolated,-2.240000009536743,1.260000005364418,-1.1200000047683716
36.160982272,842346875163117390,842346876919690308,56,11,34802656000000,2026-09-10T09:13:52.072491+00:00,interpolated,-2.240000009536743,1.260000005364418,-1.1200000047683716
36.179870153,842346875182005271,842346876919690308,56,12,34802656000000,2026-09-10T09:13:52.072491+00:00,interpolated,-2.240000009536743,1.260000005364418,-1.1200000047683716
36.198758034,842346875200893152,842346876919690308,56,13,34802656000000,2026-09-10T09:13:52.072491+00:00,interpolated,-2.240000009536743,1.260000005364418,-1.1200000047683716
36.217645915,842346875219781033,842346876919690308,56,14,34802656000000,2026-09-10T09:13:52.072491+00:00,interpolated,-2.17000000923872,1.3300000056624413,-1.1900000050663948
36.236533795,842346875238668913,842346876919690308,56,15,34802656000000,2026-09-10T09:13:52.072491+00:00,interpolated,-2.240000009536743,1.3300000056624413,-1.1900000050663948
36.255421676,842346875257556794,842346876919690308,56,16,34802656000000,2026-09-10T09:13:52.072491+00:00,interpolated,-2.240000009536743,1.260000005364418,-1.1200000047683716
36.274309557,842346875276444675,842346876919690308,56,17,34802656000000,2026-09-10T09:13:52.072491+00:00,interpolated,-2.240000009536743,1.3300000056624413,-1.1900000050663948
36.293197438,842346875295332556,842346876919690308,56,18,34802656000000,2026-09-10T09:13:52.072491+00:00,interpolated,-2.17000000923872,1.260000005364418,-1.1900000050663948
36.312085319,842346875314220437,842346876919690308,56,19,34802656000000,2026-09-10T09:13:52.072491+00:00,interpolated,-2.240000009536743,1.260000005364418,-1.1200000047683716
36.3309732,842346875333108318,842346876919690308,56,20,34802656000000,2026-09-10T09:13:52.072491+00:00,interpolated,-2.240000009536743,1.3300000056624413,-1.1900000050663948
36.34986108,842346875351996198,842346876919690308,56,21,34802656000000,2026-09-10T09:13:52.072491+00:00,interpolated,-2.17000000923872,1.260000005364418,-1.1900000050663948
36.368748961,842346875370884079,842346876919690308,56,22,34802656000000,2026-09-10T09:13:52.072491+00:00,interpolated,-2.240000009536743,1.3300000056624413,-1.1900000050663948
36.387636842,842346875389771960,842346876919690308,56,23,34802656000000,2026-09-10T09:13:52.072491+00:00,interpolated,-2.240000009536743,1.3300000056624413,-1.1900000050663948
36.406524723,842346875408659841,842346876919690308,56,24,34802656000000,2026-09-10T09:13:52.072491+00:00,interpolated,-2.17000000923872,1.260000005364418,-1.1900000050663948
36.425412604,842346875427547722,842346876919690308,56,25,34802656000000,2026-09-10T09:13:52.072491+00:00,interpolated,-2.240000009536743,1.3300000056624413,-1.1900000050663948
36.444300485,842346875446435603,842346876919690308,56,26,34802656000000,2026-09-10T09:13:52.072491+00:00,interpolated,-2.240000009536743,1.3300000056624413,-1.1200000047683716
36.463188365,842346875465323483,842346876919690308,56,27,34802656000000,2026-09-10T09:13:52.072491+00:00,interpolated,-2.17000000923872,1.260000005364418,-1.1200000047683716
36.482076246,842346875484211364,842346876919690308,56,28,34802656000000,2026-09-10T09:13:52.072491+00:00,interpolated,-2.3100000098347664,1.3300000056624413,-1.1200000047683716
36.500964127,842346875503099245,842346876919690308,56,29,34802656000000,2026-09-10T09:13:52.072491+00:00,interpolated,-2.240000009536743,1.260000005364418,-1.1200000047683716
36.519852008,842346875521987126,842346876919690308,56,30,34802656000000,2026-09-10T09:13:52.072491+00:00,interpolated,-2.240000009536743,1.260000005364418,-1.1900000050663948
36.538739889,842346875540875007,842346876919690308,56,31,34802656000000,2026-09-10T09:13:52.072491+00:00,interpolated,-2.240000009536743,1.260000005364418,-1.1900000050663948
36.55762777,842346875559762888,842346876919690308,56,32,34802656000000,2026-09-10T09:13:52.072491+00:00,interpolated,-2.17000000923872,1.260000005364418,-1.1200000047683716
36.57651565,842346875578650768,842346876919690308,56,33,34802656000000,2026-09-10T09:13:52.072491+00:00,interpolated,-2.240000009536743,1.260000005364418,-1.1200000047683716
36.595403531,842346875597538649,842346876919690308,56,34,34802656000000,2026-09-10T09:13:52.072491+00:00,interpolated,-2.240000009536743,1.260000005364418,-1.1900000050663948
36.614291412,842346875616426530,842346876919690308,56,35,34802656000000,2026-09-10T09:13:52.072491+00:00,interpolated,-2.240000009536743,1.260000005364418,-1.1900000050663948
36.633179293,842346875635314411,842346876919690308,56,36,34802656000000,2026-09-10T09:13:52.072491+00:00,interpolated,-2.3100000098347664,1.3300000056624413,-1.1200000047683716
36.652067174,842346875654202292,842346876919690308,56,37,34802656000000,2026-09-10T09:13:52.072491+00:00,interpolated,-2.240000009536743,1.260000005364418,-1.1900000050663948
36.670955055,842346875673090173,842346876919690308,56,38,34802656000000,2026-09-10T09:13:52.072491+00:00,interpolated,-2.240000009536743,1.260000005364418,-1.1900000050663948
36.689842936,842346875691978054,842346876919690308,56,39,34802656000000,2026-09-10T09:13:52.072491+00:00,interpolated,-2.240000009536743,1.260000005364418,-1.1200000047683716
36.708730816,842346875710865934,842346876919690308,56,40,34802656000000,2026-09-10T09:13:52.072491+00:00,interpolated,-2.240000009536743,1.260000005364418,-1.1900000050663948
36.727618697,842346875729753815,842346876919690308,56,41,34802656000000,2026-09-10T09:13:52.072491+00:00,interpolated,-2.240000009536743,1.3300000056624413,-1.1200000047683716
36.746506578,842346875748641696,842346876919690308,56,42,34802656000000,2026-09-10T09:13:52.072491+00:00,interpolated,-2.240000009536743,1.3300000056624413,-1.1200000047683716
36.765394459,842346875767529577,842346876919690308,56,43,34802656000000,2026-09-10T09:13:52.072491+00:00,interpolated,-2.240000009536743,1.260000005364418,-1.1200000047683716
36.78428234,842346875786417458,842346876919690308,56,44,34802656000000,2026-09-10T09:13:52.072491+00:00,interpolated,-2.240000009536743,1.3300000056624413,-1.1200000047683716
36.803170221,842346875805305339,842346876919690308,56,45,34802656000000,2026-09-10T09:13:52.072491+00:00,interpolated,-2.240000009536743,1.3300000056624413,-1.1200000047683716
36.822058101,842346875824193219,842346876919690308,56,46,34802656000000,2026-09-10T09:13:52.072491+00:00,interpolated,-2.240000009536743,1.3300000056624413,-1.1200000047683716
36.840945982,842346875843081100,842346876919690308,56,47,34802656000000,2026-09-10T09:13:52.072491+00:00,interpolated,-2.240000009536743,1.260000005364418,-1.1900000050663948
36.859833863,842346875861968981,842346876919690308,56,48,34802656000000,2026-09-10T09:13:52.072491+00:00,interpolated,-2.240000009536743,1.260000005364418,-1.1200000047683716
36.878721744,842346875880856862,842346876919690308,56,49,34802656000000,2026-09-10T09:13:52.072491+00:00,interpolated,-2.240000009536743,1.260000005364418,-1.1200000047683716
36.897609625,842346875899744743,842346876919690308,56,50,34802656000000,2026-09-10T09:13:52.072491+00:00,interpolated,-2.240000009536743,1.260000005364418,-1.1900000050663948
36.916497506,842346875918632624,842346876919690308,56,51,34802656000000,2026-09-10T09:13:52.072491+00:00,interpolated,-2.3100000098347664,1.260000005364418,-1.1200000047683716
36.935385386,842346875937520504,842346876919690308,56,52,34802656000000,2026-09-10T09:13:52.072491+00:00,interpolated,-2.240000009536743,1.3300000056624413,-1.1200000047683716
36.954273267,842346875956408385,842346876919690308,56,53,34802656000000,2026-09-10T09:13:52.072491+00:00,interpolated,-2.240000009536743,1.3300000056624413,-1.1200000047683716
36.973161148,842346875975296266,842346876919690308,56,54,34802656000000,2026-09-10T09:13:52.072491+00:00,interpolated,-2.240000009536743,1.3300000056624413,-1.1900000050663948
36.992049029,842346875994184147,842346876919690308,56,55,34802656000000,2026-09-10T09:13:52.072491+00:00,interpolated,-2.240000009536743,1.260000005364418,-1.1900000050663948
37.01093691,842346876013072028,842346876919690308,56,56,34802656000000,2026-09-10T09:13:52.072491+00:00,interpolated,-2.240000009536743,1.260000005364418,-1.1900000050663948
37.029824791,842346876031959909,842346876919690308,56,57,34802656000000,2026-09-10T09:13:52.072491+00:00,interpolated,-2.240000009536743,1.3300000056624413,-1.1900000050663948
37.048712671,842346876050847789,842346876919690308,56,58,34802656000000,2026-09-10T09:13:52.072491+00:00,interpolated,-2.17000000923872,1.260000005364418,-1.1900000050663948
37.067600552,842346876069735670,842346876919690308,56,59,34802656000000,2026-09-10T09:13:52.072491+00:00,interpolated,-2.240000009536743,1.260000005364418,-1.1200000047683716
37.086488433,842346876088623551,842346876919690308,56,60,34802656000000,2026-09-10T09:13:52.072491+00:00,interpolated,-2.240000009536743,1.3300000056624413,-1.1900000050663948
37.105376314,842346876107511432,842346876919690308,56,61,34802656000000,2026-09-10T09:13:52.072491+00:00,interpolated,-2.240000009536743,1.260000005364418,-1.1900000050663948
37.124264195,842346876126399313,842346876919690308,56,62,34802656000000,2026-09-10T09:13:52.072491+00:00,interpolated,-2.3100000098347664,1.260000005364418,-1.1200000047683716
37.143152076,842346876145287194,842346876919690308,56,63,34802656000000,2026-09-10T09:13:52.072491+00:00,interpolated,-2.17000000923872,1.260000005364418,-1.1900000050663948
37.162039956,842346876164175074,842346876919690308,56,64,34802656000000,2026-09-10T09:13:52.072491+00:00,interpolated,-2.17000000923872,1.260000005364418,-1.1900000050663948
37.180927837,842346876183062955,842346876919690308,56,65,34802656000000,2026-09-10T09:13:52.072491+00:00,interpolated,-2.240000009536743,1.260000005364418,-1.1900000050663948
37.199815718,842346876201950836,842346876919690308,56,66,34802656000000,2026-09-10T09:13:52.072491+00:00,interpolated,-2.17000000923872,1.260000005364418,-1.1900000050663948
37.218703599,842346876220838717,842346876919690308,56,67,34802656000000,2026-09-10T09:13:52.072491+00:00,interpolated,-2.240000009536743,1.260000005364418,-1.1200000047683716
37.23759148,842346876239726598,842346876919690308,56,68,34802656000000,2026-09-10T09:13:52.072491+00:00,interpolated,-2.240000009536743,1.3300000056624413,-1.1200000047683716
37.256479361,842346876258614479,842346876919690308,56,69,34802656000000,2026-09-10T09:13:52.072491+00:00,interpolated,-2.240000009536743,1.3300000056624413,-1.1900000050663948
37.275367242,842346876277502360,842346876919690308,56,70,34802656000000,2026-09-10T09:13:52.072491+00:00,interpolated,-2.240000009536743,1.3300000056624413,-1.1900000050663948
37.294255122,842346876296390240,842346876919690308,56,71,34802656000000,2026-09-10T09:13:52.072491+00:00,interpolated,-2.17000000923872,1.260000005364418,-1.1200000047683716
37.313143003,842346876315278121,842346876919690308,56,72,34802656000000,2026-09-10T09:13:52.072491+00:00,interpolated,-2.240000009536743,1.260000005364418,-1.1900000050663948
37.332030884,842346876334166002,842346876919690308,56,73,34802656000000,2026-09-10T09:13:52.072491+00:00,interpolated,-2.240000009536743,1.260000005364418,-1.1200000047683716
37.350918765,842346876353053883,842346876919690308,56,74,34802656000000,2026-09-10T09:13:52.072491+00:00,interpolated,-2.240000009536743,1.260000005364418,-1.1200000047683716
37.369806646,842346876371941764,842346876919690308,56,75,34802656000000,2026-09-10T09:13:52.072491+00:00,interpolated,-2.3100000098347664,1.260000005364418,-1.1200000047683716
37.388694527,842346876390829645,842346876919690308,56,76,34802656000000,2026-09-10T09:13:52.072491+00:00,interpolated,-2.240000009536743,1.1900000050663948,-1.1200000047683716
37.407582407,842346876409717525,842346876919690308,56,77,34802656000000,2026-09-10T09:13:52.072491+00:00,interpolated,-2.240000009536743,1.260000005364418,-1.1200000047683716
37.426470288,842346876428605406,842346876919690308,56,78,34802656000000,2026-09-10T09:13:52.072491+00:00,interpolated,-2.240000009536743,1.3300000056624413,-1.1200000047683716
37.445358169,842346876447493287,842346876919690308,56,79,34802656000000,2026-09-10T09:13:52.072491+00:00,interpolated,-2.17000000923872,1.260000005364418,-1.1200000047683716
37.46424605,842346876466381168,842346876919690308,56,80,34802656000000,2026-09-10T09:13:52.072491+00:00,interpolated,-2.240000009536743,1.3300000056624413,-1.1200000047683716
37.483133931,842346876485269049,842346876919690308,56,81,34802656000000,2026-09-10T09:13:52.072491+00:00,interpolated,-2.240000009536743,1.3300000056624413,-1.1200000047683716
37.502021812,842346876504156930,842346876919690308,56,82,34802656000000,2026-09-10T09:13:52.072491+00:00,interpolated,-2.240000009536743,1.260000005364418,-1.1900000050663948
37.520909692,842346876523044810,842346876919690308,56,83,34802656000000,2026-09-10T09:13:52.072491+00:00,interpolated,-2.240000009536743,1.260000005364418,-1.1900000050663948
37.539797573,842346876541932691,842346876919690308,56,84,34802656000000,2026-09-10T09:13:52.072491+00:00,interpolated,-2.240000009536743,1.3300000056624413,-1.1200000047683716
37.558685454,842346876560820572,842346876919690308,56,85,34802656000000,2026-09-10T09:13:52.072491+00:00,interpolated,-2.240000009536743,1.260000005364418,-1.1200000047683716
37.577573335,842346876579708453,842346876919690308,56,86,34802656000000,2026-09-10T09:13:52.072491+00:00,interpolated,-2.3100000098347664,1.260000005364418,-1.1200000047683716
37.596461216,842346876598596334,842346876919690308,56,87,34802656000000,2026-09-10T09:13:52.072491+00:00,interpolated,-2.17000000923872,1.3300000056624413,-1.1900000050663948
37.615349097,842346876617484215,842346876919690308,56,88,34802656000000,2026-09-10T09:13:52.072491+00:00,interpolated,-2.240000009536743,1.260000005364418,-1.1900000050663948
37.634236977,842346876636372095,842346876919690308,56,89,34802656000000,2026-09-10T09:13:52.072491+00:00,interpolated,-2.240000009536743,1.3300000056624413,-1.1900000050663948
37.653124858,842346876655259976,842346876919690308,56,90,34802656000000,2026-09-10T09:13:52.072491+00:00,interpolated,-2.17000000923872,1.3300000056624413,-1.1900000050663948
37.672012739,842346876674147857,842346876919690308,56,91,34802656000000,2026-09-10T09:13:52.072491+00:00,interpolated,-2.240000009536743,1.260000005364418,-1.1200000047683716
37.69090062,842346876693035738,842346876919690308,56,92,34802656000000,2026-09-10T09:13:52.072491+00:00,interpolated,13.930000059306622,-4.900000020861626,9.590000040829182
37.709788501,842346876711923619,842346876919690308,56,93,34802656000000,2026-09-10T09:13:52.072491+00:00,interpolated,100.59000042825937,-23.730000101029873,16.800000071525574
37.728676382,842346876730811500,842346876919690308,56,94,34802656000000,2026-09-10T09:13:52.072491+00:00,interpolated,66.85000028461218,56.140000239014626,-74.62000031769276
37.747564262,842346876749699380,842346876919690308,56,95,34802656000000,2026-09-10T09:13:52.072491+00:00,interpolated,148.19000063091516,154.28000065684319,-65.17000027745962
37.766452143,842346876768587261,842346876919690308,56,96,34802656000000,2026-09-10T09:13:52.072491+00:00,interpolated,108.43000046163797,273.6300011649728,-50.19000021368265
37.785340024,842346876787475142,842346876919690308,56,97,34802656000000,2026-09-10T09:13:52.072491+00:00,interpolated,67.55000028759241,403.970001719892,-21.840000092983246
37.804227905,842346876806363023,842346876919690308,56,98,34802656000000,2026-09-10T09:13:52.072491+00:00,interpolated,-13.090000055730343,364.4200015515089,-6.860000029206276
37.823115786,842346876825250904,842346876919690308,56,99,34802656000000,2026-09-10T09:13:52.072491+00:00,interpolated,-69.16000029444695,406.0000017285347,37.030000157654285
37.842003667,842346876844138785,842346876919690308,56,100,34802656000000,2026-09-10T09:13:52.072491+00:00,interpolated,-20.930000089108944,468.30000199377537,94.57000040262938
37.860891547,842346876863026665,842346876919690308,56,101,34802656000000,2026-09-10T09:13:52.072491+00:00,interpolated,73.92000031471252,408.1000017374754,111.44000047445297
37.879779428,842346876881914546,842346876919690308,56,102,34802656000000,2026-09-10T09:13:52.072491+00:00,interpolated,22.750000096857548,340.0600014477968,54.04000023007393
37.898667309,842346876900802427,842346876919690308,56,103,34802656000000,2026-09-10T09:13:52.072491+00:00,interpolated,43.4000001847744,194.81000082939863,2.3800000101327896
37.91755519,842346876919690308,842346876919690308,56,104,34802656000000,2026-09-10T09:13:52.072491+00:00,interpolated,79.38000033795834,162.68000069260597,-239.47000101953745
37.936443628,842346876938578746,842346877599674074,59,0,34803375000000,2026-09-10T09:13:52.792416+00:00,interpolated,-2.240000009536743,267.75000113993883,-392.00000166893005
37.955332066,842346876957467184,842346877599674074,59,1,34803375000000,2026-09-10T09:13:52.792416+00:00,interpolated,91.35000038892031,175.28000074625015,-568.8900024220347
37.974220504,842346876976355622,842346877599674074,59,2,34803375000000,2026-09-10T09:13:52.792416+00:00,interpolated,100.3800004273653,305.4100013002753,-683.9700029119849
37.993108942,842346876995244060,842346877599674074,59,3,34803375000000,2026-09-10T09:13:52.792416+00:00,interpolated,153.02000065147877,172.34000073373318,-487.48000207543373
38.01199738,842346877014132498,842346877599674074,59,4,34803375000000,2026-09-10T09:13:52.792416+00:00,interpolated,296.73000126332045,-49.420000210404396,-215.46000091731548
38.030885818,842346877033020936,842346877599674074,59,5,34803375000000,2026-09-10T09:13:52.792416+00:00,interpolated,217.21000092476606,95.69000040739775,-29.12000012397766
38.049774256,842346877051909374,842346877599674074,59,6,34803375000000,2026-09-10T09:13:52.792416+00:00,interpolated,31.430000133812428,100.24000042676926,128.45000054687262
38.068662694,842346877070797812,842346877599674074,59,7,34803375000000,2026-09-10T09:13:52.792416+00:00,interpolated,-44.45000018924475,36.12000015377998,301.420001283288
38.087551132,842346877089686250,842346877599674074,59,8,34803375000000,2026-09-10T09:13:52.792416+00:00,interpolated,-24.57000010460615,-141.9600006043911,464.94000197947025
38.106439569,842346877108574687,842346877599674074,59,9,34803375000000,2026-09-10T09:13:52.792416+00:00,interpolated,95.41000040620565,-301.6300012841821,534.8000022768974
38.125328007,842346877127463125,842346877599674074,59,10,34803375000000,2026-09-10T09:13:52.792416+00:00,interpolated,143.22000060975552,-281.7500011995435,392.2100016698241
38.144216445,842346877146351563,842346877599674074,59,11,34803375000000,2026-09-10T09:13:52.792416+00:00,interpolated,80.43000034242868,142.8700006082654,334.8800014257431
38.163104883,842346877165240001,842346877599674074,59,12,34803375000000,2026-09-10T09:13:52.792416+00:00,interpolated,70.28000029921532,138.18000058829784,266.0700011327863
38.181993321,842346877184128439,842346877599674074,59,13,34803375000000,2026-09-10T09:13:52.792416+00:00,interpolated,70.2100002989173,101.15000043064356,45.920000195503235
38.200881759,842346877203016877,842346877599674074,59,14,34803375000000,2026-09-10T09:13:52.792416+00:00,interpolated,99.68000042438507,119.56000050902367,-126.49000053852797
38.219770197,842346877221905315,842346877599674074,59,15,34803375000000,2026-09-10T09:13:52.792416+00:00,interpolated,228.06000097095966,111.44000047445297,-230.93000098317862
38.238658635,842346877240793753,842346877599674074,59,16,34803375000000,2026-09-10T09:13:52.792416+00:00,interpolated,263.2000011205673,-64.12000027298927,-355.46000151336193
38.257547073,842346877259682191,842346877599674074,59,17,34803375000000,2026-09-10T09:13:52.792416+00:00,interpolated,160.0900006815791,-27.58000011742115,-531.8600022643805
38.276435511,842346877278570629,842346877599674074,59,18,34803375000000,2026-09-10T09:13:52.792416+00:00,interpolated,28.140000119805336,247.66000105440617,-432.6000018417835
38.295323949,842346877297459067,842346877599674074,59,19,34803375000000,2026-09-10T09:13:52.792416+00:00,interpolated,100.17000042647123,542.9200023114681,-410.97000174969435
38.314212387,842346877316347505,842346877599674074,59,20,34803375000000,2026-09-10T09:13:52.792416+00:00,interpolated,-304.92000129818916,440.020001873374,226.73000096529722
38.333100825,842346877335235943,842346877599674074,59,21,34803375000000,2026-09-10T09:13:52.792416+00:00,interpolated,-634.7600027024746,69.51000029593706,701.4700029864907
38.351989263,842346877354124381,842346877599674074,59,22,34803375000000,2026-09-10T09:13:52.792416+00:00,interpolated,-241.7100010290742,-517.7900022044778,649.2500027641654
38.370877701,842346877373012819,842346877599674074,59,23,34803375000000,2026-09-10T09:13:52.792416+00:00,interpolated,129.50000055134296,-524.300002232194,568.8900024220347
38.389766139,842346877391901257,842346877599674074,59,24,34803375000000,2026-09-10T09:13:52.792416+00:00,interpolated,36.89000015705824,-429.8000018298626,295.89000125974417
38.408654577,842346877410789695,842346877599674074,59,25,34803375000000,2026-09-10T09:13:52.792416+00:00,interpolated,137.83000058680773,-229.74000097811222,54.11000023037195
38.427543015,842346877429678133,842346877599674074,59,26,34803375000000,2026-09-10T09:13:52.792416+00:00,interpolated,224.42000095546246,37.73000016063452,5.4600000232458115
38.446431452,842346877448566570,842346877599674074,59,27,34803375000000,2026-09-10T09:13:52.792416+00:00,interpolated,298.27000126987696,248.6400010585785,-38.64000016450882
38.46531989,842346877467455008,842346877599674074,59,28,34803375000000,2026-09-10T09:13:52.792416+00:00,interpolated,527.8000022470951,284.41000121086836,39.830000169575214
38.484208328,842346877486343446,842346877599674074,59,29,34803375000000,2026-09-10T09:13:52.792416+00:00,interpolated,421.89000179618597,212.24000090360641,-164.78000070154667
38.503096766,842346877505231884,842346877599674074,59,30,34803375000000,2026-09-10T09:13:52.792416+00:00,interpolated,20.16000008583069,62.230000264942646,-348.4600014835596
38.521985204,842346877524120322,842346877599674074,59,31,34803375000000,2026-09-10T09:13:52.792416+00:00,interpolated,-395.0800016820431,-41.09000017493963,-181.65000077337027
38.540873642,842346877543008760,842346877599674074,59,32,34803375000000,2026-09-10T09:13:52.792416+00:00,interpolated,-87.08000037074089,-89.11000037938356,-81.41000034660101
38.55976208,842346877561897198,842346877599674074,59,33,34803375000000,2026-09-10T09:13:52.792416+00:00,interpolated,58.87000025063753,24.29000010341406,-250.4600010663271
38.578650518,842346877580785636,842346877599674074,59,34,34803375000000,2026-09-10T09:13:52.792416+00:00,interpolated,89.95000038295984,107.3100004568696,-252.98000107705593
38.597538956,842346877599674074,842346877599674074,59,35,34803375000000,2026-09-10T09:13:52.792416+00:00,interpolated,11.970000050961971,78.40000033378601,-32.34000013768673
38.616426546,842346877618561664,842346878279627322,62,0,34804125000000,2026-09-10T09:13:53.542454+00:00,interpolated,-29.12000012397766,-27.37000011652708,136.5700005814433
38.635314136,842346877637449254,842346878279627322,62,1,34804125000000,2026-09-10T09:13:53.542454+00:00,interpolated,-28.280000120401382,-59.0800002515316,116.76000049710274
38.654201727,842346877656336845,842346878279627322,62,2,34804125000000,2026-09-10T09:13:53.542454+00:00,interpolated,-78.82000033557415,28.280000120401382,4.970000021159649
38.673089317,842346877675224435,842346878279627322,62,3,34804125000000,2026-09-10T09:13:53.542454+00:00,interpolated,-798.0700033977628,-48.510000206530094,-29.5400001257658
38.691976907,842346877694112025,842346878279627322,62,4,34804125000000,2026-09-10T09:13:53.542454+00:00,interpolated,-510.09000217169523,-639.1700027212501,-28.00000011920929
38.710864497,842346877712999615,842346878279627322,62,5,34804125000000,2026-09-10T09:13:53.542454+00:00,interpolated,-98.5600004196167,-393.19000167399645,124.74000053107738
38.729752088,842346877731887206,842346878279627322,62,6,34804125000000,2026-09-10T09:13:53.542454+00:00,interpolated,74.34000031650066,-113.47000048309565,278.11000118404627
38.748639678,842346877750774796,842346878279627322,62,7,34804125000000,2026-09-10T09:13:53.542454+00:00,interpolated,119.21000050753355,61.530000261962414,286.9300012215972
38.767527268,842346877769662386,842346878279627322,62,8,34804125000000,2026-09-10T09:13:53.542454+00:00,interpolated,100.73000042885542,29.12000012397766,158.69000067561865
38.786414858,842346877788549976,842346878279627322,62,9,34804125000000,2026-09-10T09:13:53.542454+00:00,interpolated,85.68000036478043,61.81000026315451,-17.710000075399876
38.805302448,842346877807437566,842346878279627322,62,10,34804125000000,2026-09-10T09:13:53.542454+00:00,interpolated,73.50000031292439,115.29000049084425,-146.37000062316656
38.824190039,842346877826325157,842346878279627322,62,11,34804125000000,2026-09-10T09:13:53.542454+00:00,interpolated,99.33000042289495,130.69000055640936,-189.07000080496073
38.843077629,842346877845212747,842346878279627322,62,12,34804125000000,2026-09-10T09:13:53.542454+00:00,interpolated,70.63000030070543,111.510000474751,-164.50000070035458
38.861965219,842346877864100337,842346878279627322,62,13,34804125000000,2026-09-10T09:13:53.542454+00:00,interpolated,4.200000017881393,131.04000055789948,-122.22000052034855
38.880852809,842346877882987927,842346878279627322,62,14,34804125000000,2026-09-10T09:13:53.542454+00:00,interpolated,-90.23000038415194,160.23000068217516,-69.9300002977252
38.8997404,842346877901875518,842346878279627322,62,15,34804125000000,2026-09-10T09:13:53.542454+00:00,interpolated,-195.0200008302927,212.03000090271235,-34.09000014513731
38.91862799,842346877920763108,842346878279627322,62,16,34804125000000,2026-09-10T09:13:53.542454+00:00,interpolated,-127.12000054121017,72.31000030785799,-26.810000114142895
38.93751558,842346877939650698,842346878279627322,62,17,34804125000000,2026-09-10T09:13:53.542454+00:00,interpolated,6.370000027120113,-38.43000016361475,-69.79000029712915
38.95640317,842346877958538288,842346878279627322,62,18,34804125000000,2026-09-10T09:13:53.542454+00:00,interpolated,104.02000044286251,-136.71000058203936,-129.85000055283308
38.97529076,842346877977425878,842346878279627322,62,19,34804125000000,2026-09-10T09:13:53.542454+00:00,interpolated,52.50000022351742,-262.290001116693,-180.74000076949596
38.994178351,842346877996313469,842346878279627322,62,20,34804125000000,2026-09-10T09:13:53.542454+00:00,interpolated,23.730000101029873,-70.63000030070543,-199.2200008481741
39.013065941,842346878015201059,842346878279627322,62,21,34804125000000,2026-09-10T09:13:53.542454+00:00,interpolated,173.46000073850155,-81.0600003451109,-165.83000070601702
39.031953531,842346878034088649,842346878279627322,62,22,34804125000000,2026-09-10T09:13:53.542454+00:00,interpolated,253.05000107735395,-176.9600007534027,-130.97000055760145
39.050841121,842346878052976239,842346878279627322,62,23,34804125000000,2026-09-10T09:13:53.542454+00:00,interpolated,193.76000082492828,-171.36000072956085,-48.58000020682812
39.069728712,842346878071863830,842346878279627322,62,24,34804125000000,2026-09-10T09:13:53.542454+00:00,interpolated,77.28000032901764,-44.94000019133091,68.04000028967857
39.088616302,842346878090751420,842346878279627322,62,25,34804125000000,2026-09-10T09:13:53.542454+00:00,interpolated,52.71000022441149,41.370000176131725,149.1700006350875
39.107503892,842346878109639010,842346878279627322,62,26,34804125000000,2026-09-10T09:13:53.542454+00:00,interpolated,44.73000019043684,25.550000108778477,122.57000052183867
39.126391482,842346878128526600,842346878279627322,62,27,34804125000000,2026-09-10T09:13:53.542454+00:00,interpolated,-7.000000029802322,23.170000098645687,39.34000016748905
39.145279072,842346878147414190,842346878279627322,62,28,34804125000000,2026-09-10T09:13:53.542454+00:00,interpolated,28.00000011920929,-104.37000044435263,-56.84000024199486
39.164166663,842346878166301781,842346878279627322,62,29,34804125000000,2026-09-10T09:13:53.542454+00:00,interpolated,17.080000072717667,34.58000014722347,-91.77000039070845
39.183054253,842346878185189371,842346878279627322,62,30,34804125000000,2026-09-10T09:13:53.542454+00:00,interpolated,-21.350000090897083,133.91000057011843,-24.710000105202198
39.201941843,842346878204076961,842346878279627322,62,31,34804125000000,2026-09-10T09:13:53.542454+00:00,interpolated,-125.86000053584576,100.03000042587519,59.78000025451183
39.220829433,842346878222964551,842346878279627322,62,32,34804125000000,2026-09-10T09:13:53.542454+00:00,interpolated,-484.82000206410885,152.74000065028667,123.83000052720308
39.239717024,842346878241852142,842346878279627322,62,33,34804125000000,2026-09-10T09:13:53.542454+00:00,interpolated,62.93000026792288,-42.210000179708004,-85.68000036478043
39.258604614,842346878260739732,842346878279627322,62,34,34804125000000,2026-09-10T09:13:53.542454+00:00,interpolated,84.91000036150217,159.39000067859888,-127.96000054478645
39.277492204,842346878279627322,842346878279627322,62,35,34804125000000,2026-09-10T09:13:53.542454+00:00,interpolated,-81.34000034630299,169.75000072270632,-24.220000103116035
39.296379794,842346878298514912,842346878959580566,64,0,34804546000000,2026-09-10T09:13:53.960878+00:00,interpolated,129.0100005492568,68.67000029236078,150.36000064015388
39.315267384,842346878317402502,842346878959580566,64,1,34804546000000,2026-09-10T09:13:53.960878+00:00,interpolated,293.9300012513995,-3.9900000169873238,332.57000141590834
39.334154974,842346878336290092,842346878959580566,64,2,34804546000000,2026-09-10T09:13:53.960878+00:00,interpolated,147.49000062793493,41.02000017464161,315.8400013446808
39.353042564,842346878355177682,842346878959580566,64,3,34804546000000,2026-09-10T09:13:53.960878+00:00,interpolated,74.97000031918287,-72.45000030845404,233.24000099301338
39.371930155,842346878374065273,842346878959580566,64,4,34804546000000,2026-09-10T09:13:53.960878+00:00,interpolated,27.16000011563301,-228.97000097483397,36.68000015616417
39.390817745,842346878392952863,842346878959580566,64,5,34804546000000,2026-09-10T09:13:53.960878+00:00,interpolated,43.4000001847744,-184.24000078439713,-39.200000166893005
39.409705335,842346878411840453,842346878959580566,64,6,34804546000000,2026-09-10T09:13:53.960878+00:00,interpolated,90.23000038415194,-208.18000088632107,18.6900000795722
39.428592925,842346878430728043,842346878959580566,64,7,34804546000000,2026-09-10T09:13:53.960878+00:00,interpolated,159.25000067800283,-303.8000012934208,61.04000025987625
39.447480515,842346878449615633,842346878959580566,64,8,34804546000000,2026-09-10T09:13:53.960878+00:00,interpolated,170.52000072598457,-362.9500015452504,55.930000238120556
39.466368105,842346878468503223,842346878959580566,64,9,34804546000000,2026-09-10T09:13:53.960878+00:00,interpolated,105.14000044763088,-345.87000147253275,-32.20000013709068
39.485255695,842346878487390813,842346878959580566,64,10,34804546000000,2026-09-10T09:13:53.960878+00:00,interpolated,-10.010000042617321,-347.69000148028135,-80.22000034153461
39.504143285,842346878506278403,842346878959580566,64,11,34804546000000,2026-09-10T09:13:53.960878+00:00,interpolated,-79.52000033855438,-279.1600011885166,-111.37000047415495
39.523030875,842346878525165993,842346878959580566,64,12,34804546000000,2026-09-10T09:13:53.960878+00:00,interpolated,-110.25000046938658,-211.05000089854002,-142.38000060617924
39.541918466,842346878544053584,842346878959580566,64,13,34804546000000,2026-09-10T09:13:53.960878+00:00,interpolated,-138.9500005915761,-201.81000085920095,-137.69000058621168
39.560806056,842346878562941174,842346878959580566,64,14,34804546000000,2026-09-10T09:13:53.960878+00:00,interpolated,-197.82000084221363,-466.48000198602676,-174.65000074356794
39.579693646,842346878581828764,842346878959580566,64,15,34804546000000,2026-09-10T09:13:53.960878+00:00,interpolated,-62.230000264942646,-455.84000194072723,-240.8000010251999
39.598581236,842346878600716354,842346878959580566,64,16,34804546000000,2026-09-10T09:13:53.960878+00:00,interpolated,-127.40000054240227,-471.3800020068884,-193.5500008240342
39.617468826,842346878619603944,842346878959580566,64,17,34804546000000,2026-09-10T09:13:53.960878+00:00,interpolated,-11.480000048875809,-239.19000101834536,-128.3800005465746
39.636356416,842346878638491534,842346878959580566,64,18,34804546000000,2026-09-10T09:13:53.960878+00:00,interpolated,-43.26000018417835,-175.98000074923038,-58.03000024706125
39.655244006,842346878657379124,842346878959580566,64,19,34804546000000,2026-09-10T09:13:53.960878+00:00,interpolated,-285.25000121444464,-471.52000200748444,-11.830000050365925
39.674131596,842346878676266714,842346878959580566,64,20,34804546000000,2026-09-10T09:13:53.960878+00:00,interpolated,-216.51000092178583,-378.70000161230564,-72.45000030845404
39.693019186,842346878695154304,842346878959580566,64,21,34804546000000,2026-09-10T09:13:53.960878+00:00,interpolated,-14.490000061690807,-112.49000047892332,-35.35000015050173
39.711906777,842346878714041895,842346878959580566,64,22,34804546000000,2026-09-10T09:13:53.960878+00:00,interpolated,0.49000000208616257,-69.86000029742718,-17.57000007480383
39.730794367,842346878732929485,842346878959580566,64,23,34804546000000,2026-09-10T09:13:53.960878+00:00,interpolated,0.07000000029802322,15.540000066161156,-10.500000044703484
39.749681957,842346878751817075,842346878959580566,64,24,34804546000000,2026-09-10T09:13:53.960878+00:00,interpolated,-90.51000038534403,95.13000040501356,-157.99000067263842
39.768569547,842346878770704665,842346878959580566,64,25,34804546000000,2026-09-10T09:13:53.960878+00:00,interpolated,-28.00000011920929,102.2000004351139,-56.49000024050474
39.787457137,842346878789592255,842346878959580566,64,26,34804546000000,2026-09-10T09:13:53.960878+00:00,interpolated,-32.900000140070915,157.0100006684661,-91.77000039070845
39.806344727,842346878808479845,842346878959580566,64,27,34804546000000,2026-09-10T09:13:53.960878+00:00,interpolated,-13.370000056922436,232.75000099092722,-18.27000007778406
39.825232317,842346878827367435,842346878959580566,64,28,34804546000000,2026-09-10T09:13:53.960878+00:00,interpolated,-71.89000030606985,268.5200011432171,222.1100009456277
39.844119907,842346878846255025,842346878959580566,64,29,34804546000000,2026-09-10T09:13:53.960878+00:00,interpolated,-37.450000159442425,212.66000090539455,249.5500010624528
39.863007497,842346878865142615,842346878959580566,64,30,34804546000000,2026-09-10T09:13:53.960878+00:00,interpolated,-28.070000119507313,139.37000059336424,158.62000067532063
39.881895088,842346878884030206,842346878959580566,64,31,34804546000000,2026-09-10T09:13:53.960878+00:00,interpolated,-39.13000016659498,200.62000085413456,128.52000054717064
39.900782678,842346878902917796,842346878959580566,64,32,34804546000000,2026-09-10T09:13:53.960878+00:00,interpolated,117.81000050157309,242.0600010305643,22.6100000962615
39.919670268,842346878921805386,842346878959580566,64,33,34804546000000,2026-09-10T09:13:53.960878+00:00,interpolated,285.1800012141466,302.12000128626823,-249.2700010612607
39.938557858,842346878940692976,842346878959580566,64,34,34804546000000,2026-09-10T09:13:53.960878+00:00,interpolated,-143.99000061303377,348.1100014820695,-292.6700012460351
39.957445448,842346878959580566,842346878959580566,64,35,34804546000000,2026-09-10T09:13:53.960878+00:00,interpolated,-454.72000193595886,65.38000027835369,-71.89000030606985
39.976333886,842346878978469004,842346879639564332,67,0,34805328000000,2026-09-10T09:13:54.740807+00:00,interpolated,32.62000013887882,239.19000101834536,62.72000026702881
39.995222324,842346878997357442,842346879639564332,67,1,34805328000000,2026-09-10T09:13:54.740807+00:00,interpolated,395.4300016835332,65.31000027805567,357.7000015228987
40.014110762,842346879016245880,842346879639564332,67,2,34805328000000,2026-09-10T09:13:54.740807+00:00,interpolated,19.11000008136034,188.79000080376863,535.3600022792816
40.0329992,842346879035134318,842346879639564332,67,3,34805328000000,2026-09-10T09:13:54.740807+00:00,interpolated,60.76000025868416,108.15000046044588,428.19000182300806
40.051887638,842346879054022756,842346879639564332,67,4,34805328000000,2026-09-10T09:13:54.740807+00:00,interpolated,196.00000083446503,542.8500023111701,-4.5500000193715096
40.070776076,842346879072911194,842346879639564332,67,5,34805328000000,2026-09-10T09:13:54.740807+00:00,interpolated,453.53000193089247,532.2800022661686,-254.45000108331442
40.089664514,842346879091799632,842346879639564332,67,6,34805328000000,2026-09-10T09:13:54.740807+00:00,interpolated,170.17000072449446,225.05000095814466,-269.01000114530325
40.108552952,842346879110688070,842346879639564332,67,7,34805328000000,2026-09-10T09:13:54.740807+00:00,interpolated,-167.37000071257353,-50.40000021457672,10.360000044107437
40.12744139,842346879129576508,842346879639564332,67,8,34805328000000,2026-09-10T09:13:54.740807+00:00,interpolated,-102.69000043720007,11.620000049471855,-8.960000038146973
40.146329827,842346879148464945,842346879639564332,67,9,34805328000000,2026-09-10T09:13:54.740807+00:00,interpolated,322.91000137478113,254.31000108271837,-80.50000034272671
40.165218265,842346879167353383,842346879639564332,67,10,34805328000000,2026-09-10T09:13:54.740807+00:00,interpolated,304.7800012975931,179.0600007623434,-109.4100004658103
40.184106703,842346879186241821,842346879639564332,67,11,34805328000000,2026-09-10T09:13:54.740807+00:00,interpolated,253.12000107765198,130.2000005543232,-84.84000036120415
40.202995141,842346879205130259,842346879639564332,67,12,34805328000000,2026-09-10T09:13:54.740807+00:00,interpolated,238.91000101715326,100.87000042945147,-34.30000014603138
40.221883579,842346879224018697,842346879639564332,67,13,34805328000000,2026-09-10T09:13:54.740807+00:00,interpolated,188.51000080257654,101.78000043332577,15.540000066161156
40.240772017,842346879242907135,842346879639564332,67,14,34805328000000,2026-09-10T09:13:54.740807+00:00,interpolated,178.1500007584691,144.48000061511993,6.860000029206276
40.259660455,842346879261795573,842346879639564332,67,15,34805328000000,2026-09-10T09:13:54.740807+00:00,interpolated,154.42000065743923,134.4700005725026,-32.83000013977289
40.278548893,842346879280684011,842346879639564332,67,16,34805328000000,2026-09-10T09:13:54.740807+00:00,interpolated,200.4800008535385,71.05000030249357,-80.71000034362078
40.297437331,842346879299572449,842346879639564332,67,17,34805328000000,2026-09-10T09:13:54.740807+00:00,interpolated,168.28000071644783,-79.73000033944845,-41.370000176131725
40.316325769,842346879318460887,842346879639564332,67,18,34805328000000,2026-09-10T09:13:54.740807+00:00,interpolated,24.78000010550022,-234.15000099688768,36.54000015556812
40.335214207,842346879337349325,842346879639564332,67,19,34805328000000,2026-09-10T09:13:54.740807+00:00,interpolated,-58.940000250935555,-290.7800012379885,35.5600001513958
40.354102645,842346879356237763,842346879639564332,67,20,34805328000000,2026-09-10T09:13:54.740807+00:00,interpolated,-103.04000043869019,-322.2100013718009,23.45000009983778
40.372991083,842346879375126201,842346879639564332,67,21,34805328000000,2026-09-10T09:13:54.740807+00:00,interpolated,-180.32000076770782,-353.5000015050173,-18.340000078082085
40.391879521,842346879394014639,842346879639564332,67,22,34805328000000,2026-09-10T09:13:54.740807+00:00,interpolated,-216.0900009199977,-397.39000169187784,-41.09000017493963
40.410767959,842346879412903077,842346879639564332,67,23,34805328000000,2026-09-10T09:13:54.740807+00:00,interpolated,-296.80000126361847,-505.4000021517277,-142.38000060617924
40.429656397,842346879431791515,842346879639564332,67,24,34805328000000,2026-09-10T09:13:54.740807+00:00,interpolated,-399.6300017014146,-595.3500025346875,-212.94000090658665
40.448544835,842346879450679953,842346879639564332,67,25,34805328000000,2026-09-10T09:13:54.740807+00:00,interpolated,-317.4500013515353,-493.3600021004677,-188.30000080168247
40.467433273,842346879469568391,842346879639564332,67,26,34805328000000,2026-09-10T09:13:54.740807+00:00,interpolated,-27.650000117719173,-81.6900003477931,-18.340000078082085
40.48632171,842346879488456828,842346879639564332,67,27,34805328000000,2026-09-10T09:13:54.740807+00:00,interpolated,-7.490000031888485,-75.81000032275915,-19.32000008225441
40.505210148,842346879507345266,842346879639564332,67,28,34805328000000,2026-09-10T09:13:54.740807+00:00,interpolated,12.81000005453825,-39.200000166893005,-17.500000074505806
40.524098586,842346879526233704,842346879639564332,67,29,34805328000000,2026-09-10T09:13:54.740807+00:00,interpolated,11.480000048875809,-11.130000047385693,-3.500000014901161
40.542987024,842346879545122142,842346879639564332,67,30,34805328000000,2026-09-10T09:13:54.740807+00:00,interpolated,3.9200000166893005,56.70000024139881,-24.640000104904175
40.561875462,842346879564010580,842346879639564332,67,31,34805328000000,2026-09-10T09:13:54.740807+00:00,interpolated,-5.110000021755695,68.04000028967857,-37.94000016152859
40.5807639,842346879582899018,842346879639564332,67,32,34805328000000,2026-09-10T09:13:54.740807+00:00,interpolated,-18.48000007867813,68.25000029057264,-62.650000266730785
40.599652338,842346879601787456,842346879639564332,67,33,34805328000000,2026-09-10T09:13:54.740807+00:00,interpolated,-25.340000107884407,41.09000017493963,-68.53000029176474
40.618540776,842346879620675894,842346879639564332,67,34,34805328000000,2026-09-10T09:13:54.740807+00:00,interpolated,-29.260000124573708,-10.290000043809414,-41.65000017732382
40.637429214,842346879639564332,842346879639564332,67,35,34805328000000,2026-09-10T09:13:54.740807+00:00,interpolated,-17.290000073611736,-4.200000017881393,-7.140000030398369
40.656316804,842346879658451922,842346880319517580,70,0,34806078000000,2026-09-10T09:13:55.490516+00:00,interpolated,27.37000011652708,66.99000028520823,59.64000025391579
40.675204394,842346879677339512,842346880319517580,70,1,34806078000000,2026-09-10T09:13:55.490516+00:00,interpolated,52.50000022351742,161.5600006878376,89.88000038266182
40.694091985,842346879696227103,842346880319517580,70,2,34806078000000,2026-09-10T09:13:55.490516+00:00,interpolated,24.010000102221966,156.38000066578388,14.140000060200691
40.712979575,842346879715114693,842346880319517580,70,3,34806078000000,2026-09-10T09:13:55.490516+00:00,interpolated,-21.630000092089176,74.90000031888485,-53.48000022768974
40.731867165,842346879734002283,842346880319517580,70,4,34806078000000,2026-09-10T09:13:55.490516+00:00,interpolated,-40.88000017404556,50.260000213980675,2.870000012218952
40.750754755,842346879752889873,842346880319517580,70,5,34806078000000,2026-09-10T09:13:55.490516+00:00,interpolated,-52.78000022470951,114.45000048726797,18.06000007688999
40.769642346,842346879771777464,842346880319517580,70,6,34806078000000,2026-09-10T09:13:55.490516+00:00,interpolated,-109.90000046789646,266.35000113397837,27.230000115931034
40.788529936,842346879790665054,842346880319517580,70,7,34806078000000,2026-09-10T09:13:55.490516+00:00,interpolated,-53.41000022739172,439.1100018694997,129.08000054955482
40.807417526,842346879809552644,842346880319517580,70,8,34806078000000,2026-09-10T09:13:55.490516+00:00,interpolated,58.310000248253345,401.5200017094612,120.89000051468611
40.826305116,842346879828440234,842346880319517580,70,9,34806078000000,2026-09-10T09:13:55.490516+00:00,interpolated,-11.130000047385693,207.13000088185072,92.05000039190054
40.845192706,842346879847327824,842346880319517580,70,10,34806078000000,2026-09-10T09:13:55.490516+00:00,interpolated,7.9800000339746475,147.84000062942505,99.7500004246831
40.864080297,842346879866215415,842346880319517580,70,11,34806078000000,2026-09-10T09:13:55.490516+00:00,interpolated,100.31000042706728,158.90000067651272,128.94000054895878
40.882967887,842346879885103005,842346880319517580,70,12,34806078000000,2026-09-10T09:13:55.490516+00:00,interpolated,128.24000054597855,181.02000077068806,113.96000048518181
40.901855477,842346879903990595,842346880319517580,70,13,34806078000000,2026-09-10T09:13:55.490516+00:00,interpolated,140.98000060021877,147.77000062912703,125.23000053316355
40.920743067,842346879922878185,842346880319517580,70,14,34806078000000,2026-09-10T09:13:55.490516+00:00,interpolated,33.04000014066696,0.630000002682209,128.52000054717064
40.939630658,842346879941765776,842346880319517580,70,15,34806078000000,2026-09-10T09:13:55.490516+00:00,interpolated,59.850000254809856,11.480000048875809,88.13000037521124
40.958518248,842346879960653366,842346880319517580,70,16,34806078000000,2026-09-10T09:13:55.490516+00:00,interpolated,63.21000026911497,4.13000001758337,-2.870000012218952
40.977405838,842346879979540956,842346880319517580,70,17,34806078000000,2026-09-10T09:13:55.490516+00:00,interpolated,10.8500000461936,-65.31000027805567,-68.67000029236078
40.996293428,842346879998428546,842346880319517580,70,18,34806078000000,2026-09-10T09:13:55.490516+00:00,interpolated,-7.770000033080578,-80.01000034064054,-69.79000029712915
41.015181018,842346880017316136,842346880319517580,70,19,34806078000000,2026-09-10T09:13:55.490516+00:00,interpolated,6.580000028014183,-41.3000001758337,-79.5900003388524
41.034068609,842346880036203727,842346880319517580,70,20,34806078000000,2026-09-10T09:13:55.490516+00:00,interpolated,20.510000087320805,17.640000075101852,-86.24000036716461
41.052956199,842346880055091317,842346880319517580,70,21,34806078000000,2026-09-10T09:13:55.490516+00:00,interpolated,37.3800001591444,70.8400003015995,-65.73000027984381
41.071843789,842346880073978907,842346880319517580,70,22,34806078000000,2026-09-10T09:13:55.490516+00:00,interpolated,36.33000015467405,78.47000033408403,-36.820000156760216
41.090731379,842346880092866497,842346880319517580,70,23,34806078000000,2026-09-10T09:13:55.490516+00:00,interpolated,-17.500000074505806,4.480000019073486,-70.77000030130148
41.10961897,842346880111754088,842346880319517580,70,24,34806078000000,2026-09-10T09:13:55.490516+00:00,interpolated,-50.61000021547079,-122.57000052183867,-163.9400006979704
41.12850656,842346880130641678,842346880319517580,70,25,34806078000000,2026-09-10T09:13:55.490516+00:00,interpolated,-57.05000024288893,-227.5700009688735,-174.93000074476004
41.14739415,842346880149529268,842346880319517580,70,26,34806078000000,2026-09-10T09:13:55.490516+00:00,interpolated,-68.88000029325485,-314.7200013399124,-159.60000067949295
41.16628174,842346880168416858,842346880319517580,70,27,34806078000000,2026-09-10T09:13:55.490516+00:00,interpolated,-82.81000035256147,-391.5100016668439,-142.17000060528517
41.18516933,842346880187304448,842346880319517580,70,28,34806078000000,2026-09-10T09:13:55.490516+00:00,interpolated,-72.73000030964613,-354.4800015091896,-75.53000032156706
41.204056921,842346880206192039,842346880319517580,70,29,34806078000000,2026-09-10T09:13:55.490516+00:00,interpolated,-16.870000071823597,-182.70000077784061,-5.180000022053719
41.222944511,842346880225079629,842346880319517580,70,30,34806078000000,2026-09-10T09:13:55.490516+00:00,interpolated,30.87000013142824,31.50000013411045,34.09000014513731
41.241832101,842346880243967219,842346880319517580,70,31,34806078000000,2026-09-10T09:13:55.490516+00:00,interpolated,42.70000018179417,73.8500003144145,25.130000106990337
41.260719691,842346880262854809,842346880319517580,70,32,34806078000000,2026-09-10T09:13:55.490516+00:00,interpolated,32.20000013709068,80.50000034272671,5.320000022649765
41.279607282,842346880281742400,842346880319517580,70,33,34806078000000,2026-09-10T09:13:55.490516+00:00,interpolated,23.24000009894371,48.510000206530094,-8.610000036656857
41.298494872,842346880300629990,842346880319517580,70,34,34806078000000,2026-09-10T09:13:55.490516+00:00,interpolated,10.990000046789646,-10.8500000461936,-28.490000121295452
41.317382462,842346880319517580,842346880319517580,70,35,34806078000000,2026-09-10T09:13:55.490516+00:00,interpolated,17.710000075399876,-44.94000019133091,-55.79000023752451
41.336270746,842346880338405864,842346881150602066,72,0,34806828000000,2026-09-10T09:13:56.242402+00:00,interpolated,27.510000117123127,26.110000111162663,-49.07000020891428
41.35515903,842346880357294148,842346881150602066,72,1,34806828000000,2026-09-10T09:13:56.242402+00:00,interpolated,34.58000014722347,156.80000066757202,-42.210000179708004
41.374047313,842346880376182431,842346881150602066,72,2,34806828000000,2026-09-10T09:13:56.242402+00:00,interpolated,3.780000016093254,284.97000121325254,-29.33000012487173
41.392935597,842346880395070715,842346881150602066,72,3,34806828000000,2026-09-10T09:13:56.242402+00:00,interpolated,-14.350000061094761,273.28000116348267,-28.6300001218915
41.411823881,842346880413958999,842346881150602066,72,4,34806828000000,2026-09-10T09:13:56.242402+00:00,interpolated,4.5500000193715096,111.86000047624111,-53.550000227987766
41.430712165,842346880432847283,842346881150602066,72,5,34806828000000,2026-09-10T09:13:56.242402+00:00,interpolated,-9.940000042319298,-114.03000048547983,-71.61000030487776
41.449600448,842346880451735566,842346881150602066,72,6,34806828000000,2026-09-10T09:13:56.242402+00:00,interpolated,-36.68000015616417,-250.39000106602907,-41.580000177025795
41.468488732,842346880470623850,842346881150602066,72,7,34806828000000,2026-09-10T09:13:56.242402+00:00,interpolated,-58.730000250041485,-274.8200011700392,-16.590000070631504
41.487377016,842346880489512134,842346881150602066,72,8,34806828000000,2026-09-10T09:13:56.242402+00:00,interpolated,-68.53000029176474,-196.4900008365512,-10.360000044107437
41.5062653,842346880508400418,842346881150602066,72,9,34806828000000,2026-09-10T09:13:56.242402+00:00,interpolated,-40.46000017225742,-80.43000034242868,-27.930000118911266
41.525153584,842346880527288702,842346881150602066,72,10,34806828000000,2026-09-10T09:13:56.242402+00:00,interpolated,17.99000007659197,19.600000083446503,-37.80000016093254
41.544041867,842346880546176985,842346881150602066,72,11,34806828000000,2026-09-10T09:13:56.242402+00:00,interpolated,74.06000031530857,88.83000037819147,-46.69000019878149
41.562930151,842346880565065269,842346881150602066,72,12,34806828000000,2026-09-10T09:13:56.242402+00:00,interpolated,115.01000048965216,115.99000049382448,-38.2900001630187
41.581818435,842346880583953553,842346881150602066,72,13,34806828000000,2026-09-10T09:13:56.242402+00:00,interpolated,111.44000047445297,72.87000031024218,15.960000067949295
41.600706719,842346880602841837,842346881150602066,72,14,34806828000000,2026-09-10T09:13:56.242402+00:00,interpolated,43.61000018566847,8.540000036358833,24.150000102818012
41.619595002,842346880621730120,842346881150602066,72,15,34806828000000,2026-09-10T09:13:56.242402+00:00,interpolated,-11.760000050067902,-76.02000032365322,-52.78000022470951
41.638483286,842346880640618404,842346881150602066,72,16,34806828000000,2026-09-10T09:13:56.242402+00:00,interpolated,11.130000047385693,-62.020000264048576,-70.91000030189753
41.65737157,842346880659506688,842346881150602066,72,17,34806828000000,2026-09-10T09:13:56.242402+00:00,interpolated,9.940000042319298,-6.790000028908253,-81.13000034540892
41.676259854,842346880678394972,842346881150602066,72,18,34806828000000,2026-09-10T09:13:56.242402+00:00,interpolated,14.56000006198883,60.55000025779009,-62.0900002643466
41.695148137,842346880697283255,842346881150602066,72,19,34806828000000,2026-09-10T09:13:56.242402+00:00,interpolated,3.500000014901161,126.21000053733587,-25.20000010728836
41.714036421,842346880716171539,842346881150602066,72,20,34806828000000,2026-09-10T09:13:56.242402+00:00,interpolated,-15.890000067651272,150.64000064134598,-16.170000068843365
41.732924705,842346880735059823,842346881150602066,72,21,34806828000000,2026-09-10T09:13:56.242402+00:00,interpolated,33.39000014215708,162.1900006905198,-11.550000049173832
41.751812989,842346880753948107,842346881150602066,72,22,34806828000000,2026-09-10T09:13:56.242402+00:00,interpolated,97.23000041395426,141.47000060230494,-27.510000117123127
41.770701273,842346880772836391,842346881150602066,72,23,34806828000000,2026-09-10T09:13:56.242402+00:00,interpolated,106.89000045508146,84.07000035792589,-27.510000117123127
41.789589556,842346880791724674,842346881150602066,72,24,34806828000000,2026-09-10T09:13:56.242402+00:00,interpolated,77.21000032871962,21.560000091791153,-7.070000030100346
41.80847784,842346880810612958,842346881150602066,72,25,34806828000000,2026-09-10T09:13:56.242402+00:00,interpolated,45.080000191926956,-34.3700001463294,14.56000006198883
41.827366124,842346880829501242,842346881150602066,72,26,34806828000000,2026-09-10T09:13:56.242402+00:00,interpolated,4.060000017285347,-46.27000019699335,12.320000052452087
41.846254408,842346880848389526,842346881150602066,72,27,34806828000000,2026-09-10T09:13:56.242402+00:00,interpolated,-31.010000132024288,-21.770000092685223,-21.7000000923872
41.865142691,842346880867277809,842346881150602066,72,28,34806828000000,2026-09-10T09:13:56.242402+00:00,interpolated,-48.58000020682812,4.900000020861626,-58.310000248253345
41.884030975,842346880886166093,842346881150602066,72,29,34806828000000,2026-09-10T09:13:56.242402+00:00,interpolated,-32.62000013887882,24.710000105202198,-47.53000020235777
41.902919259,842346880905054377,842346881150602066,72,30,34806828000000,2026-09-10T09:13:56.242402+00:00,interpolated,18.760000079870224,60.270000256597996,-7.840000033378601
41.921807543,842346880923942661,842346881150602066,72,31,34806828000000,2026-09-10T09:13:56.242402+00:00,interpolated,72.80000030994415,86.73000036925077,18.130000077188015
41.940695827,842346880942830945,842346881150602066,72,32,34806828000000,2026-09-10T09:13:56.242402+00:00,interpolated,60.270000256597996,124.74000053107738,27.090000115334988
41.95958411,842346880961719228,842346881150602066,72,33,34806828000000,2026-09-10T09:13:56.242402+00:00,interpolated,53.970000229775906,124.11000052839518,28.070000119507313
41.978472394,842346880980607512,842346881150602066,72,34,34806828000000,2026-09-10T09:13:56.242402+00:00,interpolated,87.99000037461519,60.690000258386135,-6.370000027120113
41.997360678,842346880999495796,842346881150602066,72,35,34806828000000,2026-09-10T09:13:56.242402+00:00,interpolated,65.17000027745962,58.38000024855137,-27.37000011652708
42.016248962,842346881018384080,842346881150602066,72,36,34806828000000,2026-09-10T09:13:56.242402+00:00,interpolated,42.07000017911196,11.06000004708767,-43.120000183582306
42.035137245,842346881037272363,842346881150602066,72,37,34806828000000,2026-09-10T09:13:56.242402+00:00,interpolated,23.730000101029873,-27.79000011831522,-59.850000254809856
42.054025529,842346881056160647,842346881150602066,72,38,34806828000000,2026-09-10T09:13:56.242402+00:00,interpolated,14.56000006198883,-38.01000016182661,-71.47000030428171
42.072913813,842346881075048931,842346881150602066,72,39,34806828000000,2026-09-10T09:13:56.242402+00:00,interpolated,14.420000061392784,-35.35000015050173,-76.30000032484531
42.091802097,842346881093937215,842346881150602066,72,40,34806828000000,2026-09-10T09:13:56.242402+00:00,interpolated,9.800000041723251,-10.43000004440546,-87.01000037044287
42.11069038,842346881112825498,842346881150602066,72,41,34806828000000,2026-09-10T09:13:56.242402+00:00,interpolated,7.3500000312924385,37.73000016063452,-104.37000044435263
42.129578664,842346881131713782,842346881150602066,72,42,34806828000000,2026-09-10T09:13:56.242402+00:00,interpolated,20.44000008702278,88.69000037759542,-115.71000049263239
42.148466948,842346881150602066,842346881150602066,72,43,34806828000000,2026-09-10T09:13:56.242402+00:00,interpolated,47.81000020354986,129.570000551641,-118.02000050246716
42.167354663,842346881169489781,842346882076100092,75,0,34807968000000,2026-09-10T09:13:57.379814+00:00,interpolated,72.0300003066659,167.09000071138144,-118.72000050544739
42.186242378,842346881188377496,842346882076100092,75,1,34807968000000,2026-09-10T09:13:57.379814+00:00,interpolated,83.5100003555417,197.96000084280968,-123.41000052541494
42.205130092,842346881207265210,842346882076100092,75,2,34807968000000,2026-09-10T09:13:57.379814+00:00,interpolated,85.8900003656745,215.60000091791153,-130.41000055521727
42.224017807,842346881226152925,842346882076100092,75,3,34807968000000,2026-09-10T09:13:57.379814+00:00,interpolated,83.02000035345554,218.05000092834234,-135.24000057578087
42.242905522,842346881245040640,842346882076100092,75,4,34807968000000,2026-09-10T09:13:57.379814+00:00,interpolated,82.46000035107136,202.09000086039305,-129.85000055283308
42.261793237,842346881263928355,842346882076100092,75,5,34807968000000,2026-09-10T09:13:57.379814+00:00,interpolated,79.66000033915043,169.19000072032213,-116.9700004979968
42.280680952,842346881282816070,842346882076100092,75,6,34807968000000,2026-09-10T09:13:57.379814+00:00,interpolated,67.48000028729439,128.03000054508448,-114.38000048696995
42.299568667,842346881301703785,842346882076100092,75,7,34807968000000,2026-09-10T09:13:57.379814+00:00,interpolated,51.380000218749046,85.40000036358833,-115.1500004902482
42.318456381,842346881320591499,842346882076100092,75,8,34807968000000,2026-09-10T09:13:57.379814+00:00,interpolated,37.3800001591444,54.67000023275614,-111.16000047326088
42.337344096,842346881339479214,842346882076100092,75,9,34807968000000,2026-09-10T09:13:57.379814+00:00,interpolated,27.860000118613243,46.97000019997358,-108.29000046104193
42.356231811,842346881358366929,842346882076100092,75,10,34807968000000,2026-09-10T09:13:57.379814+00:00,interpolated,25.970000110566616,59.57000025361776,-103.11000043898821
42.375119526,842346881377254644,842346882076100092,75,11,34807968000000,2026-09-10T09:13:57.379814+00:00,interpolated,34.58000014722347,82.32000035047531,-98.63000041991472
42.394007241,842346881396142359,842346882076100092,75,12,34807968000000,2026-09-10T09:13:57.379814+00:00,interpolated,47.74000020325184,106.82000045478344,-97.51000041514635
42.412894955,842346881415030073,842346882076100092,75,13,34807968000000,2026-09-10T09:13:57.379814+00:00,interpolated,60.41000025719404,125.72000053524971,-96.39000041037798
42.43178267,842346881433917788,842346882076100092,75,14,34807968000000,2026-09-10T09:13:57.379814+00:00,interpolated,68.53000029176474,132.650000564754,-94.3600004017353
42.450670385,842346881452805503,842346882076100092,75,15,34807968000000,2026-09-10T09:13:57.379814+00:00,interpolated,69.65000029653311,128.1000005453825,-90.93000038713217
42.4695581,842346881471693218,842346882076100092,75,16,34807968000000,2026-09-10T09:13:57.379814+00:00,interpolated,64.54000027477741,118.65000050514936,-85.6100003644824
42.488445815,842346881490580933,842346882076100092,75,17,34807968000000,2026-09-10T09:13:57.379814+00:00,interpolated,58.66000024974346,109.1300004646182,-82.32000035047531
42.50733353,842346881509468648,842346882076100092,75,18,34807968000000,2026-09-10T09:13:57.379814+00:00,interpolated,53.3400002270937,97.09000041335821,-78.19000033289194
42.526221244,842346881528356362,842346882076100092,75,19,34807968000000,2026-09-10T09:13:57.379814+00:00,interpolated,49.210000209510326,84.42000035941601,-68.7400002926588
42.545108959,842346881547244077,842346882076100092,75,20,34807968000000,2026-09-10T09:13:57.379814+00:00,interpolated,47.18000020086765,77.49000032991171,-56.42000024020672
42.563996674,842346881566131792,842346882076100092,75,21,34807968000000,2026-09-10T09:13:57.379814+00:00,interpolated,46.76000019907951,78.0500003322959,-48.37000020593405
42.582884389,842346881585019507,842346882076100092,75,22,34807968000000,2026-09-10T09:13:57.379814+00:00,interpolated,43.4000001847744,82.74000035226345,-48.510000206530094
42.601772104,842346881603907222,842346882076100092,75,23,34807968000000,2026-09-10T09:13:57.379814+00:00,interpolated,37.52000015974045,90.51000038534403,-52.1500002220273
42.620659818,842346881622794936,842346882076100092,75,24,34807968000000,2026-09-10T09:13:57.379814+00:00,interpolated,35.00000014901161,100.6600004285574,-52.50000022351742
42.639547533,842346881641682651,842346882076100092,75,25,34807968000000,2026-09-10T09:13:57.379814+00:00,interpolated,39.13000016659498,110.67000047117472,-52.36000022292137
42.658435248,842346881660570366,842346882076100092,75,26,34807968000000,2026-09-10T09:13:57.379814+00:00,interpolated,46.06000019609928,118.51000050455332,-55.720000237226486
42.677322963,842346881679458081,842346882076100092,75,27,34807968000000,2026-09-10T09:13:57.379814+00:00,interpolated,52.08000022172928,120.54000051319599,-61.04000025987625
42.696210678,842346881698345796,842346882076100092,75,28,34807968000000,2026-09-10T09:13:57.379814+00:00,interpolated,55.79000023752451,113.0500004813075,-66.78000028431416
42.715098392,842346881717233510,842346882076100092,75,29,34807968000000,2026-09-10T09:13:57.379814+00:00,interpolated,53.48000022768974,96.67000041157007,-71.40000030398369
42.733986107,842346881736121225,842346882076100092,75,30,34807968000000,2026-09-10T09:13:57.379814+00:00,interpolated,45.710000194609165,74.83000031858683,-78.9600003361702
42.752873822,842346881755008940,842346882076100092,75,31,34807968000000,2026-09-10T09:13:57.379814+00:00,interpolated,39.620000168681145,52.99000022560358,-92.33000039309263
42.771761537,842346881773896655,842346882076100092,75,32,34807968000000,2026-09-10T09:13:57.379814+00:00,interpolated,36.610000155866146,33.950000144541264,-102.76000043749809
42.790649252,842346881792784370,842346882076100092,75,33,34807968000000,2026-09-10T09:13:57.379814+00:00,interpolated,31.990000136196613,11.760000050067902,-105.84000045061111
42.809536967,842346881811672085,842346882076100092,75,34,34807968000000,2026-09-10T09:13:57.379814+00:00,interpolated,25.20000010728836,-3.0100000128149986,-102.90000043809414
42.828424681,842346881830559799,842346882076100092,75,35,34807968000000,2026-09-10T09:13:57.379814+00:00,interpolated,15.890000067651272,3.2900000140070915,-108.43000046163797
42.847312396,842346881849447514,842346882076100092,75,36,34807968000000,2026-09-10T09:13:57.379814+00:00,interpolated,2.0300000086426735,18.90000008046627,-128.24000054597855
42.866200111,842346881868335229,842346882076100092,75,37,34807968000000,2026-09-10T09:13:57.379814+00:00,interpolated,-9.100000038743019,35.14000014960766,-143.01000060886145
42.885087826,842346881887222944,842346882076100092,75,38,34807968000000,2026-09-10T09:13:57.379814+00:00,interpolated,-13.510000057518482,45.78000019490719,-130.8300005570054
42.903975541,842346881906110659,842346882076100092,75,39,34807968000000,2026-09-10T09:13:57.379814+00:00,interpolated,-15.820000067353249,51.590000219643116,-92.05000039190054
42.922863255,842346881924998373,842346882076100092,75,40,34807968000000,2026-09-10T09:13:57.379814+00:00,interpolated,-19.95000008493662,51.73000022023916,-61.88000026345253
42.94175097,842346881943886088,842346882076100092,75,41,34807968000000,2026-09-10T09:13:57.379814+00:00,interpolated,-15.470000065863132,44.45000018924475,-54.32000023126602
42.960638685,842346881962773803,842346882076100092,75,42,34807968000000,2026-09-10T09:13:57.379814+00:00,interpolated,-7.910000033676624,38.990000165998936,-61.60000026226044
42.9795264,842346881981661518,842346882076100092,75,43,34807968000000,2026-09-10T09:13:57.379814+00:00,interpolated,-8.750000037252903,50.050000213086605,-65.80000028014183
42.998414115,842346882000549233,842346882076100092,75,44,34807968000000,2026-09-10T09:13:57.379814+00:00,interpolated,-13.23000005632639,74.06000031530857,-61.81000026315451
43.01730183,842346882019436948,842346882076100092,75,45,34807968000000,2026-09-10T09:13:57.379814+00:00,interpolated,-16.10000006854534,96.39000041037798,-57.61000024527311
43.036189544,842346882038324662,842346882076100092,75,46,34807968000000,2026-09-10T09:13:57.379814+00:00,interpolated,-16.52000007033348,108.01000045984983,-55.30000023543835
43.055077259,842346882057212377,842346882076100092,75,47,34807968000000,2026-09-10T09:13:57.379814+00:00,interpolated,-14.350000061094761,106.19000045210123,-52.08000022172928
43.073964974,842346882076100092,842346882076100092,75,48,34807968000000,2026-09-10T09:13:57.379814+00:00,interpolated,-12.250000052154064,96.88000041246414,-48.44000020623207
43.092853062,842346882094988180,842346883001616424,77,0,34808718000000,2026-09-10T09:13:58.132166+00:00,interpolated,-10.570000045001507,83.37000035494566,-46.4100001975894
43.111741151,842346882113876269,842346883001616424,77,1,34808718000000,2026-09-10T09:13:58.132166+00:00,interpolated,-7.210000030696392,67.34000028669834,-46.130000196397305
43.130629239,842346882132764357,842346883001616424,77,2,34808718000000,2026-09-10T09:13:58.132166+00:00,interpolated,-3.9200000166893005,49.70000021159649,-41.160000175237656
43.149517328,842346882151652446,842346883001616424,77,3,34808718000000,2026-09-10T09:13:58.132166+00:00,interpolated,-1.3300000056624413,38.22000016272068,-32.06000013649464
43.168405416,842346882170540534,842346883001616424,77,4,34808718000000,2026-09-10T09:13:58.132166+00:00,interpolated,0.3500000014901161,33.320000141859055,-24.57000010460615
43.187293504,842346882189428622,842346883001616424,77,5,34808718000000,2026-09-10T09:13:58.132166+00:00,interpolated,2.450000010430813,26.25000011175871,-18.6900000795722
43.206181593,842346882208316711,842346883001616424,77,6,34808718000000,2026-09-10T09:13:58.132166+00:00,interpolated,3.500000014901161,14.910000063478947,-11.830000050365925
43.225069681,842346882227204799,842346883001616424,77,7,34808718000000,2026-09-10T09:13:58.132166+00:00,interpolated,3.5700000151991844,3.430000014603138,-1.4000000059604645
43.24395777,842346882246092888,842346883001616424,77,8,34808718000000,2026-09-10T09:13:58.132166+00:00,interpolated,2.9400000125169754,-2.6600000113248825,12.460000053048134
43.262845858,842346882264980976,842346883001616424,77,9,34808718000000,2026-09-10T09:13:58.132166+00:00,interpolated,4.13000001758337,-1.4700000062584877,27.720000118017197
43.281733946,842346882283869064,842346883001616424,77,10,34808718000000,2026-09-10T09:13:58.132166+00:00,interpolated,7.630000032484531,0.5600000023841858,41.65000017732382
43.300622035,842346882302757153,842346883001616424,77,11,34808718000000,2026-09-10T09:13:58.132166+00:00,interpolated,8.26000003516674,-4.5500000193715096,52.640000224113464
43.319510123,842346882321645241,842346883001616424,77,12,34808718000000,2026-09-10T09:13:58.132166+00:00,interpolated,2.17000000923872,-16.170000068843365,61.95000026375055
43.338398212,842346882340533330,842346883001616424,77,13,34808718000000,2026-09-10T09:13:58.132166+00:00,interpolated,-8.89000003784895,-30.59000013023615,72.31000030785799
43.3572863,842346882359421418,842346883001616424,77,14,34808718000000,2026-09-10T09:13:58.132166+00:00,interpolated,-21.7000000923872,-44.80000019073486,78.89000033587217
43.376174389,842346882378309507,842346883001616424,77,15,34808718000000,2026-09-10T09:13:58.132166+00:00,interpolated,-28.350000120699406,-59.64000025391579,80.08000034093857
43.395062477,842346882397197595,842346883001616424,77,16,34808718000000,2026-09-10T09:13:58.132166+00:00,interpolated,-27.79000011831522,-75.81000032275915,78.75000033527613
43.413950565,842346882416085683,842346883001616424,77,17,34808718000000,2026-09-10T09:13:58.132166+00:00,interpolated,-25.060000106692314,-90.37000038474798,79.8700003400445
43.432838654,842346882434973772,842346883001616424,77,18,34808718000000,2026-09-10T09:13:58.132166+00:00,interpolated,-16.380000069737434,-98.14000041782856,88.41000037640333
43.451726742,842346882453861860,842346883001616424,77,19,34808718000000,2026-09-10T09:13:58.132166+00:00,interpolated,-0.07000000029802322,-93.94000039994717,105.28000044822693
43.470614831,842346882472749949,842346883001616424,77,20,34808718000000,2026-09-10T09:13:58.132166+00:00,interpolated,22.82000009715557,-72.31000030785799,124.67000053077936
43.489502919,842346882491638037,842346883001616424,77,21,34808718000000,2026-09-10T09:13:58.132166+00:00,interpolated,44.94000019133091,-26.530000112950802,131.60000056028366
43.508391007,842346882510526125,842346883001616424,77,22,34808718000000,2026-09-10T09:13:58.132166+00:00,interpolated,54.600000232458115,29.890000127255917,123.13000052422285
43.527279096,842346882529414214,842346883001616424,77,23,34808718000000,2026-09-10T09:13:58.132166+00:00,interpolated,54.46000023186207,77.56000033020973,104.3000004440546
43.546167184,842346882548302302,842346883001616424,77,24,34808718000000,2026-09-10T09:13:58.132166+00:00,interpolated,50.890000216662884,104.3000004440546,83.16000035405159
43.565055273,842346882567190391,842346883001616424,77,25,34808718000000,2026-09-10T09:13:58.132166+00:00,interpolated,46.97000019997358,102.06000043451786,68.32000029087067
43.583943361,842346882586078479,842346883001616424,77,26,34808718000000,2026-09-10T09:13:58.132166+00:00,interpolated,41.02000017464161,68.25000029057264,63.490000270307064
43.602831449,842346882604966567,842346883001616424,77,27,34808718000000,2026-09-10T09:13:58.132166+00:00,interpolated,28.84000012278557,14.140000060200691,63.070000268518925
43.621719538,842346882623854656,842346883001616424,77,28,34808718000000,2026-09-10T09:13:58.132166+00:00,interpolated,15.19000006467104,-40.67000017315149,60.83000025898218
43.640607626,842346882642742744,842346883001616424,77,29,34808718000000,2026-09-10T09:13:58.132166+00:00,interpolated,4.34000001847744,-84.49000035971403,57.54000024497509
43.659495715,842346882661630833,842346883001616424,77,30,34808718000000,2026-09-10T09:13:58.132166+00:00,interpolated,-3.430000014603138,-114.38000048696995,53.13000022619963
43.678383803,842346882680518921,842346883001616424,77,31,34808718000000,2026-09-10T09:13:58.132166+00:00,interpolated,-11.06000004708767,-130.8300005570054,45.01000019162893
43.697271891,842346882699407009,842346883001616424,77,32,34808718000000,2026-09-10T09:13:58.132166+00:00,interpolated,-18.830000080168247,-136.01000057905912,33.110000140964985
43.71615998,842346882718295098,842346883001616424,77,33,34808718000000,2026-09-10T09:13:58.132166+00:00,interpolated,-23.100000098347664,-132.86000056564808,21.560000091791153
43.735048068,842346882737183186,842346883001616424,77,34,34808718000000,2026-09-10T09:13:58.132166+00:00,interpolated,-22.190000094473362,-124.04000052809715,13.370000056922436
43.753936157,842346882756071275,842346883001616424,77,35,34808718000000,2026-09-10T09:13:58.132166+00:00,interpolated,-19.74000008404255,-106.19000045210123,6.790000028908253
43.772824245,842346882774959363,842346883001616424,77,36,34808718000000,2026-09-10T09:13:58.132166+00:00,interpolated,-17.290000073611736,-78.6800003349781,1.4700000062584877
43.791712334,842346882793847452,842346883001616424,77,37,34808718000000,2026-09-10T09:13:58.132166+00:00,interpolated,-14.280000060796738,-49.91000021249056,-4.480000019073486
43.810600422,842346882812735540,842346883001616424,77,38,34808718000000,2026-09-10T09:13:58.132166+00:00,interpolated,-11.900000050663948,-32.900000140070915,-9.450000040233135
43.82948851,842346882831623628,842346883001616424,77,39,34808718000000,2026-09-10T09:13:58.132166+00:00,interpolated,-13.860000059008598,-28.21000012010336,-16.52000007033348
43.848376599,842346882850511717,842346883001616424,77,40,34808718000000,2026-09-10T09:13:58.132166+00:00,interpolated,-16.170000068843365,-38.71000016480684,-23.66000010073185
43.867264687,842346882869399805,842346883001616424,77,41,34808718000000,2026-09-10T09:13:58.132166+00:00,interpolated,-14.350000061094761,-69.37000029534101,-19.74000008404255
43.886152776,842346882888287894,842346883001616424,77,42,34808718000000,2026-09-10T09:13:58.132166+00:00,interpolated,-10.500000044703484,-105.28000044822693,2.3800000101327896
43.905040864,842346882907175982,842346883001616424,77,43,34808718000000,2026-09-10T09:13:58.132166+00:00,interpolated,-10.010000042617321,-130.27000055462122,30.80000013113022
43.923928952,842346882926064070,842346883001616424,77,44,34808718000000,2026-09-10T09:13:58.132166+00:00,interpolated,-17.290000073611736,-143.43000061064959,53.48000022768974
43.942817041,842346882944952159,842346883001616424,77,45,34808718000000,2026-09-10T09:13:58.132166+00:00,interpolated,-29.12000012397766,-146.65000062435865,53.62000022828579
43.961705129,842346882963840247,842346883001616424,77,46,34808718000000,2026-09-10T09:13:58.132166+00:00,interpolated,-43.89000018686056,-147.700000628829,35.280000150203705
43.980593218,842346882982728336,842346883001616424,77,47,34808718000000,2026-09-10T09:13:58.132166+00:00,interpolated,-48.510000206530094,-142.8700006082654,18.410000078380108
43.999481306,842346883001616424,842346883001616424,77,48,34808718000000,2026-09-10T09:13:58.132166+00:00,interpolated,-45.920000195503235,-126.14000053703785,13.160000056028366
44.018369483,842346883020504601,842346883983801634,80,0,34809765000000,2026-09-10T09:13:59.181965+00:00,interpolated,-42.84000018239021,-96.18000040948391,16.52000007033348
44.03725766,842346883039392778,842346883983801634,80,1,34809765000000,2026-09-10T09:13:59.181965+00:00,interpolated,-37.450000159442425,-61.1800002604723,22.680000096559525
44.056145837,842346883058280955,842346883983801634,80,2,34809765000000,2026-09-10T09:13:59.181965+00:00,interpolated,-29.680000126361847,-38.36000016331673,23.66000010073185
44.075034014,842346883077169132,842346883983801634,80,3,34809765000000,2026-09-10T09:13:59.181965+00:00,interpolated,-20.790000088512897,-29.5400001257658,21.140000090003014
44.093922192,842346883096057310,842346883983801634,80,4,34809765000000,2026-09-10T09:13:59.181965+00:00,interpolated,-13.440000057220459,-30.17000012844801,19.390000082552433
44.112810369,842346883114945487,842346883983801634,80,5,34809765000000,2026-09-10T09:13:59.181965+00:00,interpolated,-11.06000004708767,-40.60000017285347,20.65000008791685
44.131698546,842346883133833664,842346883983801634,80,6,34809765000000,2026-09-10T09:13:59.181965+00:00,interpolated,-14.280000060796738,-61.60000026226044,24.710000105202198
44.150586723,842346883152721841,842346883983801634,80,7,34809765000000,2026-09-10T09:13:59.181965+00:00,interpolated,-19.810000084340572,-91.28000038862228,30.17000012844801
44.1694749,842346883171610018,842346883983801634,80,8,34809765000000,2026-09-10T09:13:59.181965+00:00,interpolated,-25.6200001090765,-122.3600005209446,37.3800001591444
44.188363077,842346883190498195,842346883983801634,80,9,34809765000000,2026-09-10T09:13:59.181965+00:00,interpolated,-30.520000129938126,-147.21000062674284,44.94000019133091
44.207251254,842346883209386372,842346883983801634,80,10,34809765000000,2026-09-10T09:13:59.181965+00:00,interpolated,-34.02000014483929,-162.68000069260597,50.96000021696091
44.226139431,842346883228274549,842346883983801634,80,11,34809765000000,2026-09-10T09:13:59.181965+00:00,interpolated,-36.54000015556812,-170.9400007277727,54.67000023275614
44.245027609,842346883247162727,842346883983801634,80,12,34809765000000,2026-09-10T09:13:59.181965+00:00,interpolated,-36.4700001552701,-174.72000074386597,56.140000239014626
44.263915786,842346883266050904,842346883983801634,80,13,34809765000000,2026-09-10T09:13:59.181965+00:00,interpolated,-34.30000014603138,-174.37000074237585,56.91000024229288
44.282803963,842346883284939081,842346883983801634,80,14,34809765000000,2026-09-10T09:13:59.181965+00:00,interpolated,-33.25000014156103,-169.33000072091818,56.560000240802765
44.30169214,842346883303827258,842346883983801634,80,15,34809765000000,2026-09-10T09:13:59.181965+00:00,interpolated,-33.110000140964985,-160.51000068336725,56.42000024020672
44.320580317,842346883322715435,842346883983801634,80,16,34809765000000,2026-09-10T09:13:59.181965+00:00,interpolated,-31.08000013232231,-150.0800006389618,55.1600002348423
44.339468494,842346883341603612,842346883983801634,80,17,34809765000000,2026-09-10T09:13:59.181965+00:00,interpolated,-27.230000115931034,-140.63000059872866,48.510000206530094
44.358356671,842346883360491789,842346883983801634,80,18,34809765000000,2026-09-10T09:13:59.181965+00:00,interpolated,-25.690000109374523,-135.59000057727098,36.4700001552701
44.377244848,842346883379379966,842346883983801634,80,19,34809765000000,2026-09-10T09:13:59.181965+00:00,interpolated,-26.180000111460686,-136.01000057905912,24.220000103116035
44.396133025,842346883398268143,842346883983801634,80,20,34809765000000,2026-09-10T09:13:59.181965+00:00,interpolated,-26.530000112950802,-139.72000059485435,15.680000066757202
44.415021203,842346883417156321,842346883983801634,80,21,34809765000000,2026-09-10T09:13:59.181965+00:00,interpolated,-26.390000112354755,-144.20000061392784,10.570000045001507
44.43390938,842346883436044498,842346883983801634,80,22,34809765000000,2026-09-10T09:13:59.181965+00:00,interpolated,-21.840000092983246,-144.3400006145239,8.820000037550926
44.452797557,842346883454932675,842346883983801634,80,23,34809765000000,2026-09-10T09:13:59.181965+00:00,interpolated,-9.030000038444996,-140.56000059843063,14.98000006377697
44.471685734,842346883473820852,842346883983801634,80,24,34809765000000,2026-09-10T09:13:59.181965+00:00,interpolated,6.790000028908253,-135.73000057786703,27.090000115334988
44.490573911,842346883492709029,842346883983801634,80,25,34809765000000,2026-09-10T09:13:59.181965+00:00,interpolated,10.360000044107437,-119.9800005108118,33.110000140964985
44.509462088,842346883511597206,842346883983801634,80,26,34809765000000,2026-09-10T09:13:59.181965+00:00,interpolated,2.520000010728836,-89.39000038057566,30.100000128149986
44.528350265,842346883530485383,842346883983801634,80,27,34809765000000,2026-09-10T09:13:59.181965+00:00,interpolated,-5.950000025331974,-50.61000021547079,20.720000088214874
44.547238442,842346883549373560,842346883983801634,80,28,34809765000000,2026-09-10T09:13:59.181965+00:00,interpolated,-10.710000045597553,-13.510000057518482,9.590000040829182
44.566126619,842346883568261737,842346883983801634,80,29,34809765000000,2026-09-10T09:13:59.181965+00:00,interpolated,-11.900000050663948,13.510000057518482,3.710000015795231
44.585014797,842346883587149915,842346883983801634,80,30,34809765000000,2026-09-10T09:13:59.181965+00:00,interpolated,-13.090000055730343,25.480000108480453,4.410000018775463
44.603902974,842346883606038092,842346883983801634,80,31,34809765000000,2026-09-10T09:13:59.181965+00:00,interpolated,-20.44000008702278,23.03000009804964,3.080000013113022
44.622791151,842346883624926269,842346883983801634,80,32,34809765000000,2026-09-10T09:13:59.181965+00:00,interpolated,-30.310000129044056,9.660000041127205,-3.710000015795231
44.641679328,842346883643814446,842346883983801634,80,33,34809765000000,2026-09-10T09:13:59.181965+00:00,interpolated,-37.52000015974045,-9.520000040531158,-10.710000045597553
44.660567505,842346883662702623,842346883983801634,80,34,34809765000000,2026-09-10T09:13:59.181965+00:00,interpolated,-40.040000170469284,-31.990000136196613,-12.880000054836273
44.679455682,842346883681590800,842346883983801634,80,35,34809765000000,2026-09-10T09:13:59.181965+00:00,interpolated,-39.830000169575214,-58.24000024795532,-7.490000031888485
44.698343859,842346883700478977,842346883983801634,80,36,34809765000000,2026-09-10T09:13:59.181965+00:00,interpolated,-41.51000017672777,-83.30000035464764,-0.9800000041723251
44.717232036,842346883719367154,842346883983801634,80,37,34809765000000,2026-09-10T09:13:59.181965+00:00,interpolated,-43.82000018656254,-101.92000043392181,2.0300000086426735
44.736120214,842346883738255332,842346883983801634,80,38,34809765000000,2026-09-10T09:13:59.181965+00:00,interpolated,-39.200000166893005,-111.58000047504902,7.9800000339746475
44.755008391,842346883757143509,842346883983801634,80,39,34809765000000,2026-09-10T09:13:59.181965+00:00,interpolated,-34.72000014781952,-113.12000048160553,16.870000071823597
44.773896568,842346883776031686,842346883983801634,80,40,34809765000000,2026-09-10T09:13:59.181965+00:00,interpolated,-34.3700001463294,-111.02000047266483,31.360000133514404
44.792784745,842346883794919863,842346883983801634,80,41,34809765000000,2026-09-10T09:13:59.181965+00:00,interpolated,-29.050000123679638,-100.31000042706728,47.460000202059746
44.811672922,842346883813808040,842346883983801634,80,42,34809765000000,2026-09-10T09:13:59.181965+00:00,interpolated,-19.810000084340572,-78.19000033289194,58.66000024974346
44.830561099,842346883832696217,842346883983801634,80,43,34809765000000,2026-09-10T09:13:59.181965+00:00,interpolated,-11.480000048875809,-54.67000023275614,61.530000261962414
44.849449276,842346883851584394,842346883983801634,80,44,34809765000000,2026-09-10T09:13:59.181965+00:00,interpolated,-4.270000018179417,-39.13000016659498,56.140000239014626
44.868337453,842346883870472571,842346883983801634,80,45,34809765000000,2026-09-10T09:13:59.181965+00:00,interpolated,6.7200000286102295,-35.070000149309635,47.81000020354986
44.88722563,842346883889360748,842346883983801634,80,46,34809765000000,2026-09-10T09:13:59.181965+00:00,interpolated,12.60000005364418,-37.73000016063452,44.590000189840794
44.906113808,842346883908248926,842346883983801634,80,47,34809765000000,2026-09-10T09:13:59.181965+00:00,interpolated,14.700000062584877,-43.61000018566847,46.97000019997358
44.925001985,842346883927137103,842346883983801634,80,48,34809765000000,2026-09-10T09:13:59.181965+00:00,interpolated,17.010000072419643,-50.82000021636486,48.230000205338
44.943890162,842346883946025280,842346883983801634,80,49,34809765000000,2026-09-10T09:13:59.181965+00:00,interpolated,19.250000081956387,-61.74000026285648,47.880000203847885
44.962778339,842346883964913457,842346883983801634,80,50,34809765000000,2026-09-10T09:13:59.181965+00:00,interpolated,22.960000097751617,-75.25000032037497,47.670000202953815
44.981666516,842346883983801634,842346883983801634,80,51,34809765000000,2026-09-10T09:13:59.181965+00:00,interpolated,27.930000118911266,-84.77000036090612,49.28000020980835
45.000554106,842346884002689224,842346884777080422,83,0,34810515000000,2026-09-10T09:13:59.932240+00:00,interpolated,31.990000136196613,-87.50000037252903,50.890000216662884
45.019441696,842346884021576814,842346884777080422,83,1,34810515000000,2026-09-10T09:13:59.932240+00:00,interpolated,36.75000015646219,-89.74000038206577,47.39000020176172
45.038329287,842346884040464405,842346884777080422,83,2,34810515000000,2026-09-10T09:13:59.932240+00:00,interpolated,38.22000016272068,-96.25000040978193,43.120000183582306
45.057216877,842346884059351995,842346884777080422,83,3,34810515000000,2026-09-10T09:13:59.932240+00:00,interpolated,41.72000017762184,-94.29000040143728,43.4000001847744
45.076104467,842346884078239585,842346884777080422,83,4,34810515000000,2026-09-10T09:13:59.932240+00:00,interpolated,46.27000019699335,-80.71000034362078,44.170000188052654
45.094992057,842346884097127175,842346884777080422,83,5,34810515000000,2026-09-10T09:13:59.932240+00:00,interpolated,46.340000197291374,-71.19000030308962,40.32000017166138
45.113879647,842346884116014765,842346884777080422,83,6,34810515000000,2026-09-10T09:13:59.932240+00:00,interpolated,46.48000019788742,-74.1300003156066,35.63000015169382
45.132767238,842346884134902356,842346884777080422,83,7,34810515000000,2026-09-10T09:13:59.932240+00:00,interpolated,49.98000021278858,-80.29000034183264,36.68000015616417
45.151654828,842346884153789946,842346884777080422,83,8,34810515000000,2026-09-10T09:13:59.932240+00:00,interpolated,52.640000224113464,-83.65000035613775,36.400000154972076
45.170542418,842346884172677536,842346884777080422,83,9,34810515000000,2026-09-10T09:13:59.932240+00:00,interpolated,48.230000205338,-77.98000033199787,31.92000013589859
45.189430008,842346884191565126,842346884777080422,83,10,34810515000000,2026-09-10T09:13:59.932240+00:00,interpolated,37.94000016152859,-71.89000030606985,27.37000011652708
45.208317598,842346884210452716,842346884777080422,83,11,34810515000000,2026-09-10T09:13:59.932240+00:00,interpolated,37.52000015974045,-47.18000020086765,27.230000115931034
45.227205188,842346884229340306,842346884777080422,83,12,34810515000000,2026-09-10T09:13:59.932240+00:00,interpolated,32.34000013768673,-6.860000029206276,28.070000119507313
45.246092779,842346884248227897,842346884777080422,83,13,34810515000000,2026-09-10T09:13:59.932240+00:00,interpolated,16.240000069141388,18.410000078380108,24.850000105798244
45.264980369,842346884267115487,842346884777080422,83,14,34810515000000,2026-09-10T09:13:59.932240+00:00,interpolated,5.670000024139881,35.910000152885914,15.050000064074993
45.283867959,842346884286003077,842346884777080422,83,15,34810515000000,2026-09-10T09:13:59.932240+00:00,interpolated,-13.580000057816505,32.5500001385808,-4.970000021159649
45.302755549,842346884304890667,842346884777080422,83,16,34810515000000,2026-09-10T09:13:59.932240+00:00,interpolated,-50.40000021457672,-7.910000033676624,-24.08000010251999
45.321643139,842346884323778257,842346884777080422,83,17,34810515000000,2026-09-10T09:13:59.932240+00:00,interpolated,-91.98000039160252,-27.300000116229057,-43.82000018656254
45.34053073,842346884342665848,842346884777080422,83,18,34810515000000,2026-09-10T09:13:59.932240+00:00,interpolated,-118.51000050455332,1.7500000074505806,-53.62000022828579
45.35941832,842346884361553438,842346884777080422,83,19,34810515000000,2026-09-10T09:13:59.932240+00:00,interpolated,-49.07000020891428,126.98000054061413,-21.7000000923872
45.37830591,842346884380441028,842346884777080422,83,20,34810515000000,2026-09-10T09:13:59.932240+00:00,interpolated,11.480000048875809,294.4900012537837,-46.83000019937754
45.3971935,842346884399328618,842346884777080422,83,21,34810515000000,2026-09-10T09:13:59.932240+00:00,interpolated,59.92000025510788,304.360001295805,-85.96000036597252
45.41608109,842346884418216208,842346884777080422,83,22,34810515000000,2026-09-10T09:13:59.932240+00:00,interpolated,18.90000008046627,81.0600003451109,-78.89000033587217
45.434968681,842346884437103799,842346884777080422,83,23,34810515000000,2026-09-10T09:13:59.932240+00:00,interpolated,-8.540000036358833,-183.96000078320503,-105.35000044852495
45.453856271,842346884455991389,842346884777080422,83,24,34810515000000,2026-09-10T09:13:59.932240+00:00,interpolated,-24.08000010251999,-225.7500009611249,-106.82000045478344
45.472743861,842346884474878979,842346884777080422,83,25,34810515000000,2026-09-10T09:13:59.932240+00:00,interpolated,-32.76000013947487,-118.72000050544739,-56.63000024110079
45.491631451,842346884493766569,842346884777080422,83,26,34810515000000,2026-09-10T09:13:59.932240+00:00,interpolated,-35.5600001513958,49.28000020980835,-16.94000007212162
45.510519041,842346884512654159,842346884777080422,83,27,34810515000000,2026-09-10T09:13:59.932240+00:00,interpolated,-34.23000014573336,152.74000065028667,-12.880000054836273
45.529406632,842346884531541750,842346884777080422,83,28,34810515000000,2026-09-10T09:13:59.932240+00:00,interpolated,-29.820000126957893,158.62000067532063,-20.16000008583069
45.548294222,842346884550429340,842346884777080422,83,29,34810515000000,2026-09-10T09:13:59.932240+00:00,interpolated,-27.510000117123127,81.27000034600496,-35.490000151097775
45.567181812,842346884569316930,842346884777080422,83,30,34810515000000,2026-09-10T09:13:59.932240+00:00,interpolated,-25.900000110268593,-13.02000005543232,-52.29000022262335
45.586069402,842346884588204520,842346884777080422,83,31,34810515000000,2026-09-10T09:13:59.932240+00:00,interpolated,-26.110000111162663,-71.68000030517578,-57.12000024318695
45.604956992,842346884607092110,842346884777080422,83,32,34810515000000,2026-09-10T09:13:59.932240+00:00,interpolated,-24.29000010341406,-65.59000027924776,-48.510000206530094
45.623844582,842346884625979700,842346884777080422,83,33,34810515000000,2026-09-10T09:13:59.932240+00:00,interpolated,-20.23000008612871,-14.280000060796738,-42.35000018030405
45.642732173,842346884644867291,842346884777080422,83,34,34810515000000,2026-09-10T09:13:59.932240+00:00,interpolated,-19.53000008314848,37.10000015795231,-40.3900001719594
45.661619763,842346884663754881,842346884777080422,83,35,34810515000000,2026-09-10T09:13:59.932240+00:00,interpolated,-18.06000007688999,60.20000025629997,-36.05000015348196
45.680507353,842346884682642471,842346884777080422,83,36,34810515000000,2026-09-10T09:13:59.932240+00:00,interpolated,-21.000000089406967,45.99000019580126,-29.610000126063824
45.699394943,842346884701530061,842346884777080422,83,37,34810515000000,2026-09-10T09:13:59.932240+00:00,interpolated,-19.600000083446503,16.590000070631504,-24.150000102818012
45.718282533,842346884720417651,842346884777080422,83,38,34810515000000,2026-09-10T09:13:59.932240+00:00,interpolated,-14.490000061690807,-3.2900000140070915,-27.230000115931034
45.737170124,842346884739305242,842346884777080422,83,39,34810515000000,2026-09-10T09:13:59.932240+00:00,interpolated,-12.60000005364418,-10.500000044703484,-29.400000125169754
45.756057714,842346884758192832,842346884777080422,83,40,34810515000000,2026-09-10T09:13:59.932240+00:00,interpolated,-14.700000062584877,-7.140000030398369,-22.40000009536743
45.774945304,842346884777080422,842346884777080422,83,41,34810515000000,2026-09-10T09:13:59.932240+00:00,interpolated,-15.890000067651272,3.2900000140070915,-16.10000006854534
45.793833459,842346884795968577,842346885797040812,86,0,34811687000000,2026-09-10T09:14:01.102589+00:00,interpolated,-13.650000058114529,11.970000050961971,-14.56000006198883
45.812721615,842346884814856733,842346885797040812,86,1,34811687000000,2026-09-10T09:14:01.102589+00:00,interpolated,-14.700000062584877,15.540000066161156,-10.080000042915344
45.83160977,842346884833744888,842346885797040812,86,2,34811687000000,2026-09-10T09:14:01.102589+00:00,interpolated,-13.790000058710575,20.720000088214874,-4.200000017881393
45.850497925,842346884852633043,842346885797040812,86,3,34811687000000,2026-09-10T09:14:01.102589+00:00,interpolated,-11.550000049173832,21.980000093579292,-3.710000015795231
45.869386081,842346884871521199,842346885797040812,86,4,34811687000000,2026-09-10T09:14:01.102589+00:00,interpolated,-13.650000058114529,22.260000094771385,2.17000000923872
45.888274236,842346884890409354,842346885797040812,86,5,34811687000000,2026-09-10T09:14:01.102589+00:00,interpolated,-17.7800000756979,33.110000140964985,8.05000003427267
45.907162392,842346884909297510,842346885797040812,86,6,34811687000000,2026-09-10T09:14:01.102589+00:00,interpolated,-20.16000008583069,40.950000174343586,6.790000028908253
45.926050547,842346884928185665,842346885797040812,86,7,34811687000000,2026-09-10T09:14:01.102589+00:00,interpolated,-20.580000087618828,55.1600002348423,9.030000038444996
45.944938702,842346884947073820,842346885797040812,86,8,34811687000000,2026-09-10T09:14:01.102589+00:00,interpolated,-17.010000072419643,81.34000034630299,17.7800000756979
45.963826858,842346884965961976,842346885797040812,86,9,34811687000000,2026-09-10T09:14:01.102589+00:00,interpolated,-20.23000008612871,90.86000038683414,19.390000082552433
45.982715013,842346884984850131,842346885797040812,86,10,34811687000000,2026-09-10T09:14:01.102589+00:00,interpolated,-21.350000090897083,70.14000029861927,19.32000008225441
46.001603168,842346885003738286,842346885797040812,86,11,34811687000000,2026-09-10T09:14:01.102589+00:00,interpolated,-21.28000009059906,42.63000018149614,18.410000078380108
46.020491324,842346885022626442,842346885797040812,86,12,34811687000000,2026-09-10T09:14:01.102589+00:00,interpolated,-22.82000009715557,25.41000010818243,15.120000064373016
46.039379479,842346885041514597,842346885797040812,86,13,34811687000000,2026-09-10T09:14:01.102589+00:00,interpolated,-28.700000122189522,24.50000010430813,11.970000050961971
46.058267635,842346885060402753,842346885797040812,86,14,34811687000000,2026-09-10T09:14:01.102589+00:00,interpolated,-34.51000014692545,39.13000016659498,11.130000047385693
46.07715579,842346885079290908,842346885797040812,86,15,34811687000000,2026-09-10T09:14:01.102589+00:00,interpolated,-30.940000131726265,48.720000207424164,7.560000032186508
46.096043945,842346885098179063,842346885797040812,86,16,34811687000000,2026-09-10T09:14:01.102589+00:00,interpolated,-17.290000073611736,47.460000202059746,2.3100000098347664
46.114932101,842346885117067219,842346885797040812,86,17,34811687000000,2026-09-10T09:14:01.102589+00:00,interpolated,-12.740000054240227,38.990000165998936,-0.3500000014901161
46.133820256,842346885135955374,842346885797040812,86,18,34811687000000,2026-09-10T09:14:01.102589+00:00,interpolated,-17.36000007390976,34.79000014811754,1.6800000071525574
46.152708411,842346885154843529,842346885797040812,86,19,34811687000000,2026-09-10T09:14:01.102589+00:00,interpolated,-21.630000092089176,24.50000010430813,2.5900000110268593
46.171596567,842346885173731685,842346885797040812,86,20,34811687000000,2026-09-10T09:14:01.102589+00:00,interpolated,-15.260000064969063,14.350000061094761,3.2200000137090683
46.190484722,842346885192619840,842346885797040812,86,21,34811687000000,2026-09-10T09:14:01.102589+00:00,interpolated,-8.610000036656857,13.860000059008598,4.5500000193715096
46.209372878,842346885211507996,842346885797040812,86,22,34811687000000,2026-09-10T09:14:01.102589+00:00,interpolated,-3.430000014603138,21.630000092089176,4.970000021159649
46.228261033,842346885230396151,842346885797040812,86,23,34811687000000,2026-09-10T09:14:01.102589+00:00,interpolated,-3.3600000143051147,26.530000112950802,5.740000024437904
46.247149188,842346885249284306,842346885797040812,86,24,34811687000000,2026-09-10T09:14:01.102589+00:00,interpolated,-2.17000000923872,19.32000008225441,10.8500000461936
46.266037344,842346885268172462,842346885797040812,86,25,34811687000000,2026-09-10T09:14:01.102589+00:00,interpolated,0.0,4.900000020861626,11.690000049769878
46.284925499,842346885287060617,842346885797040812,86,26,34811687000000,2026-09-10T09:14:01.102589+00:00,interpolated,3.9900000169873238,-0.7000000029802322,9.870000042021275
46.303813654,842346885305948772,842346885797040812,86,27,34811687000000,2026-09-10T09:14:01.102589+00:00,interpolated,7.770000033080578,-5.810000024735928,10.990000046789646
46.32270181,842346885324836928,842346885797040812,86,28,34811687000000,2026-09-10T09:14:01.102589+00:00,interpolated,6.020000025629997,-8.610000036656857,10.43000004440546
46.341589965,842346885343725083,842346885797040812,86,29,34811687000000,2026-09-10T09:14:01.102589+00:00,interpolated,1.7500000074505806,0.0,9.170000039041042
46.36047812,842346885362613238,842346885797040812,86,30,34811687000000,2026-09-10T09:14:01.102589+00:00,interpolated,0.3500000014901161,8.540000036358833,11.760000050067902
46.379366276,842346885381501394,842346885797040812,86,31,34811687000000,2026-09-10T09:14:01.102589+00:00,interpolated,1.0500000044703484,2.3800000101327896,13.860000059008598
46.398254431,842346885400389549,842346885797040812,86,32,34811687000000,2026-09-10T09:14:01.102589+00:00,interpolated,0.9800000041723251,0.21000000089406967,8.820000037550926
46.417142587,842346885419277705,842346885797040812,86,33,34811687000000,2026-09-10T09:14:01.102589+00:00,interpolated,2.870000012218952,10.010000042617321,1.3300000056624413
46.436030742,842346885438165860,842346885797040812,86,34,34811687000000,2026-09-10T09:14:01.102589+00:00,interpolated,4.410000018775463,11.690000049769878,-1.3300000056624413
46.454918897,842346885457054015,842346885797040812,86,35,34811687000000,2026-09-10T09:14:01.102589+00:00,interpolated,7.140000030398369,-6.0900000259280205,-6.0900000259280205
46.473807053,842346885475942171,842346885797040812,86,36,34811687000000,2026-09-10T09:14:01.102589+00:00,interpolated,15.540000066161156,-15.680000066757202,-10.360000044107437
46.492695208,842346885494830326,842346885797040812,86,37,34811687000000,2026-09-10T09:14:01.102589+00:00,interpolated,20.090000085532665,-8.68000003695488,-5.600000023841858
46.511583363,842346885513718481,842346885797040812,86,38,34811687000000,2026-09-10T09:14:01.102589+00:00,interpolated,14.210000060498714,-8.820000037550926,-3.3600000143051147
46.530471519,842346885532606637,842346885797040812,86,39,34811687000000,2026-09-10T09:14:01.102589+00:00,interpolated,12.39000005275011,-13.510000057518482,-5.880000025033951
46.549359674,842346885551494792,842346885797040812,86,40,34811687000000,2026-09-10T09:14:01.102589+00:00,interpolated,17.010000072419643,-8.26000003516674,-4.620000019669533
46.56824783,842346885570382948,842346885797040812,86,41,34811687000000,2026-09-10T09:14:01.102589+00:00,interpolated,17.500000074505806,3.3600000143051147,-1.4700000062584877
46.587135985,842346885589271103,842346885797040812,86,42,34811687000000,2026-09-10T09:14:01.102589+00:00,interpolated,17.220000073313713,16.73000007122755,1.890000008046627
46.60602414,842346885608159258,842346885797040812,86,43,34811687000000,2026-09-10T09:14:01.102589+00:00,interpolated,21.140000090003014,28.91000012308359,6.30000002682209
46.624912296,842346885627047414,842346885797040812,86,44,34811687000000,2026-09-10T09:14:01.102589+00:00,interpolated,19.180000081658363,32.62000013887882,8.330000035464764
46.643800451,842346885645935569,842346885797040812,86,45,34811687000000,2026-09-10T09:14:01.102589+00:00,interpolated,14.210000060498714,25.550000108778477,9.520000040531158
46.662688606,842346885664823724,842346885797040812,86,46,34811687000000,2026-09-10T09:14:01.102589+00:00,interpolated,8.68000003695488,9.590000040829182,12.110000051558018
46.681576762,842346885683711880,842346885797040812,86,47,34811687000000,2026-09-10T09:14:01.102589+00:00,interpolated,9.730000041425228,-21.28000009059906,15.960000067949295
46.700464917,842346885702600035,842346885797040812,86,48,34811687000000,2026-09-10T09:14:01.102589+00:00,interpolated,15.890000067651272,-52.08000022172928,16.870000071823597
46.719353073,842346885721488191,842346885797040812,86,49,34811687000000,2026-09-10T09:14:01.102589+00:00,interpolated,10.780000045895576,-88.69000037759542,9.590000040829182
46.738241228,842346885740376346,842346885797040812,86,50,34811687000000,2026-09-10T09:14:01.102589+00:00,interpolated,23.87000010162592,-142.10000060498714,-22.40000009536743
46.757129383,842346885759264501,842346885797040812,86,51,34811687000000,2026-09-10T09:14:01.102589+00:00,interpolated,66.57000028342009,-154.6300006583333,-75.74000032246113
46.776017539,842346885778152657,842346885797040812,86,52,34811687000000,2026-09-10T09:14:01.102589+00:00,interpolated,84.77000036090612,-101.08000043034554,-94.57000040262938
46.794905694,842346885797040812,842346885797040812,86,53,34811687000000,2026-09-10T09:14:01.102589+00:00,interpolated,85.47000036388636,6.580000028014183,-97.93000041693449
46.813793978,842346885815929096,842346886628125298,89,0,34812437000000,2026-09-10T09:14:01.852407+00:00,interpolated,122.78000052273273,108.99000046402216,-111.72000047564507
46.832682262,842346885834817380,842346886628125298,89,1,34812437000000,2026-09-10T09:14:01.852407+00:00,interpolated,124.1800005286932,85.26000036299229,-92.68000039458275
46.851570545,842346885853705663,842346886628125298,89,2,34812437000000,2026-09-10T09:14:01.852407+00:00,interpolated,84.84000036120415,114.80000048875809,-45.15000019222498
46.870458829,842346885872593947,842346886628125298,89,3,34812437000000,2026-09-10T09:14:01.852407+00:00,interpolated,43.120000183582306,135.87000057846308,-0.7000000029802322
46.889347113,842346885891482231,842346886628125298,89,4,34812437000000,2026-09-10T09:14:01.852407+00:00,interpolated,22.890000097453594,93.87000039964914,12.880000054836273
46.908235397,842346885910370515,842346886628125298,89,5,34812437000000,2026-09-10T09:14:01.852407+00:00,interpolated,4.970000021159649,44.66000019013882,19.32000008225441
46.92712368,842346885929258798,842346886628125298,89,6,34812437000000,2026-09-10T09:14:01.852407+00:00,interpolated,-38.080000162124634,-8.05000003427267,29.75000012665987
46.946011964,842346885948147082,842346886628125298,89,7,34812437000000,2026-09-10T09:14:01.852407+00:00,interpolated,-114.03000048547983,-40.46000017225742,34.16000014543533
46.964900248,842346885967035366,842346886628125298,89,8,34812437000000,2026-09-10T09:14:01.852407+00:00,interpolated,-131.88000056147575,-137.4800005853176,19.670000083744526
46.983788532,842346885985923650,842346886628125298,89,9,34812437000000,2026-09-10T09:14:01.852407+00:00,interpolated,-44.94000019133091,-237.86000101268291,47.880000203847885
47.002676816,842346886004811934,842346886628125298,89,10,34812437000000,2026-09-10T09:14:01.852407+00:00,interpolated,74.1300003156066,226.3800009638071,-20.23000008612871
47.021565099,842346886023700217,842346886628125298,89,11,34812437000000,2026-09-10T09:14:01.852407+00:00,interpolated,11.760000050067902,386.89000164717436,-77.84000033140182
47.040453383,842346886042588501,842346886628125298,89,12,34812437000000,2026-09-10T09:14:01.852407+00:00,interpolated,-35.280000150203705,164.15000069886446,42.210000179708004
47.059341667,842346886061476785,842346886628125298,89,13,34812437000000,2026-09-10T09:14:01.852407+00:00,interpolated,-74.34000031650066,-37.73000016063452,90.30000038444996
47.078229951,842346886080365069,842346886628125298,89,14,34812437000000,2026-09-10T09:14:01.852407+00:00,interpolated,-70.63000030070543,-106.26000045239925,21.000000089406967
47.097118234,842346886099253352,842346886628125298,89,15,34812437000000,2026-09-10T09:14:01.852407+00:00,interpolated,-51.240000218153,-90.65000038594007,-8.26000003516674
47.116006518,842346886118141636,842346886628125298,89,16,34812437000000,2026-09-10T09:14:01.852407+00:00,interpolated,-28.6300001218915,-18.760000079870224,13.02000005543232
47.134894802,842346886137029920,842346886628125298,89,17,34812437000000,2026-09-10T09:14:01.852407+00:00,interpolated,-20.790000088512897,40.60000017285347,36.05000015348196
47.153783086,842346886155918204,842346886628125298,89,18,34812437000000,2026-09-10T09:14:01.852407+00:00,interpolated,-20.510000087320805,52.010000221431255,35.700000151991844
47.172671369,842346886174806487,842346886628125298,89,19,34812437000000,2026-09-10T09:14:01.852407+00:00,interpolated,-27.720000118017197,38.43000016361475,21.350000090897083
47.191559653,842346886193694771,842346886628125298,89,20,34812437000000,2026-09-10T09:14:01.852407+00:00,interpolated,-33.67000014334917,14.630000062286854,6.160000026226044
47.210447937,842346886212583055,842346886628125298,89,21,34812437000000,2026-09-10T09:14:01.852407+00:00,interpolated,-26.95000011473894,-10.150000043213367,-4.690000019967556
47.229336221,842346886231471339,842346886628125298,89,22,34812437000000,2026-09-10T09:14:01.852407+00:00,interpolated,-15.610000066459179,-29.75000012665987,-6.580000028014183
47.248224505,842346886250359623,842346886628125298,89,23,34812437000000,2026-09-10T09:14:01.852407+00:00,interpolated,-13.160000056028366,-23.730000101029873,-6.160000026226044
47.267112788,842346886269247906,842346886628125298,89,24,34812437000000,2026-09-10T09:14:01.852407+00:00,interpolated,-12.040000051259995,-3.9200000166893005,-5.530000023543835
47.286001072,842346886288136190,842346886628125298,89,25,34812437000000,2026-09-10T09:14:01.852407+00:00,interpolated,-8.120000034570694,11.970000050961971,-2.520000010728836
47.304889356,842346886307024474,842346886628125298,89,26,34812437000000,2026-09-10T09:14:01.852407+00:00,interpolated,-7.700000032782555,9.660000041127205,-2.1000000089406967
47.32377764,842346886325912758,842346886628125298,89,27,34812437000000,2026-09-10T09:14:01.852407+00:00,interpolated,-9.520000040531158,-4.760000020265579,-5.880000025033951
47.342665923,842346886344801041,842346886628125298,89,28,34812437000000,2026-09-10T09:14:01.852407+00:00,interpolated,-11.830000050365925,-23.170000098645687,-7.420000031590462
47.361554207,842346886363689325,842346886628125298,89,29,34812437000000,2026-09-10T09:14:01.852407+00:00,interpolated,-12.39000005275011,-30.520000129938126,-9.310000039637089
47.380442491,842346886382577609,842346886628125298,89,30,34812437000000,2026-09-10T09:14:01.852407+00:00,interpolated,-8.190000034868717,-14.140000060200691,-8.89000003784895
47.399330775,842346886401465893,842346886628125298,89,31,34812437000000,2026-09-10T09:14:01.852407+00:00,interpolated,-4.480000019073486,-0.07000000029802322,-4.34000001847744
47.418219059,842346886420354177,842346886628125298,89,32,34812437000000,2026-09-10T09:14:01.852407+00:00,interpolated,-8.89000003784895,-3.710000015795231,-5.670000024139881
47.437107342,842346886439242460,842346886628125298,89,33,34812437000000,2026-09-10T09:14:01.852407+00:00,interpolated,-10.43000004440546,-1.7500000074505806,-9.310000039637089
47.455995626,842346886458130744,842346886628125298,89,34,34812437000000,2026-09-10T09:14:01.852407+00:00,interpolated,-4.620000019669533,2.17000000923872,-6.0900000259280205
47.47488391,842346886477019028,842346886628125298,89,35,34812437000000,2026-09-10T09:14:01.852407+00:00,interpolated,-3.2900000140070915,-6.020000025629997,-8.26000003516674
47.493772194,842346886495907312,842346886628125298,89,36,34812437000000,2026-09-10T09:14:01.852407+00:00,interpolated,-4.620000019669533,-20.370000086724758,-15.750000067055225
47.512660477,842346886514795595,842346886628125298,89,37,34812437000000,2026-09-10T09:14:01.852407+00:00,interpolated,-5.600000023841858,-34.440000146627426,-19.600000083446503
47.531548761,842346886533683879,842346886628125298,89,38,34812437000000,2026-09-10T09:14:01.852407+00:00,interpolated,-7.700000032782555,-43.540000185370445,-23.590000100433826
47.550437045,842346886552572163,842346886628125298,89,39,34812437000000,2026-09-10T09:14:01.852407+00:00,interpolated,-6.7200000286102295,-31.360000133514404,-26.95000011473894
47.569325329,842346886571460447,842346886628125298,89,40,34812437000000,2026-09-10T09:14:01.852407+00:00,interpolated,2.7300000116229057,-26.95000011473894,-22.470000095665455
47.588213612,842346886590348730,842346886628125298,89,41,34812437000000,2026-09-10T09:14:01.852407+00:00,interpolated,6.0900000259280205,-44.73000019043684,-22.190000094473362
47.607101896,842346886609237014,842346886628125298,89,42,34812437000000,2026-09-10T09:14:01.852407+00:00,interpolated,-4.13000001758337,-79.73000033944845,-37.73000016063452
47.62599018,842346886628125298,842346886628125298,89,43,34812437000000,2026-09-10T09:14:01.852407+00:00,interpolated,-4.760000020265579,-52.71000022441149,-52.36000022292137
47.644878206,842346886647013324,842346887553638580,92,0,34813156000000,2026-09-10T09:14:02.574684+00:00,interpolated,18.410000078380108,-24.710000105202198,-37.80000016093254
47.663766232,842346886665901350,842346887553638580,92,1,34813156000000,2026-09-10T09:14:02.574684+00:00,interpolated,26.110000111162663,-28.770000122487545,-24.57000010460615
47.682654258,842346886684789376,842346887553638580,92,2,34813156000000,2026-09-10T09:14:02.574684+00:00,interpolated,8.89000003784895,-63.63000027090311,-45.710000194609165
47.701542285,842346886703677403,842346887553638580,92,3,34813156000000,2026-09-10T09:14:02.574684+00:00,interpolated,1.9600000083446503,-44.170000188052654,-74.1300003156066
47.720430311,842346886722565429,842346887553638580,92,4,34813156000000,2026-09-10T09:14:02.574684+00:00,interpolated,30.38000012934208,-7.840000033378601,-67.2000002861023
47.739318337,842346886741453455,842346887553638580,92,5,34813156000000,2026-09-10T09:14:02.574684+00:00,interpolated,45.290000192821026,2.6600000113248825,-54.11000023037195
47.758206363,842346886760341481,842346887553638580,92,6,34813156000000,2026-09-10T09:14:02.574684+00:00,interpolated,38.22000016272068,-5.810000024735928,-68.7400002926588
47.777094389,842346886779229507,842346887553638580,92,7,34813156000000,2026-09-10T09:14:02.574684+00:00,interpolated,27.090000115334988,-29.190000124275684,-78.19000033289194
47.795982415,842346886798117533,842346887553638580,92,8,34813156000000,2026-09-10T09:14:02.574684+00:00,interpolated,29.75000012665987,-53.060000225901604,-74.06000031530857
47.814870442,842346886817005560,842346887553638580,92,9,34813156000000,2026-09-10T09:14:02.574684+00:00,interpolated,47.670000202953815,-61.67000026255846,-84.07000035792589
47.833758468,842346886835893586,842346887553638580,92,10,34813156000000,2026-09-10T09:14:02.574684+00:00,interpolated,53.760000228881836,-38.990000165998936,-107.10000045597553
47.852646494,842346886854781612,842346887553638580,92,11,34813156000000,2026-09-10T09:14:02.574684+00:00,interpolated,33.18000014126301,-28.6300001218915,-101.43000043183565
47.87153452,842346886873669638,842346887553638580,92,12,34813156000000,2026-09-10T09:14:02.574684+00:00,interpolated,43.960000187158585,-58.03000024706125,-74.34000031650066
47.890422546,842346886892557664,842346887553638580,92,13,34813156000000,2026-09-10T09:14:02.574684+00:00,interpolated,55.720000237226486,-38.990000165998936,-88.27000037580729
47.909310572,842346886911445690,842346887553638580,92,14,34813156000000,2026-09-10T09:14:02.574684+00:00,interpolated,54.810000233352184,-13.370000056922436,-116.13000049442053
47.928198599,842346886930333717,842346887553638580,92,15,34813156000000,2026-09-10T09:14:02.574684+00:00,interpolated,45.920000195503235,1.6100000068545341,-110.88000047206879
47.947086625,842346886949221743,842346887553638580,92,16,34813156000000,2026-09-10T09:14:02.574684+00:00,interpolated,52.50000022351742,-35.700000151991844,-100.52000042796135
47.965974651,842346886968109769,842346887553638580,92,17,34813156000000,2026-09-10T09:14:02.574684+00:00,interpolated,53.13000022619963,-38.080000162124634,-112.91000048071146
47.984862677,842346886986997795,842346887553638580,92,18,34813156000000,2026-09-10T09:14:02.574684+00:00,interpolated,55.65000023692846,-16.450000070035458,-113.40000048279762
48.003750703,842346887005885821,842346887553638580,92,19,34813156000000,2026-09-10T09:14:02.574684+00:00,interpolated,46.340000197291374,-25.690000109374523,-100.3800004273653
48.022638729,842346887024773847,842346887553638580,92,20,34813156000000,2026-09-10T09:14:02.574684+00:00,interpolated,36.610000155866146,-61.95000026375055,-116.3400004953146
48.041526756,842346887043661874,842346887553638580,92,21,34813156000000,2026-09-10T09:14:02.574684+00:00,interpolated,60.13000025600195,-38.780000165104866,-131.32000055909157
48.060414782,842346887062549900,842346887553638580,92,22,34813156000000,2026-09-10T09:14:02.574684+00:00,interpolated,44.52000018954277,-5.740000024437904,-121.31000051647425
48.079302808,842346887081437926,842346887553638580,92,23,34813156000000,2026-09-10T09:14:02.574684+00:00,interpolated,32.83000013977289,-34.93000014871359,-109.69000046700239
48.098190834,842346887100325952,842346887553638580,92,24,34813156000000,2026-09-10T09:14:02.574684+00:00,interpolated,42.77000018209219,-19.390000082552433,-111.58000047504902
48.11707886,842346887119213978,842346887553638580,92,25,34813156000000,2026-09-10T09:14:02.574684+00:00,interpolated,34.79000014811754,-15.330000065267086,-109.06000046432018
48.135966886,842346887138102004,842346887553638580,92,26,34813156000000,2026-09-10T09:14:02.574684+00:00,interpolated,30.87000013142824,-27.58000011742115,-100.3800004273653
48.154854913,842346887156990031,842346887553638580,92,27,34813156000000,2026-09-10T09:14:02.574684+00:00,interpolated,32.97000014036894,-13.160000056028366,-102.480000436306
48.173742939,842346887175878057,842346887553638580,92,28,34813156000000,2026-09-10T09:14:02.574684+00:00,interpolated,20.23000008612871,1.9600000083446503,-91.49000038951635
48.192630965,842346887194766083,842346887553638580,92,29,34813156000000,2026-09-10T09:14:02.574684+00:00,interpolated,7.490000031888485,-11.270000047981739,-67.41000028699636
48.211518991,842346887213654109,842346887553638580,92,30,34813156000000,2026-09-10T09:14:02.574684+00:00,interpolated,14.490000061690807,-23.24000009894371,-62.30000026524067
48.230407017,842346887232542135,842346887553638580,92,31,34813156000000,2026-09-10T09:14:02.574684+00:00,interpolated,21.210000090301037,-3.0100000128149986,-51.800000220537186
48.249295043,842346887251430161,842346887553638580,92,32,34813156000000,2026-09-10T09:14:02.574684+00:00,interpolated,4.8300000205636024,7.910000033676624,-37.450000159442425
48.26818307,842346887270318188,842346887553638580,92,33,34813156000000,2026-09-10T09:14:02.574684+00:00,interpolated,-7.3500000312924385,0.21000000089406967,-23.590000100433826
48.287071096,842346887289206214,842346887553638580,92,34,34813156000000,2026-09-10T09:14:02.574684+00:00,interpolated,0.14000000059604645,15.890000067651272,-14.420000061392784
48.305959122,842346887308094240,842346887553638580,92,35,34813156000000,2026-09-10T09:14:02.574684+00:00,interpolated,-2.800000011920929,15.470000065863132,-13.510000057518482
48.324847148,842346887326982266,842346887553638580,92,36,34813156000000,2026-09-10T09:14:02.574684+00:00,interpolated,-10.990000046789646,3.0100000128149986,-9.730000041425228
48.343735174,842346887345870292,842346887553638580,92,37,34813156000000,2026-09-10T09:14:02.574684+00:00,interpolated,-15.680000066757202,11.480000048875809,3.710000015795231
48.3626232,842346887364758318,842346887553638580,92,38,34813156000000,2026-09-10T09:14:02.574684+00:00,interpolated,-20.370000086724758,17.220000073313713,13.930000059306622
48.381511227,842346887383646345,842346887553638580,92,39,34813156000000,2026-09-10T09:14:02.574684+00:00,interpolated,-28.00000011920929,14.140000060200691,21.49000009149313
48.400399253,842346887402534371,842346887553638580,92,40,34813156000000,2026-09-10T09:14:02.574684+00:00,interpolated,-32.97000014036894,21.49000009149313,32.13000013679266
48.419287279,842346887421422397,842346887553638580,92,41,34813156000000,2026-09-10T09:14:02.574684+00:00,interpolated,-37.3800001591444,30.59000013023615,42.420000180602074
48.438175305,842346887440310423,842346887553638580,92,42,34813156000000,2026-09-10T09:14:02.574684+00:00,interpolated,-42.70000018179417,24.78000010550022,47.3200002014637
48.457063331,842346887459198449,842346887553638580,92,43,34813156000000,2026-09-10T09:14:02.574684+00:00,interpolated,-37.030000157654285,16.10000006854534,47.60000020265579
48.475951357,842346887478086475,842346887553638580,92,44,34813156000000,2026-09-10T09:14:02.574684+00:00,interpolated,-34.3700001463294,11.900000050663948,54.53000023216009
48.494839384,842346887496974502,842346887553638580,92,45,34813156000000,2026-09-10T09:14:02.574684+00:00,interpolated,-34.3700001463294,9.240000039339066,64.96000027656555
48.51372741,842346887515862528,842346887553638580,92,46,34813156000000,2026-09-10T09:14:02.574684+00:00,interpolated,-35.98000015318394,12.740000054240227,69.86000029742718
48.532615436,842346887534750554,842346887553638580,92,47,34813156000000,2026-09-10T09:14:02.574684+00:00,interpolated,-44.66000019013882,24.850000105798244,75.0400003194809
48.551503462,842346887553638580,842346887553638580,92,48,34813156000000,2026-09-10T09:14:02.574684+00:00,interpolated,-51.380000218749046,38.71000016480684,84.28000035881996
48.570391232,842346887572526350,842346888516914836,95,0,34814296000000,2026-09-10T09:14:03.714828+00:00,interpolated,-50.12000021338463,38.780000165104866,84.56000036001205
48.589279001,842346887591414119,842346888516914836,95,1,34814296000000,2026-09-10T09:14:03.714828+00:00,interpolated,-56.350000239908695,24.920000106096268,82.11000034958124
48.608166771,842346887610301889,842346888516914836,95,2,34814296000000,2026-09-10T09:14:03.714828+00:00,interpolated,-62.650000266730785,15.120000064373016,86.87000036984682
48.627054541,842346887629189659,842346888516914836,95,3,34814296000000,2026-09-10T09:14:03.714828+00:00,interpolated,-59.22000025212765,17.7800000756979,90.79000038653612
48.645942311,842346887648077429,842346888516914836,95,4,34814296000000,2026-09-10T09:14:03.714828+00:00,interpolated,-56.21000023931265,21.28000009059906,90.65000038594007
48.66483008,842346887666965198,842346888516914836,95,5,34814296000000,2026-09-10T09:14:03.714828+00:00,interpolated,-57.61000024527311,32.41000013798475,96.81000041216612
48.68371785,842346887685852968,842346888516914836,95,6,34814296000000,2026-09-10T09:14:03.714828+00:00,interpolated,-59.57000025361776,41.65000017732382,106.47000045329332
48.70260562,842346887704740738,842346888516914836,95,7,34814296000000,2026-09-10T09:14:03.714828+00:00,interpolated,-58.310000248253345,40.040000170469284,109.20000046491623
48.72149339,842346887723628508,842346888516914836,95,8,34814296000000,2026-09-10T09:14:03.714828+00:00,interpolated,-53.20000022649765,43.330000184476376,105.14000044763088
48.740381159,842346887742516277,842346888516914836,95,9,34814296000000,2026-09-10T09:14:03.714828+00:00,interpolated,-52.850000225007534,41.790000177919865,105.63000044971704
48.759268929,842346887761404047,842346888516914836,95,10,34814296000000,2026-09-10T09:14:03.714828+00:00,interpolated,-52.29000022262335,25.690000109374523,109.55000046640635
48.778156699,842346887780291817,842346888516914836,95,11,34814296000000,2026-09-10T09:14:03.714828+00:00,interpolated,-51.10000021755695,32.76000013947487,109.20000046491623
48.797044468,842346887799179586,842346888516914836,95,12,34814296000000,2026-09-10T09:14:03.714828+00:00,interpolated,-50.96000021696091,49.420000210404396,115.22000049054623
48.815932238,842346887818067356,842346888516914836,95,13,34814296000000,2026-09-10T09:14:03.714828+00:00,interpolated,-49.840000212192535,54.53000023216009,117.11000049859285
48.834820008,842346887836955126,842346888516914836,95,14,34814296000000,2026-09-10T09:14:03.714828+00:00,interpolated,-56.770000241696835,33.67000014334917,108.29000046104193
48.853707778,842346887855842896,842346888516914836,95,15,34814296000000,2026-09-10T09:14:03.714828+00:00,interpolated,-57.12000024318695,13.370000056922436,108.99000046402216
48.872595547,842346887874730665,842346888516914836,95,16,34814296000000,2026-09-10T09:14:03.714828+00:00,interpolated,-49.35000021010637,28.6300001218915,116.0600004941225
48.891483317,842346887893618435,842346888516914836,95,17,34814296000000,2026-09-10T09:14:03.714828+00:00,interpolated,-46.4100001975894,40.81000017374754,123.76000052690506
48.910371087,842346887912506205,842346888516914836,95,18,34814296000000,2026-09-10T09:14:03.714828+00:00,interpolated,-42.35000018030405,24.220000103116035,129.2900005504489
48.929258857,842346887931393975,842346888516914836,95,19,34814296000000,2026-09-10T09:14:03.714828+00:00,interpolated,-42.210000179708004,17.220000073313713,127.26000054180622
48.948146626,842346887950281744,842346888516914836,95,20,34814296000000,2026-09-10T09:14:03.714828+00:00,interpolated,-35.63000015169382,26.95000011473894,118.02000050246716
48.967034396,842346887969169514,842346888516914836,95,21,34814296000000,2026-09-10T09:14:03.714828+00:00,interpolated,-29.820000126957893,47.3200002014637,97.09000041335821
48.985922166,842346887988057284,842346888516914836,95,22,34814296000000,2026-09-10T09:14:03.714828+00:00,interpolated,-22.190000094473362,60.20000025629997,70.49000030010939
49.004809935,842346888006945053,842346888516914836,95,23,34814296000000,2026-09-10T09:14:03.714828+00:00,interpolated,-15.40000006556511,40.950000174343586,55.09000023454428
49.023697705,842346888025832823,842346888516914836,95,24,34814296000000,2026-09-10T09:14:03.714828+00:00,interpolated,-10.22000004351139,16.94000007212162,46.550000198185444
49.042585475,842346888044720593,842346888516914836,95,25,34814296000000,2026-09-10T09:14:03.714828+00:00,interpolated,-4.900000020861626,10.920000046491623,14.490000061690807
49.061473245,842346888063608363,842346888516914836,95,26,34814296000000,2026-09-10T09:14:03.714828+00:00,interpolated,-0.9100000038743019,10.010000042617321,-14.210000060498714
49.080361014,842346888082496132,842346888516914836,95,27,34814296000000,2026-09-10T09:14:03.714828+00:00,interpolated,-6.0900000259280205,19.180000081658363,-17.500000074505806
49.099248784,842346888101383902,842346888516914836,95,28,34814296000000,2026-09-10T09:14:03.714828+00:00,interpolated,-3.710000015795231,12.39000005275011,-24.710000105202198
49.118136554,842346888120271672,842346888516914836,95,29,34814296000000,2026-09-10T09:14:03.714828+00:00,interpolated,1.0500000044703484,-27.720000118017197,-30.940000131726265
49.137024323,842346888139159441,842346888516914836,95,30,34814296000000,2026-09-10T09:14:03.714828+00:00,interpolated,1.1200000047683716,-33.4600001424551,-31.29000013321638
49.155912093,842346888158047211,842346888516914836,95,31,34814296000000,2026-09-10T09:14:03.714828+00:00,interpolated,9.520000040531158,14.630000062286854,-33.4600001424551
49.174799863,842346888176934981,842346888516914836,95,32,34814296000000,2026-09-10T09:14:03.714828+00:00,interpolated,14.140000060200691,-1.6800000071525574,-37.73000016063452
49.193687633,842346888195822751,842346888516914836,95,33,34814296000000,2026-09-10T09:14:03.714828+00:00,interpolated,13.650000058114529,-50.470000214874744,-47.880000203847885
49.212575402,842346888214710520,842346888516914836,95,34,34814296000000,2026-09-10T09:14:03.714828+00:00,interpolated,6.0900000259280205,-50.40000021457672,-66.99000028520823
49.231463172,842346888233598290,842346888516914836,95,35,34814296000000,2026-09-10T09:14:03.714828+00:00,interpolated,15.890000067651272,1.9600000083446503,-77.49000032991171
49.250350942,842346888252486060,842346888516914836,95,36,34814296000000,2026-09-10T09:14:03.714828+00:00,interpolated,41.580000177025795,-17.710000075399876,-61.60000026226044
49.269238712,842346888271373830,842346888516914836,95,37,34814296000000,2026-09-10T09:14:03.714828+00:00,interpolated,24.710000105202198,-53.41000022739172,-56.91000024229288
49.288126481,842346888290261599,842346888516914836,95,38,34814296000000,2026-09-10T09:14:03.714828+00:00,interpolated,8.120000034570694,-81.6900003477931,-74.27000031620264
49.307014251,842346888309149369,842346888516914836,95,39,34814296000000,2026-09-10T09:14:03.714828+00:00,interpolated,37.59000016003847,-86.31000036746264,-76.93000032752752
49.325902021,842346888328037139,842346888516914836,95,40,34814296000000,2026-09-10T09:14:03.714828+00:00,interpolated,57.890000246465206,-55.86000023782253,-95.27000040560961
49.34478979,842346888346924908,842346888516914836,95,41,34814296000000,2026-09-10T09:14:03.714828+00:00,interpolated,49.630000211298466,-6.160000026226044,-108.85000046342611
49.36367756,842346888365812678,842346888516914836,95,42,34814296000000,2026-09-10T09:14:03.714828+00:00,interpolated,49.91000021249056,-38.64000016450882,-103.81000044196844
49.38256533,842346888384700448,842346888516914836,95,43,34814296000000,2026-09-10T09:14:03.714828+00:00,interpolated,61.04000025987625,-54.95000023394823,-99.19000042229891
49.4014531,842346888403588218,842346888516914836,95,44,34814296000000,2026-09-10T09:14:03.714828+00:00,interpolated,61.39000026136637,-34.650000147521496,-106.89000045508146
49.420340869,842346888422475987,842346888516914836,95,45,34814296000000,2026-09-10T09:14:03.714828+00:00,interpolated,38.01000016182661,-70.49000030010939,-105.84000045061111
49.439228639,842346888441363757,842346888516914836,95,46,34814296000000,2026-09-10T09:14:03.714828+00:00,interpolated,44.73000019043684,-80.29000034183264,-117.81000050157309
49.458116409,842346888460251527,842346888516914836,95,47,34814296000000,2026-09-10T09:14:03.714828+00:00,interpolated,73.8500003144145,-37.3800001591444,-111.510000474751
49.477004179,842346888479139297,842346888516914836,95,48,34814296000000,2026-09-10T09:14:03.714828+00:00,interpolated,70.07000029832125,8.47000003606081,-93.59000039845705
49.495891948,842346888498027066,842346888516914836,95,49,34814296000000,2026-09-10T09:14:03.714828+00:00,interpolated,39.200000166893005,-45.99000019580126,-104.5800004452467
49.514779718,842346888516914836,842346888516914836,95,50,34814296000000,2026-09-10T09:14:03.714828+00:00,interpolated,61.81000026315451,-71.82000030577183,-116.20000049471855
49.533667907,842346888535803025,842346889480212452,97,0,34815046000000,2026-09-10T09:14:04.462884+00:00,interpolated,51.800000220537186,-6.930000029504299,-109.34000046551228
49.552556095,842346888554691213,842346889480212452,97,1,34815046000000,2026-09-10T09:14:04.462884+00:00,interpolated,51.10000021755695,34.02000014483929,-105.42000044882298
49.571444284,842346888573579402,842346889480212452,97,2,34815046000000,2026-09-10T09:14:04.462884+00:00,interpolated,53.69000022858381,-7.490000031888485,-101.92000043392181
49.590332472,842346888592467590,842346889480212452,97,3,34815046000000,2026-09-10T09:14:04.462884+00:00,interpolated,42.420000180602074,-81.76000034809113,-113.68000048398972
49.609220661,842346888611355779,842346889480212452,97,4,34815046000000,2026-09-10T09:14:04.462884+00:00,interpolated,62.0900002643466,-75.53000032156706,-132.23000056296587
49.628108849,842346888630243967,842346889480212452,97,5,34815046000000,2026-09-10T09:14:04.462884+00:00,interpolated,46.06000019609928,-25.83000010997057,-117.46000050008297
49.646997038,842346888649132156,842346889480212452,97,6,34815046000000,2026-09-10T09:14:04.462884+00:00,interpolated,28.560000121593475,-25.340000107884407,-102.13000043481588
49.665885226,842346888668020344,842346889480212452,97,7,34815046000000,2026-09-10T09:14:04.462884+00:00,interpolated,42.910000182688236,-26.530000112950802,-101.36000043153763
49.684773415,842346888686908533,842346889480212452,97,8,34815046000000,2026-09-10T09:14:04.462884+00:00,interpolated,48.510000206530094,-12.740000054240227,-89.18000037968159
49.703661603,842346888705796721,842346889480212452,97,9,34815046000000,2026-09-10T09:14:04.462884+00:00,interpolated,36.33000015467405,-24.78000010550022,-82.18000034987926
49.722549792,842346888724684910,842346889480212452,97,10,34815046000000,2026-09-10T09:14:04.462884+00:00,interpolated,31.360000133514404,-38.780000165104866,-76.30000032484531
49.741437981,842346888743573099,842346889480212452,97,11,34815046000000,2026-09-10T09:14:04.462884+00:00,interpolated,33.04000014066696,0.630000002682209,-65.45000027865171
49.760326169,842346888762461287,842346889480212452,97,12,34815046000000,2026-09-10T09:14:04.462884+00:00,interpolated,14.350000061094761,23.100000098347664,-51.73000022023916
49.779214358,842346888781349476,842346889480212452,97,13,34815046000000,2026-09-10T09:14:04.462884+00:00,interpolated,1.8200000077486038,8.750000037252903,-45.99000019580126
49.798102546,842346888800237664,842346889480212452,97,14,34815046000000,2026-09-10T09:14:04.462884+00:00,interpolated,9.240000039339066,-3.500000014901161,-46.97000019997358
49.816990735,842346888819125853,842346889480212452,97,15,34815046000000,2026-09-10T09:14:04.462884+00:00,interpolated,0.7000000029802322,-10.010000042617321,-34.440000146627426
49.835878923,842346888838014041,842346889480212452,97,16,34815046000000,2026-09-10T09:14:04.462884+00:00,interpolated,-10.8500000461936,-26.46000011265278,-19.74000008404255
49.854767112,842346888856902230,842346889480212452,97,17,34815046000000,2026-09-10T09:14:04.462884+00:00,interpolated,-6.51000002771616,-18.90000008046627,-10.500000044703484
49.8736553,842346888875790418,842346889480212452,97,18,34815046000000,2026-09-10T09:14:04.462884+00:00,interpolated,-0.49000000208616257,16.870000071823597,3.5700000151991844
49.892543489,842346888894678607,842346889480212452,97,19,34815046000000,2026-09-10T09:14:04.462884+00:00,interpolated,-1.3300000056624413,33.320000141859055,18.130000077188015
49.911431678,842346888913566796,842346889480212452,97,20,34815046000000,2026-09-10T09:14:04.462884+00:00,interpolated,-12.530000053346157,27.79000011831522,29.610000126063824
49.930319866,842346888932454984,842346889480212452,97,21,34815046000000,2026-09-10T09:14:04.462884+00:00,interpolated,-16.240000069141388,23.45000009983778,35.280000150203705
49.949208055,842346888951343173,842346889480212452,97,22,34815046000000,2026-09-10T09:14:04.462884+00:00,interpolated,-15.19000006467104,17.430000074207783,38.2900001630187
49.968096243,842346888970231361,842346889480212452,97,23,34815046000000,2026-09-10T09:14:04.462884+00:00,interpolated,-23.170000098645687,14.070000059902668,42.910000182688236
49.986984432,842346888989119550,842346889480212452,97,24,34815046000000,2026-09-10T09:14:04.462884+00:00,interpolated,-38.71000016480684,18.130000077188015,52.71000022441149
50.00587262,842346889008007738,842346889480212452,97,25,34815046000000,2026-09-10T09:14:04.462884+00:00,interpolated,-46.76000019907951,25.340000107884407,61.530000261962414
50.024760809,842346889026895927,842346889480212452,97,26,34815046000000,2026-09-10T09:14:04.462884+00:00,interpolated,-46.06000019609928,27.300000116229057,64.26000027358532
50.043648997,842346889045784115,842346889480212452,97,27,34815046000000,2026-09-10T09:14:04.462884+00:00,interpolated,-45.290000192821026,27.37000011652708,66.36000028252602
50.062537186,842346889064672304,842346889480212452,97,28,34815046000000,2026-09-10T09:14:04.462884+00:00,interpolated,-45.85000019520521,24.220000103116035,71.47000030428171
50.081425374,842346889083560492,842346889480212452,97,29,34815046000000,2026-09-10T09:14:04.462884+00:00,interpolated,-45.710000194609165,19.95000008493662,74.90000031888485
50.100313563,842346889102448681,842346889480212452,97,30,34815046000000,2026-09-10T09:14:04.462884+00:00,interpolated,-48.300000205636024,16.52000007033348,78.89000033587217
50.119201752,842346889121336870,842346889480212452,97,31,34815046000000,2026-09-10T09:14:04.462884+00:00,interpolated,-55.930000238120556,20.790000088512897,85.96000036597252
50.13808994,842346889140225058,842346889480212452,97,32,34815046000000,2026-09-10T09:14:04.462884+00:00,interpolated,-60.13000025600195,39.90000016987324,95.90000040829182
50.156978129,842346889159113247,842346889480212452,97,33,34815046000000,2026-09-10T09:14:04.462884+00:00,interpolated,-58.100000247359276,55.230000235140324,97.3700004145503
50.175866317,842346889178001435,842346889480212452,97,34,34815046000000,2026-09-10T09:14:04.462884+00:00,interpolated,-60.060000255703926,52.1500002220273,92.05000039190054
50.194754506,842346889196889624,842346889480212452,97,35,34815046000000,2026-09-10T09:14:04.462884+00:00,interpolated,-66.64000028371811,35.910000152885914,90.93000038713217
50.213642694,842346889215777812,842346889480212452,97,36,34815046000000,2026-09-10T09:14:04.462884+00:00,interpolated,-71.54000030457973,25.41000010818243,93.87000039964914
50.232530883,842346889234666001,842346889480212452,97,37,34815046000000,2026-09-10T09:14:04.462884+00:00,interpolated,-69.0200002938509,26.600000113248825,97.72000041604042
50.251419071,842346889253554189,842346889480212452,97,38,34815046000000,2026-09-10T09:14:04.462884+00:00,interpolated,-66.43000028282404,34.30000014603138,103.32000043988228
50.27030726,842346889272442378,842346889480212452,97,39,34815046000000,2026-09-10T09:14:04.462884+00:00,interpolated,-67.13000028580427,40.3900001719594,109.4100004658103
50.289195449,842346889291330567,842346889480212452,97,40,34815046000000,2026-09-10T09:14:04.462884+00:00,interpolated,-61.320000261068344,44.73000019043684,110.25000046938658
50.308083637,842346889310218755,842346889480212452,97,41,34815046000000,2026-09-10T09:14:04.462884+00:00,interpolated,-57.890000246465206,45.57000019401312,106.47000045329332
50.326971826,842346889329106944,842346889480212452,97,42,34815046000000,2026-09-10T09:14:04.462884+00:00,interpolated,-60.060000255703926,44.66000019013882,111.16000047326088
50.345860014,842346889347995132,842346889480212452,97,43,34815046000000,2026-09-10T09:14:04.462884+00:00,interpolated,-64.12000027298927,46.06000019609928,124.74000053107738
50.364748203,842346889366883321,842346889480212452,97,44,34815046000000,2026-09-10T09:14:04.462884+00:00,interpolated,-63.14000026881695,45.080000191926956,131.88000056147575
50.383636391,842346889385771509,842346889480212452,97,45,34815046000000,2026-09-10T09:14:04.462884+00:00,interpolated,-63.14000026881695,41.790000177919865,135.80000057816505
50.40252458,842346889404659698,842346889480212452,97,46,34815046000000,2026-09-10T09:14:04.462884+00:00,interpolated,-63.490000270307064,35.700000151991844,138.18000058829784
50.421412768,842346889423547886,842346889480212452,97,47,34815046000000,2026-09-10T09:14:04.462884+00:00,interpolated,-59.71000025421381,32.480000138282776,139.09000059217215
50.440300957,842346889442436075,842346889480212452,97,48,34815046000000,2026-09-10T09:14:04.462884+00:00,interpolated,-56.49000024050474,49.56000021100044,136.5700005814433
50.459189145,842346889461324263,842346889480212452,97,49,34815046000000,2026-09-10T09:14:04.462884+00:00,interpolated,-46.06000019609928,66.50000028312206,124.60000053048134
50.478077334,842346889480212452,842346889480212452,97,50,34815046000000,2026-09-10T09:14:04.462884+00:00,interpolated,-30.520000129938126,67.48000028729439,107.10000045597553
50.49696556,842346889499100678,842346890386847302,101,0,34816343000000,2026-09-10T09:14:05.754871+00:00,interpolated,-15.40000006556511,67.34000028669834,82.32000035047531
50.515853786,842346889517988904,842346890386847302,101,1,34816343000000,2026-09-10T09:14:05.754871+00:00,interpolated,0.21000000089406967,52.430000223219395,46.340000197291374
50.534742012,842346889536877130,842346890386847302,101,2,34816343000000,2026-09-10T09:14:05.754871+00:00,interpolated,-1.7500000074505806,-6.020000025629997,21.7000000923872
50.553630238,842346889555765356,842346890386847302,101,3,34816343000000,2026-09-10T09:14:05.754871+00:00,interpolated,-15.680000066757202,-49.00000020861626,0.14000000059604645
50.572518464,842346889574653582,842346890386847302,101,4,34816343000000,2026-09-10T09:14:05.754871+00:00,interpolated,-14.000000059604645,-38.22000016272068,-29.75000012665987
50.59140669,842346889593541808,842346890386847302,101,5,34816343000000,2026-09-10T09:14:05.754871+00:00,interpolated,5.390000022947788,-30.450000129640102,-46.69000019878149
50.610294916,842346889612430034,842346890386847302,101,6,34816343000000,2026-09-10T09:14:05.754871+00:00,interpolated,13.160000056028366,-46.48000019788742,-48.720000207424164
50.629183142,842346889631318260,842346890386847302,101,7,34816343000000,2026-09-10T09:14:05.754871+00:00,interpolated,17.7800000756979,-89.11000037938356,-63.84000027179718
50.648071368,842346889650206486,842346890386847302,101,8,34816343000000,2026-09-10T09:14:05.754871+00:00,interpolated,16.380000069737434,-76.44000032544136,-91.00000038743019
50.666959594,842346889669094712,842346890386847302,101,9,34816343000000,2026-09-10T09:14:05.754871+00:00,interpolated,15.19000006467104,23.380000099539757,-102.06000043451786
50.68584782,842346889687982938,842346890386847302,101,10,34816343000000,2026-09-10T09:14:05.754871+00:00,interpolated,50.470000214874744,42.4900001809001,-72.52000030875206
50.704736047,842346889706871165,842346890386847302,101,11,34816343000000,2026-09-10T09:14:05.754871+00:00,interpolated,62.51000026613474,-46.130000196397305,-50.54000021517277
50.723624273,842346889725759391,842346890386847302,101,12,34816343000000,2026-09-10T09:14:05.754871+00:00,interpolated,41.51000017672777,-98.00000041723251,-89.5300003811717
50.742512499,842346889744647617,842346890386847302,101,13,34816343000000,2026-09-10T09:14:05.754871+00:00,interpolated,28.700000122189522,-52.640000224113464,-115.92000049352646
50.761400725,842346889763535843,842346890386847302,101,14,34816343000000,2026-09-10T09:14:05.754871+00:00,interpolated,39.13000016659498,-21.560000091791153,-102.2000004351139
50.780288951,842346889782424069,842346890386847302,101,15,34816343000000,2026-09-10T09:14:05.754871+00:00,interpolated,65.66000027954578,-61.1800002604723,-83.37000035494566
50.799177177,842346889801312295,842346890386847302,101,16,34816343000000,2026-09-10T09:14:05.754871+00:00,interpolated,82.25000035017729,-48.16000020503998,-95.34000040590763
50.818065403,842346889820200521,842346890386847302,101,17,34816343000000,2026-09-10T09:14:05.754871+00:00,interpolated,60.20000025629997,-36.96000015735626,-125.72000053524971
50.836953629,842346889839088747,842346890386847302,101,18,34816343000000,2026-09-10T09:14:05.754871+00:00,interpolated,39.13000016659498,-103.6700004413724,-138.46000058948994
50.855841855,842346889857976973,842346890386847302,101,19,34816343000000,2026-09-10T09:14:05.754871+00:00,interpolated,49.00000020861626,-117.04000049829483,-126.07000053673983
50.874730081,842346889876865199,842346890386847302,101,20,34816343000000,2026-09-10T09:14:05.754871+00:00,interpolated,66.78000028431416,-10.360000044107437,-112.70000047981739
50.893618307,842346889895753425,842346890386847302,101,21,34816343000000,2026-09-10T09:14:05.754871+00:00,interpolated,48.93000020831823,-3.2900000140070915,-100.10000042617321
50.912506533,842346889914641651,842346890386847302,101,22,34816343000000,2026-09-10T09:14:05.754871+00:00,interpolated,48.65000020712614,-38.780000165104866,-102.69000043720007
50.931394759,842346889933529877,842346890386847302,101,23,34816343000000,2026-09-10T09:14:05.754871+00:00,interpolated,73.15000031143427,-10.780000045895576,-125.0900005325675
50.950282985,842346889952418103,842346890386847302,101,24,34816343000000,2026-09-10T09:14:05.754871+00:00,interpolated,56.63000024110079,25.6200001090765,-122.3600005209446
50.969171211,842346889971306329,842346890386847302,101,25,34816343000000,2026-09-10T09:14:05.754871+00:00,interpolated,58.38000024855137,-44.80000019073486,-115.36000049114227
50.988059437,842346889990194555,842346890386847302,101,26,34816343000000,2026-09-10T09:14:05.754871+00:00,interpolated,59.92000025510788,-55.37000023573637,-121.31000051647425
51.006947663,842346890009082781,842346890386847302,101,27,34816343000000,2026-09-10T09:14:05.754871+00:00,interpolated,45.080000191926956,-25.41000010818243,-117.18000049889088
51.025835889,842346890027971007,842346890386847302,101,28,34816343000000,2026-09-10T09:14:05.754871+00:00,interpolated,47.670000202953815,-6.790000028908253,-97.86000041663647
51.044724115,842346890046859233,842346890386847302,101,29,34816343000000,2026-09-10T09:14:05.754871+00:00,interpolated,48.16000020503998,-19.600000083446503,-101.78000043332577
51.063612341,842346890065747459,842346890386847302,101,30,34816343000000,2026-09-10T09:14:05.754871+00:00,interpolated,48.16000020503998,-14.350000061094761,-123.9000005275011
51.082500567,842346890084635685,842346890386847302,101,31,34816343000000,2026-09-10T09:14:05.754871+00:00,interpolated,40.740000173449516,4.270000018179417,-106.6800004541874
51.101388793,842346890103523911,842346890386847302,101,32,34816343000000,2026-09-10T09:14:05.754871+00:00,interpolated,28.140000119805336,-2.17000000923872,-74.62000031769276
51.120277019,842346890122412137,842346890386847302,101,33,34816343000000,2026-09-10T09:14:05.754871+00:00,interpolated,22.680000096559525,-16.31000006943941,-73.92000031471252
51.139165245,842346890141300363,842346890386847302,101,34,34816343000000,2026-09-10T09:14:05.754871+00:00,interpolated,30.030000127851963,-22.190000094473362,-77.07000032812357
51.158053472,842346890160188590,842346890386847302,101,35,34816343000000,2026-09-10T09:14:05.754871+00:00,interpolated,24.150000102818012,-13.02000005543232,-59.0800002515316
51.176941698,842346890179076816,842346890386847302,101,36,34816343000000,2026-09-10T09:14:05.754871+00:00,interpolated,18.410000078380108,-1.4000000059604645,-44.94000019133091
51.195829924,842346890197965042,842346890386847302,101,37,34816343000000,2026-09-10T09:14:05.754871+00:00,interpolated,19.390000082552433,-12.950000055134296,-34.860000148415565
51.21471815,842346890216853268,842346890386847302,101,38,34816343000000,2026-09-10T09:14:05.754871+00:00,interpolated,22.470000095665455,-12.60000005364418,-27.58000011742115
51.233606376,842346890235741494,842346890386847302,101,39,34816343000000,2026-09-10T09:14:05.754871+00:00,interpolated,16.10000006854534,0.7700000032782555,-18.130000077188015
51.252494602,842346890254629720,842346890386847302,101,40,34816343000000,2026-09-10T09:14:05.754871+00:00,interpolated,7.3500000312924385,9.730000041425228,-7.490000031888485
51.271382828,842346890273517946,842346890386847302,101,41,34816343000000,2026-09-10T09:14:05.754871+00:00,interpolated,2.3800000101327896,3.500000014901161,-3.500000014901161
51.290271054,842346890292406172,842346890386847302,101,42,34816343000000,2026-09-10T09:14:05.754871+00:00,interpolated,-10.360000044107437,-5.670000024139881,2.0300000086426735
51.30915928,842346890311294398,842346890386847302,101,43,34816343000000,2026-09-10T09:14:05.754871+00:00,interpolated,-19.32000008225441,-3.8500000163912773,10.990000046789646
51.328047506,842346890330182624,842346890386847302,101,44,34816343000000,2026-09-10T09:14:05.754871+00:00,interpolated,-26.67000011354685,6.860000029206276,22.6100000962615
51.346935732,842346890349070850,842346890386847302,101,45,34816343000000,2026-09-10T09:14:05.754871+00:00,interpolated,-25.060000106692314,19.95000008493662,33.88000014424324
51.365823958,842346890367959076,842346890386847302,101,46,34816343000000,2026-09-10T09:14:05.754871+00:00,interpolated,-26.110000111162663,30.100000128149986,42.910000182688236
51.384712184,842346890386847302,842346890386847302,101,47,34816343000000,2026-09-10T09:14:05.754871+00:00,interpolated,-32.5500001385808,30.38000012934208,47.670000202953815
51.403600373,842346890405735491,842346891350144918,103,0,34817031000000,2026-09-10T09:14:06.443494+00:00,interpolated,-39.76000016927719,34.440000146627426,52.850000225007534
51.422488561,842346890424623679,842346891350144918,103,1,34817031000000,2026-09-10T09:14:06.443494+00:00,interpolated,-42.35000018030405,37.94000016152859,57.82000024616718
51.44137675,842346890443511868,842346891350144918,103,2,34817031000000,2026-09-10T09:14:06.443494+00:00,interpolated,-45.64000019431114,32.06000013649464,60.41000025719404
51.460264938,842346890462400056,842346891350144918,103,3,34817031000000,2026-09-10T09:14:06.443494+00:00,interpolated,-56.91000024229288,22.680000096559525,61.25000026077032
51.479153127,842346890481288245,842346891350144918,103,4,34817031000000,2026-09-10T09:14:06.443494+00:00,interpolated,-67.2000002861023,19.880000084638596,63.9100002720952
51.498041315,842346890500176433,842346891350144918,103,5,34817031000000,2026-09-10T09:14:06.443494+00:00,interpolated,-68.95000029355288,24.150000102818012,66.50000028312206
51.516929504,842346890519064622,842346891350144918,103,6,34817031000000,2026-09-10T09:14:06.443494+00:00,interpolated,-68.7400002926588,25.130000106990337,69.72000029683113
51.535817692,842346890537952810,842346891350144918,103,7,34817031000000,2026-09-10T09:14:06.443494+00:00,interpolated,-67.69000028818846,25.20000010728836,77.14000032842159
51.554705881,842346890556840999,842346891350144918,103,8,34817031000000,2026-09-10T09:14:06.443494+00:00,interpolated,-64.47000027447939,24.010000102221966,83.16000035405159
51.573594069,842346890575729187,842346891350144918,103,9,34817031000000,2026-09-10T09:14:06.443494+00:00,interpolated,-61.88000026345253,24.50000010430813,87.85000037401915
51.592482258,842346890594617376,842346891350144918,103,10,34817031000000,2026-09-10T09:14:06.443494+00:00,interpolated,-54.95000023394823,31.010000132024288,91.21000038832426
51.611370447,842346890613505565,842346891350144918,103,11,34817031000000,2026-09-10T09:14:06.443494+00:00,interpolated,-49.1400002092123,40.040000170469284,90.30000038444996
51.630258635,842346890632393753,842346891350144918,103,12,34817031000000,2026-09-10T09:14:06.443494+00:00,interpolated,-54.53000023216009,40.040000170469284,95.27000040560961
51.649146824,842346890651281942,842346891350144918,103,13,34817031000000,2026-09-10T09:14:06.443494+00:00,interpolated,-62.30000026524067,31.50000013411045,101.22000043094158
51.668035012,842346890670170130,842346891350144918,103,14,34817031000000,2026-09-10T09:14:06.443494+00:00,interpolated,-58.66000024974346,24.57000010460615,98.42000041902065
51.686923201,842346890689058319,842346891350144918,103,15,34817031000000,2026-09-10T09:14:06.443494+00:00,interpolated,-51.590000219643116,22.6100000962615,94.57000040262938
51.705811389,842346890707946507,842346891350144918,103,16,34817031000000,2026-09-10T09:14:06.443494+00:00,interpolated,-52.220000222325325,19.11000008136034,94.57000040262938
51.724699578,842346890726834696,842346891350144918,103,17,34817031000000,2026-09-10T09:14:06.443494+00:00,interpolated,-55.020000234246254,7.3500000312924385,92.61000039428473
51.743587766,842346890745722884,842346891350144918,103,18,34817031000000,2026-09-10T09:14:06.443494+00:00,interpolated,-54.04000023007393,6.860000029206276,93.7300003990531
51.762475955,842346890764611073,842346891350144918,103,19,34817031000000,2026-09-10T09:14:06.443494+00:00,interpolated,-55.58000023663044,19.460000082850456,100.31000042706728
51.781364144,842346890783499262,842346891350144918,103,20,34817031000000,2026-09-10T09:14:06.443494+00:00,interpolated,-57.82000024616718,26.880000114440918,104.79000044614077
51.800252332,842346890802387450,842346891350144918,103,21,34817031000000,2026-09-10T09:14:06.443494+00:00,interpolated,-60.20000025629997,26.95000011473894,107.52000045776367
51.819140521,842346890821275639,842346891350144918,103,22,34817031000000,2026-09-10T09:14:06.443494+00:00,interpolated,-59.29000025242567,27.720000118017197,108.71000046283007
51.838028709,842346890840163827,842346891350144918,103,23,34817031000000,2026-09-10T09:14:06.443494+00:00,interpolated,-56.28000023961067,34.30000014603138,117.2500004991889
51.856916898,842346890859052016,842346891350144918,103,24,34817031000000,2026-09-10T09:14:06.443494+00:00,interpolated,-54.67000023275614,33.320000141859055,127.26000054180622
51.875805086,842346890877940204,842346891350144918,103,25,34817031000000,2026-09-10T09:14:06.443494+00:00,interpolated,-50.470000214874744,34.72000014781952,136.71000058203936
51.894693275,842346890896828393,842346891350144918,103,26,34817031000000,2026-09-10T09:14:06.443494+00:00,interpolated,-45.43000019341707,55.79000023752451,139.8600005954504
51.913581463,842346890915716581,842346891350144918,103,27,34817031000000,2026-09-10T09:14:06.443494+00:00,interpolated,-41.09000017493963,68.32000029087067,132.3000005632639
51.932469652,842346890934604770,842346891350144918,103,28,34817031000000,2026-09-10T09:14:06.443494+00:00,interpolated,-39.27000016719103,51.10000021755695,117.67000050097704
51.95135784,842346890953492958,842346891350144918,103,29,34817031000000,2026-09-10T09:14:06.443494+00:00,interpolated,-25.130000106990337,37.94000016152859,95.41000040620565
51.970246029,842346890972381147,842346891350144918,103,30,34817031000000,2026-09-10T09:14:06.443494+00:00,interpolated,3.9900000169873238,58.80000025033951,67.55000028759241
51.989134218,842346890991269336,842346891350144918,103,31,34817031000000,2026-09-10T09:14:06.443494+00:00,interpolated,17.15000007301569,68.1100002899766,38.50000016391277
52.008022406,842346891010157524,842346891350144918,103,32,34817031000000,2026-09-10T09:14:06.443494+00:00,interpolated,0.8400000035762787,21.630000092089176,-5.740000024437904
52.026910595,842346891029045713,842346891350144918,103,33,34817031000000,2026-09-10T09:14:06.443494+00:00,interpolated,-5.740000024437904,-51.800000220537186,-51.66000021994114
52.045798783,842346891047933901,842346891350144918,103,34,34817031000000,2026-09-10T09:14:06.443494+00:00,interpolated,3.500000014901161,-108.43000046163797,-84.91000036150217
52.064686972,842346891066822090,842346891350144918,103,35,34817031000000,2026-09-10T09:14:06.443494+00:00,interpolated,1.4700000062584877,-136.15000057965517,-116.55000049620867
52.08357516,842346891085710278,842346891350144918,103,36,34817031000000,2026-09-10T09:14:06.443494+00:00,interpolated,3.430000014603138,-70.00000029802322,-126.70000053942204
52.102463349,842346891104598467,842346891350144918,103,37,34817031000000,2026-09-10T09:14:06.443494+00:00,interpolated,55.65000023692846,-34.58000014722347,-106.4000004529953
52.121351537,842346891123486655,842346891350144918,103,38,34817031000000,2026-09-10T09:14:06.443494+00:00,interpolated,49.630000211298466,-84.91000036150217,-92.96000039577484
52.140239726,842346891142374844,842346891350144918,103,39,34817031000000,2026-09-10T09:14:06.443494+00:00,interpolated,16.800000071525574,-11.550000049173832,-86.87000036984682
52.159127915,842346891161263033,842346891350144918,103,40,34817031000000,2026-09-10T09:14:06.443494+00:00,interpolated,33.39000014215708,-22.470000095665455,-89.74000038206577
52.178016103,842346891180151221,842346891350144918,103,41,34817031000000,2026-09-10T09:14:06.443494+00:00,interpolated,71.33000030368567,-19.810000084340572,-112.49000047892332
52.196904292,842346891199039410,842346891350144918,103,42,34817031000000,2026-09-10T09:14:06.443494+00:00,interpolated,77.07000032812357,46.06000019609928,-120.19000051170588
52.21579248,842346891217927598,842346891350144918,103,43,34817031000000,2026-09-10T09:14:06.443494+00:00,interpolated,75.9500003233552,-33.04000014066696,-97.58000041544437
52.234680669,842346891236815787,842346891350144918,103,44,34817031000000,2026-09-10T09:14:06.443494+00:00,interpolated,93.24000039696693,-111.79000047594309,-100.6600004285574
52.253568857,842346891255703975,842346891350144918,103,45,34817031000000,2026-09-10T09:14:06.443494+00:00,interpolated,48.37000020593405,-101.99000043421984,-127.61000054329634
52.272457046,842346891274592164,842346891350144918,103,46,34817031000000,2026-09-10T09:14:06.443494+00:00,interpolated,42.07000017911196,-110.88000047206879,-118.79000050574541
52.291345234,842346891293480352,842346891350144918,103,47,34817031000000,2026-09-10T09:14:06.443494+00:00,interpolated,51.800000220537186,-65.73000027984381,-123.69000052660704
52.310233423,842346891312368541,842346891350144918,103,48,34817031000000,2026-09-10T09:14:06.443494+00:00,interpolated,55.65000023692846,-12.81000005453825,-133.5600005686283
52.329121611,842346891331256729,842346891350144918,103,49,34817031000000,2026-09-10T09:14:06.443494+00:00,interpolated,73.71000031381845,9.870000042021275,-107.80000045895576
52.3480098,842346891350144918,842346891350144918,103,50,34817031000000,2026-09-10T09:14:06.443494+00:00,interpolated,58.940000250935555,-10.010000042617321,-106.61000045388937
52.366897989,842346891369033107,842346892313442538,106,0,34818140000000,2026-09-10T09:14:07.553038+00:00,interpolated,49.28000020980835,-39.620000168681145,-122.85000052303076
52.385786177,842346891387921295,842346892313442538,106,1,34818140000000,2026-09-10T09:14:07.553038+00:00,interpolated,50.54000021517277,-52.92000022530556,-124.74000053107738
52.404674366,842346891406809484,842346892313442538,106,2,34818140000000,2026-09-10T09:14:07.553038+00:00,interpolated,58.940000250935555,-16.660000070929527,-121.73000051826239
52.423562555,842346891425697673,842346892313442538,106,3,34818140000000,2026-09-10T09:14:07.553038+00:00,interpolated,50.54000021517277,9.800000041723251,-121.73000051826239
52.442450743,842346891444585861,842346892313442538,106,4,34818140000000,2026-09-10T09:14:07.553038+00:00,interpolated,43.960000187158585,-37.59000016003847,-116.41000049561262
52.461338932,842346891463474050,842346892313442538,106,5,34818140000000,2026-09-10T09:14:07.553038+00:00,interpolated,48.300000205636024,-58.03000024706125,-110.3200004696846
52.48022712,842346891482362238,842346892313442538,106,6,34818140000000,2026-09-10T09:14:07.553038+00:00,interpolated,48.58000020682812,-12.81000005453825,-105.14000044763088
52.499115309,842346891501250427,842346892313442538,106,7,34818140000000,2026-09-10T09:14:07.553038+00:00,interpolated,33.950000144541264,-3.9200000166893005,-90.7200003862381
52.518003498,842346891520138616,842346892313442538,106,8,34818140000000,2026-09-10T09:14:07.553038+00:00,interpolated,36.05000015348196,-33.4600001424551,-83.72000035643578
52.536891686,842346891539026804,842346892313442538,106,9,34818140000000,2026-09-10T09:14:07.553038+00:00,interpolated,46.20000019669533,-18.06000007688999,-82.25000035017729
52.555779875,842346891557914993,842346892313442538,106,10,34818140000000,2026-09-10T09:14:07.553038+00:00,interpolated,43.05000018328428,11.270000047981739,-69.86000029742718
52.574668064,842346891576803182,842346892313442538,106,11,34818140000000,2026-09-10T09:14:07.553038+00:00,interpolated,27.510000117123127,4.410000018775463,-53.48000022768974
52.593556252,842346891595691370,842346892313442538,106,12,34818140000000,2026-09-10T09:14:07.553038+00:00,interpolated,17.36000007390976,-25.480000108480453,-48.86000020802021
52.612444441,842346891614579559,842346892313442538,106,13,34818140000000,2026-09-10T09:14:07.553038+00:00,interpolated,21.210000090301037,-30.730000130832195,-44.45000018924475
52.631332629,842346891633467747,842346892313442538,106,14,34818140000000,2026-09-10T09:14:07.553038+00:00,interpolated,13.440000057220459,-4.34000001847744,-25.550000108778477
52.650220818,842346891652355936,842346892313442538,106,15,34818140000000,2026-09-10T09:14:07.553038+00:00,interpolated,-1.540000006556511,11.270000047981739,-10.43000004440546
52.669109007,842346891671244125,842346892313442538,106,16,34818140000000,2026-09-10T09:14:07.553038+00:00,interpolated,0.8400000035762787,8.820000037550926,-5.180000022053719
52.687997195,842346891690132313,842346892313442538,106,17,34818140000000,2026-09-10T09:14:07.553038+00:00,interpolated,-5.040000021457672,18.550000078976154,7.700000032782555
52.706885384,842346891709020502,842346892313442538,106,18,34818140000000,2026-09-10T09:14:07.553038+00:00,interpolated,-16.590000070631504,26.25000011175871,21.560000091791153
52.725773573,842346891727908691,842346892313442538,106,19,34818140000000,2026-09-10T09:14:07.553038+00:00,interpolated,-23.03000009804964,16.03000006824732,29.400000125169754
52.744661761,842346891746796879,842346892313442538,106,20,34818140000000,2026-09-10T09:14:07.553038+00:00,interpolated,-27.860000118613243,19.390000082552433,36.12000015377998
52.76354995,842346891765685068,842346892313442538,106,21,34818140000000,2026-09-10T09:14:07.553038+00:00,interpolated,-29.260000124573708,34.58000014722347,43.47000018507242
52.782438138,842346891784573256,842346892313442538,106,22,34818140000000,2026-09-10T09:14:07.553038+00:00,interpolated,-32.62000013887882,41.51000017672777,50.96000021696091
52.801326327,842346891803461445,842346892313442538,106,23,34818140000000,2026-09-10T09:14:07.553038+00:00,interpolated,-41.09000017493963,38.990000165998936,57.400000244379044
52.820214516,842346891822349634,842346892313442538,106,24,34818140000000,2026-09-10T09:14:07.553038+00:00,interpolated,-50.470000214874744,38.990000165998936,63.56000027060509
52.839102704,842346891841237822,842346892313442538,106,25,34818140000000,2026-09-10T09:14:07.553038+00:00,interpolated,-54.74000023305416,32.76000013947487,63.84000027179718
52.857990893,842346891860126011,842346892313442538,106,26,34818140000000,2026-09-10T09:14:07.553038+00:00,interpolated,-57.61000024527311,28.84000012278557,61.74000026285648
52.876879082,842346891879014200,842346892313442538,106,27,34818140000000,2026-09-10T09:14:07.553038+00:00,interpolated,-63.0000002682209,38.64000016450882,65.66000027954578
52.89576727,842346891897902388,842346892313442538,106,28,34818140000000,2026-09-10T09:14:07.553038+00:00,interpolated,-78.26000033318996,51.10000021755695,68.04000028967857
52.914655459,842346891916790577,842346892313442538,106,29,34818140000000,2026-09-10T09:14:07.553038+00:00,interpolated,-85.26000036299229,61.88000026345253,67.69000028818846
52.933543647,842346891935678765,842346892313442538,106,30,34818140000000,2026-09-10T09:14:07.553038+00:00,interpolated,-91.77000039070845,64.05000027269125,70.91000030189753
52.952431836,842346891954566954,842346892313442538,106,31,34818140000000,2026-09-10T09:14:07.553038+00:00,interpolated,-95.27000040560961,48.58000020682812,74.7600003182888
52.971320025,842346891973455143,842346892313442538,106,32,34818140000000,2026-09-10T09:14:07.553038+00:00,interpolated,-88.06000037491322,28.91000012308359,78.33000033348799
52.990208213,842346891992343331,842346892313442538,106,33,34818140000000,2026-09-10T09:14:07.553038+00:00,interpolated,-77.98000033199787,21.350000090897083,82.6000003516674
53.009096402,842346892011231520,842346892313442538,106,34,34818140000000,2026-09-10T09:14:07.553038+00:00,interpolated,-71.7500003054738,30.940000131726265,89.46000038087368
53.027984591,842346892030119709,842346892313442538,106,35,34818140000000,2026-09-10T09:14:07.553038+00:00,interpolated,-63.0000002682209,40.32000017166138,92.19000039249659
53.046872779,842346892049007897,842346892313442538,106,36,34818140000000,2026-09-10T09:14:07.553038+00:00,interpolated,-53.41000022739172,49.56000021100044,90.86000038683414
53.065760968,842346892067896086,842346892313442538,106,37,34818140000000,2026-09-10T09:14:07.553038+00:00,interpolated,-53.41000022739172,50.470000214874744,93.59000039845705
53.084649156,842346892086784274,842346892313442538,106,38,34818140000000,2026-09-10T09:14:07.553038+00:00,interpolated,-53.69000022858381,36.96000015735626,94.85000040382147
53.103537345,842346892105672463,842346892313442538,106,39,34818140000000,2026-09-10T09:14:07.553038+00:00,interpolated,-52.99000022560358,22.540000095963478,90.65000038594007
53.122425534,842346892124560652,842346892313442538,106,40,34818140000000,2026-09-10T09:14:07.553038+00:00,interpolated,-54.32000023126602,18.200000077486038,87.99000037461519
53.141313722,842346892143448840,842346892313442538,106,41,34818140000000,2026-09-10T09:14:07.553038+00:00,interpolated,-53.550000227987766,13.720000058412552,83.86000035703182
53.160201911,842346892162337029,842346892313442538,106,42,34818140000000,2026-09-10T09:14:07.553038+00:00,interpolated,-51.590000219643116,9.660000041127205,80.71000034362078
53.1790901,842346892181225218,842346892313442538,106,43,34818140000000,2026-09-10T09:14:07.553038+00:00,interpolated,-57.12000024318695,-0.2800000011920929,81.27000034600496
53.197978288,842346892200113406,842346892313442538,106,44,34818140000000,2026-09-10T09:14:07.553038+00:00,interpolated,-55.230000235140324,-7.770000033080578,81.41000034660101
53.216866477,842346892219001595,842346892313442538,106,45,34818140000000,2026-09-10T09:14:07.553038+00:00,interpolated,-53.20000022649765,-6.160000026226044,82.18000034987926
53.235754665,842346892237889783,842346892313442538,106,46,34818140000000,2026-09-10T09:14:07.553038+00:00,interpolated,-52.08000022172928,-0.2800000011920929,94.01000040024519
53.254642854,842346892256777972,842346892313442538,106,47,34818140000000,2026-09-10T09:14:07.553038+00:00,interpolated,-47.3200002014637,4.900000020861626,111.58000047504902
53.273531043,842346892275666161,842346892313442538,106,48,34818140000000,2026-09-10T09:14:07.553038+00:00,interpolated,-45.85000019520521,15.750000067055225,123.41000052541494
53.292419231,842346892294554349,842346892313442538,106,49,34818140000000,2026-09-10T09:14:07.553038+00:00,interpolated,-45.01000019162893,26.180000111460686,123.83000052720308
53.31130742,842346892313442538,842346892313442538,106,50,34818140000000,2026-09-10T09:14:07.553038+00:00,interpolated,-44.03000018745661,30.310000129044056,122.50000052154064
53.330195659,842346892332330777,842346893201189794,108,0,34818859000000,2026-09-10T09:14:08.273603+00:00,interpolated,-42.07000017911196,24.850000105798244,116.90000049769878
53.349083899,842346892351219017,842346893201189794,108,1,34818859000000,2026-09-10T09:14:08.273603+00:00,interpolated,-35.21000014990568,20.090000085532665,98.35000041872263
53.367972138,842346892370107256,842346893201189794,108,2,34818859000000,2026-09-10T09:14:08.273603+00:00,interpolated,-22.6100000962615,25.41000010818243,67.8300002887845
53.386860378,842346892388995496,842346893201189794,108,3,34818859000000,2026-09-10T09:14:08.273603+00:00,interpolated,-0.3500000014901161,30.030000127851963,48.44000020623207
53.405748617,842346892407883735,842346893201189794,108,4,34818859000000,2026-09-10T09:14:08.273603+00:00,interpolated,15.050000064074993,23.87000010162592,32.97000014036894
53.424636857,842346892426771975,842346893201189794,108,5,34818859000000,2026-09-10T09:14:08.273603+00:00,interpolated,3.3600000143051147,-0.49000000208616257,-14.7700000628829
53.443525096,842346892445660214,842346893201189794,108,6,34818859000000,2026-09-10T09:14:08.273603+00:00,interpolated,-0.14000000059604645,-40.53000017255545,-61.530000261962414
53.462413336,842346892464548454,842346893201189794,108,7,34818859000000,2026-09-10T09:14:08.273603+00:00,interpolated,5.740000024437904,-87.22000037133694,-87.22000037133694
53.481301575,842346892483436693,842346893201189794,108,8,34818859000000,2026-09-10T09:14:08.273603+00:00,interpolated,8.68000003695488,-119.91000051051378,-104.51000044494867
53.500189815,842346892502324933,842346893201189794,108,9,34818859000000,2026-09-10T09:14:08.273603+00:00,interpolated,7.700000032782555,-112.21000047773123,-120.68000051379204
53.519078054,842346892521213172,842346893201189794,108,10,34818859000000,2026-09-10T09:14:08.273603+00:00,interpolated,21.91000009328127,-29.820000126957893,-117.53000050038099
53.537966294,842346892540101412,842346893201189794,108,11,34818859000000,2026-09-10T09:14:08.273603+00:00,interpolated,34.72000014781952,-38.080000162124634,-76.65000032633543
53.556854533,842346892558989651,842346893201189794,108,12,34818859000000,2026-09-10T09:14:08.273603+00:00,interpolated,42.63000018149614,-96.95000041276217,-66.78000028431416
53.575742773,842346892577877891,842346893201189794,108,13,34818859000000,2026-09-10T09:14:08.273603+00:00,interpolated,49.420000210404396,-70.8400003015995,-105.28000044822693
53.594631012,842346892596766130,842346893201189794,108,14,34818859000000,2026-09-10T09:14:08.273603+00:00,interpolated,44.380000188946724,25.20000010728836,-131.18000055849552
53.613519252,842346892615654370,842346893201189794,108,15,34818859000000,2026-09-10T09:14:08.273603+00:00,interpolated,71.82000030577183,28.280000120401382,-113.96000048518181
53.632407491,842346892634542609,842346893201189794,108,16,34818859000000,2026-09-10T09:14:08.273603+00:00,interpolated,93.87000039964914,-22.12000009417534,-84.00000035762787
53.651295731,842346892653430849,842346893201189794,108,17,34818859000000,2026-09-10T09:14:08.273603+00:00,interpolated,65.87000028043985,-57.190000243484974,-108.36000046133995
53.67018397,842346892672319088,842346893201189794,108,18,34818859000000,2026-09-10T09:14:08.273603+00:00,interpolated,51.590000219643116,-119.70000050961971,-137.69000058621168
53.68907221,842346892691207328,842346893201189794,108,19,34818859000000,2026-09-10T09:14:08.273603+00:00,interpolated,56.63000024110079,-86.5200003683567,-139.79000059515238
53.707960449,842346892710095567,842346893201189794,108,20,34818859000000,2026-09-10T09:14:08.273603+00:00,interpolated,54.32000023126602,-30.59000013023615,-133.2100005671382
53.726848689,842346892728983807,842346893201189794,108,21,34818859000000,2026-09-10T09:14:08.273603+00:00,interpolated,46.90000019967556,-14.700000062584877,-113.89000048488379
53.745736928,842346892747872046,842346893201189794,108,22,34818859000000,2026-09-10T09:14:08.273603+00:00,interpolated,48.510000206530094,-19.460000082850456,-94.78000040352345
53.764625168,842346892766760286,842346893201189794,108,23,34818859000000,2026-09-10T09:14:08.273603+00:00,interpolated,40.3900001719594,-2.870000012218952,-96.04000040888786
53.783513407,842346892785648525,842346893201189794,108,24,34818859000000,2026-09-10T09:14:08.273603+00:00,interpolated,36.33000015467405,5.250000022351742,-115.78000049293041
53.802401647,842346892804536765,842346893201189794,108,25,34818859000000,2026-09-10T09:14:08.273603+00:00,interpolated,51.66000021994114,13.860000059008598,-126.49000053852797
53.821289886,842346892823425004,842346893201189794,108,26,34818859000000,2026-09-10T09:14:08.273603+00:00,interpolated,77.07000032812357,0.7000000029802322,-117.60000050067902
53.840178126,842346892842313244,842346893201189794,108,27,34818859000000,2026-09-10T09:14:08.273603+00:00,interpolated,55.79000023752451,-19.250000081956387,-112.1400004774332
53.859066365,842346892861201483,842346893201189794,108,28,34818859000000,2026-09-10T09:14:08.273603+00:00,interpolated,34.650000147521496,-58.1700002476573,-109.06000046432018
53.877954605,842346892880089723,842346893201189794,108,29,34818859000000,2026-09-10T09:14:08.273603+00:00,interpolated,46.130000196397305,-62.0900002643466,-108.01000045984983
53.896842844,842346892898977962,842346893201189794,108,30,34818859000000,2026-09-10T09:14:08.273603+00:00,interpolated,63.77000027149916,-16.10000006854534,-107.94000045955181
53.915731084,842346892917866202,842346893201189794,108,31,34818859000000,2026-09-10T09:14:08.273603+00:00,interpolated,56.770000241696835,51.590000219643116,-98.07000041753054
53.934619323,842346892936754441,842346893201189794,108,32,34818859000000,2026-09-10T09:14:08.273603+00:00,interpolated,34.23000014573336,68.81000029295683,-81.76000034809113
53.953507563,842346892955642681,842346893201189794,108,33,34818859000000,2026-09-10T09:14:08.273603+00:00,interpolated,25.130000106990337,-7.910000033676624,-72.24000030755997
53.972395802,842346892974530920,842346893201189794,108,34,34818859000000,2026-09-10T09:14:08.273603+00:00,interpolated,26.880000114440918,-50.890000216662884,-67.27000028640032
53.991284042,842346892993419160,842346893201189794,108,35,34818859000000,2026-09-10T09:14:08.273603+00:00,interpolated,27.440000116825104,-40.67000017315149,-64.47000027447939
54.010172281,842346893012307399,842346893201189794,108,36,34818859000000,2026-09-10T09:14:08.273603+00:00,interpolated,22.6100000962615,-31.50000013411045,-53.41000022739172
54.029060521,842346893031195639,842346893201189794,108,37,34818859000000,2026-09-10T09:14:08.273603+00:00,interpolated,15.470000065863132,-16.73000007122755,-38.71000016480684
54.04794876,842346893050083878,842346893201189794,108,38,34818859000000,2026-09-10T09:14:08.273603+00:00,interpolated,22.540000095963478,17.430000074207783,-30.38000012934208
54.066837,842346893068972118,842346893201189794,108,39,34818859000000,2026-09-10T09:14:08.273603+00:00,interpolated,14.280000060796738,35.910000152885914,-15.680000066757202
54.085725239,842346893087860357,842346893201189794,108,40,34818859000000,2026-09-10T09:14:08.273603+00:00,interpolated,0.9800000041723251,23.520000100135803,-3.8500000163912773
54.104613479,842346893106748597,842346893201189794,108,41,34818859000000,2026-09-10T09:14:08.273603+00:00,interpolated,-3.780000016093254,9.520000040531158,0.3500000014901161
54.123501718,842346893125636836,842346893201189794,108,42,34818859000000,2026-09-10T09:14:08.273603+00:00,interpolated,-11.340000048279762,-3.500000014901161,9.380000039935112
54.142389958,842346893144525076,842346893201189794,108,43,34818859000000,2026-09-10T09:14:08.273603+00:00,interpolated,-17.220000073313713,-11.200000047683716,20.300000086426735
54.161278197,842346893163413315,842346893201189794,108,44,34818859000000,2026-09-10T09:14:08.273603+00:00,interpolated,-17.080000072717667,-0.3500000014901161,31.640000134706497
54.180166437,842346893182301555,842346893201189794,108,45,34818859000000,2026-09-10T09:14:08.273603+00:00,interpolated,-19.390000082552433,18.6900000795722,42.28000018000603
54.199054676,842346893201189794,842346893201189794,108,46,34818859000000,2026-09-10T09:14:08.273603+00:00,interpolated,-22.40000009536743,35.00000014901161,50.19000021368265
54.217942865,842346893220077983,842346894164487414,112,0,34819968000000,2026-09-10T09:14:09.382552+00:00,interpolated,-29.12000012397766,46.76000019907951,55.720000237226486
54.236831053,842346893238966171,842346894164487414,112,1,34819968000000,2026-09-10T09:14:09.382552+00:00,interpolated,-35.14000014960766,45.43000019341707,54.67000023275614
54.255719242,842346893257854360,842346894164487414,112,2,34819968000000,2026-09-10T09:14:09.382552+00:00,interpolated,-41.23000017553568,34.440000146627426,51.87000022083521
54.274607431,842346893276742549,842346894164487414,112,3,34819968000000,2026-09-10T09:14:09.382552+00:00,interpolated,-48.58000020682812,20.44000008702278,54.390000231564045
54.293495619,842346893295630737,842346894164487414,112,4,34819968000000,2026-09-10T09:14:09.382552+00:00,interpolated,-50.050000213086605,3.500000014901161,57.260000243783
54.312383808,842346893314518926,842346894164487414,112,5,34819968000000,2026-09-10T09:14:09.382552+00:00,interpolated,-51.590000219643116,-1.890000008046627,63.070000268518925
54.331271996,842346893333407114,842346894164487414,112,6,34819968000000,2026-09-10T09:14:09.382552+00:00,interpolated,-55.230000235140324,10.22000004351139,72.73000030964613
54.350160185,842346893352295303,842346894164487414,112,7,34819968000000,2026-09-10T09:14:09.382552+00:00,interpolated,-57.400000244379044,29.33000012487173,82.18000034987926
54.369048374,842346893371183492,842346894164487414,112,8,34819968000000,2026-09-10T09:14:09.382552+00:00,interpolated,-48.510000206530094,43.68000018596649,84.21000035852194
54.387936562,842346893390071680,842346894164487414,112,9,34819968000000,2026-09-10T09:14:09.382552+00:00,interpolated,-41.51000017672777,44.170000188052654,79.8700003400445
54.406824751,842346893408959869,842346894164487414,112,10,34819968000000,2026-09-10T09:14:09.382552+00:00,interpolated,-51.87000022083521,40.53000017255545,84.56000036001205
54.42571294,842346893427848058,842346894164487414,112,11,34819968000000,2026-09-10T09:14:09.382552+00:00,interpolated,-64.40000027418137,43.120000183582306,94.99000040441751
54.444601128,842346893446736246,842346894164487414,112,12,34819968000000,2026-09-10T09:14:09.382552+00:00,interpolated,-65.80000028014183,51.94000022113323,97.58000041544437
54.463489317,842346893465624435,842346894164487414,112,13,34819968000000,2026-09-10T09:14:09.382552+00:00,interpolated,-66.22000028192997,51.94000022113323,94.50000040233135
54.482377505,842346893484512623,842346894164487414,112,14,34819968000000,2026-09-10T09:14:09.382552+00:00,interpolated,-68.32000029087067,37.52000015974045,92.96000039577484
54.501265694,842346893503400812,842346894164487414,112,15,34819968000000,2026-09-10T09:14:09.382552+00:00,interpolated,-68.95000029355288,23.310000099241734,94.57000040262938
54.520153883,842346893522289001,842346894164487414,112,16,34819968000000,2026-09-10T09:14:09.382552+00:00,interpolated,-64.96000027656555,21.770000092685223,98.35000041872263
54.539042071,842346893541177189,842346894164487414,112,17,34819968000000,2026-09-10T09:14:09.382552+00:00,interpolated,-57.190000243484974,35.14000014960766,101.92000043392181
54.55793026,842346893560065378,842346894164487414,112,18,34819968000000,2026-09-10T09:14:09.382552+00:00,interpolated,-55.720000237226486,43.750000186264515,101.15000043064356
54.576818449,842346893578953567,842346894164487414,112,19,34819968000000,2026-09-10T09:14:09.382552+00:00,interpolated,-53.20000022649765,45.64000019431114,100.31000042706728
54.595706637,842346893597841755,842346894164487414,112,20,34819968000000,2026-09-10T09:14:09.382552+00:00,interpolated,-58.59000024944544,41.65000017732382,105.14000044763088
54.614594826,842346893616729944,842346894164487414,112,21,34819968000000,2026-09-10T09:14:09.382552+00:00,interpolated,-63.490000270307064,31.430000133812428,111.65000047534704
54.633483014,842346893635618132,842346894164487414,112,22,34819968000000,2026-09-10T09:14:09.382552+00:00,interpolated,-63.280000269412994,25.340000107884407,114.10000048577785
54.652371203,842346893654506321,842346894164487414,112,23,34819968000000,2026-09-10T09:14:09.382552+00:00,interpolated,-60.76000025868416,21.7000000923872,118.30000050365925
54.671259392,842346893673394510,842346894164487414,112,24,34819968000000,2026-09-10T09:14:09.382552+00:00,interpolated,-55.720000237226486,20.720000088214874,128.94000054895878
54.69014758,842346893692282698,842346894164487414,112,25,34819968000000,2026-09-10T09:14:09.382552+00:00,interpolated,-53.90000022947788,27.720000118017197,144.48000061511993
54.709035769,842346893711170887,842346894164487414,112,26,34819968000000,2026-09-10T09:14:09.382552+00:00,interpolated,-53.90000022947788,41.51000017672777,147.00000062584877
54.727923958,842346893730059076,842346894164487414,112,27,34819968000000,2026-09-10T09:14:09.382552+00:00,interpolated,-47.670000202953815,62.37000026553869,137.7600005865097
54.746812146,842346893748947264,842346894164487414,112,28,34819968000000,2026-09-10T09:14:09.382552+00:00,interpolated,-46.69000019878149,61.25000026077032,127.54000054299831
54.765700335,842346893767835453,842346894164487414,112,29,34819968000000,2026-09-10T09:14:09.382552+00:00,interpolated,-31.850000135600567,40.81000017374754,102.69000043720007
54.784588523,842346893786723641,842346894164487414,112,30,34819968000000,2026-09-10T09:14:09.382552+00:00,interpolated,-6.30000002682209,50.75000021606684,67.97000028938055
54.803476712,842346893805611830,842346894164487414,112,31,34819968000000,2026-09-10T09:14:09.382552+00:00,interpolated,4.410000018775463,62.51000026613474,41.09000017493963
54.822364901,842346893824500019,842346894164487414,112,32,34819968000000,2026-09-10T09:14:09.382552+00:00,interpolated,-5.4600000232458115,-5.810000024735928,0.7700000032782555
54.841253089,842346893843388207,842346894164487414,112,33,34819968000000,2026-09-10T09:14:09.382552+00:00,interpolated,-14.910000063478947,-93.94000039994717,-41.51000017672777
54.860141278,842346893862276396,842346894164487414,112,34,34819968000000,2026-09-10T09:14:09.382552+00:00,interpolated,-14.700000062584877,-144.90000061690807,-72.80000030994415
54.879029467,842346893881164585,842346894164487414,112,35,34819968000000,2026-09-10T09:14:09.382552+00:00,interpolated,-8.26000003516674,-151.06000064313412,-98.21000041812658
54.897917655,842346893900052773,842346894164487414,112,36,34819968000000,2026-09-10T09:14:09.382552+00:00,interpolated,16.94000007212162,-109.4100004658103,-109.06000046432018
54.916805844,842346893918940962,842346894164487414,112,37,34819968000000,2026-09-10T09:14:09.382552+00:00,interpolated,30.310000129044056,-40.46000017225742,-104.72000044584274
54.935694032,842346893937829150,842346894164487414,112,38,34819968000000,2026-09-10T09:14:09.382552+00:00,interpolated,24.78000010550022,-7.280000030994415,-98.35000041872263
54.954582221,842346893956717339,842346894164487414,112,39,34819968000000,2026-09-10T09:14:09.382552+00:00,interpolated,25.900000110268593,-26.320000112056732,-99.82000042498112
54.97347041,842346893975605528,842346894164487414,112,40,34819968000000,2026-09-10T09:14:09.382552+00:00,interpolated,36.19000015407801,13.860000059008598,-94.50000040233135
54.992358598,842346893994493716,842346894164487414,112,41,34819968000000,2026-09-10T09:14:09.382552+00:00,interpolated,37.660000160336494,8.610000036656857,-95.69000040739775
55.011246787,842346894013381905,842346894164487414,112,42,34819968000000,2026-09-10T09:14:09.382552+00:00,interpolated,56.00000023841858,-38.990000165998936,-115.22000049054623
55.030134976,842346894032270094,842346894164487414,112,43,34819968000000,2026-09-10T09:14:09.382552+00:00,interpolated,73.50000031292439,-7.070000030100346,-128.31000054627657
55.049023164,842346894051158282,842346894164487414,112,44,34819968000000,2026-09-10T09:14:09.382552+00:00,interpolated,56.00000023841858,-58.730000250041485,-115.36000049114227
55.067911353,842346894070046471,842346894164487414,112,45,34819968000000,2026-09-10T09:14:09.382552+00:00,interpolated,57.47000024467707,-106.6800004541874,-110.04000046849251
55.086799541,842346894088934659,842346894164487414,112,46,34819968000000,2026-09-10T09:14:09.382552+00:00,interpolated,57.54000024497509,-78.47000033408403,-128.24000054597855
55.10568773,842346894107822848,842346894164487414,112,47,34819968000000,2026-09-10T09:14:09.382552+00:00,interpolated,55.020000234246254,-30.520000129938126,-129.570000551641
55.124575919,842346894126711037,842346894164487414,112,48,34819968000000,2026-09-10T09:14:09.382552+00:00,interpolated,46.130000196397305,-16.94000007212162,-124.39000052958727
55.143464107,842346894145599225,842346894164487414,112,49,34819968000000,2026-09-10T09:14:09.382552+00:00,interpolated,58.520000249147415,-22.540000095963478,-128.80000054836273
55.162352296,842346894164487414,842346894164487414,112,50,34819968000000,2026-09-10T09:14:09.382552+00:00,interpolated,57.190000243484974,-7.210000030696392,-120.82000051438808
55.181240462,842346894183375580,842346895165560210,114,0,34820781000000,2026-09-10T09:14:10.192461+00:00,interpolated,53.41000022739172,-25.690000109374523,-110.81000047177076
55.200128628,842346894202263746,842346895165560210,114,1,34820781000000,2026-09-10T09:14:10.192461+00:00,interpolated,62.93000026792288,-72.6600003093481,-120.96000051498413
55.219016794,842346894221151912,842346895165560210,114,2,34820781000000,2026-09-10T09:14:10.192461+00:00,interpolated,69.09000029414892,-46.550000198185444,-131.46000055968761
55.23790496,842346894240040078,842346895165560210,114,3,34820781000000,2026-09-10T09:14:10.192461+00:00,interpolated,61.04000025987625,14.210000060498714,-116.41000049561262
55.256793126,842346894258928244,842346895165560210,114,4,34820781000000,2026-09-10T09:14:10.192461+00:00,interpolated,77.63000033050776,33.530000142753124,-103.25000043958426
55.275681292,842346894277816410,842346895165560210,114,5,34820781000000,2026-09-10T09:14:10.192461+00:00,interpolated,72.52000030875206,-12.39000005275011,-111.44000047445297
55.294569458,842346894296704576,842346895165560210,114,6,34820781000000,2026-09-10T09:14:10.192461+00:00,interpolated,56.00000023841858,-62.58000026643276,-124.39000052958727
55.313457624,842346894315592742,842346895165560210,114,7,34820781000000,2026-09-10T09:14:10.192461+00:00,interpolated,56.00000023841858,-45.43000019341707,-115.64000049233437
55.33234579,842346894334480908,842346895165560210,114,8,34820781000000,2026-09-10T09:14:10.192461+00:00,interpolated,44.80000019073486,-7.070000030100346,-98.5600004196167
55.351233956,842346894353369074,842346895165560210,114,9,34820781000000,2026-09-10T09:14:10.192461+00:00,interpolated,39.410000167787075,-17.220000073313713,-95.20000040531158
55.370122122,842346894372257240,842346895165560210,114,10,34820781000000,2026-09-10T09:14:10.192461+00:00,interpolated,33.25000014156103,-36.4700001552701,-85.33000036329031
55.389010288,842346894391145406,842346895165560210,114,11,34820781000000,2026-09-10T09:14:10.192461+00:00,interpolated,21.840000092983246,-24.010000102221966,-65.59000027924776
55.407898454,842346894410033572,842346895165560210,114,12,34820781000000,2026-09-10T09:14:10.192461+00:00,interpolated,25.970000110566616,5.670000024139881,-59.64000025391579
55.426786619,842346894428921737,842346895165560210,114,13,34820781000000,2026-09-10T09:14:10.192461+00:00,interpolated,28.00000011920929,9.940000042319298,-52.220000222325325
55.445674785,842346894447809903,842346895165560210,114,14,34820781000000,2026-09-10T09:14:10.192461+00:00,interpolated,4.13000001758337,1.6800000071525574,-38.50000016391277
55.464562951,842346894466698069,842346895165560210,114,15,34820781000000,2026-09-10T09:14:10.192461+00:00,interpolated,-3.780000016093254,-9.660000041127205,-28.490000121295452
55.483451117,842346894485586235,842346895165560210,114,16,34820781000000,2026-09-10T09:14:10.192461+00:00,interpolated,1.4000000059604645,0.630000002682209,-20.510000087320805
55.502339283,842346894504474401,842346895165560210,114,17,34820781000000,2026-09-10T09:14:10.192461+00:00,interpolated,-2.6600000113248825,1.0500000044703484,-7.490000031888485
55.521227449,842346894523362567,842346895165560210,114,18,34820781000000,2026-09-10T09:14:10.192461+00:00,interpolated,-13.02000005543232,-8.400000035762787,5.530000023543835
55.540115615,842346894542250733,842346895165560210,114,19,34820781000000,2026-09-10T09:14:10.192461+00:00,interpolated,-20.23000008612871,6.51000002771616,21.630000092089176
55.559003781,842346894561138899,842346895165560210,114,20,34820781000000,2026-09-10T09:14:10.192461+00:00,interpolated,-20.580000087618828,32.20000013709068,35.77000015228987
55.577891947,842346894580027065,842346895165560210,114,21,34820781000000,2026-09-10T09:14:10.192461+00:00,interpolated,-23.940000101923943,35.77000015228987,39.830000169575214
55.596780113,842346894598915231,842346895165560210,114,22,34820781000000,2026-09-10T09:14:10.192461+00:00,interpolated,-29.33000012487173,34.30000014603138,43.68000018596649
55.615668279,842346894617803397,842346895165560210,114,23,34820781000000,2026-09-10T09:14:10.192461+00:00,interpolated,-39.13000016659498,39.830000169575214,51.380000218749046
55.634556445,842346894636691563,842346895165560210,114,24,34820781000000,2026-09-10T09:14:10.192461+00:00,interpolated,-51.31000021845102,41.790000177919865,57.68000024557114
55.653444611,842346894655579729,842346895165560210,114,25,34820781000000,2026-09-10T09:14:10.192461+00:00,interpolated,-56.49000024050474,36.4700001552701,59.9900002554059
55.672332777,842346894674467895,842346895165560210,114,26,34820781000000,2026-09-10T09:14:10.192461+00:00,interpolated,-52.78000022470951,29.680000126361847,60.97000025957823
55.691220943,842346894693356061,842346895165560210,114,27,34820781000000,2026-09-10T09:14:10.192461+00:00,interpolated,-54.67000023275614,25.6200001090765,65.24000027775764
55.710109109,842346894712244227,842346895165560210,114,28,34820781000000,2026-09-10T09:14:10.192461+00:00,interpolated,-60.55000025779009,28.6300001218915,69.09000029414892
55.728997275,842346894731132393,842346895165560210,114,29,34820781000000,2026-09-10T09:14:10.192461+00:00,interpolated,-68.67000029236078,46.550000198185444,74.55000031739473
55.747885441,842346894750020559,842346895165560210,114,30,34820781000000,2026-09-10T09:14:10.192461+00:00,interpolated,-70.91000030189753,62.440000265836716,80.92000034451485
55.766773607,842346894768908725,842346895165560210,114,31,34820781000000,2026-09-10T09:14:10.192461+00:00,interpolated,-69.65000029653311,65.45000027865171,83.44000035524368
55.785661773,842346894787796891,842346895165560210,114,32,34820781000000,2026-09-10T09:14:10.192461+00:00,interpolated,-73.22000031173229,48.37000020593405,81.34000034630299
55.804549939,842346894806685057,842346895165560210,114,33,34820781000000,2026-09-10T09:14:10.192461+00:00,interpolated,-74.06000031530857,17.36000007390976,75.74000032246113
55.823438105,842346894825573223,842346895165560210,114,34,34820781000000,2026-09-10T09:14:10.192461+00:00,interpolated,-72.0300003066659,0.630000002682209,74.48000031709671
55.842326271,842346894844461389,842346895165560210,114,35,34820781000000,2026-09-10T09:14:10.192461+00:00,interpolated,-73.22000031173229,4.5500000193715096,83.72000035643578
55.861214437,842346894863349555,842346895165560210,114,36,34820781000000,2026-09-10T09:14:10.192461+00:00,interpolated,-66.64000028371811,12.110000051558018,89.39000038057566
55.880102603,842346894882237721,842346895165560210,114,37,34820781000000,2026-09-10T09:14:10.192461+00:00,interpolated,-52.220000222325325,13.510000057518482,83.93000035732985
55.898990769,842346894901125887,842346895165560210,114,38,34820781000000,2026-09-10T09:14:10.192461+00:00,interpolated,-43.19000018388033,13.510000057518482,79.31000033766031
55.917878934,842346894920014052,842346895165560210,114,39,34820781000000,2026-09-10T09:14:10.192461+00:00,interpolated,-42.14000017940998,18.90000008046627,85.19000036269426
55.9367671,842346894938902218,842346895165560210,114,40,34820781000000,2026-09-10T09:14:10.192461+00:00,interpolated,-44.24000018835068,31.150000132620335,97.02000041306019
55.955655266,842346894957790384,842346895165560210,114,41,34820781000000,2026-09-10T09:14:10.192461+00:00,interpolated,-43.19000018388033,37.240000158548355,99.61000042408705
55.974543432,842346894976678550,842346895165560210,114,42,34820781000000,2026-09-10T09:14:10.192461+00:00,interpolated,-43.750000186264515,30.660000130534172,94.71000040322542
55.993431598,842346894995566716,842346895165560210,114,43,34820781000000,2026-09-10T09:14:10.192461+00:00,interpolated,-47.18000020086765,16.590000070631504,93.10000039637089
56.012319764,842346895014454882,842346895165560210,114,44,34820781000000,2026-09-10T09:14:10.192461+00:00,interpolated,-49.210000209510326,1.6100000068545341,89.95000038295984
56.03120793,842346895033343048,842346895165560210,114,45,34820781000000,2026-09-10T09:14:10.192461+00:00,interpolated,-44.66000019013882,-14.350000061094761,83.23000035434961
56.050096096,842346895052231214,842346895165560210,114,46,34820781000000,2026-09-10T09:14:10.192461+00:00,interpolated,-38.570000164210796,-21.630000092089176,85.05000036209822
56.068984262,842346895071119380,842346895165560210,114,47,34820781000000,2026-09-10T09:14:10.192461+00:00,interpolated,-40.81000017374754,-14.140000060200691,88.6200003772974
56.087872428,842346895090007546,842346895165560210,114,48,34820781000000,2026-09-10T09:14:10.192461+00:00,interpolated,-43.82000018656254,1.7500000074505806,95.06000040471554
56.106760594,842346895108895712,842346895165560210,114,49,34820781000000,2026-09-10T09:14:10.192461+00:00,interpolated,-44.94000019133091,25.6200001090765,103.60000044107437
56.12564876,842346895127783878,842346895165560210,114,50,34820781000000,2026-09-10T09:14:10.192461+00:00,interpolated,-46.06000019609928,35.5600001513958,109.34000046551228
56.144536926,842346895146672044,842346895165560210,114,51,34820781000000,2026-09-10T09:14:10.192461+00:00,interpolated,-50.050000213086605,20.510000087320805,110.81000047177076
56.163425092,842346895165560210,842346895165560210,114,52,34820781000000,2026-09-10T09:14:10.192461+00:00,interpolated,-52.1500002220273,11.620000049471855,115.85000049322844
56.182313318,842346895184448436,842346896072195060,117,0,34822015000000,2026-09-10T09:14:11.422568+00:00,interpolated,-44.380000188946724,31.430000133812428,131.1100005581975
56.201201544,842346895203336662,842346896072195060,117,1,34822015000000,2026-09-10T09:14:11.422568+00:00,interpolated,-36.19000015407801,61.530000261962414,137.20000058412552
56.22008977,842346895222224888,842346896072195060,117,2,34822015000000,2026-09-10T09:14:11.422568+00:00,interpolated,-32.62000013887882,63.21000026911497,124.1800005286932
56.238977996,842346895241113114,842346896072195060,117,3,34822015000000,2026-09-10T09:14:11.422568+00:00,interpolated,-23.87000010162592,58.45000024884939,105.00000044703484
56.257866222,842346895260001340,842346896072195060,117,4,34822015000000,2026-09-10T09:14:11.422568+00:00,interpolated,-1.1900000050663948,75.0400003194809,81.0600003451109
56.276754448,842346895278889566,842346896072195060,117,5,34822015000000,2026-09-10T09:14:11.422568+00:00,interpolated,24.010000102221966,91.42000038921833,49.1400002092123
56.295642674,842346895297777792,842346896072195060,117,6,34822015000000,2026-09-10T09:14:11.422568+00:00,interpolated,28.770000122487545,50.40000021457672,-12.180000051856041
56.3145309,842346895316666018,842346896072195060,117,7,34822015000000,2026-09-10T09:14:11.422568+00:00,interpolated,8.540000036358833,-24.430000104010105,-81.48000034689903
56.333419126,842346895335554244,842346896072195060,117,8,34822015000000,2026-09-10T09:14:11.422568+00:00,interpolated,-2.1000000089406967,-79.66000033915043,-105.56000044941902
56.352307352,842346895354442470,842346896072195060,117,9,34822015000000,2026-09-10T09:14:11.422568+00:00,interpolated,6.860000029206276,-123.13000052422285,-102.06000043451786
56.371195578,842346895373330696,842346896072195060,117,10,34822015000000,2026-09-10T09:14:11.422568+00:00,interpolated,26.04000011086464,-132.9300005659461,-100.6600004285574
56.390083805,842346895392218923,842346896072195060,117,11,34822015000000,2026-09-10T09:14:11.422568+00:00,interpolated,20.020000085234642,-52.08000022172928,-89.95000038295984
56.408972031,842346895411107149,842346896072195060,117,12,34822015000000,2026-09-10T09:14:11.422568+00:00,interpolated,24.920000106096268,-54.46000023186207,-77.98000033199787
56.427860257,842346895429995375,842346896072195060,117,13,34822015000000,2026-09-10T09:14:11.422568+00:00,interpolated,23.100000098347664,-61.110000260174274,-84.07000035792589
56.446748483,842346895448883601,842346896072195060,117,14,34822015000000,2026-09-10T09:14:11.422568+00:00,interpolated,31.71000013500452,-22.6100000962615,-118.37000050395727
56.465636709,842346895467771827,842346896072195060,117,15,34822015000000,2026-09-10T09:14:11.422568+00:00,interpolated,52.220000222325325,73.22000031173229,-116.27000049501657
56.484524935,842346895486660053,842346896072195060,117,16,34822015000000,2026-09-10T09:14:11.422568+00:00,interpolated,67.8300002887845,14.070000059902668,-91.07000038772821
56.503413161,842346895505548279,842346896072195060,117,17,34822015000000,2026-09-10T09:14:11.422568+00:00,interpolated,68.7400002926588,-65.24000027775764,-89.60000038146973
56.522301387,842346895524436505,842346896072195060,117,18,34822015000000,2026-09-10T09:14:11.422568+00:00,interpolated,57.96000024676323,-115.1500004902482,-108.78000046312809
56.541189613,842346895543324731,842346896072195060,117,19,34822015000000,2026-09-10T09:14:11.422568+00:00,interpolated,52.50000022351742,-93.10000039637089,-130.41000055521727
56.560077839,842346895562212957,842346896072195060,117,20,34822015000000,2026-09-10T09:14:11.422568+00:00,interpolated,47.040000200271606,-64.68000027537346,-150.85000064224005
56.578966065,842346895581101183,842346896072195060,117,21,34822015000000,2026-09-10T09:14:11.422568+00:00,interpolated,56.350000239908695,-60.690000258386135,-137.55000058561563
56.597854291,842346895599989409,842346896072195060,117,22,34822015000000,2026-09-10T09:14:11.422568+00:00,interpolated,49.420000210404396,-26.390000112354755,-112.56000047922134
56.616742517,842346895618877635,842346896072195060,117,23,34822015000000,2026-09-10T09:14:11.422568+00:00,interpolated,58.80000025033951,-17.710000075399876,-105.63000044971704
56.635630743,842346895637765861,842346896072195060,117,24,34822015000000,2026-09-10T09:14:11.422568+00:00,interpolated,53.13000022619963,-5.740000024437904,-106.19000045210123
56.654518969,842346895656654087,842346896072195060,117,25,34822015000000,2026-09-10T09:14:11.422568+00:00,interpolated,55.30000023543835,16.800000071525574,-114.520000487566
56.673407195,842346895675542313,842346896072195060,117,26,34822015000000,2026-09-10T09:14:11.422568+00:00,interpolated,58.310000248253345,-0.7700000032782555,-122.78000052273273
56.692295421,842346895694430539,842346896072195060,117,27,34822015000000,2026-09-10T09:14:11.422568+00:00,interpolated,48.720000207424164,-40.53000017255545,-128.87000054866076
56.711183647,842346895713318765,842346896072195060,117,28,34822015000000,2026-09-10T09:14:11.422568+00:00,interpolated,46.76000019907951,-62.72000026702881,-127.33000054210424
56.730071873,842346895732206991,842346896072195060,117,29,34822015000000,2026-09-10T09:14:11.422568+00:00,interpolated,47.3200002014637,-23.380000099539757,-117.81000050157309
56.748960099,842346895751095217,842346896072195060,117,30,34822015000000,2026-09-10T09:14:11.422568+00:00,interpolated,51.94000022113323,-13.440000057220459,-110.6000004708767
56.767848325,842346895769983443,842346896072195060,117,31,34822015000000,2026-09-10T09:14:11.422568+00:00,interpolated,60.97000025957823,-29.610000126063824,-104.02000044286251
56.786736551,842346895788871669,842346896072195060,117,32,34822015000000,2026-09-10T09:14:11.422568+00:00,interpolated,60.41000025719404,-22.40000009536743,-112.77000048011541
56.805624777,842346895807759895,842346896072195060,117,33,34822015000000,2026-09-10T09:14:11.422568+00:00,interpolated,55.30000023543835,16.240000069141388,-114.38000048696995
56.824513003,842346895826648121,842346896072195060,117,34,34822015000000,2026-09-10T09:14:11.422568+00:00,interpolated,46.550000198185444,8.89000003784895,-99.40000042319298
56.84340123,842346895845536348,842346896072195060,117,35,34822015000000,2026-09-10T09:14:11.422568+00:00,interpolated,50.40000021457672,-36.33000015467405,-85.82000036537647
56.862289456,842346895864424574,842346896072195060,117,36,34822015000000,2026-09-10T09:14:11.422568+00:00,interpolated,34.93000014871359,-51.52000021934509,-76.44000032544136
56.881177682,842346895883312800,842346896072195060,117,37,34822015000000,2026-09-10T09:14:11.422568+00:00,interpolated,18.550000078976154,-28.070000119507313,-62.230000264942646
56.900065908,842346895902201026,842346896072195060,117,38,34822015000000,2026-09-10T09:14:11.422568+00:00,interpolated,9.030000038444996,-10.570000045001507,-41.02000017464161
56.918954134,842346895921089252,842346896072195060,117,39,34822015000000,2026-09-10T09:14:11.422568+00:00,interpolated,11.06000004708767,14.700000062584877,-27.79000011831522
56.93784236,842346895939977478,842346896072195060,117,40,34822015000000,2026-09-10T09:14:11.422568+00:00,interpolated,2.1000000089406967,12.320000052452087,-16.170000068843365
56.956730586,842346895958865704,842346896072195060,117,41,34822015000000,2026-09-10T09:14:11.422568+00:00,interpolated,0.2800000011920929,0.7000000029802322,-3.9900000169873238
56.975618812,842346895977753930,842346896072195060,117,42,34822015000000,2026-09-10T09:14:11.422568+00:00,interpolated,-11.970000050961971,12.60000005364418,9.660000041127205
56.994507038,842346895996642156,842346896072195060,117,43,34822015000000,2026-09-10T09:14:11.422568+00:00,interpolated,-18.410000078380108,21.210000090301037,18.760000079870224
57.013395264,842346896015530382,842346896072195060,117,44,34822015000000,2026-09-10T09:14:11.422568+00:00,interpolated,-19.250000081956387,13.580000057816505,27.230000115931034
57.03228349,842346896034418608,842346896072195060,117,45,34822015000000,2026-09-10T09:14:11.422568+00:00,interpolated,-24.850000105798244,11.900000050663948,36.33000015467405
57.051171716,842346896053306834,842346896072195060,117,46,34822015000000,2026-09-10T09:14:11.422568+00:00,interpolated,-30.87000013142824,18.6900000795722,44.24000018835068
57.070059942,842346896072195060,842346896072195060,117,47,34822015000000,2026-09-10T09:14:11.422568+00:00,interpolated,-38.92000016570091,35.280000150203705,50.12000021338463
57.088948181,842346896091083299,842346896959942316,120,0,34822609000000,2026-09-10T09:14:12.024638+00:00,interpolated,-44.66000019013882,44.87000019103289,51.03000021725893
57.107836421,842346896109971539,842346896959942316,120,1,34822609000000,2026-09-10T09:14:12.024638+00:00,interpolated,-47.39000020176172,37.59000016003847,52.29000022262335
57.12672466,842346896128859778,842346896959942316,120,2,34822609000000,2026-09-10T09:14:12.024638+00:00,interpolated,-48.37000020593405,20.23000008612871,58.03000024706125
57.1456129,842346896147748018,842346896959942316,120,3,34822609000000,2026-09-10T09:14:12.024638+00:00,interpolated,-49.1400002092123,11.130000047385693,62.020000264048576
57.164501139,842346896166636257,842346896959942316,120,4,34822609000000,2026-09-10T09:14:12.024638+00:00,interpolated,-48.44000020623207,17.920000076293945,64.8200002759695
57.183389379,842346896185524497,842346896959942316,120,5,34822609000000,2026-09-10T09:14:12.024638+00:00,interpolated,-42.910000182688236,32.62000013887882,65.80000028014183
57.202277618,842346896204412736,842346896959942316,120,6,34822609000000,2026-09-10T09:14:12.024638+00:00,interpolated,-40.88000017404556,33.81000014394522,67.76000028848648
57.221165858,842346896223300976,842346896959942316,120,7,34822609000000,2026-09-10T09:14:12.024638+00:00,interpolated,-41.23000017553568,23.100000098347664,72.24000030755997
57.240054097,842346896242189215,842346896959942316,120,8,34822609000000,2026-09-10T09:14:12.024638+00:00,interpolated,-49.98000021278858,21.140000090003014,83.30000035464764
57.258942337,842346896261077455,842346896959942316,120,9,34822609000000,2026-09-10T09:14:12.024638+00:00,interpolated,-64.47000027447939,23.87000010162592,94.57000040262938
57.277830576,842346896279965694,842346896959942316,120,10,34822609000000,2026-09-10T09:14:12.024638+00:00,interpolated,-58.66000024974346,8.820000037550926,87.92000037431717
57.296718816,842346896298853934,842346896959942316,120,11,34822609000000,2026-09-10T09:14:12.024638+00:00,interpolated,-42.910000182688236,-4.34000001847744,68.39000029116869
57.315607055,842346896317742173,842346896959942316,120,12,34822609000000,2026-09-10T09:14:12.024638+00:00,interpolated,-41.3000001758337,-7.770000033080578,70.28000029921532
57.334495295,842346896336630413,842346896959942316,120,13,34822609000000,2026-09-10T09:14:12.024638+00:00,interpolated,-44.52000018954277,1.6100000068545341,85.82000036537647
57.353383534,842346896355518652,842346896959942316,120,14,34822609000000,2026-09-10T09:14:12.024638+00:00,interpolated,-44.590000189840794,13.580000057816505,96.11000040918589
57.372271774,842346896374406892,842346896959942316,120,15,34822609000000,2026-09-10T09:14:12.024638+00:00,interpolated,-34.93000014871359,13.860000059008598,95.62000040709972
57.391160013,842346896393295131,842346896959942316,120,16,34822609000000,2026-09-10T09:14:12.024638+00:00,interpolated,-33.110000140964985,8.68000003695488,91.70000039041042
57.410048253,842346896412183371,842346896959942316,120,17,34822609000000,2026-09-10T09:14:12.024638+00:00,interpolated,-37.030000157654285,-1.3300000056624413,91.42000038921833
57.428936492,842346896431071610,842346896959942316,120,18,34822609000000,2026-09-10T09:14:12.024638+00:00,interpolated,-39.76000016927719,-9.870000042021275,96.25000040978193
57.447824732,842346896449959850,842346896959942316,120,19,34822609000000,2026-09-10T09:14:12.024638+00:00,interpolated,-43.540000185370445,0.21000000089406967,96.53000041097403
57.466712971,842346896468848089,842346896959942316,120,20,34822609000000,2026-09-10T09:14:12.024638+00:00,interpolated,-42.56000018119812,1.1200000047683716,87.36000037193298
57.485601211,842346896487736329,842346896959942316,120,21,34822609000000,2026-09-10T09:14:12.024638+00:00,interpolated,-41.370000176131725,-1.260000005364418,84.07000035792589
57.50448945,842346896506624568,842346896959942316,120,22,34822609000000,2026-09-10T09:14:12.024638+00:00,interpolated,-45.920000195503235,-5.950000025331974,83.23000035434961
57.52337769,842346896525512808,842346896959942316,120,23,34822609000000,2026-09-10T09:14:12.024638+00:00,interpolated,-49.77000021189451,-11.06000004708767,85.40000036358833
57.542265929,842346896544401047,842346896959942316,120,24,34822609000000,2026-09-10T09:14:12.024638+00:00,interpolated,-43.750000186264515,1.4700000062584877,86.10000036656857
57.561154169,842346896563289287,842346896959942316,120,25,34822609000000,2026-09-10T09:14:12.024638+00:00,interpolated,-45.15000019222498,19.810000084340572,97.09000041335821
57.580042408,842346896582177526,842346896959942316,120,26,34822609000000,2026-09-10T09:14:12.024638+00:00,interpolated,-42.420000180602074,31.360000133514404,119.0700005069375
57.598930648,842346896601065766,842346896959942316,120,27,34822609000000,2026-09-10T09:14:12.024638+00:00,interpolated,-40.67000017315149,52.50000022351742,133.42000056803226
57.617818887,842346896619954005,842346896959942316,120,28,34822609000000,2026-09-10T09:14:12.024638+00:00,interpolated,-41.09000017493963,66.22000028192997,141.3300006017089
57.636707127,842346896638842245,842346896959942316,120,29,34822609000000,2026-09-10T09:14:12.024638+00:00,interpolated,-35.490000151097775,72.0300003066659,152.32000064849854
57.655595366,842346896657730484,842346896959942316,120,30,34822609000000,2026-09-10T09:14:12.024638+00:00,interpolated,-28.00000011920929,69.9300002977252,158.34000067412853
57.674483606,842346896676618724,842346896959942316,120,31,34822609000000,2026-09-10T09:14:12.024638+00:00,interpolated,-25.060000106692314,88.13000037521124,136.64000058174133
57.693371845,842346896695506963,842346896959942316,120,32,34822609000000,2026-09-10T09:14:12.024638+00:00,interpolated,-14.7700000628829,111.86000047624111,102.62000043690205
57.712260085,842346896714395203,842346896959942316,120,33,34822609000000,2026-09-10T09:14:12.024638+00:00,interpolated,22.890000097453594,158.2700006738305,68.88000029325485
57.731148324,842346896733283442,842346896959942316,120,34,34822609000000,2026-09-10T09:14:12.024638+00:00,interpolated,46.62000019848347,145.2500006183982,3.9900000169873238
57.750036564,842346896752171682,842346896959942316,120,35,34822609000000,2026-09-10T09:14:12.024638+00:00,interpolated,33.740000143647194,52.640000224113464,-57.75000024586916
57.768924803,842346896771059921,842346896959942316,120,36,34822609000000,2026-09-10T09:14:12.024638+00:00,interpolated,-9.800000041723251,-65.45000027865171,-87.15000037103891
57.787813043,842346896789948161,842346896959942316,120,37,34822609000000,2026-09-10T09:14:12.024638+00:00,interpolated,-23.100000098347664,-198.17000084370375,-102.62000043690205
57.806701282,842346896808836400,842346896959942316,120,38,34822609000000,2026-09-10T09:14:12.024638+00:00,interpolated,1.6100000068545341,-257.60000109672546,-106.47000045329332
57.825589522,842346896827724640,842346896959942316,120,39,34822609000000,2026-09-10T09:14:12.024638+00:00,interpolated,19.95000008493662,-138.18000058829784,-94.6400004029274
57.844477761,842346896846612879,842346896959942316,120,40,34822609000000,2026-09-10T09:14:12.024638+00:00,interpolated,31.570000134408474,27.300000116229057,-82.81000035256147
57.863366001,842346896865501119,842346896959942316,120,41,34822609000000,2026-09-10T09:14:12.024638+00:00,interpolated,33.18000014126301,74.7600003182888,-69.16000029444695
57.88225424,842346896884389358,842346896959942316,120,42,34822609000000,2026-09-10T09:14:12.024638+00:00,interpolated,38.080000162124634,36.610000155866146,-73.15000031143427
57.90114248,842346896903277598,842346896959942316,120,43,34822609000000,2026-09-10T09:14:12.024638+00:00,interpolated,24.010000102221966,11.480000048875809,-96.11000040918589
57.920030719,842346896922165837,842346896959942316,120,44,34822609000000,2026-09-10T09:14:12.024638+00:00,interpolated,20.65000008791685,10.710000045597553,-105.14000044763088
57.938918959,842346896941054077,842346896959942316,120,45,34822609000000,2026-09-10T09:14:12.024638+00:00,interpolated,41.23000017553568,-23.66000010073185,-96.18000040948391
57.957807198,842346896959942316,842346896959942316,120,46,34822609000000,2026-09-10T09:14:12.024638+00:00,interpolated,48.86000020802021,-99.7500004246831,-101.5700004324317
57.976695476,842346896978830594,842346897923244514,123,0,34823843000000,2026-09-10T09:14:13.252454+00:00,interpolated,44.3100001886487,-146.86000062525272,-118.86000050604343
57.995583755,842346896997718873,842346897923244514,123,1,34823843000000,2026-09-10T09:14:13.252454+00:00,interpolated,34.58000014722347,-96.18000040948391,-132.580000564456
58.014472033,842346897016607151,842346897923244514,123,2,34823843000000,2026-09-10T09:14:13.252454+00:00,interpolated,35.5600001513958,-42.14000017940998,-133.00000056624413
58.033360312,842346897035495430,842346897923244514,123,3,34823843000000,2026-09-10T09:14:13.252454+00:00,interpolated,72.87000031024218,-2.450000010430813,-105.63000044971704
58.05224859,842346897054383708,842346897923244514,123,4,34823843000000,2026-09-10T09:14:13.252454+00:00,interpolated,85.33000036329031,42.07000017911196,-103.60000044107437
58.071136868,842346897073271986,842346897923244514,123,5,34823843000000,2026-09-10T09:14:13.252454+00:00,interpolated,62.230000264942646,-3.2200000137090683,-124.1800005286932
58.090025147,842346897092160265,842346897923244514,123,6,34823843000000,2026-09-10T09:14:13.252454+00:00,interpolated,46.97000019997358,-58.1700002476573,-143.71000061184168
58.108913425,842346897111048543,842346897923244514,123,7,34823843000000,2026-09-10T09:14:13.252454+00:00,interpolated,40.040000170469284,-23.380000099539757,-132.23000056296587
58.127801704,842346897129936822,842346897923244514,123,8,34823843000000,2026-09-10T09:14:13.252454+00:00,interpolated,43.4000001847744,-10.290000043809414,-103.04000043869019
58.146689982,842346897148825100,842346897923244514,123,9,34823843000000,2026-09-10T09:14:13.252454+00:00,interpolated,58.45000024884939,-21.000000089406967,-102.480000436306
58.16557826,842346897167713378,842346897923244514,123,10,34823843000000,2026-09-10T09:14:13.252454+00:00,interpolated,52.010000221431255,-65.52000027894974,-123.76000052690506
58.184466539,842346897186601657,842346897923244514,123,11,34823843000000,2026-09-10T09:14:13.252454+00:00,interpolated,41.23000017553568,-84.14000035822392,-133.91000057011843
58.203354817,842346897205489935,842346897923244514,123,12,34823843000000,2026-09-10T09:14:13.252454+00:00,interpolated,48.86000020802021,-25.760000109672546,-115.22000049054623
58.222243095,842346897224378213,842346897923244514,123,13,34823843000000,2026-09-10T09:14:13.252454+00:00,interpolated,48.090000204741955,37.240000158548355,-93.59000039845705
58.241131374,842346897243266492,842346897923244514,123,14,34823843000000,2026-09-10T09:14:13.252454+00:00,interpolated,35.700000151991844,9.450000040233135,-96.67000041157007
58.260019652,842346897262154770,842346897923244514,123,15,34823843000000,2026-09-10T09:14:13.252454+00:00,interpolated,38.64000016450882,-25.130000106990337,-98.63000041991472
58.278907931,842346897281043049,842346897923244514,123,16,34823843000000,2026-09-10T09:14:13.252454+00:00,interpolated,45.920000195503235,-9.590000040829182,-87.50000037252903
58.297796209,842346897299931327,842346897923244514,123,17,34823843000000,2026-09-10T09:14:13.252454+00:00,interpolated,40.46000017225742,-11.340000048279762,-78.89000033587217
58.316684487,842346897318819605,842346897923244514,123,18,34823843000000,2026-09-10T09:14:13.252454+00:00,interpolated,37.240000158548355,-26.320000112056732,-76.44000032544136
58.335572766,842346897337707884,842346897923244514,123,19,34823843000000,2026-09-10T09:14:13.252454+00:00,interpolated,29.680000126361847,-21.560000091791153,-60.76000025868416
58.354461044,842346897356596162,842346897923244514,123,20,34823843000000,2026-09-10T09:14:13.252454+00:00,interpolated,25.550000108778477,-6.370000027120113,-44.66000019013882
58.373349323,842346897375484441,842346897923244514,123,21,34823843000000,2026-09-10T09:14:13.252454+00:00,interpolated,22.960000097751617,12.040000051259995,-38.15000016242266
58.392237601,842346897394372719,842346897923244514,123,22,34823843000000,2026-09-10T09:14:13.252454+00:00,interpolated,11.270000047981739,6.580000028014183,-22.190000094473362
58.411125879,842346897413260997,842346897923244514,123,23,34823843000000,2026-09-10T09:14:13.252454+00:00,interpolated,6.860000029206276,-12.950000055134296,-7.560000032186508
58.430014158,842346897432149276,842346897923244514,123,24,34823843000000,2026-09-10T09:14:13.252454+00:00,interpolated,3.2900000140070915,-13.930000059306622,0.7000000029802322
58.448902436,842346897451037554,842346897923244514,123,25,34823843000000,2026-09-10T09:14:13.252454+00:00,interpolated,-3.2900000140070915,3.780000016093254,9.030000038444996
58.467790715,842346897469925833,842346897923244514,123,26,34823843000000,2026-09-10T09:14:13.252454+00:00,interpolated,-8.89000003784895,22.680000096559525,19.390000082552433
58.486678993,842346897488814111,842346897923244514,123,27,34823843000000,2026-09-10T09:14:13.252454+00:00,interpolated,-16.94000007212162,29.400000125169754,31.50000013411045
58.505567271,842346897507702389,842346897923244514,123,28,34823843000000,2026-09-10T09:14:13.252454+00:00,interpolated,-26.67000011354685,23.45000009983778,41.86000017821789
58.52445555,842346897526590668,842346897923244514,123,29,34823843000000,2026-09-10T09:14:13.252454+00:00,interpolated,-32.97000014036894,18.27000007778406,46.97000019997358
58.543343828,842346897545478946,842346897923244514,123,30,34823843000000,2026-09-10T09:14:13.252454+00:00,interpolated,-37.240000158548355,10.780000045895576,46.27000019699335
58.562232107,842346897564367225,842346897923244514,123,31,34823843000000,2026-09-10T09:14:13.252454+00:00,interpolated,-42.35000018030405,12.60000005364418,53.3400002270937
58.581120385,842346897583255503,842346897923244514,123,32,34823843000000,2026-09-10T09:14:13.252454+00:00,interpolated,-44.66000019013882,10.290000043809414,58.87000025063753
58.600008663,842346897602143781,842346897923244514,123,33,34823843000000,2026-09-10T09:14:13.252454+00:00,interpolated,-39.200000166893005,13.650000058114529,56.28000023961067
58.618896942,842346897621032060,842346897923244514,123,34,34823843000000,2026-09-10T09:14:13.252454+00:00,interpolated,-36.68000015616417,26.74000011384487,62.30000026524067
58.63778522,842346897639920338,842346897923244514,123,35,34823843000000,2026-09-10T09:14:13.252454+00:00,interpolated,-38.2900001630187,34.02000014483929,67.90000028908253
58.656673499,842346897658808617,842346897923244514,123,36,34823843000000,2026-09-10T09:14:13.252454+00:00,interpolated,-43.540000185370445,35.280000150203705,68.67000029236078
58.675561777,842346897677696895,842346897923244514,123,37,34823843000000,2026-09-10T09:14:13.252454+00:00,interpolated,-51.66000021994114,24.010000102221966,69.9300002977252
58.694450055,842346897696585173,842346897923244514,123,38,34823843000000,2026-09-10T09:14:13.252454+00:00,interpolated,-55.1600002348423,6.370000027120113,69.51000029593706
58.713338334,842346897715473452,842346897923244514,123,39,34823843000000,2026-09-10T09:14:13.252454+00:00,interpolated,-49.28000020980835,-3.430000014603138,70.42000029981136
58.732226612,842346897734361730,842346897923244514,123,40,34823843000000,2026-09-10T09:14:13.252454+00:00,interpolated,-43.540000185370445,-6.30000002682209,67.69000028818846
58.75111489,842346897753250008,842346897923244514,123,41,34823843000000,2026-09-10T09:14:13.252454+00:00,interpolated,-45.15000019222498,-1.540000006556511,67.27000028640032
58.770003169,842346897772138287,842346897923244514,123,42,34823843000000,2026-09-10T09:14:13.252454+00:00,interpolated,-41.65000017732382,14.420000061392784,69.72000029683113
58.788891447,842346897791026565,842346897923244514,123,43,34823843000000,2026-09-10T09:14:13.252454+00:00,interpolated,-39.06000016629696,30.520000129938126,71.68000030517578
58.807779726,842346897809914844,842346897923244514,123,44,34823843000000,2026-09-10T09:14:13.252454+00:00,interpolated,-43.26000018417835,33.320000141859055,75.18000032007694
58.826668004,842346897828803122,842346897923244514,123,45,34823843000000,2026-09-10T09:14:13.252454+00:00,interpolated,-45.64000019431114,16.800000071525574,76.8600003272295
58.845556282,842346897847691400,842346897923244514,123,46,34823843000000,2026-09-10T09:14:13.252454+00:00,interpolated,-42.28000018000603,-3.6400000154972076,75.88000032305717
58.864444561,842346897866579679,842346897923244514,123,47,34823843000000,2026-09-10T09:14:13.252454+00:00,interpolated,-37.870000161230564,-14.420000061392784,72.10000030696392
58.883332839,842346897885467957,842346897923244514,123,48,34823843000000,2026-09-10T09:14:13.252454+00:00,interpolated,-33.81000014394522,-11.270000047981739,67.69000028818846
58.902221118,842346897904356236,842346897923244514,123,49,34823843000000,2026-09-10T09:14:13.252454+00:00,interpolated,-33.60000014305115,-2.0300000086426735,70.14000029861927
58.921109396,842346897923244514,842346897923244514,123,50,34823843000000,2026-09-10T09:14:13.252454+00:00,interpolated,-36.4700001552701,7.070000030100346,78.12000033259392
58.939997902,842346897942133020,842346898867669800,126,0,34824500000000,2026-09-10T09:14:13.915070+00:00,interpolated,-36.75000015646219,8.68000003695488,85.6100003644824
58.958886407,842346897961021525,842346898867669800,126,1,34824500000000,2026-09-10T09:14:13.915070+00:00,interpolated,-37.240000158548355,8.960000038146973,85.96000036597252
58.977774913,842346897979910031,842346898867669800,126,2,34824500000000,2026-09-10T09:14:13.915070+00:00,interpolated,-35.490000151097775,13.790000058710575,78.6800003349781
58.996663419,842346897998798537,842346898867669800,126,3,34824500000000,2026-09-10T09:14:13.915070+00:00,interpolated,-41.370000176131725,22.190000094473362,77.28000032901764
59.015551925,842346898017687043,842346898867669800,126,4,34824500000000,2026-09-10T09:14:13.915070+00:00,interpolated,-41.23000017553568,21.840000092983246,83.37000035494566
59.03444043,842346898036575548,842346898867669800,126,5,34824500000000,2026-09-10T09:14:13.915070+00:00,interpolated,-39.620000168681145,16.03000006824732,88.27000037580729
59.053328936,842346898055464054,842346898867669800,126,6,34824500000000,2026-09-10T09:14:13.915070+00:00,interpolated,-41.23000017553568,5.810000024735928,89.39000038057566
59.072217442,842346898074352560,842346898867669800,126,7,34824500000000,2026-09-10T09:14:13.915070+00:00,interpolated,-37.73000016063452,12.950000055134296,97.09000041335821
59.091105947,842346898093241065,842346898867669800,126,8,34824500000000,2026-09-10T09:14:13.915070+00:00,interpolated,-35.21000014990568,36.19000015407801,106.33000045269728
59.109994453,842346898112129571,842346898867669800,126,9,34824500000000,2026-09-10T09:14:13.915070+00:00,interpolated,-32.83000013977289,48.300000205636024,111.58000047504902
59.128882959,842346898131018077,842346898867669800,126,10,34824500000000,2026-09-10T09:14:13.915070+00:00,interpolated,-36.05000015348196,51.380000218749046,120.96000051498413
59.147771465,842346898149906583,842346898867669800,126,11,34824500000000,2026-09-10T09:14:13.915070+00:00,interpolated,-38.64000016450882,52.010000221431255,128.45000054687262
59.16665997,842346898168795088,842346898867669800,126,12,34824500000000,2026-09-10T09:14:13.915070+00:00,interpolated,-29.890000127255917,51.10000021755695,125.93000053614378
59.185548476,842346898187683594,842346898867669800,126,13,34824500000000,2026-09-10T09:14:13.915070+00:00,interpolated,-20.930000089108944,38.85000016540289,113.89000048488379
59.204436982,842346898206572100,842346898867669800,126,14,34824500000000,2026-09-10T09:14:13.915070+00:00,interpolated,-13.090000055730343,39.410000167787075,92.61000039428473
59.223325488,842346898225460606,842346898867669800,126,15,34824500000000,2026-09-10T09:14:13.915070+00:00,interpolated,0.9100000038743019,69.16000029444695,56.91000024229288
59.242213993,842346898244349111,842346898867669800,126,16,34824500000000,2026-09-10T09:14:13.915070+00:00,interpolated,30.17000012844801,84.00000035762787,15.40000006556511
59.261102499,842346898263237617,842346898867669800,126,17,34824500000000,2026-09-10T09:14:13.915070+00:00,interpolated,53.13000022619963,53.83000022917986,-23.940000101923943
59.279991005,842346898282126123,842346898867669800,126,18,34824500000000,2026-09-10T09:14:13.915070+00:00,interpolated,42.210000179708004,-13.930000059306622,-64.1900002732873
59.29887951,842346898301014628,842346898867669800,126,19,34824500000000,2026-09-10T09:14:13.915070+00:00,interpolated,-0.5600000023841858,-64.54000027477741,-99.12000042200089
59.317768016,842346898319903134,842346898867669800,126,20,34824500000000,2026-09-10T09:14:13.915070+00:00,interpolated,-24.360000103712082,-86.87000036984682,-99.68000042438507
59.336656522,842346898338791640,842346898867669800,126,21,34824500000000,2026-09-10T09:14:13.915070+00:00,interpolated,-4.200000017881393,-134.05000057071447,-97.09000041335821
59.355545028,842346898357680146,842346898867669800,126,22,34824500000000,2026-09-10T09:14:13.915070+00:00,interpolated,-2.450000010430813,-115.78000049293041,-100.3800004273653
59.374433533,842346898376568651,842346898867669800,126,23,34824500000000,2026-09-10T09:14:13.915070+00:00,interpolated,8.400000035762787,-43.19000018388033,-90.440000385046
59.393322039,842346898395457157,842346898867669800,126,24,34824500000000,2026-09-10T09:14:13.915070+00:00,interpolated,27.020000115036964,-36.4700001552701,-98.84000042080879
59.412210545,842346898414345663,842346898867669800,126,25,34824500000000,2026-09-10T09:14:13.915070+00:00,interpolated,37.80000016093254,22.750000096857548,-107.03000045567751
59.43109905,842346898433234168,842346898867669800,126,26,34824500000000,2026-09-10T09:14:13.915070+00:00,interpolated,30.87000013142824,67.62000028789043,-89.74000038206577
59.449987556,842346898452122674,842346898867669800,126,27,34824500000000,2026-09-10T09:14:13.915070+00:00,interpolated,58.87000025063753,25.550000108778477,-73.01000031083822
59.468876062,842346898471011180,842346898867669800,126,28,34824500000000,2026-09-10T09:14:13.915070+00:00,interpolated,77.28000032901764,-13.160000056028366,-97.3700004145503
59.487764568,842346898489899686,842346898867669800,126,29,34824500000000,2026-09-10T09:14:13.915070+00:00,interpolated,60.480000257492065,7.630000032484531,-121.31000051647425
59.506653073,842346898508788191,842346898867669800,126,30,34824500000000,2026-09-10T09:14:13.915070+00:00,interpolated,15.050000064074993,-51.800000220537186,-111.02000047266483
59.525541579,842346898527676697,842346898867669800,126,31,34824500000000,2026-09-10T09:14:13.915070+00:00,interpolated,43.26000018417835,-106.19000045210123,-113.75000048428774
59.544430085,842346898546565203,842346898867669800,126,32,34824500000000,2026-09-10T09:14:13.915070+00:00,interpolated,54.88000023365021,-61.81000026315451,-131.04000055789948
59.56331859,842346898565453708,842346898867669800,126,33,34824500000000,2026-09-10T09:14:13.915070+00:00,interpolated,53.550000227987766,20.790000088512897,-127.96000054478645
59.582207096,842346898584342214,842346898867669800,126,34,34824500000000,2026-09-10T09:14:13.915070+00:00,interpolated,54.250000230968,24.010000102221966,-118.37000050395727
59.601095602,842346898603230720,842346898867669800,126,35,34824500000000,2026-09-10T09:14:13.915070+00:00,interpolated,62.93000026792288,-2.17000000923872,-112.1400004774332
59.619984108,842346898622119226,842346898867669800,126,36,34824500000000,2026-09-10T09:14:13.915070+00:00,interpolated,38.01000016182661,-7.840000033378601,-103.25000043958426
59.638872613,842346898641007731,842346898867669800,126,37,34824500000000,2026-09-10T09:14:13.915070+00:00,interpolated,46.550000198185444,-28.280000120401382,-93.94000039994717
59.657761119,842346898659896237,842346898867669800,126,38,34824500000000,2026-09-10T09:14:13.915070+00:00,interpolated,57.47000024467707,-53.760000228881836,-95.13000040501356
59.676649625,842346898678784743,842346898867669800,126,39,34824500000000,2026-09-10T09:14:13.915070+00:00,interpolated,49.91000021249056,-65.45000027865171,-102.55000043660402
59.695538131,842346898697673249,842346898867669800,126,40,34824500000000,2026-09-10T09:14:13.915070+00:00,interpolated,54.390000231564045,-51.800000220537186,-108.71000046283007
59.714426636,842346898716561754,842346898867669800,126,41,34824500000000,2026-09-10T09:14:13.915070+00:00,interpolated,66.64000028371811,-16.870000071823597,-107.87000045925379
59.733315142,842346898735450260,842346898867669800,126,42,34824500000000,2026-09-10T09:14:13.915070+00:00,interpolated,69.65000029653311,-1.4700000062584877,-98.5600004196167
59.752203648,842346898754338766,842346898867669800,126,43,34824500000000,2026-09-10T09:14:13.915070+00:00,interpolated,71.1200003027916,-4.970000021159649,-94.29000040143728
59.771092153,842346898773227271,842346898867669800,126,44,34824500000000,2026-09-10T09:14:13.915070+00:00,interpolated,43.960000187158585,-34.93000014871359,-97.02000041306019
59.789980659,842346898792115777,842346898867669800,126,45,34824500000000,2026-09-10T09:14:13.915070+00:00,interpolated,35.490000151097775,-46.90000019967556,-101.5700004324317
59.808869165,842346898811004283,842346898867669800,126,46,34824500000000,2026-09-10T09:14:13.915070+00:00,interpolated,34.30000014603138,-29.470000125467777,-86.94000037014484
59.827757671,842346898829892789,842346898867669800,126,47,34824500000000,2026-09-10T09:14:13.915070+00:00,interpolated,28.42000012099743,-17.920000076293945,-75.60000032186508
59.846646176,842346898848781294,842346898867669800,126,48,34824500000000,2026-09-10T09:14:13.915070+00:00,interpolated,25.900000110268593,-26.600000113248825,-68.53000029176474
59.865534682,842346898867669800,842346898867669800,126,49,34824500000000,2026-09-10T09:14:13.915070+00:00,interpolated,30.660000130534172,-30.450000129640102,-51.10000021755695
59.884423233,842346898886558351,842346899887651552,129,0,34825703000000,2026-09-10T09:14:15.115127+00:00,interpolated,30.87000013142824,-0.07000000029802322,-43.47000018507242
59.903311784,842346898905446902,842346899887651552,129,1,34825703000000,2026-09-10T09:14:15.115127+00:00,interpolated,14.700000062584877,15.540000066161156,-39.13000016659498
59.922200335,842346898924335453,842346899887651552,129,2,34825703000000,2026-09-10T09:14:15.115127+00:00,interpolated,5.880000025033951,9.870000042021275,-24.220000103116035
59.941088886,842346898943224004,842346899887651552,129,3,34825703000000,2026-09-10T09:14:15.115127+00:00,interpolated,1.8200000077486038,-0.5600000023841858,-9.590000040829182
59.959977437,842346898962112555,842346899887651552,129,4,34825703000000,2026-09-10T09:14:15.115127+00:00,interpolated,-1.9600000083446503,-3.780000016093254,0.7000000029802322
59.978865988,842346898981001106,842346899887651552,129,5,34825703000000,2026-09-10T09:14:15.115127+00:00,interpolated,-3.0100000128149986,-0.3500000014901161,13.720000058412552
59.997754539,842346898999889657,842346899887651552,129,6,34825703000000,2026-09-10T09:14:15.115127+00:00,interpolated,0.3500000014901161,13.720000058412552,27.300000116229057
60.01664309,842346899018778208,842346899887651552,129,7,34825703000000,2026-09-10T09:14:15.115127+00:00,interpolated,-0.07000000029802322,24.29000010341406,37.450000159442425
60.035531641,842346899037666759,842346899887651552,129,8,34825703000000,2026-09-10T09:14:15.115127+00:00,interpolated,-4.900000020861626,27.650000117719173,39.830000169575214
60.054420192,842346899056555310,842346899887651552,129,9,34825703000000,2026-09-10T09:14:15.115127+00:00,interpolated,-12.880000054836273,34.72000014781952,41.370000176131725
60.073308743,842346899075443861,842346899887651552,129,10,34825703000000,2026-09-10T09:14:15.115127+00:00,interpolated,-25.270000107586384,33.88000014424324,48.510000206530094
60.092197294,842346899094332412,842346899887651552,129,11,34825703000000,2026-09-10T09:14:15.115127+00:00,interpolated,-36.400000154972076,25.20000010728836,51.800000220537186
60.111085845,842346899113220963,842346899887651552,129,12,34825703000000,2026-09-10T09:14:15.115127+00:00,interpolated,-42.35000018030405,19.880000084638596,52.430000223219395
60.129974395,842346899132109513,842346899887651552,129,13,34825703000000,2026-09-10T09:14:15.115127+00:00,interpolated,-42.910000182688236,21.140000090003014,54.180000230669975
60.148862946,842346899150998064,842346899887651552,129,14,34825703000000,2026-09-10T09:14:15.115127+00:00,interpolated,-40.46000017225742,22.190000094473362,53.970000229775906
60.167751497,842346899169886615,842346899887651552,129,15,34825703000000,2026-09-10T09:14:15.115127+00:00,interpolated,-40.11000017076731,26.530000112950802,58.520000249147415
60.186640048,842346899188775166,842346899887651552,129,16,34825703000000,2026-09-10T09:14:15.115127+00:00,interpolated,-51.52000021934509,30.38000012934208,69.16000029444695
60.205528599,842346899207663717,842346899887651552,129,17,34825703000000,2026-09-10T09:14:15.115127+00:00,interpolated,-57.400000244379044,24.710000105202198,72.31000030785799
60.22441715,842346899226552268,842346899887651552,129,18,34825703000000,2026-09-10T09:14:15.115127+00:00,interpolated,-47.460000202059746,16.450000070035458,66.71000028401613
60.243305701,842346899245440819,842346899887651552,129,19,34825703000000,2026-09-10T09:14:15.115127+00:00,interpolated,-38.71000016480684,12.670000053942204,64.12000027298927
60.262194252,842346899264329370,842346899887651552,129,20,34825703000000,2026-09-10T09:14:15.115127+00:00,interpolated,-44.45000018924475,11.270000047981739,70.70000030100346
60.281082803,842346899283217921,842346899887651552,129,21,34825703000000,2026-09-10T09:14:15.115127+00:00,interpolated,-51.590000219643116,15.120000064373016,78.26000033318996
60.299971354,842346899302106472,842346899887651552,129,22,34825703000000,2026-09-10T09:14:15.115127+00:00,interpolated,-46.76000019907951,18.130000077188015,76.5800003260374
60.318859905,842346899320995023,842346899887651552,129,23,34825703000000,2026-09-10T09:14:15.115127+00:00,interpolated,-35.280000150203705,20.86000008881092,74.1300003156066
60.337748456,842346899339883574,842346899887651552,129,24,34825703000000,2026-09-10T09:14:15.115127+00:00,interpolated,-37.030000157654285,17.57000007480383,76.72000032663345
60.356637007,842346899358772125,842346899887651552,129,25,34825703000000,2026-09-10T09:14:15.115127+00:00,interpolated,-39.4800001680851,7.560000032186508,80.71000034362078
60.375525558,842346899377660676,842346899887651552,129,26,34825703000000,2026-09-10T09:14:15.115127+00:00,interpolated,-34.860000148415565,4.480000019073486,84.77000036090612
60.394414109,842346899396549227,842346899887651552,129,27,34825703000000,2026-09-10T09:14:15.115127+00:00,interpolated,-34.51000014692545,10.080000042915344,89.25000037997961
60.41330266,842346899415437778,842346899887651552,129,28,34825703000000,2026-09-10T09:14:15.115127+00:00,interpolated,-40.60000017285347,12.110000051558018,88.9000003784895
60.432191211,842346899434326329,842346899887651552,129,29,34825703000000,2026-09-10T09:14:15.115127+00:00,interpolated,-43.540000185370445,10.43000004440546,83.7900003567338
60.451079762,842346899453214880,842346899887651552,129,30,34825703000000,2026-09-10T09:14:15.115127+00:00,interpolated,-43.4000001847744,5.740000024437904,77.70000033080578
60.469968313,842346899472103431,842346899887651552,129,31,34825703000000,2026-09-10T09:14:15.115127+00:00,interpolated,-43.68000018596649,8.820000037550926,78.0500003322959
60.488856864,842346899490991982,842346899887651552,129,32,34825703000000,2026-09-10T09:14:15.115127+00:00,interpolated,-42.70000018179417,13.790000058710575,82.04000034928322
60.507745415,842346899509880533,842346899887651552,129,33,34825703000000,2026-09-10T09:14:15.115127+00:00,interpolated,-47.460000202059746,20.16000008583069,88.55000037699938
60.526633966,842346899528769084,842346899887651552,129,34,34825703000000,2026-09-10T09:14:15.115127+00:00,interpolated,-43.47000018507242,24.78000010550022,94.15000040084124
60.545522517,842346899547657635,842346899887651552,129,35,34825703000000,2026-09-10T09:14:15.115127+00:00,interpolated,-36.4700001552701,22.890000097453594,89.18000037968159
60.564411068,842346899566546186,842346899887651552,129,36,34825703000000,2026-09-10T09:14:15.115127+00:00,interpolated,-42.07000017911196,21.980000093579292,86.87000036984682
60.583299619,842346899585434737,842346899887651552,129,37,34825703000000,2026-09-10T09:14:15.115127+00:00,interpolated,-47.74000020325184,29.400000125169754,95.20000040531158
60.60218817,842346899604323288,842346899887651552,129,38,34825703000000,2026-09-10T09:14:15.115127+00:00,interpolated,-42.35000018030405,37.3800001591444,102.55000043660402
60.621076721,842346899623211839,842346899887651552,129,39,34825703000000,2026-09-10T09:14:15.115127+00:00,interpolated,-41.72000017762184,39.13000016659498,103.32000043988228
60.639965271,842346899642100389,842346899887651552,129,40,34825703000000,2026-09-10T09:14:15.115127+00:00,interpolated,-44.94000019133091,35.77000015228987,107.38000045716763
60.658853822,842346899660988940,842346899887651552,129,41,34825703000000,2026-09-10T09:14:15.115127+00:00,interpolated,-46.90000019967556,38.92000016570091,115.92000049352646
60.677742373,842346899679877491,842346899887651552,129,42,34825703000000,2026-09-10T09:14:15.115127+00:00,interpolated,-41.44000017642975,55.58000023663044,125.16000053286552
60.696630924,842346899698766042,842346899887651552,129,43,34825703000000,2026-09-10T09:14:15.115127+00:00,interpolated,-36.05000015348196,64.61000027507544,129.78000055253506
60.715519475,842346899717654593,842346899887651552,129,44,34825703000000,2026-09-10T09:14:15.115127+00:00,interpolated,-30.80000013113022,57.05000024288893,125.3700005337596
60.734408026,842346899736543144,842346899887651552,129,45,34825703000000,2026-09-10T09:14:15.115127+00:00,interpolated,-18.90000008046627,69.51000029593706,110.18000046908855
60.753296577,842346899755431695,842346899887651552,129,46,34825703000000,2026-09-10T09:14:15.115127+00:00,interpolated,-1.540000006556511,106.6800004541874,82.18000034987926
60.772185128,842346899774320246,842346899887651552,129,47,34825703000000,2026-09-10T09:14:15.115127+00:00,interpolated,21.630000092089176,128.94000054895878,46.06000019609928
60.791073679,842346899793208797,842346899887651552,129,48,34825703000000,2026-09-10T09:14:15.115127+00:00,interpolated,33.81000014394522,106.12000045180321,0.5600000023841858
60.80996223,842346899812097348,842346899887651552,129,49,34825703000000,2026-09-10T09:14:15.115127+00:00,interpolated,23.590000100433826,31.71000013500452,-42.35000018030405
60.828850781,842346899830985899,842346899887651552,129,50,34825703000000,2026-09-10T09:14:15.115127+00:00,interpolated,4.620000019669533,-60.480000257492065,-78.0500003322959
60.847739332,842346899849874450,842346899887651552,129,51,34825703000000,2026-09-10T09:14:15.115127+00:00,interpolated,-14.840000063180923,-102.13000043481588,-99.68000042438507
60.866627883,842346899868763001,842346899887651552,129,52,34825703000000,2026-09-10T09:14:15.115127+00:00,interpolated,-13.300000056624413,-103.88000044226646,-95.13000040501356
60.885516434,842346899887651552,842346899887651552,129,53,34825703000000,2026-09-10T09:14:15.115127+00:00,interpolated,-3.2200000137090683,-152.8100006505847,-92.61000039428473
60.90440494,842346899906540058,842346900832076838,131,0,34826390000000,2026-09-10T09:14:15.802713+00:00,interpolated,8.540000036358833,-183.40000078082085,-112.1400004774332
60.923293445,842346899925428563,842346900832076838,131,1,34826390000000,2026-09-10T09:14:15.802713+00:00,interpolated,11.970000050961971,-99.96000042557716,-122.3600005209446
60.942181951,842346899944317069,842346900832076838,131,2,34826390000000,2026-09-10T09:14:15.802713+00:00,interpolated,30.17000012844801,38.50000016391277,-107.66000045835972
60.961070457,842346899963205575,842346900832076838,131,3,34826390000000,2026-09-10T09:14:15.802713+00:00,interpolated,51.590000219643116,82.46000035107136,-95.34000040590763
60.979958963,842346899982094081,842346900832076838,131,4,34826390000000,2026-09-10T09:14:15.802713+00:00,interpolated,55.79000023752451,58.66000024974346,-91.84000039100647
60.998847468,842346900000982586,842346900832076838,131,5,34826390000000,2026-09-10T09:14:15.802713+00:00,interpolated,53.27000022679567,-14.280000060796738,-95.34000040590763
61.017735974,842346900019871092,842346900832076838,131,6,34826390000000,2026-09-10T09:14:15.802713+00:00,interpolated,56.00000023841858,-27.930000118911266,-104.72000044584274
61.03662448,842346900038759598,842346900832076838,131,7,34826390000000,2026-09-10T09:14:15.802713+00:00,interpolated,50.12000021338463,-41.86000017821789,-114.10000048577785
61.055512985,842346900057648103,842346900832076838,131,8,34826390000000,2026-09-10T09:14:15.802713+00:00,interpolated,62.16000026464462,-78.19000033289194,-111.37000047415495
61.074401491,842346900076536609,842346900832076838,131,9,34826390000000,2026-09-10T09:14:15.802713+00:00,interpolated,71.82000030577183,-68.88000029325485,-118.86000050604343
61.093289997,842346900095425115,842346900832076838,131,10,34826390000000,2026-09-10T09:14:15.802713+00:00,interpolated,61.60000026226044,-51.66000021994114,-134.19000057131052
61.112178503,842346900114313621,842346900832076838,131,11,34826390000000,2026-09-10T09:14:15.802713+00:00,interpolated,56.560000240802765,-78.47000033408403,-131.53000055998564
61.131067008,842346900133202126,842346900832076838,131,12,34826390000000,2026-09-10T09:14:15.802713+00:00,interpolated,63.700000271201134,-44.66000019013882,-131.25000055879354
61.149955514,842346900152090632,842346900832076838,131,13,34826390000000,2026-09-10T09:14:15.802713+00:00,interpolated,56.84000024199486,36.610000155866146,-127.68000054359436
61.16884402,842346900170979138,842346900832076838,131,14,34826390000000,2026-09-10T09:14:15.802713+00:00,interpolated,44.380000188946724,30.730000130832195,-107.87000045925379
61.187732526,842346900189867644,842346900832076838,131,15,34826390000000,2026-09-10T09:14:15.802713+00:00,interpolated,59.50000025331974,-24.29000010341406,-100.31000042706728
61.206621031,842346900208756149,842346900832076838,131,16,34826390000000,2026-09-10T09:14:15.802713+00:00,interpolated,61.1800002604723,-56.49000024050474,-118.23000050336123
61.225509537,842346900227644655,842346900832076838,131,17,34826390000000,2026-09-10T09:14:15.802713+00:00,interpolated,45.500000193715096,-38.2900001630187,-119.84000051021576
61.244398043,842346900246533161,842346900832076838,131,18,34826390000000,2026-09-10T09:14:15.802713+00:00,interpolated,35.98000015318394,-18.90000008046627,-110.88000047206879
61.263286548,842346900265421666,842346900832076838,131,19,34826390000000,2026-09-10T09:14:15.802713+00:00,interpolated,48.37000020593405,-2.240000009536743,-103.25000043958426
61.282175054,842346900284310172,842346900832076838,131,20,34826390000000,2026-09-10T09:14:15.802713+00:00,interpolated,39.76000016927719,0.5600000023841858,-103.46000044047832
61.30106356,842346900303198678,842346900832076838,131,21,34826390000000,2026-09-10T09:14:15.802713+00:00,interpolated,36.26000015437603,-19.95000008493662,-100.94000042974949
61.319952066,842346900322087184,842346900832076838,131,22,34826390000000,2026-09-10T09:14:15.802713+00:00,interpolated,39.27000016719103,-32.41000013798475,-91.07000038772821
61.338840571,842346900340975689,842346900832076838,131,23,34826390000000,2026-09-10T09:14:15.802713+00:00,interpolated,23.170000098645687,-36.68000015616417,-83.58000035583973
61.357729077,842346900359864195,842346900832076838,131,24,34826390000000,2026-09-10T09:14:15.802713+00:00,interpolated,13.650000058114529,-27.930000118911266,-66.99000028520823
61.376617583,842346900378752701,842346900832076838,131,25,34826390000000,2026-09-10T09:14:15.802713+00:00,interpolated,19.180000081658363,2.520000010728836,-52.220000222325325
61.395506088,842346900397641206,842346900832076838,131,26,34826390000000,2026-09-10T09:14:15.802713+00:00,interpolated,23.800000101327896,12.110000051558018,-45.78000019490719
61.414394594,842346900416529712,842346900832076838,131,27,34826390000000,2026-09-10T09:14:15.802713+00:00,interpolated,13.650000058114529,8.820000037550926,-31.29000013321638
61.4332831,842346900435418218,842346900832076838,131,28,34826390000000,2026-09-10T09:14:15.802713+00:00,interpolated,-0.2800000011920929,7.9800000339746475,-12.040000051259995
61.452171606,842346900454306724,842346900832076838,131,29,34826390000000,2026-09-10T09:14:15.802713+00:00,interpolated,-10.010000042617321,1.0500000044703484,1.9600000083446503
61.471060111,842346900473195229,842346900832076838,131,30,34826390000000,2026-09-10T09:14:15.802713+00:00,interpolated,-9.590000040829182,-7.420000031590462,8.400000035762787
61.489948617,842346900492083735,842346900832076838,131,31,34826390000000,2026-09-10T09:14:15.802713+00:00,interpolated,-8.400000035762787,-3.430000014603138,18.48000007867813
61.508837123,842346900510972241,842346900832076838,131,32,34826390000000,2026-09-10T09:14:15.802713+00:00,interpolated,-12.880000054836273,9.240000039339066,31.430000133812428
61.527725628,842346900529860746,842346900832076838,131,33,34826390000000,2026-09-10T09:14:15.802713+00:00,interpolated,-17.080000072717667,24.50000010430813,40.3900001719594
61.546614134,842346900548749252,842346900832076838,131,34,34826390000000,2026-09-10T09:14:15.802713+00:00,interpolated,-18.970000080764294,31.220000132918358,45.57000019401312
61.56550264,842346900567637758,842346900832076838,131,35,34826390000000,2026-09-10T09:14:15.802713+00:00,interpolated,-28.490000121295452,36.54000015556812,51.87000022083521
61.584391146,842346900586526264,842346900832076838,131,36,34826390000000,2026-09-10T09:14:15.802713+00:00,interpolated,-39.55000016838312,37.3800001591444,54.95000023394823
61.603279651,842346900605414769,842346900832076838,131,37,34826390000000,2026-09-10T09:14:15.802713+00:00,interpolated,-43.61000018566847,25.20000010728836,50.96000021696091
61.622168157,842346900624303275,842346900832076838,131,38,34826390000000,2026-09-10T09:14:15.802713+00:00,interpolated,-46.4100001975894,19.180000081658363,50.260000213980675
61.641056663,842346900643191781,842346900832076838,131,39,34826390000000,2026-09-10T09:14:15.802713+00:00,interpolated,-49.91000021249056,10.990000046789646,55.86000023782253
61.659945169,842346900662080287,842346900832076838,131,40,34826390000000,2026-09-10T09:14:15.802713+00:00,interpolated,-42.56000018119812,1.1200000047683716,57.96000024676323
61.678833674,842346900680968792,842346900832076838,131,41,34826390000000,2026-09-10T09:14:15.802713+00:00,interpolated,-42.35000018030405,3.5700000151991844,63.63000027090311
61.69772218,842346900699857298,842346900832076838,131,42,34826390000000,2026-09-10T09:14:15.802713+00:00,interpolated,-44.3100001886487,11.130000047385693,71.40000030398369
61.716610686,842346900718745804,842346900832076838,131,43,34826390000000,2026-09-10T09:14:15.802713+00:00,interpolated,-41.44000017642975,26.67000011354685,78.0500003322959
61.735499191,842346900737634309,842346900832076838,131,44,34826390000000,2026-09-10T09:14:15.802713+00:00,interpolated,-37.52000015974045,36.96000015735626,76.16000032424927
61.754387697,842346900756522815,842346900832076838,131,45,34826390000000,2026-09-10T09:14:15.802713+00:00,interpolated,-38.990000165998936,31.990000136196613,69.9300002977252
61.773276203,842346900775411321,842346900832076838,131,46,34826390000000,2026-09-10T09:14:15.802713+00:00,interpolated,-47.74000020325184,15.750000067055225,66.9200002849102
61.792164709,842346900794299827,842346900832076838,131,47,34826390000000,2026-09-10T09:14:15.802713+00:00,interpolated,-54.600000232458115,-7.070000030100346,69.65000029653311
61.811053214,842346900813188332,842346900832076838,131,48,34826390000000,2026-09-10T09:14:15.802713+00:00,interpolated,-50.75000021606684,-22.050000093877316,74.41000031679869
61.82994172,842346900832076838,842346900832076838,131,49,34826390000000,2026-09-10T09:14:15.802713+00:00,interpolated,-39.90000016987324,-21.420000091195107,72.6600003093481
61.848829985,842346900850965103,842346901814266624,134,0,34827531000000,2026-09-10T09:14:16.942779+00:00,interpolated,-33.950000144541264,-9.170000039041042,71.68000030517578
61.86771825,842346900869853368,842346901814266624,134,1,34827531000000,2026-09-10T09:14:16.942779+00:00,interpolated,-35.35000015050173,1.8200000077486038,75.32000032067299
61.886606515,842346900888741633,842346901814266624,134,2,34827531000000,2026-09-10T09:14:16.942779+00:00,interpolated,-36.12000015377998,13.440000057220459,80.71000034362078
61.90549478,842346900907629898,842346901814266624,134,3,34827531000000,2026-09-10T09:14:16.942779+00:00,interpolated,-39.200000166893005,26.67000011354685,82.8800003528595
61.924383046,842346900926518164,842346901814266624,134,4,34827531000000,2026-09-10T09:14:16.942779+00:00,interpolated,-41.370000176131725,29.75000012665987,82.04000034928322
61.943271311,842346900945406429,842346901814266624,134,5,34827531000000,2026-09-10T09:14:16.942779+00:00,interpolated,-42.210000179708004,18.48000007867813,75.81000032275915
61.962159576,842346900964294694,842346901814266624,134,6,34827531000000,2026-09-10T09:14:16.942779+00:00,interpolated,-43.61000018566847,-0.9800000041723251,68.46000029146671
61.981047841,842346900983182959,842346901814266624,134,7,34827531000000,2026-09-10T09:14:16.942779+00:00,interpolated,-43.89000018686056,-13.720000058412552,69.30000029504299
61.999936106,842346901002071224,842346901814266624,134,8,34827531000000,2026-09-10T09:14:16.942779+00:00,interpolated,-41.72000017762184,-14.210000060498714,76.72000032663345
62.018824371,842346901020959489,842346901814266624,134,9,34827531000000,2026-09-10T09:14:16.942779+00:00,interpolated,-37.660000160336494,-0.42000000178813934,79.5900003388524
62.037712636,842346901039847754,842346901814266624,134,10,34827531000000,2026-09-10T09:14:16.942779+00:00,interpolated,-38.080000162124634,11.760000050067902,81.0600003451109
62.056600901,842346901058736019,842346901814266624,134,11,34827531000000,2026-09-10T09:14:16.942779+00:00,interpolated,-35.700000151991844,16.94000007212162,85.47000036388636
62.075489167,842346901077624285,842346901814266624,134,12,34827531000000,2026-09-10T09:14:16.942779+00:00,interpolated,-36.05000015348196,20.790000088512897,88.76000037789345
62.094377432,842346901096512550,842346901814266624,134,13,34827531000000,2026-09-10T09:14:16.942779+00:00,interpolated,-36.89000015705824,24.850000105798244,92.12000039219856
62.113265697,842346901115400815,842346901814266624,134,14,34827531000000,2026-09-10T09:14:16.942779+00:00,interpolated,-36.89000015705824,35.700000151991844,100.59000042825937
62.132153962,842346901134289080,842346901814266624,134,15,34827531000000,2026-09-10T09:14:16.942779+00:00,interpolated,-41.86000017821789,46.20000019669533,102.06000043451786
62.151042227,842346901153177345,842346901814266624,134,16,34827531000000,2026-09-10T09:14:16.942779+00:00,interpolated,-46.76000019907951,55.86000023782253,96.11000040918589
62.169930492,842346901172065610,842346901814266624,134,17,34827531000000,2026-09-10T09:14:16.942779+00:00,interpolated,-50.470000214874744,68.95000029355288,91.98000039160252
62.188818757,842346901190953875,842346901814266624,134,18,34827531000000,2026-09-10T09:14:16.942779+00:00,interpolated,-45.57000019401312,64.61000027507544,90.86000038683414
62.207707022,842346901209842140,842346901814266624,134,19,34827531000000,2026-09-10T09:14:16.942779+00:00,interpolated,-35.21000014990568,42.63000018149614,93.450000397861
62.226595287,842346901228730405,842346901814266624,134,20,34827531000000,2026-09-10T09:14:16.942779+00:00,interpolated,-28.070000119507313,23.380000099539757,91.35000038892031
62.245483553,842346901247618671,842346901814266624,134,21,34827531000000,2026-09-10T09:14:16.942779+00:00,interpolated,-13.090000055730343,30.660000130534172,74.1300003156066
62.264371818,842346901266506936,842346901814266624,134,22,34827531000000,2026-09-10T09:14:16.942779+00:00,interpolated,-0.5600000023841858,57.68000024557114,48.230000205338
62.283260083,842346901285395201,842346901814266624,134,23,34827531000000,2026-09-10T09:14:16.942779+00:00,interpolated,1.0500000044703484,73.92000031471252,23.66000010073185
62.302148348,842346901304283466,842346901814266624,134,24,34827531000000,2026-09-10T09:14:16.942779+00:00,interpolated,-1.260000005364418,40.740000173449516,0.14000000059604645
62.321036613,842346901323171731,842346901814266624,134,25,34827531000000,2026-09-10T09:14:16.942779+00:00,interpolated,5.390000022947788,-20.300000086426735,-24.220000103116035
62.339924878,842346901342059996,842346901814266624,134,26,34827531000000,2026-09-10T09:14:16.942779+00:00,interpolated,16.170000068843365,-49.28000020980835,-42.56000018119812
62.358813143,842346901360948261,842346901814266624,134,27,34827531000000,2026-09-10T09:14:16.942779+00:00,interpolated,24.430000104010105,-59.150000251829624,-51.240000218153
62.377701408,842346901379836526,842346901814266624,134,28,34827531000000,2026-09-10T09:14:16.942779+00:00,interpolated,12.320000052452087,-64.68000027537346,-59.150000251829624
62.396589673,842346901398724791,842346901814266624,134,29,34827531000000,2026-09-10T09:14:16.942779+00:00,interpolated,5.320000022649765,-24.99000010639429,-67.97000028938055
62.415477939,842346901417613057,842346901814266624,134,30,34827531000000,2026-09-10T09:14:16.942779+00:00,interpolated,9.170000039041042,11.130000047385693,-59.78000025451183
62.434366204,842346901436501322,842346901814266624,134,31,34827531000000,2026-09-10T09:14:16.942779+00:00,interpolated,15.680000066757202,-20.86000008881092,-54.46000023186207
62.453254469,842346901455389587,842346901814266624,134,32,34827531000000,2026-09-10T09:14:16.942779+00:00,interpolated,16.31000006943941,-60.13000025600195,-74.97000031918287
62.472142734,842346901474277852,842346901814266624,134,33,34827531000000,2026-09-10T09:14:16.942779+00:00,interpolated,15.820000067353249,-44.380000188946724,-92.75000039488077
62.491030999,842346901493166117,842346901814266624,134,34,34827531000000,2026-09-10T09:14:16.942779+00:00,interpolated,34.30000014603138,-31.780000135302544,-73.64000031352043
62.509919264,842346901512054382,842346901814266624,134,35,34827531000000,2026-09-10T09:14:16.942779+00:00,interpolated,54.46000023186207,-28.84000012278557,-64.75000027567148
62.528807529,842346901530942647,842346901814266624,134,36,34827531000000,2026-09-10T09:14:16.942779+00:00,interpolated,49.70000021159649,-25.060000106692314,-91.6300003901124
62.547695794,842346901549830912,842346901814266624,134,37,34827531000000,2026-09-10T09:14:16.942779+00:00,interpolated,32.41000013798475,-19.880000084638596,-104.16000044345856
62.56658406,842346901568719178,842346901814266624,134,38,34827531000000,2026-09-10T09:14:16.942779+00:00,interpolated,51.52000021934509,-31.50000013411045,-100.3800004273653
62.585472325,842346901587607443,842346901814266624,134,39,34827531000000,2026-09-10T09:14:16.942779+00:00,interpolated,68.81000029295683,-30.310000129044056,-112.28000047802925
62.60436059,842346901606495708,842346901814266624,134,40,34827531000000,2026-09-10T09:14:16.942779+00:00,interpolated,55.930000238120556,-3.710000015795231,-115.29000049084425
62.623248855,842346901625383973,842346901814266624,134,41,34827531000000,2026-09-10T09:14:16.942779+00:00,interpolated,42.98000018298626,-27.930000118911266,-99.82000042498112
62.64213712,842346901644272238,842346901814266624,134,42,34827531000000,2026-09-10T09:14:16.942779+00:00,interpolated,47.11000020056963,-27.510000117123127,-106.54000045359135
62.661025385,842346901663160503,842346901814266624,134,43,34827531000000,2026-09-10T09:14:16.942779+00:00,interpolated,58.310000248253345,-10.780000045895576,-119.63000050932169
62.67991365,842346901682048768,842346901814266624,134,44,34827531000000,2026-09-10T09:14:16.942779+00:00,interpolated,62.440000265836716,-17.430000074207783,-120.40000051259995
62.698801915,842346901700937033,842346901814266624,134,45,34827531000000,2026-09-10T09:14:16.942779+00:00,interpolated,70.35000029951334,-49.77000021189451,-135.3100005760789
62.71769018,842346901719825298,842346901814266624,134,46,34827531000000,2026-09-10T09:14:16.942779+00:00,interpolated,84.56000036001205,-48.58000020682812,-141.12000060081482
62.736578446,842346901738713564,842346901814266624,134,47,34827531000000,2026-09-10T09:14:16.942779+00:00,interpolated,83.23000035434961,-23.730000101029873,-124.74000053107738
62.755466711,842346901757601829,842346901814266624,134,48,34827531000000,2026-09-10T09:14:16.942779+00:00,interpolated,66.290000282228,-21.980000093579292,-125.16000053286552
62.774354976,842346901776490094,842346901814266624,134,49,34827531000000,2026-09-10T09:14:16.942779+00:00,interpolated,50.260000213980675,-23.66000010073185,-137.34000058472157
62.793243241,842346901795378359,842346901814266624,134,50,34827531000000,2026-09-10T09:14:16.942779+00:00,interpolated,60.62000025808811,-11.270000047981739,-128.66000054776669
62.812131506,842346901814266624,842346901814266624,134,51,34827531000000,2026-09-10T09:14:16.942779+00:00,interpolated,50.82000021636486,2.800000011920929,-114.59000048786402
62.83101954,842346901833154658,842346902853108500,137,0,34828640000000,2026-09-10T09:14:18.053118+00:00,interpolated,29.400000125169754,-20.23000008612871,-114.73000048846006
62.849907574,842346901852042692,842346902853108500,137,1,34828640000000,2026-09-10T09:14:18.053118+00:00,interpolated,31.850000135600567,-39.34000016748905,-118.4400005042553
62.868795608,842346901870930726,842346902853108500,137,2,34828640000000,2026-09-10T09:14:18.053118+00:00,interpolated,32.480000138282776,-23.520000100135803,-101.15000043064356
62.887683642,842346901889818760,842346902853108500,137,3,34828640000000,2026-09-10T09:14:18.053118+00:00,interpolated,19.53000008314848,-15.40000006556511,-85.33000036329031
62.906571677,842346901908706795,842346902853108500,137,4,34828640000000,2026-09-10T09:14:18.053118+00:00,interpolated,21.770000092685223,-22.960000097751617,-86.31000036746264
62.925459711,842346901927594829,842346902853108500,137,5,34828640000000,2026-09-10T09:14:18.053118+00:00,interpolated,33.39000014215708,-3.780000016093254,-79.52000033855438
62.944347745,842346901946482863,842346902853108500,137,6,34828640000000,2026-09-10T09:14:18.053118+00:00,interpolated,31.850000135600567,2.870000012218952,-60.97000025957823
62.963235779,842346901965370897,842346902853108500,137,7,34828640000000,2026-09-10T09:14:18.053118+00:00,interpolated,29.050000123679638,-23.730000101029873,-47.11000020056963
62.982123813,842346901984258931,842346902853108500,137,8,34828640000000,2026-09-10T09:14:18.053118+00:00,interpolated,27.37000011652708,-22.960000097751617,-36.610000155866146
63.001011847,842346902003146965,842346902853108500,137,9,34828640000000,2026-09-10T09:14:18.053118+00:00,interpolated,13.02000005543232,4.13000001758337,-19.670000083744526
63.019899881,842346902022034999,842346902853108500,137,10,34828640000000,2026-09-10T09:14:18.053118+00:00,interpolated,-9.310000039637089,16.10000006854534,-1.0500000044703484
63.038787915,842346902040923033,842346902853108500,137,11,34828640000000,2026-09-10T09:14:18.053118+00:00,interpolated,-16.870000071823597,20.44000008702278,6.860000029206276
63.057675949,842346902059811067,842346902853108500,137,12,34828640000000,2026-09-10T09:14:18.053118+00:00,interpolated,-15.40000006556511,18.48000007867813,11.550000049173832
63.076563984,842346902078699102,842346902853108500,137,13,34828640000000,2026-09-10T09:14:18.053118+00:00,interpolated,-21.630000092089176,16.800000071525574,23.03000009804964
63.095452018,842346902097587136,842346902853108500,137,14,34828640000000,2026-09-10T09:14:18.053118+00:00,interpolated,-35.910000152885914,21.350000090897083,34.440000146627426
63.114340052,842346902116475170,842346902853108500,137,15,34828640000000,2026-09-10T09:14:18.053118+00:00,interpolated,-38.15000016242266,29.680000126361847,42.98000018298626
63.133228086,842346902135363204,842346902853108500,137,16,34828640000000,2026-09-10T09:14:18.053118+00:00,interpolated,-28.6300001218915,32.97000014036894,48.230000205338
63.15211612,842346902154251238,842346902853108500,137,17,34828640000000,2026-09-10T09:14:18.053118+00:00,interpolated,-26.74000011384487,37.59000016003847,54.11000023037195
63.171004154,842346902173139272,842346902853108500,137,18,34828640000000,2026-09-10T09:14:18.053118+00:00,interpolated,-34.93000014871359,38.43000016361475,57.61000024527311
63.189892188,842346902192027306,842346902853108500,137,19,34828640000000,2026-09-10T09:14:18.053118+00:00,interpolated,-44.80000019073486,36.610000155866146,61.88000026345253
63.208780222,842346902210915340,842346902853108500,137,20,34828640000000,2026-09-10T09:14:18.053118+00:00,interpolated,-53.41000022739172,28.280000120401382,62.0900002643466
63.227668256,842346902229803374,842346902853108500,137,21,34828640000000,2026-09-10T09:14:18.053118+00:00,interpolated,-53.83000022917986,8.89000003784895,56.49000024050474
63.246556291,842346902248691409,842346902853108500,137,22,34828640000000,2026-09-10T09:14:18.053118+00:00,interpolated,-47.040000200271606,4.5500000193715096,59.22000025212765
63.265444325,842346902267579443,842346902853108500,137,23,34828640000000,2026-09-10T09:14:18.053118+00:00,interpolated,-47.95000020414591,6.230000026524067,63.42000027000904
63.284332359,842346902286467477,842346902853108500,137,24,34828640000000,2026-09-10T09:14:18.053118+00:00,interpolated,-46.69000019878149,4.200000017881393,59.360000252723694
63.303220393,842346902305355511,842346902853108500,137,25,34828640000000,2026-09-10T09:14:18.053118+00:00,interpolated,-44.45000018924475,10.570000045001507,61.04000025987625
63.322108427,842346902324243545,842346902853108500,137,26,34828640000000,2026-09-10T09:14:18.053118+00:00,interpolated,-40.250000171363354,13.440000057220459,67.97000028938055
63.340996461,842346902343131579,842346902853108500,137,27,34828640000000,2026-09-10T09:14:18.053118+00:00,interpolated,-32.900000140070915,4.480000019073486,69.65000029653311
63.359884495,842346902362019613,842346902853108500,137,28,34828640000000,2026-09-10T09:14:18.053118+00:00,interpolated,-23.87000010162592,-5.040000021457672,68.04000028967857
63.378772529,842346902380907647,842346902853108500,137,29,34828640000000,2026-09-10T09:14:18.053118+00:00,interpolated,-19.53000008314848,-9.590000040829182,67.2000002861023
63.397660563,842346902399795681,842346902853108500,137,30,34828640000000,2026-09-10T09:14:18.053118+00:00,interpolated,-18.48000007867813,-3.150000013411045,66.22000028192997
63.416548597,842346902418683715,842346902853108500,137,31,34828640000000,2026-09-10T09:14:18.053118+00:00,interpolated,-16.380000069737434,6.230000026524067,62.93000026792288
63.435436632,842346902437571750,842346902853108500,137,32,34828640000000,2026-09-10T09:14:18.053118+00:00,interpolated,-15.610000066459179,7.700000032782555,59.29000025242567
63.454324666,842346902456459784,842346902853108500,137,33,34828640000000,2026-09-10T09:14:18.053118+00:00,interpolated,-17.850000075995922,-6.370000027120113,56.350000239908695
63.4732127,842346902475347818,842346902853108500,137,34,34828640000000,2026-09-10T09:14:18.053118+00:00,interpolated,-20.020000085234642,-21.07000008970499,54.04000023007393
63.492100734,842346902494235852,842346902853108500,137,35,34828640000000,2026-09-10T09:14:18.053118+00:00,interpolated,-24.920000106096268,-25.060000106692314,56.980000242590904
63.510988768,842346902513123886,842346902853108500,137,36,34828640000000,2026-09-10T09:14:18.053118+00:00,interpolated,-23.310000099241734,-18.410000078380108,59.64000025391579
63.529876802,842346902532011920,842346902853108500,137,37,34828640000000,2026-09-10T09:14:18.053118+00:00,interpolated,-23.590000100433826,-3.2200000137090683,65.17000027745962
63.548764836,842346902550899954,842346902853108500,137,38,34828640000000,2026-09-10T09:14:18.053118+00:00,interpolated,-28.770000122487545,9.590000040829182,72.73000030964613
63.56765287,842346902569787988,842346902853108500,137,39,34828640000000,2026-09-10T09:14:18.053118+00:00,interpolated,-29.5400001257658,16.660000070929527,74.34000031650066
63.586540904,842346902588676022,842346902853108500,137,40,34828640000000,2026-09-10T09:14:18.053118+00:00,interpolated,-33.740000143647194,15.19000006467104,73.78000031411648
63.605428939,842346902607564057,842346902853108500,137,41,34828640000000,2026-09-10T09:14:18.053118+00:00,interpolated,-38.64000016450882,3.430000014603138,76.37000032514334
63.624316973,842346902626452091,842346902853108500,137,42,34828640000000,2026-09-10T09:14:18.053118+00:00,interpolated,-38.92000016570091,-2.1000000089406967,76.02000032365322
63.643205007,842346902645340125,842346902853108500,137,43,34828640000000,2026-09-10T09:14:18.053118+00:00,interpolated,-37.870000161230564,2.3100000098347664,74.27000031620264
63.662093041,842346902664228159,842346902853108500,137,44,34828640000000,2026-09-10T09:14:18.053118+00:00,interpolated,-35.63000015169382,4.200000017881393,76.44000032544136
63.680981075,842346902683116193,842346902853108500,137,45,34828640000000,2026-09-10T09:14:18.053118+00:00,interpolated,-34.58000014722347,4.8300000205636024,80.29000034183264
63.699869109,842346902702004227,842346902853108500,137,46,34828640000000,2026-09-10T09:14:18.053118+00:00,interpolated,-36.75000015646219,-0.5600000023841858,83.86000035703182
63.718757143,842346902720892261,842346902853108500,137,47,34828640000000,2026-09-10T09:14:18.053118+00:00,interpolated,-32.97000014036894,-2.1000000089406967,89.18000037968159
63.737645177,842346902739780295,842346902853108500,137,48,34828640000000,2026-09-10T09:14:18.053118+00:00,interpolated,-32.06000013649464,3.8500000163912773,94.43000040203333
63.756533211,842346902758668329,842346902853108500,137,49,34828640000000,2026-09-10T09:14:18.053118+00:00,interpolated,-36.400000154972076,6.0900000259280205,97.16000041365623
63.775421246,842346902777556364,842346902853108500,137,50,34828640000000,2026-09-10T09:14:18.053118+00:00,interpolated,-36.54000015556812,1.6100000068545341,98.5600004196167
63.79430928,842346902796444398,842346902853108500,137,51,34828640000000,2026-09-10T09:14:18.053118+00:00,interpolated,-32.13000013679266,7.560000032186508,109.55000046640635
63.813197314,842346902815332432,842346902853108500,137,52,34828640000000,2026-09-10T09:14:18.053118+00:00,interpolated,-30.940000131726265,18.760000079870224,123.76000052690506
63.832085348,842346902834220466,842346902853108500,137,53,34828640000000,2026-09-10T09:14:18.053118+00:00,interpolated,-31.71000013500452,31.71000013500452,124.04000052809715
63.850973382,842346902853108500,842346902853108500,137,54,34828640000000,2026-09-10T09:14:18.053118+00:00,interpolated,-38.01000016182661,47.60000020265579,118.37000050395727
63.869862401,842346902871997519,842346903740892378,140,0,34829484000000,2026-09-10T09:14:18.892895+00:00,interpolated,-35.14000014960766,43.68000018596649,115.08000048995018
63.888751419,842346902890886537,842346903740892378,140,1,34829484000000,2026-09-10T09:14:18.892895+00:00,interpolated,-31.010000132024288,37.030000157654285,105.35000044852495
63.907640438,842346902909775556,842346903740892378,140,2,34829484000000,2026-09-10T09:14:18.892895+00:00,interpolated,-23.800000101327896,58.940000250935555,80.15000034123659
63.926529457,842346902928664575,842346903740892378,140,3,34829484000000,2026-09-10T09:14:18.892895+00:00,interpolated,0.9100000038743019,84.56000036001205,42.210000179708004
63.945418475,842346902947553593,842346903740892378,140,4,34829484000000,2026-09-10T09:14:18.892895+00:00,interpolated,15.40000006556511,89.39000038057566,17.080000072717667
63.964307494,842346902966442612,842346903740892378,140,5,34829484000000,2026-09-10T09:14:18.892895+00:00,interpolated,7.770000033080578,46.97000019997358,-14.840000063180923
63.983196513,842346902985331631,842346903740892378,140,6,34829484000000,2026-09-10T09:14:18.892895+00:00,interpolated,7.140000030398369,6.860000029206276,-53.550000227987766
64.002085531,842346903004220649,842346903740892378,140,7,34829484000000,2026-09-10T09:14:18.892895+00:00,interpolated,10.920000046491623,-39.27000016719103,-72.38000030815601
64.02097455,842346903023109668,842346903740892378,140,8,34829484000000,2026-09-10T09:14:18.892895+00:00,interpolated,-4.8300000205636024,-79.17000033706427,-80.36000034213066
64.039863569,842346903041998687,842346903740892378,140,9,34829484000000,2026-09-10T09:14:18.892895+00:00,interpolated,-10.570000045001507,-105.07000044733286,-90.09000038355589
64.058752587,842346903060887705,842346903740892378,140,10,34829484000000,2026-09-10T09:14:18.892895+00:00,interpolated,10.080000042915344,-87.78000037372112,-99.7500004246831
64.077641606,842346903079776724,842346903740892378,140,11,34829484000000,2026-09-10T09:14:18.892895+00:00,interpolated,28.700000122189522,-11.480000048875809,-98.5600004196167
64.096530625,842346903098665743,842346903740892378,140,12,34829484000000,2026-09-10T09:14:18.892895+00:00,interpolated,44.87000019103289,54.04000023007393,-71.96000030636787
64.115419644,842346903117554762,842346903740892378,140,13,34829484000000,2026-09-10T09:14:18.892895+00:00,interpolated,47.81000020354986,37.94000016152859,-44.94000019133091
64.134308662,842346903136443780,842346903740892378,140,14,34829484000000,2026-09-10T09:14:18.892895+00:00,interpolated,38.15000016242266,-17.850000075995922,-67.13000028580427
64.153197681,842346903155332799,842346903740892378,140,15,34829484000000,2026-09-10T09:14:18.892895+00:00,interpolated,35.35000015050173,-46.27000019699335,-112.28000047802925
64.1720867,842346903174221818,842346903740892378,140,16,34829484000000,2026-09-10T09:14:18.892895+00:00,interpolated,35.5600001513958,-18.48000007867813,-124.53000053018332
64.190975718,842346903193110836,842346903740892378,140,17,34829484000000,2026-09-10T09:14:18.892895+00:00,interpolated,43.82000018656254,-19.95000008493662,-96.11000040918589
64.209864737,842346903211999855,842346903740892378,140,18,34829484000000,2026-09-10T09:14:18.892895+00:00,interpolated,55.09000023454428,-56.350000239908695,-86.03000036627054
64.228753756,842346903230888874,842346903740892378,140,19,34829484000000,2026-09-10T09:14:18.892895+00:00,interpolated,56.350000239908695,-57.400000244379044,-102.55000043660402
64.247642774,842346903249777892,842346903740892378,140,20,34829484000000,2026-09-10T09:14:18.892895+00:00,interpolated,55.79000023752451,-28.560000121593475,-119.3500005081296
64.266531793,842346903268666911,842346903740892378,140,21,34829484000000,2026-09-10T09:14:18.892895+00:00,interpolated,55.30000023543835,-28.140000119805336,-125.02000053226948
64.285420812,842346903287555930,842346903740892378,140,22,34829484000000,2026-09-10T09:14:18.892895+00:00,interpolated,53.20000022649765,-24.57000010460615,-119.91000051051378
64.30430983,842346903306444948,842346903740892378,140,23,34829484000000,2026-09-10T09:14:18.892895+00:00,interpolated,53.41000022739172,-16.73000007122755,-111.2300004735589
64.323198849,842346903325333967,842346903740892378,140,24,34829484000000,2026-09-10T09:14:18.892895+00:00,interpolated,66.99000028520823,-32.270000137388706,-113.47000048309565
64.342087868,842346903344222986,842346903740892378,140,25,34829484000000,2026-09-10T09:14:18.892895+00:00,interpolated,64.54000027477741,-36.05000015348196,-127.89000054448843
64.360976886,842346903363112004,842346903740892378,140,26,34829484000000,2026-09-10T09:14:18.892895+00:00,interpolated,52.71000022441149,-52.29000022262335,-130.13000055402517
64.379865905,842346903382001023,842346903740892378,140,27,34829484000000,2026-09-10T09:14:18.892895+00:00,interpolated,67.69000028818846,-48.720000207424164,-118.4400005042553
64.398754924,842346903400890042,842346903740892378,140,28,34829484000000,2026-09-10T09:14:18.892895+00:00,interpolated,68.60000029206276,-23.24000009894371,-115.57000049203634
64.417643942,842346903419779060,842346903740892378,140,29,34829484000000,2026-09-10T09:14:18.892895+00:00,interpolated,49.1400002092123,-24.08000010251999,-117.11000049859285
64.436532961,842346903438668079,842346903740892378,140,30,34829484000000,2026-09-10T09:14:18.892895+00:00,interpolated,43.89000018686056,-14.070000059902668,-102.62000043690205
64.45542198,842346903457557098,842346903740892378,140,31,34829484000000,2026-09-10T09:14:18.892895+00:00,interpolated,37.59000016003847,7.9800000339746475,-86.59000036865473
64.474310998,842346903476446116,842346903740892378,140,32,34829484000000,2026-09-10T09:14:18.892895+00:00,interpolated,28.84000012278557,8.68000003695488,-83.02000035345554
64.493200017,842346903495335135,842346903740892378,140,33,34829484000000,2026-09-10T09:14:18.892895+00:00,interpolated,27.79000011831522,-21.28000009059906,-77.70000033080578
64.512089036,842346903514224154,842346903740892378,140,34,34829484000000,2026-09-10T09:14:18.892895+00:00,interpolated,29.820000126957893,-45.78000019490719,-75.9500003233552
64.530978055,842346903533113173,842346903740892378,140,35,34829484000000,2026-09-10T09:14:18.892895+00:00,interpolated,20.580000087618828,-46.27000019699335,-63.490000270307064
64.549867073,842346903552002191,842346903740892378,140,36,34829484000000,2026-09-10T09:14:18.892895+00:00,interpolated,6.930000029504299,-39.27000016719103,-40.18000017106533
64.568756092,842346903570891210,842346903740892378,140,37,34829484000000,2026-09-10T09:14:18.892895+00:00,interpolated,8.05000003427267,-3.2900000140070915,-25.760000109672546
64.587645111,842346903589780229,842346903740892378,140,38,34829484000000,2026-09-10T09:14:18.892895+00:00,interpolated,4.480000019073486,34.72000014781952,-13.650000058114529
64.606534129,842346903608669247,842346903740892378,140,39,34829484000000,2026-09-10T09:14:18.892895+00:00,interpolated,-1.1900000050663948,39.27000016719103,-3.6400000154972076
64.625423148,842346903627558266,842346903740892378,140,40,34829484000000,2026-09-10T09:14:18.892895+00:00,interpolated,-8.540000036358833,17.220000073313713,2.800000011920929
64.644312167,842346903646447285,842346903740892378,140,41,34829484000000,2026-09-10T09:14:18.892895+00:00,interpolated,-22.750000096857548,7.910000033676624,9.660000041127205
64.663201185,842346903665336303,842346903740892378,140,42,34829484000000,2026-09-10T09:14:18.892895+00:00,interpolated,-22.190000094473362,7.9800000339746475,14.350000061094761
64.682090204,842346903684225322,842346903740892378,140,43,34829484000000,2026-09-10T09:14:18.892895+00:00,interpolated,-17.99000007659197,5.040000021457672,19.040000081062317
64.700979223,842346903703114341,842346903740892378,140,44,34829484000000,2026-09-10T09:14:18.892895+00:00,interpolated,-24.99000010639429,4.620000019669533,28.140000119805336
64.719868241,842346903722003359,842346903740892378,140,45,34829484000000,2026-09-10T09:14:18.892895+00:00,interpolated,-29.680000126361847,15.330000065267086,38.43000016361475
64.73875726,842346903740892378,842346903740892378,140,46,34829484000000,2026-09-10T09:14:18.892895+00:00,interpolated,-31.990000136196613,30.310000129044056,46.4100001975894
64.757645525,842346903759780643,842346904723082166,143,0,34830562000000,2026-09-10T09:14:19.973266+00:00,interpolated,-28.770000122487545,31.640000134706497,46.4100001975894
64.77653379,842346903778668908,842346904723082166,143,1,34830562000000,2026-09-10T09:14:19.973266+00:00,interpolated,-21.140000090003014,24.430000104010105,41.65000017732382
64.795422055,842346903797557173,842346904723082166,143,2,34830562000000,2026-09-10T09:14:19.973266+00:00,interpolated,-27.440000116825104,13.580000057816505,40.88000017404556
64.814310321,842346903816445439,842346904723082166,143,3,34830562000000,2026-09-10T09:14:19.973266+00:00,interpolated,-36.610000155866146,6.440000027418137,43.82000018656254
64.833198586,842346903835333704,842346904723082166,143,4,34830562000000,2026-09-10T09:14:19.973266+00:00,interpolated,-39.34000016748905,8.400000035762787,45.99000019580126
64.852086851,842346903854221969,842346904723082166,143,5,34830562000000,2026-09-10T09:14:19.973266+00:00,interpolated,-38.01000016182661,14.630000062286854,46.83000019937754
64.870975116,842346903873110234,842346904723082166,143,6,34830562000000,2026-09-10T09:14:19.973266+00:00,interpolated,-38.64000016450882,15.680000066757202,47.95000020414591
64.889863381,842346903891998499,842346904723082166,143,7,34830562000000,2026-09-10T09:14:19.973266+00:00,interpolated,-45.78000019490719,-1.540000006556511,50.470000214874744
64.908751646,842346903910886764,842346904723082166,143,8,34830562000000,2026-09-10T09:14:19.973266+00:00,interpolated,-46.27000019699335,-9.450000040233135,55.1600002348423
64.927639912,842346903929775030,842346904723082166,143,9,34830562000000,2026-09-10T09:14:19.973266+00:00,interpolated,-41.3000001758337,0.5600000023841858,61.74000026285648
64.946528177,842346903948663295,842346904723082166,143,10,34830562000000,2026-09-10T09:14:19.973266+00:00,interpolated,-38.71000016480684,19.74000008404255,68.81000029295683
64.965416442,842346903967551560,842346904723082166,143,11,34830562000000,2026-09-10T09:14:19.973266+00:00,interpolated,-34.3700001463294,31.71000013500452,69.58000029623508
64.984304707,842346903986439825,842346904723082166,143,12,34830562000000,2026-09-10T09:14:19.973266+00:00,interpolated,-29.96000012755394,33.740000143647194,65.66000027954578
65.003192972,842346904005328090,842346904723082166,143,13,34830562000000,2026-09-10T09:14:19.973266+00:00,interpolated,-32.41000013798475,22.33000009506941,66.71000028401613
65.022081237,842346904024216355,842346904723082166,143,14,34830562000000,2026-09-10T09:14:19.973266+00:00,interpolated,-37.10000015795231,8.400000035762787,68.53000029176474
65.040969502,842346904043104620,842346904723082166,143,15,34830562000000,2026-09-10T09:14:19.973266+00:00,interpolated,-39.06000016629696,-1.1900000050663948,68.39000029116869
65.059857768,842346904061992886,842346904723082166,143,16,34830562000000,2026-09-10T09:14:19.973266+00:00,interpolated,-35.98000015318394,-4.480000019073486,66.9200002849102
65.078746033,842346904080881151,842346904723082166,143,17,34830562000000,2026-09-10T09:14:19.973266+00:00,interpolated,-33.04000014066696,-2.520000010728836,66.99000028520823
65.097634298,842346904099769416,842346904723082166,143,18,34830562000000,2026-09-10T09:14:19.973266+00:00,interpolated,-33.25000014156103,0.14000000059604645,70.28000029921532
65.116522563,842346904118657681,842346904723082166,143,19,34830562000000,2026-09-10T09:14:19.973266+00:00,interpolated,-35.910000152885914,-1.9600000083446503,77.07000032812357
65.135410828,842346904137545946,842346904723082166,143,20,34830562000000,2026-09-10T09:14:19.973266+00:00,interpolated,-33.950000144541264,2.800000011920929,78.0500003322959
65.154299093,842346904156434211,842346904723082166,143,21,34830562000000,2026-09-10T09:14:19.973266+00:00,interpolated,-36.05000015348196,15.330000065267086,76.09000032395124
65.173187359,842346904175322477,842346904723082166,143,22,34830562000000,2026-09-10T09:14:19.973266+00:00,interpolated,-39.4800001680851,18.06000007688999,79.66000033915043
65.192075624,842346904194210742,842346904723082166,143,23,34830562000000,2026-09-10T09:14:19.973266+00:00,interpolated,-38.15000016242266,10.080000042915344,84.91000036150217
65.210963889,842346904213099007,842346904723082166,143,24,34830562000000,2026-09-10T09:14:19.973266+00:00,interpolated,-38.2900001630187,0.630000002682209,86.38000036776066
65.229852154,842346904231987272,842346904723082166,143,25,34830562000000,2026-09-10T09:14:19.973266+00:00,interpolated,-38.22000016272068,-5.950000025331974,89.11000037938356
65.248740419,842346904250875537,842346904723082166,143,26,34830562000000,2026-09-10T09:14:19.973266+00:00,interpolated,-39.06000016629696,1.4700000062584877,93.87000039964914
65.267628684,842346904269763802,842346904723082166,143,27,34830562000000,2026-09-10T09:14:19.973266+00:00,interpolated,-36.68000015616417,16.450000070035458,100.17000042647123
65.286516949,842346904288652067,842346904723082166,143,28,34830562000000,2026-09-10T09:14:19.973266+00:00,interpolated,-33.39000014215708,34.650000147521496,110.53000047057867
65.305405215,842346904307540333,842346904723082166,143,29,34830562000000,2026-09-10T09:14:19.973266+00:00,interpolated,-35.84000015258789,44.45000018924475,118.4400005042553
65.32429348,842346904326428598,842346904723082166,143,30,34830562000000,2026-09-10T09:14:19.973266+00:00,interpolated,-36.400000154972076,48.720000207424164,121.87000051885843
65.343181745,842346904345316863,842346904723082166,143,31,34830562000000,2026-09-10T09:14:19.973266+00:00,interpolated,-33.4600001424551,63.98000027239323,126.70000053942204
65.36207001,842346904364205128,842346904723082166,143,32,34830562000000,2026-09-10T09:14:19.973266+00:00,interpolated,-27.16000011563301,69.30000029504299,122.3600005209446
65.380958275,842346904383093393,842346904723082166,143,33,34830562000000,2026-09-10T09:14:19.973266+00:00,interpolated,-21.630000092089176,64.89000027626753,104.09000044316053
65.39984654,842346904401981658,842346904723082166,143,34,34830562000000,2026-09-10T09:14:19.973266+00:00,interpolated,-16.52000007033348,68.39000029116869,77.56000033020973
65.418734806,842346904420869924,842346904723082166,143,35,34830562000000,2026-09-10T09:14:19.973266+00:00,interpolated,-4.060000017285347,90.02000038325787,51.66000021994114
65.437623071,842346904439758189,842346904723082166,143,36,34830562000000,2026-09-10T09:14:19.973266+00:00,interpolated,7.280000030994415,93.450000397861,25.900000110268593
65.456511336,842346904458646454,842346904723082166,143,37,34830562000000,2026-09-10T09:14:19.973266+00:00,interpolated,6.370000027120113,36.68000015616417,-10.920000046491623
65.475399601,842346904477534719,842346904723082166,143,38,34830562000000,2026-09-10T09:14:19.973266+00:00,interpolated,5.4600000232458115,-11.620000049471855,-47.3200002014637
65.494287866,842346904496422984,842346904723082166,143,39,34830562000000,2026-09-10T09:14:19.973266+00:00,interpolated,-1.890000008046627,-36.54000015556812,-64.05000027269125
65.513176131,842346904515311249,842346904723082166,143,40,34830562000000,2026-09-10T09:14:19.973266+00:00,interpolated,-5.670000024139881,-78.6800003349781,-57.05000024288893
65.532064396,842346904534199514,842346904723082166,143,41,34830562000000,2026-09-10T09:14:19.973266+00:00,interpolated,-10.150000043213367,-114.87000048905611,-51.87000022083521
65.550952662,842346904553087780,842346904723082166,143,42,34830562000000,2026-09-10T09:14:19.973266+00:00,interpolated,-3.3600000143051147,-86.31000036746264,-58.66000024974346
65.569840927,842346904571976045,842346904723082166,143,43,34830562000000,2026-09-10T09:14:19.973266+00:00,interpolated,17.010000072419643,2.520000010728836,-61.81000026315451
65.588729192,842346904590864310,842346904723082166,143,44,34830562000000,2026-09-10T09:14:19.973266+00:00,interpolated,34.30000014603138,85.47000036388636,-53.3400002270937
65.607617457,842346904609752575,842346904723082166,143,45,34830562000000,2026-09-10T09:14:19.973266+00:00,interpolated,35.700000151991844,55.09000023454428,-49.840000212192535
65.626505722,842346904628640840,842346904723082166,143,46,34830562000000,2026-09-10T09:14:19.973266+00:00,interpolated,38.92000016570091,-10.990000046789646,-66.290000282228
65.645393987,842346904647529105,842346904723082166,143,47,34830562000000,2026-09-10T09:14:19.973266+00:00,interpolated,27.79000011831522,-23.800000101327896,-86.17000036686659
65.664282253,842346904666417371,842346904723082166,143,48,34830562000000,2026-09-10T09:14:19.973266+00:00,interpolated,11.830000050365925,-34.93000014871359,-88.41000037640333
65.683170518,842346904685305636,842346904723082166,143,49,34830562000000,2026-09-10T09:14:19.973266+00:00,interpolated,34.79000014811754,-88.6200003772974,-93.66000039875507
65.702058783,842346904704193901,842346904723082166,143,50,34830562000000,2026-09-10T09:14:19.973266+00:00,interpolated,52.99000022560358,-93.03000039607286,-115.4300004914403
65.720947048,842346904723082166,842346904723082166,143,51,34830562000000,2026-09-10T09:14:19.973266+00:00,interpolated,46.340000197291374,-41.65000017732382,-129.9200005531311
65.739835703,842346904741970821,842346905724180902,146,0,34831484000000,2026-09-10T09:14:20.902678+00:00,interpolated,33.67000014334917,-7.420000031590462,-112.91000048071146
65.758724359,842346904760859477,842346905724180902,146,1,34831484000000,2026-09-10T09:14:20.902678+00:00,interpolated,70.8400003015995,-28.980000123381615,-95.97000040858984
65.777613014,842346904779748132,842346905724180902,146,2,34831484000000,2026-09-10T09:14:20.902678+00:00,interpolated,77.21000032871962,-14.700000062584877,-104.79000044614077
65.79650167,842346904798636788,842346905724180902,146,3,34831484000000,2026-09-10T09:14:20.902678+00:00,interpolated,61.25000026077032,14.210000060498714,-121.52000051736832
65.815390325,842346904817525443,842346905724180902,146,4,34831484000000,2026-09-10T09:14:20.902678+00:00,interpolated,54.11000023037195,14.56000006198883,-129.15000054985285
65.83427898,842346904836414098,842346905724180902,146,5,34831484000000,2026-09-10T09:14:20.902678+00:00,interpolated,51.800000220537186,-42.420000180602074,-129.15000054985285
65.853167636,842346904855302754,842346905724180902,146,6,34831484000000,2026-09-10T09:14:20.902678+00:00,interpolated,59.50000025331974,-72.59000030905008,-137.7600005865097
65.872056291,842346904874191409,842346905724180902,146,7,34831484000000,2026-09-10T09:14:20.902678+00:00,interpolated,52.71000022441149,-68.18000029027462,-141.19000060111284
65.890944947,842346904893080065,842346905724180902,146,8,34831484000000,2026-09-10T09:14:20.902678+00:00,interpolated,58.100000247359276,-60.97000025957823,-133.00000056624413
65.909833602,842346904911968720,842346905724180902,146,9,34831484000000,2026-09-10T09:14:20.902678+00:00,interpolated,60.060000255703926,-54.46000023186207,-131.60000056028366
65.928722257,842346904930857375,842346905724180902,146,10,34831484000000,2026-09-10T09:14:20.902678+00:00,interpolated,57.890000246465206,-55.37000023573637,-122.64000052213669
65.947610913,842346904949746031,842346905724180902,146,11,34831484000000,2026-09-10T09:14:20.902678+00:00,interpolated,63.63000027090311,-34.02000014483929,-109.34000046551228
65.966499568,842346904968634686,842346905724180902,146,12,34831484000000,2026-09-10T09:14:20.902678+00:00,interpolated,60.83000025898218,7.070000030100346,-96.39000041037798
65.985388224,842346904987523342,842346905724180902,146,13,34831484000000,2026-09-10T09:14:20.902678+00:00,interpolated,51.17000021785498,13.300000056624413,-82.67000035196543
66.004276879,842346905006411997,842346905724180902,146,14,34831484000000,2026-09-10T09:14:20.902678+00:00,interpolated,44.10000018775463,5.390000022947788,-79.10000033676624
66.023165534,842346905025300652,842346905724180902,146,15,34831484000000,2026-09-10T09:14:20.902678+00:00,interpolated,42.77000018209219,-6.0900000259280205,-81.6900003477931
66.04205419,842346905044189308,842346905724180902,146,16,34831484000000,2026-09-10T09:14:20.902678+00:00,interpolated,25.970000110566616,-20.720000088214874,-70.56000030040741
66.060942845,842346905063077963,842346905724180902,146,17,34831484000000,2026-09-10T09:14:20.902678+00:00,interpolated,8.400000035762787,-41.790000177919865,-59.0800002515316
66.079831501,842346905081966619,842346905724180902,146,18,34831484000000,2026-09-10T09:14:20.902678+00:00,interpolated,12.040000051259995,-35.42000015079975,-55.720000237226486
66.098720156,842346905100855274,842346905724180902,146,19,34831484000000,2026-09-10T09:14:20.902678+00:00,interpolated,3.080000013113022,-3.5700000151991844,-39.27000016719103
66.117608811,842346905119743929,842346905724180902,146,20,34831484000000,2026-09-10T09:14:20.902678+00:00,interpolated,-7.210000030696392,11.970000050961971,-19.390000082552433
66.136497467,842346905138632585,842346905724180902,146,21,34831484000000,2026-09-10T09:14:20.902678+00:00,interpolated,-5.4600000232458115,10.500000044703484,-8.610000036656857
66.155386122,842346905157521240,842346905724180902,146,22,34831484000000,2026-09-10T09:14:20.902678+00:00,interpolated,-6.790000028908253,13.720000058412552,4.200000017881393
66.174274778,842346905176409896,842346905724180902,146,23,34831484000000,2026-09-10T09:14:20.902678+00:00,interpolated,-11.480000048875809,20.23000008612871,16.31000006943941
66.193163433,842346905195298551,842346905724180902,146,24,34831484000000,2026-09-10T09:14:20.902678+00:00,interpolated,-17.010000072419643,25.550000108778477,24.08000010251999
66.212052088,842346905214187206,842346905724180902,146,25,34831484000000,2026-09-10T09:14:20.902678+00:00,interpolated,-21.28000009059906,43.120000183582306,32.06000013649464
66.230940744,842346905233075862,842346905724180902,146,26,34831484000000,2026-09-10T09:14:20.902678+00:00,interpolated,-26.810000114142895,56.21000023931265,34.30000014603138
66.249829399,842346905251964517,842346905724180902,146,27,34831484000000,2026-09-10T09:14:20.902678+00:00,interpolated,-31.570000134408474,50.96000021696091,32.20000013709068
66.268718054,842346905270853172,842346905724180902,146,28,34831484000000,2026-09-10T09:14:20.902678+00:00,interpolated,-37.80000016093254,34.30000014603138,35.14000014960766
66.28760671,842346905289741828,842346905724180902,146,29,34831484000000,2026-09-10T09:14:20.902678+00:00,interpolated,-43.4000001847744,6.930000029504299,35.42000015079975
66.306495365,842346905308630483,842346905724180902,146,30,34831484000000,2026-09-10T09:14:20.902678+00:00,interpolated,-44.10000018775463,-12.320000052452087,38.01000016182661
66.325384021,842346905327519139,842346905724180902,146,31,34831484000000,2026-09-10T09:14:20.902678+00:00,interpolated,-37.80000016093254,-7.140000030398369,45.85000019520521
66.344272676,842346905346407794,842346905724180902,146,32,34831484000000,2026-09-10T09:14:20.902678+00:00,interpolated,-36.26000015437603,12.460000053048134,53.970000229775906
66.363161331,842346905365296449,842346905724180902,146,33,34831484000000,2026-09-10T09:14:20.902678+00:00,interpolated,-29.050000123679638,29.5400001257658,53.83000022917986
66.382049987,842346905384185105,842346905724180902,146,34,34831484000000,2026-09-10T09:14:20.902678+00:00,interpolated,-23.45000009983778,39.4800001680851,54.390000231564045
66.400938642,842346905403073760,842346905724180902,146,35,34831484000000,2026-09-10T09:14:20.902678+00:00,interpolated,-29.5400001257658,27.230000115931034,57.12000024318695
66.419827298,842346905421962416,842346905724180902,146,36,34831484000000,2026-09-10T09:14:20.902678+00:00,interpolated,-36.610000155866146,0.14000000059604645,61.04000025987625
66.438715953,842346905440851071,842346905724180902,146,37,34831484000000,2026-09-10T09:14:20.902678+00:00,interpolated,-30.940000131726265,-21.28000009059906,65.38000027835369
66.457604608,842346905459739726,842346905724180902,146,38,34831484000000,2026-09-10T09:14:20.902678+00:00,interpolated,-20.370000086724758,-37.31000015884638,61.320000261068344
66.476493264,842346905478628382,842346905724180902,146,39,34831484000000,2026-09-10T09:14:20.902678+00:00,interpolated,-10.8500000461936,-41.3000001758337,60.900000259280205
66.495381919,842346905497517037,842346905724180902,146,40,34831484000000,2026-09-10T09:14:20.902678+00:00,interpolated,-4.480000019073486,-32.34000013768673,68.1100002899766
66.514270575,842346905516405693,842346905724180902,146,41,34831484000000,2026-09-10T09:14:20.902678+00:00,interpolated,-5.950000025331974,-12.880000054836273,74.20000031590462
66.53315923,842346905535294348,842346905724180902,146,42,34831484000000,2026-09-10T09:14:20.902678+00:00,interpolated,-7.210000030696392,10.64000004529953,77.56000033020973
66.552047885,842346905554183003,842346905724180902,146,43,34831484000000,2026-09-10T09:14:20.902678+00:00,interpolated,-9.730000041425228,33.950000144541264,78.26000033318996
66.570936541,842346905573071659,842346905724180902,146,44,34831484000000,2026-09-10T09:14:20.902678+00:00,interpolated,-22.12000009417534,41.09000017493963,75.39000032097101
66.589825196,842346905591960314,842346905724180902,146,45,34831484000000,2026-09-10T09:14:20.902678+00:00,interpolated,-31.71000013500452,28.00000011920929,66.85000028461218
66.608713852,842346905610848970,842346905724180902,146,46,34831484000000,2026-09-10T09:14:20.902678+00:00,interpolated,-40.740000173449516,4.5500000193715096,54.180000230669975
66.627602507,842346905629737625,842346905724180902,146,47,34831484000000,2026-09-10T09:14:20.902678+00:00,interpolated,-43.120000183582306,-22.33000009506941,44.80000019073486
66.646491162,842346905648626280,842346905724180902,146,48,34831484000000,2026-09-10T09:14:20.902678+00:00,interpolated,-40.040000170469284,-40.740000173449516,43.82000018656254
66.665379818,842346905667514936,842346905724180902,146,49,34831484000000,2026-09-10T09:14:20.902678+00:00,interpolated,-37.10000015795231,-37.94000016152859,49.00000020861626
66.684268473,842346905686403591,842346905724180902,146,50,34831484000000,2026-09-10T09:14:20.902678+00:00,interpolated,-33.950000144541264,-14.350000061094761,54.250000230968
66.703157129,842346905705292247,842346905724180902,146,51,34831484000000,2026-09-10T09:14:20.902678+00:00,interpolated,-29.680000126361847,19.670000083744526,60.97000025957823
66.722045784,842346905724180902,842346905724180902,146,52,34831484000000,2026-09-10T09:14:20.902678+00:00,interpolated,-28.21000012010336,47.880000203847885,67.62000028789043
66.740934548,842346905743069666,842346906706396630,149,0,34832546000000,2026-09-10T09:14:21.953426+00:00,interpolated,-30.80000013113022,54.600000232458115,71.96000030636787
66.759823312,842346905761958430,842346906706396630,149,1,34832546000000,2026-09-10T09:14:21.953426+00:00,interpolated,-35.280000150203705,39.4800001680851,67.34000028669834
66.778712076,842346905780847194,842346906706396630,149,2,34832546000000,2026-09-10T09:14:21.953426+00:00,interpolated,-38.85000016540289,13.160000056028366,60.060000255703926
66.79760084,842346905799735958,842346906706396630,149,3,34832546000000,2026-09-10T09:14:21.953426+00:00,interpolated,-35.00000014901161,-3.2200000137090683,58.100000247359276
66.816489604,842346905818624722,842346906706396630,149,4,34832546000000,2026-09-10T09:14:21.953426+00:00,interpolated,-31.150000132620335,-0.7700000032782555,63.84000027179718
66.835378368,842346905837513486,842346906706396630,149,5,34832546000000,2026-09-10T09:14:21.953426+00:00,interpolated,-31.360000133514404,13.790000058710575,74.55000031739473
66.854267132,842346905856402250,842346906706396630,149,6,34832546000000,2026-09-10T09:14:21.953426+00:00,interpolated,-30.38000012934208,34.23000014573336,78.54000033438206
66.873155896,842346905875291014,842346906706396630,149,7,34832546000000,2026-09-10T09:14:21.953426+00:00,interpolated,-28.140000119805336,60.13000025600195,79.31000033766031
66.89204466,842346905894179778,842346906706396630,149,8,34832546000000,2026-09-10T09:14:21.953426+00:00,interpolated,-24.920000106096268,70.63000030070543,85.54000036418438
66.910933424,842346905913068542,842346906706396630,149,9,34832546000000,2026-09-10T09:14:21.953426+00:00,interpolated,-26.180000111460686,63.98000027239323,91.70000039041042
66.929822188,842346905931957306,842346906706396630,149,10,34832546000000,2026-09-10T09:14:21.953426+00:00,interpolated,-30.240000128746033,53.83000022917986,90.440000385046
66.948710952,842346905950846070,842346906706396630,149,11,34832546000000,2026-09-10T09:14:21.953426+00:00,interpolated,-30.520000129938126,52.57000022381544,84.35000035911798
66.967599716,842346905969734834,842346906706396630,149,12,34832546000000,2026-09-10T09:14:21.953426+00:00,interpolated,-27.300000116229057,57.260000243783,83.16000035405159
66.98648848,842346905988623598,842346906706396630,149,13,34832546000000,2026-09-10T09:14:21.953426+00:00,interpolated,-28.700000122189522,53.27000022679567,81.55000034719706
67.005377244,842346906007512362,842346906706396630,149,14,34832546000000,2026-09-10T09:14:21.953426+00:00,interpolated,-27.37000011652708,52.640000224113464,71.33000030368567
67.024266008,842346906026401126,842346906706396630,149,15,34832546000000,2026-09-10T09:14:21.953426+00:00,interpolated,-25.550000108778477,67.06000028550625,58.100000247359276
67.043154772,842346906045289890,842346906706396630,149,16,34832546000000,2026-09-10T09:14:21.953426+00:00,interpolated,-20.370000086724758,80.08000034093857,45.78000019490719
67.062043536,842346906064178654,842346906706396630,149,17,34832546000000,2026-09-10T09:14:21.953426+00:00,interpolated,-12.320000052452087,71.1200003027916,33.60000014305115
67.0809323,842346906083067418,842346906706396630,149,18,34832546000000,2026-09-10T09:14:21.953426+00:00,interpolated,-6.51000002771616,34.440000146627426,22.12000009417534
67.099821064,842346906101956182,842346906706396630,149,19,34832546000000,2026-09-10T09:14:21.953426+00:00,interpolated,-7.070000030100346,-13.370000056922436,10.8500000461936
67.118709828,842346906120844946,842346906706396630,149,20,34832546000000,2026-09-10T09:14:21.953426+00:00,interpolated,-5.390000022947788,-43.47000018507242,0.3500000014901161
67.137598592,842346906139733710,842346906706396630,149,21,34832546000000,2026-09-10T09:14:21.953426+00:00,interpolated,-1.4000000059604645,-43.4000001847744,-4.970000021159649
67.156487356,842346906158622474,842346906706396630,149,22,34832546000000,2026-09-10T09:14:21.953426+00:00,interpolated,2.520000010728836,-25.760000109672546,-2.5900000110268593
67.17537612,842346906177511238,842346906706396630,149,23,34832546000000,2026-09-10T09:14:21.953426+00:00,interpolated,7.560000032186508,-9.100000038743019,3.5700000151991844
67.194264884,842346906196400002,842346906706396630,149,24,34832546000000,2026-09-10T09:14:21.953426+00:00,interpolated,3.9900000169873238,-10.990000046789646,7.560000032186508
67.213153648,842346906215288766,842346906706396630,149,25,34832546000000,2026-09-10T09:14:21.953426+00:00,interpolated,-1.260000005364418,-12.81000005453825,8.68000003695488
67.232042412,842346906234177530,842346906706396630,149,26,34832546000000,2026-09-10T09:14:21.953426+00:00,interpolated,0.7000000029802322,-5.320000022649765,7.770000033080578
67.250931176,842346906253066294,842346906706396630,149,27,34832546000000,2026-09-10T09:14:21.953426+00:00,interpolated,6.160000026226044,2.7300000116229057,7.560000032186508
67.26981994,842346906271955058,842346906706396630,149,28,34832546000000,2026-09-10T09:14:21.953426+00:00,interpolated,6.51000002771616,5.320000022649765,9.730000041425228
67.288708704,842346906290843822,842346906706396630,149,29,34832546000000,2026-09-10T09:14:21.953426+00:00,interpolated,5.530000023543835,6.370000027120113,13.930000059306622
67.307597468,842346906309732586,842346906706396630,149,30,34832546000000,2026-09-10T09:14:21.953426+00:00,interpolated,5.040000021457672,4.13000001758337,17.010000072419643
67.326486232,842346906328621350,842346906706396630,149,31,34832546000000,2026-09-10T09:14:21.953426+00:00,interpolated,3.780000016093254,4.8300000205636024,14.490000061690807
67.345374996,842346906347510114,842346906706396630,149,32,34832546000000,2026-09-10T09:14:21.953426+00:00,interpolated,5.810000024735928,14.840000063180923,12.60000005364418
67.36426376,842346906366398878,842346906706396630,149,33,34832546000000,2026-09-10T09:14:21.953426+00:00,interpolated,6.790000028908253,20.020000085234642,14.98000006377697
67.383152524,842346906385287642,842346906706396630,149,34,34832546000000,2026-09-10T09:14:21.953426+00:00,interpolated,7.560000032186508,19.390000082552433,18.6900000795722
67.402041288,842346906404176406,842346906706396630,149,35,34832546000000,2026-09-10T09:14:21.953426+00:00,interpolated,2.7300000116229057,20.930000089108944,19.250000081956387
67.420930052,842346906423065170,842346906706396630,149,36,34832546000000,2026-09-10T09:14:21.953426+00:00,interpolated,-0.07000000029802322,24.850000105798244,20.090000085532665
67.439818816,842346906441953934,842346906706396630,149,37,34832546000000,2026-09-10T09:14:21.953426+00:00,interpolated,2.1000000089406967,16.52000007033348,18.410000078380108
67.45870758,842346906460842698,842346906706396630,149,38,34832546000000,2026-09-10T09:14:21.953426+00:00,interpolated,2.870000012218952,0.8400000035762787,15.680000066757202
67.477596344,842346906479731462,842346906706396630,149,39,34832546000000,2026-09-10T09:14:21.953426+00:00,interpolated,4.760000020265579,-1.3300000056624413,14.350000061094761
67.496485108,842346906498620226,842346906706396630,149,40,34832546000000,2026-09-10T09:14:21.953426+00:00,interpolated,11.200000047683716,12.670000053942204,14.420000061392784
67.515373872,842346906517508990,842346906706396630,149,41,34832546000000,2026-09-10T09:14:21.953426+00:00,interpolated,16.94000007212162,34.650000147521496,12.320000052452087
67.534262636,842346906536397754,842346906706396630,149,42,34832546000000,2026-09-10T09:14:21.953426+00:00,interpolated,16.52000007033348,49.630000211298466,18.06000007688999
67.5531514,842346906555286518,842346906706396630,149,43,34832546000000,2026-09-10T09:14:21.953426+00:00,interpolated,5.530000023543835,17.99000007659197,26.46000011265278
67.572040164,842346906574175282,842346906706396630,149,44,34832546000000,2026-09-10T09:14:21.953426+00:00,interpolated,-1.260000005364418,-25.970000110566616,24.29000010341406
67.590928928,842346906593064046,842346906706396630,149,45,34832546000000,2026-09-10T09:14:21.953426+00:00,interpolated,-2.870000012218952,-41.3000001758337,25.6200001090765
67.609817692,842346906611952810,842346906706396630,149,46,34832546000000,2026-09-10T09:14:21.953426+00:00,interpolated,3.150000013411045,-33.81000014394522,25.41000010818243
67.628706456,842346906630841574,842346906706396630,149,47,34832546000000,2026-09-10T09:14:21.953426+00:00,interpolated,13.650000058114529,-33.25000014156103,20.44000008702278
67.64759522,842346906649730338,842346906706396630,149,48,34832546000000,2026-09-10T09:14:21.953426+00:00,interpolated,18.90000008046627,-56.63000024110079,14.210000060498714
67.666483984,842346906668619102,842346906706396630,149,49,34832546000000,2026-09-10T09:14:21.953426+00:00,interpolated,16.10000006854534,-70.28000029921532,11.900000050663948
67.685372748,842346906687507866,842346906706396630,149,50,34832546000000,2026-09-10T09:14:21.953426+00:00,interpolated,10.990000046789646,-73.78000031411648,11.340000048279762
67.704261512,842346906706396630,842346906706396630,149,51,34832546000000,2026-09-10T09:14:21.953426+00:00,interpolated,8.330000035464764,-70.56000030040741,9.520000040531158
67.723149701,842346906725284819,842346907669694246,152,0,34833203000000,2026-09-10T09:14:22.615054+00:00,interpolated,14.280000060796738,-64.61000027507544,2.450000010430813
67.742037889,842346906744173007,842346907669694246,152,1,34833203000000,2026-09-10T09:14:22.615054+00:00,interpolated,21.630000092089176,-62.79000026732683,-1.6800000071525574
67.760926078,842346906763061196,842346907669694246,152,2,34833203000000,2026-09-10T09:14:22.615054+00:00,interpolated,30.030000127851963,-71.7500003054738,-8.400000035762787
67.779814266,842346906781949384,842346907669694246,152,3,34833203000000,2026-09-10T09:14:22.615054+00:00,interpolated,42.84000018239021,-72.24000030755997,-14.490000061690807
67.798702455,842346906800837573,842346907669694246,152,4,34833203000000,2026-09-10T09:14:22.615054+00:00,interpolated,51.240000218153,-71.26000030338764,-8.750000037252903
67.817590643,842346906819725761,842346907669694246,152,5,34833203000000,2026-09-10T09:14:22.615054+00:00,interpolated,60.13000025600195,-73.99000031501055,3.3600000143051147
67.836478832,842346906838613950,842346907669694246,152,6,34833203000000,2026-09-10T09:14:22.615054+00:00,interpolated,68.88000029325485,-68.39000029116869,12.39000005275011
67.85536702,842346906857502138,842346907669694246,152,7,34833203000000,2026-09-10T09:14:22.615054+00:00,interpolated,72.10000030696392,-44.24000018835068,17.500000074505806
67.874255209,842346906876390327,842346907669694246,152,8,34833203000000,2026-09-10T09:14:22.615054+00:00,interpolated,70.28000029921532,-8.120000034570694,27.230000115931034
67.893143397,842346906895278515,842346907669694246,152,9,34833203000000,2026-09-10T09:14:22.615054+00:00,interpolated,50.680000215768814,18.06000007688999,29.400000125169754
67.912031586,842346906914166704,842346907669694246,152,10,34833203000000,2026-09-10T09:14:22.615054+00:00,interpolated,22.12000009417534,23.310000099241734,12.250000052154064
67.930919775,842346906933054893,842346907669694246,152,11,34833203000000,2026-09-10T09:14:22.615054+00:00,interpolated,6.650000028312206,17.430000074207783,-16.03000006824732
67.949807963,842346906951943081,842346907669694246,152,12,34833203000000,2026-09-10T09:14:22.615054+00:00,interpolated,5.390000022947788,12.320000052452087,-45.43000019341707
67.968696152,842346906970831270,842346907669694246,152,13,34833203000000,2026-09-10T09:14:22.615054+00:00,interpolated,-2.520000010728836,18.620000079274178,-69.23000029474497
67.98758434,842346906989719458,842346907669694246,152,14,34833203000000,2026-09-10T09:14:22.615054+00:00,interpolated,-7.9800000339746475,8.750000037252903,-90.37000038474798
68.006472529,842346907008607647,842346907669694246,152,15,34833203000000,2026-09-10T09:14:22.615054+00:00,interpolated,-7.000000029802322,-7.420000031590462,-108.15000046044588
68.025360717,842346907027495835,842346907669694246,152,16,34833203000000,2026-09-10T09:14:22.615054+00:00,interpolated,-3.500000014901161,-10.22000004351139,-122.29000052064657
68.044248906,842346907046384024,842346907669694246,152,17,34833203000000,2026-09-10T09:14:22.615054+00:00,interpolated,1.6100000068545341,-0.14000000059604645,-132.580000564456
68.063137094,842346907065272212,842346907669694246,152,18,34833203000000,2026-09-10T09:14:22.615054+00:00,interpolated,4.480000019073486,12.880000054836273,-143.22000060975552
68.082025283,842346907084160401,842346907669694246,152,19,34833203000000,2026-09-10T09:14:22.615054+00:00,interpolated,13.790000058710575,31.010000132024288,-154.84000065922737
68.100913472,842346907103048590,842346907669694246,152,20,34833203000000,2026-09-10T09:14:22.615054+00:00,interpolated,32.34000013768673,54.67000023275614,-159.95000068098307
68.11980166,842346907121936778,842346907669694246,152,21,34833203000000,2026-09-10T09:14:22.615054+00:00,interpolated,54.250000230968,77.84000033140182,-158.5500006750226
68.138689849,842346907140824967,842346907669694246,152,22,34833203000000,2026-09-10T09:14:22.615054+00:00,interpolated,73.8500003144145,98.21000041812658,-155.1900006607175
68.157578037,842346907159713155,842346907669694246,152,23,34833203000000,2026-09-10T09:14:22.615054+00:00,interpolated,87.85000037401915,120.12000051140785,-151.69000064581633
68.176466226,842346907178601344,842346907669694246,152,24,34833203000000,2026-09-10T09:14:22.615054+00:00,interpolated,93.66000039875507,135.0300005748868,-151.41000064462423
68.195354414,842346907197489532,842346907669694246,152,25,34833203000000,2026-09-10T09:14:22.615054+00:00,interpolated,92.12000039219856,140.35000059753656,-153.23000065237284
68.214242603,842346907216377721,842346907669694246,152,26,34833203000000,2026-09-10T09:14:22.615054+00:00,interpolated,88.97000037878752,128.7300005480647,-158.2700006738305
68.233130791,842346907235265909,842346907669694246,152,27,34833203000000,2026-09-10T09:14:22.615054+00:00,interpolated,79.8700003400445,99.470000423491,-160.30000068247318
68.25201898,842346907254154098,842346907669694246,152,28,34833203000000,2026-09-10T09:14:22.615054+00:00,interpolated,63.56000027060509,65.03000027686357,-156.38000066578388
68.270907168,842346907273042286,842346907669694246,152,29,34833203000000,2026-09-10T09:14:22.615054+00:00,interpolated,47.74000020325184,40.950000174343586,-150.4300006404519
68.289795357,842346907291930475,842346907669694246,152,30,34833203000000,2026-09-10T09:14:22.615054+00:00,interpolated,34.650000147521496,31.29000013321638,-146.86000062525272
68.308683546,842346907310818664,842346907669694246,152,31,34833203000000,2026-09-10T09:14:22.615054+00:00,interpolated,22.750000096857548,31.990000136196613,-142.3100006058812
68.327571734,842346907329706852,842346907669694246,152,32,34833203000000,2026-09-10T09:14:22.615054+00:00,interpolated,15.820000067353249,39.06000016629696,-131.3900005593896
68.346459923,842346907348595041,842346907669694246,152,33,34833203000000,2026-09-10T09:14:22.615054+00:00,interpolated,10.8500000461936,55.79000023752451,-112.56000047922134
68.365348111,842346907367483229,842346907669694246,152,34,34833203000000,2026-09-10T09:14:22.615054+00:00,interpolated,3.0100000128149986,79.52000033855438,-87.57000037282705
68.3842363,842346907386371418,842346907669694246,152,35,34833203000000,2026-09-10T09:14:22.615054+00:00,interpolated,-6.0900000259280205,101.2900004312396,-66.290000282228
68.403124488,842346907405259606,842346907669694246,152,36,34833203000000,2026-09-10T09:14:22.615054+00:00,interpolated,-10.920000046491623,118.65000050514936,-59.360000252723694
68.422012677,842346907424147795,842346907669694246,152,37,34833203000000,2026-09-10T09:14:22.615054+00:00,interpolated,-12.880000054836273,130.8300005570054,-61.39000026136637
68.440900865,842346907443035983,842346907669694246,152,38,34833203000000,2026-09-10T09:14:22.615054+00:00,interpolated,-17.640000075101852,136.08000057935715,-57.96000024676323
68.459789054,842346907461924172,842346907669694246,152,39,34833203000000,2026-09-10T09:14:22.615054+00:00,interpolated,-27.16000011563301,132.72000056505203,-48.02000020444393
68.478677243,842346907480812361,842346907669694246,152,40,34833203000000,2026-09-10T09:14:22.615054+00:00,interpolated,-35.910000152885914,126.42000053822994,-42.70000018179417
68.497565431,842346907499700549,842346907669694246,152,41,34833203000000,2026-09-10T09:14:22.615054+00:00,interpolated,-44.03000018745661,116.0600004941225,-46.20000019669533
68.51645362,842346907518588738,842346907669694246,152,42,34833203000000,2026-09-10T09:14:22.615054+00:00,interpolated,-49.98000021278858,95.48000040650368,-44.66000019013882
68.535341808,842346907537476926,842346907669694246,152,43,34833203000000,2026-09-10T09:14:22.615054+00:00,interpolated,-56.770000241696835,59.850000254809856,-29.400000125169754
68.554229997,842346907556365115,842346907669694246,152,44,34833203000000,2026-09-10T09:14:22.615054+00:00,interpolated,-74.1300003156066,2.450000010430813,-21.140000090003014
68.573118185,842346907575253303,842346907669694246,152,45,34833203000000,2026-09-10T09:14:22.615054+00:00,interpolated,-95.27000040560961,-77.49000032991171,-24.850000105798244
68.592006374,842346907594141492,842346907669694246,152,46,34833203000000,2026-09-10T09:14:22.615054+00:00,interpolated,-104.86000044643879,-164.0100006982684,-34.650000147521496
68.610894562,842346907613029680,842346907669694246,152,47,34833203000000,2026-09-10T09:14:22.615054+00:00,interpolated,-102.06000043451786,-222.95000094920397,-42.14000017940998
68.629782751,842346907631917869,842346907669694246,152,48,34833203000000,2026-09-10T09:14:22.615054+00:00,interpolated,-101.22000043094158,-246.47000104933977,-34.79000014811754
68.648670939,842346907650806057,842346907669694246,152,49,34833203000000,2026-09-10T09:14:22.615054+00:00,interpolated,-124.1800005286932,-234.85000099986792,-11.200000047683716
68.667559128,842346907669694246,842346907669694246,152,50,34833203000000,2026-09-10T09:14:22.615054+00:00,interpolated,-138.9500005915761,-219.80000093579292,4.480000019073486
68.686447892,842346907688583010,842346908651909974,155,0,34834343000000,2026-09-10T09:14:23.755567+00:00,interpolated,-92.61000039428473,-198.87000084668398,19.74000008404255
68.705336656,842346907707471774,842346908651909974,155,1,34834343000000,2026-09-10T09:14:23.755567+00:00,interpolated,-44.3100001886487,-139.16000059247017,38.36000016331673
68.72422542,842346907726360538,842346908651909974,155,2,34834343000000,2026-09-10T09:14:23.755567+00:00,interpolated,-14.000000059604645,-78.6800003349781,48.44000020623207
68.743114184,842346907745249302,842346908651909974,155,3,34834343000000,2026-09-10T09:14:23.755567+00:00,interpolated,5.670000024139881,-50.54000021517277,59.78000025451183
68.762002948,842346907764138066,842346908651909974,155,4,34834343000000,2026-09-10T09:14:23.755567+00:00,interpolated,17.850000075995922,-50.3300002142787,76.72000032663345
68.780891712,842346907783026830,842346908651909974,155,5,34834343000000,2026-09-10T09:14:23.755567+00:00,interpolated,16.380000069737434,-72.73000030964613,89.88000038266182
68.799780476,842346907801915594,842346908651909974,155,6,34834343000000,2026-09-10T09:14:23.755567+00:00,interpolated,7.070000030100346,-107.52000045776367,89.39000038057566
68.81866924,842346907820804358,842346908651909974,155,7,34834343000000,2026-09-10T09:14:23.755567+00:00,interpolated,7.840000033378601,-117.11000049859285,76.65000032633543
68.837558004,842346907839693122,842346908651909974,155,8,34834343000000,2026-09-10T09:14:23.755567+00:00,interpolated,12.460000053048134,-105.2100004479289,69.86000029742718
68.856446768,842346907858581886,842346908651909974,155,9,34834343000000,2026-09-10T09:14:23.755567+00:00,interpolated,20.720000088214874,-81.48000034689903,74.7600003182888
68.875335532,842346907877470650,842346908651909974,155,10,34834343000000,2026-09-10T09:14:23.755567+00:00,interpolated,26.180000111460686,-49.77000021189451,79.8700003400445
68.894224296,842346907896359414,842346908651909974,155,11,34834343000000,2026-09-10T09:14:23.755567+00:00,interpolated,23.66000010073185,-21.07000008970499,79.80000033974648
68.91311306,842346907915248178,842346908651909974,155,12,34834343000000,2026-09-10T09:14:23.755567+00:00,interpolated,22.050000093877316,0.07000000029802322,75.32000032067299
68.932001824,842346907934136942,842346908651909974,155,13,34834343000000,2026-09-10T09:14:23.755567+00:00,interpolated,16.03000006824732,14.140000060200691,62.93000026792288
68.950890588,842346907953025706,842346908651909974,155,14,34834343000000,2026-09-10T09:14:23.755567+00:00,interpolated,9.940000042319298,22.12000009417534,51.45000021904707
68.969779352,842346907971914470,842346908651909974,155,15,34834343000000,2026-09-10T09:14:23.755567+00:00,interpolated,2.5900000110268593,20.580000087618828,45.080000191926956
68.988668116,842346907990803234,842346908651909974,155,16,34834343000000,2026-09-10T09:14:23.755567+00:00,interpolated,-9.240000039339066,4.410000018775463,40.60000017285347
69.00755688,842346908009691998,842346908651909974,155,17,34834343000000,2026-09-10T09:14:23.755567+00:00,interpolated,-17.430000074207783,-15.050000064074993,36.89000015705824
69.026445644,842346908028580762,842346908651909974,155,18,34834343000000,2026-09-10T09:14:23.755567+00:00,interpolated,-19.11000008136034,-25.83000010997057,36.75000015646219
69.045334408,842346908047469526,842346908651909974,155,19,34834343000000,2026-09-10T09:14:23.755567+00:00,interpolated,-15.19000006467104,-31.92000013589859,41.86000017821789
69.064223172,842346908066358290,842346908651909974,155,20,34834343000000,2026-09-10T09:14:23.755567+00:00,interpolated,-9.100000038743019,-37.94000016152859,49.35000021010637
69.083111936,842346908085247054,842346908651909974,155,21,34834343000000,2026-09-10T09:14:23.755567+00:00,interpolated,-0.3500000014901161,-38.570000164210796,58.80000025033951
69.1020007,842346908104135818,842346908651909974,155,22,34834343000000,2026-09-10T09:14:23.755567+00:00,interpolated,10.570000045001507,-31.570000134408474,70.63000030070543
69.120889464,842346908123024582,842346908651909974,155,23,34834343000000,2026-09-10T09:14:23.755567+00:00,interpolated,18.410000078380108,-20.86000008881092,77.98000033199787
69.139778228,842346908141913346,842346908651909974,155,24,34834343000000,2026-09-10T09:14:23.755567+00:00,interpolated,20.510000087320805,-13.02000005543232,75.11000031977892
69.158666992,842346908160802110,842346908651909974,155,25,34834343000000,2026-09-10T09:14:23.755567+00:00,interpolated,14.350000061094761,-11.690000049769878,62.51000026613474
69.177555756,842346908179690874,842346908651909974,155,26,34834343000000,2026-09-10T09:14:23.755567+00:00,interpolated,5.880000025033951,-14.700000062584877,48.37000020593405
69.19644452,842346908198579638,842346908651909974,155,27,34834343000000,2026-09-10T09:14:23.755567+00:00,interpolated,4.13000001758337,-18.6900000795722,41.580000177025795
69.215333284,842346908217468402,842346908651909974,155,28,34834343000000,2026-09-10T09:14:23.755567+00:00,interpolated,7.420000031590462,-23.03000009804964,41.160000175237656
69.234222048,842346908236357166,842346908651909974,155,29,34834343000000,2026-09-10T09:14:23.755567+00:00,interpolated,10.710000045597553,-29.96000012755394,41.3000001758337
69.253110812,842346908255245930,842346908651909974,155,30,34834343000000,2026-09-10T09:14:23.755567+00:00,interpolated,8.960000038146973,-39.27000016719103,38.080000162124634
69.271999576,842346908274134694,842346908651909974,155,31,34834343000000,2026-09-10T09:14:23.755567+00:00,interpolated,4.690000019967556,-46.97000019997358,31.570000134408474
69.29088834,842346908293023458,842346908651909974,155,32,34834343000000,2026-09-10T09:14:23.755567+00:00,interpolated,2.800000011920929,-50.890000216662884,26.320000112056732
69.309777104,842346908311912222,842346908651909974,155,33,34834343000000,2026-09-10T09:14:23.755567+00:00,interpolated,5.390000022947788,-51.66000021994114,24.08000010251999
69.328665868,842346908330800986,842346908651909974,155,34,34834343000000,2026-09-10T09:14:23.755567+00:00,interpolated,9.380000039935112,-51.800000220537186,23.45000009983778
69.347554632,842346908349689750,842346908651909974,155,35,34834343000000,2026-09-10T09:14:23.755567+00:00,interpolated,10.64000004529953,-52.57000022381544,21.28000009059906
69.366443396,842346908368578514,842346908651909974,155,36,34834343000000,2026-09-10T09:14:23.755567+00:00,interpolated,10.360000044107437,-53.20000022649765,16.170000068843365
69.38533216,842346908387467278,842346908651909974,155,37,34834343000000,2026-09-10T09:14:23.755567+00:00,interpolated,12.180000051856041,-51.45000021904707,11.410000048577785
69.404220924,842346908406356042,842346908651909974,155,38,34834343000000,2026-09-10T09:14:23.755567+00:00,interpolated,16.31000006943941,-45.64000019431114,10.43000004440546
69.423109688,842346908425244806,842346908651909974,155,39,34834343000000,2026-09-10T09:14:23.755567+00:00,interpolated,17.920000076293945,-37.94000016152859,11.550000049173832
69.441998452,842346908444133570,842346908651909974,155,40,34834343000000,2026-09-10T09:14:23.755567+00:00,interpolated,15.680000066757202,-28.700000122189522,11.200000047683716
69.460887216,842346908463022334,842346908651909974,155,41,34834343000000,2026-09-10T09:14:23.755567+00:00,interpolated,13.090000055730343,-16.10000006854534,7.770000033080578
69.47977598,842346908481911098,842346908651909974,155,42,34834343000000,2026-09-10T09:14:23.755567+00:00,interpolated,14.280000060796738,-1.1900000050663948,3.710000015795231
69.498664744,842346908500799862,842346908651909974,155,43,34834343000000,2026-09-10T09:14:23.755567+00:00,interpolated,9.240000039339066,19.040000081062317,-0.630000002682209
69.517553508,842346908519688626,842346908651909974,155,44,34834343000000,2026-09-10T09:14:23.755567+00:00,interpolated,0.9800000041723251,47.11000020056963,-3.080000013113022
69.536442272,842346908538577390,842346908651909974,155,45,34834343000000,2026-09-10T09:14:23.755567+00:00,interpolated,9.520000040531158,74.1300003156066,-3.5700000151991844
69.555331036,842346908557466154,842346908651909974,155,46,34834343000000,2026-09-10T09:14:23.755567+00:00,interpolated,15.890000067651272,92.68000039458275,-6.580000028014183
69.5742198,842346908576354918,842346908651909974,155,47,34834343000000,2026-09-10T09:14:23.755567+00:00,interpolated,13.02000005543232,111.510000474751,-12.460000053048134
69.593108564,842346908595243682,842346908651909974,155,48,34834343000000,2026-09-10T09:14:23.755567+00:00,interpolated,5.950000025331974,125.86000053584576,-22.82000009715557
69.611997328,842346908614132446,842346908651909974,155,49,34834343000000,2026-09-10T09:14:23.755567+00:00,interpolated,-1.4700000062584877,119.56000050902367,-26.67000011354685
69.630886092,842346908633021210,842346908651909974,155,50,34834343000000,2026-09-10T09:14:23.755567+00:00,interpolated,-17.920000076293945,87.29000037163496,-18.970000080764294
69.649774856,842346908651909974,842346908651909974,155,51,34834343000000,2026-09-10T09:14:23.755567+00:00,interpolated,-32.97000014036894,54.11000023037195,-9.310000039637089
69.668663731,842346908670798849,842346909728575860,158,0,34835515000000,2026-09-10T09:14:24.925035+00:00,interpolated,-31.780000135302544,38.080000162124634,-5.390000022947788
69.687552606,842346908689687724,842346909728575860,158,1,34835515000000,2026-09-10T09:14:24.925035+00:00,interpolated,-18.06000007688999,34.16000014543533,-3.3600000143051147
69.706441482,842346908708576600,842346909728575860,158,2,34835515000000,2026-09-10T09:14:24.925035+00:00,interpolated,-3.6400000154972076,34.09000014513731,-2.800000011920929
69.725330357,842346908727465475,842346909728575860,158,3,34835515000000,2026-09-10T09:14:24.925035+00:00,interpolated,7.420000031590462,33.81000014394522,-3.780000016093254
69.744219232,842346908746354350,842346909728575860,158,4,34835515000000,2026-09-10T09:14:24.925035+00:00,interpolated,13.790000058710575,30.87000013142824,-5.040000021457672
69.763108107,842346908765243225,842346909728575860,158,5,34835515000000,2026-09-10T09:14:24.925035+00:00,interpolated,15.540000066161156,23.100000098347664,-4.8300000205636024
69.781996982,842346908784132100,842346909728575860,158,6,34835515000000,2026-09-10T09:14:24.925035+00:00,interpolated,12.880000054836273,7.700000032782555,-4.480000019073486
69.800885858,842346908803020976,842346909728575860,158,7,34835515000000,2026-09-10T09:14:24.925035+00:00,interpolated,6.580000028014183,-10.150000043213367,-4.060000017285347
69.819774733,842346908821909851,842346909728575860,158,8,34835515000000,2026-09-10T09:14:24.925035+00:00,interpolated,-4.200000017881393,-25.20000010728836,-4.410000018775463
69.838663608,842346908840798726,842346909728575860,158,9,34835515000000,2026-09-10T09:14:24.925035+00:00,interpolated,-14.420000061392784,-31.430000133812428,-5.880000025033951
69.857552483,842346908859687601,842346909728575860,158,10,34835515000000,2026-09-10T09:14:24.925035+00:00,interpolated,-19.460000082850456,-26.810000114142895,-6.160000026226044
69.876441358,842346908878576476,842346909728575860,158,11,34835515000000,2026-09-10T09:14:24.925035+00:00,interpolated,-21.000000089406967,-16.450000070035458,-4.5500000193715096
69.895330234,842346908897465352,842346909728575860,158,12,34835515000000,2026-09-10T09:14:24.925035+00:00,interpolated,-20.23000008612871,-4.5500000193715096,-1.4000000059604645
69.914219109,842346908916354227,842346909728575860,158,13,34835515000000,2026-09-10T09:14:24.925035+00:00,interpolated,-18.410000078380108,5.250000022351742,2.3800000101327896
69.933107984,842346908935243102,842346909728575860,158,14,34835515000000,2026-09-10T09:14:24.925035+00:00,interpolated,-17.7800000756979,8.540000036358833,4.690000019967556
69.951996859,842346908954131977,842346909728575860,158,15,34835515000000,2026-09-10T09:14:24.925035+00:00,interpolated,-19.11000008136034,2.3800000101327896,5.110000021755695
69.970885734,842346908973020852,842346909728575860,158,16,34835515000000,2026-09-10T09:14:24.925035+00:00,interpolated,-20.020000085234642,-8.400000035762787,4.620000019669533
69.989774609,842346908991909727,842346909728575860,158,17,34835515000000,2026-09-10T09:14:24.925035+00:00,interpolated,-19.460000082850456,-17.430000074207783,4.690000019967556
70.008663485,842346909010798603,842346909728575860,158,18,34835515000000,2026-09-10T09:14:24.925035+00:00,interpolated,-17.500000074505806,-21.07000008970499,6.0900000259280205
70.02755236,842346909029687478,842346909728575860,158,19,34835515000000,2026-09-10T09:14:24.925035+00:00,interpolated,-15.820000067353249,-20.23000008612871,7.700000032782555
70.046441235,842346909048576353,842346909728575860,158,20,34835515000000,2026-09-10T09:14:24.925035+00:00,interpolated,-15.050000064074993,-17.36000007390976,8.820000037550926
70.06533011,842346909067465228,842346909728575860,158,21,34835515000000,2026-09-10T09:14:24.925035+00:00,interpolated,-16.170000068843365,-16.94000007212162,9.170000039041042
70.084218985,842346909086354103,842346909728575860,158,22,34835515000000,2026-09-10T09:14:24.925035+00:00,interpolated,-20.370000086724758,-23.03000009804964,10.64000004529953
70.103107861,842346909105242979,842346909728575860,158,23,34835515000000,2026-09-10T09:14:24.925035+00:00,interpolated,-24.640000104904175,-32.13000013679266,14.700000062584877
70.121996736,842346909124131854,842346909728575860,158,24,34835515000000,2026-09-10T09:14:24.925035+00:00,interpolated,-27.79000011831522,-40.88000017404556,19.600000083446503
70.140885611,842346909143020729,842346909728575860,158,25,34835515000000,2026-09-10T09:14:24.925035+00:00,interpolated,-31.990000136196613,-50.19000021368265,24.150000102818012
70.159774486,842346909161909604,842346909728575860,158,26,34835515000000,2026-09-10T09:14:24.925035+00:00,interpolated,-34.650000147521496,-59.29000025242567,28.91000012308359
70.178663361,842346909180798479,842346909728575860,158,27,34835515000000,2026-09-10T09:14:24.925035+00:00,interpolated,-34.860000148415565,-66.15000028163195,33.39000014215708
70.197552237,842346909199687355,842346909728575860,158,28,34835515000000,2026-09-10T09:14:24.925035+00:00,interpolated,-38.92000016570091,-73.57000031322241,39.97000017017126
70.216441112,842346909218576230,842346909728575860,158,29,34835515000000,2026-09-10T09:14:24.925035+00:00,interpolated,-47.60000020265579,-88.6200003772974,48.93000020831823
70.235329987,842346909237465105,842346909728575860,158,30,34835515000000,2026-09-10T09:14:24.925035+00:00,interpolated,-53.83000022917986,-105.98000045120716,52.1500002220273
70.254218862,842346909256353980,842346909728575860,158,31,34835515000000,2026-09-10T09:14:24.925035+00:00,interpolated,-54.67000023275614,-117.46000050008297,53.970000229775906
70.273107737,842346909275242855,842346909728575860,158,32,34835515000000,2026-09-10T09:14:24.925035+00:00,interpolated,-52.08000022172928,-119.56000050902367,56.84000024199486
70.291996613,842346909294131731,842346909728575860,158,33,34835515000000,2026-09-10T09:14:24.925035+00:00,interpolated,-40.67000017315149,-116.90000049769878,60.55000025779009
70.310885488,842346909313020606,842346909728575860,158,34,34835515000000,2026-09-10T09:14:24.925035+00:00,interpolated,-20.720000088214874,-104.65000044554472,62.72000026702881
70.329774363,842346909331909481,842346909728575860,158,35,34835515000000,2026-09-10T09:14:24.925035+00:00,interpolated,-2.6600000113248825,-80.22000034153461,62.020000264048576
70.348663238,842346909350798356,842346909728575860,158,36,34835515000000,2026-09-10T09:14:24.925035+00:00,interpolated,7.490000031888485,-52.71000022441149,58.1700002476573
70.367552113,842346909369687231,842346909728575860,158,37,34835515000000,2026-09-10T09:14:24.925035+00:00,interpolated,8.89000003784895,-31.08000013232231,51.380000218749046
70.386440989,842346909388576107,842346909728575860,158,38,34835515000000,2026-09-10T09:14:24.925035+00:00,interpolated,3.2200000137090683,-20.300000086426735,44.52000018954277
70.405329864,842346909407464982,842346909728575860,158,39,34835515000000,2026-09-10T09:14:24.925035+00:00,interpolated,-2.0300000086426735,-18.760000079870224,37.450000159442425
70.424218739,842346909426353857,842346909728575860,158,40,34835515000000,2026-09-10T09:14:24.925035+00:00,interpolated,2.7300000116229057,-22.680000096559525,31.850000135600567
70.443107614,842346909445242732,842346909728575860,158,41,34835515000000,2026-09-10T09:14:24.925035+00:00,interpolated,12.320000052452087,-28.350000120699406,29.190000124275684
70.461996489,842346909464131607,842346909728575860,158,42,34835515000000,2026-09-10T09:14:24.925035+00:00,interpolated,18.830000080168247,-32.900000140070915,26.530000112950802
70.480885364,842346909483020482,842346909728575860,158,43,34835515000000,2026-09-10T09:14:24.925035+00:00,interpolated,22.33000009506941,-35.77000015228987,21.28000009059906
70.49977424,842346909501909358,842346909728575860,158,44,34835515000000,2026-09-10T09:14:24.925035+00:00,interpolated,23.940000101923943,-36.75000015646219,14.350000061094761
70.518663115,842346909520798233,842346909728575860,158,45,34835515000000,2026-09-10T09:14:24.925035+00:00,interpolated,25.480000108480453,-35.35000015050173,7.910000033676624
70.53755199,842346909539687108,842346909728575860,158,46,34835515000000,2026-09-10T09:14:24.925035+00:00,interpolated,27.230000115931034,-33.18000014126301,3.080000013113022
70.556440865,842346909558575983,842346909728575860,158,47,34835515000000,2026-09-10T09:14:24.925035+00:00,interpolated,28.560000121593475,-32.20000013709068,-0.21000000089406967
70.57532974,842346909577464858,842346909728575860,158,48,34835515000000,2026-09-10T09:14:24.925035+00:00,interpolated,29.96000012755394,-31.780000135302544,-2.5900000110268593
70.594218616,842346909596353734,842346909728575860,158,49,34835515000000,2026-09-10T09:14:24.925035+00:00,interpolated,31.570000134408474,-29.260000124573708,-4.5500000193715096
70.613107491,842346909615242609,842346909728575860,158,50,34835515000000,2026-09-10T09:14:24.925035+00:00,interpolated,34.16000014543533,-25.130000106990337,-6.0900000259280205
70.631996366,842346909634131484,842346909728575860,158,51,34835515000000,2026-09-10T09:14:24.925035+00:00,interpolated,35.77000015228987,-21.350000090897083,-7.000000029802322
70.650885241,842346909653020359,842346909728575860,158,52,34835515000000,2026-09-10T09:14:24.925035+00:00,interpolated,37.52000015974045,-17.290000073611736,-7.560000032186508
70.669774116,842346909671909234,842346909728575860,158,53,34835515000000,2026-09-10T09:14:24.925035+00:00,interpolated,39.06000016629696,-9.310000039637089,-8.330000035464764
70.688662992,842346909690798110,842346909728575860,158,54,34835515000000,2026-09-10T09:14:24.925035+00:00,interpolated,38.64000016450882,2.17000000923872,-8.960000038146973
70.707551867,842346909709686985,842346909728575860,158,55,34835515000000,2026-09-10T09:14:24.925035+00:00,interpolated,34.79000014811754,11.480000048875809,-6.7200000286102295
70.726440742,842346909728575860,842346909728575860,158,56,34835515000000,2026-09-10T09:14:24.925035+00:00,interpolated,23.87000010162592,15.680000066757202,-8.400000035762787
70.745329271,842346909747464389,842346910710779380,161,0,34836703000000,2026-09-10T09:14:26.123136+00:00,interpolated,5.950000025331974,14.070000059902668,-16.870000071823597
70.7642178,842346909766352918,842346910710779380,161,1,34836703000000,2026-09-10T09:14:26.123136+00:00,interpolated,-15.820000067353249,-0.07000000029802322,-18.130000077188015
70.78310633,842346909785241448,842346910710779380,161,2,34836703000000,2026-09-10T09:14:26.123136+00:00,interpolated,-22.890000097453594,-29.470000125467777,-14.630000062286854
70.801994859,842346909804129977,842346910710779380,161,3,34836703000000,2026-09-10T09:14:26.123136+00:00,interpolated,-2.1000000089406967,-56.560000240802765,-9.800000041723251
70.820883388,842346909823018506,842346910710779380,161,4,34836703000000,2026-09-10T09:14:26.123136+00:00,interpolated,25.900000110268593,-63.42000027000904,-0.8400000035762787
70.839771917,842346909841907035,842346910710779380,161,5,34836703000000,2026-09-10T09:14:26.123136+00:00,interpolated,47.53000020235777,-44.170000188052654,7.000000029802322
70.858660447,842346909860795565,842346910710779380,161,6,34836703000000,2026-09-10T09:14:26.123136+00:00,interpolated,53.48000022768974,-14.350000061094761,7.070000030100346
70.877548976,842346909879684094,842346910710779380,161,7,34836703000000,2026-09-10T09:14:26.123136+00:00,interpolated,40.32000017166138,6.30000002682209,0.9800000041723251
70.896437505,842346909898572623,842346910710779380,161,8,34836703000000,2026-09-10T09:14:26.123136+00:00,interpolated,22.890000097453594,7.700000032782555,-0.2800000011920929
70.915326034,842346909917461152,842346910710779380,161,9,34836703000000,2026-09-10T09:14:26.123136+00:00,interpolated,12.040000051259995,-6.930000029504299,3.2200000137090683
70.934214564,842346909936349682,842346910710779380,161,10,34836703000000,2026-09-10T09:14:26.123136+00:00,interpolated,8.120000034570694,-22.680000096559525,7.210000030696392
70.953103093,842346909955238211,842346910710779380,161,11,34836703000000,2026-09-10T09:14:26.123136+00:00,interpolated,8.540000036358833,-32.34000013768673,10.64000004529953
70.971991622,842346909974126740,842346910710779380,161,12,34836703000000,2026-09-10T09:14:26.123136+00:00,interpolated,11.200000047683716,-37.59000016003847,12.670000053942204
70.990880151,842346909993015269,842346910710779380,161,13,34836703000000,2026-09-10T09:14:26.123136+00:00,interpolated,13.510000057518482,-42.56000018119812,13.930000059306622
71.00976868,842346910011903798,842346910710779380,161,14,34836703000000,2026-09-10T09:14:26.123136+00:00,interpolated,14.350000061094761,-50.61000021547079,14.7700000628829
71.02865721,842346910030792328,842346910710779380,161,15,34836703000000,2026-09-10T09:14:26.123136+00:00,interpolated,12.81000005453825,-61.81000026315451,15.330000065267086
71.047545739,842346910049680857,842346910710779380,161,16,34836703000000,2026-09-10T09:14:26.123136+00:00,interpolated,9.940000042319298,-73.22000031173229,16.870000071823597
71.066434268,842346910068569386,842346910710779380,161,17,34836703000000,2026-09-10T09:14:26.123136+00:00,interpolated,7.280000030994415,-83.72000035643578,20.300000086426735
71.085322797,842346910087457915,842346910710779380,161,18,34836703000000,2026-09-10T09:14:26.123136+00:00,interpolated,4.900000020861626,-92.47000039368868,22.680000096559525
71.104211327,842346910106346445,842346910710779380,161,19,34836703000000,2026-09-10T09:14:26.123136+00:00,interpolated,4.410000018775463,-97.09000041335821,22.470000095665455
71.123099856,842346910125234974,842346910710779380,161,20,34836703000000,2026-09-10T09:14:26.123136+00:00,interpolated,7.490000031888485,-99.68000042438507,22.470000095665455
71.141988385,842346910144123503,842346910710779380,161,21,34836703000000,2026-09-10T09:14:26.123136+00:00,interpolated,11.830000050365925,-102.76000043749809,23.66000010073185
71.160876914,842346910163012032,842346910710779380,161,22,34836703000000,2026-09-10T09:14:26.123136+00:00,interpolated,14.000000059604645,-106.61000045388937,25.130000106990337
71.179765444,842346910181900562,842346910710779380,161,23,34836703000000,2026-09-10T09:14:26.123136+00:00,interpolated,14.210000060498714,-105.70000045001507,24.29000010341406
71.198653973,842346910200789091,842346910710779380,161,24,34836703000000,2026-09-10T09:14:26.123136+00:00,interpolated,14.210000060498714,-98.07000041753054,21.91000009328127
71.217542502,842346910219677620,842346910710779380,161,25,34836703000000,2026-09-10T09:14:26.123136+00:00,interpolated,13.300000056624413,-88.06000037491322,18.130000077188015
71.236431031,842346910238566149,842346910710779380,161,26,34836703000000,2026-09-10T09:14:26.123136+00:00,interpolated,9.380000039935112,-81.55000034719706,12.39000005275011
71.25531956,842346910257454678,842346910710779380,161,27,34836703000000,2026-09-10T09:14:26.123136+00:00,interpolated,3.080000013113022,-82.39000035077333,6.230000026524067
71.27420809,842346910276343208,842346910710779380,161,28,34836703000000,2026-09-10T09:14:26.123136+00:00,interpolated,-2.870000012218952,-92.89000039547682,-0.49000000208616257
71.293096619,842346910295231737,842346910710779380,161,29,34836703000000,2026-09-10T09:14:26.123136+00:00,interpolated,-7.140000030398369,-109.97000046819448,-9.170000039041042
71.311985148,842346910314120266,842346910710779380,161,30,34836703000000,2026-09-10T09:14:26.123136+00:00,interpolated,-5.250000022351742,-124.11000052839518,-16.03000006824732
71.330873677,842346910333008795,842346910710779380,161,31,34836703000000,2026-09-10T09:14:26.123136+00:00,interpolated,4.200000017881393,-134.68000057339668,-21.7000000923872
71.349762207,842346910351897325,842346910710779380,161,32,34836703000000,2026-09-10T09:14:26.123136+00:00,interpolated,15.750000067055225,-139.37000059336424,-26.67000011354685
71.368650736,842346910370785854,842346910710779380,161,33,34836703000000,2026-09-10T09:14:26.123136+00:00,interpolated,20.930000089108944,-129.50000055134296,-32.5500001385808
71.387539265,842346910389674383,842346910710779380,161,34,34836703000000,2026-09-10T09:14:26.123136+00:00,interpolated,12.81000005453825,-97.30000041425228,-39.27000016719103
71.406427794,842346910408562912,842346910710779380,161,35,34836703000000,2026-09-10T09:14:26.123136+00:00,interpolated,38.71000016480684,-52.08000022172928,-37.030000157654285
71.425316324,842346910427451442,842346910710779380,161,36,34836703000000,2026-09-10T09:14:26.123136+00:00,interpolated,63.14000026881695,-16.10000006854534,-31.71000013500452
71.444204853,842346910446339971,842346910710779380,161,37,34836703000000,2026-09-10T09:14:26.123136+00:00,interpolated,53.41000022739172,16.450000070035458,-32.270000137388706
71.463093382,842346910465228500,842346910710779380,161,38,34836703000000,2026-09-10T09:14:26.123136+00:00,interpolated,43.960000187158585,40.250000171363354,-36.68000015616417
71.481981911,842346910484117029,842346910710779380,161,39,34836703000000,2026-09-10T09:14:26.123136+00:00,interpolated,44.170000188052654,53.48000022768974,-41.93000017851591
71.50087044,842346910503005558,842346910710779380,161,40,34836703000000,2026-09-10T09:14:26.123136+00:00,interpolated,43.540000185370445,51.94000022113323,-45.01000019162893
71.51975897,842346910521894088,842346910710779380,161,41,34836703000000,2026-09-10T09:14:26.123136+00:00,interpolated,38.01000016182661,39.27000016719103,-48.16000020503998
71.538647499,842346910540782617,842346910710779380,161,42,34836703000000,2026-09-10T09:14:26.123136+00:00,interpolated,32.480000138282776,25.550000108778477,-53.20000022649765
71.557536028,842346910559671146,842346910710779380,161,43,34836703000000,2026-09-10T09:14:26.123136+00:00,interpolated,30.450000129640102,17.15000007301569,-56.0700002387166
71.576424557,842346910578559675,842346910710779380,161,44,34836703000000,2026-09-10T09:14:26.123136+00:00,interpolated,31.780000135302544,14.7700000628829,-55.51000023633242
71.595313087,842346910597448205,842346910710779380,161,45,34836703000000,2026-09-10T09:14:26.123136+00:00,interpolated,34.30000014603138,15.610000066459179,-52.1500002220273
71.614201616,842346910616336734,842346910710779380,161,46,34836703000000,2026-09-10T09:14:26.123136+00:00,interpolated,38.71000016480684,21.630000092089176,-44.66000019013882
71.633090145,842346910635225263,842346910710779380,161,47,34836703000000,2026-09-10T09:14:26.123136+00:00,interpolated,42.98000018298626,32.97000014036894,-36.4700001552701
71.651978674,842346910654113792,842346910710779380,161,48,34836703000000,2026-09-10T09:14:26.123136+00:00,interpolated,44.87000019103289,42.77000018209219,-29.33000012487173
71.670867204,842346910673002322,842346910710779380,161,49,34836703000000,2026-09-10T09:14:26.123136+00:00,interpolated,43.68000018596649,46.83000019937754,-22.260000094771385
71.689755733,842346910691890851,842346910710779380,161,50,34836703000000,2026-09-10T09:14:26.123136+00:00,interpolated,37.52000015974045,46.4100001975894,-15.19000006467104
71.708644262,842346910710779380,842346910710779380,161,51,34836703000000,2026-09-10T09:14:26.123136+00:00,interpolated,31.92000013589859,51.800000220537186,-7.490000031888485
71.727532869,842346910729667987,842346911844095828,164,0,34837796000000,2026-09-10T09:14:27.203489+00:00,interpolated,29.050000123679638,64.05000027269125,-0.9100000038743019
71.746421477,842346910748556595,842346911844095828,164,1,34837796000000,2026-09-10T09:14:27.203489+00:00,interpolated,25.550000108778477,74.83000031858683,3.2900000140070915
71.765310084,842346910767445202,842346911844095828,164,2,34837796000000,2026-09-10T09:14:27.203489+00:00,interpolated,17.57000007480383,82.04000034928322,6.370000027120113
71.784198692,842346910786333810,842346911844095828,164,3,34837796000000,2026-09-10T09:14:27.203489+00:00,interpolated,8.120000034570694,84.49000035971403,9.450000040233135
71.803087299,842346910805222417,842346911844095828,164,4,34837796000000,2026-09-10T09:14:27.203489+00:00,interpolated,2.5900000110268593,84.28000035881996,12.670000053942204
71.821975907,842346910824111025,842346911844095828,164,5,34837796000000,2026-09-10T09:14:27.203489+00:00,interpolated,-0.9100000038743019,84.77000036090612,16.450000070035458
71.840864514,842346910842999632,842346911844095828,164,6,34837796000000,2026-09-10T09:14:27.203489+00:00,interpolated,-3.9900000169873238,87.64000037312508,19.53000008314848
71.859753122,842346910861888240,842346911844095828,164,7,34837796000000,2026-09-10T09:14:27.203489+00:00,interpolated,-5.250000022351742,94.08000040054321,22.680000096559525
71.878641729,842346910880776847,842346911844095828,164,8,34837796000000,2026-09-10T09:14:27.203489+00:00,interpolated,-5.670000024139881,102.97000043839216,25.970000110566616
71.897530337,842346910899665455,842346911844095828,164,9,34837796000000,2026-09-10T09:14:27.203489+00:00,interpolated,-5.740000024437904,109.62000046670437,28.6300001218915
71.916418944,842346910918554062,842346911844095828,164,10,34837796000000,2026-09-10T09:14:27.203489+00:00,interpolated,-4.690000019967556,111.44000047445297,32.06000013649464
71.935307552,842346910937442670,842346911844095828,164,11,34837796000000,2026-09-10T09:14:27.203489+00:00,interpolated,-4.620000019669533,110.6000004708767,38.22000016272068
71.954196159,842346910956331277,842346911844095828,164,12,34837796000000,2026-09-10T09:14:27.203489+00:00,interpolated,-7.420000031590462,113.19000048190355,46.20000019669533
71.973084767,842346910975219885,842346911844095828,164,13,34837796000000,2026-09-10T09:14:27.203489+00:00,interpolated,-8.960000038146973,119.9800005108118,54.46000023186207
71.991973374,842346910994108492,842346911844095828,164,14,34837796000000,2026-09-10T09:14:27.203489+00:00,interpolated,-10.080000042915344,118.09000050276518,61.67000026255846
72.010861981,842346911012997099,842346911844095828,164,15,34837796000000,2026-09-10T09:14:27.203489+00:00,interpolated,-28.700000122189522,101.50000043213367,65.94000028073788
72.029750589,842346911031885707,842346911844095828,164,16,34837796000000,2026-09-10T09:14:27.203489+00:00,interpolated,-61.25000026077032,77.98000033199787,66.85000028461218
72.048639196,842346911050774314,842346911844095828,164,17,34837796000000,2026-09-10T09:14:27.203489+00:00,interpolated,-64.47000027447939,61.25000026077032,71.26000030338764
72.067527804,842346911069662922,842346911844095828,164,18,34837796000000,2026-09-10T09:14:27.203489+00:00,interpolated,-59.50000025331974,48.300000205636024,78.0500003322959
72.086416411,842346911088551529,842346911844095828,164,19,34837796000000,2026-09-10T09:14:27.203489+00:00,interpolated,-70.14000029861927,38.570000164210796,82.53000035136938
72.105305019,842346911107440137,842346911844095828,164,20,34837796000000,2026-09-10T09:14:27.203489+00:00,interpolated,-73.36000031232834,33.530000142753124,85.75000036507845
72.124193626,842346911126328744,842346911844095828,164,21,34837796000000,2026-09-10T09:14:27.203489+00:00,interpolated,-64.40000027418137,32.20000013709068,85.8900003656745
72.143082234,842346911145217352,842346911844095828,164,22,34837796000000,2026-09-10T09:14:27.203489+00:00,interpolated,-52.92000022530556,30.240000128746033,77.70000033080578
72.161970841,842346911164105959,842346911844095828,164,23,34837796000000,2026-09-10T09:14:27.203489+00:00,interpolated,-41.790000177919865,24.78000010550022,61.60000026226044
72.180859449,842346911182994567,842346911844095828,164,24,34837796000000,2026-09-10T09:14:27.203489+00:00,interpolated,-27.37000011652708,20.23000008612871,48.37000020593405
72.199748056,842346911201883174,842346911844095828,164,25,34837796000000,2026-09-10T09:14:27.203489+00:00,interpolated,-15.40000006556511,17.920000076293945,41.23000017553568
72.218636664,842346911220771782,842346911844095828,164,26,34837796000000,2026-09-10T09:14:27.203489+00:00,interpolated,-9.730000041425228,13.860000059008598,36.610000155866146
72.237525271,842346911239660389,842346911844095828,164,27,34837796000000,2026-09-10T09:14:27.203489+00:00,interpolated,-11.760000050067902,7.210000030696392,34.51000014692545
72.256413879,842346911258548997,842346911844095828,164,28,34837796000000,2026-09-10T09:14:27.203489+00:00,interpolated,-18.6900000795722,-4.480000019073486,31.780000135302544
72.275302486,842346911277437604,842346911844095828,164,29,34837796000000,2026-09-10T09:14:27.203489+00:00,interpolated,-26.25000011175871,-19.390000082552433,28.00000011920929
72.294191093,842346911296326211,842346911844095828,164,30,34837796000000,2026-09-10T09:14:27.203489+00:00,interpolated,-28.21000012010336,-29.190000124275684,26.390000112354755
72.313079701,842346911315214819,842346911844095828,164,31,34837796000000,2026-09-10T09:14:27.203489+00:00,interpolated,-25.20000010728836,-29.610000126063824,27.79000011831522
72.331968308,842346911334103426,842346911844095828,164,32,34837796000000,2026-09-10T09:14:27.203489+00:00,interpolated,-23.66000010073185,-24.640000104904175,28.140000119805336
72.350856916,842346911352992034,842346911844095828,164,33,34837796000000,2026-09-10T09:14:27.203489+00:00,interpolated,-22.890000097453594,-19.74000008404255,26.320000112056732
72.369745523,842346911371880641,842346911844095828,164,34,34837796000000,2026-09-10T09:14:27.203489+00:00,interpolated,-21.980000093579292,-18.410000078380108,22.40000009536743
72.388634131,842346911390769249,842346911844095828,164,35,34837796000000,2026-09-10T09:14:27.203489+00:00,interpolated,-21.350000090897083,-20.020000085234642,16.73000007122755
72.407522738,842346911409657856,842346911844095828,164,36,34837796000000,2026-09-10T09:14:27.203489+00:00,interpolated,-18.27000007778406,-20.930000089108944,10.64000004529953
72.426411346,842346911428546464,842346911844095828,164,37,34837796000000,2026-09-10T09:14:27.203489+00:00,interpolated,-15.260000064969063,-21.28000009059906,5.250000022351742
72.445299953,842346911447435071,842346911844095828,164,38,34837796000000,2026-09-10T09:14:27.203489+00:00,interpolated,-14.7700000628829,-22.960000097751617,1.4700000062584877
72.464188561,842346911466323679,842346911844095828,164,39,34837796000000,2026-09-10T09:14:27.203489+00:00,interpolated,-15.750000067055225,-25.41000010818243,-0.2800000011920929
72.483077168,842346911485212286,842346911844095828,164,40,34837796000000,2026-09-10T09:14:27.203489+00:00,interpolated,-15.610000066459179,-26.880000114440918,-1.260000005364418
72.501965776,842346911504100894,842346911844095828,164,41,34837796000000,2026-09-10T09:14:27.203489+00:00,interpolated,-14.630000062286854,-25.6200001090765,-2.9400000125169754
72.520854383,842346911522989501,842346911844095828,164,42,34837796000000,2026-09-10T09:14:27.203489+00:00,interpolated,-13.160000056028366,-22.890000097453594,-5.320000022649765
72.539742991,842346911541878109,842346911844095828,164,43,34837796000000,2026-09-10T09:14:27.203489+00:00,interpolated,-10.710000045597553,-19.460000082850456,-8.47000003606081
72.558631598,842346911560766716,842346911844095828,164,44,34837796000000,2026-09-10T09:14:27.203489+00:00,interpolated,-8.820000037550926,-17.920000076293945,-13.23000005632639
72.577520205,842346911579655323,842346911844095828,164,45,34837796000000,2026-09-10T09:14:27.203489+00:00,interpolated,-8.750000037252903,-19.95000008493662,-17.7800000756979
72.596408813,842346911598543931,842346911844095828,164,46,34837796000000,2026-09-10T09:14:27.203489+00:00,interpolated,-7.9800000339746475,-22.260000094771385,-20.86000008881092
72.61529742,842346911617432538,842346911844095828,164,47,34837796000000,2026-09-10T09:14:27.203489+00:00,interpolated,-6.230000026524067,-23.45000009983778,-22.40000009536743
72.634186028,842346911636321146,842346911844095828,164,48,34837796000000,2026-09-10T09:14:27.203489+00:00,interpolated,-6.020000025629997,-24.640000104904175,-23.170000098645687
72.653074635,842346911655209753,842346911844095828,164,49,34837796000000,2026-09-10T09:14:27.203489+00:00,interpolated,-6.230000026524067,-24.360000103712082,-23.800000101327896
72.671963243,842346911674098361,842346911844095828,164,50,34837796000000,2026-09-10T09:14:27.203489+00:00,interpolated,-4.690000019967556,-23.100000098347664,-24.150000102818012
72.69085185,842346911692986968,842346911844095828,164,51,34837796000000,2026-09-10T09:14:27.203489+00:00,interpolated,-2.0300000086426735,-21.630000092089176,-23.800000101327896
72.709740458,842346911711875576,842346911844095828,164,52,34837796000000,2026-09-10T09:14:27.203489+00:00,interpolated,-0.3500000014901161,-19.460000082850456,-23.520000100135803
72.728629065,842346911730764183,842346911844095828,164,53,34837796000000,2026-09-10T09:14:27.203489+00:00,interpolated,0.9100000038743019,-17.220000073313713,-23.310000099241734
72.747517673,842346911749652791,842346911844095828,164,54,34837796000000,2026-09-10T09:14:27.203489+00:00,interpolated,1.8200000077486038,-16.170000068843365,-24.78000010550022
72.76640628,842346911768541398,842346911844095828,164,55,34837796000000,2026-09-10T09:14:27.203489+00:00,interpolated,1.7500000074505806,-17.080000072717667,-26.95000011473894
72.785294888,842346911787430006,842346911844095828,164,56,34837796000000,2026-09-10T09:14:27.203489+00:00,interpolated,1.540000006556511,-17.15000007301569,-28.490000121295452
72.804183495,842346911806318613,842346911844095828,164,57,34837796000000,2026-09-10T09:14:27.203489+00:00,interpolated,2.870000012218952,-15.120000064373016,-28.700000122189522
72.823072103,842346911825207221,842346911844095828,164,58,34837796000000,2026-09-10T09:14:27.203489+00:00,interpolated,3.710000015795231,-12.60000005364418,-29.050000123679638
72.84196071,842346911844095828,842346911844095828,164,59,34837796000000,2026-09-10T09:14:27.203489+00:00,interpolated,3.9200000166893005,-11.200000047683716,-30.240000128746033
72.860849377,842346911862984495,842346913128525204,167,0,34838843000000,2026-09-10T09:14:28.255580+00:00,interpolated,3.6400000154972076,-11.130000047385693,-31.71000013500452
72.879738045,842346911881873163,842346913128525204,167,1,34838843000000,2026-09-10T09:14:28.255580+00:00,interpolated,2.17000000923872,-11.480000048875809,-33.04000014066696
72.898626712,842346911900761830,842346913128525204,167,2,34838843000000,2026-09-10T09:14:28.255580+00:00,interpolated,0.42000000178813934,-11.620000049471855,-33.39000014215708
72.917515379,842346911919650497,842346913128525204,167,3,34838843000000,2026-09-10T09:14:28.255580+00:00,interpolated,-0.2800000011920929,-11.200000047683716,-32.97000014036894
72.936404046,842346911938539164,842346913128525204,167,4,34838843000000,2026-09-10T09:14:28.255580+00:00,interpolated,0.8400000035762787,-11.340000048279762,-32.83000013977289
72.955292714,842346911957427832,842346913128525204,167,5,34838843000000,2026-09-10T09:14:28.255580+00:00,interpolated,1.8200000077486038,-12.950000055134296,-33.39000014215708
72.974181381,842346911976316499,842346913128525204,167,6,34838843000000,2026-09-10T09:14:28.255580+00:00,interpolated,1.4000000059604645,-13.860000059008598,-33.530000142753124
72.993070048,842346911995205166,842346913128525204,167,7,34838843000000,2026-09-10T09:14:28.255580+00:00,interpolated,0.5600000023841858,-13.860000059008598,-33.320000141859055
73.011958716,842346912014093834,842346913128525204,167,8,34838843000000,2026-09-10T09:14:28.255580+00:00,interpolated,1.9600000083446503,-11.410000048577785,-31.780000135302544
73.030847383,842346912032982501,842346913128525204,167,9,34838843000000,2026-09-10T09:14:28.255580+00:00,interpolated,3.080000013113022,-8.89000003784895,-30.59000013023615
73.04973605,842346912051871168,842346913128525204,167,10,34838843000000,2026-09-10T09:14:28.255580+00:00,interpolated,3.430000014603138,-6.7200000286102295,-29.610000126063824
73.068624718,842346912070759836,842346913128525204,167,11,34838843000000,2026-09-10T09:14:28.255580+00:00,interpolated,5.040000021457672,-4.13000001758337,-28.140000119805336
73.087513385,842346912089648503,842346913128525204,167,12,34838843000000,2026-09-10T09:14:28.255580+00:00,interpolated,5.530000023543835,-3.3600000143051147,-26.810000114142895
73.106402052,842346912108537170,842346913128525204,167,13,34838843000000,2026-09-10T09:14:28.255580+00:00,interpolated,4.620000019669533,-2.9400000125169754,-25.690000109374523
73.125290719,842346912127425837,842346913128525204,167,14,34838843000000,2026-09-10T09:14:28.255580+00:00,interpolated,2.17000000923872,-1.1900000050663948,-25.060000106692314
73.144179387,842346912146314505,842346913128525204,167,15,34838843000000,2026-09-10T09:14:28.255580+00:00,interpolated,3.9900000169873238,2.17000000923872,-25.270000107586384
73.163068054,842346912165203172,842346913128525204,167,16,34838843000000,2026-09-10T09:14:28.255580+00:00,interpolated,2.17000000923872,4.13000001758337,-27.37000011652708
73.181956721,842346912184091839,842346913128525204,167,17,34838843000000,2026-09-10T09:14:28.255580+00:00,interpolated,4.200000017881393,4.270000018179417,-28.560000121593475
73.200845389,842346912202980507,842346913128525204,167,18,34838843000000,2026-09-10T09:14:28.255580+00:00,interpolated,9.380000039935112,6.0900000259280205,-25.970000110566616
73.219734056,842346912221869174,842346913128525204,167,19,34838843000000,2026-09-10T09:14:28.255580+00:00,interpolated,10.710000045597553,9.870000042021275,-25.060000106692314
73.238622723,842346912240757841,842346913128525204,167,20,34838843000000,2026-09-10T09:14:28.255580+00:00,interpolated,13.02000005543232,9.310000039637089,-24.850000105798244
73.25751139,842346912259646508,842346913128525204,167,21,34838843000000,2026-09-10T09:14:28.255580+00:00,interpolated,10.780000045895576,4.200000017881393,-24.150000102818012
73.276400058,842346912278535176,842346913128525204,167,22,34838843000000,2026-09-10T09:14:28.255580+00:00,interpolated,7.420000031590462,-0.07000000029802322,-22.750000096857548
73.295288725,842346912297423843,842346913128525204,167,23,34838843000000,2026-09-10T09:14:28.255580+00:00,interpolated,1.6800000071525574,1.260000005364418,-21.630000092089176
73.314177392,842346912316312510,842346913128525204,167,24,34838843000000,2026-09-10T09:14:28.255580+00:00,interpolated,-4.900000020861626,3.9900000169873238,-21.140000090003014
73.33306606,842346912335201178,842346913128525204,167,25,34838843000000,2026-09-10T09:14:28.255580+00:00,interpolated,-7.000000029802322,5.390000022947788,-20.300000086426735
73.351954727,842346912354089845,842346913128525204,167,26,34838843000000,2026-09-10T09:14:28.255580+00:00,interpolated,-4.34000001847744,13.510000057518482,-17.850000075995922
73.370843394,842346912372978512,842346913128525204,167,27,34838843000000,2026-09-10T09:14:28.255580+00:00,interpolated,-4.760000020265579,21.49000009149313,-14.910000063478947
73.389732062,842346912391867180,842346913128525204,167,28,34838843000000,2026-09-10T09:14:28.255580+00:00,interpolated,-6.580000028014183,23.87000010162592,-12.040000051259995
73.408620729,842346912410755847,842346913128525204,167,29,34838843000000,2026-09-10T09:14:28.255580+00:00,interpolated,-8.47000003606081,21.7000000923872,-9.380000039935112
73.427509396,842346912429644514,842346913128525204,167,30,34838843000000,2026-09-10T09:14:28.255580+00:00,interpolated,-10.150000043213367,19.880000084638596,-6.580000028014183
73.446398063,842346912448533181,842346913128525204,167,31,34838843000000,2026-09-10T09:14:28.255580+00:00,interpolated,-11.340000048279762,20.370000086724758,-4.480000019073486
73.465286731,842346912467421849,842346913128525204,167,32,34838843000000,2026-09-10T09:14:28.255580+00:00,interpolated,-11.130000047385693,22.540000095963478,-3.500000014901161
73.484175398,842346912486310516,842346913128525204,167,33,34838843000000,2026-09-10T09:14:28.255580+00:00,interpolated,-10.8500000461936,24.920000106096268,-2.9400000125169754
73.503064065,842346912505199183,842346913128525204,167,34,34838843000000,2026-09-10T09:14:28.255580+00:00,interpolated,-8.750000037252903,26.74000011384487,-1.890000008046627
73.521952733,842346912524087851,842346913128525204,167,35,34838843000000,2026-09-10T09:14:28.255580+00:00,interpolated,-8.120000034570694,26.04000011086464,0.21000000089406967
73.5408414,842346912542976518,842346913128525204,167,36,34838843000000,2026-09-10T09:14:28.255580+00:00,interpolated,-9.030000038444996,24.430000104010105,2.0300000086426735
73.559730067,842346912561865185,842346913128525204,167,37,34838843000000,2026-09-10T09:14:28.255580+00:00,interpolated,-9.800000041723251,24.29000010341406,2.3800000101327896
73.578618734,842346912580753852,842346913128525204,167,38,34838843000000,2026-09-10T09:14:28.255580+00:00,interpolated,-8.750000037252903,25.340000107884407,3.080000013113022
73.597507402,842346912599642520,842346913128525204,167,39,34838843000000,2026-09-10T09:14:28.255580+00:00,interpolated,-7.560000032186508,26.600000113248825,3.3600000143051147
73.616396069,842346912618531187,842346913128525204,167,40,34838843000000,2026-09-10T09:14:28.255580+00:00,interpolated,-8.190000034868717,25.550000108778477,3.0100000128149986
73.635284736,842346912637419854,842346913128525204,167,41,34838843000000,2026-09-10T09:14:28.255580+00:00,interpolated,-9.310000039637089,24.430000104010105,3.0100000128149986
73.654173404,842346912656308522,842346913128525204,167,42,34838843000000,2026-09-10T09:14:28.255580+00:00,interpolated,-8.47000003606081,25.20000010728836,4.060000017285347
73.673062071,842346912675197189,842346913128525204,167,43,34838843000000,2026-09-10T09:14:28.255580+00:00,interpolated,-7.770000033080578,28.00000011920929,5.250000022351742
73.691950738,842346912694085856,842346913128525204,167,44,34838843000000,2026-09-10T09:14:28.255580+00:00,interpolated,-6.7200000286102295,30.520000129938126,5.110000021755695
73.710839406,842346912712974524,842346913128525204,167,45,34838843000000,2026-09-10T09:14:28.255580+00:00,interpolated,-6.580000028014183,32.06000013649464,3.5700000151991844
73.729728073,842346912731863191,842346913128525204,167,46,34838843000000,2026-09-10T09:14:28.255580+00:00,interpolated,-6.440000027418137,30.87000013142824,3.780000016093254
73.74861674,842346912750751858,842346913128525204,167,47,34838843000000,2026-09-10T09:14:28.255580+00:00,interpolated,-6.230000026524067,29.470000125467777,5.530000023543835
73.767505407,842346912769640525,842346913128525204,167,48,34838843000000,2026-09-10T09:14:28.255580+00:00,interpolated,-6.0900000259280205,29.400000125169754,6.440000027418137
73.786394075,842346912788529193,842346913128525204,167,49,34838843000000,2026-09-10T09:14:28.255580+00:00,interpolated,-5.810000024735928,29.75000012665987,4.410000018775463
73.805282742,842346912807417860,842346913128525204,167,50,34838843000000,2026-09-10T09:14:28.255580+00:00,interpolated,-3.430000014603138,31.29000013321638,0.9800000041723251
73.824171409,842346912826306527,842346913128525204,167,51,34838843000000,2026-09-10T09:14:28.255580+00:00,interpolated,-0.49000000208616257,32.34000013768673,-0.21000000089406967
73.843060077,842346912845195195,842346913128525204,167,52,34838843000000,2026-09-10T09:14:28.255580+00:00,interpolated,0.7000000029802322,29.050000123679638,2.3800000101327896
73.861948744,842346912864083862,842346913128525204,167,53,34838843000000,2026-09-10T09:14:28.255580+00:00,interpolated,-1.1900000050663948,21.140000090003014,4.970000021159649
73.880837411,842346912882972529,842346913128525204,167,54,34838843000000,2026-09-10T09:14:28.255580+00:00,interpolated,-2.800000011920929,14.000000059604645,6.51000002771616
73.899726078,842346912901861196,842346913128525204,167,55,34838843000000,2026-09-10T09:14:28.255580+00:00,interpolated,-1.8200000077486038,10.990000046789646,6.790000028908253
73.918614746,842346912920749864,842346913128525204,167,56,34838843000000,2026-09-10T09:14:28.255580+00:00,interpolated,0.5600000023841858,11.830000050365925,6.020000025629997
73.937503413,842346912939638531,842346913128525204,167,57,34838843000000,2026-09-10T09:14:28.255580+00:00,interpolated,1.540000006556511,11.760000050067902,4.8300000205636024
73.95639208,842346912958527198,842346913128525204,167,58,34838843000000,2026-09-10T09:14:28.255580+00:00,interpolated,0.21000000089406967,10.570000045001507,3.6400000154972076
73.975280748,842346912977415866,842346913128525204,167,59,34838843000000,2026-09-10T09:14:28.255580+00:00,interpolated,-0.3500000014901161,13.580000057816505,2.9400000125169754
73.994169415,842346912996304533,842346913128525204,167,60,34838843000000,2026-09-10T09:14:28.255580+00:00,interpolated,0.21000000089406967,20.580000087618828,2.17000000923872
74.013058082,842346913015193200,842346913128525204,167,61,34838843000000,2026-09-10T09:14:28.255580+00:00,interpolated,-2.1000000089406967,22.6100000962615,1.4000000059604645
74.03194675,842346913034081868,842346913128525204,167,62,34838843000000,2026-09-10T09:14:28.255580+00:00,interpolated,-2.5900000110268593,19.880000084638596,1.9600000083446503
74.050835417,842346913052970535,842346913128525204,167,63,34838843000000,2026-09-10T09:14:28.255580+00:00,interpolated,-6.230000026524067,14.700000062584877,3.2900000140070915
74.069724084,842346913071859202,842346913128525204,167,64,34838843000000,2026-09-10T09:14:28.255580+00:00,interpolated,-10.920000046491623,13.02000005543232,4.620000019669533
74.088612751,842346913090747869,842346913128525204,167,65,34838843000000,2026-09-10T09:14:28.255580+00:00,interpolated,-14.000000059604645,19.670000083744526,5.950000025331974
74.107501419,842346913109636537,842346913128525204,167,66,34838843000000,2026-09-10T09:14:28.255580+00:00,interpolated,-13.720000058412552,29.820000126957893,5.810000024735928
74.126390086,842346913128525204,842346913128525204,167,67,34838843000000,2026-09-10T09:14:28.255580+00:00,interpolated,-8.960000038146973,39.27000016719103,3.500000014901161
74.145278778,842346913147413896,842346914488511046,170,0,34840406000000,2026-09-10T09:14:29.813382+00:00,interpolated,-4.8300000205636024,43.68000018596649,0.630000002682209
74.164167471,842346913166302589,842346914488511046,170,1,34840406000000,2026-09-10T09:14:29.813382+00:00,interpolated,-5.320000022649765,41.160000175237656,-0.49000000208616257
74.183056163,842346913185191281,842346914488511046,170,2,34840406000000,2026-09-10T09:14:29.813382+00:00,interpolated,-6.860000029206276,35.63000015169382,-0.49000000208616257
74.201944855,842346913204079973,842346914488511046,170,3,34840406000000,2026-09-10T09:14:29.813382+00:00,interpolated,-7.560000032186508,29.33000012487173,-0.42000000178813934
74.220833547,842346913222968665,842346914488511046,170,4,34840406000000,2026-09-10T09:14:29.813382+00:00,interpolated,-6.580000028014183,25.130000106990337,-0.8400000035762787
74.23972224,842346913241857358,842346914488511046,170,5,34840406000000,2026-09-10T09:14:29.813382+00:00,interpolated,-3.9900000169873238,22.470000095665455,-1.6100000068545341
74.258610932,842346913260746050,842346914488511046,170,6,34840406000000,2026-09-10T09:14:29.813382+00:00,interpolated,-1.4000000059604645,20.790000088512897,-3.150000013411045
74.277499624,842346913279634742,842346914488511046,170,7,34840406000000,2026-09-10T09:14:29.813382+00:00,interpolated,1.4700000062584877,20.16000008583069,-4.8300000205636024
74.296388316,842346913298523434,842346914488511046,170,8,34840406000000,2026-09-10T09:14:29.813382+00:00,interpolated,3.2200000137090683,16.660000070929527,-5.4600000232458115
74.315277009,842346913317412127,842346914488511046,170,9,34840406000000,2026-09-10T09:14:29.813382+00:00,interpolated,2.9400000125169754,10.360000044107437,-5.040000021457672
74.334165701,842346913336300819,842346914488511046,170,10,34840406000000,2026-09-10T09:14:29.813382+00:00,interpolated,2.0300000086426735,6.0900000259280205,-3.710000015795231
74.353054393,842346913355189511,842346914488511046,170,11,34840406000000,2026-09-10T09:14:29.813382+00:00,interpolated,2.240000009536743,2.520000010728836,-3.500000014901161
74.371943085,842346913374078203,842346914488511046,170,12,34840406000000,2026-09-10T09:14:29.813382+00:00,interpolated,3.8500000163912773,-0.9100000038743019,-3.9900000169873238
74.390831778,842346913392966896,842346914488511046,170,13,34840406000000,2026-09-10T09:14:29.813382+00:00,interpolated,5.810000024735928,-2.9400000125169754,-5.040000021457672
74.40972047,842346913411855588,842346914488511046,170,14,34840406000000,2026-09-10T09:14:29.813382+00:00,interpolated,8.190000034868717,-3.430000014603138,-6.7200000286102295
74.428609162,842346913430744280,842346914488511046,170,15,34840406000000,2026-09-10T09:14:29.813382+00:00,interpolated,8.68000003695488,-2.1000000089406967,-7.910000033676624
74.447497854,842346913449632972,842346914488511046,170,16,34840406000000,2026-09-10T09:14:29.813382+00:00,interpolated,6.440000027418137,-0.9100000038743019,-7.840000033378601
74.466386547,842346913468521665,842346914488511046,170,17,34840406000000,2026-09-10T09:14:29.813382+00:00,interpolated,3.710000015795231,-0.49000000208616257,-6.7200000286102295
74.485275239,842346913487410357,842346914488511046,170,18,34840406000000,2026-09-10T09:14:29.813382+00:00,interpolated,1.3300000056624413,1.260000005364418,-5.740000024437904
74.504163931,842346913506299049,842346914488511046,170,19,34840406000000,2026-09-10T09:14:29.813382+00:00,interpolated,0.21000000089406967,1.3300000056624413,-4.970000021159649
74.523052623,842346913525187741,842346914488511046,170,20,34840406000000,2026-09-10T09:14:29.813382+00:00,interpolated,-0.630000002682209,0.42000000178813934,-4.690000019967556
74.541941316,842346913544076434,842346914488511046,170,21,34840406000000,2026-09-10T09:14:29.813382+00:00,interpolated,-1.1200000047683716,-0.21000000089406967,-3.500000014901161
74.560830008,842346913562965126,842346914488511046,170,22,34840406000000,2026-09-10T09:14:29.813382+00:00,interpolated,-0.9800000041723251,-0.2800000011920929,-1.6100000068545341
74.5797187,842346913581853818,842346914488511046,170,23,34840406000000,2026-09-10T09:14:29.813382+00:00,interpolated,-0.9100000038743019,0.42000000178813934,-0.2800000011920929
74.598607392,842346913600742510,842346914488511046,170,24,34840406000000,2026-09-10T09:14:29.813382+00:00,interpolated,0.0,1.4000000059604645,1.1900000050663948
74.617496085,842346913619631203,842346914488511046,170,25,34840406000000,2026-09-10T09:14:29.813382+00:00,interpolated,1.0500000044703484,2.6600000113248825,2.520000010728836
74.636384777,842346913638519895,842346914488511046,170,26,34840406000000,2026-09-10T09:14:29.813382+00:00,interpolated,0.9100000038743019,3.710000015795231,3.780000016093254
74.655273469,842346913657408587,842346914488511046,170,27,34840406000000,2026-09-10T09:14:29.813382+00:00,interpolated,-0.8400000035762787,1.8200000077486038,4.970000021159649
74.674162161,842346913676297279,842346914488511046,170,28,34840406000000,2026-09-10T09:14:29.813382+00:00,interpolated,-2.800000011920929,-0.49000000208616257,4.970000021159649
74.693050854,842346913695185972,842346914488511046,170,29,34840406000000,2026-09-10T09:14:29.813382+00:00,interpolated,-4.270000018179417,-0.9100000038743019,3.9200000166893005
74.711939546,842346913714074664,842346914488511046,170,30,34840406000000,2026-09-10T09:14:29.813382+00:00,interpolated,-6.580000028014183,-0.9100000038743019,2.520000010728836
74.730828238,842346913732963356,842346914488511046,170,31,34840406000000,2026-09-10T09:14:29.813382+00:00,interpolated,-8.26000003516674,-0.8400000035762787,0.7700000032782555
74.74971693,842346913751852048,842346914488511046,170,32,34840406000000,2026-09-10T09:14:29.813382+00:00,interpolated,-9.660000041127205,-1.7500000074505806,0.21000000089406967
74.768605623,842346913770740741,842346914488511046,170,33,34840406000000,2026-09-10T09:14:29.813382+00:00,interpolated,-10.22000004351139,-2.0300000086426735,0.07000000029802322
74.787494315,842346913789629433,842346914488511046,170,34,34840406000000,2026-09-10T09:14:29.813382+00:00,interpolated,-10.010000042617321,-1.260000005364418,-1.260000005364418
74.806383007,842346913808518125,842346914488511046,170,35,34840406000000,2026-09-10T09:14:29.813382+00:00,interpolated,-9.450000040233135,-2.240000009536743,-2.5900000110268593
74.825271699,842346913827406817,842346914488511046,170,36,34840406000000,2026-09-10T09:14:29.813382+00:00,interpolated,-8.400000035762787,-4.410000018775463,-3.0100000128149986
74.844160392,842346913846295510,842346914488511046,170,37,34840406000000,2026-09-10T09:14:29.813382+00:00,interpolated,-7.140000030398369,-4.970000021159649,-2.870000012218952
74.863049084,842346913865184202,842346914488511046,170,38,34840406000000,2026-09-10T09:14:29.813382+00:00,interpolated,-4.970000021159649,-3.500000014901161,-2.520000010728836
74.881937776,842346913884072894,842346914488511046,170,39,34840406000000,2026-09-10T09:14:29.813382+00:00,interpolated,-2.6600000113248825,-2.5900000110268593,-2.5900000110268593
74.900826468,842346913902961586,842346914488511046,170,40,34840406000000,2026-09-10T09:14:29.813382+00:00,interpolated,-1.540000006556511,-2.800000011920929,-2.6600000113248825
74.919715161,842346913921850279,842346914488511046,170,41,34840406000000,2026-09-10T09:14:29.813382+00:00,interpolated,-0.9800000041723251,-2.520000010728836,-1.6100000068545341
74.938603853,842346913940738971,842346914488511046,170,42,34840406000000,2026-09-10T09:14:29.813382+00:00,interpolated,-1.8200000077486038,-1.540000006556511,-0.2800000011920929
74.957492545,842346913959627663,842346914488511046,170,43,34840406000000,2026-09-10T09:14:29.813382+00:00,interpolated,-2.870000012218952,-0.7700000032782555,0.42000000178813934
74.976381237,842346913978516355,842346914488511046,170,44,34840406000000,2026-09-10T09:14:29.813382+00:00,interpolated,-3.5700000151991844,0.0,0.8400000035762787
74.99526993,842346913997405048,842346914488511046,170,45,34840406000000,2026-09-10T09:14:29.813382+00:00,interpolated,-4.200000017881393,0.9800000041723251,1.260000005364418
75.014158622,842346914016293740,842346914488511046,170,46,34840406000000,2026-09-10T09:14:29.813382+00:00,interpolated,-4.480000019073486,1.9600000083446503,1.4000000059604645
75.033047314,842346914035182432,842346914488511046,170,47,34840406000000,2026-09-10T09:14:29.813382+00:00,interpolated,-4.13000001758337,2.9400000125169754,1.1200000047683716
75.051936006,842346914054071124,842346914488511046,170,48,34840406000000,2026-09-10T09:14:29.813382+00:00,interpolated,-3.2200000137090683,3.080000013113022,0.8400000035762787
75.070824699,842346914072959817,842346914488511046,170,49,34840406000000,2026-09-10T09:14:29.813382+00:00,interpolated,-3.0100000128149986,2.3800000101327896,0.5600000023841858
75.089713391,842346914091848509,842346914488511046,170,50,34840406000000,2026-09-10T09:14:29.813382+00:00,interpolated,-2.870000012218952,1.6100000068545341,0.9100000038743019
75.108602083,842346914110737201,842346914488511046,170,51,34840406000000,2026-09-10T09:14:29.813382+00:00,interpolated,-2.870000012218952,0.7000000029802322,1.4000000059604645
75.127490775,842346914129625893,842346914488511046,170,52,34840406000000,2026-09-10T09:14:29.813382+00:00,interpolated,-3.080000013113022,-0.5600000023841858,1.1900000050663948
75.146379468,842346914148514586,842346914488511046,170,53,34840406000000,2026-09-10T09:14:29.813382+00:00,interpolated,-3.150000013411045,-1.0500000044703484,0.21000000089406967
75.16526816,842346914167403278,842346914488511046,170,54,34840406000000,2026-09-10T09:14:29.813382+00:00,interpolated,-2.450000010430813,-1.1200000047683716,-0.9100000038743019
75.184156852,842346914186291970,842346914488511046,170,55,34840406000000,2026-09-10T09:14:29.813382+00:00,interpolated,-1.4700000062584877,-0.2800000011920929,-1.6800000071525574
75.203045544,842346914205180662,842346914488511046,170,56,34840406000000,2026-09-10T09:14:29.813382+00:00,interpolated,-1.1900000050663948,0.21000000089406967,-1.6800000071525574
75.221934237,842346914224069355,842346914488511046,170,57,34840406000000,2026-09-10T09:14:29.813382+00:00,interpolated,-0.8400000035762787,0.0,-1.3300000056624413
75.240822929,842346914242958047,842346914488511046,170,58,34840406000000,2026-09-10T09:14:29.813382+00:00,interpolated,-0.5600000023841858,-1.4700000062584877,-0.9100000038743019
75.259711621,842346914261846739,842346914488511046,170,59,34840406000000,2026-09-10T09:14:29.813382+00:00,interpolated,-0.7000000029802322,-2.5900000110268593,-0.9100000038743019
75.278600313,842346914280735431,842346914488511046,170,60,34840406000000,2026-09-10T09:14:29.813382+00:00,interpolated,-1.1200000047683716,-2.240000009536743,-0.8400000035762787
75.297489006,842346914299624124,842346914488511046,170,61,34840406000000,2026-09-10T09:14:29.813382+00:00,interpolated,-1.0500000044703484,-0.7000000029802322,-0.3500000014901161
75.316377698,842346914318512816,842346914488511046,170,62,34840406000000,2026-09-10T09:14:29.813382+00:00,interpolated,-0.5600000023841858,1.8200000077486038,-0.630000002682209
75.33526639,842346914337401508,842346914488511046,170,63,34840406000000,2026-09-10T09:14:29.813382+00:00,interpolated,0.07000000029802322,2.800000011920929,-0.9100000038743019
75.354155082,842346914356290200,842346914488511046,170,64,34840406000000,2026-09-10T09:14:29.813382+00:00,interpolated,-0.9100000038743019,0.630000002682209,-0.49000000208616257
75.373043775,842346914375178893,842346914488511046,170,65,34840406000000,2026-09-10T09:14:29.813382+00:00,interpolated,-2.240000009536743,-1.3300000056624413,-0.630000002682209
75.391932467,842346914394067585,842346914488511046,170,66,34840406000000,2026-09-10T09:14:29.813382+00:00,interpolated,-2.870000012218952,-1.8200000077486038,-0.630000002682209
75.410821159,842346914412956277,842346914488511046,170,67,34840406000000,2026-09-10T09:14:29.813382+00:00,interpolated,-2.3800000101327896,-1.7500000074505806,-0.49000000208616257
75.429709851,842346914431844969,842346914488511046,170,68,34840406000000,2026-09-10T09:14:29.813382+00:00,interpolated,-1.540000006556511,-1.6100000068545341,-0.49000000208616257
75.448598544,842346914450733662,842346914488511046,170,69,34840406000000,2026-09-10T09:14:29.813382+00:00,interpolated,-0.7700000032782555,-1.3300000056624413,-0.49000000208616257
75.467487236,842346914469622354,842346914488511046,170,70,34840406000000,2026-09-10T09:14:29.813382+00:00,interpolated,0.49000000208616257,-1.4700000062584877,-0.07000000029802322
75.486375928,842346914488511046,842346914488511046,170,71,34840406000000,2026-09-10T09:14:29.813382+00:00,interpolated,1.9600000083446503,-1.4700000062584877,0.3500000014901161
75.50526462,842346914507399738,842346915848496886,173,0,34841515000000,2026-09-10T09:14:30.923311+00:00,interpolated,3.0100000128149986,-0.21000000089406967,0.14000000059604645
75.524153312,842346914526288430,842346915848496886,173,1,34841515000000,2026-09-10T09:14:30.923311+00:00,interpolated,3.150000013411045,0.3500000014901161,-0.49000000208616257
75.543042005,842346914545177123,842346915848496886,173,2,34841515000000,2026-09-10T09:14:30.923311+00:00,interpolated,2.3800000101327896,0.21000000089406967,-1.0500000044703484
75.561930697,842346914564065815,842346915848496886,173,3,34841515000000,2026-09-10T09:14:30.923311+00:00,interpolated,0.9100000038743019,0.49000000208616257,-1.0500000044703484
75.580819389,842346914582954507,842346915848496886,173,4,34841515000000,2026-09-10T09:14:30.923311+00:00,interpolated,-1.1200000047683716,0.630000002682209,-0.42000000178813934
75.599708081,842346914601843199,842346915848496886,173,5,34841515000000,2026-09-10T09:14:30.923311+00:00,interpolated,-3.2900000140070915,0.3500000014901161,0.2800000011920929
75.618596774,842346914620731892,842346915848496886,173,6,34841515000000,2026-09-10T09:14:30.923311+00:00,interpolated,-4.34000001847744,1.4000000059604645,0.42000000178813934
75.637485466,842346914639620584,842346915848496886,173,7,34841515000000,2026-09-10T09:14:30.923311+00:00,interpolated,-4.480000019073486,3.500000014901161,0.3500000014901161
75.656374158,842346914658509276,842346915848496886,173,8,34841515000000,2026-09-10T09:14:30.923311+00:00,interpolated,-3.9900000169873238,4.900000020861626,0.7000000029802322
75.67526285,842346914677397968,842346915848496886,173,9,34841515000000,2026-09-10T09:14:30.923311+00:00,interpolated,-3.9200000166893005,5.320000022649765,1.890000008046627
75.694151542,842346914696286660,842346915848496886,173,10,34841515000000,2026-09-10T09:14:30.923311+00:00,interpolated,-5.880000025033951,3.710000015795231,2.5900000110268593
75.713040235,842346914715175353,842346915848496886,173,11,34841515000000,2026-09-10T09:14:30.923311+00:00,interpolated,-8.05000003427267,3.2900000140070915,2.520000010728836
75.731928927,842346914734064045,842346915848496886,173,12,34841515000000,2026-09-10T09:14:30.923311+00:00,interpolated,-8.89000003784895,6.0900000259280205,1.540000006556511
75.750817619,842346914752952737,842346915848496886,173,13,34841515000000,2026-09-10T09:14:30.923311+00:00,interpolated,-7.210000030696392,8.750000037252903,-1.0500000044703484
75.769706311,842346914771841429,842346915848496886,173,14,34841515000000,2026-09-10T09:14:30.923311+00:00,interpolated,-2.1000000089406967,9.590000040829182,-4.760000020265579
75.788595004,842346914790730122,842346915848496886,173,15,34841515000000,2026-09-10T09:14:30.923311+00:00,interpolated,3.710000015795231,8.960000038146973,-7.280000030994415
75.807483696,842346914809618814,842346915848496886,173,16,34841515000000,2026-09-10T09:14:30.923311+00:00,interpolated,7.140000030398369,9.170000039041042,-6.230000026524067
75.826372388,842346914828507506,842346915848496886,173,17,34841515000000,2026-09-10T09:14:30.923311+00:00,interpolated,6.930000029504299,7.210000030696392,-3.9900000169873238
75.84526108,842346914847396198,842346915848496886,173,18,34841515000000,2026-09-10T09:14:30.923311+00:00,interpolated,3.3600000143051147,-0.49000000208616257,-3.080000013113022
75.864149772,842346914866284890,842346915848496886,173,19,34841515000000,2026-09-10T09:14:30.923311+00:00,interpolated,-0.49000000208616257,-9.590000040829182,-3.2200000137090683
75.883038465,842346914885173583,842346915848496886,173,20,34841515000000,2026-09-10T09:14:30.923311+00:00,interpolated,-2.800000011920929,-12.880000054836273,-3.8500000163912773
75.901927157,842346914904062275,842346915848496886,173,21,34841515000000,2026-09-10T09:14:30.923311+00:00,interpolated,-3.710000015795231,-8.330000035464764,-4.480000019073486
75.920815849,842346914922950967,842346915848496886,173,22,34841515000000,2026-09-10T09:14:30.923311+00:00,interpolated,-3.430000014603138,-1.4000000059604645,-4.620000019669533
75.939704541,842346914941839659,842346915848496886,173,23,34841515000000,2026-09-10T09:14:30.923311+00:00,interpolated,-4.13000001758337,2.3800000101327896,-4.480000019073486
75.958593234,842346914960728352,842346915848496886,173,24,34841515000000,2026-09-10T09:14:30.923311+00:00,interpolated,-6.440000027418137,2.0300000086426735,-4.13000001758337
75.977481926,842346914979617044,842346915848496886,173,25,34841515000000,2026-09-10T09:14:30.923311+00:00,interpolated,-8.47000003606081,0.14000000059604645,-3.710000015795231
75.996370618,842346914998505736,842346915848496886,173,26,34841515000000,2026-09-10T09:14:30.923311+00:00,interpolated,-9.170000039041042,-0.21000000089406967,-3.500000014901161
76.01525931,842346915017394428,842346915848496886,173,27,34841515000000,2026-09-10T09:14:30.923311+00:00,interpolated,-8.120000034570694,0.9800000041723251,-2.870000012218952
76.034148002,842346915036283120,842346915848496886,173,28,34841515000000,2026-09-10T09:14:30.923311+00:00,interpolated,-5.530000023543835,1.890000008046627,-2.240000009536743
76.053036695,842346915055171813,842346915848496886,173,29,34841515000000,2026-09-10T09:14:30.923311+00:00,interpolated,-3.780000016093254,2.1000000089406967,-1.6800000071525574
76.071925387,842346915074060505,842346915848496886,173,30,34841515000000,2026-09-10T09:14:30.923311+00:00,interpolated,-2.240000009536743,2.17000000923872,-1.3300000056624413
76.090814079,842346915092949197,842346915848496886,173,31,34841515000000,2026-09-10T09:14:30.923311+00:00,interpolated,-0.9800000041723251,1.1900000050663948,-1.9600000083446503
76.109702771,842346915111837889,842346915848496886,173,32,34841515000000,2026-09-10T09:14:30.923311+00:00,interpolated,-0.8400000035762787,-0.14000000059604645,-2.5900000110268593
76.128591464,842346915130726582,842346915848496886,173,33,34841515000000,2026-09-10T09:14:30.923311+00:00,interpolated,-1.1200000047683716,-1.7500000074505806,-2.7300000116229057
76.147480156,842346915149615274,842346915848496886,173,34,34841515000000,2026-09-10T09:14:30.923311+00:00,interpolated,-1.4000000059604645,-2.800000011920929,-2.7300000116229057
76.166368848,842346915168503966,842346915848496886,173,35,34841515000000,2026-09-10T09:14:30.923311+00:00,interpolated,-1.1200000047683716,-2.870000012218952,-2.870000012218952
76.18525754,842346915187392658,842346915848496886,173,36,34841515000000,2026-09-10T09:14:30.923311+00:00,interpolated,-0.9100000038743019,-0.9100000038743019,-2.7300000116229057
76.204146232,842346915206281350,842346915848496886,173,37,34841515000000,2026-09-10T09:14:30.923311+00:00,interpolated,-1.1200000047683716,0.49000000208616257,-2.520000010728836
76.223034925,842346915225170043,842346915848496886,173,38,34841515000000,2026-09-10T09:14:30.923311+00:00,interpolated,-3.6400000154972076,0.07000000029802322,-2.0300000086426735
76.241923617,842346915244058735,842346915848496886,173,39,34841515000000,2026-09-10T09:14:30.923311+00:00,interpolated,-6.440000027418137,-0.21000000089406967,-1.540000006556511
76.260812309,842346915262947427,842346915848496886,173,40,34841515000000,2026-09-10T09:14:30.923311+00:00,interpolated,-4.34000001847744,0.3500000014901161,-2.450000010430813
76.279701001,842346915281836119,842346915848496886,173,41,34841515000000,2026-09-10T09:14:30.923311+00:00,interpolated,-3.0100000128149986,-2.240000009536743,-3.430000014603138
76.298589694,842346915300724812,842346915848496886,173,42,34841515000000,2026-09-10T09:14:30.923311+00:00,interpolated,-3.2900000140070915,-5.740000024437904,-1.4000000059604645
76.317478386,842346915319613504,842346915848496886,173,43,34841515000000,2026-09-10T09:14:30.923311+00:00,interpolated,-3.430000014603138,-2.9400000125169754,2.9400000125169754
76.336367078,842346915338502196,842346915848496886,173,44,34841515000000,2026-09-10T09:14:30.923311+00:00,interpolated,-3.2900000140070915,4.690000019967556,6.860000029206276
76.35525577,842346915357390888,842346915848496886,173,45,34841515000000,2026-09-10T09:14:30.923311+00:00,interpolated,-2.0300000086426735,11.760000050067902,8.47000003606081
76.374144462,842346915376279580,842346915848496886,173,46,34841515000000,2026-09-10T09:14:30.923311+00:00,interpolated,-0.5600000023841858,16.31000006943941,7.840000033378601
76.393033155,842346915395168273,842346915848496886,173,47,34841515000000,2026-09-10T09:14:30.923311+00:00,interpolated,-1.4700000062584877,16.590000070631504,6.160000026226044
76.411921847,842346915414056965,842346915848496886,173,48,34841515000000,2026-09-10T09:14:30.923311+00:00,interpolated,-3.9200000166893005,13.090000055730343,4.270000018179417
76.430810539,842346915432945657,842346915848496886,173,49,34841515000000,2026-09-10T09:14:30.923311+00:00,interpolated,-6.0900000259280205,8.68000003695488,2.3800000101327896
76.449699231,842346915451834349,842346915848496886,173,50,34841515000000,2026-09-10T09:14:30.923311+00:00,interpolated,-6.790000028908253,4.900000020861626,1.0500000044703484
76.468587924,842346915470723042,842346915848496886,173,51,34841515000000,2026-09-10T09:14:30.923311+00:00,interpolated,-6.860000029206276,1.890000008046627,-0.14000000059604645
76.487476616,842346915489611734,842346915848496886,173,52,34841515000000,2026-09-10T09:14:30.923311+00:00,interpolated,-6.51000002771616,0.3500000014901161,-1.4700000062584877
76.506365308,842346915508500426,842346915848496886,173,53,34841515000000,2026-09-10T09:14:30.923311+00:00,interpolated,-5.810000024735928,-0.42000000178813934,-2.1000000089406967
76.525254,842346915527389118,842346915848496886,173,54,34841515000000,2026-09-10T09:14:30.923311+00:00,interpolated,-4.900000020861626,-0.5600000023841858,-2.1000000089406967
76.544142692,842346915546277810,842346915848496886,173,55,34841515000000,2026-09-10T09:14:30.923311+00:00,interpolated,-4.270000018179417,0.7700000032782555,-2.3100000098347664
76.563031385,842346915565166503,842346915848496886,173,56,34841515000000,2026-09-10T09:14:30.923311+00:00,interpolated,-3.780000016093254,3.430000014603138,-2.9400000125169754
76.581920077,842346915584055195,842346915848496886,173,57,34841515000000,2026-09-10T09:14:30.923311+00:00,interpolated,-3.3600000143051147,4.8300000205636024,-2.450000010430813
76.600808769,842346915602943887,842346915848496886,173,58,34841515000000,2026-09-10T09:14:30.923311+00:00,interpolated,-4.060000017285347,4.13000001758337,-2.0300000086426735
76.619697461,842346915621832579,842346915848496886,173,59,34841515000000,2026-09-10T09:14:30.923311+00:00,interpolated,-5.600000023841858,3.710000015795231,-3.0100000128149986
76.638586154,842346915640721272,842346915848496886,173,60,34841515000000,2026-09-10T09:14:30.923311+00:00,interpolated,-5.390000022947788,3.080000013113022,-3.0100000128149986
76.657474846,842346915659609964,842346915848496886,173,61,34841515000000,2026-09-10T09:14:30.923311+00:00,interpolated,-4.620000019669533,3.2900000140070915,-1.9600000083446503
76.676363538,842346915678498656,842346915848496886,173,62,34841515000000,2026-09-10T09:14:30.923311+00:00,interpolated,-3.9900000169873238,2.3800000101327896,-1.7500000074505806
76.69525223,842346915697387348,842346915848496886,173,63,34841515000000,2026-09-10T09:14:30.923311+00:00,interpolated,-3.3600000143051147,1.6800000071525574,-1.9600000083446503
76.714140922,842346915716276040,842346915848496886,173,64,34841515000000,2026-09-10T09:14:30.923311+00:00,interpolated,-1.7500000074505806,2.1000000089406967,-1.8200000077486038
76.733029615,842346915735164733,842346915848496886,173,65,34841515000000,2026-09-10T09:14:30.923311+00:00,interpolated,-0.21000000089406967,2.17000000923872,-0.7700000032782555
76.751918307,842346915754053425,842346915848496886,173,66,34841515000000,2026-09-10T09:14:30.923311+00:00,interpolated,0.14000000059604645,2.240000009536743,0.42000000178813934
76.770806999,842346915772942117,842346915848496886,173,67,34841515000000,2026-09-10T09:14:30.923311+00:00,interpolated,0.14000000059604645,2.870000012218952,0.7700000032782555
76.789695691,842346915791830809,842346915848496886,173,68,34841515000000,2026-09-10T09:14:30.923311+00:00,interpolated,0.07000000029802322,3.2900000140070915,0.3500000014901161
76.808584384,842346915810719502,842346915848496886,173,69,34841515000000,2026-09-10T09:14:30.923311+00:00,interpolated,-0.3500000014901161,2.520000010728836,-0.5600000023841858
76.827473076,842346915829608194,842346915848496886,173,70,34841515000000,2026-09-10T09:14:30.923311+00:00,interpolated,-1.7500000074505806,0.9800000041723251,-0.7700000032782555
76.846361768,842346915848496886,842346915848496886,173,71,34841515000000,2026-09-10T09:14:30.923311+00:00,interpolated,-3.500000014901161,-0.14000000059604645,-0.5600000023841858
76.865250551,842346915867385669,842346917491820992,177,0,34843015000000,2026-09-10T09:14:32.423372+00:00,interpolated,-4.13000001758337,0.14000000059604645,-0.9800000041723251
76.884139334,842346915886274452,842346917491820992,177,1,34843015000000,2026-09-10T09:14:32.423372+00:00,interpolated,-2.9400000125169754,1.0500000044703484,-1.6800000071525574
76.903028116,842346915905163234,842346917491820992,177,2,34843015000000,2026-09-10T09:14:32.423372+00:00,interpolated,-2.3800000101327896,1.1200000047683716,-1.8200000077486038
76.921916899,842346915924052017,842346917491820992,177,3,34843015000000,2026-09-10T09:14:32.423372+00:00,interpolated,-2.0300000086426735,1.1200000047683716,-0.9800000041723251
76.940805682,842346915942940800,842346917491820992,177,4,34843015000000,2026-09-10T09:14:32.423372+00:00,interpolated,-1.4700000062584877,1.1900000050663948,-0.2800000011920929
76.959694465,842346915961829583,842346917491820992,177,5,34843015000000,2026-09-10T09:14:32.423372+00:00,interpolated,0.42000000178813934,1.4700000062584877,-0.3500000014901161
76.978583248,842346915980718366,842346917491820992,177,6,34843015000000,2026-09-10T09:14:32.423372+00:00,interpolated,2.0300000086426735,0.7000000029802322,-0.7700000032782555
76.997472031,842346915999607149,842346917491820992,177,7,34843015000000,2026-09-10T09:14:32.423372+00:00,interpolated,2.240000009536743,-0.9100000038743019,-1.4000000059604645
77.016360813,842346916018495931,842346917491820992,177,8,34843015000000,2026-09-10T09:14:32.423372+00:00,interpolated,1.540000006556511,-2.5900000110268593,-2.0300000086426735
77.035249596,842346916037384714,842346917491820992,177,9,34843015000000,2026-09-10T09:14:32.423372+00:00,interpolated,1.0500000044703484,-2.3800000101327896,-2.240000009536743
77.054138379,842346916056273497,842346917491820992,177,10,34843015000000,2026-09-10T09:14:32.423372+00:00,interpolated,0.49000000208616257,-1.260000005364418,-2.1000000089406967
77.073027162,842346916075162280,842346917491820992,177,11,34843015000000,2026-09-10T09:14:32.423372+00:00,interpolated,0.07000000029802322,-0.49000000208616257,-1.890000008046627
77.091915945,842346916094051063,842346917491820992,177,12,34843015000000,2026-09-10T09:14:32.423372+00:00,interpolated,-0.21000000089406967,0.14000000059604645,-1.6100000068545341
77.110804728,842346916112939846,842346917491820992,177,13,34843015000000,2026-09-10T09:14:32.423372+00:00,interpolated,-0.3500000014901161,0.9800000041723251,-1.7500000074505806
77.12969351,842346916131828628,842346917491820992,177,14,34843015000000,2026-09-10T09:14:32.423372+00:00,interpolated,-0.21000000089406967,1.890000008046627,-2.3800000101327896
77.148582293,842346916150717411,842346917491820992,177,15,34843015000000,2026-09-10T09:14:32.423372+00:00,interpolated,0.0,2.5900000110268593,-3.3600000143051147
77.167471076,842346916169606194,842346917491820992,177,16,34843015000000,2026-09-10T09:14:32.423372+00:00,interpolated,0.14000000059604645,2.3800000101327896,-3.5700000151991844
77.186359859,842346916188494977,842346917491820992,177,17,34843015000000,2026-09-10T09:14:32.423372+00:00,interpolated,-0.630000002682209,1.0500000044703484,-4.060000017285347
77.205248642,842346916207383760,842346917491820992,177,18,34843015000000,2026-09-10T09:14:32.423372+00:00,interpolated,-0.5600000023841858,-0.3500000014901161,-5.040000021457672
77.224137425,842346916226272543,842346917491820992,177,19,34843015000000,2026-09-10T09:14:32.423372+00:00,interpolated,-0.49000000208616257,-2.0300000086426735,-4.970000021159649
77.243026207,842346916245161325,842346917491820992,177,20,34843015000000,2026-09-10T09:14:32.423372+00:00,interpolated,-0.3500000014901161,-2.6600000113248825,-5.250000022351742
77.26191499,842346916264050108,842346917491820992,177,21,34843015000000,2026-09-10T09:14:32.423372+00:00,interpolated,-0.07000000029802322,-1.9600000083446503,-5.390000022947788
77.280803773,842346916282938891,842346917491820992,177,22,34843015000000,2026-09-10T09:14:32.423372+00:00,interpolated,0.2800000011920929,-2.240000009536743,-4.900000020861626
77.299692556,842346916301827674,842346917491820992,177,23,34843015000000,2026-09-10T09:14:32.423372+00:00,interpolated,0.42000000178813934,-2.0300000086426735,-4.8300000205636024
77.318581339,842346916320716457,842346917491820992,177,24,34843015000000,2026-09-10T09:14:32.423372+00:00,interpolated,0.21000000089406967,-0.21000000089406967,-4.5500000193715096
77.337470122,842346916339605240,842346917491820992,177,25,34843015000000,2026-09-10T09:14:32.423372+00:00,interpolated,0.2800000011920929,1.540000006556511,-4.480000019073486
77.356358904,842346916358494022,842346917491820992,177,26,34843015000000,2026-09-10T09:14:32.423372+00:00,interpolated,0.2800000011920929,2.450000010430813,-4.8300000205636024
77.375247687,842346916377382805,842346917491820992,177,27,34843015000000,2026-09-10T09:14:32.423372+00:00,interpolated,-0.14000000059604645,2.240000009536743,-4.690000019967556
77.39413647,842346916396271588,842346917491820992,177,28,34843015000000,2026-09-10T09:14:32.423372+00:00,interpolated,-1.1900000050663948,1.1900000050663948,-4.410000018775463
77.413025253,842346916415160371,842346917491820992,177,29,34843015000000,2026-09-10T09:14:32.423372+00:00,interpolated,-2.3100000098347664,0.5600000023841858,-4.480000019073486
77.431914036,842346916434049154,842346917491820992,177,30,34843015000000,2026-09-10T09:14:32.423372+00:00,interpolated,-2.450000010430813,0.14000000059604645,-4.480000019073486
77.450802818,842346916452937936,842346917491820992,177,31,34843015000000,2026-09-10T09:14:32.423372+00:00,interpolated,-2.3100000098347664,1.1900000050663948,-3.780000016093254
77.469691601,842346916471826719,842346917491820992,177,32,34843015000000,2026-09-10T09:14:32.423372+00:00,interpolated,-1.7500000074505806,2.5900000110268593,-3.780000016093254
77.488580384,842346916490715502,842346917491820992,177,33,34843015000000,2026-09-10T09:14:32.423372+00:00,interpolated,-1.1900000050663948,3.2900000140070915,-4.060000017285347
77.507469167,842346916509604285,842346917491820992,177,34,34843015000000,2026-09-10T09:14:32.423372+00:00,interpolated,-0.9100000038743019,2.9400000125169754,-3.9900000169873238
77.52635795,842346916528493068,842346917491820992,177,35,34843015000000,2026-09-10T09:14:32.423372+00:00,interpolated,-0.9100000038743019,2.520000010728836,-3.710000015795231
77.545246733,842346916547381851,842346917491820992,177,36,34843015000000,2026-09-10T09:14:32.423372+00:00,interpolated,-0.5600000023841858,1.9600000083446503,-3.3600000143051147
77.564135515,842346916566270633,842346917491820992,177,37,34843015000000,2026-09-10T09:14:32.423372+00:00,interpolated,0.14000000059604645,1.890000008046627,-2.5900000110268593
77.583024298,842346916585159416,842346917491820992,177,38,34843015000000,2026-09-10T09:14:32.423372+00:00,interpolated,-0.14000000059604645,3.150000013411045,-1.260000005364418
77.601913081,842346916604048199,842346917491820992,177,39,34843015000000,2026-09-10T09:14:32.423372+00:00,interpolated,-1.0500000044703484,4.900000020861626,-0.21000000089406967
77.620801864,842346916622936982,842346917491820992,177,40,34843015000000,2026-09-10T09:14:32.423372+00:00,interpolated,-1.890000008046627,6.51000002771616,0.0
77.639690647,842346916641825765,842346917491820992,177,41,34843015000000,2026-09-10T09:14:32.423372+00:00,interpolated,-2.240000009536743,7.770000033080578,0.07000000029802322
77.65857943,842346916660714548,842346917491820992,177,42,34843015000000,2026-09-10T09:14:32.423372+00:00,interpolated,-2.6600000113248825,7.910000033676624,0.21000000089406967
77.677468212,842346916679603330,842346917491820992,177,43,34843015000000,2026-09-10T09:14:32.423372+00:00,interpolated,-2.800000011920929,7.140000030398369,0.14000000059604645
77.696356995,842346916698492113,842346917491820992,177,44,34843015000000,2026-09-10T09:14:32.423372+00:00,interpolated,-2.520000010728836,5.880000025033951,-0.21000000089406967
77.715245778,842346916717380896,842346917491820992,177,45,34843015000000,2026-09-10T09:14:32.423372+00:00,interpolated,-2.7300000116229057,4.620000019669533,-0.5600000023841858
77.734134561,842346916736269679,842346917491820992,177,46,34843015000000,2026-09-10T09:14:32.423372+00:00,interpolated,-2.6600000113248825,4.060000017285347,-0.7700000032782555
77.753023344,842346916755158462,842346917491820992,177,47,34843015000000,2026-09-10T09:14:32.423372+00:00,interpolated,-2.870000012218952,3.430000014603138,-1.1900000050663948
77.771912127,842346916774047245,842346917491820992,177,48,34843015000000,2026-09-10T09:14:32.423372+00:00,interpolated,-2.7300000116229057,2.6600000113248825,-1.6800000071525574
77.790800909,842346916792936027,842346917491820992,177,49,34843015000000,2026-09-10T09:14:32.423372+00:00,interpolated,-1.7500000074505806,2.17000000923872,-2.1000000089406967
77.809689692,842346916811824810,842346917491820992,177,50,34843015000000,2026-09-10T09:14:32.423372+00:00,interpolated,-1.6800000071525574,1.1900000050663948,-2.0300000086426735
77.828578475,842346916830713593,842346917491820992,177,51,34843015000000,2026-09-10T09:14:32.423372+00:00,interpolated,-1.7500000074505806,0.14000000059604645,-2.520000010728836
77.847467258,842346916849602376,842346917491820992,177,52,34843015000000,2026-09-10T09:14:32.423372+00:00,interpolated,-0.9800000041723251,-0.49000000208616257,-2.6600000113248825
77.866356041,842346916868491159,842346917491820992,177,53,34843015000000,2026-09-10T09:14:32.423372+00:00,interpolated,-0.42000000178813934,-2.17000000923872,-2.3100000098347664
77.885244824,842346916887379942,842346917491820992,177,54,34843015000000,2026-09-10T09:14:32.423372+00:00,interpolated,-0.7000000029802322,-2.3800000101327896,-2.6600000113248825
77.904133606,842346916906268724,842346917491820992,177,55,34843015000000,2026-09-10T09:14:32.423372+00:00,interpolated,-0.42000000178813934,-1.890000008046627,-2.520000010728836
77.923022389,842346916925157507,842346917491820992,177,56,34843015000000,2026-09-10T09:14:32.423372+00:00,interpolated,0.07000000029802322,-2.870000012218952,-2.3800000101327896
77.941911172,842346916944046290,842346917491820992,177,57,34843015000000,2026-09-10T09:14:32.423372+00:00,interpolated,0.07000000029802322,-3.080000013113022,-2.17000000923872
77.960799955,842346916962935073,842346917491820992,177,58,34843015000000,2026-09-10T09:14:32.423372+00:00,interpolated,-0.3500000014901161,-1.8200000077486038,-1.1200000047683716
77.979688738,842346916981823856,842346917491820992,177,59,34843015000000,2026-09-10T09:14:32.423372+00:00,interpolated,-0.3500000014901161,-0.14000000059604645,-0.49000000208616257
77.99857752,842346917000712638,842346917491820992,177,60,34843015000000,2026-09-10T09:14:32.423372+00:00,interpolated,-0.3500000014901161,1.3300000056624413,-0.7700000032782555
78.017466303,842346917019601421,842346917491820992,177,61,34843015000000,2026-09-10T09:14:32.423372+00:00,interpolated,-0.7000000029802322,1.4000000059604645,-1.1200000047683716
78.036355086,842346917038490204,842346917491820992,177,62,34843015000000,2026-09-10T09:14:32.423372+00:00,interpolated,-1.540000006556511,0.5600000023841858,-1.1900000050663948
78.055243869,842346917057378987,842346917491820992,177,63,34843015000000,2026-09-10T09:14:32.423372+00:00,interpolated,-2.0300000086426735,-0.7000000029802322,-1.1200000047683716
78.074132652,842346917076267770,842346917491820992,177,64,34843015000000,2026-09-10T09:14:32.423372+00:00,interpolated,-2.0300000086426735,-0.7700000032782555,-0.8400000035762787
78.093021435,842346917095156553,842346917491820992,177,65,34843015000000,2026-09-10T09:14:32.423372+00:00,interpolated,-1.7500000074505806,-0.5600000023841858,-0.630000002682209
78.111910217,842346917114045335,842346917491820992,177,66,34843015000000,2026-09-10T09:14:32.423372+00:00,interpolated,-0.9100000038743019,-0.14000000059604645,-0.7000000029802322
78.130799,842346917132934118,842346917491820992,177,67,34843015000000,2026-09-10T09:14:32.423372+00:00,interpolated,0.9100000038743019,-0.14000000059604645,-0.8400000035762787
78.149687783,842346917151822901,842346917491820992,177,68,34843015000000,2026-09-10T09:14:32.423372+00:00,interpolated,3.150000013411045,-0.9800000041723251,-0.8400000035762787
78.168576566,842346917170711684,842346917491820992,177,69,34843015000000,2026-09-10T09:14:32.423372+00:00,interpolated,4.970000021159649,-2.0300000086426735,-1.0500000044703484
78.187465349,842346917189600467,842346917491820992,177,70,34843015000000,2026-09-10T09:14:32.423372+00:00,interpolated,6.790000028908253,-3.080000013113022,-1.1900000050663948
78.206354132,842346917208489250,842346917491820992,177,71,34843015000000,2026-09-10T09:14:32.423372+00:00,interpolated,7.9800000339746475,-3.6400000154972076,-1.1200000047683716
78.225242914,842346917227378032,842346917491820992,177,72,34843015000000,2026-09-10T09:14:32.423372+00:00,interpolated,7.840000033378601,-4.200000017881393,-1.0500000044703484
78.244131697,842346917246266815,842346917491820992,177,73,34843015000000,2026-09-10T09:14:32.423372+00:00,interpolated,7.140000030398369,-5.110000021755695,-0.5600000023841858
78.26302048,842346917265155598,842346917491820992,177,74,34843015000000,2026-09-10T09:14:32.423372+00:00,interpolated,6.020000025629997,-5.740000024437904,-0.2800000011920929
78.281909263,842346917284044381,842346917491820992,177,75,34843015000000,2026-09-10T09:14:32.423372+00:00,interpolated,4.760000020265579,-5.180000022053719,-0.2800000011920929
78.300798046,842346917302933164,842346917491820992,177,76,34843015000000,2026-09-10T09:14:32.423372+00:00,interpolated,3.500000014901161,-3.780000016093254,-0.14000000059604645
78.319686829,842346917321821947,842346917491820992,177,77,34843015000000,2026-09-10T09:14:32.423372+00:00,interpolated,2.3100000098347664,-2.450000010430813,-0.14000000059604645
78.338575611,842346917340710729,842346917491820992,177,78,34843015000000,2026-09-10T09:14:32.423372+00:00,interpolated,1.540000006556511,-0.2800000011920929,-0.3500000014901161
78.357464394,842346917359599512,842346917491820992,177,79,34843015000000,2026-09-10T09:14:32.423372+00:00,interpolated,0.42000000178813934,1.0500000044703484,-0.14000000059604645
78.376353177,842346917378488295,842346917491820992,177,80,34843015000000,2026-09-10T09:14:32.423372+00:00,interpolated,-0.9100000038743019,1.540000006556511,-0.07000000029802322
78.39524196,842346917397377078,842346917491820992,177,81,34843015000000,2026-09-10T09:14:32.423372+00:00,interpolated,-2.1000000089406967,1.260000005364418,0.0
78.414130743,842346917416265861,842346917491820992,177,82,34843015000000,2026-09-10T09:14:32.423372+00:00,interpolated,-3.0100000128149986,1.890000008046627,-0.2800000011920929
78.433019526,842346917435154644,842346917491820992,177,83,34843015000000,2026-09-10T09:14:32.423372+00:00,interpolated,-3.150000013411045,2.7300000116229057,-0.21000000089406967
78.451908308,842346917454043426,842346917491820992,177,84,34843015000000,2026-09-10T09:14:32.423372+00:00,interpolated,-2.800000011920929,3.3600000143051147,0.07000000029802322
78.470797091,842346917472932209,842346917491820992,177,85,34843015000000,2026-09-10T09:14:32.423372+00:00,interpolated,-1.540000006556511,4.34000001847744,0.07000000029802322
78.489685874,842346917491820992,842346917491820992,177,86,34843015000000,2026-09-10T09:14:32.423372+00:00,interpolated,-0.3500000014901161,4.620000019669533,0.49000000208616257
78.508574867,842346917510709985,842346919135163414,180,0,34844921000000,2026-09-10T09:14:34.343092+00:00,interpolated,0.21000000089406967,3.6400000154972076,0.7000000029802322
78.527463861,842346917529598979,842346919135163414,180,1,34844921000000,2026-09-10T09:14:34.343092+00:00,interpolated,0.49000000208616257,3.6400000154972076,0.07000000029802322
78.546352854,842346917548487972,842346919135163414,180,2,34844921000000,2026-09-10T09:14:34.343092+00:00,interpolated,1.3300000056624413,4.13000001758337,0.3500000014901161
78.565241847,842346917567376965,842346919135163414,180,3,34844921000000,2026-09-10T09:14:34.343092+00:00,interpolated,2.450000010430813,5.040000021457672,0.7700000032782555
78.584130841,842346917586265959,842346919135163414,180,4,34844921000000,2026-09-10T09:14:34.343092+00:00,interpolated,3.150000013411045,6.440000027418137,0.9800000041723251
78.603019834,842346917605154952,842346919135163414,180,5,34844921000000,2026-09-10T09:14:34.343092+00:00,interpolated,3.430000014603138,7.210000030696392,1.260000005364418
78.621908827,842346917624043945,842346919135163414,180,6,34844921000000,2026-09-10T09:14:34.343092+00:00,interpolated,3.3600000143051147,7.560000032186508,0.9800000041723251
78.640797821,842346917642932939,842346919135163414,180,7,34844921000000,2026-09-10T09:14:34.343092+00:00,interpolated,2.5900000110268593,8.540000036358833,0.14000000059604645
78.659686814,842346917661821932,842346919135163414,180,8,34844921000000,2026-09-10T09:14:34.343092+00:00,interpolated,1.6800000071525574,8.330000035464764,-0.42000000178813934
78.678575808,842346917680710926,842346919135163414,180,9,34844921000000,2026-09-10T09:14:34.343092+00:00,interpolated,1.0500000044703484,5.670000024139881,-0.3500000014901161
78.697464801,842346917699599919,842346919135163414,180,10,34844921000000,2026-09-10T09:14:34.343092+00:00,interpolated,0.14000000059604645,3.2200000137090683,-0.3500000014901161
78.716353794,842346917718488912,842346919135163414,180,11,34844921000000,2026-09-10T09:14:34.343092+00:00,interpolated,-1.0500000044703484,2.240000009536743,-0.5600000023841858
78.735242788,842346917737377906,842346919135163414,180,12,34844921000000,2026-09-10T09:14:34.343092+00:00,interpolated,-1.1200000047683716,1.4700000062584877,-1.1200000047683716
78.754131781,842346917756266899,842346919135163414,180,13,34844921000000,2026-09-10T09:14:34.343092+00:00,interpolated,-0.42000000178813934,1.1200000047683716,-1.540000006556511
78.773020774,842346917775155892,842346919135163414,180,14,34844921000000,2026-09-10T09:14:34.343092+00:00,interpolated,0.42000000178813934,1.4000000059604645,-1.6800000071525574
78.791909768,842346917794044886,842346919135163414,180,15,34844921000000,2026-09-10T09:14:34.343092+00:00,interpolated,0.8400000035762787,1.0500000044703484,-1.9600000083446503
78.810798761,842346917812933879,842346919135163414,180,16,34844921000000,2026-09-10T09:14:34.343092+00:00,interpolated,1.0500000044703484,-0.2800000011920929,-2.5900000110268593
78.829687754,842346917831822872,842346919135163414,180,17,34844921000000,2026-09-10T09:14:34.343092+00:00,interpolated,0.630000002682209,-1.260000005364418,-2.870000012218952
78.848576748,842346917850711866,842346919135163414,180,18,34844921000000,2026-09-10T09:14:34.343092+00:00,interpolated,-0.07000000029802322,-1.4000000059604645,-2.7300000116229057
78.867465741,842346917869600859,842346919135163414,180,19,34844921000000,2026-09-10T09:14:34.343092+00:00,interpolated,-0.14000000059604645,-0.9800000041723251,-1.9600000083446503
78.886354734,842346917888489852,842346919135163414,180,20,34844921000000,2026-09-10T09:14:34.343092+00:00,interpolated,-0.630000002682209,0.21000000089406967,-1.4000000059604645
78.905243728,842346917907378846,842346919135163414,180,21,34844921000000,2026-09-10T09:14:34.343092+00:00,interpolated,-0.630000002682209,1.6800000071525574,-1.6100000068545341
78.924132721,842346917926267839,842346919135163414,180,22,34844921000000,2026-09-10T09:14:34.343092+00:00,interpolated,-0.8400000035762787,2.6600000113248825,-1.890000008046627
78.943021715,842346917945156833,842346919135163414,180,23,34844921000000,2026-09-10T09:14:34.343092+00:00,interpolated,-1.8200000077486038,2.520000010728836,-2.1000000089406967
78.961910708,842346917964045826,842346919135163414,180,24,34844921000000,2026-09-10T09:14:34.343092+00:00,interpolated,-2.240000009536743,2.3100000098347664,-2.0300000086426735
78.980799701,842346917982934819,842346919135163414,180,25,34844921000000,2026-09-10T09:14:34.343092+00:00,interpolated,-1.9600000083446503,1.8200000077486038,-1.4700000062584877
78.999688695,842346918001823813,842346919135163414,180,26,34844921000000,2026-09-10T09:14:34.343092+00:00,interpolated,-1.9600000083446503,1.3300000056624413,-1.260000005364418
79.018577688,842346918020712806,842346919135163414,180,27,34844921000000,2026-09-10T09:14:34.343092+00:00,interpolated,-1.7500000074505806,0.8400000035762787,-1.0500000044703484
79.037466681,842346918039601799,842346919135163414,180,28,34844921000000,2026-09-10T09:14:34.343092+00:00,interpolated,-1.3300000056624413,0.9800000041723251,-0.7700000032782555
79.056355675,842346918058490793,842346919135163414,180,29,34844921000000,2026-09-10T09:14:34.343092+00:00,interpolated,-1.3300000056624413,1.540000006556511,-0.7000000029802322
79.075244668,842346918077379786,842346919135163414,180,30,34844921000000,2026-09-10T09:14:34.343092+00:00,interpolated,-1.3300000056624413,1.6100000068545341,-0.7000000029802322
79.094133661,842346918096268779,842346919135163414,180,31,34844921000000,2026-09-10T09:14:34.343092+00:00,interpolated,-1.1900000050663948,1.9600000083446503,-0.7700000032782555
79.113022655,842346918115157773,842346919135163414,180,32,34844921000000,2026-09-10T09:14:34.343092+00:00,interpolated,-1.1900000050663948,2.17000000923872,-1.4700000062584877
79.131911648,842346918134046766,842346919135163414,180,33,34844921000000,2026-09-10T09:14:34.343092+00:00,interpolated,-1.3300000056624413,1.6100000068545341,-1.4700000062584877
79.150800641,842346918152935759,842346919135163414,180,34,34844921000000,2026-09-10T09:14:34.343092+00:00,interpolated,-1.7500000074505806,0.5600000023841858,-1.1900000050663948
79.169689635,842346918171824753,842346919135163414,180,35,34844921000000,2026-09-10T09:14:34.343092+00:00,interpolated,-2.1000000089406967,0.07000000029802322,-1.6100000068545341
79.188578628,842346918190713746,842346919135163414,180,36,34844921000000,2026-09-10T09:14:34.343092+00:00,interpolated,-1.9600000083446503,0.49000000208616257,-1.3300000056624413
79.207467622,842346918209602740,842346919135163414,180,37,34844921000000,2026-09-10T09:14:34.343092+00:00,interpolated,-1.260000005364418,1.0500000044703484,-0.9100000038743019
79.226356615,842346918228491733,842346919135163414,180,38,34844921000000,2026-09-10T09:14:34.343092+00:00,interpolated,-1.1900000050663948,1.7500000074505806,-0.5600000023841858
79.245245608,842346918247380726,842346919135163414,180,39,34844921000000,2026-09-10T09:14:34.343092+00:00,interpolated,-1.4000000059604645,2.6600000113248825,-0.49000000208616257
79.264134602,842346918266269720,842346919135163414,180,40,34844921000000,2026-09-10T09:14:34.343092+00:00,interpolated,-1.4000000059604645,2.870000012218952,-1.0500000044703484
79.283023595,842346918285158713,842346919135163414,180,41,34844921000000,2026-09-10T09:14:34.343092+00:00,interpolated,-1.8200000077486038,2.17000000923872,-1.260000005364418
79.301912588,842346918304047706,842346919135163414,180,42,34844921000000,2026-09-10T09:14:34.343092+00:00,interpolated,-2.450000010430813,1.6100000068545341,-1.4000000059604645
79.320801582,842346918322936700,842346919135163414,180,43,34844921000000,2026-09-10T09:14:34.343092+00:00,interpolated,-2.520000010728836,1.3300000056624413,-1.540000006556511
79.339690575,842346918341825693,842346919135163414,180,44,34844921000000,2026-09-10T09:14:34.343092+00:00,interpolated,-2.520000010728836,1.1900000050663948,-1.8200000077486038
79.358579568,842346918360714686,842346919135163414,180,45,34844921000000,2026-09-10T09:14:34.343092+00:00,interpolated,-2.0300000086426735,1.1200000047683716,-1.9600000083446503
79.377468562,842346918379603680,842346919135163414,180,46,34844921000000,2026-09-10T09:14:34.343092+00:00,interpolated,-2.17000000923872,1.3300000056624413,-1.8200000077486038
79.396357555,842346918398492673,842346919135163414,180,47,34844921000000,2026-09-10T09:14:34.343092+00:00,interpolated,-2.240000009536743,1.8200000077486038,-1.540000006556511
79.415246548,842346918417381666,842346919135163414,180,48,34844921000000,2026-09-10T09:14:34.343092+00:00,interpolated,-2.3100000098347664,2.240000009536743,-1.6800000071525574
79.434135542,842346918436270660,842346919135163414,180,49,34844921000000,2026-09-10T09:14:34.343092+00:00,interpolated,-2.520000010728836,1.8200000077486038,-1.7500000074505806
79.453024535,842346918455159653,842346919135163414,180,50,34844921000000,2026-09-10T09:14:34.343092+00:00,interpolated,-2.7300000116229057,0.8400000035762787,-1.8200000077486038
79.471913529,842346918474048647,842346919135163414,180,51,34844921000000,2026-09-10T09:14:34.343092+00:00,interpolated,-3.0100000128149986,0.630000002682209,-1.9600000083446503
79.490802522,842346918492937640,842346919135163414,180,52,34844921000000,2026-09-10T09:14:34.343092+00:00,interpolated,-2.800000011920929,0.8400000035762787,-2.0300000086426735
79.509691515,842346918511826633,842346919135163414,180,53,34844921000000,2026-09-10T09:14:34.343092+00:00,interpolated,-3.080000013113022,0.7700000032782555,-1.9600000083446503
79.528580509,842346918530715627,842346919135163414,180,54,34844921000000,2026-09-10T09:14:34.343092+00:00,interpolated,-3.080000013113022,0.7700000032782555,-1.9600000083446503
79.547469502,842346918549604620,842346919135163414,180,55,34844921000000,2026-09-10T09:14:34.343092+00:00,interpolated,-2.800000011920929,1.4000000059604645,-1.9600000083446503
79.566358495,842346918568493613,842346919135163414,180,56,34844921000000,2026-09-10T09:14:34.343092+00:00,interpolated,-2.450000010430813,1.8200000077486038,-1.890000008046627
79.585247489,842346918587382607,842346919135163414,180,57,34844921000000,2026-09-10T09:14:34.343092+00:00,interpolated,-2.1000000089406967,1.6800000071525574,-1.890000008046627
79.604136482,842346918606271600,842346919135163414,180,58,34844921000000,2026-09-10T09:14:34.343092+00:00,interpolated,-2.1000000089406967,1.4000000059604645,-1.8200000077486038
79.623025475,842346918625160593,842346919135163414,180,59,34844921000000,2026-09-10T09:14:34.343092+00:00,interpolated,-1.9600000083446503,1.0500000044703484,-1.8200000077486038
79.641914469,842346918644049587,842346919135163414,180,60,34844921000000,2026-09-10T09:14:34.343092+00:00,interpolated,-1.890000008046627,0.9800000041723251,-1.6800000071525574
79.660803462,842346918662938580,842346919135163414,180,61,34844921000000,2026-09-10T09:14:34.343092+00:00,interpolated,-1.6100000068545341,1.3300000056624413,-1.4700000062584877
79.679692455,842346918681827573,842346919135163414,180,62,34844921000000,2026-09-10T09:14:34.343092+00:00,interpolated,-1.540000006556511,1.6800000071525574,-1.4000000059604645
79.698581449,842346918700716567,842346919135163414,180,63,34844921000000,2026-09-10T09:14:34.343092+00:00,interpolated,-1.4700000062584877,1.9600000083446503,-1.260000005364418
79.717470442,842346918719605560,842346919135163414,180,64,34844921000000,2026-09-10T09:14:34.343092+00:00,interpolated,-1.4700000062584877,1.9600000083446503,-1.1900000050663948
79.736359436,842346918738494554,842346919135163414,180,65,34844921000000,2026-09-10T09:14:34.343092+00:00,interpolated,-1.6800000071525574,1.6100000068545341,-0.9800000041723251
79.755248429,842346918757383547,842346919135163414,180,66,34844921000000,2026-09-10T09:14:34.343092+00:00,interpolated,-2.17000000923872,1.3300000056624413,-1.4000000059604645
79.774137422,842346918776272540,842346919135163414,180,67,34844921000000,2026-09-10T09:14:34.343092+00:00,interpolated,-1.9600000083446503,1.6100000068545341,-1.6100000068545341
79.793026416,842346918795161534,842346919135163414,180,68,34844921000000,2026-09-10T09:14:34.343092+00:00,interpolated,-1.9600000083446503,0.9100000038743019,-0.9800000041723251
79.811915409,842346918814050527,842346919135163414,180,69,34844921000000,2026-09-10T09:14:34.343092+00:00,interpolated,-2.3100000098347664,0.7000000029802322,-1.260000005364418
79.830804402,842346918832939520,842346919135163414,180,70,34844921000000,2026-09-10T09:14:34.343092+00:00,interpolated,-2.3100000098347664,1.1900000050663948,-1.0500000044703484
79.849693396,842346918851828514,842346919135163414,180,71,34844921000000,2026-09-10T09:14:34.343092+00:00,interpolated,-1.6800000071525574,1.1200000047683716,-0.8400000035762787
79.868582389,842346918870717507,842346919135163414,180,72,34844921000000,2026-09-10T09:14:34.343092+00:00,interpolated,-1.4700000062584877,1.0500000044703484,-0.7700000032782555
79.887471382,842346918889606500,842346919135163414,180,73,34844921000000,2026-09-10T09:14:34.343092+00:00,interpolated,-1.6100000068545341,1.4700000062584877,-0.42000000178813934
79.906360376,842346918908495494,842346919135163414,180,74,34844921000000,2026-09-10T09:14:34.343092+00:00,interpolated,-1.4000000059604645,2.450000010430813,-0.5600000023841858
79.925249369,842346918927384487,842346919135163414,180,75,34844921000000,2026-09-10T09:14:34.343092+00:00,interpolated,-1.0500000044703484,3.3600000143051147,-1.0500000044703484
79.944138362,842346918946273480,842346919135163414,180,76,34844921000000,2026-09-10T09:14:34.343092+00:00,interpolated,-1.260000005364418,3.3600000143051147,-1.260000005364418
79.963027356,842346918965162474,842346919135163414,180,77,34844921000000,2026-09-10T09:14:34.343092+00:00,interpolated,-1.890000008046627,2.5900000110268593,-1.3300000056624413
79.981916349,842346918984051467,842346919135163414,180,78,34844921000000,2026-09-10T09:14:34.343092+00:00,interpolated,-2.3100000098347664,1.890000008046627,-1.260000005364418
80.000805343,842346919002940461,842346919135163414,180,79,34844921000000,2026-09-10T09:14:34.343092+00:00,interpolated,-2.240000009536743,1.540000006556511,-1.1200000047683716
80.019694336,842346919021829454,842346919135163414,180,80,34844921000000,2026-09-10T09:14:34.343092+00:00,interpolated,-2.17000000923872,1.260000005364418,-1.3300000056624413
80.038583329,842346919040718447,842346919135163414,180,81,34844921000000,2026-09-10T09:14:34.343092+00:00,interpolated,-1.890000008046627,1.7500000074505806,-1.1200000047683716
80.057472323,842346919059607441,842346919135163414,180,82,34844921000000,2026-09-10T09:14:34.343092+00:00,interpolated,-1.7500000074505806,2.520000010728836,-0.9800000041723251
80.076361316,842346919078496434,842346919135163414,180,83,34844921000000,2026-09-10T09:14:34.343092+00:00,interpolated,-1.6100000068545341,2.1000000089406967,-1.0500000044703484
80.095250309,842346919097385427,842346919135163414,180,84,34844921000000,2026-09-10T09:14:34.343092+00:00,interpolated,-1.540000006556511,1.6100000068545341,-1.260000005364418
80.114139303,842346919116274421,842346919135163414,180,85,34844921000000,2026-09-10T09:14:34.343092+00:00,interpolated,-1.9600000083446503,1.1900000050663948,-1.3300000056624413
80.133028296,842346919135163414,842346919135163414,180,86,34844921000000,2026-09-10T09:14:34.343092+00:00,interpolated,-2.450000010430813,0.7000000029802322,-1.4000000059604645
80.151917107,842346919154052225,842346920457380178,184,0,34846046000000,2026-09-10T09:14:35.453997+00:00,interpolated,-2.6600000113248825,0.9800000041723251,-1.260000005364418
80.170805918,842346919172941036,842346920457380178,184,1,34846046000000,2026-09-10T09:14:35.453997+00:00,interpolated,-2.5900000110268593,1.4000000059604645,-1.0500000044703484
80.189694729,842346919191829847,842346920457380178,184,2,34846046000000,2026-09-10T09:14:35.453997+00:00,interpolated,-2.3100000098347664,1.8200000077486038,-0.8400000035762787
80.20858354,842346919210718658,842346920457380178,184,3,34846046000000,2026-09-10T09:14:35.453997+00:00,interpolated,-1.7500000074505806,2.240000009536743,-0.630000002682209
80.227472351,842346919229607469,842346920457380178,184,4,34846046000000,2026-09-10T09:14:35.453997+00:00,interpolated,-1.890000008046627,2.6600000113248825,-0.7700000032782555
80.246361161,842346919248496279,842346920457380178,184,5,34846046000000,2026-09-10T09:14:35.453997+00:00,interpolated,-2.1000000089406967,2.5900000110268593,-0.9800000041723251
80.265249972,842346919267385090,842346920457380178,184,6,34846046000000,2026-09-10T09:14:35.453997+00:00,interpolated,-2.6600000113248825,2.17000000923872,-1.0500000044703484
80.284138783,842346919286273901,842346920457380178,184,7,34846046000000,2026-09-10T09:14:35.453997+00:00,interpolated,-2.870000012218952,1.4000000059604645,-0.8400000035762787
80.303027594,842346919305162712,842346920457380178,184,8,34846046000000,2026-09-10T09:14:35.453997+00:00,interpolated,-3.080000013113022,0.9800000041723251,-0.8400000035762787
80.321916405,842346919324051523,842346920457380178,184,9,34846046000000,2026-09-10T09:14:35.453997+00:00,interpolated,-2.800000011920929,1.4700000062584877,-0.9800000041723251
80.340805216,842346919342940334,842346920457380178,184,10,34846046000000,2026-09-10T09:14:35.453997+00:00,interpolated,-2.3800000101327896,2.0300000086426735,-1.0500000044703484
80.359694027,842346919361829145,842346920457380178,184,11,34846046000000,2026-09-10T09:14:35.453997+00:00,interpolated,-2.3100000098347664,2.1000000089406967,-0.9100000038743019
80.378582838,842346919380717956,842346920457380178,184,12,34846046000000,2026-09-10T09:14:35.453997+00:00,interpolated,-2.3800000101327896,1.6800000071525574,-0.9100000038743019
80.397471649,842346919399606767,842346920457380178,184,13,34846046000000,2026-09-10T09:14:35.453997+00:00,interpolated,-2.5900000110268593,1.1900000050663948,-0.8400000035762787
80.41636046,842346919418495578,842346920457380178,184,14,34846046000000,2026-09-10T09:14:35.453997+00:00,interpolated,-2.7300000116229057,1.4000000059604645,-1.540000006556511
80.435249271,842346919437384389,842346920457380178,184,15,34846046000000,2026-09-10T09:14:35.453997+00:00,interpolated,-2.3100000098347664,1.4000000059604645,-1.3300000056624413
80.454138082,842346919456273200,842346920457380178,184,16,34846046000000,2026-09-10T09:14:35.453997+00:00,interpolated,-2.7300000116229057,-0.21000000089406967,-1.0500000044703484
80.473026892,842346919475162010,842346920457380178,184,17,34846046000000,2026-09-10T09:14:35.453997+00:00,interpolated,-3.430000014603138,0.07000000029802322,-1.540000006556511
80.491915703,842346919494050821,842346920457380178,184,18,34846046000000,2026-09-10T09:14:35.453997+00:00,interpolated,-3.3600000143051147,1.1200000047683716,-0.9100000038743019
80.510804514,842346919512939632,842346920457380178,184,19,34846046000000,2026-09-10T09:14:35.453997+00:00,interpolated,-2.870000012218952,1.3300000056624413,-0.49000000208616257
80.529693325,842346919531828443,842346920457380178,184,20,34846046000000,2026-09-10T09:14:35.453997+00:00,interpolated,-2.6600000113248825,2.1000000089406967,-0.42000000178813934
80.548582136,842346919550717254,842346920457380178,184,21,34846046000000,2026-09-10T09:14:35.453997+00:00,interpolated,-2.450000010430813,3.500000014901161,-0.07000000029802322
80.567470947,842346919569606065,842346920457380178,184,22,34846046000000,2026-09-10T09:14:35.453997+00:00,interpolated,-2.1000000089406967,3.9900000169873238,-0.3500000014901161
80.586359758,842346919588494876,842346920457380178,184,23,34846046000000,2026-09-10T09:14:35.453997+00:00,interpolated,-2.17000000923872,3.150000013411045,-0.7000000029802322
80.605248569,842346919607383687,842346920457380178,184,24,34846046000000,2026-09-10T09:14:35.453997+00:00,interpolated,-2.520000010728836,2.3100000098347664,-0.3500000014901161
80.62413738,842346919626272498,842346920457380178,184,25,34846046000000,2026-09-10T09:14:35.453997+00:00,interpolated,-2.520000010728836,2.3800000101327896,0.3500000014901161
80.643026191,842346919645161309,842346920457380178,184,26,34846046000000,2026-09-10T09:14:35.453997+00:00,interpolated,-1.890000008046627,2.6600000113248825,1.1900000050663948
80.661915002,842346919664050120,842346920457380178,184,27,34846046000000,2026-09-10T09:14:35.453997+00:00,interpolated,-1.1200000047683716,3.080000013113022,2.5900000110268593
80.680803813,842346919682938931,842346920457380178,184,28,34846046000000,2026-09-10T09:14:35.453997+00:00,interpolated,0.9800000041723251,5.110000021755695,4.900000020861626
80.699692623,842346919701827741,842346920457380178,184,29,34846046000000,2026-09-10T09:14:35.453997+00:00,interpolated,5.740000024437904,7.490000031888485,7.910000033676624
80.718581434,842346919720716552,842346920457380178,184,30,34846046000000,2026-09-10T09:14:35.453997+00:00,interpolated,12.530000053346157,12.180000051856041,11.340000048279762
80.737470245,842346919739605363,842346920457380178,184,31,34846046000000,2026-09-10T09:14:35.453997+00:00,interpolated,18.760000079870224,20.86000008881092,14.700000062584877
80.756359056,842346919758494174,842346920457380178,184,32,34846046000000,2026-09-10T09:14:35.453997+00:00,interpolated,24.920000106096268,28.980000123381615,17.710000075399876
80.775247867,842346919777382985,842346920457380178,184,33,34846046000000,2026-09-10T09:14:35.453997+00:00,interpolated,31.71000013500452,31.50000013411045,16.240000069141388
80.794136678,842346919796271796,842346920457380178,184,34,34846046000000,2026-09-10T09:14:35.453997+00:00,interpolated,35.77000015228987,24.850000105798244,13.090000055730343
80.813025489,842346919815160607,842346920457380178,184,35,34846046000000,2026-09-10T09:14:35.453997+00:00,interpolated,35.42000015079975,14.420000061392784,14.210000060498714
80.8319143,842346919834049418,842346920457380178,184,36,34846046000000,2026-09-10T09:14:35.453997+00:00,interpolated,28.42000012099743,6.440000027418137,16.52000007033348
80.850803111,842346919852938229,842346920457380178,184,37,34846046000000,2026-09-10T09:14:35.453997+00:00,interpolated,17.850000075995922,7.700000032782555,18.970000080764294
80.869691922,842346919871827040,842346920457380178,184,38,34846046000000,2026-09-10T09:14:35.453997+00:00,interpolated,11.130000047385693,18.760000079870224,20.370000086724758
80.888580733,842346919890715851,842346920457380178,184,39,34846046000000,2026-09-10T09:14:35.453997+00:00,interpolated,15.750000067055225,36.54000015556812,21.420000091195107
80.907469543,842346919909604661,842346920457380178,184,40,34846046000000,2026-09-10T09:14:35.453997+00:00,interpolated,20.090000085532665,52.430000223219395,25.20000010728836
80.926358354,842346919928493472,842346920457380178,184,41,34846046000000,2026-09-10T09:14:35.453997+00:00,interpolated,9.450000040233135,50.40000021457672,28.700000122189522
80.945247165,842346919947382283,842346920457380178,184,42,34846046000000,2026-09-10T09:14:35.453997+00:00,interpolated,1.3300000056624413,42.420000180602074,30.660000130534172
80.964135976,842346919966271094,842346920457380178,184,43,34846046000000,2026-09-10T09:14:35.453997+00:00,interpolated,-2.6600000113248825,35.490000151097775,28.84000012278557
80.983024787,842346919985159905,842346920457380178,184,44,34846046000000,2026-09-10T09:14:35.453997+00:00,interpolated,-4.970000021159649,34.58000014722347,24.430000104010105
81.001913598,842346920004048716,842346920457380178,184,45,34846046000000,2026-09-10T09:14:35.453997+00:00,interpolated,-6.51000002771616,33.320000141859055,21.91000009328127
81.020802409,842346920022937527,842346920457380178,184,46,34846046000000,2026-09-10T09:14:35.453997+00:00,interpolated,-7.700000032782555,22.33000009506941,21.91000009328127
81.03969122,842346920041826338,842346920457380178,184,47,34846046000000,2026-09-10T09:14:35.453997+00:00,interpolated,-10.150000043213367,6.30000002682209,21.91000009328127
81.058580031,842346920060715149,842346920457380178,184,48,34846046000000,2026-09-10T09:14:35.453997+00:00,interpolated,-10.780000045895576,-3.5700000151991844,20.16000008583069
81.077468842,842346920079603960,842346920457380178,184,49,34846046000000,2026-09-10T09:14:35.453997+00:00,interpolated,-12.040000051259995,-8.820000037550926,16.450000070035458
81.096357653,842346920098492771,842346920457380178,184,50,34846046000000,2026-09-10T09:14:35.453997+00:00,interpolated,-12.530000053346157,-12.670000053942204,12.250000052154064
81.115246464,842346920117381582,842346920457380178,184,51,34846046000000,2026-09-10T09:14:35.453997+00:00,interpolated,-9.240000039339066,-12.530000053346157,8.750000037252903
81.134135274,842346920136270392,842346920457380178,184,52,34846046000000,2026-09-10T09:14:35.453997+00:00,interpolated,-4.690000019967556,-8.68000003695488,5.880000025033951
81.153024085,842346920155159203,842346920457380178,184,53,34846046000000,2026-09-10T09:14:35.453997+00:00,interpolated,-3.430000014603138,-4.410000018775463,3.2200000137090683
81.171912896,842346920174048014,842346920457380178,184,54,34846046000000,2026-09-10T09:14:35.453997+00:00,interpolated,-3.780000016093254,-1.3300000056624413,1.4000000059604645
81.190801707,842346920192936825,842346920457380178,184,55,34846046000000,2026-09-10T09:14:35.453997+00:00,interpolated,-3.5700000151991844,-0.42000000178813934,0.5600000023841858
81.209690518,842346920211825636,842346920457380178,184,56,34846046000000,2026-09-10T09:14:35.453997+00:00,interpolated,-3.080000013113022,-0.9800000041723251,-0.21000000089406967
81.228579329,842346920230714447,842346920457380178,184,57,34846046000000,2026-09-10T09:14:35.453997+00:00,interpolated,-3.8500000163912773,-1.260000005364418,-1.1200000047683716
81.24746814,842346920249603258,842346920457380178,184,58,34846046000000,2026-09-10T09:14:35.453997+00:00,interpolated,-5.320000022649765,-1.9600000083446503,-1.0500000044703484
81.266356951,842346920268492069,842346920457380178,184,59,34846046000000,2026-09-10T09:14:35.453997+00:00,interpolated,-6.440000027418137,-3.5700000151991844,-0.630000002682209
81.285245762,842346920287380880,842346920457380178,184,60,34846046000000,2026-09-10T09:14:35.453997+00:00,interpolated,-7.630000032484531,-3.8500000163912773,0.07000000029802322
81.304134573,842346920306269691,842346920457380178,184,61,34846046000000,2026-09-10T09:14:35.453997+00:00,interpolated,-7.910000033676624,-0.9100000038743019,1.3300000056624413
81.323023384,842346920325158502,842346920457380178,184,62,34846046000000,2026-09-10T09:14:35.453997+00:00,interpolated,-7.3500000312924385,2.3100000098347664,1.6100000068545341
81.341912195,842346920344047313,842346920457380178,184,63,34846046000000,2026-09-10T09:14:35.453997+00:00,interpolated,-6.7200000286102295,3.780000016093254,1.1900000050663948
81.360801005,842346920362936123,842346920457380178,184,64,34846046000000,2026-09-10T09:14:35.453997+00:00,interpolated,-4.270000018179417,5.880000025033951,1.1200000047683716
81.379689816,842346920381824934,842346920457380178,184,65,34846046000000,2026-09-10T09:14:35.453997+00:00,interpolated,-2.0300000086426735,7.420000031590462,0.7000000029802322
81.398578627,842346920400713745,842346920457380178,184,66,34846046000000,2026-09-10T09:14:35.453997+00:00,interpolated,-0.07000000029802322,7.770000033080578,-1.0500000044703484
81.417467438,842346920419602556,842346920457380178,184,67,34846046000000,2026-09-10T09:14:35.453997+00:00,interpolated,1.8200000077486038,8.750000037252903,-3.2900000140070915
81.436356249,842346920438491367,842346920457380178,184,68,34846046000000,2026-09-10T09:14:35.453997+00:00,interpolated,2.240000009536743,10.8500000461936,-5.040000021457672
81.45524506,842346920457380178,842346920457380178,184,69,34846046000000,2026-09-10T09:14:35.453997+00:00,interpolated,2.450000010430813,13.23000005632639,-4.970000021159649
81.474133684,842346920476268802,842346921628474858,187,0,34847187000000,2026-09-10T09:14:36.596204+00:00,interpolated,3.2200000137090683,13.510000057518482,-2.800000011920929
81.493022308,842346920495157426,842346921628474858,187,1,34847187000000,2026-09-10T09:14:36.596204+00:00,interpolated,2.870000012218952,10.43000004440546,-1.6800000071525574
81.511910932,842346920514046050,842346921628474858,187,2,34847187000000,2026-09-10T09:14:36.596204+00:00,interpolated,-0.21000000089406967,4.270000018179417,-1.6100000068545341
81.530799555,842346920532934673,842346921628474858,187,3,34847187000000,2026-09-10T09:14:36.596204+00:00,interpolated,-1.6800000071525574,-2.0300000086426735,-1.1900000050663948
81.549688179,842346920551823297,842346921628474858,187,4,34847187000000,2026-09-10T09:14:36.596204+00:00,interpolated,-2.450000010430813,-4.760000020265579,-1.9600000083446503
81.568576803,842346920570711921,842346921628474858,187,5,34847187000000,2026-09-10T09:14:36.596204+00:00,interpolated,-0.9100000038743019,-3.500000014901161,-4.200000017881393
81.587465427,842346920589600545,842346921628474858,187,6,34847187000000,2026-09-10T09:14:36.596204+00:00,interpolated,3.150000013411045,0.2800000011920929,-6.930000029504299
81.606354051,842346920608489169,842346921628474858,187,7,34847187000000,2026-09-10T09:14:36.596204+00:00,interpolated,7.070000030100346,3.6400000154972076,-10.8500000461936
81.625242675,842346920627377793,842346921628474858,187,8,34847187000000,2026-09-10T09:14:36.596204+00:00,interpolated,8.400000035762787,4.760000020265579,-15.750000067055225
81.644131299,842346920646266417,842346921628474858,187,9,34847187000000,2026-09-10T09:14:36.596204+00:00,interpolated,7.280000030994415,3.5700000151991844,-19.040000081062317
81.663019923,842346920665155041,842346921628474858,187,10,34847187000000,2026-09-10T09:14:36.596204+00:00,interpolated,2.3800000101327896,-0.7000000029802322,-21.980000093579292
81.681908546,842346920684043664,842346921628474858,187,11,34847187000000,2026-09-10T09:14:36.596204+00:00,interpolated,-3.780000016093254,-5.250000022351742,-25.340000107884407
81.70079717,842346920702932288,842346921628474858,187,12,34847187000000,2026-09-10T09:14:36.596204+00:00,interpolated,-4.13000001758337,-6.440000027418137,-29.33000012487173
81.719685794,842346920721820912,842346921628474858,187,13,34847187000000,2026-09-10T09:14:36.596204+00:00,interpolated,-1.6100000068545341,-5.530000023543835,-32.270000137388706
81.738574418,842346920740709536,842346921628474858,187,14,34847187000000,2026-09-10T09:14:36.596204+00:00,interpolated,-0.5600000023841858,-4.480000019073486,-32.83000013977289
81.757463042,842346920759598160,842346921628474858,187,15,34847187000000,2026-09-10T09:14:36.596204+00:00,interpolated,-1.260000005364418,-1.8200000077486038,-31.850000135600567
81.776351666,842346920778486784,842346921628474858,187,16,34847187000000,2026-09-10T09:14:36.596204+00:00,interpolated,-1.890000008046627,2.6600000113248825,-30.660000130534172
81.79524029,842346920797375408,842346921628474858,187,17,34847187000000,2026-09-10T09:14:36.596204+00:00,interpolated,-3.710000015795231,4.620000019669533,-29.890000127255917
81.814128914,842346920816264032,842346921628474858,187,18,34847187000000,2026-09-10T09:14:36.596204+00:00,interpolated,-7.3500000312924385,2.9400000125169754,-29.5400001257658
81.833017537,842346920835152655,842346921628474858,187,19,34847187000000,2026-09-10T09:14:36.596204+00:00,interpolated,-13.160000056028366,0.2800000011920929,-28.770000122487545
81.851906161,842346920854041279,842346921628474858,187,20,34847187000000,2026-09-10T09:14:36.596204+00:00,interpolated,-16.240000069141388,-3.430000014603138,-24.360000103712082
81.870794785,842346920872929903,842346921628474858,187,21,34847187000000,2026-09-10T09:14:36.596204+00:00,interpolated,-20.930000089108944,-6.650000028312206,-16.870000071823597
81.889683409,842346920891818527,842346921628474858,187,22,34847187000000,2026-09-10T09:14:36.596204+00:00,interpolated,-29.890000127255917,-8.190000034868717,-11.760000050067902
81.908572033,842346920910707151,842346921628474858,187,23,34847187000000,2026-09-10T09:14:36.596204+00:00,interpolated,-36.12000015377998,-14.070000059902668,-7.070000030100346
81.927460657,842346920929595775,842346921628474858,187,24,34847187000000,2026-09-10T09:14:36.596204+00:00,interpolated,-39.69000016897917,-26.46000011265278,-5.390000022947788
81.946349281,842346920948484399,842346921628474858,187,25,34847187000000,2026-09-10T09:14:36.596204+00:00,interpolated,-40.18000017106533,-33.18000014126301,-7.9800000339746475
81.965237905,842346920967373023,842346921628474858,187,26,34847187000000,2026-09-10T09:14:36.596204+00:00,interpolated,-35.84000015258789,-34.79000014811754,-12.040000051259995
81.984126528,842346920986261646,842346921628474858,187,27,34847187000000,2026-09-10T09:14:36.596204+00:00,interpolated,-28.070000119507313,-28.42000012099743,-12.740000054240227
82.003015152,842346921005150270,842346921628474858,187,28,34847187000000,2026-09-10T09:14:36.596204+00:00,interpolated,-17.430000074207783,-16.590000070631504,-10.780000045895576
82.021903776,842346921024038894,842346921628474858,187,29,34847187000000,2026-09-10T09:14:36.596204+00:00,interpolated,-11.480000048875809,-5.950000025331974,-8.190000034868717
82.0407924,842346921042927518,842346921628474858,187,30,34847187000000,2026-09-10T09:14:36.596204+00:00,interpolated,-7.840000033378601,-2.240000009536743,-4.5500000193715096
82.059681024,842346921061816142,842346921628474858,187,31,34847187000000,2026-09-10T09:14:36.596204+00:00,interpolated,-5.600000023841858,-5.530000023543835,-2.6600000113248825
82.078569648,842346921080704766,842346921628474858,187,32,34847187000000,2026-09-10T09:14:36.596204+00:00,interpolated,-5.670000024139881,-11.270000047981739,-3.8500000163912773
82.097458272,842346921099593390,842346921628474858,187,33,34847187000000,2026-09-10T09:14:36.596204+00:00,interpolated,-5.880000025033951,-19.810000084340572,-5.390000022947788
82.116346895,842346921118482013,842346921628474858,187,34,34847187000000,2026-09-10T09:14:36.596204+00:00,interpolated,-7.490000031888485,-26.390000112354755,-5.600000023841858
82.135235519,842346921137370637,842346921628474858,187,35,34847187000000,2026-09-10T09:14:36.596204+00:00,interpolated,-8.330000035464764,-26.320000112056732,-4.270000018179417
82.154124143,842346921156259261,842346921628474858,187,36,34847187000000,2026-09-10T09:14:36.596204+00:00,interpolated,-7.840000033378601,-22.540000095963478,-2.9400000125169754
82.173012767,842346921175147885,842346921628474858,187,37,34847187000000,2026-09-10T09:14:36.596204+00:00,interpolated,-6.51000002771616,-16.240000069141388,-2.450000010430813
82.191901391,842346921194036509,842346921628474858,187,38,34847187000000,2026-09-10T09:14:36.596204+00:00,interpolated,-4.970000021159649,-9.730000041425228,-2.9400000125169754
82.210790015,842346921212925133,842346921628474858,187,39,34847187000000,2026-09-10T09:14:36.596204+00:00,interpolated,-5.600000023841858,-3.430000014603138,-3.8500000163912773
82.229678639,842346921231813757,842346921628474858,187,40,34847187000000,2026-09-10T09:14:36.596204+00:00,interpolated,-7.420000031590462,3.0100000128149986,-4.060000017285347
82.248567263,842346921250702381,842346921628474858,187,41,34847187000000,2026-09-10T09:14:36.596204+00:00,interpolated,-7.140000030398369,8.68000003695488,-4.690000019967556
82.267455886,842346921269591004,842346921628474858,187,42,34847187000000,2026-09-10T09:14:36.596204+00:00,interpolated,-8.400000035762787,11.06000004708767,-3.9900000169873238
82.28634451,842346921288479628,842346921628474858,187,43,34847187000000,2026-09-10T09:14:36.596204+00:00,interpolated,-10.43000004440546,8.750000037252903,-2.3100000098347664
82.305233134,842346921307368252,842346921628474858,187,44,34847187000000,2026-09-10T09:14:36.596204+00:00,interpolated,-12.110000051558018,4.900000020861626,-0.9800000041723251
82.324121758,842346921326256876,842346921628474858,187,45,34847187000000,2026-09-10T09:14:36.596204+00:00,interpolated,-12.180000051856041,3.710000015795231,-0.3500000014901161
82.343010382,842346921345145500,842346921628474858,187,46,34847187000000,2026-09-10T09:14:36.596204+00:00,interpolated,-10.710000045597553,3.9200000166893005,0.21000000089406967
82.361899006,842346921364034124,842346921628474858,187,47,34847187000000,2026-09-10T09:14:36.596204+00:00,interpolated,-8.540000036358833,4.760000020265579,0.5600000023841858
82.38078763,842346921382922748,842346921628474858,187,48,34847187000000,2026-09-10T09:14:36.596204+00:00,interpolated,-6.51000002771616,5.670000024139881,0.14000000059604645
82.399676254,842346921401811372,842346921628474858,187,49,34847187000000,2026-09-10T09:14:36.596204+00:00,interpolated,-4.620000019669533,5.110000021755695,0.21000000089406967
82.418564877,842346921420699995,842346921628474858,187,50,34847187000000,2026-09-10T09:14:36.596204+00:00,interpolated,-3.9200000166893005,3.430000014603138,0.5600000023841858
82.437453501,842346921439588619,842346921628474858,187,51,34847187000000,2026-09-10T09:14:36.596204+00:00,interpolated,-2.9400000125169754,2.800000011920929,0.7000000029802322
82.456342125,842346921458477243,842346921628474858,187,52,34847187000000,2026-09-10T09:14:36.596204+00:00,interpolated,-1.9600000083446503,3.6400000154972076,0.7000000029802322
82.475230749,842346921477365867,842346921628474858,187,53,34847187000000,2026-09-10T09:14:36.596204+00:00,interpolated,-0.9100000038743019,4.620000019669533,1.0500000044703484
82.494119373,842346921496254491,842346921628474858,187,54,34847187000000,2026-09-10T09:14:36.596204+00:00,interpolated,-0.7700000032782555,4.200000017881393,1.540000006556511
82.513007997,842346921515143115,842346921628474858,187,55,34847187000000,2026-09-10T09:14:36.596204+00:00,interpolated,-1.540000006556511,3.710000015795231,1.4000000059604645
82.531896621,842346921534031739,842346921628474858,187,56,34847187000000,2026-09-10T09:14:36.596204+00:00,interpolated,-1.6100000068545341,3.150000013411045,1.260000005364418
82.550785245,842346921552920363,842346921628474858,187,57,34847187000000,2026-09-10T09:14:36.596204+00:00,interpolated,-1.890000008046627,3.150000013411045,0.9100000038743019
82.569673868,842346921571808986,842346921628474858,187,58,34847187000000,2026-09-10T09:14:36.596204+00:00,interpolated,-2.3100000098347664,3.0100000128149986,0.49000000208616257
82.588562492,842346921590697610,842346921628474858,187,59,34847187000000,2026-09-10T09:14:36.596204+00:00,interpolated,-2.7300000116229057,3.150000013411045,0.2800000011920929
82.607451116,842346921609586234,842346921628474858,187,60,34847187000000,2026-09-10T09:14:36.596204+00:00,interpolated,-3.080000013113022,3.3600000143051147,0.5600000023841858
82.62633974,842346921628474858,842346921628474858,187,61,34847187000000,2026-09-10T09:14:36.596204+00:00,interpolated,-3.3600000143051147,3.0100000128149986,0.49000000208616257
82.645228661,842346921647363779,842346923404033460,191,0,34849046000000,2026-09-10T09:14:38.454228+00:00,interpolated,-3.2900000140070915,2.9400000125169754,0.07000000029802322
82.664117583,842346921666252701,842346923404033460,191,1,34849046000000,2026-09-10T09:14:38.454228+00:00,interpolated,-3.500000014901161,2.7300000116229057,-0.2800000011920929
82.683006504,842346921685141622,842346923404033460,191,2,34849046000000,2026-09-10T09:14:38.454228+00:00,interpolated,-3.500000014901161,2.1000000089406967,0.07000000029802322
82.701895425,842346921704030543,842346923404033460,191,3,34849046000000,2026-09-10T09:14:38.454228+00:00,interpolated,-3.2200000137090683,1.4000000059604645,0.3500000014901161
82.720784346,842346921722919464,842346923404033460,191,4,34849046000000,2026-09-10T09:14:38.454228+00:00,interpolated,-3.3600000143051147,2.0300000086426735,0.0
82.739673268,842346921741808386,842346923404033460,191,5,34849046000000,2026-09-10T09:14:38.454228+00:00,interpolated,-3.150000013411045,2.9400000125169754,-0.5600000023841858
82.758562189,842346921760697307,842346923404033460,191,6,34849046000000,2026-09-10T09:14:38.454228+00:00,interpolated,-2.800000011920929,2.17000000923872,-1.1200000047683716
82.77745111,842346921779586228,842346923404033460,191,7,34849046000000,2026-09-10T09:14:38.454228+00:00,interpolated,-2.3100000098347664,1.6800000071525574,-1.540000006556511
82.796340032,842346921798475150,842346923404033460,191,8,34849046000000,2026-09-10T09:14:38.454228+00:00,interpolated,-2.3100000098347664,1.1900000050663948,-1.540000006556511
82.815228953,842346921817364071,842346923404033460,191,9,34849046000000,2026-09-10T09:14:38.454228+00:00,interpolated,-2.5900000110268593,1.3300000056624413,-1.4700000062584877
82.834117874,842346921836252992,842346923404033460,191,10,34849046000000,2026-09-10T09:14:38.454228+00:00,interpolated,-2.3800000101327896,1.3300000056624413,-1.1200000047683716
82.853006796,842346921855141914,842346923404033460,191,11,34849046000000,2026-09-10T09:14:38.454228+00:00,interpolated,-2.520000010728836,1.0500000044703484,-0.9800000041723251
82.871895717,842346921874030835,842346923404033460,191,12,34849046000000,2026-09-10T09:14:38.454228+00:00,interpolated,-2.17000000923872,1.7500000074505806,-1.1200000047683716
82.890784638,842346921892919756,842346923404033460,191,13,34849046000000,2026-09-10T09:14:38.454228+00:00,interpolated,-2.17000000923872,2.240000009536743,-1.3300000056624413
82.909673559,842346921911808677,842346923404033460,191,14,34849046000000,2026-09-10T09:14:38.454228+00:00,interpolated,-2.3100000098347664,1.540000006556511,-0.9100000038743019
82.928562481,842346921930697599,842346923404033460,191,15,34849046000000,2026-09-10T09:14:38.454228+00:00,interpolated,-2.6600000113248825,1.1200000047683716,-0.630000002682209
82.947451402,842346921949586520,842346923404033460,191,16,34849046000000,2026-09-10T09:14:38.454228+00:00,interpolated,-3.0100000128149986,1.260000005364418,-0.9100000038743019
82.966340323,842346921968475441,842346923404033460,191,17,34849046000000,2026-09-10T09:14:38.454228+00:00,interpolated,-2.450000010430813,1.4700000062584877,-1.0500000044703484
82.985229245,842346921987364363,842346923404033460,191,18,34849046000000,2026-09-10T09:14:38.454228+00:00,interpolated,-2.5900000110268593,2.0300000086426735,-1.1900000050663948
83.004118166,842346922006253284,842346923404033460,191,19,34849046000000,2026-09-10T09:14:38.454228+00:00,interpolated,-2.9400000125169754,2.1000000089406967,-1.1900000050663948
83.023007087,842346922025142205,842346923404033460,191,20,34849046000000,2026-09-10T09:14:38.454228+00:00,interpolated,-3.6400000154972076,1.6800000071525574,-1.0500000044703484
83.041896009,842346922044031127,842346923404033460,191,21,34849046000000,2026-09-10T09:14:38.454228+00:00,interpolated,-3.8500000163912773,2.0300000086426735,-1.540000006556511
83.06078493,842346922062920048,842346923404033460,191,22,34849046000000,2026-09-10T09:14:38.454228+00:00,interpolated,-2.870000012218952,2.6600000113248825,-1.260000005364418
83.079673851,842346922081808969,842346923404033460,191,23,34849046000000,2026-09-10T09:14:38.454228+00:00,interpolated,-3.080000013113022,1.9600000083446503,-1.3300000056624413
83.098562772,842346922100697890,842346923404033460,191,24,34849046000000,2026-09-10T09:14:38.454228+00:00,interpolated,-3.8500000163912773,2.240000009536743,-2.1000000089406967
83.117451694,842346922119586812,842346923404033460,191,25,34849046000000,2026-09-10T09:14:38.454228+00:00,interpolated,-3.9200000166893005,2.7300000116229057,-1.6800000071525574
83.136340615,842346922138475733,842346923404033460,191,26,34849046000000,2026-09-10T09:14:38.454228+00:00,interpolated,-3.500000014901161,2.17000000923872,-1.1900000050663948
83.155229536,842346922157364654,842346923404033460,191,27,34849046000000,2026-09-10T09:14:38.454228+00:00,interpolated,-4.060000017285347,1.9600000083446503,-1.1200000047683716
83.174118458,842346922176253576,842346923404033460,191,28,34849046000000,2026-09-10T09:14:38.454228+00:00,interpolated,-4.13000001758337,3.080000013113022,-0.7700000032782555
83.193007379,842346922195142497,842346923404033460,191,29,34849046000000,2026-09-10T09:14:38.454228+00:00,interpolated,-3.2200000137090683,3.8500000163912773,-0.9100000038743019
83.2118963,842346922214031418,842346923404033460,191,30,34849046000000,2026-09-10T09:14:38.454228+00:00,interpolated,-2.800000011920929,3.780000016093254,-0.7700000032782555
83.230785222,842346922232920340,842346923404033460,191,31,34849046000000,2026-09-10T09:14:38.454228+00:00,interpolated,-3.150000013411045,3.2900000140070915,-0.49000000208616257
83.249674143,842346922251809261,842346923404033460,191,32,34849046000000,2026-09-10T09:14:38.454228+00:00,interpolated,-3.080000013113022,2.9400000125169754,-0.42000000178813934
83.268563064,842346922270698182,842346923404033460,191,33,34849046000000,2026-09-10T09:14:38.454228+00:00,interpolated,-3.3600000143051147,2.450000010430813,-0.7000000029802322
83.287451985,842346922289587103,842346923404033460,191,34,34849046000000,2026-09-10T09:14:38.454228+00:00,interpolated,-3.2200000137090683,1.890000008046627,-0.7000000029802322
83.306340907,842346922308476025,842346923404033460,191,35,34849046000000,2026-09-10T09:14:38.454228+00:00,interpolated,-3.3600000143051147,1.890000008046627,-0.7000000029802322
83.325229828,842346922327364946,842346923404033460,191,36,34849046000000,2026-09-10T09:14:38.454228+00:00,interpolated,-3.3600000143051147,2.450000010430813,-0.7000000029802322
83.344118749,842346922346253867,842346923404033460,191,37,34849046000000,2026-09-10T09:14:38.454228+00:00,interpolated,-2.800000011920929,2.450000010430813,-0.7000000029802322
83.363007671,842346922365142789,842346923404033460,191,38,34849046000000,2026-09-10T09:14:38.454228+00:00,interpolated,-2.3800000101327896,1.9600000083446503,-1.1200000047683716
83.381896592,842346922384031710,842346923404033460,191,39,34849046000000,2026-09-10T09:14:38.454228+00:00,interpolated,-2.3800000101327896,1.7500000074505806,-1.4700000062584877
83.400785513,842346922402920631,842346923404033460,191,40,34849046000000,2026-09-10T09:14:38.454228+00:00,interpolated,-2.520000010728836,0.9800000041723251,-1.1900000050663948
83.419674435,842346922421809553,842346923404033460,191,41,34849046000000,2026-09-10T09:14:38.454228+00:00,interpolated,-2.6600000113248825,0.42000000178813934,-0.9800000041723251
83.438563356,842346922440698474,842346923404033460,191,42,34849046000000,2026-09-10T09:14:38.454228+00:00,interpolated,-2.5900000110268593,1.260000005364418,-0.9800000041723251
83.457452277,842346922459587395,842346923404033460,191,43,34849046000000,2026-09-10T09:14:38.454228+00:00,interpolated,-2.17000000923872,1.9600000083446503,-0.9800000041723251
83.476341198,842346922478476316,842346923404033460,191,44,34849046000000,2026-09-10T09:14:38.454228+00:00,interpolated,-2.240000009536743,1.890000008046627,-1.0500000044703484
83.49523012,842346922497365238,842346923404033460,191,45,34849046000000,2026-09-10T09:14:38.454228+00:00,interpolated,-2.0300000086426735,1.9600000083446503,-0.9800000041723251
83.514119041,842346922516254159,842346923404033460,191,46,34849046000000,2026-09-10T09:14:38.454228+00:00,interpolated,-2.240000009536743,1.8200000077486038,-1.1200000047683716
83.533007962,842346922535143080,842346923404033460,191,47,34849046000000,2026-09-10T09:14:38.454228+00:00,interpolated,-2.520000010728836,1.1900000050663948,-1.3300000056624413
83.551896884,842346922554032002,842346923404033460,191,48,34849046000000,2026-09-10T09:14:38.454228+00:00,interpolated,-2.9400000125169754,1.4700000062584877,-1.4000000059604645
83.570785805,842346922572920923,842346923404033460,191,49,34849046000000,2026-09-10T09:14:38.454228+00:00,interpolated,-2.3100000098347664,1.8200000077486038,-1.4000000059604645
83.589674726,842346922591809844,842346923404033460,191,50,34849046000000,2026-09-10T09:14:38.454228+00:00,interpolated,-2.0300000086426735,2.1000000089406967,-1.6100000068545341
83.608563647,842346922610698765,842346923404033460,191,51,34849046000000,2026-09-10T09:14:38.454228+00:00,interpolated,-2.450000010430813,1.260000005364418,-1.8200000077486038
83.627452569,842346922629587687,842346923404033460,191,52,34849046000000,2026-09-10T09:14:38.454228+00:00,interpolated,-2.870000012218952,0.21000000089406967,-1.7500000074505806
83.64634149,842346922648476608,842346923404033460,191,53,34849046000000,2026-09-10T09:14:38.454228+00:00,interpolated,-2.520000010728836,0.21000000089406967,-1.8200000077486038
83.665230411,842346922667365529,842346923404033460,191,54,34849046000000,2026-09-10T09:14:38.454228+00:00,interpolated,-2.0300000086426735,0.9100000038743019,-2.17000000923872
83.684119333,842346922686254451,842346923404033460,191,55,34849046000000,2026-09-10T09:14:38.454228+00:00,interpolated,-1.890000008046627,0.5600000023841858,-1.890000008046627
83.703008254,842346922705143372,842346923404033460,191,56,34849046000000,2026-09-10T09:14:38.454228+00:00,interpolated,-2.3100000098347664,0.0,-2.1000000089406967
83.721897175,842346922724032293,842346923404033460,191,57,34849046000000,2026-09-10T09:14:38.454228+00:00,interpolated,-2.0300000086426735,1.0500000044703484,-2.1000000089406967
83.740786097,842346922742921215,842346923404033460,191,58,34849046000000,2026-09-10T09:14:38.454228+00:00,interpolated,-2.0300000086426735,0.0,-1.7500000074505806
83.759675018,842346922761810136,842346923404033460,191,59,34849046000000,2026-09-10T09:14:38.454228+00:00,interpolated,-2.9400000125169754,-0.3500000014901161,-2.520000010728836
83.778563939,842346922780699057,842346923404033460,191,60,34849046000000,2026-09-10T09:14:38.454228+00:00,interpolated,-3.150000013411045,0.42000000178813934,-2.17000000923872
83.79745286,842346922799587978,842346923404033460,191,61,34849046000000,2026-09-10T09:14:38.454228+00:00,interpolated,-2.800000011920929,0.21000000089406967,-1.260000005364418
83.816341782,842346922818476900,842346923404033460,191,62,34849046000000,2026-09-10T09:14:38.454228+00:00,interpolated,-2.5900000110268593,0.3500000014901161,-1.3300000056624413
83.835230703,842346922837365821,842346923404033460,191,63,34849046000000,2026-09-10T09:14:38.454228+00:00,interpolated,-2.240000009536743,1.4000000059604645,-1.260000005364418
83.854119624,842346922856254742,842346923404033460,191,64,34849046000000,2026-09-10T09:14:38.454228+00:00,interpolated,-1.6800000071525574,2.1000000089406967,-1.540000006556511
83.873008546,842346922875143664,842346923404033460,191,65,34849046000000,2026-09-10T09:14:38.454228+00:00,interpolated,-1.260000005364418,1.4700000062584877,-1.890000008046627
83.891897467,842346922894032585,842346923404033460,191,66,34849046000000,2026-09-10T09:14:38.454228+00:00,interpolated,-1.7500000074505806,0.21000000089406967,-1.6800000071525574
83.910786388,842346922912921506,842346923404033460,191,67,34849046000000,2026-09-10T09:14:38.454228+00:00,interpolated,-2.17000000923872,-0.49000000208616257,-1.6100000068545341
83.92967531,842346922931810428,842346923404033460,191,68,34849046000000,2026-09-10T09:14:38.454228+00:00,interpolated,-2.3800000101327896,-0.42000000178813934,-1.7500000074505806
83.948564231,842346922950699349,842346923404033460,191,69,34849046000000,2026-09-10T09:14:38.454228+00:00,interpolated,-2.3100000098347664,-0.07000000029802322,-1.7500000074505806
83.967453152,842346922969588270,842346923404033460,191,70,34849046000000,2026-09-10T09:14:38.454228+00:00,interpolated,-2.3800000101327896,0.14000000059604645,-1.540000006556511
83.986342073,842346922988477191,842346923404033460,191,71,34849046000000,2026-09-10T09:14:38.454228+00:00,interpolated,-2.450000010430813,0.630000002682209,-1.260000005364418
84.005230995,842346923007366113,842346923404033460,191,72,34849046000000,2026-09-10T09:14:38.454228+00:00,interpolated,-2.0300000086426735,1.1200000047683716,-1.1200000047683716
84.024119916,842346923026255034,842346923404033460,191,73,34849046000000,2026-09-10T09:14:38.454228+00:00,interpolated,-1.6100000068545341,1.3300000056624413,-1.260000005364418
84.043008837,842346923045143955,842346923404033460,191,74,34849046000000,2026-09-10T09:14:38.454228+00:00,interpolated,-1.6100000068545341,0.9100000038743019,-1.4000000059604645
84.061897759,842346923064032877,842346923404033460,191,75,34849046000000,2026-09-10T09:14:38.454228+00:00,interpolated,-2.1000000089406967,0.2800000011920929,-1.4000000059604645
84.08078668,842346923082921798,842346923404033460,191,76,34849046000000,2026-09-10T09:14:38.454228+00:00,interpolated,-2.0300000086426735,0.07000000029802322,-1.3300000056624413
84.099675601,842346923101810719,842346923404033460,191,77,34849046000000,2026-09-10T09:14:38.454228+00:00,interpolated,-1.9600000083446503,0.14000000059604645,-1.3300000056624413
84.118564523,842346923120699641,842346923404033460,191,78,34849046000000,2026-09-10T09:14:38.454228+00:00,interpolated,-2.1000000089406967,0.21000000089406967,-1.260000005364418
84.137453444,842346923139588562,842346923404033460,191,79,34849046000000,2026-09-10T09:14:38.454228+00:00,interpolated,-2.17000000923872,0.2800000011920929,-0.9800000041723251
84.156342365,842346923158477483,842346923404033460,191,80,34849046000000,2026-09-10T09:14:38.454228+00:00,interpolated,-1.9600000083446503,0.49000000208616257,-0.9100000038743019
84.175231286,842346923177366404,842346923404033460,191,81,34849046000000,2026-09-10T09:14:38.454228+00:00,interpolated,-1.6800000071525574,1.1900000050663948,-0.8400000035762787
84.194120208,842346923196255326,842346923404033460,191,82,34849046000000,2026-09-10T09:14:38.454228+00:00,interpolated,-1.6800000071525574,1.6100000068545341,-0.7700000032782555
84.213009129,842346923215144247,842346923404033460,191,83,34849046000000,2026-09-10T09:14:38.454228+00:00,interpolated,-1.7500000074505806,1.6100000068545341,-0.8400000035762787
84.23189805,842346923234033168,842346923404033460,191,84,34849046000000,2026-09-10T09:14:38.454228+00:00,interpolated,-1.9600000083446503,1.4000000059604645,-0.9100000038743019
84.250786972,842346923252922090,842346923404033460,191,85,34849046000000,2026-09-10T09:14:38.454228+00:00,interpolated,-2.3100000098347664,0.7000000029802322,-0.9800000041723251
84.269675893,842346923271811011,842346923404033460,191,86,34849046000000,2026-09-10T09:14:38.454228+00:00,interpolated,-2.450000010430813,0.2800000011920929,-1.1200000047683716
84.288564814,842346923290699932,842346923404033460,191,87,34849046000000,2026-09-10T09:14:38.454228+00:00,interpolated,-2.3800000101327896,0.630000002682209,-1.1200000047683716
84.307453736,842346923309588854,842346923404033460,191,88,34849046000000,2026-09-10T09:14:38.454228+00:00,interpolated,-2.1000000089406967,0.630000002682209,-1.1200000047683716
84.326342657,842346923328477775,842346923404033460,191,89,34849046000000,2026-09-10T09:14:38.454228+00:00,interpolated,-1.6800000071525574,0.7000000029802322,-1.1200000047683716
84.345231578,842346923347366696,842346923404033460,191,90,34849046000000,2026-09-10T09:14:38.454228+00:00,interpolated,-1.4000000059604645,0.9800000041723251,-1.3300000056624413
84.364120499,842346923366255617,842346923404033460,191,91,34849046000000,2026-09-10T09:14:38.454228+00:00,interpolated,-1.7500000074505806,0.8400000035762787,-1.1900000050663948
84.383009421,842346923385144539,842346923404033460,191,92,34849046000000,2026-09-10T09:14:38.454228+00:00,interpolated,-2.3800000101327896,0.14000000059604645,-1.4700000062584877
84.401898342,842346923404033460,842346923404033460,191,93,34849046000000,2026-09-10T09:14:38.454228+00:00,interpolated,-2.0300000086426735,0.3500000014901161,-1.6100000068545341
84.420786848,842346923422921966,842346924915113918,194,0,34850625000000,2026-09-10T09:14:40.045883+00:00,interpolated,-1.890000008046627,-0.2800000011920929,-1.260000005364418
84.439675353,842346923441810471,842346924915113918,194,1,34850625000000,2026-09-10T09:14:40.045883+00:00,interpolated,-2.520000010728836,-0.7000000029802322,-1.8200000077486038
84.458563859,842346923460698977,842346924915113918,194,2,34850625000000,2026-09-10T09:14:40.045883+00:00,interpolated,-2.6600000113248825,0.14000000059604645,-1.9600000083446503
84.477452365,842346923479587483,842346924915113918,194,3,34850625000000,2026-09-10T09:14:40.045883+00:00,interpolated,-1.9600000083446503,0.3500000014901161,-1.540000006556511
84.496340871,842346923498475989,842346924915113918,194,4,34850625000000,2026-09-10T09:14:40.045883+00:00,interpolated,-1.9600000083446503,-0.5600000023841858,-1.3300000056624413
84.515229376,842346923517364494,842346924915113918,194,5,34850625000000,2026-09-10T09:14:40.045883+00:00,interpolated,-1.9600000083446503,-0.3500000014901161,-0.8400000035762787
84.534117882,842346923536253000,842346924915113918,194,6,34850625000000,2026-09-10T09:14:40.045883+00:00,interpolated,-1.8200000077486038,0.9800000041723251,-0.9800000041723251
84.553006388,842346923555141506,842346924915113918,194,7,34850625000000,2026-09-10T09:14:40.045883+00:00,interpolated,-1.1200000047683716,1.4700000062584877,-1.4700000062584877
84.571894894,842346923574030012,842346924915113918,194,8,34850625000000,2026-09-10T09:14:40.045883+00:00,interpolated,-1.1200000047683716,0.5600000023841858,-1.890000008046627
84.590783399,842346923592918517,842346924915113918,194,9,34850625000000,2026-09-10T09:14:40.045883+00:00,interpolated,-1.8200000077486038,-0.14000000059604645,-2.0300000086426735
84.609671905,842346923611807023,842346924915113918,194,10,34850625000000,2026-09-10T09:14:40.045883+00:00,interpolated,-2.3800000101327896,-0.9100000038743019,-1.9600000083446503
84.628560411,842346923630695529,842346924915113918,194,11,34850625000000,2026-09-10T09:14:40.045883+00:00,interpolated,-2.3100000098347664,-0.8400000035762787,-1.890000008046627
84.647448916,842346923649584034,842346924915113918,194,12,34850625000000,2026-09-10T09:14:40.045883+00:00,interpolated,-2.1000000089406967,-0.21000000089406967,-1.6800000071525574
84.666337422,842346923668472540,842346924915113918,194,13,34850625000000,2026-09-10T09:14:40.045883+00:00,interpolated,-1.890000008046627,0.630000002682209,-1.3300000056624413
84.685225928,842346923687361046,842346924915113918,194,14,34850625000000,2026-09-10T09:14:40.045883+00:00,interpolated,-1.6800000071525574,1.4000000059604645,-1.1200000047683716
84.704114434,842346923706249552,842346924915113918,194,15,34850625000000,2026-09-10T09:14:40.045883+00:00,interpolated,-1.9600000083446503,1.6100000068545341,-0.8400000035762787
84.723002939,842346923725138057,842346924915113918,194,16,34850625000000,2026-09-10T09:14:40.045883+00:00,interpolated,-2.3800000101327896,1.0500000044703484,-0.630000002682209
84.741891445,842346923744026563,842346924915113918,194,17,34850625000000,2026-09-10T09:14:40.045883+00:00,interpolated,-2.1000000089406967,0.9100000038743019,-0.5600000023841858
84.760779951,842346923762915069,842346924915113918,194,18,34850625000000,2026-09-10T09:14:40.045883+00:00,interpolated,-1.6100000068545341,1.3300000056624413,-0.7700000032782555
84.779668457,842346923781803575,842346924915113918,194,19,34850625000000,2026-09-10T09:14:40.045883+00:00,interpolated,-0.9800000041723251,1.8200000077486038,-1.0500000044703484
84.798556962,842346923800692080,842346924915113918,194,20,34850625000000,2026-09-10T09:14:40.045883+00:00,interpolated,-1.3300000056624413,1.4000000059604645,-0.9100000038743019
84.817445468,842346923819580586,842346924915113918,194,21,34850625000000,2026-09-10T09:14:40.045883+00:00,interpolated,-2.0300000086426735,0.21000000089406967,-0.630000002682209
84.836333974,842346923838469092,842346924915113918,194,22,34850625000000,2026-09-10T09:14:40.045883+00:00,interpolated,-2.3100000098347664,0.3500000014901161,-0.3500000014901161
84.855222479,842346923857357597,842346924915113918,194,23,34850625000000,2026-09-10T09:14:40.045883+00:00,interpolated,-1.7500000074505806,1.4000000059604645,-0.5600000023841858
84.874110985,842346923876246103,842346924915113918,194,24,34850625000000,2026-09-10T09:14:40.045883+00:00,interpolated,-1.4700000062584877,1.9600000083446503,-0.630000002682209
84.892999491,842346923895134609,842346924915113918,194,25,34850625000000,2026-09-10T09:14:40.045883+00:00,interpolated,-1.6100000068545341,1.4000000059604645,-0.5600000023841858
84.911887997,842346923914023115,842346924915113918,194,26,34850625000000,2026-09-10T09:14:40.045883+00:00,interpolated,-2.17000000923872,0.7000000029802322,-0.630000002682209
84.930776502,842346923932911620,842346924915113918,194,27,34850625000000,2026-09-10T09:14:40.045883+00:00,interpolated,-2.1000000089406967,0.7000000029802322,-0.7700000032782555
84.949665008,842346923951800126,842346924915113918,194,28,34850625000000,2026-09-10T09:14:40.045883+00:00,interpolated,-1.7500000074505806,1.3300000056624413,-0.9100000038743019
84.968553514,842346923970688632,842346924915113918,194,29,34850625000000,2026-09-10T09:14:40.045883+00:00,interpolated,-1.4000000059604645,1.6100000068545341,-0.9100000038743019
84.987442019,842346923989577137,842346924915113918,194,30,34850625000000,2026-09-10T09:14:40.045883+00:00,interpolated,-1.3300000056624413,1.6100000068545341,-0.8400000035762787
85.006330525,842346924008465643,842346924915113918,194,31,34850625000000,2026-09-10T09:14:40.045883+00:00,interpolated,-1.6100000068545341,1.0500000044703484,-0.8400000035762787
85.025219031,842346924027354149,842346924915113918,194,32,34850625000000,2026-09-10T09:14:40.045883+00:00,interpolated,-1.890000008046627,0.8400000035762787,-0.7700000032782555
85.044107537,842346924046242655,842346924915113918,194,33,34850625000000,2026-09-10T09:14:40.045883+00:00,interpolated,-1.9600000083446503,1.1900000050663948,-0.9100000038743019
85.062996042,842346924065131160,842346924915113918,194,34,34850625000000,2026-09-10T09:14:40.045883+00:00,interpolated,-2.1000000089406967,1.4000000059604645,-0.9800000041723251
85.081884548,842346924084019666,842346924915113918,194,35,34850625000000,2026-09-10T09:14:40.045883+00:00,interpolated,-2.3800000101327896,1.1900000050663948,-1.1200000047683716
85.100773054,842346924102908172,842346924915113918,194,36,34850625000000,2026-09-10T09:14:40.045883+00:00,interpolated,-2.17000000923872,1.260000005364418,-1.260000005364418
85.11966156,842346924121796678,842346924915113918,194,37,34850625000000,2026-09-10T09:14:40.045883+00:00,interpolated,-2.1000000089406967,1.1900000050663948,-0.9800000041723251
85.138550065,842346924140685183,842346924915113918,194,38,34850625000000,2026-09-10T09:14:40.045883+00:00,interpolated,-2.7300000116229057,0.5600000023841858,-1.1200000047683716
85.157438571,842346924159573689,842346924915113918,194,39,34850625000000,2026-09-10T09:14:40.045883+00:00,interpolated,-3.0100000128149986,1.3300000056624413,-1.3300000056624413
85.176327077,842346924178462195,842346924915113918,194,40,34850625000000,2026-09-10T09:14:40.045883+00:00,interpolated,-2.450000010430813,1.6800000071525574,-1.0500000044703484
85.195215582,842346924197350700,842346924915113918,194,41,34850625000000,2026-09-10T09:14:40.045883+00:00,interpolated,-1.7500000074505806,1.1200000047683716,-1.1200000047683716
85.214104088,842346924216239206,842346924915113918,194,42,34850625000000,2026-09-10T09:14:40.045883+00:00,interpolated,-1.890000008046627,0.8400000035762787,-1.1900000050663948
85.232992594,842346924235127712,842346924915113918,194,43,34850625000000,2026-09-10T09:14:40.045883+00:00,interpolated,-2.17000000923872,0.8400000035762787,-1.1200000047683716
85.2518811,842346924254016218,842346924915113918,194,44,34850625000000,2026-09-10T09:14:40.045883+00:00,interpolated,-1.9600000083446503,1.540000006556511,-1.0500000044703484
85.270769605,842346924272904723,842346924915113918,194,45,34850625000000,2026-09-10T09:14:40.045883+00:00,interpolated,-1.6100000068545341,2.240000009536743,-1.0500000044703484
85.289658111,842346924291793229,842346924915113918,194,46,34850625000000,2026-09-10T09:14:40.045883+00:00,interpolated,-1.4700000062584877,2.240000009536743,-1.1900000050663948
85.308546617,842346924310681735,842346924915113918,194,47,34850625000000,2026-09-10T09:14:40.045883+00:00,interpolated,-2.0300000086426735,1.6800000071525574,-1.260000005364418
85.327435123,842346924329570241,842346924915113918,194,48,34850625000000,2026-09-10T09:14:40.045883+00:00,interpolated,-2.1000000089406967,1.7500000074505806,-1.260000005364418
85.346323628,842346924348458746,842346924915113918,194,49,34850625000000,2026-09-10T09:14:40.045883+00:00,interpolated,-2.17000000923872,2.17000000923872,-1.0500000044703484
85.365212134,842346924367347252,842346924915113918,194,50,34850625000000,2026-09-10T09:14:40.045883+00:00,interpolated,-2.3800000101327896,1.9600000083446503,-0.7000000029802322
85.38410064,842346924386235758,842346924915113918,194,51,34850625000000,2026-09-10T09:14:40.045883+00:00,interpolated,-2.240000009536743,1.6800000071525574,-0.7700000032782555
85.402989145,842346924405124263,842346924915113918,194,52,34850625000000,2026-09-10T09:14:40.045883+00:00,interpolated,-1.6100000068545341,1.4000000059604645,-0.8400000035762787
85.421877651,842346924424012769,842346924915113918,194,53,34850625000000,2026-09-10T09:14:40.045883+00:00,interpolated,-1.0500000044703484,1.4000000059604645,-0.49000000208616257
85.440766157,842346924442901275,842346924915113918,194,54,34850625000000,2026-09-10T09:14:40.045883+00:00,interpolated,-0.7700000032782555,0.9800000041723251,-0.2800000011920929
85.459654663,842346924461789781,842346924915113918,194,55,34850625000000,2026-09-10T09:14:40.045883+00:00,interpolated,-0.5600000023841858,1.0500000044703484,-0.07000000029802322
85.478543168,842346924480678286,842346924915113918,194,56,34850625000000,2026-09-10T09:14:40.045883+00:00,interpolated,0.0,1.1200000047683716,0.07000000029802322
85.497431674,842346924499566792,842346924915113918,194,57,34850625000000,2026-09-10T09:14:40.045883+00:00,interpolated,1.4000000059604645,0.8400000035762787,0.14000000059604645
85.51632018,842346924518455298,842346924915113918,194,58,34850625000000,2026-09-10T09:14:40.045883+00:00,interpolated,3.0100000128149986,0.3500000014901161,0.07000000029802322
85.535208686,842346924537343804,842346924915113918,194,59,34850625000000,2026-09-10T09:14:40.045883+00:00,interpolated,4.760000020265579,-0.21000000089406967,-0.630000002682209
85.554097191,842346924556232309,842346924915113918,194,60,34850625000000,2026-09-10T09:14:40.045883+00:00,interpolated,7.070000030100346,-2.240000009536743,-0.7700000032782555
85.572985697,842346924575120815,842346924915113918,194,61,34850625000000,2026-09-10T09:14:40.045883+00:00,interpolated,9.380000039935112,-5.180000022053719,-0.7000000029802322
85.591874203,842346924594009321,842346924915113918,194,62,34850625000000,2026-09-10T09:14:40.045883+00:00,interpolated,10.990000046789646,-5.950000025331974,-0.7000000029802322
85.610762708,842346924612897826,842346924915113918,194,63,34850625000000,2026-09-10T09:14:40.045883+00:00,interpolated,11.970000050961971,-4.480000019073486,-1.0500000044703484
85.629651214,842346924631786332,842346924915113918,194,64,34850625000000,2026-09-10T09:14:40.045883+00:00,interpolated,11.830000050365925,-2.520000010728836,-1.0500000044703484
85.64853972,842346924650674838,842346924915113918,194,65,34850625000000,2026-09-10T09:14:40.045883+00:00,interpolated,10.010000042617321,-4.34000001847744,-0.630000002682209
85.667428226,842346924669563344,842346924915113918,194,66,34850625000000,2026-09-10T09:14:40.045883+00:00,interpolated,7.210000030696392,-6.020000025629997,-0.9800000041723251
85.686316731,842346924688451849,842346924915113918,194,67,34850625000000,2026-09-10T09:14:40.045883+00:00,interpolated,6.020000025629997,-4.900000020861626,-1.4700000062584877
85.705205237,842346924707340355,842346924915113918,194,68,34850625000000,2026-09-10T09:14:40.045883+00:00,interpolated,5.600000023841858,-3.5700000151991844,-1.540000006556511
85.724093743,842346924726228861,842346924915113918,194,69,34850625000000,2026-09-10T09:14:40.045883+00:00,interpolated,5.110000021755695,-2.5900000110268593,-1.3300000056624413
85.742982248,842346924745117366,842346924915113918,194,70,34850625000000,2026-09-10T09:14:40.045883+00:00,interpolated,5.390000022947788,-1.9600000083446503,-0.9100000038743019
85.761870754,842346924764005872,842346924915113918,194,71,34850625000000,2026-09-10T09:14:40.045883+00:00,interpolated,5.740000024437904,-0.7700000032782555,-1.0500000044703484
85.78075926,842346924782894378,842346924915113918,194,72,34850625000000,2026-09-10T09:14:40.045883+00:00,interpolated,7.140000030398369,0.8400000035762787,-1.0500000044703484
85.799647766,842346924801782884,842346924915113918,194,73,34850625000000,2026-09-10T09:14:40.045883+00:00,interpolated,8.610000036656857,2.1000000089406967,-1.0500000044703484
85.818536271,842346924820671389,842346924915113918,194,74,34850625000000,2026-09-10T09:14:40.045883+00:00,interpolated,11.130000047385693,3.9200000166893005,-0.7000000029802322
85.837424777,842346924839559895,842346924915113918,194,75,34850625000000,2026-09-10T09:14:40.045883+00:00,interpolated,15.050000064074993,7.9800000339746475,1.6100000068545341
85.856313283,842346924858448401,842346924915113918,194,76,34850625000000,2026-09-10T09:14:40.045883+00:00,interpolated,20.090000085532665,18.27000007778406,5.600000023841858
85.875201789,842346924877336907,842346924915113918,194,77,34850625000000,2026-09-10T09:14:40.045883+00:00,interpolated,30.38000012934208,35.63000015169382,9.170000039041042
85.894090294,842346924896225412,842346924915113918,194,78,34850625000000,2026-09-10T09:14:40.045883+00:00,interpolated,42.84000018239021,53.27000022679567,9.170000039041042
85.9129788,842346924915113918,842346924915113918,194,79,34850625000000,2026-09-10T09:14:40.045883+00:00,interpolated,46.4100001975894,58.940000250935555,6.0900000259280205
85.931868679,842346924934003797,842346925821828116,197,0,34853328000000,2026-09-10T09:14:42.744972+00:00,interpolated,38.64000016450882,48.93000020831823,9.170000039041042
85.950758558,842346924952893676,842346925821828116,197,1,34853328000000,2026-09-10T09:14:42.744972+00:00,interpolated,26.880000114440918,35.14000014960766,15.680000066757202
85.969648437,842346924971783555,842346925821828116,197,2,34853328000000,2026-09-10T09:14:42.744972+00:00,interpolated,20.580000087618828,24.08000010251999,20.65000008791685
85.988538317,842346924990673435,842346925821828116,197,3,34853328000000,2026-09-10T09:14:42.744972+00:00,interpolated,17.290000073611736,16.31000006943941,26.04000011086464
86.007428196,842346925009563314,842346925821828116,197,4,34853328000000,2026-09-10T09:14:42.744972+00:00,interpolated,11.760000050067902,6.580000028014183,33.67000014334917
86.026318075,842346925028453193,842346925821828116,197,5,34853328000000,2026-09-10T09:14:42.744972+00:00,interpolated,8.190000034868717,2.9400000125169754,44.03000018745661
86.045207954,842346925047343072,842346925821828116,197,6,34853328000000,2026-09-10T09:14:42.744972+00:00,interpolated,7.420000031590462,5.390000022947788,55.020000234246254
86.064097833,842346925066232951,842346925821828116,197,7,34853328000000,2026-09-10T09:14:42.744972+00:00,interpolated,10.780000045895576,13.370000056922436,66.64000028371811
86.082987712,842346925085122830,842346925821828116,197,8,34853328000000,2026-09-10T09:14:42.744972+00:00,interpolated,14.140000060200691,22.40000009536743,79.45000033825636
86.101877591,842346925104012709,842346925821828116,197,9,34853328000000,2026-09-10T09:14:42.744972+00:00,interpolated,14.350000061094761,29.260000124573708,90.58000038564205
86.12076747,842346925122902588,842346925821828116,197,10,34853328000000,2026-09-10T09:14:42.744972+00:00,interpolated,11.830000050365925,32.480000138282776,99.68000042438507
86.13965735,842346925141792468,842346925821828116,197,11,34853328000000,2026-09-10T09:14:42.744972+00:00,interpolated,7.630000032484531,32.76000013947487,107.94000045955181
86.158547229,842346925160682347,842346925821828116,197,12,34853328000000,2026-09-10T09:14:42.744972+00:00,interpolated,2.450000010430813,31.71000013500452,114.59000048786402
86.177437108,842346925179572226,842346925821828116,197,13,34853328000000,2026-09-10T09:14:42.744972+00:00,interpolated,-2.1000000089406967,30.240000128746033,120.12000051140785
86.196326987,842346925198462105,842346925821828116,197,14,34853328000000,2026-09-10T09:14:42.744972+00:00,interpolated,-7.000000029802322,29.680000126361847,124.32000052928925
86.215216866,842346925217351984,842346925821828116,197,15,34853328000000,2026-09-10T09:14:42.744972+00:00,interpolated,-12.250000052154064,28.42000012099743,128.24000054597855
86.234106745,842346925236241863,842346925821828116,197,16,34853328000000,2026-09-10T09:14:42.744972+00:00,interpolated,-18.970000080764294,27.300000116229057,132.580000564456
86.252996624,842346925255131742,842346925821828116,197,17,34853328000000,2026-09-10T09:14:42.744972+00:00,interpolated,-24.57000010460615,22.12000009417534,134.26000057160854
86.271886503,842346925274021621,842346925821828116,197,18,34853328000000,2026-09-10T09:14:42.744972+00:00,interpolated,-28.700000122189522,13.790000058710575,131.18000055849552
86.290776383,842346925292911501,842346925821828116,197,19,34853328000000,2026-09-10T09:14:42.744972+00:00,interpolated,-32.06000013649464,13.650000058114529,128.1000005453825
86.309666262,842346925311801380,842346925821828116,197,20,34853328000000,2026-09-10T09:14:42.744972+00:00,interpolated,-35.84000015258789,25.970000110566616,126.56000053882599
86.328556141,842346925330691259,842346925821828116,197,21,34853328000000,2026-09-10T09:14:42.744972+00:00,interpolated,-39.410000167787075,31.640000134706497,123.69000052660704
86.34744602,842346925349581138,842346925821828116,197,22,34853328000000,2026-09-10T09:14:42.744972+00:00,interpolated,-43.61000018566847,32.41000013798475,118.02000050246716
86.366335899,842346925368471017,842346925821828116,197,23,34853328000000,2026-09-10T09:14:42.744972+00:00,interpolated,-48.37000020593405,33.81000014394522,111.79000047594309
86.385225778,842346925387360896,842346925821828116,197,24,34853328000000,2026-09-10T09:14:42.744972+00:00,interpolated,-50.680000215768814,34.440000146627426,103.88000044226646
86.404115657,842346925406250775,842346925821828116,197,25,34853328000000,2026-09-10T09:14:42.744972+00:00,interpolated,-54.250000230968,30.87000013142824,94.6400004029274
86.423005536,842346925425140654,842346925821828116,197,26,34853328000000,2026-09-10T09:14:42.744972+00:00,interpolated,-57.47000024467707,22.540000095963478,90.09000038355589
86.441895416,842346925444030534,842346925821828116,197,27,34853328000000,2026-09-10T09:14:42.744972+00:00,interpolated,-45.43000019341707,62.93000026792288,87.85000037401915
86.460785295,842346925462920413,842346925821828116,197,28,34853328000000,2026-09-10T09:14:42.744972+00:00,interpolated,-50.680000215768814,90.02000038325787,77.63000033050776
86.479675174,842346925481810292,842346925821828116,197,29,34853328000000,2026-09-10T09:14:42.744972+00:00,interpolated,-51.94000022113323,18.90000008046627,63.9100002720952
86.498565053,842346925500700171,842346925821828116,197,30,34853328000000,2026-09-10T09:14:42.744972+00:00,interpolated,-46.340000197291374,-15.330000065267086,55.720000237226486
86.517454932,842346925519590050,842346925821828116,197,31,34853328000000,2026-09-10T09:14:42.744972+00:00,interpolated,-44.170000188052654,-8.330000035464764,53.060000225901604
86.536344811,842346925538479929,842346925821828116,197,32,34853328000000,2026-09-10T09:14:42.744972+00:00,interpolated,-43.19000018388033,1.0500000044703484,47.74000020325184
86.55523469,842346925557369808,842346925821828116,197,33,34853328000000,2026-09-10T09:14:42.744972+00:00,interpolated,-45.710000194609165,-10.8500000461936,43.68000018596649
86.574124569,842346925576259687,842346925821828116,197,34,34853328000000,2026-09-10T09:14:42.744972+00:00,interpolated,-48.300000205636024,-21.140000090003014,38.50000016391277
86.593014449,842346925595149567,842346925821828116,197,35,34853328000000,2026-09-10T09:14:42.744972+00:00,interpolated,-46.83000019937754,-24.150000102818012,33.4600001424551
86.611904328,842346925614039446,842346925821828116,197,36,34853328000000,2026-09-10T09:14:42.744972+00:00,interpolated,-42.63000018149614,-22.12000009417534,30.940000131726265
86.630794207,842346925632929325,842346925821828116,197,37,34853328000000,2026-09-10T09:14:42.744972+00:00,interpolated,-31.430000133812428,-10.080000042915344,22.680000096559525
86.649684086,842346925651819204,842346925821828116,197,38,34853328000000,2026-09-10T09:14:42.744972+00:00,interpolated,-26.46000011265278,-0.42000000178813934,17.710000075399876
86.668573965,842346925670709083,842346925821828116,197,39,34853328000000,2026-09-10T09:14:42.744972+00:00,interpolated,-29.610000126063824,-4.200000017881393,16.800000071525574
86.687463844,842346925689598962,842346925821828116,197,40,34853328000000,2026-09-10T09:14:42.744972+00:00,interpolated,-30.17000012844801,-8.89000003784895,14.56000006198883
86.706353723,842346925708488841,842346925821828116,197,41,34853328000000,2026-09-10T09:14:42.744972+00:00,interpolated,-24.08000010251999,-11.06000004708767,8.400000035762787
86.725243602,842346925727378720,842346925821828116,197,42,34853328000000,2026-09-10T09:14:42.744972+00:00,interpolated,-19.670000083744526,-7.910000033676624,4.5500000193715096
86.744133482,842346925746268600,842346925821828116,197,43,34853328000000,2026-09-10T09:14:42.744972+00:00,interpolated,-13.23000005632639,-4.970000021159649,-0.5600000023841858
86.763023361,842346925765158479,842346925821828116,197,44,34853328000000,2026-09-10T09:14:42.744972+00:00,interpolated,-1.6800000071525574,-6.860000029206276,-9.240000039339066
86.78191324,842346925784048358,842346925821828116,197,45,34853328000000,2026-09-10T09:14:42.744972+00:00,interpolated,10.570000045001507,-1.7500000074505806,-12.39000005275011
86.800803119,842346925802938237,842346925821828116,197,46,34853328000000,2026-09-10T09:14:42.744972+00:00,interpolated,11.760000050067902,5.4600000232458115,-8.120000034570694
86.819692998,842346925821828116,842346925821828116,197,47,34853328000000,2026-09-10T09:14:42.744972+00:00,interpolated,1.6100000068545341,-5.390000022947788,-6.930000029504299
