time_s,device_timestamp_ns,packet_timestamp_ns,packet_id,sample_index,host_monotonic_ns,host_time_utc,timestamp_method,acc_x_mg,acc_y_mg,acc_z_mg
0.0,842384211754799323,842384213774030092,1,0,,,nominal_first,253.0,925.0,-378.0
0.019230769,842384211774030092,842384213774030092,1,1,,,nominal_first,249.0,927.0,-380.0
0.038461538,842384211793260861,842384213774030092,1,2,,,nominal_first,245.0,922.0,-380.0
0.057692307,842384211812491630,842384213774030092,1,3,,,nominal_first,245.0,920.0,-376.0
0.076923077,842384211831722400,842384213774030092,1,4,,,nominal_first,248.0,919.0,-378.0
0.096153846,842384211850953169,842384213774030092,1,5,,,nominal_first,252.0,919.0,-374.0
0.115384615,842384211870183938,842384213774030092,1,6,,,nominal_first,252.0,912.0,-374.0
0.134615384,842384211889414707,842384213774030092,1,7,,,nominal_first,256.0,913.0,-376.0
0.153846154,842384211908645477,842384213774030092,1,8,,,nominal_first,256.0,912.0,-377.0
0.173076923,842384211927876246,842384213774030092,1,9,,,nominal_first,253.0,916.0,-378.0
0.192307692,842384211947107015,842384213774030092,1,10,,,nominal_first,252.0,925.0,-381.0
0.211538461,842384211966337784,842384213774030092,1,11,,,nominal_first,256.0,919.0,-390.0
0.230769231,842384211985568554,842384213774030092,1,12,,,nominal_first,257.0,923.0,-387.0
0.25,842384212004799323,842384213774030092,1,13,,,nominal_first,260.0,928.0,-389.0
0.269230769,842384212024030092,842384213774030092,1,14,,,nominal_first,254.0,928.0,-388.0
0.288461538,842384212043260861,842384213774030092,1,15,,,nominal_first,255.0,918.0,-387.0
0.307692307,842384212062491630,842384213774030092,1,16,,,nominal_first,255.0,919.0,-381.0
0.326923077,842384212081722400,842384213774030092,1,17,,,nominal_first,255.0,915.0,-378.0
0.346153846,842384212100953169,842384213774030092,1,18,,,nominal_first,246.0,911.0,-381.0
0.365384615,842384212120183938,842384213774030092,1,19,,,nominal_first,247.0,916.0,-379.0
0.384615384,842384212139414707,842384213774030092,1,20,,,nominal_first,253.0,921.0,-382.0
0.403846154,842384212158645477,842384213774030092,1,21,,,nominal_first,251.0,918.0,-385.0
0.423076923,842384212177876246,842384213774030092,1,22,,,nominal_first,253.0,922.0,-385.0
0.442307692,842384212197107015,842384213774030092,1,23,,,nominal_first,250.0,923.0,-386.0
0.461538461,842384212216337784,842384213774030092,1,24,,,nominal_first,256.0,924.0,-389.0
0.480769231,842384212235568554,842384213774030092,1,25,,,nominal_first,259.0,917.0,-388.0
0.5,842384212254799323,842384213774030092,1,26,,,nominal_first,250.0,921.0,-381.0
0.519230769,842384212274030092,842384213774030092,1,27,,,nominal_first,250.0,926.0,-386.0
0.538461538,842384212293260861,842384213774030092,1,28,,,nominal_first,261.0,923.0,-389.0
0.557692307,842384212312491630,842384213774030092,1,29,,,nominal_first,253.0,918.0,-386.0
0.576923077,842384212331722400,842384213774030092,1,30,,,nominal_first,251.0,918.0,-385.0
0.596153846,842384212350953169,842384213774030092,1,31,,,nominal_first,247.0,916.0,-381.0
0.615384615,842384212370183938,842384213774030092,1,32,,,nominal_first,252.0,920.0,-386.0
0.634615384,842384212389414707,842384213774030092,1,33,,,nominal_first,254.0,923.0,-385.0
0.653846154,842384212408645477,842384213774030092,1,34,,,nominal_first,262.0,923.0,-390.0
0.673076923,842384212427876246,842384213774030092,1,35,,,nominal_first,256.0,922.0,-384.0
0.692307692,842384212447107015,842384213774030092,1,36,,,nominal_first,241.0,918.0,-386.0
0.711538461,842384212466337784,842384213774030092,1,37,,,nominal_first,243.0,922.0,-381.0
0.730769231,842384212485568554,842384213774030092,1,38,,,nominal_first,240.0,919.0,-385.0
0.75,842384212504799323,842384213774030092,1,39,,,nominal_first,247.0,922.0,-380.0
0.769230769,842384212524030092,842384213774030092,1,40,,,nominal_first,253.0,920.0,-378.0
0.788461538,842384212543260861,842384213774030092,1,41,,,nominal_first,252.0,922.0,-378.0
0.807692307,842384212562491630,842384213774030092,1,42,,,nominal_first,247.0,921.0,-385.0
0.826923077,842384212581722400,842384213774030092,1,43,,,nominal_first,246.0,917.0,-388.0
0.846153846,842384212600953169,842384213774030092,1,44,,,nominal_first,249.0,925.0,-394.0
0.865384615,842384212620183938,842384213774030092,1,45,,,nominal_first,244.0,919.0,-387.0
0.884615384,842384212639414707,842384213774030092,1,46,,,nominal_first,254.0,924.0,-379.0
0.903846154,842384212658645477,842384213774030092,1,47,,,nominal_first,254.0,929.0,-384.0
0.923076923,842384212677876246,842384213774030092,1,48,,,nominal_first,256.0,927.0,-384.0
0.942307692,842384212697107015,842384213774030092,1,49,,,nominal_first,254.0,920.0,-382.0
0.961538461,842384212716337784,842384213774030092,1,50,,,nominal_first,250.0,916.0,-381.0
0.980769231,842384212735568554,842384213774030092,1,51,,,nominal_first,249.0,926.0,-377.0
1.0,842384212754799323,842384213774030092,1,52,,,nominal_first,243.0,924.0,-382.0
1.019230769,842384212774030092,842384213774030092,1,53,,,nominal_first,245.0,930.0,-382.0
1.038461538,842384212793260861,842384213774030092,1,54,,,nominal_first,247.0,929.0,-378.0
1.057692307,842384212812491630,842384213774030092,1,55,,,nominal_first,251.0,924.0,-379.0
1.076923077,842384212831722400,842384213774030092,1,56,,,nominal_first,251.0,919.0,-379.0
1.096153846,842384212850953169,842384213774030092,1,57,,,nominal_first,249.0,919.0,-384.0
1.115384615,842384212870183938,842384213774030092,1,58,,,nominal_first,245.0,920.0,-383.0
1.134615384,842384212889414707,842384213774030092,1,59,,,nominal_first,246.0,923.0,-384.0
1.153846154,842384212908645477,842384213774030092,1,60,,,nominal_first,246.0,924.0,-384.0
1.173076923,842384212927876246,842384213774030092,1,61,,,nominal_first,250.0,920.0,-385.0
1.192307692,842384212947107015,842384213774030092,1,62,,,nominal_first,253.0,924.0,-384.0
1.211538461,842384212966337784,842384213774030092,1,63,,,nominal_first,250.0,927.0,-378.0
1.230769231,842384212985568554,842384213774030092,1,64,,,nominal_first,253.0,924.0,-380.0
1.25,842384213004799323,842384213774030092,1,65,,,nominal_first,251.0,927.0,-383.0
1.269230769,842384213024030092,842384213774030092,1,66,,,nominal_first,251.0,916.0,-382.0
1.288461538,842384213043260861,842384213774030092,1,67,,,nominal_first,248.0,926.0,-378.0
1.307692307,842384213062491630,842384213774030092,1,68,,,nominal_first,251.0,922.0,-386.0
1.326923077,842384213081722400,842384213774030092,1,69,,,nominal_first,252.0,923.0,-376.0
1.346153846,842384213100953169,842384213774030092,1,70,,,nominal_first,254.0,922.0,-382.0
1.365384615,842384213120183938,842384213774030092,1,71,,,nominal_first,250.0,919.0,-383.0
1.384615384,842384213139414707,842384213774030092,1,72,,,nominal_first,248.0,922.0,-385.0
1.403846154,842384213158645477,842384213774030092,1,73,,,nominal_first,249.0,917.0,-384.0
1.423076923,842384213177876246,842384213774030092,1,74,,,nominal_first,247.0,921.0,-387.0
1.442307692,842384213197107015,842384213774030092,1,75,,,nominal_first,247.0,913.0,-385.0
1.461538461,842384213216337784,842384213774030092,1,76,,,nominal_first,245.0,911.0,-387.0
1.480769231,842384213235568554,842384213774030092,1,77,,,nominal_first,240.0,913.0,-382.0
1.5,842384213254799323,842384213774030092,1,78,,,nominal_first,240.0,920.0,-388.0
1.519230769,842384213274030092,842384213774030092,1,79,,,nominal_first,230.0,924.0,-391.0
1.538461538,842384213293260861,842384213774030092,1,80,,,nominal_first,225.0,919.0,-384.0
1.557692307,842384213312491630,842384213774030092,1,81,,,nominal_first,221.0,917.0,-382.0
1.576923077,842384213331722400,842384213774030092,1,82,,,nominal_first,219.0,919.0,-379.0
1.596153846,842384213350953169,842384213774030092,1,83,,,nominal_first,223.0,924.0,-373.0
1.615384615,842384213370183938,842384213774030092,1,84,,,nominal_first,233.0,922.0,-373.0
1.634615384,842384213389414707,842384213774030092,1,85,,,nominal_first,241.0,934.0,-369.0
1.653846154,842384213408645477,842384213774030092,1,86,,,nominal_first,262.0,955.0,-364.0
1.673076923,842384213427876246,842384213774030092,1,87,,,nominal_first,276.0,969.0,-364.0
1.692307692,842384213447107015,842384213774030092,1,88,,,nominal_first,286.0,939.0,-360.0
1.711538461,842384213466337784,842384213774030092,1,89,,,nominal_first,301.0,923.0,-355.0
1.730769231,842384213485568554,842384213774030092,1,90,,,nominal_first,305.0,924.0,-358.0
1.75,842384213504799323,842384213774030092,1,91,,,nominal_first,324.0,947.0,-357.0
1.769230769,842384213524030092,842384213774030092,1,92,,,nominal_first,320.0,922.0,-370.0
1.788461538,842384213543260861,842384213774030092,1,93,,,nominal_first,323.0,921.0,-385.0
1.807692307,842384213562491630,842384213774030092,1,94,,,nominal_first,263.0,925.0,-395.0
1.826923077,842384213581722400,842384213774030092,1,95,,,nominal_first,237.0,942.0,-408.0
1.846153846,842384213600953169,842384213774030092,1,96,,,nominal_first,239.0,950.0,-430.0
1.865384615,842384213620183938,842384213774030092,1,97,,,nominal_first,235.0,928.0,-418.0
1.884615384,842384213639414707,842384213774030092,1,98,,,nominal_first,274.0,974.0,-435.0
1.903846154,842384213658645477,842384213774030092,1,99,,,nominal_first,160.0,1099.0,-634.0
1.923076923,842384213677876246,842384213774030092,1,100,,,nominal_first,145.0,1068.0,-667.0
1.942307692,842384213697107015,842384213774030092,1,101,,,nominal_first,152.0,1007.0,-634.0
1.961538461,842384213716337784,842384213774030092,1,102,,,nominal_first,174.0,989.0,-583.0
1.980769231,842384213735568554,842384213774030092,1,103,,,nominal_first,204.0,1022.0,-505.0
2.0,842384213754799323,842384213774030092,1,104,,,nominal_first,194.0,1004.0,-442.0
2.019230769,842384213774030092,842384213774030092,1,105,,,nominal_first,191.0,974.0,-375.0
2.038121411,842384213792920734,842384215247500168,2,0,,,interpolated,227.0,916.0,-371.0
2.057012053,842384213811811376,842384215247500168,2,1,,,interpolated,259.0,873.0,-418.0
2.075902695,842384213830702018,842384215247500168,2,2,,,interpolated,284.0,811.0,-416.0
2.094793337,842384213849592660,842384215247500168,2,3,,,interpolated,288.0,762.0,-400.0
2.113683979,842384213868483302,842384215247500168,2,4,,,interpolated,245.0,751.0,-392.0
2.132574621,842384213887373944,842384215247500168,2,5,,,interpolated,209.0,728.0,-412.0
2.151465263,842384213906264586,842384215247500168,2,6,,,interpolated,161.0,728.0,-446.0
2.170355905,842384213925155228,842384215247500168,2,7,,,interpolated,136.0,739.0,-481.0
2.189246547,842384213944045870,842384215247500168,2,8,,,interpolated,130.0,740.0,-507.0
2.208137189,842384213962936512,842384215247500168,2,9,,,interpolated,136.0,748.0,-550.0
2.227027831,842384213981827154,842384215247500168,2,10,,,interpolated,143.0,760.0,-592.0
2.245918473,842384214000717796,842384215247500168,2,11,,,interpolated,161.0,772.0,-621.0
2.264809115,842384214019608438,842384215247500168,2,12,,,interpolated,164.0,787.0,-636.0
2.283699757,842384214038499080,842384215247500168,2,13,,,interpolated,162.0,788.0,-616.0
2.302590399,842384214057389722,842384215247500168,2,14,,,interpolated,166.0,819.0,-618.0
2.321481041,842384214076280364,842384215247500168,2,15,,,interpolated,185.0,819.0,-605.0
2.340371683,842384214095171006,842384215247500168,2,16,,,interpolated,203.0,791.0,-575.0
2.359262325,842384214114061648,842384215247500168,2,17,,,interpolated,193.0,794.0,-547.0
2.378152967,842384214132952290,842384215247500168,2,18,,,interpolated,166.0,809.0,-531.0
2.397043609,842384214151842932,842384215247500168,2,19,,,interpolated,139.0,821.0,-529.0
2.415934251,842384214170733574,842384215247500168,2,20,,,interpolated,120.0,819.0,-553.0
2.434824893,842384214189624216,842384215247500168,2,21,,,interpolated,105.0,828.0,-599.0
2.453715535,842384214208514858,842384215247500168,2,22,,,interpolated,89.0,799.0,-612.0
2.472606177,842384214227405500,842384215247500168,2,23,,,interpolated,42.0,820.0,-633.0
2.491496819,842384214246296142,842384215247500168,2,24,,,interpolated,17.0,835.0,-675.0
2.510387461,842384214265186784,842384215247500168,2,25,,,interpolated,28.0,835.0,-690.0
2.529278103,842384214284077426,842384215247500168,2,26,,,interpolated,34.0,831.0,-678.0
2.548168745,842384214302968068,842384215247500168,2,27,,,interpolated,46.0,814.0,-681.0
2.567059387,842384214321858710,842384215247500168,2,28,,,interpolated,49.0,820.0,-702.0
2.585950029,842384214340749352,842384215247500168,2,29,,,interpolated,46.0,827.0,-697.0
2.604840671,842384214359639994,842384215247500168,2,30,,,interpolated,47.0,824.0,-678.0
2.623731313,842384214378530636,842384215247500168,2,31,,,interpolated,37.0,826.0,-648.0
2.642621955,842384214397421278,842384215247500168,2,32,,,interpolated,36.0,839.0,-629.0
2.661512597,842384214416311920,842384215247500168,2,33,,,interpolated,16.0,848.0,-626.0
2.680403239,842384214435202562,842384215247500168,2,34,,,interpolated,-27.0,860.0,-638.0
2.699293881,842384214454093204,842384215247500168,2,35,,,interpolated,-49.0,868.0,-643.0
2.718184523,842384214472983846,842384215247500168,2,36,,,interpolated,-69.0,878.0,-648.0
2.737075165,842384214491874488,842384215247500168,2,37,,,interpolated,-33.0,846.0,-643.0
2.755965807,842384214510765130,842384215247500168,2,38,,,interpolated,-46.0,804.0,-684.0
2.774856449,842384214529655772,842384215247500168,2,39,,,interpolated,-13.0,816.0,-668.0
2.793747091,842384214548546414,842384215247500168,2,40,,,interpolated,14.0,825.0,-645.0
2.812637733,842384214567437056,842384215247500168,2,41,,,interpolated,0.0,839.0,-657.0
2.831528375,842384214586327698,842384215247500168,2,42,,,interpolated,11.0,860.0,-666.0
2.850419017,842384214605218340,842384215247500168,2,43,,,interpolated,37.0,852.0,-670.0
2.869309659,842384214624108982,842384215247500168,2,44,,,interpolated,23.0,842.0,-712.0
2.888200301,842384214642999624,842384215247500168,2,45,,,interpolated,-8.0,828.0,-716.0
2.907090943,842384214661890266,842384215247500168,2,46,,,interpolated,32.0,904.0,-749.0
2.925981585,842384214680780908,842384215247500168,2,47,,,interpolated,105.0,922.0,-773.0
2.944872227,842384214699671550,842384215247500168,2,48,,,interpolated,163.0,885.0,-775.0
2.963762869,842384214718562192,842384215247500168,2,49,,,interpolated,197.0,860.0,-754.0
2.982653511,842384214737452834,842384215247500168,2,50,,,interpolated,263.0,845.0,-747.0
3.001544153,842384214756343476,842384215247500168,2,51,,,interpolated,318.0,821.0,-733.0
3.020434795,842384214775234118,842384215247500168,2,52,,,interpolated,342.0,745.0,-632.0
3.039325437,842384214794124760,842384215247500168,2,53,,,interpolated,485.0,702.0,-511.0
3.058216079,842384214813015402,842384215247500168,2,54,,,interpolated,393.0,831.0,-474.0
3.077106721,842384214831906044,842384215247500168,2,55,,,interpolated,283.0,828.0,-406.0
3.095997363,842384214850796686,842384215247500168,2,56,,,interpolated,177.0,741.0,-388.0
3.114888005,842384214869687328,842384215247500168,2,57,,,interpolated,109.0,680.0,-379.0
3.133778647,842384214888577970,842384215247500168,2,58,,,interpolated,132.0,696.0,-368.0
3.152669289,842384214907468612,842384215247500168,2,59,,,interpolated,194.0,724.0,-362.0
3.171559931,842384214926359254,842384215247500168,2,60,,,interpolated,267.0,719.0,-375.0
3.190450573,842384214945249896,842384215247500168,2,61,,,interpolated,303.0,728.0,-424.0
3.209341215,842384214964140538,842384215247500168,2,62,,,interpolated,299.0,749.0,-452.0
3.228231857,842384214983031180,842384215247500168,2,63,,,interpolated,239.0,772.0,-511.0
3.247122499,842384215001921822,842384215247500168,2,64,,,interpolated,165.0,809.0,-532.0
3.266013141,842384215020812464,842384215247500168,2,65,,,interpolated,128.0,871.0,-584.0
3.284903783,842384215039703106,842384215247500168,2,66,,,interpolated,102.0,926.0,-671.0
3.303794425,842384215058593748,842384215247500168,2,67,,,interpolated,66.0,924.0,-692.0
3.322685067,842384215077484390,842384215247500168,2,68,,,interpolated,15.0,939.0,-706.0
3.341575709,842384215096375032,842384215247500168,2,69,,,interpolated,11.0,986.0,-719.0
3.360466351,842384215115265674,842384215247500168,2,70,,,interpolated,110.0,994.0,-706.0
3.379356993,842384215134156316,842384215247500168,2,71,,,interpolated,227.0,976.0,-742.0
3.398247635,842384215153046958,842384215247500168,2,72,,,interpolated,262.0,1020.0,-802.0
3.417138277,842384215171937600,842384215247500168,2,73,,,interpolated,174.0,1023.0,-826.0
3.436028919,842384215190828242,842384215247500168,2,74,,,interpolated,46.0,962.0,-757.0
3.454919561,842384215209718884,842384215247500168,2,75,,,interpolated,-54.0,1000.0,-714.0
3.473810203,842384215228609526,842384215247500168,2,76,,,interpolated,-73.0,985.0,-696.0
3.492700845,842384215247500168,842384215247500168,2,77,,,interpolated,-84.0,897.0,-679.0
3.511591085,842384215266390408,842384216683158442,3,0,,,interpolated,-97.0,861.0,-688.0
3.530481326,842384215285280649,842384216683158442,3,1,,,interpolated,-82.0,828.0,-711.0
3.549371566,842384215304170889,842384216683158442,3,2,,,interpolated,-10.0,788.0,-709.0
3.568261807,842384215323061130,842384216683158442,3,3,,,interpolated,23.0,794.0,-704.0
3.587152047,842384215341951370,842384216683158442,3,4,,,interpolated,9.0,764.0,-701.0
3.606042288,842384215360841611,842384216683158442,3,5,,,interpolated,-46.0,745.0,-741.0
3.624932528,842384215379731851,842384216683158442,3,6,,,interpolated,-107.0,739.0,-693.0
3.643822769,842384215398622092,842384216683158442,3,7,,,interpolated,-135.0,720.0,-692.0
3.662713009,842384215417512332,842384216683158442,3,8,,,interpolated,-94.0,717.0,-634.0
3.681603249,842384215436402572,842384216683158442,3,9,,,interpolated,-143.0,706.0,-641.0
3.70049349,842384215455292813,842384216683158442,3,10,,,interpolated,-150.0,724.0,-623.0
3.71938373,842384215474183053,842384216683158442,3,11,,,interpolated,-149.0,824.0,-744.0
3.738273971,842384215493073294,842384216683158442,3,12,,,interpolated,-97.0,859.0,-788.0
3.757164211,842384215511963534,842384216683158442,3,13,,,interpolated,-7.0,810.0,-758.0
3.776054452,842384215530853775,842384216683158442,3,14,,,interpolated,7.0,793.0,-757.0
3.794944692,842384215549744015,842384216683158442,3,15,,,interpolated,-79.0,780.0,-690.0
3.813834933,842384215568634256,842384216683158442,3,16,,,interpolated,-195.0,672.0,-680.0
3.832725173,842384215587524496,842384216683158442,3,17,,,interpolated,-228.0,459.0,-705.0
3.851615414,842384215606414737,842384216683158442,3,18,,,interpolated,-251.0,458.0,-778.0
3.870505654,842384215625304977,842384216683158442,3,19,,,interpolated,-302.0,580.0,-869.0
3.889395894,842384215644195217,842384216683158442,3,20,,,interpolated,-380.0,624.0,-980.0
3.908286135,842384215663085458,842384216683158442,3,21,,,interpolated,-469.0,648.0,-939.0
3.927176375,842384215681975698,842384216683158442,3,22,,,interpolated,-528.0,679.0,-963.0
3.946066616,842384215700865939,842384216683158442,3,23,,,interpolated,-571.0,724.0,-862.0
3.964956856,842384215719756179,842384216683158442,3,24,,,interpolated,-539.0,794.0,-825.0
3.983847097,842384215738646420,842384216683158442,3,25,,,interpolated,-450.0,831.0,-716.0
4.002737337,842384215757536660,842384216683158442,3,26,,,interpolated,-303.0,767.0,-742.0
4.021627578,842384215776426901,842384216683158442,3,27,,,interpolated,-333.0,747.0,-699.0
4.040517818,842384215795317141,842384216683158442,3,28,,,interpolated,-222.0,779.0,-654.0
4.059408058,842384215814207381,842384216683158442,3,29,,,interpolated,-256.0,775.0,-639.0
4.078298299,842384215833097622,842384216683158442,3,30,,,interpolated,-279.0,809.0,-637.0
4.097188539,842384215851987862,842384216683158442,3,31,,,interpolated,-322.0,814.0,-571.0
4.11607878,842384215870878103,842384216683158442,3,32,,,interpolated,-304.0,804.0,-530.0
4.13496902,842384215889768343,842384216683158442,3,33,,,interpolated,-314.0,819.0,-497.0
4.153859261,842384215908658584,842384216683158442,3,34,,,interpolated,-248.0,913.0,-458.0
4.172749501,842384215927548824,842384216683158442,3,35,,,interpolated,-194.0,1037.0,-432.0
4.191639742,842384215946439065,842384216683158442,3,36,,,interpolated,-196.0,961.0,-467.0
4.210529982,842384215965329305,842384216683158442,3,37,,,interpolated,-79.0,921.0,-469.0
4.229420222,842384215984219545,842384216683158442,3,38,,,interpolated,-66.0,840.0,-515.0
4.248310463,842384216003109786,842384216683158442,3,39,,,interpolated,-185.0,749.0,-473.0
4.267200703,842384216022000026,842384216683158442,3,40,,,interpolated,-137.0,849.0,-378.0
4.286090944,842384216040890267,842384216683158442,3,41,,,interpolated,-36.0,923.0,-382.0
4.304981184,842384216059780507,842384216683158442,3,42,,,interpolated,93.0,1021.0,-435.0
4.323871425,842384216078670748,842384216683158442,3,43,,,interpolated,109.0,1101.0,-465.0
4.342761665,842384216097560988,842384216683158442,3,44,,,interpolated,253.0,1102.0,-536.0
4.361651906,842384216116451229,842384216683158442,3,45,,,interpolated,380.0,1177.0,-482.0
4.380542146,842384216135341469,842384216683158442,3,46,,,interpolated,407.0,1188.0,-394.0
4.399432386,842384216154231709,842384216683158442,3,47,,,interpolated,382.0,1204.0,-228.0
4.418322627,842384216173121950,842384216683158442,3,48,,,interpolated,313.0,1165.0,-119.0
4.437212867,842384216192012190,842384216683158442,3,49,,,interpolated,234.0,1075.0,-106.0
4.456103108,842384216210902431,842384216683158442,3,50,,,interpolated,182.0,982.0,-94.0
4.474993348,842384216229792671,842384216683158442,3,51,,,interpolated,133.0,808.0,-122.0
4.493883589,842384216248682912,842384216683158442,3,52,,,interpolated,143.0,731.0,-119.0
4.512773829,842384216267573152,842384216683158442,3,53,,,interpolated,71.0,710.0,-99.0
4.53166407,842384216286463393,842384216683158442,3,54,,,interpolated,-49.0,737.0,-85.0
4.55055431,842384216305353633,842384216683158442,3,55,,,interpolated,-116.0,729.0,-128.0
4.569444551,842384216324243874,842384216683158442,3,56,,,interpolated,-206.0,755.0,-137.0
4.588334791,842384216343134114,842384216683158442,3,57,,,interpolated,-298.0,787.0,-146.0
4.607225031,842384216362024354,842384216683158442,3,58,,,interpolated,-339.0,788.0,-207.0
4.626115272,842384216380914595,842384216683158442,3,59,,,interpolated,-313.0,817.0,-271.0
4.645005512,842384216399804835,842384216683158442,3,60,,,interpolated,-249.0,870.0,-342.0
4.663895753,842384216418695076,842384216683158442,3,61,,,interpolated,-164.0,911.0,-394.0
4.682785993,842384216437585316,842384216683158442,3,62,,,interpolated,-60.0,939.0,-419.0
4.701676234,842384216456475557,842384216683158442,3,63,,,interpolated,7.0,958.0,-455.0
4.720566474,842384216475365797,842384216683158442,3,64,,,interpolated,40.0,975.0,-471.0
4.739456715,842384216494256038,842384216683158442,3,65,,,interpolated,49.0,1038.0,-432.0
4.758346955,842384216513146278,842384216683158442,3,66,,,interpolated,-10.0,1030.0,-341.0
4.777237195,842384216532036518,842384216683158442,3,67,,,interpolated,-91.0,972.0,-287.0
4.796127436,842384216550926759,842384216683158442,3,68,,,interpolated,-135.0,924.0,-249.0
4.815017676,842384216569816999,842384216683158442,3,69,,,interpolated,-116.0,868.0,-234.0
4.833907917,842384216588707240,842384216683158442,3,70,,,interpolated,-54.0,824.0,-223.0
4.852798157,842384216607597480,842384216683158442,3,71,,,interpolated,-29.0,794.0,-207.0
4.871688398,842384216626487721,842384216683158442,3,72,,,interpolated,-60.0,787.0,-172.0
4.890578638,842384216645377961,842384216683158442,3,73,,,interpolated,-75.0,767.0,-145.0
4.909468879,842384216664268202,842384216683158442,3,74,,,interpolated,-102.0,778.0,-132.0
4.928359119,842384216683158442,842384216683158442,3,75,,,interpolated,-83.0,803.0,-118.0
4.947249761,842384216702049084,842384218043284666,4,0,,,interpolated,-147.0,842.0,-52.0
4.966140403,842384216720939726,842384218043284666,4,1,,,interpolated,-158.0,856.0,-71.0
4.985031045,842384216739830368,842384218043284666,4,2,,,interpolated,-163.0,877.0,-104.0
5.003921687,842384216758721010,842384218043284666,4,3,,,interpolated,-139.0,910.0,-141.0
5.022812329,842384216777611652,842384218043284666,4,4,,,interpolated,-129.0,968.0,-187.0
5.041702971,842384216796502294,842384218043284666,4,5,,,interpolated,-57.0,1023.0,-206.0
5.060593613,842384216815392936,842384218043284666,4,6,,,interpolated,-67.0,1104.0,-263.0
5.079484255,842384216834283578,842384218043284666,4,7,,,interpolated,-53.0,1203.0,-286.0
5.098374897,842384216853174220,842384218043284666,4,8,,,interpolated,-33.0,1262.0,-283.0
5.117265539,842384216872064862,842384218043284666,4,9,,,interpolated,-90.0,1291.0,-253.0
5.136156181,842384216890955504,842384218043284666,4,10,,,interpolated,-153.0,1352.0,-191.0
5.155046823,842384216909846146,842384218043284666,4,11,,,interpolated,-178.0,1502.0,-90.0
5.173937465,842384216928736788,842384218043284666,4,12,,,interpolated,-225.0,1737.0,36.0
5.192828107,842384216947627430,842384218043284666,4,13,,,interpolated,-271.0,1755.0,125.0
5.211718749,842384216966518072,842384218043284666,4,14,,,interpolated,-334.0,1696.0,128.0
5.230609391,842384216985408714,842384218043284666,4,15,,,interpolated,-286.0,1489.0,37.0
5.249500033,842384217004299356,842384218043284666,4,16,,,interpolated,-224.0,1285.0,23.0
5.268390675,842384217023189998,842384218043284666,4,17,,,interpolated,-152.0,1171.0,187.0
5.287281317,842384217042080640,842384218043284666,4,18,,,interpolated,-75.0,1127.0,291.0
5.306171959,842384217060971282,842384218043284666,4,19,,,interpolated,0.0,1109.0,300.0
5.325062601,842384217079861924,842384218043284666,4,20,,,interpolated,38.0,1094.0,228.0
5.343953243,842384217098752566,842384218043284666,4,21,,,interpolated,59.0,1068.0,117.0
5.362843885,842384217117643208,842384218043284666,4,22,,,interpolated,62.0,994.0,26.0
5.381734527,842384217136533850,842384218043284666,4,23,,,interpolated,45.0,878.0,-46.0
5.400625169,842384217155424492,842384218043284666,4,24,,,interpolated,36.0,786.0,-87.0
5.419515811,842384217174315134,842384218043284666,4,25,,,interpolated,14.0,723.0,-98.0
5.438406453,842384217193205776,842384218043284666,4,26,,,interpolated,3.0,698.0,-88.0
5.457297095,842384217212096418,842384218043284666,4,27,,,interpolated,-20.0,668.0,-69.0
5.476187737,842384217230987060,842384218043284666,4,28,,,interpolated,-13.0,675.0,-50.0
5.495078379,842384217249877702,842384218043284666,4,29,,,interpolated,-11.0,710.0,-22.0
5.513969021,842384217268768344,842384218043284666,4,30,,,interpolated,18.0,810.0,-8.0
5.532859663,842384217287658986,842384218043284666,4,31,,,interpolated,90.0,900.0,2.0
5.551750305,842384217306549628,842384218043284666,4,32,,,interpolated,133.0,971.0,-14.0
5.570640947,842384217325440270,842384218043284666,4,33,,,interpolated,160.0,1064.0,-53.0
5.589531589,842384217344330912,842384218043284666,4,34,,,interpolated,181.0,1165.0,-77.0
5.608422231,842384217363221554,842384218043284666,4,35,,,interpolated,192.0,1294.0,-106.0
5.627312873,842384217382112196,842384218043284666,4,36,,,interpolated,166.0,1400.0,-142.0
5.646203515,842384217401002838,842384218043284666,4,37,,,interpolated,95.0,1348.0,-188.0
5.665094157,842384217419893480,842384218043284666,4,38,,,interpolated,7.0,1225.0,-229.0
5.683984799,842384217438784122,842384218043284666,4,39,,,interpolated,-57.0,1096.0,-262.0
5.702875441,842384217457674764,842384218043284666,4,40,,,interpolated,-90.0,969.0,-313.0
5.721766083,842384217476565406,842384218043284666,4,41,,,interpolated,-136.0,1062.0,-309.0
5.740656725,842384217495456048,842384218043284666,4,42,,,interpolated,-145.0,1307.0,-220.0
5.759547367,842384217514346690,842384218043284666,4,43,,,interpolated,-50.0,1115.0,-344.0
5.778438009,842384217533237332,842384218043284666,4,44,,,interpolated,82.0,884.0,-568.0
5.797328651,842384217552127974,842384218043284666,4,45,,,interpolated,188.0,947.0,-635.0
5.816219293,842384217571018616,842384218043284666,4,46,,,interpolated,283.0,1164.0,-635.0
5.835109935,842384217589909258,842384218043284666,4,47,,,interpolated,109.0,1198.0,-467.0
5.854000577,842384217608799900,842384218043284666,4,48,,,interpolated,-6.0,1222.0,-406.0
5.872891219,842384217627690542,842384218043284666,4,49,,,interpolated,6.0,1144.0,-409.0
5.891781861,842384217646581184,842384218043284666,4,50,,,interpolated,6.0,940.0,-406.0
5.910672503,842384217665471826,842384218043284666,4,51,,,interpolated,4.0,761.0,-315.0
5.929563145,842384217684362468,842384218043284666,4,52,,,interpolated,28.0,642.0,-220.0
5.948453787,842384217703253110,842384218043284666,4,53,,,interpolated,93.0,573.0,-137.0
5.967344429,842384217722143752,842384218043284666,4,54,,,interpolated,129.0,550.0,-99.0
5.986235071,842384217741034394,842384218043284666,4,55,,,interpolated,135.0,560.0,-90.0
6.005125713,842384217759925036,842384218043284666,4,56,,,interpolated,100.0,600.0,-95.0
6.024016355,842384217778815678,842384218043284666,4,57,,,interpolated,75.0,665.0,-86.0
6.042906997,842384217797706320,842384218043284666,4,58,,,interpolated,50.0,742.0,-92.0
6.061797639,842384217816596962,842384218043284666,4,59,,,interpolated,46.0,830.0,-121.0
6.080688281,842384217835487604,842384218043284666,4,60,,,interpolated,107.0,917.0,-171.0
6.099578923,842384217854378246,842384218043284666,4,61,,,interpolated,205.0,951.0,-270.0
6.118469565,842384217873268888,842384218043284666,4,62,,,interpolated,345.0,927.0,-411.0
6.137360207,842384217892159530,842384218043284666,4,63,,,interpolated,443.0,911.0,-481.0
6.156250849,842384217911050172,842384218043284666,4,64,,,interpolated,459.0,908.0,-516.0
6.175141491,842384217929940814,842384218043284666,4,65,,,interpolated,431.0,975.0,-520.0
6.194032133,842384217948831456,842384218043284666,4,66,,,interpolated,337.0,1286.0,-483.0
6.212922775,842384217967722098,842384218043284666,4,67,,,interpolated,224.0,1485.0,-368.0
6.231813417,842384217986612740,842384218043284666,4,68,,,interpolated,125.0,1362.0,-459.0
6.250704059,842384218005503382,842384218043284666,4,69,,,interpolated,79.0,1199.0,-554.0
6.269594701,842384218024394024,842384218043284666,4,70,,,interpolated,56.0,1118.0,-624.0
6.288485343,842384218043284666,842384218043284666,4,71,,,interpolated,-1.0,1138.0,-599.0
6.307375555,842384218062174878,842384219384489730,5,0,,,interpolated,-37.0,1172.0,-511.0
6.326265767,842384218081065090,842384219384489730,5,1,,,interpolated,-103.0,1190.0,-363.0
6.34515598,842384218099955303,842384219384489730,5,2,,,interpolated,-183.0,1214.0,-292.0
6.364046192,842384218118845515,842384219384489730,5,3,,,interpolated,-208.0,1134.0,-281.0
6.382936404,842384218137735727,842384219384489730,5,4,,,interpolated,-168.0,989.0,-289.0
6.401826616,842384218156625939,842384219384489730,5,5,,,interpolated,-89.0,861.0,-284.0
6.420716828,842384218175516151,842384219384489730,5,6,,,interpolated,-22.0,791.0,-260.0
6.43960704,842384218194406363,842384219384489730,5,7,,,interpolated,26.0,727.0,-239.0
6.458497253,842384218213296576,842384219384489730,5,8,,,interpolated,56.0,690.0,-227.0
6.477387465,842384218232186788,842384219384489730,5,9,,,interpolated,53.0,694.0,-196.0
6.496277677,842384218251077000,842384219384489730,5,10,,,interpolated,47.0,735.0,-168.0
6.515167889,842384218269967212,842384219384489730,5,11,,,interpolated,20.0,798.0,-154.0
6.534058101,842384218288857424,842384219384489730,5,12,,,interpolated,-11.0,842.0,-129.0
6.552948313,842384218307747636,842384219384489730,5,13,,,interpolated,-10.0,964.0,-125.0
6.571838526,842384218326637849,842384219384489730,5,14,,,interpolated,-7.0,1029.0,-159.0
6.590728738,842384218345528061,842384219384489730,5,15,,,interpolated,-30.0,1147.0,-173.0
6.60961895,842384218364418273,842384219384489730,5,16,,,interpolated,-86.0,1217.0,-196.0
6.628509162,842384218383308485,842384219384489730,5,17,,,interpolated,-158.0,1240.0,-261.0
6.647399374,842384218402198697,842384219384489730,5,18,,,interpolated,-184.0,1213.0,-318.0
6.666289586,842384218421088909,842384219384489730,5,19,,,interpolated,-194.0,1138.0,-391.0
6.685179799,842384218439979122,842384219384489730,5,20,,,interpolated,-183.0,1044.0,-483.0
6.704070011,842384218458869334,842384219384489730,5,21,,,interpolated,-152.0,1263.0,-539.0
6.722960223,842384218477759546,842384219384489730,5,22,,,interpolated,-101.0,1558.0,-498.0
6.741850435,842384218496649758,842384219384489730,5,23,,,interpolated,-5.0,1348.0,-561.0
6.760740647,842384218515539970,842384219384489730,5,24,,,interpolated,59.0,926.0,-760.0
6.779630859,842384218534430182,842384219384489730,5,25,,,interpolated,111.0,859.0,-926.0
6.798521072,842384218553320395,842384219384489730,5,26,,,interpolated,138.0,1047.0,-853.0
6.817411284,842384218572210607,842384219384489730,5,27,,,interpolated,5.0,1256.0,-620.0
6.836301496,842384218591100819,842384219384489730,5,28,,,interpolated,-50.0,1277.0,-473.0
6.855191708,842384218609991031,842384219384489730,5,29,,,interpolated,-22.0,1184.0,-425.0
6.87408192,842384218628881243,842384219384489730,5,30,,,interpolated,-24.0,1026.0,-382.0
6.892972132,842384218647771455,842384219384489730,5,31,,,interpolated,-38.0,830.0,-311.0
6.911862345,842384218666661668,842384219384489730,5,32,,,interpolated,-18.0,658.0,-237.0
6.930752557,842384218685551880,842384219384489730,5,33,,,interpolated,23.0,559.0,-180.0
6.949642769,842384218704442092,842384219384489730,5,34,,,interpolated,69.0,517.0,-130.0
6.968532981,842384218723332304,842384219384489730,5,35,,,interpolated,118.0,550.0,-106.0
6.987423193,842384218742222516,842384219384489730,5,36,,,interpolated,153.0,599.0,-109.0
7.006313405,842384218761112728,842384219384489730,5,37,,,interpolated,164.0,676.0,-132.0
7.025203618,842384218780002941,842384219384489730,5,38,,,interpolated,210.0,762.0,-169.0
7.04409383,842384218798893153,842384219384489730,5,39,,,interpolated,246.0,839.0,-221.0
7.062984042,842384218817783365,842384219384489730,5,40,,,interpolated,247.0,874.0,-292.0
7.081874254,842384218836673577,842384219384489730,5,41,,,interpolated,306.0,899.0,-374.0
7.100764466,842384218855563789,842384219384489730,5,42,,,interpolated,396.0,934.0,-442.0
7.119654678,842384218874454001,842384219384489730,5,43,,,interpolated,411.0,916.0,-465.0
7.138544891,842384218893344214,842384219384489730,5,44,,,interpolated,300.0,888.0,-507.0
7.157435103,842384218912234426,842384219384489730,5,45,,,interpolated,169.0,1084.0,-537.0
7.176325315,842384218931124638,842384219384489730,5,46,,,interpolated,-32.0,1450.0,-498.0
7.195215527,842384218950014850,842384219384489730,5,47,,,interpolated,-170.0,1542.0,-511.0
7.214105739,842384218968905062,842384219384489730,5,48,,,interpolated,-197.0,1383.0,-562.0
7.232995951,842384218987795274,842384219384489730,5,49,,,interpolated,-59.0,1121.0,-660.0
7.251886164,842384219006685487,842384219384489730,5,50,,,interpolated,51.0,978.0,-700.0
7.270776376,842384219025575699,842384219384489730,5,51,,,interpolated,35.0,993.0,-645.0
7.289666588,842384219044465911,842384219384489730,5,52,,,interpolated,-54.0,1072.0,-501.0
7.3085568,842384219063356123,842384219384489730,5,53,,,interpolated,-131.0,1117.0,-309.0
7.327447012,842384219082246335,842384219384489730,5,54,,,interpolated,-167.0,1124.0,-242.0
7.346337224,842384219101136547,842384219384489730,5,55,,,interpolated,-163.0,1049.0,-263.0
7.365227437,842384219120026760,842384219384489730,5,56,,,interpolated,-139.0,916.0,-269.0
7.384117649,842384219138916972,842384219384489730,5,57,,,interpolated,-115.0,767.0,-276.0
7.403007861,842384219157807184,842384219384489730,5,58,,,interpolated,-45.0,667.0,-273.0
7.421898073,842384219176697396,842384219384489730,5,59,,,interpolated,13.0,612.0,-250.0
7.440788285,842384219195587608,842384219384489730,5,60,,,interpolated,63.0,625.0,-219.0
7.459678497,842384219214477820,842384219384489730,5,61,,,interpolated,84.0,693.0,-196.0
7.47856871,842384219233368033,842384219384489730,5,62,,,interpolated,95.0,770.0,-190.0
7.497458922,842384219252258245,842384219384489730,5,63,,,interpolated,89.0,837.0,-203.0
7.516349134,842384219271148457,842384219384489730,5,64,,,interpolated,52.0,862.0,-207.0
7.535239346,842384219290038669,842384219384489730,5,65,,,interpolated,28.0,992.0,-182.0
7.554129558,842384219308928881,842384219384489730,5,66,,,interpolated,-3.0,1011.0,-228.0
7.57301977,842384219327819093,842384219384489730,5,67,,,interpolated,-72.0,1101.0,-238.0
7.591909983,842384219346709306,842384219384489730,5,68,,,interpolated,-150.0,1172.0,-266.0
7.610800195,842384219365599518,842384219384489730,5,69,,,interpolated,-210.0,1188.0,-290.0
7.629690407,842384219384489730,842384219384489730,5,70,,,interpolated,-225.0,1105.0,-301.0
7.648581049,842384219403380372,842384220725725312,6,0,,,interpolated,-177.0,1102.0,-324.0
7.667471691,842384219422271014,842384220725725312,6,1,,,interpolated,-145.0,1098.0,-374.0
7.686362333,842384219441161656,842384220725725312,6,2,,,interpolated,-134.0,1207.0,-405.0
7.705252975,842384219460052298,842384220725725312,6,3,,,interpolated,-128.0,1345.0,-419.0
7.724143617,842384219478942940,842384220725725312,6,4,,,interpolated,-11.0,1261.0,-539.0
7.743034259,842384219497833582,842384220725725312,6,5,,,interpolated,109.0,1183.0,-822.0
7.761924901,842384219516724224,842384220725725312,6,6,,,interpolated,209.0,1226.0,-1057.0
7.780815543,842384219535614866,842384220725725312,6,7,,,interpolated,136.0,1266.0,-952.0
7.799706185,842384219554505508,842384220725725312,6,8,,,interpolated,-144.0,1292.0,-758.0
7.818596827,842384219573396150,842384220725725312,6,9,,,interpolated,-248.0,1264.0,-588.0
7.837487469,842384219592286792,842384220725725312,6,10,,,interpolated,-218.0,1187.0,-405.0
7.856378111,842384219611177434,842384220725725312,6,11,,,interpolated,-186.0,1024.0,-263.0
7.875268753,842384219630068076,842384220725725312,6,12,,,interpolated,-111.0,855.0,-153.0
7.894159395,842384219648958718,842384220725725312,6,13,,,interpolated,-3.0,750.0,-68.0
7.913050037,842384219667849360,842384220725725312,6,14,,,interpolated,109.0,678.0,26.0
7.931940679,842384219686740002,842384220725725312,6,15,,,interpolated,205.0,635.0,84.0
7.950831321,842384219705630644,842384220725725312,6,16,,,interpolated,286.0,603.0,89.0
7.969721963,842384219724521286,842384220725725312,6,17,,,interpolated,318.0,555.0,59.0
7.988612605,842384219743411928,842384220725725312,6,18,,,interpolated,316.0,533.0,9.0
8.007503247,842384219762302570,842384220725725312,6,19,,,interpolated,312.0,548.0,-40.0
8.026393889,842384219781193212,842384220725725312,6,20,,,interpolated,332.0,588.0,-69.0
8.045284531,842384219800083854,842384220725725312,6,21,,,interpolated,397.0,669.0,-107.0
8.064175173,842384219818974496,842384220725725312,6,22,,,interpolated,464.0,799.0,-151.0
8.083065815,842384219837865138,842384220725725312,6,23,,,interpolated,461.0,954.0,-224.0
8.101956457,842384219856755780,842384220725725312,6,24,,,interpolated,402.0,1073.0,-312.0
8.120847099,842384219875646422,842384220725725312,6,25,,,interpolated,310.0,1188.0,-419.0
8.139737741,842384219894537064,842384220725725312,6,26,,,interpolated,172.0,1697.0,-480.0
8.158628383,842384219913427706,842384220725725312,6,27,,,interpolated,-73.0,2065.0,-570.0
8.177519025,842384219932318348,842384220725725312,6,28,,,interpolated,-257.0,1646.0,-690.0
8.196409667,842384219951208990,842384220725725312,6,29,,,interpolated,-440.0,1174.0,-741.0
8.215300309,842384219970099632,842384220725725312,6,30,,,interpolated,-502.0,1314.0,-641.0
8.234190951,842384219988990274,842384220725725312,6,31,,,interpolated,-563.0,1488.0,-466.0
8.253081593,842384220007880916,842384220725725312,6,32,,,interpolated,-609.0,1499.0,-372.0
8.271972235,842384220026771558,842384220725725312,6,33,,,interpolated,-650.0,1399.0,-260.0
8.290862877,842384220045662200,842384220725725312,6,34,,,interpolated,-599.0,1223.0,-260.0
8.309753519,842384220064552842,842384220725725312,6,35,,,interpolated,-466.0,1014.0,-289.0
8.328644161,842384220083443484,842384220725725312,6,36,,,interpolated,-319.0,860.0,-226.0
8.347534803,842384220102334126,842384220725725312,6,37,,,interpolated,-236.0,755.0,-156.0
8.366425445,842384220121224768,842384220725725312,6,38,,,interpolated,-211.0,693.0,-99.0
8.385316087,842384220140115410,842384220725725312,6,39,,,interpolated,-158.0,694.0,-69.0
8.404206729,842384220159006052,842384220725725312,6,40,,,interpolated,-92.0,731.0,-64.0
8.423097371,842384220177896694,842384220725725312,6,41,,,interpolated,-9.0,753.0,-71.0
8.441988013,842384220196787336,842384220725725312,6,42,,,interpolated,49.0,770.0,-111.0
8.460878655,842384220215677978,842384220725725312,6,43,,,interpolated,80.0,805.0,-158.0
8.479769297,842384220234568620,842384220725725312,6,44,,,interpolated,77.0,827.0,-172.0
8.498659939,842384220253459262,842384220725725312,6,45,,,interpolated,33.0,869.0,-200.0
8.517550581,842384220272349904,842384220725725312,6,46,,,interpolated,5.0,926.0,-187.0
8.536441223,842384220291240546,842384220725725312,6,47,,,interpolated,-9.0,1011.0,-164.0
8.555331865,842384220310131188,842384220725725312,6,48,,,interpolated,-56.0,1096.0,-177.0
8.574222507,842384220329021830,842384220725725312,6,49,,,interpolated,-37.0,1063.0,-227.0
8.593113149,842384220347912472,842384220725725312,6,50,,,interpolated,8.0,1027.0,-289.0
8.612003791,842384220366803114,842384220725725312,6,51,,,interpolated,-2.0,1072.0,-329.0
8.630894433,842384220385693756,842384220725725312,6,52,,,interpolated,-48.0,1067.0,-319.0
8.649785075,842384220404584398,842384220725725312,6,53,,,interpolated,-80.0,1035.0,-265.0
8.668675717,842384220423475040,842384220725725312,6,54,,,interpolated,-164.0,1325.0,-306.0
8.687566359,842384220442365682,842384220725725312,6,55,,,interpolated,-222.0,1475.0,-455.0
8.706457001,842384220461256324,842384220725725312,6,56,,,interpolated,-19.0,1186.0,-828.0
8.725347643,842384220480146966,842384220725725312,6,57,,,interpolated,187.0,920.0,-975.0
8.744238285,842384220499037608,842384220725725312,6,58,,,interpolated,143.0,1008.0,-871.0
8.763128927,842384220517928250,842384220725725312,6,59,,,interpolated,-142.0,1070.0,-624.0
8.782019569,842384220536818892,842384220725725312,6,60,,,interpolated,-391.0,1092.0,-481.0
8.800910211,842384220555709534,842384220725725312,6,61,,,interpolated,-431.0,1105.0,-396.0
8.819800853,842384220574600176,842384220725725312,6,62,,,interpolated,-236.0,995.0,-321.0
8.838691495,842384220593490818,842384220725725312,6,63,,,interpolated,5.0,853.0,-279.0
8.857582137,842384220612381460,842384220725725312,6,64,,,interpolated,194.0,730.0,-243.0
8.876472779,842384220631272102,842384220725725312,6,65,,,interpolated,301.0,651.0,-223.0
8.895363421,842384220650162744,842384220725725312,6,66,,,interpolated,352.0,590.0,-212.0
8.914254063,842384220669053386,842384220725725312,6,67,,,interpolated,366.0,565.0,-214.0
8.933144705,842384220687944028,842384220725725312,6,68,,,interpolated,341.0,576.0,-226.0
8.952035347,842384220706834670,842384220725725312,6,69,,,interpolated,309.0,656.0,-227.0
8.970925989,842384220725725312,842384220725725312,6,70,,,interpolated,315.0,715.0,-250.0
8.989816631,842384220744615954,842384222085851536,7,0,,,interpolated,353.0,786.0,-280.0
9.008707273,842384220763506596,842384222085851536,7,1,,,interpolated,433.0,832.0,-326.0
9.027597915,842384220782397238,842384222085851536,7,2,,,interpolated,513.0,828.0,-371.0
9.046488557,842384220801287880,842384222085851536,7,3,,,interpolated,551.0,859.0,-418.0
9.065379199,842384220820178522,842384222085851536,7,4,,,interpolated,562.0,896.0,-459.0
9.084269841,842384220839069164,842384222085851536,7,5,,,interpolated,513.0,935.0,-474.0
9.103160483,842384220857959806,842384222085851536,7,6,,,interpolated,426.0,957.0,-454.0
9.122051125,842384220876850448,842384222085851536,7,7,,,interpolated,308.0,1039.0,-440.0
9.140941767,842384220895741090,842384222085851536,7,8,,,interpolated,195.0,1191.0,-428.0
9.159832409,842384220914631732,842384222085851536,7,9,,,interpolated,64.0,1428.0,-464.0
9.178723051,842384220933522374,842384222085851536,7,10,,,interpolated,-75.0,1497.0,-504.0
9.197613693,842384220952413016,842384222085851536,7,11,,,interpolated,-243.0,1374.0,-565.0
9.216504335,842384220971303658,842384222085851536,7,12,,,interpolated,-265.0,1121.0,-576.0
9.235394977,842384220990194300,842384222085851536,7,13,,,interpolated,-181.0,969.0,-443.0
9.254285619,842384221009084942,842384222085851536,7,14,,,interpolated,-201.0,1036.0,-262.0
9.273176261,842384221027975584,842384222085851536,7,15,,,interpolated,-276.0,1130.0,-147.0
9.292066903,842384221046866226,842384222085851536,7,16,,,interpolated,-365.0,1205.0,-133.0
9.310957545,842384221065756868,842384222085851536,7,17,,,interpolated,-424.0,1277.0,-212.0
9.329848187,842384221084647510,842384222085851536,7,18,,,interpolated,-414.0,1238.0,-294.0
9.348738829,842384221103538152,842384222085851536,7,19,,,interpolated,-359.0,1125.0,-367.0
9.367629471,842384221122428794,842384222085851536,7,20,,,interpolated,-280.0,965.0,-405.0
9.386520113,842384221141319436,842384222085851536,7,21,,,interpolated,-183.0,833.0,-397.0
9.405410755,842384221160210078,842384222085851536,7,22,,,interpolated,-84.0,771.0,-368.0
9.424301397,842384221179100720,842384222085851536,7,23,,,interpolated,-36.0,775.0,-301.0
9.443192039,842384221197991362,842384222085851536,7,24,,,interpolated,-16.0,797.0,-218.0
9.462082681,842384221216882004,842384222085851536,7,25,,,interpolated,-23.0,779.0,-163.0
9.480973323,842384221235772646,842384222085851536,7,26,,,interpolated,-58.0,763.0,-152.0
9.499863965,842384221254663288,842384222085851536,7,27,,,interpolated,-93.0,770.0,-132.0
9.518754607,842384221273553930,842384222085851536,7,28,,,interpolated,-113.0,805.0,-120.0
9.537645249,842384221292444572,842384222085851536,7,29,,,interpolated,-115.0,799.0,-146.0
9.556535891,842384221311335214,842384222085851536,7,30,,,interpolated,-78.0,807.0,-178.0
9.575426533,842384221330225856,842384222085851536,7,31,,,interpolated,-6.0,848.0,-210.0
9.594317175,842384221349116498,842384222085851536,7,32,,,interpolated,52.0,901.0,-247.0
9.613207817,842384221368007140,842384222085851536,7,33,,,interpolated,121.0,911.0,-260.0
9.632098459,842384221386897782,842384222085851536,7,34,,,interpolated,184.0,933.0,-276.0
9.650989101,842384221405788424,842384222085851536,7,35,,,interpolated,220.0,954.0,-314.0
9.669879743,842384221424679066,842384222085851536,7,36,,,interpolated,263.0,1000.0,-337.0
9.688770385,842384221443569708,842384222085851536,7,37,,,interpolated,330.0,1068.0,-348.0
9.707661027,842384221462460350,842384222085851536,7,38,,,interpolated,392.0,1148.0,-405.0
9.726551669,842384221481350992,842384222085851536,7,39,,,interpolated,426.0,1141.0,-482.0
9.745442311,842384221500241634,842384222085851536,7,40,,,interpolated,471.0,1282.0,-554.0
9.764332953,842384221519132276,842384222085851536,7,41,,,interpolated,563.0,1374.0,-530.0
9.783223595,842384221538022918,842384222085851536,7,42,,,interpolated,738.0,1261.0,-585.0
9.802114237,842384221556913560,842384222085851536,7,43,,,interpolated,781.0,957.0,-695.0
9.821004879,842384221575804202,842384222085851536,7,44,,,interpolated,775.0,660.0,-759.0
9.839895521,842384221594694844,842384222085851536,7,45,,,interpolated,730.0,526.0,-708.0
9.858786163,842384221613585486,842384222085851536,7,46,,,interpolated,715.0,741.0,-634.0
9.877676805,842384221632476128,842384222085851536,7,47,,,interpolated,734.0,981.0,-561.0
9.896567447,842384221651366770,842384222085851536,7,48,,,interpolated,801.0,1035.0,-518.0
9.915458089,842384221670257412,842384222085851536,7,49,,,interpolated,829.0,966.0,-483.0
9.934348731,842384221689148054,842384222085851536,7,50,,,interpolated,834.0,796.0,-459.0
9.953239373,842384221708038696,842384222085851536,7,51,,,interpolated,817.0,613.0,-392.0
9.972130015,842384221726929338,842384222085851536,7,52,,,interpolated,811.0,519.0,-311.0
9.991020657,842384221745819980,842384222085851536,7,53,,,interpolated,802.0,455.0,-224.0
10.009911299,842384221764710622,842384222085851536,7,54,,,interpolated,753.0,429.0,-171.0
10.028801941,842384221783601264,842384222085851536,7,55,,,interpolated,721.0,400.0,-137.0
10.047692583,842384221802491906,842384222085851536,7,56,,,interpolated,698.0,350.0,-128.0
10.066583225,842384221821382548,842384222085851536,7,57,,,interpolated,717.0,257.0,-99.0
10.085473867,842384221840273190,842384222085851536,7,58,,,interpolated,709.0,161.0,-80.0
10.104364509,842384221859163832,842384222085851536,7,59,,,interpolated,710.0,97.0,-65.0
10.123255151,842384221878054474,842384222085851536,7,60,,,interpolated,722.0,57.0,-76.0
10.142145793,842384221896945116,842384222085851536,7,61,,,interpolated,768.0,25.0,-82.0
10.161036435,842384221915835758,842384222085851536,7,62,,,interpolated,814.0,11.0,-86.0
10.179927077,842384221934726400,842384222085851536,7,63,,,interpolated,856.0,49.0,-103.0
10.198817719,842384221953617042,842384222085851536,7,64,,,interpolated,932.0,61.0,-99.0
10.217708361,842384221972507684,842384222085851536,7,65,,,interpolated,1010.0,42.0,-139.0
10.236599003,842384221991398326,842384222085851536,7,66,,,interpolated,1029.0,-23.0,-200.0
10.255489645,842384222010288968,842384222085851536,7,67,,,interpolated,1008.0,-127.0,-222.0
10.274380287,842384222029179610,842384222085851536,7,68,,,interpolated,1123.0,-215.0,-188.0
10.293270929,842384222048070252,842384222085851536,7,69,,,interpolated,1229.0,-199.0,-136.0
10.312161571,842384222066960894,842384222085851536,7,70,,,interpolated,1211.0,-56.0,-104.0
10.331052213,842384222085851536,842384222085851536,7,71,,,interpolated,1188.0,42.0,-25.0
10.349942478,842384222104741801,842384223615963020,8,0,,,interpolated,1171.0,41.0,-2.0
10.368832743,842384222123632066,842384223615963020,8,1,,,interpolated,1111.0,-32.0,-2.0
10.387723009,842384222142522332,842384223615963020,8,2,,,interpolated,1071.0,-121.0,-37.0
10.406613274,842384222161412597,842384223615963020,8,3,,,interpolated,1033.0,-193.0,-64.0
10.425503539,842384222180302862,842384223615963020,8,4,,,interpolated,987.0,-205.0,-80.0
10.444393804,842384222199193127,842384223615963020,8,5,,,interpolated,976.0,-214.0,-68.0
10.46328407,842384222218083393,842384223615963020,8,6,,,interpolated,924.0,-244.0,-13.0
10.482174335,842384222236973658,842384223615963020,8,7,,,interpolated,848.0,-216.0,-11.0
10.5010646,842384222255863923,842384223615963020,8,8,,,interpolated,811.0,-173.0,-64.0
10.519954865,842384222274754188,842384223615963020,8,9,,,interpolated,760.0,-146.0,-91.0
10.538845131,842384222293644454,842384223615963020,8,10,,,interpolated,674.0,-150.0,-56.0
10.557735396,842384222312534719,842384223615963020,8,11,,,interpolated,631.0,-196.0,-56.0
10.576625661,842384222331424984,842384223615963020,8,12,,,interpolated,659.0,-193.0,-140.0
10.595515926,842384222350315249,842384223615963020,8,13,,,interpolated,699.0,-215.0,-177.0
10.614406192,842384222369205515,842384223615963020,8,14,,,interpolated,734.0,-237.0,-231.0
10.633296457,842384222388095780,842384223615963020,8,15,,,interpolated,771.0,-257.0,-240.0
10.652186722,842384222406986045,842384223615963020,8,16,,,interpolated,792.0,-299.0,-190.0
10.671076987,842384222425876310,842384223615963020,8,17,,,interpolated,746.0,-350.0,-200.0
10.689967252,842384222444766575,842384223615963020,8,18,,,interpolated,754.0,-350.0,-213.0
10.708857518,842384222463656841,842384223615963020,8,19,,,interpolated,787.0,-355.0,-176.0
10.727747783,842384222482547106,842384223615963020,8,20,,,interpolated,753.0,-393.0,-192.0
10.746638048,842384222501437371,842384223615963020,8,21,,,interpolated,734.0,-428.0,-184.0
10.765528313,842384222520327636,842384223615963020,8,22,,,interpolated,752.0,-449.0,-197.0
10.784418579,842384222539217902,842384223615963020,8,23,,,interpolated,785.0,-542.0,-222.0
10.803308844,842384222558108167,842384223615963020,8,24,,,interpolated,804.0,-651.0,-212.0
10.822199109,842384222576998432,842384223615963020,8,25,,,interpolated,783.0,-707.0,-169.0
10.841089374,842384222595888697,842384223615963020,8,26,,,interpolated,798.0,-731.0,-179.0
10.85997964,842384222614778963,842384223615963020,8,27,,,interpolated,805.0,-779.0,-196.0
10.878869905,842384222633669228,842384223615963020,8,28,,,interpolated,812.0,-751.0,-197.0
10.89776017,842384222652559493,842384223615963020,8,29,,,interpolated,830.0,-717.0,-150.0
10.916650435,842384222671449758,842384223615963020,8,30,,,interpolated,760.0,-678.0,-142.0
10.935540701,842384222690340024,842384223615963020,8,31,,,interpolated,667.0,-655.0,-141.0
10.954430966,842384222709230289,842384223615963020,8,32,,,interpolated,600.0,-665.0,-125.0
10.973321231,842384222728120554,842384223615963020,8,33,,,interpolated,568.0,-717.0,-118.0
10.992211496,842384222747010819,842384223615963020,8,34,,,interpolated,533.0,-725.0,-100.0
11.011101761,842384222765901084,842384223615963020,8,35,,,interpolated,541.0,-703.0,-119.0
11.029992027,842384222784791350,842384223615963020,8,36,,,interpolated,507.0,-714.0,-133.0
11.048882292,842384222803681615,842384223615963020,8,37,,,interpolated,526.0,-714.0,-173.0
11.067772557,842384222822571880,842384223615963020,8,38,,,interpolated,510.0,-705.0,-197.0
11.086662822,842384222841462145,842384223615963020,8,39,,,interpolated,479.0,-718.0,-186.0
11.105553088,842384222860352411,842384223615963020,8,40,,,interpolated,432.0,-723.0,-206.0
11.124443353,842384222879242676,842384223615963020,8,41,,,interpolated,408.0,-699.0,-200.0
11.143333618,842384222898132941,842384223615963020,8,42,,,interpolated,400.0,-718.0,-216.0
11.162223883,842384222917023206,842384223615963020,8,43,,,interpolated,449.0,-765.0,-148.0
11.181114149,842384222935913472,842384223615963020,8,44,,,interpolated,393.0,-779.0,-153.0
11.200004414,842384222954803737,842384223615963020,8,45,,,interpolated,376.0,-759.0,-151.0
11.218894679,842384222973694002,842384223615963020,8,46,,,interpolated,502.0,-765.0,-187.0
11.237784944,842384222992584267,842384223615963020,8,47,,,interpolated,759.0,-777.0,-127.0
11.256675209,842384223011474532,842384223615963020,8,48,,,interpolated,841.0,-792.0,-117.0
11.275565475,842384223030364798,842384223615963020,8,49,,,interpolated,748.0,-767.0,-197.0
11.29445574,842384223049255063,842384223615963020,8,50,,,interpolated,686.0,-768.0,-200.0
11.313346005,842384223068145328,842384223615963020,8,51,,,interpolated,688.0,-816.0,-161.0
11.33223627,842384223087035593,842384223615963020,8,52,,,interpolated,676.0,-800.0,-121.0
11.351126536,842384223105925859,842384223615963020,8,53,,,interpolated,616.0,-800.0,-97.0
11.370016801,842384223124816124,842384223615963020,8,54,,,interpolated,544.0,-824.0,-78.0
11.388907066,842384223143706389,842384223615963020,8,55,,,interpolated,546.0,-835.0,-45.0
11.407797331,842384223162596654,842384223615963020,8,56,,,interpolated,551.0,-804.0,-46.0
11.426687597,842384223181486920,842384223615963020,8,57,,,interpolated,536.0,-757.0,-46.0
11.445577862,842384223200377185,842384223615963020,8,58,,,interpolated,509.0,-684.0,-62.0
11.464468127,842384223219267450,842384223615963020,8,59,,,interpolated,530.0,-678.0,-68.0
11.483358392,842384223238157715,842384223615963020,8,60,,,interpolated,579.0,-683.0,-80.0
11.502248658,842384223257047981,842384223615963020,8,61,,,interpolated,562.0,-679.0,-74.0
11.521138923,842384223275938246,842384223615963020,8,62,,,interpolated,545.0,-691.0,-85.0
11.540029188,842384223294828511,842384223615963020,8,63,,,interpolated,578.0,-697.0,-41.0
11.558919453,842384223313718776,842384223615963020,8,64,,,interpolated,599.0,-743.0,-40.0
11.577809718,842384223332609041,842384223615963020,8,65,,,interpolated,657.0,-789.0,-45.0
11.596699984,842384223351499307,842384223615963020,8,66,,,interpolated,698.0,-823.0,-90.0
11.615590249,842384223370389572,842384223615963020,8,67,,,interpolated,716.0,-826.0,-64.0
11.634480514,842384223389279837,842384223615963020,8,68,,,interpolated,759.0,-869.0,-66.0
11.653370779,842384223408170102,842384223615963020,8,69,,,interpolated,770.0,-902.0,-63.0
11.672261045,842384223427060368,842384223615963020,8,70,,,interpolated,711.0,-914.0,-33.0
11.69115131,842384223445950633,842384223615963020,8,71,,,interpolated,671.0,-898.0,-103.0
11.710041575,842384223464840898,842384223615963020,8,72,,,interpolated,610.0,-896.0,-50.0
11.72893184,842384223483731163,842384223615963020,8,73,,,interpolated,658.0,-868.0,-4.0
11.747822106,842384223502621429,842384223615963020,8,74,,,interpolated,527.0,-819.0,-19.0
11.766712371,842384223521511694,842384223615963020,8,75,,,interpolated,487.0,-752.0,-9.0
11.785602636,842384223540401959,842384223615963020,8,76,,,interpolated,493.0,-810.0,-9.0
11.804492901,842384223559292224,842384223615963020,8,77,,,interpolated,437.0,-796.0,40.0
11.823383167,842384223578182490,842384223615963020,8,78,,,interpolated,237.0,-760.0,40.0
11.842273432,842384223597072755,842384223615963020,8,79,,,interpolated,129.0,-739.0,-57.0
11.861163697,842384223615963020,842384223615963020,8,80,,,interpolated,144.0,-676.0,-159.0
11.880054339,842384223634853662,842384225070542454,9,0,,,interpolated,308.0,-641.0,-245.0
11.898944981,842384223653744304,842384225070542454,9,1,,,interpolated,468.0,-666.0,-235.0
11.917835623,842384223672634946,842384225070542454,9,2,,,interpolated,484.0,-682.0,-229.0
11.936726265,842384223691525588,842384225070542454,9,3,,,interpolated,437.0,-741.0,-206.0
11.955616907,842384223710416230,842384225070542454,9,4,,,interpolated,422.0,-793.0,-162.0
11.974507549,842384223729306872,842384225070542454,9,5,,,interpolated,411.0,-782.0,-131.0
11.993398191,842384223748197514,842384225070542454,9,6,,,interpolated,417.0,-795.0,-92.0
12.012288833,842384223767088156,842384225070542454,9,7,,,interpolated,414.0,-917.0,-99.0
12.031179475,842384223785978798,842384225070542454,9,8,,,interpolated,439.0,-894.0,-111.0
12.050070117,842384223804869440,842384225070542454,9,9,,,interpolated,479.0,-917.0,-59.0
12.068960759,842384223823760082,842384225070542454,9,10,,,interpolated,315.0,-950.0,41.0
12.087851401,842384223842650724,842384225070542454,9,11,,,interpolated,148.0,-935.0,3.0
12.106742043,842384223861541366,842384225070542454,9,12,,,interpolated,219.0,-818.0,-87.0
12.125632685,842384223880432008,842384225070542454,9,13,,,interpolated,375.0,-829.0,-94.0
12.144523327,842384223899322650,842384225070542454,9,14,,,interpolated,463.0,-818.0,-94.0
12.163413969,842384223918213292,842384225070542454,9,15,,,interpolated,530.0,-812.0,-129.0
12.182304611,842384223937103934,842384225070542454,9,16,,,interpolated,534.0,-822.0,-131.0
12.201195253,842384223955994576,842384225070542454,9,17,,,interpolated,506.0,-818.0,-111.0
12.220085895,842384223974885218,842384225070542454,9,18,,,interpolated,470.0,-818.0,-110.0
12.238976537,842384223993775860,842384225070542454,9,19,,,interpolated,426.0,-865.0,-128.0
12.257867179,842384224012666502,842384225070542454,9,20,,,interpolated,424.0,-863.0,-163.0
12.276757821,842384224031557144,842384225070542454,9,21,,,interpolated,473.0,-868.0,-164.0
12.295648463,842384224050447786,842384225070542454,9,22,,,interpolated,463.0,-865.0,-153.0
12.314539105,842384224069338428,842384225070542454,9,23,,,interpolated,453.0,-876.0,-156.0
12.333429747,842384224088229070,842384225070542454,9,24,,,interpolated,421.0,-859.0,-143.0
12.352320389,842384224107119712,842384225070542454,9,25,,,interpolated,386.0,-865.0,-107.0
12.371211031,842384224126010354,842384225070542454,9,26,,,interpolated,363.0,-885.0,-120.0
12.390101673,842384224144900996,842384225070542454,9,27,,,interpolated,381.0,-877.0,-108.0
12.408992315,842384224163791638,842384225070542454,9,28,,,interpolated,434.0,-876.0,-95.0
12.427882957,842384224182682280,842384225070542454,9,29,,,interpolated,473.0,-888.0,-88.0
12.446773599,842384224201572922,842384225070542454,9,30,,,interpolated,449.0,-875.0,-75.0
12.465664241,842384224220463564,842384225070542454,9,31,,,interpolated,361.0,-863.0,-111.0
12.484554883,842384224239354206,842384225070542454,9,32,,,interpolated,324.0,-887.0,-135.0
12.503445525,842384224258244848,842384225070542454,9,33,,,interpolated,379.0,-915.0,-149.0
12.522336167,842384224277135490,842384225070542454,9,34,,,interpolated,427.0,-854.0,-182.0
12.541226809,842384224296026132,842384225070542454,9,35,,,interpolated,386.0,-882.0,-193.0
12.560117451,842384224314916774,842384225070542454,9,36,,,interpolated,378.0,-926.0,-143.0
12.579008093,842384224333807416,842384225070542454,9,37,,,interpolated,341.0,-829.0,-52.0
12.597898735,842384224352698058,842384225070542454,9,38,,,interpolated,373.0,-917.0,-64.0
12.616789377,842384224371588700,842384225070542454,9,39,,,interpolated,408.0,-880.0,-94.0
12.635680019,842384224390479342,842384225070542454,9,40,,,interpolated,426.0,-885.0,-91.0
12.654570661,842384224409369984,842384225070542454,9,41,,,interpolated,447.0,-863.0,-97.0
12.673461303,842384224428260626,842384225070542454,9,42,,,interpolated,418.0,-876.0,-96.0
12.692351945,842384224447151268,842384225070542454,9,43,,,interpolated,390.0,-875.0,-120.0
12.711242587,842384224466041910,842384225070542454,9,44,,,interpolated,360.0,-860.0,-160.0
12.730133229,842384224484932552,842384225070542454,9,45,,,interpolated,362.0,-879.0,-192.0
12.749023871,842384224503823194,842384225070542454,9,46,,,interpolated,381.0,-869.0,-166.0
12.767914513,842384224522713836,842384225070542454,9,47,,,interpolated,404.0,-867.0,-149.0
12.786805155,842384224541604478,842384225070542454,9,48,,,interpolated,409.0,-854.0,-123.0
12.805695797,842384224560495120,842384225070542454,9,49,,,interpolated,418.0,-874.0,-112.0
12.824586439,842384224579385762,842384225070542454,9,50,,,interpolated,424.0,-870.0,-90.0
12.843477081,842384224598276404,842384225070542454,9,51,,,interpolated,426.0,-875.0,-80.0
12.862367723,842384224617167046,842384225070542454,9,52,,,interpolated,414.0,-891.0,-54.0
12.881258365,842384224636057688,842384225070542454,9,53,,,interpolated,395.0,-898.0,-48.0
12.900149007,842384224654948330,842384225070542454,9,54,,,interpolated,387.0,-905.0,-37.0
12.919039649,842384224673838972,842384225070542454,9,55,,,interpolated,361.0,-909.0,-58.0
12.937930291,842384224692729614,842384225070542454,9,56,,,interpolated,356.0,-956.0,-60.0
12.956820933,842384224711620256,842384225070542454,9,57,,,interpolated,396.0,-902.0,-26.0
12.975711575,842384224730510898,842384225070542454,9,58,,,interpolated,448.0,-918.0,-9.0
12.994602217,842384224749401540,842384225070542454,9,59,,,interpolated,436.0,-897.0,-60.0
13.013492859,842384224768292182,842384225070542454,9,60,,,interpolated,418.0,-865.0,-136.0
13.032383501,842384224787182824,842384225070542454,9,61,,,interpolated,437.0,-848.0,-133.0
13.051274143,842384224806073466,842384225070542454,9,62,,,interpolated,496.0,-876.0,-124.0
13.070164785,842384224824964108,842384225070542454,9,63,,,interpolated,548.0,-850.0,-157.0
13.089055427,842384224843854750,842384225070542454,9,64,,,interpolated,466.0,-824.0,-117.0
13.107946069,842384224862745392,842384225070542454,9,65,,,interpolated,424.0,-855.0,-89.0
13.126836711,842384224881636034,842384225070542454,9,66,,,interpolated,443.0,-878.0,-69.0
13.145727353,842384224900526676,842384225070542454,9,67,,,interpolated,426.0,-899.0,-54.0
13.164617995,842384224919417318,842384225070542454,9,68,,,interpolated,388.0,-837.0,-19.0
13.183508637,842384224938307960,842384225070542454,9,69,,,interpolated,391.0,-818.0,-70.0
13.202399279,842384224957198602,842384225070542454,9,70,,,interpolated,438.0,-796.0,-35.0
13.221289921,842384224976089244,842384225070542454,9,71,,,interpolated,422.0,-795.0,-57.0
13.240180563,842384224994979886,842384225070542454,9,72,,,interpolated,334.0,-790.0,-70.0
13.259071205,842384225013870528,842384225070542454,9,73,,,interpolated,376.0,-752.0,-147.0
13.277961847,842384225032761170,842384225070542454,9,74,,,interpolated,472.0,-725.0,-54.0
13.296852489,842384225051651812,842384225070542454,9,75,,,interpolated,584.0,-767.0,-19.0
13.315743131,842384225070542454,842384225070542454,9,76,,,interpolated,612.0,-792.0,35.0
13.334633628,842384225089432951,842384226657344174,10,0,,,interpolated,670.0,-847.0,177.0
13.353524124,842384225108323447,842384226657344174,10,1,,,interpolated,456.0,-910.0,117.0
13.372414621,842384225127213944,842384226657344174,10,2,,,interpolated,413.0,-856.0,27.0
13.391305118,842384225146104441,842384226657344174,10,3,,,interpolated,413.0,-870.0,-72.0
13.410195614,842384225164994937,842384226657344174,10,4,,,interpolated,390.0,-815.0,-99.0
13.429086111,842384225183885434,842384226657344174,10,5,,,interpolated,407.0,-763.0,-102.0
13.447976608,842384225202775931,842384226657344174,10,6,,,interpolated,375.0,-843.0,-86.0
13.466867104,842384225221666427,842384226657344174,10,7,,,interpolated,437.0,-901.0,-60.0
13.485757601,842384225240556924,842384226657344174,10,8,,,interpolated,522.0,-910.0,-5.0
13.504648098,842384225259447421,842384226657344174,10,9,,,interpolated,537.0,-866.0,21.0
13.523538594,842384225278337917,842384226657344174,10,10,,,interpolated,500.0,-869.0,17.0
13.542429091,842384225297228414,842384226657344174,10,11,,,interpolated,492.0,-899.0,-9.0
13.561319588,842384225316118911,842384226657344174,10,12,,,interpolated,479.0,-870.0,-53.0
13.580210084,842384225335009407,842384226657344174,10,13,,,interpolated,447.0,-867.0,-81.0
13.599100581,842384225353899904,842384226657344174,10,14,,,interpolated,422.0,-867.0,-95.0
13.617991078,842384225372790401,842384226657344174,10,15,,,interpolated,399.0,-877.0,-107.0
13.636881574,842384225391680897,842384226657344174,10,16,,,interpolated,373.0,-897.0,-80.0
13.655772071,842384225410571394,842384226657344174,10,17,,,interpolated,364.0,-901.0,-38.0
13.674662568,842384225429461891,842384226657344174,10,18,,,interpolated,349.0,-865.0,-57.0
13.693553064,842384225448352387,842384226657344174,10,19,,,interpolated,371.0,-922.0,-66.0
13.712443561,842384225467242884,842384226657344174,10,20,,,interpolated,445.0,-847.0,-103.0
13.731334058,842384225486133381,842384226657344174,10,21,,,interpolated,440.0,-866.0,-146.0
13.750224554,842384225505023877,842384226657344174,10,22,,,interpolated,386.0,-806.0,-213.0
13.769115051,842384225523914374,842384226657344174,10,23,,,interpolated,380.0,-891.0,-175.0
13.788005548,842384225542804871,842384226657344174,10,24,,,interpolated,415.0,-860.0,-153.0
13.806896044,842384225561695367,842384226657344174,10,25,,,interpolated,390.0,-846.0,-139.0
13.825786541,842384225580585864,842384226657344174,10,26,,,interpolated,394.0,-873.0,-119.0
13.844677038,842384225599476361,842384226657344174,10,27,,,interpolated,400.0,-895.0,-111.0
13.863567534,842384225618366857,842384226657344174,10,28,,,interpolated,406.0,-870.0,-90.0
13.882458031,842384225637257354,842384226657344174,10,29,,,interpolated,400.0,-842.0,-93.0
13.901348528,842384225656147851,842384226657344174,10,30,,,interpolated,405.0,-864.0,-86.0
13.920239024,842384225675038347,842384226657344174,10,31,,,interpolated,429.0,-860.0,-78.0
13.939129521,842384225693928844,842384226657344174,10,32,,,interpolated,443.0,-857.0,-101.0
13.958020018,842384225712819341,842384226657344174,10,33,,,interpolated,451.0,-873.0,-124.0
13.976910514,842384225731709837,842384226657344174,10,34,,,interpolated,460.0,-845.0,-128.0
13.995801011,842384225750600334,842384226657344174,10,35,,,interpolated,450.0,-831.0,-97.0
14.014691508,842384225769490831,842384226657344174,10,36,,,interpolated,444.0,-828.0,-38.0
14.033582004,842384225788381327,842384226657344174,10,37,,,interpolated,456.0,-857.0,-9.0
14.052472501,842384225807271824,842384226657344174,10,38,,,interpolated,452.0,-853.0,29.0
14.071362998,842384225826162321,842384226657344174,10,39,,,interpolated,433.0,-855.0,53.0
14.090253494,842384225845052817,842384226657344174,10,40,,,interpolated,418.0,-858.0,66.0
14.109143991,842384225863943314,842384226657344174,10,41,,,interpolated,429.0,-879.0,59.0
14.128034488,842384225882833811,842384226657344174,10,42,,,interpolated,441.0,-865.0,54.0
14.146924984,842384225901724307,842384226657344174,10,43,,,interpolated,450.0,-860.0,27.0
14.165815481,842384225920614804,842384226657344174,10,44,,,interpolated,471.0,-863.0,-3.0
14.184705978,842384225939505301,842384226657344174,10,45,,,interpolated,490.0,-855.0,-31.0
14.203596474,842384225958395797,842384226657344174,10,46,,,interpolated,486.0,-854.0,-66.0
14.222486971,842384225977286294,842384226657344174,10,47,,,interpolated,477.0,-833.0,-85.0
14.241377468,842384225996176791,842384226657344174,10,48,,,interpolated,478.0,-849.0,-89.0
14.260267964,842384226015067287,842384226657344174,10,49,,,interpolated,465.0,-852.0,-69.0
14.279158461,842384226033957784,842384226657344174,10,50,,,interpolated,439.0,-866.0,-44.0
14.298048958,842384226052848281,842384226657344174,10,51,,,interpolated,422.0,-862.0,-28.0
14.316939454,842384226071738777,842384226657344174,10,52,,,interpolated,426.0,-852.0,-22.0
14.335829951,842384226090629274,842384226657344174,10,53,,,interpolated,431.0,-861.0,-19.0
14.354720448,842384226109519771,842384226657344174,10,54,,,interpolated,428.0,-858.0,-23.0
14.373610944,842384226128410267,842384226657344174,10,55,,,interpolated,435.0,-852.0,-47.0
14.392501441,842384226147300764,842384226657344174,10,56,,,interpolated,441.0,-859.0,-58.0
14.411391938,842384226166191261,842384226657344174,10,57,,,interpolated,429.0,-852.0,-66.0
14.430282434,842384226185081757,842384226657344174,10,58,,,interpolated,433.0,-844.0,-81.0
14.449172931,842384226203972254,842384226657344174,10,59,,,interpolated,455.0,-867.0,-84.0
14.468063428,842384226222862751,842384226657344174,10,60,,,interpolated,442.0,-878.0,-67.0
14.486953924,842384226241753247,842384226657344174,10,61,,,interpolated,410.0,-874.0,-45.0
14.505844421,842384226260643744,842384226657344174,10,62,,,interpolated,396.0,-874.0,-31.0
14.524734918,842384226279534241,842384226657344174,10,63,,,interpolated,399.0,-880.0,-23.0
14.543625414,842384226298424737,842384226657344174,10,64,,,interpolated,399.0,-881.0,-35.0
14.562515911,842384226317315234,842384226657344174,10,65,,,interpolated,397.0,-879.0,-36.0
14.581406408,842384226336205731,842384226657344174,10,66,,,interpolated,406.0,-868.0,-44.0
14.600296904,842384226355096227,842384226657344174,10,67,,,interpolated,425.0,-866.0,-56.0
14.619187401,842384226373986724,842384226657344174,10,68,,,interpolated,417.0,-858.0,-52.0
14.638077898,842384226392877221,842384226657344174,10,69,,,interpolated,410.0,-868.0,-50.0
14.656968394,842384226411767717,842384226657344174,10,70,,,interpolated,405.0,-862.0,-45.0
14.675858891,842384226430658214,842384226657344174,10,71,,,interpolated,413.0,-865.0,-43.0
14.694749388,842384226449548711,842384226657344174,10,72,,,interpolated,420.0,-883.0,-49.0
14.713639884,842384226468439207,842384226657344174,10,73,,,interpolated,416.0,-875.0,-43.0
14.732530381,842384226487329704,842384226657344174,10,74,,,interpolated,410.0,-874.0,-46.0
14.751420878,842384226506220201,842384226657344174,10,75,,,interpolated,418.0,-868.0,-51.0
14.770311374,842384226525110697,842384226657344174,10,76,,,interpolated,429.0,-866.0,-57.0
14.789201871,842384226544001194,842384226657344174,10,77,,,interpolated,431.0,-868.0,-44.0
14.808092368,842384226562891691,842384226657344174,10,78,,,interpolated,437.0,-863.0,-37.0
14.826982864,842384226581782187,842384226657344174,10,79,,,interpolated,433.0,-865.0,-44.0
14.845873361,842384226600672684,842384226657344174,10,80,,,interpolated,440.0,-868.0,-49.0
14.864763858,842384226619563181,842384226657344174,10,81,,,interpolated,424.0,-865.0,-58.0
14.883654354,842384226638453677,842384226657344174,10,82,,,interpolated,421.0,-864.0,-53.0
14.902544851,842384226657344174,842384226657344174,10,83,,,interpolated,407.0,-861.0,-58.0
14.921435298,842384226676234621,842384228433046212,11,0,,,interpolated,416.0,-853.0,-62.0
14.940325745,842384226695125068,842384228433046212,11,1,,,interpolated,429.0,-849.0,-54.0
14.959216193,842384226714015516,842384228433046212,11,2,,,interpolated,424.0,-870.0,-42.0
14.97810664,842384226732905963,842384228433046212,11,3,,,interpolated,426.0,-900.0,-35.0
14.996997087,842384226751796410,842384228433046212,11,4,,,interpolated,411.0,-912.0,-38.0
15.015887534,842384226770686857,842384228433046212,11,5,,,interpolated,378.0,-878.0,-35.0
15.034777981,842384226789577304,842384228433046212,11,6,,,interpolated,361.0,-874.0,-32.0
15.053668429,842384226808467752,842384228433046212,11,7,,,interpolated,370.0,-866.0,-47.0
15.072558876,842384226827358199,842384228433046212,11,8,,,interpolated,416.0,-868.0,-56.0
15.091449323,842384226846248646,842384228433046212,11,9,,,interpolated,436.0,-860.0,-59.0
15.11033977,842384226865139093,842384228433046212,11,10,,,interpolated,456.0,-852.0,-56.0
15.129230218,842384226884029541,842384228433046212,11,11,,,interpolated,454.0,-869.0,-42.0
15.148120665,842384226902919988,842384228433046212,11,12,,,interpolated,402.0,-886.0,-27.0
15.167011112,842384226921810435,842384228433046212,11,13,,,interpolated,366.0,-885.0,-20.0
15.185901559,842384226940700882,842384228433046212,11,14,,,interpolated,370.0,-878.0,-30.0
15.204792006,842384226959591329,842384228433046212,11,15,,,interpolated,386.0,-866.0,-56.0
15.223682454,842384226978481777,842384228433046212,11,16,,,interpolated,405.0,-868.0,-72.0
15.242572901,842384226997372224,842384228433046212,11,17,,,interpolated,420.0,-862.0,-55.0
15.261463348,842384227016262671,842384228433046212,11,18,,,interpolated,415.0,-873.0,-40.0
15.280353795,842384227035153118,842384228433046212,11,19,,,interpolated,409.0,-893.0,-23.0
15.299244242,842384227054043565,842384228433046212,11,20,,,interpolated,403.0,-898.0,-20.0
15.31813469,842384227072934013,842384228433046212,11,21,,,interpolated,391.0,-882.0,-26.0
15.337025137,842384227091824460,842384228433046212,11,22,,,interpolated,403.0,-872.0,-32.0
15.355915584,842384227110714907,842384228433046212,11,23,,,interpolated,422.0,-861.0,-54.0
15.374806031,842384227129605354,842384228433046212,11,24,,,interpolated,431.0,-852.0,-76.0
15.393696479,842384227148495802,842384228433046212,11,25,,,interpolated,446.0,-859.0,-85.0
15.412586926,842384227167386249,842384228433046212,11,26,,,interpolated,424.0,-873.0,-50.0
15.431477373,842384227186276696,842384228433046212,11,27,,,interpolated,394.0,-884.0,-27.0
15.45036782,842384227205167143,842384228433046212,11,28,,,interpolated,391.0,-883.0,-16.0
15.469258267,842384227224057590,842384228433046212,11,29,,,interpolated,384.0,-887.0,-21.0
15.488148715,842384227242948038,842384228433046212,11,30,,,interpolated,395.0,-877.0,-40.0
15.507039162,842384227261838485,842384228433046212,11,31,,,interpolated,403.0,-865.0,-53.0
15.525929609,842384227280728932,842384228433046212,11,32,,,interpolated,413.0,-869.0,-55.0
15.544820056,842384227299619379,842384228433046212,11,33,,,interpolated,404.0,-872.0,-45.0
15.563710503,842384227318509826,842384228433046212,11,34,,,interpolated,399.0,-877.0,-34.0
15.582600951,842384227337400274,842384228433046212,11,35,,,interpolated,381.0,-883.0,-31.0
15.601491398,842384227356290721,842384228433046212,11,36,,,interpolated,397.0,-890.0,-33.0
15.620381845,842384227375181168,842384228433046212,11,37,,,interpolated,413.0,-898.0,-52.0
15.639272292,842384227394071615,842384228433046212,11,38,,,interpolated,422.0,-871.0,-55.0
15.65816274,842384227412962063,842384228433046212,11,39,,,interpolated,407.0,-858.0,-51.0
15.677053187,842384227431852510,842384228433046212,11,40,,,interpolated,384.0,-874.0,-54.0
15.695943634,842384227450742957,842384228433046212,11,41,,,interpolated,400.0,-872.0,-56.0
15.714834081,842384227469633404,842384228433046212,11,42,,,interpolated,412.0,-863.0,-46.0
15.733724528,842384227488523851,842384228433046212,11,43,,,interpolated,417.0,-875.0,-37.0
15.752614976,842384227507414299,842384228433046212,11,44,,,interpolated,416.0,-895.0,-29.0
15.771505423,842384227526304746,842384228433046212,11,45,,,interpolated,393.0,-885.0,-29.0
15.79039587,842384227545195193,842384228433046212,11,46,,,interpolated,380.0,-876.0,-29.0
15.809286317,842384227564085640,842384228433046212,11,47,,,interpolated,380.0,-889.0,-34.0
15.828176764,842384227582976087,842384228433046212,11,48,,,interpolated,391.0,-882.0,-45.0
15.847067212,842384227601866535,842384228433046212,11,49,,,interpolated,392.0,-886.0,-61.0
15.865957659,842384227620756982,842384228433046212,11,50,,,interpolated,398.0,-878.0,-57.0
15.884848106,842384227639647429,842384228433046212,11,51,,,interpolated,398.0,-870.0,-43.0
15.903738553,842384227658537876,842384228433046212,11,52,,,interpolated,395.0,-874.0,-28.0
15.922629,842384227677428323,842384228433046212,11,53,,,interpolated,395.0,-890.0,-28.0
15.941519448,842384227696318771,842384228433046212,11,54,,,interpolated,389.0,-887.0,-24.0
15.960409895,842384227715209218,842384228433046212,11,55,,,interpolated,387.0,-882.0,-9.0
15.979300342,842384227734099665,842384228433046212,11,56,,,interpolated,401.0,-876.0,-26.0
15.998190789,842384227752990112,842384228433046212,11,57,,,interpolated,409.0,-869.0,-46.0
16.017081237,842384227771880560,842384228433046212,11,58,,,interpolated,410.0,-878.0,-50.0
16.035971684,842384227790771007,842384228433046212,11,59,,,interpolated,408.0,-870.0,-39.0
16.054862131,842384227809661454,842384228433046212,11,60,,,interpolated,407.0,-879.0,-27.0
16.073752578,842384227828551901,842384228433046212,11,61,,,interpolated,400.0,-881.0,-36.0
16.092643025,842384227847442348,842384228433046212,11,62,,,interpolated,401.0,-880.0,-31.0
16.111533473,842384227866332796,842384228433046212,11,63,,,interpolated,399.0,-882.0,-18.0
16.13042392,842384227885223243,842384228433046212,11,64,,,interpolated,409.0,-884.0,-21.0
16.149314367,842384227904113690,842384228433046212,11,65,,,interpolated,407.0,-872.0,-21.0
16.168204814,842384227923004137,842384228433046212,11,66,,,interpolated,403.0,-870.0,-22.0
16.187095261,842384227941894584,842384228433046212,11,67,,,interpolated,411.0,-892.0,-5.0
16.205985709,842384227960785032,842384228433046212,11,68,,,interpolated,390.0,-906.0,12.0
16.224876156,842384227979675479,842384228433046212,11,69,,,interpolated,355.0,-893.0,13.0
16.243766603,842384227998565926,842384228433046212,11,70,,,interpolated,355.0,-873.0,14.0
16.26265705,842384228017456373,842384228433046212,11,71,,,interpolated,350.0,-880.0,18.0
16.281547498,842384228036346821,842384228433046212,11,72,,,interpolated,352.0,-925.0,-19.0
16.300437945,842384228055237268,842384228433046212,11,73,,,interpolated,338.0,-882.0,-44.0
16.319328392,842384228074127715,842384228433046212,11,74,,,interpolated,344.0,-864.0,-65.0
16.338218839,842384228093018162,842384228433046212,11,75,,,interpolated,386.0,-929.0,-71.0
16.357109286,842384228111908609,842384228433046212,11,76,,,interpolated,438.0,-903.0,-101.0
16.375999734,842384228130799057,842384228433046212,11,77,,,interpolated,431.0,-832.0,-91.0
16.394890181,842384228149689504,842384228433046212,11,78,,,interpolated,406.0,-869.0,-72.0
16.413780628,842384228168579951,842384228433046212,11,79,,,interpolated,401.0,-897.0,-63.0
16.432671075,842384228187470398,842384228433046212,11,80,,,interpolated,394.0,-879.0,-82.0
16.451561522,842384228206360845,842384228433046212,11,81,,,interpolated,404.0,-856.0,-73.0
16.47045197,842384228225251293,842384228433046212,11,82,,,interpolated,410.0,-875.0,-49.0
16.489342417,842384228244141740,842384228433046212,11,83,,,interpolated,411.0,-890.0,-31.0
16.508232864,842384228263032187,842384228433046212,11,84,,,interpolated,386.0,-889.0,-34.0
16.527123311,842384228281922634,842384228433046212,11,85,,,interpolated,370.0,-906.0,-47.0
16.546013759,842384228300813082,842384228433046212,11,86,,,interpolated,372.0,-919.0,-46.0
16.564904206,842384228319703529,842384228433046212,11,87,,,interpolated,379.0,-884.0,-53.0
16.583794653,842384228338593976,842384228433046212,11,88,,,interpolated,389.0,-890.0,-35.0
16.6026851,842384228357484423,842384228433046212,11,89,,,interpolated,372.0,-879.0,-18.0
16.621575547,842384228376374870,842384228433046212,11,90,,,interpolated,374.0,-885.0,-19.0
16.640465995,842384228395265318,842384228433046212,11,91,,,interpolated,399.0,-876.0,-44.0
16.659356442,842384228414155765,842384228433046212,11,92,,,interpolated,407.0,-863.0,-37.0
16.678246889,842384228433046212,842384228433046212,11,93,,,interpolated,373.0,-889.0,-15.0
16.697137531,842384228451936854,842384230170985276,12,0,,,interpolated,354.0,-896.0,-10.0
16.716028173,842384228470827496,842384230170985276,12,1,,,interpolated,344.0,-901.0,1.0
16.734918815,842384228489718138,842384230170985276,12,2,,,interpolated,357.0,-898.0,-11.0
16.753809457,842384228508608780,842384230170985276,12,3,,,interpolated,376.0,-888.0,-15.0
16.772700099,842384228527499422,842384230170985276,12,4,,,interpolated,392.0,-882.0,-30.0
16.791590741,842384228546390064,842384230170985276,12,5,,,interpolated,400.0,-876.0,-58.0
16.810481383,842384228565280706,842384230170985276,12,6,,,interpolated,394.0,-875.0,-58.0
16.829372025,842384228584171348,842384230170985276,12,7,,,interpolated,380.0,-891.0,-52.0
16.848262667,842384228603061990,842384230170985276,12,8,,,interpolated,381.0,-903.0,-43.0
16.867153309,842384228621952632,842384230170985276,12,9,,,interpolated,385.0,-883.0,-46.0
16.886043951,842384228640843274,842384230170985276,12,10,,,interpolated,395.0,-873.0,-40.0
16.904934593,842384228659733916,842384230170985276,12,11,,,interpolated,411.0,-865.0,-36.0
16.923825235,842384228678624558,842384230170985276,12,12,,,interpolated,422.0,-873.0,-45.0
16.942715877,842384228697515200,842384230170985276,12,13,,,interpolated,426.0,-871.0,-57.0
16.961606519,842384228716405842,842384230170985276,12,14,,,interpolated,397.0,-877.0,-44.0
16.980497161,842384228735296484,842384230170985276,12,15,,,interpolated,369.0,-891.0,-30.0
16.999387803,842384228754187126,842384230170985276,12,16,,,interpolated,352.0,-907.0,-25.0
17.018278445,842384228773077768,842384230170985276,12,17,,,interpolated,364.0,-895.0,-50.0
17.037169087,842384228791968410,842384230170985276,12,18,,,interpolated,385.0,-879.0,-47.0
17.056059729,842384228810859052,842384230170985276,12,19,,,interpolated,400.0,-884.0,-37.0
17.074950371,842384228829749694,842384230170985276,12,20,,,interpolated,402.0,-889.0,-50.0
17.093841013,842384228848640336,842384230170985276,12,21,,,interpolated,395.0,-872.0,-48.0
17.112731655,842384228867530978,842384230170985276,12,22,,,interpolated,374.0,-865.0,-39.0
17.131622297,842384228886421620,842384230170985276,12,23,,,interpolated,371.0,-886.0,-45.0
17.150512939,842384228905312262,842384230170985276,12,24,,,interpolated,375.0,-893.0,-42.0
17.169403581,842384228924202904,842384230170985276,12,25,,,interpolated,386.0,-899.0,-29.0
17.188294223,842384228943093546,842384230170985276,12,26,,,interpolated,385.0,-893.0,-17.0
17.207184865,842384228961984188,842384230170985276,12,27,,,interpolated,397.0,-897.0,-27.0
17.226075507,842384228980874830,842384230170985276,12,28,,,interpolated,396.0,-867.0,-47.0
17.244966149,842384228999765472,842384230170985276,12,29,,,interpolated,409.0,-874.0,-76.0
17.263856791,842384229018656114,842384230170985276,12,30,,,interpolated,420.0,-869.0,-78.0
17.282747433,842384229037546756,842384230170985276,12,31,,,interpolated,412.0,-866.0,-62.0
17.301638075,842384229056437398,842384230170985276,12,32,,,interpolated,390.0,-892.0,-51.0
17.320528717,842384229075328040,842384230170985276,12,33,,,interpolated,370.0,-910.0,-35.0
17.339419359,842384229094218682,842384230170985276,12,34,,,interpolated,366.0,-892.0,-28.0
17.358310001,842384229113109324,842384230170985276,12,35,,,interpolated,371.0,-901.0,-21.0
17.377200643,842384229131999966,842384230170985276,12,36,,,interpolated,366.0,-915.0,-31.0
17.396091285,842384229150890608,842384230170985276,12,37,,,interpolated,373.0,-904.0,-51.0
17.414981927,842384229169781250,842384230170985276,12,38,,,interpolated,379.0,-896.0,-44.0
17.433872569,842384229188671892,842384230170985276,12,39,,,interpolated,371.0,-886.0,-47.0
17.452763211,842384229207562534,842384230170985276,12,40,,,interpolated,378.0,-898.0,-57.0
17.471653853,842384229226453176,842384230170985276,12,41,,,interpolated,375.0,-864.0,-52.0
17.490544495,842384229245343818,842384230170985276,12,42,,,interpolated,386.0,-871.0,-57.0
17.509435137,842384229264234460,842384230170985276,12,43,,,interpolated,384.0,-877.0,-37.0
17.528325779,842384229283125102,842384230170985276,12,44,,,interpolated,383.0,-807.0,-35.0
17.547216421,842384229302015744,842384230170985276,12,45,,,interpolated,387.0,-817.0,-41.0
17.566107063,842384229320906386,842384230170985276,12,46,,,interpolated,381.0,-898.0,-27.0
17.584997705,842384229339797028,842384230170985276,12,47,,,interpolated,342.0,-803.0,26.0
17.603888347,842384229358687670,842384230170985276,12,48,,,interpolated,355.0,-794.0,66.0
17.622778989,842384229377578312,842384230170985276,12,49,,,interpolated,349.0,-866.0,58.0
17.641669631,842384229396468954,842384230170985276,12,50,,,interpolated,364.0,-943.0,45.0
17.660560273,842384229415359596,842384230170985276,12,51,,,interpolated,427.0,-965.0,-39.0
17.679450915,842384229434250238,842384230170985276,12,52,,,interpolated,417.0,-991.0,-50.0
17.698341557,842384229453140880,842384230170985276,12,53,,,interpolated,353.0,-989.0,-79.0
17.717232199,842384229472031522,842384230170985276,12,54,,,interpolated,349.0,-936.0,-138.0
17.736122841,842384229490922164,842384230170985276,12,55,,,interpolated,394.0,-914.0,-183.0
17.755013483,842384229509812806,842384230170985276,12,56,,,interpolated,452.0,-869.0,-160.0
17.773904125,842384229528703448,842384230170985276,12,57,,,interpolated,439.0,-890.0,-107.0
17.792794767,842384229547594090,842384230170985276,12,58,,,interpolated,349.0,-875.0,-51.0
17.811685409,842384229566484732,842384230170985276,12,59,,,interpolated,315.0,-888.0,-57.0
17.830576051,842384229585375374,842384230170985276,12,60,,,interpolated,342.0,-854.0,-50.0
17.849466693,842384229604266016,842384230170985276,12,61,,,interpolated,382.0,-861.0,-41.0
17.868357335,842384229623156658,842384230170985276,12,62,,,interpolated,315.0,-889.0,4.0
17.887247977,842384229642047300,842384230170985276,12,63,,,interpolated,224.0,-951.0,99.0
17.906138619,842384229660937942,842384230170985276,12,64,,,interpolated,183.0,-951.0,173.0
17.925029261,842384229679828584,842384230170985276,12,65,,,interpolated,166.0,-1000.0,166.0
17.943919903,842384229698719226,842384230170985276,12,66,,,interpolated,136.0,-956.0,139.0
17.962810545,842384229717609868,842384230170985276,12,67,,,interpolated,166.0,-940.0,121.0
17.981701187,842384229736500510,842384230170985276,12,68,,,interpolated,238.0,-935.0,111.0
18.000591829,842384229755391152,842384230170985276,12,69,,,interpolated,292.0,-942.0,117.0
18.019482471,842384229774281794,842384230170985276,12,70,,,interpolated,351.0,-906.0,141.0
18.038373113,842384229793172436,842384230170985276,12,71,,,interpolated,346.0,-899.0,131.0
18.057263755,842384229812063078,842384230170985276,12,72,,,interpolated,340.0,-936.0,51.0
18.076154397,842384229830953720,842384230170985276,12,73,,,interpolated,366.0,-871.0,-11.0
18.095045039,842384229849844362,842384230170985276,12,74,,,interpolated,416.0,-905.0,-67.0
18.113935681,842384229868735004,842384230170985276,12,75,,,interpolated,427.0,-869.0,-98.0
18.132826323,842384229887625646,842384230170985276,12,76,,,interpolated,377.0,-927.0,-110.0
18.151716965,842384229906516288,842384230170985276,12,77,,,interpolated,317.0,-973.0,-93.0
18.170607607,842384229925406930,842384230170985276,12,78,,,interpolated,302.0,-986.0,-75.0
18.189498249,842384229944297572,842384230170985276,12,79,,,interpolated,269.0,-972.0,-34.0
18.208388891,842384229963188214,842384230170985276,12,80,,,interpolated,308.0,-922.0,-18.0
18.227279533,842384229982078856,842384230170985276,12,81,,,interpolated,311.0,-917.0,-46.0
18.246170175,842384230000969498,842384230170985276,12,82,,,interpolated,387.0,-894.0,-119.0
18.265060817,842384230019860140,842384230170985276,12,83,,,interpolated,431.0,-813.0,-341.0
18.283951459,842384230038750782,842384230170985276,12,84,,,interpolated,560.0,-736.0,-699.0
18.302842101,842384230057641424,842384230170985276,12,85,,,interpolated,838.0,-661.0,-841.0
18.321732743,842384230076532066,842384230170985276,12,86,,,interpolated,956.0,-805.0,-578.0
18.340623385,842384230095422708,842384230170985276,12,87,,,interpolated,575.0,-899.0,-203.0
18.359514027,842384230114313350,842384230170985276,12,88,,,interpolated,186.0,-896.0,-175.0
18.378404669,842384230133203992,842384230170985276,12,89,,,interpolated,130.0,-908.0,91.0
18.397295311,842384230152094634,842384230170985276,12,90,,,interpolated,123.0,-1152.0,453.0
18.416185953,842384230170985276,842384230170985276,12,91,,,interpolated,-116.0,-1123.0,456.0
18.435076133,842384230189875456,842384231417737130,13,0,,,interpolated,21.0,-1327.0,468.0
18.453966312,842384230208765635,842384231417737130,13,1,,,interpolated,-15.0,-1138.0,463.0
18.472856492,842384230227655815,842384231417737130,13,2,,,interpolated,-48.0,-1092.0,445.0
18.491746671,842384230246545994,842384231417737130,13,3,,,interpolated,32.0,-941.0,347.0
18.510636851,842384230265436174,842384231417737130,13,4,,,interpolated,284.0,-819.0,250.0
18.529527031,842384230284326354,842384231417737130,13,5,,,interpolated,540.0,-839.0,359.0
18.54841721,842384230303216533,842384231417737130,13,6,,,interpolated,520.0,-827.0,351.0
18.56730739,842384230322106713,842384231417737130,13,7,,,interpolated,445.0,-832.0,301.0
18.586197569,842384230340996892,842384231417737130,13,8,,,interpolated,414.0,-854.0,273.0
18.605087749,842384230359887072,842384231417737130,13,9,,,interpolated,395.0,-881.0,262.0
18.623977929,842384230378777252,842384231417737130,13,10,,,interpolated,361.0,-900.0,170.0
18.642868108,842384230397667431,842384231417737130,13,11,,,interpolated,432.0,-872.0,205.0
18.661758288,842384230416557611,842384231417737130,13,12,,,interpolated,577.0,-798.0,222.0
18.680648467,842384230435447790,842384231417737130,13,13,,,interpolated,633.0,-749.0,227.0
18.699538647,842384230454337970,842384231417737130,13,14,,,interpolated,577.0,-751.0,158.0
18.718428827,842384230473228150,842384231417737130,13,15,,,interpolated,565.0,-726.0,114.0
18.737319006,842384230492118329,842384231417737130,13,16,,,interpolated,634.0,-692.0,225.0
18.756209186,842384230511008509,842384231417737130,13,17,,,interpolated,585.0,-729.0,324.0
18.775099366,842384230529898689,842384231417737130,13,18,,,interpolated,526.0,-796.0,367.0
18.793989545,842384230548788868,842384231417737130,13,19,,,interpolated,466.0,-793.0,295.0
18.812879725,842384230567679048,842384231417737130,13,20,,,interpolated,544.0,-744.0,282.0
18.831769904,842384230586569227,842384231417737130,13,21,,,interpolated,608.0,-736.0,227.0
18.850660084,842384230605459407,842384231417737130,13,22,,,interpolated,665.0,-775.0,341.0
18.869550264,842384230624349587,842384231417737130,13,23,,,interpolated,565.0,-808.0,453.0
18.888440443,842384230643239766,842384231417737130,13,24,,,interpolated,502.0,-774.0,375.0
18.907330623,842384230662129946,842384231417737130,13,25,,,interpolated,580.0,-689.0,322.0
18.926220802,842384230681020125,842384231417737130,13,26,,,interpolated,671.0,-646.0,348.0
18.945110982,842384230699910305,842384231417737130,13,27,,,interpolated,718.0,-613.0,389.0
18.964001162,842384230718800485,842384231417737130,13,28,,,interpolated,733.0,-574.0,327.0
18.982891341,842384230737690664,842384231417737130,13,29,,,interpolated,737.0,-547.0,334.0
19.001781521,842384230756580844,842384231417737130,13,30,,,interpolated,710.0,-551.0,409.0
19.0206717,842384230775471023,842384231417737130,13,31,,,interpolated,728.0,-506.0,367.0
19.03956188,842384230794361203,842384231417737130,13,32,,,interpolated,789.0,-452.0,336.0
19.05845206,842384230813251383,842384231417737130,13,33,,,interpolated,817.0,-395.0,293.0
19.077342239,842384230832141562,842384231417737130,13,34,,,interpolated,866.0,-327.0,397.0
19.096232419,842384230851031742,842384231417737130,13,35,,,interpolated,794.0,-328.0,507.0
19.115122598,842384230869921921,842384231417737130,13,36,,,interpolated,746.0,-336.0,473.0
19.134012778,842384230888812101,842384231417737130,13,37,,,interpolated,788.0,-305.0,420.0
19.152902958,842384230907702281,842384231417737130,13,38,,,interpolated,858.0,-286.0,398.0
19.171793137,842384230926592460,842384231417737130,13,39,,,interpolated,883.0,-308.0,474.0
19.190683317,842384230945482640,842384231417737130,13,40,,,interpolated,865.0,-279.0,493.0
19.209573496,842384230964372819,842384231417737130,13,41,,,interpolated,832.0,-229.0,505.0
19.228463676,842384230983262999,842384231417737130,13,42,,,interpolated,799.0,-204.0,586.0
19.247353856,842384231002153179,842384231417737130,13,43,,,interpolated,880.0,-173.0,410.0
19.266244035,842384231021043358,842384231417737130,13,44,,,interpolated,1010.0,-101.0,242.0
19.285134215,842384231039933538,842384231417737130,13,45,,,interpolated,1031.0,-116.0,411.0
19.304024394,842384231058823717,842384231417737130,13,46,,,interpolated,874.0,-115.0,613.0
19.322914574,842384231077713897,842384231417737130,13,47,,,interpolated,738.0,-76.0,615.0
19.341804754,842384231096604077,842384231417737130,13,48,,,interpolated,829.0,32.0,410.0
19.360694933,842384231115494256,842384231417737130,13,49,,,interpolated,995.0,101.0,311.0
19.379585113,842384231134384436,842384231417737130,13,50,,,interpolated,911.0,39.0,522.0
19.398475293,842384231153274616,842384231417737130,13,51,,,interpolated,768.0,61.0,636.0
19.417365472,842384231172164795,842384231417737130,13,52,,,interpolated,749.0,243.0,363.0
19.436255652,842384231191054975,842384231417737130,13,53,,,interpolated,903.0,306.0,266.0
19.455145831,842384231209945154,842384231417737130,13,54,,,interpolated,828.0,279.0,346.0
19.474036011,842384231228835334,842384231417737130,13,55,,,interpolated,692.0,390.0,511.0
19.492926191,842384231247725514,842384231417737130,13,56,,,interpolated,758.0,435.0,281.0
19.51181637,842384231266615693,842384231417737130,13,57,,,interpolated,802.0,293.0,198.0
19.53070655,842384231285505873,842384231417737130,13,58,,,interpolated,674.0,457.0,326.0
19.549596729,842384231304396052,842384231417737130,13,59,,,interpolated,643.0,562.0,247.0
19.568486909,842384231323286232,842384231417737130,13,60,,,interpolated,754.0,594.0,74.0
19.587377089,842384231342176412,842384231417737130,13,61,,,interpolated,767.0,293.0,183.0
19.606267268,842384231361066591,842384231417737130,13,62,,,interpolated,441.0,177.0,680.0
19.625157448,842384231379956771,842384231417737130,13,63,,,interpolated,169.0,122.0,658.0
19.644047627,842384231398846950,842384231417737130,13,64,,,interpolated,514.0,440.0,72.0
19.662937807,842384231417737130,842384231417737130,13,65,,,interpolated,815.0,576.0,-18.0
19.681828449,842384231436627772,842384232777863354,14,0,,,interpolated,731.0,317.0,218.0
19.700719091,842384231455518414,842384232777863354,14,1,,,interpolated,465.0,80.0,234.0
19.719609733,842384231474409056,842384232777863354,14,2,,,interpolated,453.0,361.0,1.0
19.738500375,842384231493299698,842384232777863354,14,3,,,interpolated,649.0,722.0,192.0
19.757391017,842384231512190340,842384232777863354,14,4,,,interpolated,816.0,586.0,-46.0
19.776281659,842384231531080982,842384232777863354,14,5,,,interpolated,666.0,189.0,-256.0
19.795172301,842384231549971624,842384232777863354,14,6,,,interpolated,674.0,323.0,-49.0
19.814062943,842384231568862266,842384232777863354,14,7,,,interpolated,599.0,610.0,-56.0
19.832953585,842384231587752908,842384232777863354,14,8,,,interpolated,770.0,714.0,150.0
19.851844227,842384231606643550,842384232777863354,14,9,,,interpolated,964.0,306.0,307.0
19.870734869,842384231625534192,842384232777863354,14,10,,,interpolated,723.0,45.0,488.0
19.889625511,842384231644424834,842384232777863354,14,11,,,interpolated,752.0,232.0,557.0
19.908516153,842384231663315476,842384232777863354,14,12,,,interpolated,734.0,157.0,613.0
19.927406795,842384231682206118,842384232777863354,14,13,,,interpolated,580.0,205.0,674.0
19.946297437,842384231701096760,842384232777863354,14,14,,,interpolated,842.0,-16.0,744.0
19.965188079,842384231719987402,842384232777863354,14,15,,,interpolated,742.0,-254.0,739.0
19.984078721,842384231738878044,842384232777863354,14,16,,,interpolated,850.0,11.0,410.0
20.002969363,842384231757768686,842384232777863354,14,17,,,interpolated,1046.0,325.0,524.0
20.021860005,842384231776659328,842384232777863354,14,18,,,interpolated,963.0,74.0,571.0
20.040750647,842384231795549970,842384232777863354,14,19,,,interpolated,721.0,-354.0,402.0
20.059641289,842384231814440612,842384232777863354,14,20,,,interpolated,1081.0,-165.0,477.0
20.078531931,842384231833331254,842384232777863354,14,21,,,interpolated,1030.0,85.0,143.0
20.097422573,842384231852221896,842384232777863354,14,22,,,interpolated,902.0,-48.0,598.0
20.116313215,842384231871112538,842384232777863354,14,23,,,interpolated,762.0,-307.0,335.0
20.135203857,842384231890003180,842384232777863354,14,24,,,interpolated,818.0,-218.0,275.0
20.154094499,842384231908893822,842384232777863354,14,25,,,interpolated,775.0,-90.0,499.0
20.172985141,842384231927784464,842384232777863354,14,26,,,interpolated,659.0,-372.0,651.0
20.191875783,842384231946675106,842384232777863354,14,27,,,interpolated,733.0,-723.0,477.0
20.210766425,842384231965565748,842384232777863354,14,28,,,interpolated,868.0,-668.0,308.0
20.229657067,842384231984456390,842384232777863354,14,29,,,interpolated,770.0,-347.0,274.0
20.248547709,842384232003347032,842384232777863354,14,30,,,interpolated,856.0,-456.0,521.0
20.267438351,842384232022237674,842384232777863354,14,31,,,interpolated,660.0,-861.0,288.0
20.286328993,842384232041128316,842384232777863354,14,32,,,interpolated,676.0,-659.0,367.0
20.305219635,842384232060018958,842384232777863354,14,33,,,interpolated,710.0,-405.0,320.0
20.324110277,842384232078909600,842384232777863354,14,34,,,interpolated,829.0,-573.0,479.0
20.343000919,842384232097800242,842384232777863354,14,35,,,interpolated,574.0,-799.0,394.0
20.361891561,842384232116690884,842384232777863354,14,36,,,interpolated,571.0,-708.0,425.0
20.380782203,842384232135581526,842384232777863354,14,37,,,interpolated,602.0,-664.0,367.0
20.399672845,842384232154472168,842384232777863354,14,38,,,interpolated,648.0,-780.0,226.0
20.418563487,842384232173362810,842384232777863354,14,39,,,interpolated,615.0,-770.0,252.0
20.437454129,842384232192253452,842384232777863354,14,40,,,interpolated,669.0,-754.0,298.0
20.456344771,842384232211144094,842384232777863354,14,41,,,interpolated,575.0,-672.0,207.0
20.475235413,842384232230034736,842384232777863354,14,42,,,interpolated,671.0,-731.0,92.0
20.494126055,842384232248925378,842384232777863354,14,43,,,interpolated,677.0,-826.0,251.0
20.513016697,842384232267816020,842384232777863354,14,44,,,interpolated,644.0,-856.0,459.0
20.531907339,842384232286706662,842384232777863354,14,45,,,interpolated,454.0,-846.0,356.0
20.550797981,842384232305597304,842384232777863354,14,46,,,interpolated,336.0,-869.0,178.0
20.569688623,842384232324487946,842384232777863354,14,47,,,interpolated,610.0,-925.0,179.0
20.588579265,842384232343378588,842384232777863354,14,48,,,interpolated,619.0,-848.0,231.0
20.607469907,842384232362269230,842384232777863354,14,49,,,interpolated,406.0,-908.0,397.0
20.626360549,842384232381159872,842384232777863354,14,50,,,interpolated,65.0,-1119.0,359.0
20.645251191,842384232400050514,842384232777863354,14,51,,,interpolated,63.0,-1093.0,198.0
20.664141833,842384232418941156,842384232777863354,14,52,,,interpolated,254.0,-917.0,-4.0
20.683032475,842384232437831798,842384232777863354,14,53,,,interpolated,477.0,-903.0,-85.0
20.701923117,842384232456722440,842384232777863354,14,54,,,interpolated,485.0,-873.0,77.0
20.720813759,842384232475613082,842384232777863354,14,55,,,interpolated,235.0,-953.0,55.0
20.739704401,842384232494503724,842384232777863354,14,56,,,interpolated,180.0,-987.0,-87.0
20.758595043,842384232513394366,842384232777863354,14,57,,,interpolated,367.0,-874.0,-125.0
20.777485685,842384232532285008,842384232777863354,14,58,,,interpolated,468.0,-907.0,-166.0
20.796376327,842384232551175650,842384232777863354,14,59,,,interpolated,531.0,-884.0,-72.0
20.815266969,842384232570066292,842384232777863354,14,60,,,interpolated,463.0,-871.0,-36.0
20.834157611,842384232588956934,842384232777863354,14,61,,,interpolated,373.0,-928.0,-45.0
20.853048253,842384232607847576,842384232777863354,14,62,,,interpolated,368.0,-880.0,-61.0
20.871938895,842384232626738218,842384232777863354,14,63,,,interpolated,360.0,-876.0,-63.0
20.890829537,842384232645628860,842384232777863354,14,64,,,interpolated,421.0,-893.0,-51.0
20.909720179,842384232664519502,842384232777863354,14,65,,,interpolated,401.0,-885.0,-3.0
20.928610821,842384232683410144,842384232777863354,14,66,,,interpolated,378.0,-847.0,-48.0
20.947501463,842384232702300786,842384232777863354,14,67,,,interpolated,411.0,-858.0,-37.0
20.966392105,842384232721191428,842384232777863354,14,68,,,interpolated,398.0,-887.0,-32.0
20.985282747,842384232740082070,842384232777863354,14,69,,,interpolated,320.0,-917.0,13.0
21.004173389,842384232758972712,842384232777863354,14,70,,,interpolated,332.0,-890.0,-11.0
21.023064031,842384232777863354,842384232777863354,14,71,,,interpolated,395.0,-867.0,-35.0
21.041954673,842384232796753996,842384234194661504,15,0,,,interpolated,363.0,-937.0,-22.0
21.060845315,842384232815644638,842384234194661504,15,1,,,interpolated,271.0,-902.0,-21.0
21.079735957,842384232834535280,842384234194661504,15,2,,,interpolated,304.0,-905.0,-22.0
21.098626599,842384232853425922,842384234194661504,15,3,,,interpolated,325.0,-919.0,-34.0
21.117517241,842384232872316564,842384234194661504,15,4,,,interpolated,359.0,-916.0,-70.0
21.136407883,842384232891207206,842384234194661504,15,5,,,interpolated,427.0,-856.0,-97.0
21.155298525,842384232910097848,842384234194661504,15,6,,,interpolated,393.0,-917.0,-79.0
21.174189167,842384232928988490,842384234194661504,15,7,,,interpolated,326.0,-883.0,-78.0
21.193079809,842384232947879132,842384234194661504,15,8,,,interpolated,366.0,-894.0,-50.0
21.211970451,842384232966769774,842384234194661504,15,9,,,interpolated,384.0,-887.0,-53.0
21.230861093,842384232985660416,842384234194661504,15,10,,,interpolated,356.0,-888.0,-33.0
21.249751735,842384233004551058,842384234194661504,15,11,,,interpolated,363.0,-872.0,-51.0
21.268642377,842384233023441700,842384234194661504,15,12,,,interpolated,370.0,-863.0,-82.0
21.287533019,842384233042332342,842384234194661504,15,13,,,interpolated,444.0,-858.0,-69.0
21.306423661,842384233061222984,842384234194661504,15,14,,,interpolated,479.0,-879.0,-57.0
21.325314303,842384233080113626,842384234194661504,15,15,,,interpolated,370.0,-888.0,-33.0
21.344204945,842384233099004268,842384234194661504,15,16,,,interpolated,334.0,-900.0,-67.0
21.363095587,842384233117894910,842384234194661504,15,17,,,interpolated,418.0,-873.0,-109.0
21.381986229,842384233136785552,842384234194661504,15,18,,,interpolated,456.0,-855.0,-72.0
21.400876871,842384233155676194,842384234194661504,15,19,,,interpolated,439.0,-866.0,-20.0
21.419767513,842384233174566836,842384234194661504,15,20,,,interpolated,364.0,-873.0,-2.0
21.438658155,842384233193457478,842384234194661504,15,21,,,interpolated,349.0,-900.0,-32.0
21.457548797,842384233212348120,842384234194661504,15,22,,,interpolated,374.0,-873.0,-53.0
21.476439439,842384233231238762,842384234194661504,15,23,,,interpolated,415.0,-869.0,-47.0
21.495330081,842384233250129404,842384234194661504,15,24,,,interpolated,365.0,-890.0,-13.0
21.514220723,842384233269020046,842384234194661504,15,25,,,interpolated,296.0,-897.0,-25.0
21.533111365,842384233287910688,842384234194661504,15,26,,,interpolated,315.0,-893.0,-51.0
21.552002007,842384233306801330,842384234194661504,15,27,,,interpolated,378.0,-870.0,-63.0
21.570892649,842384233325691972,842384234194661504,15,28,,,interpolated,414.0,-903.0,-67.0
21.589783291,842384233344582614,842384234194661504,15,29,,,interpolated,386.0,-852.0,-47.0
21.608673933,842384233363473256,842384234194661504,15,30,,,interpolated,357.0,-898.0,-42.0
21.627564575,842384233382363898,842384234194661504,15,31,,,interpolated,399.0,-860.0,-70.0
21.646455217,842384233401254540,842384234194661504,15,32,,,interpolated,421.0,-882.0,-92.0
21.665345859,842384233420145182,842384234194661504,15,33,,,interpolated,406.0,-880.0,-75.0
21.684236501,842384233439035824,842384234194661504,15,34,,,interpolated,387.0,-882.0,-71.0
21.703127143,842384233457926466,842384234194661504,15,35,,,interpolated,371.0,-867.0,-55.0
21.722017785,842384233476817108,842384234194661504,15,36,,,interpolated,384.0,-877.0,-58.0
21.740908427,842384233495707750,842384234194661504,15,37,,,interpolated,426.0,-834.0,-67.0
21.759799069,842384233514598392,842384234194661504,15,38,,,interpolated,527.0,-851.0,-84.0
21.778689711,842384233533489034,842384234194661504,15,39,,,interpolated,524.0,-859.0,-74.0
21.797580353,842384233552379676,842384234194661504,15,40,,,interpolated,374.0,-891.0,-32.0
21.816470995,842384233571270318,842384234194661504,15,41,,,interpolated,258.0,-933.0,-42.0
21.835361637,842384233590160960,842384234194661504,15,42,,,interpolated,299.0,-886.0,-59.0
21.854252279,842384233609051602,842384234194661504,15,43,,,interpolated,372.0,-942.0,-43.0
21.873142921,842384233627942244,842384234194661504,15,44,,,interpolated,360.0,-907.0,-14.0
21.892033563,842384233646832886,842384234194661504,15,45,,,interpolated,279.0,-930.0,18.0
21.910924205,842384233665723528,842384234194661504,15,46,,,interpolated,224.0,-937.0,52.0
21.929814847,842384233684614170,842384234194661504,15,47,,,interpolated,237.0,-911.0,39.0
21.948705489,842384233703504812,842384234194661504,15,48,,,interpolated,316.0,-879.0,81.0
21.967596131,842384233722395454,842384234194661504,15,49,,,interpolated,289.0,-933.0,149.0
21.986486773,842384233741286096,842384234194661504,15,50,,,interpolated,198.0,-973.0,193.0
22.005377415,842384233760176738,842384234194661504,15,51,,,interpolated,177.0,-949.0,220.0
22.024268057,842384233779067380,842384234194661504,15,52,,,interpolated,227.0,-970.0,174.0
22.043158699,842384233797958022,842384234194661504,15,53,,,interpolated,289.0,-901.0,90.0
22.062049341,842384233816848664,842384234194661504,15,54,,,interpolated,353.0,-933.0,64.0
22.080939983,842384233835739306,842384234194661504,15,55,,,interpolated,305.0,-902.0,38.0
22.099830625,842384233854629948,842384234194661504,15,56,,,interpolated,338.0,-909.0,1.0
22.118721267,842384233873520590,842384234194661504,15,57,,,interpolated,509.0,-905.0,-49.0
22.137611909,842384233892411232,842384234194661504,15,58,,,interpolated,548.0,-877.0,-101.0
22.156502551,842384233911301874,842384234194661504,15,59,,,interpolated,507.0,-890.0,-160.0
22.175393193,842384233930192516,842384234194661504,15,60,,,interpolated,449.0,-909.0,-237.0
22.194283835,842384233949083158,842384234194661504,15,61,,,interpolated,450.0,-879.0,-256.0
22.213174477,842384233967973800,842384234194661504,15,62,,,interpolated,500.0,-897.0,-176.0
22.232065119,842384233986864442,842384234194661504,15,63,,,interpolated,469.0,-883.0,-58.0
22.250955761,842384234005755084,842384234194661504,15,64,,,interpolated,388.0,-874.0,-27.0
22.269846403,842384234024645726,842384234194661504,15,65,,,interpolated,402.0,-945.0,-2.0
22.288737045,842384234043536368,842384234194661504,15,66,,,interpolated,308.0,-946.0,-57.0
22.307627687,842384234062427010,842384234194661504,15,67,,,interpolated,255.0,-846.0,-162.0
22.326518329,842384234081317652,842384234194661504,15,68,,,interpolated,368.0,-734.0,-371.0
22.345408971,842384234100208294,842384234194661504,15,69,,,interpolated,586.0,-740.0,-678.0
22.364299613,842384234119098936,842384234194661504,15,70,,,interpolated,915.0,-776.0,-928.0
22.383190255,842384234137989578,842384234194661504,15,71,,,interpolated,924.0,-794.0,-645.0
22.402080897,842384234156880220,842384234194661504,15,72,,,interpolated,612.0,-868.0,-424.0
22.420971539,842384234175770862,842384234194661504,15,73,,,interpolated,410.0,-1079.0,-43.0
22.439862181,842384234194661504,842384234194661504,15,74,,,interpolated,134.0,-774.0,396.0
22.458752823,842384234213552146,842384235535897086,16,0,,,interpolated,168.0,-1405.0,568.0
22.477643465,842384234232442788,842384235535897086,16,1,,,interpolated,-418.0,-866.0,553.0
22.496534107,842384234251333430,842384235535897086,16,2,,,interpolated,-466.0,-1611.0,719.0
22.515424749,842384234270224072,842384235535897086,16,3,,,interpolated,-639.0,-1347.0,408.0
22.534315391,842384234289114714,842384235535897086,16,4,,,interpolated,-299.0,-1002.0,352.0
22.553206033,842384234308005356,842384235535897086,16,5,,,interpolated,167.0,-857.0,375.0
22.572096675,842384234326895998,842384235535897086,16,6,,,interpolated,413.0,-782.0,384.0
22.590987317,842384234345786640,842384235535897086,16,7,,,interpolated,630.0,-758.0,464.0
22.609877959,842384234364677282,842384235535897086,16,8,,,interpolated,685.0,-828.0,465.0
22.628768601,842384234383567924,842384235535897086,16,9,,,interpolated,537.0,-888.0,327.0
22.647659243,842384234402458566,842384235535897086,16,10,,,interpolated,432.0,-823.0,191.0
22.666549885,842384234421349208,842384235535897086,16,11,,,interpolated,490.0,-751.0,131.0
22.685440527,842384234440239850,842384235535897086,16,12,,,interpolated,581.0,-779.0,124.0
22.704331169,842384234459130492,842384235535897086,16,13,,,interpolated,602.0,-795.0,225.0
22.723221811,842384234478021134,842384235535897086,16,14,,,interpolated,629.0,-739.0,166.0
22.742112453,842384234496911776,842384235535897086,16,15,,,interpolated,702.0,-664.0,165.0
22.761003095,842384234515802418,842384235535897086,16,16,,,interpolated,723.0,-646.0,136.0
22.779893737,842384234534693060,842384235535897086,16,17,,,interpolated,748.0,-641.0,170.0
22.798784379,842384234553583702,842384235535897086,16,18,,,interpolated,722.0,-644.0,209.0
22.817675021,842384234572474344,842384235535897086,16,19,,,interpolated,619.0,-684.0,265.0
22.836565663,842384234591364986,842384235535897086,16,20,,,interpolated,586.0,-755.0,252.0
22.855456305,842384234610255628,842384235535897086,16,21,,,interpolated,593.0,-747.0,266.0
22.874346947,842384234629146270,842384235535897086,16,22,,,interpolated,626.0,-705.0,380.0
22.893237589,842384234648036912,842384235535897086,16,23,,,interpolated,558.0,-722.0,408.0
22.912128231,842384234666927554,842384235535897086,16,24,,,interpolated,588.0,-725.0,299.0
22.931018873,842384234685818196,842384235535897086,16,25,,,interpolated,669.0,-680.0,334.0
22.949909515,842384234704708838,842384235535897086,16,26,,,interpolated,662.0,-618.0,357.0
22.968800157,842384234723599480,842384235535897086,16,27,,,interpolated,657.0,-584.0,324.0
22.987690799,842384234742490122,842384235535897086,16,28,,,interpolated,688.0,-603.0,312.0
23.006581441,842384234761380764,842384235535897086,16,29,,,interpolated,715.0,-591.0,316.0
23.025472083,842384234780271406,842384235535897086,16,30,,,interpolated,768.0,-536.0,373.0
23.044362725,842384234799162048,842384235535897086,16,31,,,interpolated,748.0,-511.0,389.0
23.063253367,842384234818052690,842384235535897086,16,32,,,interpolated,726.0,-491.0,425.0
23.082144009,842384234836943332,842384235535897086,16,33,,,interpolated,727.0,-439.0,345.0
23.101034651,842384234855833974,842384235535897086,16,34,,,interpolated,749.0,-426.0,392.0
23.119925293,842384234874724616,842384235535897086,16,35,,,interpolated,730.0,-430.0,379.0
23.138815935,842384234893615258,842384235535897086,16,36,,,interpolated,850.0,-356.0,281.0
23.157706577,842384234912505900,842384235535897086,16,37,,,interpolated,886.0,-290.0,369.0
23.176597219,842384234931396542,842384235535897086,16,38,,,interpolated,843.0,-258.0,403.0
23.195487861,842384234950287184,842384235535897086,16,39,,,interpolated,872.0,-219.0,338.0
23.214378503,842384234969177826,842384235535897086,16,40,,,interpolated,899.0,-191.0,410.0
23.233269145,842384234988068468,842384235535897086,16,41,,,interpolated,897.0,-216.0,362.0
23.252159787,842384235006959110,842384235535897086,16,42,,,interpolated,961.0,-220.0,388.0
23.271050429,842384235025849752,842384235535897086,16,43,,,interpolated,952.0,-214.0,406.0
23.289941071,842384235044740394,842384235535897086,16,44,,,interpolated,966.0,-201.0,373.0
23.308831713,842384235063631036,842384235535897086,16,45,,,interpolated,969.0,-199.0,447.0
23.327722355,842384235082521678,842384235535897086,16,46,,,interpolated,971.0,-197.0,404.0
23.346612997,842384235101412320,842384235535897086,16,47,,,interpolated,978.0,-210.0,469.0
23.365503639,842384235120302962,842384235535897086,16,48,,,interpolated,830.0,-333.0,668.0
23.384394281,842384235139193604,842384235535897086,16,49,,,interpolated,703.0,-370.0,683.0
23.403284923,842384235158084246,842384235535897086,16,50,,,interpolated,856.0,-205.0,453.0
23.422175565,842384235176974888,842384235535897086,16,51,,,interpolated,1059.0,-21.0,322.0
23.441066207,842384235195865530,842384235535897086,16,52,,,interpolated,870.0,-16.0,579.0
23.459956849,842384235214756172,842384235535897086,16,53,,,interpolated,660.0,79.0,685.0
23.478847491,842384235233646814,842384235535897086,16,54,,,interpolated,763.0,305.0,335.0
23.497738133,842384235252537456,842384235535897086,16,55,,,interpolated,857.0,359.0,24.0
23.516628775,842384235271428098,842384235535897086,16,56,,,interpolated,807.0,250.0,351.0
23.535519417,842384235290318740,842384235535897086,16,57,,,interpolated,622.0,292.0,469.0
23.554410059,842384235309209382,842384235535897086,16,58,,,interpolated,540.0,490.0,428.0
23.573300701,842384235328100024,842384235535897086,16,59,,,interpolated,709.0,432.0,317.0
23.592191343,842384235346990666,842384235535897086,16,60,,,interpolated,774.0,217.0,225.0
23.611081985,842384235365881308,842384235535897086,16,61,,,interpolated,594.0,176.0,376.0
23.629972627,842384235384771950,842384235535897086,16,62,,,interpolated,539.0,403.0,402.0
23.648863269,842384235403662592,842384235535897086,16,63,,,interpolated,596.0,376.0,138.0
23.667753911,842384235422553234,842384235535897086,16,64,,,interpolated,576.0,308.0,66.0
23.686644553,842384235441443876,842384235535897086,16,65,,,interpolated,555.0,466.0,136.0
23.705535195,842384235460334518,842384235535897086,16,66,,,interpolated,691.0,313.0,136.0
23.724425837,842384235479225160,842384235535897086,16,67,,,interpolated,595.0,259.0,98.0
23.743316479,842384235498115802,842384235535897086,16,68,,,interpolated,447.0,661.0,88.0
23.762207121,842384235517006444,842384235535897086,16,69,,,interpolated,780.0,764.0,-62.0
23.781097763,842384235535897086,842384235535897086,16,70,,,interpolated,751.0,295.0,-76.0
23.799988405,842384235554787728,842384236782679458,17,0,,,interpolated,465.0,289.0,-126.0
23.818879047,842384235573678370,842384236782679458,17,1,,,interpolated,644.0,846.0,31.0
23.837769689,842384235592569012,842384236782679458,17,2,,,interpolated,1038.0,601.0,229.0
23.856660331,842384235611459654,842384236782679458,17,3,,,interpolated,684.0,-45.0,441.0
23.875550973,842384235630350296,842384236782679458,17,4,,,interpolated,574.0,90.0,465.0
23.894441615,842384235649240938,842384236782679458,17,5,,,interpolated,895.0,488.0,427.0
23.913332257,842384235668131580,842384236782679458,17,6,,,interpolated,1063.0,219.0,487.0
23.932222899,842384235687022222,842384236782679458,17,7,,,interpolated,729.0,-350.0,754.0
23.951113541,842384235705912864,842384236782679458,17,8,,,interpolated,491.0,-27.0,670.0
23.970004183,842384235724803506,842384236782679458,17,9,,,interpolated,1122.0,347.0,560.0
23.988894825,842384235743694148,842384236782679458,17,10,,,interpolated,1094.0,170.0,274.0
24.007785467,842384235762584790,842384236782679458,17,11,,,interpolated,765.0,-385.0,320.0
24.026676109,842384235781475432,842384236782679458,17,12,,,interpolated,854.0,2.0,500.0
24.045566751,842384235800366074,842384236782679458,17,13,,,interpolated,1050.0,31.0,517.0
24.064457393,842384235819256716,842384236782679458,17,14,,,interpolated,743.0,-212.0,502.0
24.083348035,842384235838147358,842384236782679458,17,15,,,interpolated,773.0,-114.0,531.0
24.102238677,842384235857038000,842384236782679458,17,16,,,interpolated,939.0,69.0,284.0
24.121129319,842384235875928642,842384236782679458,17,17,,,interpolated,1008.0,133.0,398.0
24.140019961,842384235894819284,842384236782679458,17,18,,,interpolated,851.0,-122.0,402.0
24.158910603,842384235913709926,842384236782679458,17,19,,,interpolated,845.0,-156.0,433.0
24.177801245,842384235932600568,842384236782679458,17,20,,,interpolated,848.0,-144.0,363.0
24.196691887,842384235951491210,842384236782679458,17,21,,,interpolated,660.0,-263.0,686.0
24.215582529,842384235970381852,842384236782679458,17,22,,,interpolated,500.0,-377.0,690.0
24.234473171,842384235989272494,842384236782679458,17,23,,,interpolated,900.0,-258.0,321.0
24.253363813,842384236008163136,842384236782679458,17,24,,,interpolated,1006.0,-130.0,262.0
24.272254455,842384236027053778,842384236782679458,17,25,,,interpolated,816.0,-348.0,532.0
24.291145097,842384236045944420,842384236782679458,17,26,,,interpolated,638.0,-495.0,487.0
24.310035739,842384236064835062,842384236782679458,17,27,,,interpolated,868.0,-419.0,312.0
24.328926381,842384236083725704,842384236782679458,17,28,,,interpolated,813.0,-254.0,235.0
24.347817023,842384236102616346,842384236782679458,17,29,,,interpolated,678.0,-443.0,492.0
24.366707665,842384236121506988,842384236782679458,17,30,,,interpolated,685.0,-593.0,589.0
24.385598307,842384236140397630,842384236782679458,17,31,,,interpolated,783.0,-647.0,344.0
24.404488949,842384236159288272,842384236782679458,17,32,,,interpolated,596.0,-594.0,319.0
24.423379591,842384236178178914,842384236782679458,17,33,,,interpolated,573.0,-508.0,459.0
24.442270233,842384236197069556,842384236782679458,17,34,,,interpolated,711.0,-608.0,431.0
24.461160875,842384236215960198,842384236782679458,17,35,,,interpolated,716.0,-687.0,346.0
24.480051517,842384236234850840,842384236782679458,17,36,,,interpolated,622.0,-717.0,280.0
24.498942159,842384236253741482,842384236782679458,17,37,,,interpolated,624.0,-732.0,399.0
24.517832801,842384236272632124,842384236782679458,17,38,,,interpolated,622.0,-704.0,459.0
24.536723443,842384236291522766,842384236782679458,17,39,,,interpolated,599.0,-679.0,233.0
24.555614085,842384236310413408,842384236782679458,17,40,,,interpolated,697.0,-679.0,39.0
24.574504727,842384236329304050,842384236782679458,17,41,,,interpolated,785.0,-733.0,370.0
24.593395369,842384236348194692,842384236782679458,17,42,,,interpolated,674.0,-805.0,560.0
24.612286011,842384236367085334,842384236782679458,17,43,,,interpolated,428.0,-945.0,407.0
24.631176653,842384236385975976,842384236782679458,17,44,,,interpolated,360.0,-970.0,258.0
24.650067295,842384236404866618,842384236782679458,17,45,,,interpolated,409.0,-897.0,265.0
24.668957937,842384236423757260,842384236782679458,17,46,,,interpolated,436.0,-965.0,230.0
24.687848579,842384236442647902,842384236782679458,17,47,,,interpolated,408.0,-965.0,218.0
24.706739221,842384236461538544,842384236782679458,17,48,,,interpolated,412.0,-884.0,269.0
24.725629863,842384236480429186,842384236782679458,17,49,,,interpolated,480.0,-956.0,195.0
24.744520505,842384236499319828,842384236782679458,17,50,,,interpolated,408.0,-861.0,299.0
24.763411147,842384236518210470,842384236782679458,17,51,,,interpolated,183.0,-900.0,311.0
24.782301789,842384236537101112,842384236782679458,17,52,,,interpolated,-11.0,-1030.0,119.0
24.801192431,842384236555991754,842384236782679458,17,53,,,interpolated,88.0,-1013.0,69.0
24.820083073,842384236574882396,842384236782679458,17,54,,,interpolated,-58.0,-1004.0,95.0
24.838973715,842384236593773038,842384236782679458,17,55,,,interpolated,-7.0,-1028.0,-53.0
24.857864357,842384236612663680,842384236782679458,17,56,,,interpolated,444.0,-910.0,-144.0
24.876754999,842384236631554322,842384236782679458,17,57,,,interpolated,662.0,-832.0,-94.0
24.895645641,842384236650444964,842384236782679458,17,58,,,interpolated,456.0,-859.0,-111.0
24.914536283,842384236669335606,842384236782679458,17,59,,,interpolated,272.0,-954.0,-167.0
24.933426925,842384236688226248,842384236782679458,17,60,,,interpolated,319.0,-982.0,-203.0
24.952317567,842384236707116890,842384236782679458,17,61,,,interpolated,428.0,-912.0,-200.0
24.971208209,842384236726007532,842384236782679458,17,62,,,interpolated,482.0,-897.0,-164.0
24.990098851,842384236744898174,842384236782679458,17,63,,,interpolated,526.0,-881.0,-119.0
25.008989493,842384236763788816,842384236782679458,17,64,,,interpolated,548.0,-866.0,-66.0
25.027880135,842384236782679458,842384236782679458,17,65,,,interpolated,568.0,-837.0,-42.0
25.046770422,842384236801569745,842384238407244152,18,0,,,interpolated,501.0,-794.0,-54.0
25.065660709,842384236820460032,842384238407244152,18,1,,,interpolated,458.0,-833.0,-64.0
25.084550996,842384236839350319,842384238407244152,18,2,,,interpolated,450.0,-850.0,-32.0
25.103441284,842384236858240607,842384238407244152,18,3,,,interpolated,436.0,-868.0,6.0
25.122331571,842384236877130894,842384238407244152,18,4,,,interpolated,431.0,-888.0,9.0
25.141221858,842384236896021181,842384238407244152,18,5,,,interpolated,352.0,-904.0,26.0
25.160112145,842384236914911468,842384238407244152,18,6,,,interpolated,285.0,-915.0,-39.0
25.179002432,842384236933801755,842384238407244152,18,7,,,interpolated,322.0,-930.0,-80.0
25.197892719,842384236952692042,842384238407244152,18,8,,,interpolated,302.0,-933.0,-103.0
25.216783006,842384236971582329,842384238407244152,18,9,,,interpolated,223.0,-942.0,-98.0
25.235673294,842384236990472617,842384238407244152,18,10,,,interpolated,252.0,-931.0,-60.0
25.254563581,842384237009362904,842384238407244152,18,11,,,interpolated,314.0,-959.0,-9.0
25.273453868,842384237028253191,842384238407244152,18,12,,,interpolated,366.0,-883.0,21.0
25.292344155,842384237047143478,842384238407244152,18,13,,,interpolated,367.0,-878.0,-16.0
25.311234442,842384237066033765,842384238407244152,18,14,,,interpolated,345.0,-871.0,-45.0
25.330124729,842384237084924052,842384238407244152,18,15,,,interpolated,325.0,-889.0,-55.0
25.349015016,842384237103814339,842384238407244152,18,16,,,interpolated,345.0,-871.0,-21.0
25.367905304,842384237122704627,842384238407244152,18,17,,,interpolated,363.0,-875.0,-11.0
25.386795591,842384237141594914,842384238407244152,18,18,,,interpolated,382.0,-881.0,2.0
25.405685878,842384237160485201,842384238407244152,18,19,,,interpolated,361.0,-895.0,-18.0
25.424576165,842384237179375488,842384238407244152,18,20,,,interpolated,340.0,-910.0,13.0
25.443466452,842384237198265775,842384238407244152,18,21,,,interpolated,346.0,-902.0,2.0
25.462356739,842384237217156062,842384238407244152,18,22,,,interpolated,346.0,-885.0,-47.0
25.481247026,842384237236046349,842384238407244152,18,23,,,interpolated,373.0,-900.0,-60.0
25.500137313,842384237254936636,842384238407244152,18,24,,,interpolated,378.0,-877.0,-78.0
25.519027601,842384237273826924,842384238407244152,18,25,,,interpolated,381.0,-890.0,-101.0
25.537917888,842384237292717211,842384238407244152,18,26,,,interpolated,399.0,-893.0,-37.0
25.556808175,842384237311607498,842384238407244152,18,27,,,interpolated,372.0,-892.0,10.0
25.575698462,842384237330497785,842384238407244152,18,28,,,interpolated,388.0,-893.0,-18.0
25.594588749,842384237349388072,842384238407244152,18,29,,,interpolated,411.0,-886.0,-21.0
25.613479036,842384237368278359,842384238407244152,18,30,,,interpolated,377.0,-861.0,-77.0
25.632369323,842384237387168646,842384238407244152,18,31,,,interpolated,364.0,-880.0,-85.0
25.651259611,842384237406058934,842384238407244152,18,32,,,interpolated,342.0,-868.0,-46.0
25.670149898,842384237424949221,842384238407244152,18,33,,,interpolated,353.0,-872.0,-29.0
25.689040185,842384237443839508,842384238407244152,18,34,,,interpolated,418.0,-912.0,-37.0
25.707930472,842384237462729795,842384238407244152,18,35,,,interpolated,400.0,-858.0,-29.0
25.726820759,842384237481620082,842384238407244152,18,36,,,interpolated,349.0,-896.0,-44.0
25.745711046,842384237500510369,842384238407244152,18,37,,,interpolated,358.0,-908.0,-67.0
25.764601333,842384237519400656,842384238407244152,18,38,,,interpolated,359.0,-889.0,-48.0
25.783491621,842384237538290944,842384238407244152,18,39,,,interpolated,350.0,-897.0,-32.0
25.802381908,842384237557181231,842384238407244152,18,40,,,interpolated,365.0,-889.0,-42.0
25.821272195,842384237576071518,842384238407244152,18,41,,,interpolated,421.0,-896.0,-69.0
25.840162482,842384237594961805,842384238407244152,18,42,,,interpolated,401.0,-884.0,-52.0
25.859052769,842384237613852092,842384238407244152,18,43,,,interpolated,373.0,-887.0,-49.0
25.877943056,842384237632742379,842384238407244152,18,44,,,interpolated,395.0,-904.0,-49.0
25.896833343,842384237651632666,842384238407244152,18,45,,,interpolated,407.0,-889.0,-65.0
25.915723631,842384237670522954,842384238407244152,18,46,,,interpolated,399.0,-863.0,-38.0
25.934613918,842384237689413241,842384238407244152,18,47,,,interpolated,389.0,-903.0,-53.0
25.953504205,842384237708303528,842384238407244152,18,48,,,interpolated,355.0,-864.0,-43.0
25.972394492,842384237727193815,842384238407244152,18,49,,,interpolated,356.0,-925.0,-20.0
25.991284779,842384237746084102,842384238407244152,18,50,,,interpolated,374.0,-906.0,-14.0
26.010175066,842384237764974389,842384238407244152,18,51,,,interpolated,369.0,-876.0,-11.0
26.029065353,842384237783864676,842384238407244152,18,52,,,interpolated,340.0,-902.0,5.0
26.047955641,842384237802754964,842384238407244152,18,53,,,interpolated,355.0,-917.0,-38.0
26.066845928,842384237821645251,842384238407244152,18,54,,,interpolated,354.0,-880.0,-37.0
26.085736215,842384237840535538,842384238407244152,18,55,,,interpolated,351.0,-912.0,-5.0
26.104626502,842384237859425825,842384238407244152,18,56,,,interpolated,346.0,-930.0,3.0
26.123516789,842384237878316112,842384238407244152,18,57,,,interpolated,334.0,-916.0,7.0
26.142407076,842384237897206399,842384238407244152,18,58,,,interpolated,352.0,-902.0,16.0
26.161297363,842384237916096686,842384238407244152,18,59,,,interpolated,313.0,-896.0,14.0
26.180187651,842384237934986974,842384238407244152,18,60,,,interpolated,289.0,-919.0,11.0
26.199077938,842384237953877261,842384238407244152,18,61,,,interpolated,266.0,-922.0,26.0
26.217968225,842384237972767548,842384238407244152,18,62,,,interpolated,308.0,-959.0,42.0
26.236858512,842384237991657835,842384238407244152,18,63,,,interpolated,375.0,-871.0,27.0
26.255748799,842384238010548122,842384238407244152,18,64,,,interpolated,385.0,-904.0,53.0
26.274639086,842384238029438409,842384238407244152,18,65,,,interpolated,282.0,-968.0,84.0
26.293529373,842384238048328696,842384238407244152,18,66,,,interpolated,201.0,-925.0,93.0
26.31241966,842384238067218983,842384238407244152,18,67,,,interpolated,222.0,-926.0,83.0
26.331309948,842384238086109271,842384238407244152,18,68,,,interpolated,266.0,-934.0,115.0
26.350200235,842384238104999558,842384238407244152,18,69,,,interpolated,310.0,-932.0,116.0
26.369090522,842384238123889845,842384238407244152,18,70,,,interpolated,313.0,-904.0,114.0
26.387980809,842384238142780132,842384238407244152,18,71,,,interpolated,294.0,-929.0,121.0
26.406871096,842384238161670419,842384238407244152,18,72,,,interpolated,255.0,-932.0,141.0
26.425761383,842384238180560706,842384238407244152,18,73,,,interpolated,271.0,-924.0,105.0
26.44465167,842384238199450993,842384238407244152,18,74,,,interpolated,311.0,-916.0,49.0
26.463541958,842384238218341281,842384238407244152,18,75,,,interpolated,415.0,-862.0,1.0
26.482432245,842384238237231568,842384238407244152,18,76,,,interpolated,427.0,-897.0,-15.0
26.501322532,842384238256121855,842384238407244152,18,77,,,interpolated,387.0,-947.0,-24.0
26.520212819,842384238275012142,842384238407244152,18,78,,,interpolated,353.0,-893.0,-51.0
26.539103106,842384238293902429,842384238407244152,18,79,,,interpolated,344.0,-878.0,-62.0
26.557993393,842384238312792716,842384238407244152,18,80,,,interpolated,358.0,-930.0,-65.0
26.57688368,842384238331683003,842384238407244152,18,81,,,interpolated,390.0,-900.0,-57.0
26.595773968,842384238350573291,842384238407244152,18,82,,,interpolated,365.0,-890.0,-31.0
26.614664255,842384238369463578,842384238407244152,18,83,,,interpolated,309.0,-932.0,5.0
26.633554542,842384238388353865,842384238407244152,18,84,,,interpolated,299.0,-980.0,61.0
26.652444829,842384238407244152,842384238407244152,18,85,,,interpolated,288.0,-904.0,85.0
26.671335471,842384238426134794,842384239767370376,19,0,,,interpolated,261.0,-941.0,119.0
26.690226113,842384238445025436,842384239767370376,19,1,,,interpolated,287.0,-857.0,-49.0
26.709116755,842384238463916078,842384239767370376,19,2,,,interpolated,427.0,-789.0,-464.0
26.728007397,842384238482806720,842384239767370376,19,3,,,interpolated,741.0,-752.0,-671.0
26.746898039,842384238501697362,842384239767370376,19,4,,,interpolated,858.0,-767.0,-699.0
26.765788681,842384238520588004,842384239767370376,19,5,,,interpolated,630.0,-898.0,-563.0
26.784679323,842384238539478646,842384239767370376,19,6,,,interpolated,391.0,-950.0,-308.0
26.803569965,842384238558369288,842384239767370376,19,7,,,interpolated,233.0,-1065.0,41.0
26.822460607,842384238577259930,842384239767370376,19,8,,,interpolated,190.0,-1084.0,232.0
26.841351249,842384238596150572,842384239767370376,19,9,,,interpolated,253.0,-996.0,257.0
26.860241891,842384238615041214,842384239767370376,19,10,,,interpolated,90.0,-952.0,237.0
26.879132533,842384238633931856,842384239767370376,19,11,,,interpolated,-52.0,-1188.0,606.0
26.898023175,842384238652822498,842384239767370376,19,12,,,interpolated,-297.0,-1275.0,598.0
26.916913817,842384238671713140,842384239767370376,19,13,,,interpolated,-267.0,-1183.0,491.0
26.935804459,842384238690603782,842384239767370376,19,14,,,interpolated,6.0,-948.0,528.0
26.954695101,842384238709494424,842384239767370376,19,15,,,interpolated,324.0,-817.0,369.0
26.973585743,842384238728385066,842384239767370376,19,16,,,interpolated,548.0,-830.0,358.0
26.992476385,842384238747275708,842384239767370376,19,17,,,interpolated,553.0,-840.0,302.0
27.011367027,842384238766166350,842384239767370376,19,18,,,interpolated,494.0,-838.0,365.0
27.030257669,842384238785056992,842384239767370376,19,19,,,interpolated,431.0,-807.0,249.0
27.049148311,842384238803947634,842384239767370376,19,20,,,interpolated,547.0,-749.0,168.0
27.068038953,842384238822838276,842384239767370376,19,21,,,interpolated,613.0,-715.0,202.0
27.086929595,842384238841728918,842384239767370376,19,22,,,interpolated,625.0,-735.0,140.0
27.105820237,842384238860619560,842384239767370376,19,23,,,interpolated,561.0,-721.0,135.0
27.124710879,842384238879510202,842384239767370376,19,24,,,interpolated,619.0,-704.0,134.0
27.143601521,842384238898400844,842384239767370376,19,25,,,interpolated,658.0,-671.0,67.0
27.162492163,842384238917291486,842384239767370376,19,26,,,interpolated,754.0,-653.0,43.0
27.181382805,842384238936182128,842384239767370376,19,27,,,interpolated,752.0,-663.0,109.0
27.200273447,842384238955072770,842384239767370376,19,28,,,interpolated,689.0,-684.0,155.0
27.219164089,842384238973963412,842384239767370376,19,29,,,interpolated,662.0,-680.0,283.0
27.238054731,842384238992854054,842384239767370376,19,30,,,interpolated,613.0,-680.0,196.0
27.256945373,842384239011744696,842384239767370376,19,31,,,interpolated,644.0,-730.0,202.0
27.275836015,842384239030635338,842384239767370376,19,32,,,interpolated,585.0,-762.0,232.0
27.294726657,842384239049525980,842384239767370376,19,33,,,interpolated,520.0,-790.0,237.0
27.313617299,842384239068416622,842384239767370376,19,34,,,interpolated,515.0,-783.0,292.0
27.332507941,842384239087307264,842384239767370376,19,35,,,interpolated,558.0,-749.0,274.0
27.351398583,842384239106197906,842384239767370376,19,36,,,interpolated,598.0,-713.0,233.0
27.370289225,842384239125088548,842384239767370376,19,37,,,interpolated,610.0,-715.0,265.0
27.389179867,842384239143979190,842384239767370376,19,38,,,interpolated,601.0,-765.0,356.0
27.408070509,842384239162869832,842384239767370376,19,39,,,interpolated,547.0,-756.0,353.0
27.426961151,842384239181760474,842384239767370376,19,40,,,interpolated,601.0,-680.0,220.0
27.445851793,842384239200651116,842384239767370376,19,41,,,interpolated,671.0,-655.0,197.0
27.464742435,842384239219541758,842384239767370376,19,42,,,interpolated,695.0,-695.0,290.0
27.483633077,842384239238432400,842384239767370376,19,43,,,interpolated,665.0,-680.0,361.0
27.502523719,842384239257323042,842384239767370376,19,44,,,interpolated,655.0,-630.0,324.0
27.521414361,842384239276213684,842384239767370376,19,45,,,interpolated,650.0,-594.0,322.0
27.540305003,842384239295104326,842384239767370376,19,46,,,interpolated,679.0,-590.0,353.0
27.559195645,842384239313994968,842384239767370376,19,47,,,interpolated,724.0,-555.0,261.0
27.578086287,842384239332885610,842384239767370376,19,48,,,interpolated,831.0,-496.0,271.0
27.596976929,842384239351776252,842384239767370376,19,49,,,interpolated,815.0,-480.0,372.0
27.615867571,842384239370666894,842384239767370376,19,50,,,interpolated,762.0,-469.0,414.0
27.634758213,842384239389557536,842384239767370376,19,51,,,interpolated,767.0,-431.0,386.0
27.653648855,842384239408448178,842384239767370376,19,52,,,interpolated,765.0,-352.0,328.0
27.672539497,842384239427338820,842384239767370376,19,53,,,interpolated,822.0,-325.0,276.0
27.691430139,842384239446229462,842384239767370376,19,54,,,interpolated,858.0,-330.0,280.0
27.710320781,842384239465120104,842384239767370376,19,55,,,interpolated,817.0,-333.0,360.0
27.729211423,842384239484010746,842384239767370376,19,56,,,interpolated,773.0,-300.0,365.0
27.748102065,842384239502901388,842384239767370376,19,57,,,interpolated,842.0,-287.0,303.0
27.766992707,842384239521792030,842384239767370376,19,58,,,interpolated,892.0,-283.0,344.0
27.785883349,842384239540682672,842384239767370376,19,59,,,interpolated,864.0,-269.0,315.0
27.804773991,842384239559573314,842384239767370376,19,60,,,interpolated,903.0,-279.0,292.0
27.823664633,842384239578463956,842384239767370376,19,61,,,interpolated,858.0,-336.0,382.0
27.842555275,842384239597354598,842384239767370376,19,62,,,interpolated,828.0,-364.0,436.0
27.861445917,842384239616245240,842384239767370376,19,63,,,interpolated,895.0,-329.0,354.0
27.880336559,842384239635135882,842384239767370376,19,64,,,interpolated,915.0,-269.0,392.0
27.899227201,842384239654026524,842384239767370376,19,65,,,interpolated,876.0,-226.0,397.0
27.918117843,842384239672917166,842384239767370376,19,66,,,interpolated,932.0,-143.0,343.0
27.937008485,842384239691807808,842384239767370376,19,67,,,interpolated,960.0,-137.0,387.0
27.955899127,842384239710698450,842384239767370376,19,68,,,interpolated,853.0,-222.0,620.0
27.974789769,842384239729589092,842384239767370376,19,69,,,interpolated,813.0,-175.0,544.0
27.993680411,842384239748479734,842384239767370376,19,70,,,interpolated,1009.0,-94.0,314.0
28.012571053,842384239767370376,842384239767370376,19,71,,,interpolated,1069.0,-70.0,326.0
28.031461695,842384239786261018,842384240995262106,20,0,,,interpolated,896.0,78.0,542.0
28.050352337,842384239805151660,842384240995262106,20,1,,,interpolated,815.0,152.0,308.0
28.069242979,842384239824042302,842384240995262106,20,2,,,interpolated,877.0,158.0,161.0
28.088133621,842384239842932944,842384240995262106,20,3,,,interpolated,919.0,272.0,136.0
28.107024263,842384239861823586,842384240995262106,20,4,,,interpolated,830.0,310.0,383.0
28.125914905,842384239880714228,842384240995262106,20,5,,,interpolated,678.0,316.0,790.0
28.144805547,842384239899604870,842384240995262106,20,6,,,interpolated,530.0,361.0,717.0
28.163696189,842384239918495512,842384240995262106,20,7,,,interpolated,698.0,221.0,321.0
28.182586831,842384239937386154,842384240995262106,20,8,,,interpolated,727.0,143.0,-26.0
28.201477473,842384239956276796,842384240995262106,20,9,,,interpolated,668.0,379.0,213.0
28.220368115,842384239975167438,842384240995262106,20,10,,,interpolated,646.0,364.0,352.0
28.239258757,842384239994058080,842384240995262106,20,11,,,interpolated,736.0,267.0,320.0
28.258149399,842384240012948722,842384240995262106,20,12,,,interpolated,631.0,155.0,326.0
28.277040041,842384240031839364,842384240995262106,20,13,,,interpolated,630.0,230.0,286.0
28.295930683,842384240050730006,842384240995262106,20,14,,,interpolated,661.0,247.0,294.0
28.314821325,842384240069620648,842384240995262106,20,15,,,interpolated,771.0,170.0,201.0
28.333711967,842384240088511290,842384240995262106,20,16,,,interpolated,661.0,156.0,-93.0
28.352602609,842384240107401932,842384240995262106,20,17,,,interpolated,515.0,598.0,-164.0
28.371493251,842384240126292574,842384240995262106,20,18,,,interpolated,1010.0,1006.0,-99.0
28.390383893,842384240145183216,842384240995262106,20,19,,,interpolated,964.0,302.0,-101.0
28.409274535,842384240164073858,842384240995262106,20,20,,,interpolated,649.0,-79.0,-18.0
28.428165177,842384240182964500,842384240995262106,20,21,,,interpolated,409.0,263.0,73.0
28.447055819,842384240201855142,842384240995262106,20,22,,,interpolated,761.0,671.0,409.0
28.465946461,842384240220745784,842384240995262106,20,23,,,interpolated,895.0,545.0,500.0
28.484837103,842384240239636426,842384240995262106,20,24,,,interpolated,739.0,-33.0,719.0
28.503727745,842384240258527068,842384240995262106,20,25,,,interpolated,546.0,-260.0,609.0
28.522618387,842384240277417710,842384240995262106,20,26,,,interpolated,867.0,-144.0,689.0
28.541509029,842384240296308352,842384240995262106,20,27,,,interpolated,979.0,12.0,665.0
28.560399671,842384240315198994,842384240995262106,20,28,,,interpolated,752.0,-228.0,620.0
28.579290313,842384240334089636,842384240995262106,20,29,,,interpolated,721.0,-237.0,573.0
28.598180955,842384240352980278,842384240995262106,20,30,,,interpolated,1136.0,-42.0,402.0
28.617071597,842384240371870920,842384240995262106,20,31,,,interpolated,1055.0,-180.0,537.0
28.635962239,842384240390761562,842384240995262106,20,32,,,interpolated,710.0,-292.0,706.0
28.654852881,842384240409652204,842384240995262106,20,33,,,interpolated,866.0,-211.0,415.0
28.673743523,842384240428542846,842384240995262106,20,34,,,interpolated,883.0,-139.0,353.0
28.692634165,842384240447433488,842384240995262106,20,35,,,interpolated,742.0,-341.0,625.0
28.711524807,842384240466324130,842384240995262106,20,36,,,interpolated,690.0,-292.0,738.0
28.730415449,842384240485214772,842384240995262106,20,37,,,interpolated,1003.0,-147.0,357.0
28.749306091,842384240504105414,842384240995262106,20,38,,,interpolated,894.0,-36.0,397.0
28.768196733,842384240522996056,842384240995262106,20,39,,,interpolated,745.0,-330.0,432.0
28.787087375,842384240541886698,842384240995262106,20,40,,,interpolated,770.0,-389.0,447.0
28.805978017,842384240560777340,842384240995262106,20,41,,,interpolated,798.0,-324.0,409.0
28.824868659,842384240579667982,842384240995262106,20,42,,,interpolated,728.0,-292.0,489.0
28.843759301,842384240598558624,842384240995262106,20,43,,,interpolated,881.0,-383.0,405.0
28.862649943,842384240617449266,842384240995262106,20,44,,,interpolated,737.0,-391.0,523.0
28.881540585,842384240636339908,842384240995262106,20,45,,,interpolated,645.0,-328.0,559.0
28.900431227,842384240655230550,842384240995262106,20,46,,,interpolated,752.0,-353.0,268.0
28.919321869,842384240674121192,842384240995262106,20,47,,,interpolated,755.0,-492.0,220.0
28.938212511,842384240693011834,842384240995262106,20,48,,,interpolated,724.0,-498.0,499.0
28.957103153,842384240711902476,842384240995262106,20,49,,,interpolated,755.0,-414.0,621.0
28.975993795,842384240730793118,842384240995262106,20,50,,,interpolated,758.0,-423.0,543.0
28.994884437,842384240749683760,842384240995262106,20,51,,,interpolated,625.0,-454.0,461.0
29.013775079,842384240768574402,842384240995262106,20,52,,,interpolated,559.0,-553.0,372.0
29.032665721,842384240787465044,842384240995262106,20,53,,,interpolated,591.0,-586.0,343.0
29.051556363,842384240806355686,842384240995262106,20,54,,,interpolated,712.0,-627.0,282.0
29.070447005,842384240825246328,842384240995262106,20,55,,,interpolated,683.0,-659.0,275.0
29.089337647,842384240844136970,842384240995262106,20,56,,,interpolated,714.0,-531.0,292.0
29.108228289,842384240863027612,842384240995262106,20,57,,,interpolated,849.0,-413.0,313.0
29.127118931,842384240881918254,842384240995262106,20,58,,,interpolated,722.0,-597.0,328.0
29.146009573,842384240900808896,842384240995262106,20,59,,,interpolated,634.0,-749.0,462.0
29.164900215,842384240919699538,842384240995262106,20,60,,,interpolated,578.0,-666.0,365.0
29.183790857,842384240938590180,842384240995262106,20,61,,,interpolated,751.0,-522.0,245.0
29.202681499,842384240957480822,842384240995262106,20,62,,,interpolated,738.0,-601.0,362.0
29.221572141,842384240976371464,842384240995262106,20,63,,,interpolated,729.0,-803.0,427.0
29.240462783,842384240995262106,842384240995262106,20,64,,,interpolated,730.0,-699.0,278.0
29.259353425,842384241014152748,842384242487622824,21,0,,,interpolated,709.0,-718.0,213.0
29.278244067,842384241033043390,842384242487622824,21,1,,,interpolated,658.0,-883.0,318.0
29.297134709,842384241051934032,842384242487622824,21,2,,,interpolated,548.0,-930.0,366.0
29.316025351,842384241070824674,842384242487622824,21,3,,,interpolated,406.0,-826.0,322.0
29.334915993,842384241089715316,842384242487622824,21,4,,,interpolated,337.0,-927.0,240.0
29.353806635,842384241108605958,842384242487622824,21,5,,,interpolated,400.0,-997.0,347.0
29.372697277,842384241127496600,842384242487622824,21,6,,,interpolated,393.0,-946.0,340.0
29.391587919,842384241146387242,842384242487622824,21,7,,,interpolated,312.0,-907.0,343.0
29.410478561,842384241165277884,842384242487622824,21,8,,,interpolated,123.0,-1028.0,159.0
29.429369203,842384241184168526,842384242487622824,21,9,,,interpolated,191.0,-961.0,72.0
29.448259845,842384241203059168,842384242487622824,21,10,,,interpolated,356.0,-880.0,131.0
29.467150487,842384241221949810,842384242487622824,21,11,,,interpolated,422.0,-908.0,149.0
29.486041129,842384241240840452,842384242487622824,21,12,,,interpolated,309.0,-924.0,174.0
29.504931771,842384241259731094,842384242487622824,21,13,,,interpolated,284.0,-881.0,140.0
29.523822413,842384241278621736,842384242487622824,21,14,,,interpolated,190.0,-857.0,91.0
29.542713055,842384241297512378,842384242487622824,21,15,,,interpolated,245.0,-920.0,48.0
29.561603697,842384241316403020,842384242487622824,21,16,,,interpolated,490.0,-814.0,114.0
29.580494339,842384241335293662,842384242487622824,21,17,,,interpolated,548.0,-790.0,273.0
29.599384981,842384241354184304,842384242487622824,21,18,,,interpolated,343.0,-910.0,284.0
29.618275623,842384241373074946,842384242487622824,21,19,,,interpolated,323.0,-939.0,89.0
29.637166265,842384241391965588,842384242487622824,21,20,,,interpolated,493.0,-837.0,-113.0
29.656056907,842384241410856230,842384242487622824,21,21,,,interpolated,591.0,-820.0,-166.0
29.674947549,842384241429746872,842384242487622824,21,22,,,interpolated,458.0,-916.0,-108.0
29.693838191,842384241448637514,842384242487622824,21,23,,,interpolated,332.0,-863.0,15.0
29.712728833,842384241467528156,842384242487622824,21,24,,,interpolated,380.0,-913.0,45.0
29.731619475,842384241486418798,842384242487622824,21,25,,,interpolated,433.0,-883.0,-82.0
29.750510117,842384241505309440,842384242487622824,21,26,,,interpolated,469.0,-849.0,-196.0
29.769400759,842384241524200082,842384242487622824,21,27,,,interpolated,482.0,-909.0,-173.0
29.788291401,842384241543090724,842384242487622824,21,28,,,interpolated,413.0,-889.0,-99.0
29.807182043,842384241561981366,842384242487622824,21,29,,,interpolated,381.0,-907.0,-87.0
29.826072685,842384241580872008,842384242487622824,21,30,,,interpolated,513.0,-873.0,-118.0
29.844963327,842384241599762650,842384242487622824,21,31,,,interpolated,555.0,-812.0,-175.0
29.863853969,842384241618653292,842384242487622824,21,32,,,interpolated,525.0,-806.0,-175.0
29.882744611,842384241637543934,842384242487622824,21,33,,,interpolated,517.0,-845.0,-146.0
29.901635253,842384241656434576,842384242487622824,21,34,,,interpolated,489.0,-822.0,-112.0
29.920525895,842384241675325218,842384242487622824,21,35,,,interpolated,448.0,-855.0,-65.0
29.939416537,842384241694215860,842384242487622824,21,36,,,interpolated,395.0,-864.0,-37.0
29.958307179,842384241713106502,842384242487622824,21,37,,,interpolated,399.0,-870.0,-51.0
29.977197821,842384241731997144,842384242487622824,21,38,,,interpolated,414.0,-888.0,-48.0
29.996088463,842384241750887786,842384242487622824,21,39,,,interpolated,401.0,-877.0,-68.0
30.014979105,842384241769778428,842384242487622824,21,40,,,interpolated,369.0,-880.0,-81.0
30.033869747,842384241788669070,842384242487622824,21,41,,,interpolated,301.0,-914.0,-64.0
30.052760389,842384241807559712,842384242487622824,21,42,,,interpolated,284.0,-954.0,-45.0
30.071651031,842384241826450354,842384242487622824,21,43,,,interpolated,290.0,-920.0,-52.0
30.090541673,842384241845340996,842384242487622824,21,44,,,interpolated,309.0,-894.0,-58.0
30.109432315,842384241864231638,842384242487622824,21,45,,,interpolated,375.0,-870.0,-82.0
30.128322957,842384241883122280,842384242487622824,21,46,,,interpolated,388.0,-870.0,-75.0
30.147213599,842384241902012922,842384242487622824,21,47,,,interpolated,337.0,-895.0,-52.0
30.166104241,842384241920903564,842384242487622824,21,48,,,interpolated,342.0,-884.0,41.0
30.184994883,842384241939794206,842384242487622824,21,49,,,interpolated,331.0,-889.0,46.0
30.203885525,842384241958684848,842384242487622824,21,50,,,interpolated,339.0,-924.0,14.0
30.222776167,842384241977575490,842384242487622824,21,51,,,interpolated,359.0,-879.0,24.0
30.241666809,842384241996466132,842384242487622824,21,52,,,interpolated,319.0,-887.0,24.0
30.260557451,842384242015356774,842384242487622824,21,53,,,interpolated,354.0,-897.0,19.0
30.279448093,842384242034247416,842384242487622824,21,54,,,interpolated,404.0,-888.0,-24.0
30.298338735,842384242053138058,842384242487622824,21,55,,,interpolated,363.0,-881.0,12.0
30.317229377,842384242072028700,842384242487622824,21,56,,,interpolated,331.0,-920.0,27.0
30.336120019,842384242090919342,842384242487622824,21,57,,,interpolated,334.0,-900.0,39.0
30.355010661,842384242109809984,842384242487622824,21,58,,,interpolated,356.0,-894.0,3.0
30.373901303,842384242128700626,842384242487622824,21,59,,,interpolated,383.0,-882.0,-9.0
30.392791945,842384242147591268,842384242487622824,21,60,,,interpolated,368.0,-924.0,-9.0
30.411682587,842384242166481910,842384242487622824,21,61,,,interpolated,323.0,-902.0,19.0
30.430573229,842384242185372552,842384242487622824,21,62,,,interpolated,320.0,-927.0,39.0
30.449463871,842384242204263194,842384242487622824,21,63,,,interpolated,334.0,-910.0,-4.0
30.468354513,842384242223153836,842384242487622824,21,64,,,interpolated,361.0,-907.0,-8.0
30.487245155,842384242242044478,842384242487622824,21,65,,,interpolated,330.0,-915.0,16.0
30.506135797,842384242260935120,842384242487622824,21,66,,,interpolated,299.0,-909.0,-13.0
30.525026439,842384242279825762,842384242487622824,21,67,,,interpolated,351.0,-895.0,-16.0
30.543917081,842384242298716404,842384242487622824,21,68,,,interpolated,414.0,-949.0,5.0
30.562807723,842384242317607046,842384242487622824,21,69,,,interpolated,371.0,-874.0,46.0
30.581698365,842384242336497688,842384242487622824,21,70,,,interpolated,324.0,-924.0,37.0
30.600589007,842384242355388330,842384242487622824,21,71,,,interpolated,321.0,-891.0,-8.0
30.619479649,842384242374278972,842384242487622824,21,72,,,interpolated,332.0,-920.0,-28.0
30.638370291,842384242393169614,842384242487622824,21,73,,,interpolated,358.0,-904.0,7.0
30.657260933,842384242412060256,842384242487622824,21,74,,,interpolated,398.0,-901.0,12.0
30.676151575,842384242430950898,842384242487622824,21,75,,,interpolated,405.0,-902.0,30.0
30.695042217,842384242449841540,842384242487622824,21,76,,,interpolated,361.0,-912.0,22.0
30.713932859,842384242468732182,842384242487622824,21,77,,,interpolated,337.0,-920.0,10.0
30.732823501,842384242487622824,842384242487622824,21,78,,,interpolated,338.0,-902.0,25.0
30.751714143,842384242506513466,842384244036655468,22,0,,,interpolated,339.0,-935.0,24.0
30.770604785,842384242525404108,842384244036655468,22,1,,,interpolated,322.0,-906.0,42.0
30.789495427,842384242544294750,842384244036655468,22,2,,,interpolated,292.0,-868.0,27.0
30.808386069,842384242563185392,842384244036655468,22,3,,,interpolated,346.0,-925.0,13.0
30.827276711,842384242582076034,842384244036655468,22,4,,,interpolated,366.0,-929.0,20.0
30.846167353,842384242600966676,842384244036655468,22,5,,,interpolated,319.0,-906.0,45.0
30.865057995,842384242619857318,842384244036655468,22,6,,,interpolated,283.0,-908.0,60.0
30.883948637,842384242638747960,842384244036655468,22,7,,,interpolated,288.0,-953.0,75.0
30.902839279,842384242657638602,842384244036655468,22,8,,,interpolated,287.0,-897.0,42.0
30.921729921,842384242676529244,842384244036655468,22,9,,,interpolated,305.0,-930.0,35.0
30.940620563,842384242695419886,842384244036655468,22,10,,,interpolated,337.0,-887.0,54.0
30.959511205,842384242714310528,842384244036655468,22,11,,,interpolated,329.0,-937.0,48.0
30.978401847,842384242733201170,842384244036655468,22,12,,,interpolated,309.0,-927.0,55.0
30.997292489,842384242752091812,842384244036655468,22,13,,,interpolated,269.0,-903.0,65.0
31.016183131,842384242770982454,842384244036655468,22,14,,,interpolated,280.0,-925.0,82.0
31.035073773,842384242789873096,842384244036655468,22,15,,,interpolated,316.0,-929.0,67.0
31.053964415,842384242808763738,842384244036655468,22,16,,,interpolated,329.0,-909.0,74.0
31.072855057,842384242827654380,842384244036655468,22,17,,,interpolated,313.0,-931.0,81.0
31.091745699,842384242846545022,842384244036655468,22,18,,,interpolated,285.0,-898.0,75.0
31.110636341,842384242865435664,842384244036655468,22,19,,,interpolated,280.0,-935.0,73.0
31.129526983,842384242884326306,842384244036655468,22,20,,,interpolated,286.0,-914.0,51.0
31.148417625,842384242903216948,842384244036655468,22,21,,,interpolated,314.0,-919.0,46.0
31.167308267,842384242922107590,842384244036655468,22,22,,,interpolated,314.0,-913.0,84.0
31.186198909,842384242940998232,842384244036655468,22,23,,,interpolated,307.0,-923.0,74.0
31.205089551,842384242959888874,842384244036655468,22,24,,,interpolated,283.0,-943.0,67.0
31.223980193,842384242978779516,842384244036655468,22,25,,,interpolated,290.0,-917.0,50.0
31.242870835,842384242997670158,842384244036655468,22,26,,,interpolated,301.0,-910.0,41.0
31.261761477,842384243016560800,842384244036655468,22,27,,,interpolated,320.0,-921.0,53.0
31.280652119,842384243035451442,842384244036655468,22,28,,,interpolated,339.0,-923.0,29.0
31.299542761,842384243054342084,842384244036655468,22,29,,,interpolated,325.0,-926.0,13.0
31.318433403,842384243073232726,842384244036655468,22,30,,,interpolated,326.0,-896.0,34.0
31.337324045,842384243092123368,842384244036655468,22,31,,,interpolated,318.0,-921.0,47.0
31.356214687,842384243111014010,842384244036655468,22,32,,,interpolated,329.0,-902.0,43.0
31.375105329,842384243129904652,842384244036655468,22,33,,,interpolated,333.0,-910.0,30.0
31.393995971,842384243148795294,842384244036655468,22,34,,,interpolated,335.0,-895.0,45.0
31.412886613,842384243167685936,842384244036655468,22,35,,,interpolated,296.0,-929.0,59.0
31.431777255,842384243186576578,842384244036655468,22,36,,,interpolated,296.0,-932.0,40.0
31.450667897,842384243205467220,842384244036655468,22,37,,,interpolated,359.0,-890.0,11.0
31.469558539,842384243224357862,842384244036655468,22,38,,,interpolated,384.0,-895.0,23.0
31.488449181,842384243243248504,842384244036655468,22,39,,,interpolated,324.0,-920.0,37.0
31.507339823,842384243262139146,842384244036655468,22,40,,,interpolated,299.0,-934.0,11.0
31.526230465,842384243281029788,842384244036655468,22,41,,,interpolated,315.0,-914.0,-5.0
31.545121107,842384243299920430,842384244036655468,22,42,,,interpolated,356.0,-907.0,-11.0
31.564011749,842384243318811072,842384244036655468,22,43,,,interpolated,367.0,-919.0,10.0
31.582902391,842384243337701714,842384244036655468,22,44,,,interpolated,356.0,-898.0,-19.0
31.601793033,842384243356592356,842384244036655468,22,45,,,interpolated,374.0,-887.0,-14.0
31.620683675,842384243375482998,842384244036655468,22,46,,,interpolated,355.0,-907.0,-4.0
31.639574317,842384243394373640,842384244036655468,22,47,,,interpolated,339.0,-900.0,-1.0
31.658464959,842384243413264282,842384244036655468,22,48,,,interpolated,347.0,-904.0,-13.0
31.677355601,842384243432154924,842384244036655468,22,49,,,interpolated,378.0,-889.0,-21.0
31.696246243,842384243451045566,842384244036655468,22,50,,,interpolated,376.0,-906.0,10.0
31.715136885,842384243469936208,842384244036655468,22,51,,,interpolated,336.0,-907.0,-3.0
31.734027527,842384243488826850,842384244036655468,22,52,,,interpolated,333.0,-901.0,-40.0
31.752918169,842384243507717492,842384244036655468,22,53,,,interpolated,369.0,-917.0,-23.0
31.771808811,842384243526608134,842384244036655468,22,54,,,interpolated,373.0,-879.0,-14.0
31.790699453,842384243545498776,842384244036655468,22,55,,,interpolated,365.0,-908.0,-19.0
31.809590095,842384243564389418,842384244036655468,22,56,,,interpolated,358.0,-894.0,-23.0
31.828480737,842384243583280060,842384244036655468,22,57,,,interpolated,361.0,-926.0,-29.0
31.847371379,842384243602170702,842384244036655468,22,58,,,interpolated,380.0,-883.0,-26.0
31.866262021,842384243621061344,842384244036655468,22,59,,,interpolated,358.0,-898.0,-5.0
31.885152663,842384243639951986,842384244036655468,22,60,,,interpolated,339.0,-885.0,-21.0
31.904043305,842384243658842628,842384244036655468,22,61,,,interpolated,358.0,-876.0,-44.0
31.922933947,842384243677733270,842384244036655468,22,62,,,interpolated,370.0,-880.0,-48.0
31.941824589,842384243696623912,842384244036655468,22,63,,,interpolated,414.0,-877.0,-35.0
31.960715231,842384243715514554,842384244036655468,22,64,,,interpolated,408.0,-885.0,-7.0
31.979605873,842384243734405196,842384244036655468,22,65,,,interpolated,382.0,-892.0,-21.0
31.998496515,842384243753295838,842384244036655468,22,66,,,interpolated,338.0,-876.0,-37.0
32.017387157,842384243772186480,842384244036655468,22,67,,,interpolated,353.0,-880.0,-48.0
32.036277799,842384243791077122,842384244036655468,22,68,,,interpolated,387.0,-890.0,-68.0
32.055168441,842384243809967764,842384244036655468,22,69,,,interpolated,394.0,-863.0,-57.0
32.074059083,842384243828858406,842384244036655468,22,70,,,interpolated,391.0,-891.0,-42.0
32.092949725,842384243847749048,842384244036655468,22,71,,,interpolated,403.0,-871.0,-47.0
32.111840367,842384243866639690,842384244036655468,22,72,,,interpolated,392.0,-904.0,-46.0
32.130731009,842384243885530332,842384244036655468,22,73,,,interpolated,367.0,-867.0,-59.0
32.149621651,842384243904420974,842384244036655468,22,74,,,interpolated,361.0,-870.0,-80.0
32.168512293,842384243923311616,842384244036655468,22,75,,,interpolated,389.0,-866.0,-67.0
32.187402935,842384243942202258,842384244036655468,22,76,,,interpolated,420.0,-857.0,-76.0
32.206293577,842384243961092900,842384244036655468,22,77,,,interpolated,447.0,-859.0,-67.0
32.225184219,842384243979983542,842384244036655468,22,78,,,interpolated,437.0,-856.0,-34.0
32.244074861,842384243998874184,842384244036655468,22,79,,,interpolated,449.0,-848.0,-59.0
32.262965503,842384244017764826,842384244036655468,22,80,,,interpolated,435.0,-880.0,-97.0
32.281856145,842384244036655468,842384244036655468,22,81,,,interpolated,237.0,-710.0,-18.0
32.300746787,842384244055546110,842384245245656556,23,0,,,interpolated,344.0,-1333.0,-2.0
32.319637429,842384244074436752,842384245245656556,23,1,,,interpolated,333.0,-726.0,-73.0
32.338528071,842384244093327394,842384245245656556,23,2,,,interpolated,344.0,-911.0,14.0
32.357418713,842384244112218036,842384245245656556,23,3,,,interpolated,338.0,-924.0,-65.0
32.376309355,842384244131108678,842384245245656556,23,4,,,interpolated,324.0,-873.0,-89.0
32.395199997,842384244149999320,842384245245656556,23,5,,,interpolated,377.0,-898.0,-116.0
32.414090639,842384244168889962,842384245245656556,23,6,,,interpolated,450.0,-848.0,-144.0
32.432981281,842384244187780604,842384245245656556,23,7,,,interpolated,529.0,-894.0,-156.0
32.451871923,842384244206671246,842384245245656556,23,8,,,interpolated,385.0,-830.0,-98.0
32.470762565,842384244225561888,842384245245656556,23,9,,,interpolated,190.0,-893.0,45.0
32.489653207,842384244244452530,842384245245656556,23,10,,,interpolated,138.0,-949.0,146.0
32.508543849,842384244263343172,842384245245656556,23,11,,,interpolated,187.0,-971.0,156.0
32.527434491,842384244282233814,842384245245656556,23,12,,,interpolated,260.0,-925.0,144.0
32.546325133,842384244301124456,842384245245656556,23,13,,,interpolated,304.0,-918.0,168.0
32.565215775,842384244320015098,842384245245656556,23,14,,,interpolated,338.0,-928.0,150.0
32.584106417,842384244338905740,842384245245656556,23,15,,,interpolated,393.0,-924.0,101.0
32.602997059,842384244357796382,842384245245656556,23,16,,,interpolated,395.0,-894.0,73.0
32.621887701,842384244376687024,842384245245656556,23,17,,,interpolated,423.0,-897.0,56.0
32.640778343,842384244395577666,842384245245656556,23,18,,,interpolated,380.0,-902.0,42.0
32.659668985,842384244414468308,842384245245656556,23,19,,,interpolated,331.0,-942.0,-13.0
32.678559627,842384244433358950,842384245245656556,23,20,,,interpolated,321.0,-920.0,-46.0
32.697450269,842384244452249592,842384245245656556,23,21,,,interpolated,335.0,-896.0,-99.0
32.716340911,842384244471140234,842384245245656556,23,22,,,interpolated,424.0,-934.0,-119.0
32.735231553,842384244490030876,842384245245656556,23,23,,,interpolated,440.0,-927.0,-152.0
32.754122195,842384244508921518,842384245245656556,23,24,,,interpolated,377.0,-919.0,-130.0
32.773012837,842384244527812160,842384245245656556,23,25,,,interpolated,318.0,-917.0,-97.0
32.791903479,842384244546702802,842384245245656556,23,26,,,interpolated,312.0,-926.0,-80.0
32.810794121,842384244565593444,842384245245656556,23,27,,,interpolated,366.0,-885.0,-130.0
32.829684763,842384244584484086,842384245245656556,23,28,,,interpolated,538.0,-880.0,-217.0
32.848575405,842384244603374728,842384245245656556,23,29,,,interpolated,791.0,-758.0,-208.0
32.867466047,842384244622265370,842384245245656556,23,30,,,interpolated,604.0,-835.0,-91.0
32.886356689,842384244641156012,842384245245656556,23,31,,,interpolated,250.0,-790.0,-295.0
32.905247331,842384244660046654,842384245245656556,23,32,,,interpolated,274.0,-755.0,-586.0
32.924137973,842384244678937296,842384245245656556,23,33,,,interpolated,859.0,-675.0,-765.0
32.943028615,842384244697827938,842384245245656556,23,34,,,interpolated,1251.0,-899.0,-800.0
32.961919257,842384244716718580,842384245245656556,23,35,,,interpolated,741.0,-943.0,-600.0
32.980809899,842384244735609222,842384245245656556,23,36,,,interpolated,423.0,-1039.0,-81.0
32.999700541,842384244754499864,842384245245656556,23,37,,,interpolated,12.0,-994.0,286.0
33.018591183,842384244773390506,842384245245656556,23,38,,,interpolated,-67.0,-1434.0,662.0
33.037481825,842384244792281148,842384245245656556,23,39,,,interpolated,-627.0,-1296.0,530.0
33.056372467,842384244811171790,842384245245656556,23,40,,,interpolated,-808.0,-1265.0,739.0
33.075263109,842384244830062432,842384245245656556,23,41,,,interpolated,-614.0,-1256.0,509.0
33.094153751,842384244848953074,842384245245656556,23,42,,,interpolated,-225.0,-1025.0,345.0
33.113044393,842384244867843716,842384245245656556,23,43,,,interpolated,182.0,-823.0,495.0
33.131935035,842384244886734358,842384245245656556,23,44,,,interpolated,537.0,-760.0,703.0
33.150825677,842384244905625000,842384245245656556,23,45,,,interpolated,596.0,-853.0,604.0
33.169716319,842384244924515642,842384245245656556,23,46,,,interpolated,528.0,-866.0,351.0
33.188606961,842384244943406284,842384245245656556,23,47,,,interpolated,611.0,-755.0,195.0
33.207497603,842384244962296926,842384245245656556,23,48,,,interpolated,667.0,-713.0,104.0
33.226388245,842384244981187568,842384245245656556,23,49,,,interpolated,546.0,-775.0,88.0
33.245278887,842384245000078210,842384245245656556,23,50,,,interpolated,459.0,-796.0,88.0
33.264169529,842384245018968852,842384245245656556,23,51,,,interpolated,517.0,-759.0,229.0
33.283060171,842384245037859494,842384245245656556,23,52,,,interpolated,590.0,-740.0,261.0
33.301950813,842384245056750136,842384245245656556,23,53,,,interpolated,668.0,-709.0,136.0
33.320841455,842384245075640778,842384245245656556,23,54,,,interpolated,730.0,-635.0,67.0
33.339732097,842384245094531420,842384245245656556,23,55,,,interpolated,772.0,-656.0,171.0
33.358622739,842384245113422062,842384245245656556,23,56,,,interpolated,643.0,-723.0,231.0
33.377513381,842384245132312704,842384245245656556,23,57,,,interpolated,549.0,-700.0,305.0
33.396404023,842384245151203346,842384245245656556,23,58,,,interpolated,484.0,-696.0,285.0
33.415294665,842384245170093988,842384245245656556,23,59,,,interpolated,445.0,-775.0,284.0
33.434185307,842384245188984630,842384245245656556,23,60,,,interpolated,488.0,-806.0,273.0
33.453075949,842384245207875272,842384245245656556,23,61,,,interpolated,516.0,-797.0,346.0
33.471966591,842384245226765914,842384245245656556,23,62,,,interpolated,520.0,-785.0,349.0
33.490857233,842384245245656556,842384245245656556,23,63,,,interpolated,520.0,-729.0,288.0
33.509747875,842384245264547198,842384246586892138,24,0,,,interpolated,515.0,-747.0,329.0
33.528638517,842384245283437840,842384246586892138,24,1,,,interpolated,535.0,-806.0,327.0
33.547529159,842384245302328482,842384246586892138,24,2,,,interpolated,487.0,-773.0,395.0
33.566419801,842384245321219124,842384246586892138,24,3,,,interpolated,527.0,-718.0,319.0
33.585310443,842384245340109766,842384246586892138,24,4,,,interpolated,568.0,-710.0,219.0
33.604201085,842384245359000408,842384246586892138,24,5,,,interpolated,624.0,-719.0,324.0
33.623091727,842384245377891050,842384246586892138,24,6,,,interpolated,596.0,-740.0,372.0
33.641982369,842384245396781692,842384246586892138,24,7,,,interpolated,555.0,-734.0,354.0
33.660873011,842384245415672334,842384246586892138,24,8,,,interpolated,558.0,-700.0,427.0
33.679763653,842384245434562976,842384246586892138,24,9,,,interpolated,583.0,-662.0,350.0
33.698654295,842384245453453618,842384246586892138,24,10,,,interpolated,610.0,-632.0,296.0
33.717544937,842384245472344260,842384246586892138,24,11,,,interpolated,704.0,-603.0,337.0
33.736435579,842384245491234902,842384246586892138,24,12,,,interpolated,658.0,-620.0,270.0
33.755326221,842384245510125544,842384246586892138,24,13,,,interpolated,699.0,-627.0,256.0
33.774216863,842384245529016186,842384246586892138,24,14,,,interpolated,699.0,-614.0,418.0
33.793107505,842384245547906828,842384246586892138,24,15,,,interpolated,606.0,-647.0,517.0
33.811998147,842384245566797470,842384246586892138,24,16,,,interpolated,551.0,-615.0,416.0
33.830888789,842384245585688112,842384246586892138,24,17,,,interpolated,698.0,-544.0,229.0
33.849779431,842384245604578754,842384246586892138,24,18,,,interpolated,818.0,-497.0,322.0
33.868670073,842384245623469396,842384246586892138,24,19,,,interpolated,719.0,-539.0,462.0
33.887560715,842384245642360038,842384246586892138,24,20,,,interpolated,653.0,-541.0,438.0
33.906451357,842384245661250680,842384246586892138,24,21,,,interpolated,629.0,-516.0,294.0
33.925341999,842384245680141322,842384246586892138,24,22,,,interpolated,729.0,-466.0,364.0
33.944232641,842384245699031964,842384246586892138,24,23,,,interpolated,731.0,-501.0,410.0
33.963123283,842384245717922606,842384246586892138,24,24,,,interpolated,751.0,-506.0,353.0
33.982013925,842384245736813248,842384246586892138,24,25,,,interpolated,792.0,-430.0,197.0
34.000904567,842384245755703890,842384246586892138,24,26,,,interpolated,844.0,-391.0,294.0
34.019795209,842384245774594532,842384246586892138,24,27,,,interpolated,756.0,-429.0,455.0
34.038685851,842384245793485174,842384246586892138,24,28,,,interpolated,708.0,-471.0,455.0
34.057576493,842384245812375816,842384246586892138,24,29,,,interpolated,700.0,-432.0,427.0
34.076467135,842384245831266458,842384246586892138,24,30,,,interpolated,751.0,-373.0,349.0
34.095357777,842384245850157100,842384246586892138,24,31,,,interpolated,836.0,-368.0,226.0
34.114248419,842384245869047742,842384246586892138,24,32,,,interpolated,844.0,-401.0,390.0
34.133139061,842384245887938384,842384246586892138,24,33,,,interpolated,739.0,-375.0,443.0
34.152029703,842384245906829026,842384246586892138,24,34,,,interpolated,782.0,-305.0,310.0
34.170920345,842384245925719668,842384246586892138,24,35,,,interpolated,812.0,-307.0,326.0
34.189810987,842384245944610310,842384246586892138,24,36,,,interpolated,823.0,-346.0,488.0
34.208701629,842384245963500952,842384246586892138,24,37,,,interpolated,805.0,-344.0,397.0
34.227592271,842384245982391594,842384246586892138,24,38,,,interpolated,785.0,-293.0,266.0
34.246482913,842384246001282236,842384246586892138,24,39,,,interpolated,812.0,-270.0,418.0
34.265373555,842384246020172878,842384246586892138,24,40,,,interpolated,789.0,-256.0,479.0
34.284264197,842384246039063520,842384246586892138,24,41,,,interpolated,819.0,-238.0,349.0
34.303154839,842384246057954162,842384246586892138,24,42,,,interpolated,800.0,-253.0,392.0
34.322045481,842384246076844804,842384246586892138,24,43,,,interpolated,766.0,-257.0,454.0
34.340936123,842384246095735446,842384246586892138,24,44,,,interpolated,905.0,-215.0,320.0
34.359826765,842384246114626088,842384246586892138,24,45,,,interpolated,947.0,-161.0,191.0
34.378717407,842384246133516730,842384246586892138,24,46,,,interpolated,838.0,-215.0,452.0
34.397608049,842384246152407372,842384246586892138,24,47,,,interpolated,754.0,-236.0,506.0
34.416498691,842384246171298014,842384246586892138,24,48,,,interpolated,726.0,-145.0,259.0
34.435389333,842384246190188656,842384246586892138,24,49,,,interpolated,843.0,-113.0,276.0
34.454279975,842384246209079298,842384246586892138,24,50,,,interpolated,814.0,-287.0,478.0
34.473170617,842384246227969940,842384246586892138,24,51,,,interpolated,660.0,-309.0,410.0
34.492061259,842384246246860582,842384246586892138,24,52,,,interpolated,669.0,-153.0,292.0
34.510951901,842384246265751224,842384246586892138,24,53,,,interpolated,842.0,-110.0,226.0
34.529842543,842384246284641866,842384246586892138,24,54,,,interpolated,844.0,-174.0,320.0
34.548733185,842384246303532508,842384246586892138,24,55,,,interpolated,795.0,-207.0,381.0
34.567623827,842384246322423150,842384246586892138,24,56,,,interpolated,783.0,-289.0,538.0
34.586514469,842384246341313792,842384246586892138,24,57,,,interpolated,678.0,-322.0,377.0
34.605405111,842384246360204434,842384246586892138,24,58,,,interpolated,668.0,-307.0,432.0
34.624295753,842384246379095076,842384246586892138,24,59,,,interpolated,738.0,-278.0,425.0
34.643186395,842384246397985718,842384246586892138,24,60,,,interpolated,904.0,-165.0,266.0
34.662077037,842384246416876360,842384246586892138,24,61,,,interpolated,961.0,-199.0,229.0
34.680967679,842384246435767002,842384246586892138,24,62,,,interpolated,862.0,-329.0,311.0
34.699858321,842384246454657644,842384246586892138,24,63,,,interpolated,804.0,-306.0,437.0
34.718748963,842384246473548286,842384246586892138,24,64,,,interpolated,705.0,-185.0,676.0
34.737639605,842384246492438928,842384246586892138,24,65,,,interpolated,756.0,-198.0,471.0
34.756530247,842384246511329570,842384246586892138,24,66,,,interpolated,901.0,-317.0,294.0
34.775420889,842384246530220212,842384246586892138,24,67,,,interpolated,893.0,-384.0,237.0
34.794311531,842384246549110854,842384246586892138,24,68,,,interpolated,912.0,-358.0,458.0
34.813202173,842384246568001496,842384246586892138,24,69,,,interpolated,802.0,-333.0,401.0
34.832092815,842384246586892138,842384246586892138,24,70,,,interpolated,771.0,-322.0,414.0
34.850983457,842384246605782780,842384247852565152,25,0,,,interpolated,841.0,-360.0,401.0
34.869874099,842384246624673422,842384247852565152,25,1,,,interpolated,867.0,-405.0,530.0
34.888764741,842384246643564064,842384247852565152,25,2,,,interpolated,861.0,-344.0,449.0
34.907655383,842384246662454706,842384247852565152,25,3,,,interpolated,889.0,-307.0,265.0
34.926546025,842384246681345348,842384247852565152,25,4,,,interpolated,917.0,-362.0,306.0
34.945436667,842384246700235990,842384247852565152,25,5,,,interpolated,859.0,-333.0,387.0
34.964327309,842384246719126632,842384247852565152,25,6,,,interpolated,855.0,-280.0,385.0
34.983217951,842384246738017274,842384247852565152,25,7,,,interpolated,818.0,-334.0,334.0
35.002108593,842384246756907916,842384247852565152,25,8,,,interpolated,818.0,-381.0,444.0
35.020999235,842384246775798558,842384247852565152,25,9,,,interpolated,820.0,-368.0,450.0
35.039889877,842384246794689200,842384247852565152,25,10,,,interpolated,728.0,-386.0,361.0
35.058780519,842384246813579842,842384247852565152,25,11,,,interpolated,730.0,-397.0,376.0
35.077671161,842384246832470484,842384247852565152,25,12,,,interpolated,760.0,-392.0,529.0
35.096561803,842384246851361126,842384247852565152,25,13,,,interpolated,741.0,-331.0,362.0
35.115452445,842384246870251768,842384247852565152,25,14,,,interpolated,768.0,-294.0,382.0
35.134343087,842384246889142410,842384247852565152,25,15,,,interpolated,796.0,-349.0,356.0
35.153233729,842384246908033052,842384247852565152,25,16,,,interpolated,749.0,-363.0,384.0
35.172124371,842384246926923694,842384247852565152,25,17,,,interpolated,721.0,-377.0,412.0
35.191015013,842384246945814336,842384247852565152,25,18,,,interpolated,695.0,-374.0,370.0
35.209905655,842384246964704978,842384247852565152,25,19,,,interpolated,780.0,-345.0,383.0
35.228796297,842384246983595620,842384247852565152,25,20,,,interpolated,840.0,-376.0,353.0
35.247686939,842384247002486262,842384247852565152,25,21,,,interpolated,733.0,-454.0,456.0
35.266577581,842384247021376904,842384247852565152,25,22,,,interpolated,645.0,-482.0,491.0
35.285468223,842384247040267546,842384247852565152,25,23,,,interpolated,623.0,-398.0,490.0
35.304358865,842384247059158188,842384247852565152,25,24,,,interpolated,707.0,-408.0,493.0
35.323249507,842384247078048830,842384247852565152,25,25,,,interpolated,729.0,-478.0,417.0
35.342140149,842384247096939472,842384247852565152,25,26,,,interpolated,779.0,-440.0,310.0
35.361030791,842384247115830114,842384247852565152,25,27,,,interpolated,729.0,-367.0,257.0
35.379921433,842384247134720756,842384247852565152,25,28,,,interpolated,788.0,-376.0,491.0
35.398812075,842384247153611398,842384247852565152,25,29,,,interpolated,713.0,-471.0,520.0
35.417702717,842384247172502040,842384247852565152,25,30,,,interpolated,664.0,-482.0,384.0
35.436593359,842384247191392682,842384247852565152,25,31,,,interpolated,763.0,-462.0,269.0
35.455484001,842384247210283324,842384247852565152,25,32,,,interpolated,761.0,-410.0,295.0
35.474374643,842384247229173966,842384247852565152,25,33,,,interpolated,784.0,-441.0,407.0
35.493265285,842384247248064608,842384247852565152,25,34,,,interpolated,724.0,-496.0,370.0
35.512155927,842384247266955250,842384247852565152,25,35,,,interpolated,707.0,-592.0,392.0
35.531046569,842384247285845892,842384247852565152,25,36,,,interpolated,607.0,-698.0,388.0
35.549937211,842384247304736534,842384247852565152,25,37,,,interpolated,506.0,-761.0,474.0
35.568827853,842384247323627176,842384247852565152,25,38,,,interpolated,389.0,-646.0,540.0
35.587718495,842384247342517818,842384247852565152,25,39,,,interpolated,327.0,-421.0,526.0
35.606609137,842384247361408460,842384247852565152,25,40,,,interpolated,306.0,-328.0,443.0
35.625499779,842384247380299102,842384247852565152,25,41,,,interpolated,266.0,-348.0,419.0
35.644390421,842384247399189744,842384247852565152,25,42,,,interpolated,351.0,-353.0,391.0
35.663281063,842384247418080386,842384247852565152,25,43,,,interpolated,210.0,-257.0,373.0
35.682171705,842384247436971028,842384247852565152,25,44,,,interpolated,-72.0,-30.0,127.0
35.701062347,842384247455861670,842384247852565152,25,45,,,interpolated,-512.0,197.0,305.0
35.719952989,842384247474752312,842384247852565152,25,46,,,interpolated,-920.0,277.0,-75.0
35.738843631,842384247493642954,842384247852565152,25,47,,,interpolated,-1148.0,313.0,-288.0
35.757734273,842384247512533596,842384247852565152,25,48,,,interpolated,-900.0,354.0,-384.0
35.776624915,842384247531424238,842384247852565152,25,49,,,interpolated,-620.0,380.0,-228.0
35.795515557,842384247550314880,842384247852565152,25,50,,,interpolated,-459.0,359.0,-155.0
35.814406199,842384247569205522,842384247852565152,25,51,,,interpolated,-179.0,298.0,-215.0
35.833296841,842384247588096164,842384247852565152,25,52,,,interpolated,451.0,180.0,-352.0
35.852187483,842384247606986806,842384247852565152,25,53,,,interpolated,1193.0,304.0,-337.0
35.871078125,842384247625877448,842384247852565152,25,54,,,interpolated,1917.0,323.0,-150.0
35.889968767,842384247644768090,842384247852565152,25,55,,,interpolated,2076.0,572.0,-449.0
35.908859409,842384247663658732,842384247852565152,25,56,,,interpolated,2255.0,1920.0,-301.0
35.927750051,842384247682549374,842384247852565152,25,57,,,interpolated,2630.0,2726.0,-341.0
35.946640693,842384247701440016,842384247852565152,25,58,,,interpolated,2674.0,2526.0,-70.0
35.965531335,842384247720330658,842384247852565152,25,59,,,interpolated,3036.0,1744.0,-601.0
35.984421977,842384247739221300,842384247852565152,25,60,,,interpolated,2846.0,1420.0,-527.0
36.003312619,842384247758111942,842384247852565152,25,61,,,interpolated,2148.0,1488.0,-619.0
36.022203261,842384247777002584,842384247852565152,25,62,,,interpolated,1033.0,2502.0,-761.0
36.041093903,842384247795893226,842384247852565152,25,63,,,interpolated,1466.0,2840.0,-818.0
36.059984545,842384247814783868,842384247852565152,25,64,,,interpolated,1071.0,2448.0,-607.0
36.078875187,842384247833674510,842384247852565152,25,65,,,interpolated,864.0,2003.0,-552.0
36.097765829,842384247852565152,842384247852565152,25,66,,,interpolated,1249.0,1982.0,-393.0
36.116656449,842384247871455772,842384249156017907,26,0,,,interpolated,1121.0,1302.0,-215.0
36.135547068,842384247890346391,842384249156017907,26,1,,,interpolated,539.0,779.0,-207.0
36.154437688,842384247909237011,842384249156017907,26,2,,,interpolated,262.0,804.0,-151.0
36.173328308,842384247928127631,842384249156017907,26,3,,,interpolated,130.0,719.0,-111.0
36.192218927,842384247947018250,842384249156017907,26,4,,,interpolated,45.0,594.0,-88.0
36.211109547,842384247965908870,842384249156017907,26,5,,,interpolated,-68.0,462.0,-53.0
36.230000166,842384247984799489,842384249156017907,26,6,,,interpolated,-165.0,390.0,-52.0
36.248890786,842384248003690109,842384249156017907,26,7,,,interpolated,-211.0,393.0,-92.0
36.267781406,842384248022580729,842384249156017907,26,8,,,interpolated,-230.0,385.0,-137.0
36.286672025,842384248041471348,842384249156017907,26,9,,,interpolated,-195.0,370.0,-154.0
36.305562645,842384248060361968,842384249156017907,26,10,,,interpolated,-98.0,385.0,-147.0
36.324453265,842384248079252588,842384249156017907,26,11,,,interpolated,-1.0,423.0,-155.0
36.343343884,842384248098143207,842384249156017907,26,12,,,interpolated,67.0,484.0,-164.0
36.362234504,842384248117033827,842384249156017907,26,13,,,interpolated,140.0,573.0,-210.0
36.381125124,842384248135924447,842384249156017907,26,14,,,interpolated,222.0,697.0,-292.0
36.400015743,842384248154815066,842384249156017907,26,15,,,interpolated,313.0,785.0,-451.0
36.418906363,842384248173705686,842384249156017907,26,16,,,interpolated,380.0,807.0,-616.0
36.437796982,842384248192596305,842384249156017907,26,17,,,interpolated,340.0,905.0,-715.0
36.456687602,842384248211486925,842384249156017907,26,18,,,interpolated,240.0,1060.0,-722.0
36.475578222,842384248230377545,842384249156017907,26,19,,,interpolated,110.0,1196.0,-709.0
36.494468841,842384248249268164,842384249156017907,26,20,,,interpolated,-25.0,1236.0,-709.0
36.513359461,842384248268158784,842384249156017907,26,21,,,interpolated,-143.0,1140.0,-667.0
36.532250081,842384248287049404,842384249156017907,26,22,,,interpolated,-177.0,1020.0,-593.0
36.5511407,842384248305940023,842384249156017907,26,23,,,interpolated,-153.0,934.0,-513.0
36.57003132,842384248324830643,842384249156017907,26,24,,,interpolated,-128.0,911.0,-437.0
36.58892194,842384248343721263,842384249156017907,26,25,,,interpolated,-125.0,873.0,-379.0
36.607812559,842384248362611882,842384249156017907,26,26,,,interpolated,-144.0,849.0,-341.0
36.626703179,842384248381502502,842384249156017907,26,27,,,interpolated,-156.0,881.0,-320.0
36.645593798,842384248400393121,842384249156017907,26,28,,,interpolated,-163.0,915.0,-312.0
36.664484418,842384248419283741,842384249156017907,26,29,,,interpolated,-174.0,954.0,-306.0
36.683375038,842384248438174361,842384249156017907,26,30,,,interpolated,-214.0,1002.0,-313.0
36.702265657,842384248457064980,842384249156017907,26,31,,,interpolated,-257.0,1066.0,-298.0
36.721156277,842384248475955600,842384249156017907,26,32,,,interpolated,-270.0,1068.0,-303.0
36.740046897,842384248494846220,842384249156017907,26,33,,,interpolated,-228.0,1051.0,-332.0
36.758937516,842384248513736839,842384249156017907,26,34,,,interpolated,-163.0,1090.0,-328.0
36.777828136,842384248532627459,842384249156017907,26,35,,,interpolated,-130.0,1233.0,-260.0
36.796718756,842384248551518079,842384249156017907,26,36,,,interpolated,-155.0,1316.0,-150.0
36.815609375,842384248570408698,842384249156017907,26,37,,,interpolated,-182.0,1305.0,-50.0
36.834499995,842384248589299318,842384249156017907,26,38,,,interpolated,-197.0,1311.0,51.0
36.853390615,842384248608189938,842384249156017907,26,39,,,interpolated,-192.0,1406.0,126.0
36.872281234,842384248627080557,842384249156017907,26,40,,,interpolated,-164.0,1514.0,152.0
36.891171854,842384248645971177,842384249156017907,26,41,,,interpolated,-98.0,1531.0,138.0
36.910062473,842384248664861796,842384249156017907,26,42,,,interpolated,-26.0,1495.0,92.0
36.928953093,842384248683752416,842384249156017907,26,43,,,interpolated,41.0,1421.0,46.0
36.947843713,842384248702643036,842384249156017907,26,44,,,interpolated,113.0,1326.0,-22.0
36.966734332,842384248721533655,842384249156017907,26,45,,,interpolated,166.0,1188.0,-92.0
36.985624952,842384248740424275,842384249156017907,26,46,,,interpolated,172.0,1044.0,-141.0
37.004515572,842384248759314895,842384249156017907,26,47,,,interpolated,149.0,894.0,-175.0
37.023406191,842384248778205514,842384249156017907,26,48,,,interpolated,132.0,797.0,-185.0
37.042296811,842384248797096134,842384249156017907,26,49,,,interpolated,127.0,746.0,-172.0
37.061187431,842384248815986754,842384249156017907,26,50,,,interpolated,151.0,716.0,-158.0
37.08007805,842384248834877373,842384249156017907,26,51,,,interpolated,166.0,710.0,-165.0
37.09896867,842384248853767993,842384249156017907,26,52,,,interpolated,178.0,733.0,-188.0
37.117859289,842384248872658612,842384249156017907,26,53,,,interpolated,182.0,755.0,-232.0
37.136749909,842384248891549232,842384249156017907,26,54,,,interpolated,174.0,801.0,-273.0
37.155640529,842384248910439852,842384249156017907,26,55,,,interpolated,172.0,850.0,-313.0
37.174531148,842384248929330471,842384249156017907,26,56,,,interpolated,174.0,882.0,-346.0
37.193421768,842384248948221091,842384249156017907,26,57,,,interpolated,156.0,980.0,-385.0
37.212312388,842384248967111711,842384249156017907,26,58,,,interpolated,165.0,1042.0,-415.0
37.231203007,842384248986002330,842384249156017907,26,59,,,interpolated,161.0,1050.0,-437.0
37.250093627,842384249004892950,842384249156017907,26,60,,,interpolated,158.0,1061.0,-443.0
37.268984247,842384249023783570,842384249156017907,26,61,,,interpolated,155.0,1116.0,-418.0
37.287874866,842384249042674189,842384249156017907,26,62,,,interpolated,171.0,1093.0,-382.0
37.306765486,842384249061564809,842384249156017907,26,63,,,interpolated,178.0,1034.0,-370.0
37.325656105,842384249080455428,842384249156017907,26,64,,,interpolated,178.0,974.0,-360.0
37.344546725,842384249099346048,842384249156017907,26,65,,,interpolated,175.0,907.0,-382.0
37.363437345,842384249118236668,842384249156017907,26,66,,,interpolated,149.0,1014.0,-409.0
37.382327964,842384249137127287,842384249156017907,26,67,,,interpolated,174.0,1179.0,-445.0
37.401218584,842384249156017907,842384249156017907,26,68,,,interpolated,377.0,984.0,-596.0
37.420108818,842384249174908141,842384250497224514,27,0,,,interpolated,495.0,594.0,-850.0
37.438999052,842384249193798375,842384250497224514,27,1,,,interpolated,341.0,581.0,-914.0
37.457889286,842384249212688609,842384250497224514,27,2,,,interpolated,-3.0,725.0,-713.0
37.47677952,842384249231578843,842384250497224514,27,3,,,interpolated,-368.0,933.0,-524.0
37.495669754,842384249250469077,842384250497224514,27,4,,,interpolated,-633.0,1061.0,-549.0
37.514559987,842384249269359310,842384250497224514,27,5,,,interpolated,-751.0,1153.0,-543.0
37.533450221,842384249288249544,842384250497224514,27,6,,,interpolated,-690.0,1114.0,-416.0
37.552340455,842384249307139778,842384250497224514,27,7,,,interpolated,-402.0,1034.0,-312.0
37.571230689,842384249326030012,842384250497224514,27,8,,,interpolated,-109.0,973.0,-236.0
37.590120923,842384249344920246,842384250497224514,27,9,,,interpolated,131.0,923.0,-165.0
37.609011157,842384249363810480,842384250497224514,27,10,,,interpolated,286.0,878.0,-105.0
37.627901391,842384249382700714,842384250497224514,27,11,,,interpolated,380.0,850.0,-78.0
37.646791625,842384249401590948,842384250497224514,27,12,,,interpolated,419.0,836.0,-86.0
37.665681859,842384249420481182,842384250497224514,27,13,,,interpolated,431.0,838.0,-112.0
37.684572093,842384249439371416,842384250497224514,27,14,,,interpolated,451.0,842.0,-114.0
37.703462326,842384249458261649,842384250497224514,27,15,,,interpolated,456.0,832.0,-124.0
37.72235256,842384249477151883,842384250497224514,27,16,,,interpolated,476.0,810.0,-147.0
37.741242794,842384249496042117,842384250497224514,27,17,,,interpolated,514.0,782.0,-198.0
37.760133028,842384249514932351,842384250497224514,27,18,,,interpolated,559.0,754.0,-276.0
37.779023262,842384249533822585,842384250497224514,27,19,,,interpolated,573.0,756.0,-348.0
37.797913496,842384249552712819,842384250497224514,27,20,,,interpolated,540.0,770.0,-377.0
37.81680373,842384249571603053,842384250497224514,27,21,,,interpolated,499.0,814.0,-386.0
37.835693964,842384249590493287,842384250497224514,27,22,,,interpolated,432.0,884.0,-397.0
37.854584198,842384249609383521,842384250497224514,27,23,,,interpolated,361.0,1143.0,-423.0
37.873474432,842384249628273755,842384250497224514,27,24,,,interpolated,173.0,1376.0,-450.0
37.892364665,842384249647163988,842384250497224514,27,25,,,interpolated,-21.0,1425.0,-518.0
37.911254899,842384249666054222,842384250497224514,27,26,,,interpolated,-152.0,1342.0,-589.0
37.930145133,842384249684944456,842384250497224514,27,27,,,interpolated,-284.0,1172.0,-644.0
37.949035367,842384249703834690,842384250497224514,27,28,,,interpolated,-470.0,1173.0,-588.0
37.967925601,842384249722724924,842384250497224514,27,29,,,interpolated,-593.0,1216.0,-447.0
37.986815835,842384249741615158,842384250497224514,27,30,,,interpolated,-613.0,1206.0,-345.0
38.005706069,842384249760505392,842384250497224514,27,31,,,interpolated,-551.0,1213.0,-283.0
38.024596303,842384249779395626,842384250497224514,27,32,,,interpolated,-406.0,1151.0,-255.0
38.043486537,842384249798285860,842384250497224514,27,33,,,interpolated,-226.0,1047.0,-259.0
38.062376771,842384249817176094,842384250497224514,27,34,,,interpolated,-84.0,936.0,-261.0
38.081267004,842384249836066327,842384250497224514,27,35,,,interpolated,11.0,833.0,-245.0
38.100157238,842384249854956561,842384250497224514,27,36,,,interpolated,49.0,784.0,-211.0
38.119047472,842384249873846795,842384250497224514,27,37,,,interpolated,38.0,775.0,-172.0
38.137937706,842384249892737029,842384250497224514,27,38,,,interpolated,1.0,805.0,-143.0
38.15682794,842384249911627263,842384250497224514,27,39,,,interpolated,-43.0,864.0,-134.0
38.175718174,842384249930517497,842384250497224514,27,40,,,interpolated,-92.0,932.0,-146.0
38.194608408,842384249949407731,842384250497224514,27,41,,,interpolated,-130.0,965.0,-176.0
38.213498642,842384249968297965,842384250497224514,27,42,,,interpolated,-145.0,1009.0,-181.0
38.232388876,842384249987188199,842384250497224514,27,43,,,interpolated,-125.0,1020.0,-236.0
38.25127911,842384250006078433,842384250497224514,27,44,,,interpolated,-82.0,993.0,-283.0
38.270169343,842384250024968666,842384250497224514,27,45,,,interpolated,-49.0,990.0,-295.0
38.289059577,842384250043858900,842384250497224514,27,46,,,interpolated,-52.0,1000.0,-302.0
38.307949811,842384250062749134,842384250497224514,27,47,,,interpolated,-59.0,1071.0,-325.0
38.326840045,842384250081639368,842384250497224514,27,48,,,interpolated,-56.0,1108.0,-384.0
38.345730279,842384250100529602,842384250497224514,27,49,,,interpolated,-45.0,1056.0,-431.0
38.364620513,842384250119419836,842384250497224514,27,50,,,interpolated,-42.0,1016.0,-493.0
38.383510747,842384250138310070,842384250497224514,27,51,,,interpolated,4.0,1223.0,-579.0
38.402400981,842384250157200304,842384250497224514,27,52,,,interpolated,141.0,1460.0,-572.0
38.421291215,842384250176090538,842384250497224514,27,53,,,interpolated,302.0,1208.0,-627.0
38.440181449,842384250194980772,842384250497224514,27,54,,,interpolated,390.0,859.0,-762.0
38.459071682,842384250213871005,842384250497224514,27,55,,,interpolated,376.0,648.0,-814.0
38.477961916,842384250232761239,842384250497224514,27,56,,,interpolated,308.0,607.0,-777.0
38.49685215,842384250251651473,842384250497224514,27,57,,,interpolated,219.0,732.0,-663.0
38.515742384,842384250270541707,842384250497224514,27,58,,,interpolated,121.0,817.0,-519.0
38.534632618,842384250289431941,842384250497224514,27,59,,,interpolated,26.0,894.0,-462.0
38.553522852,842384250308322175,842384250497224514,27,60,,,interpolated,-45.0,975.0,-435.0
38.572413086,842384250327212409,842384250497224514,27,61,,,interpolated,-65.0,958.0,-423.0
38.59130332,842384250346102643,842384250497224514,27,62,,,interpolated,-40.0,874.0,-407.0
38.610193554,842384250364992877,842384250497224514,27,63,,,interpolated,-2.0,801.0,-390.0
38.629083788,842384250383883111,842384250497224514,27,64,,,interpolated,49.0,775.0,-371.0
38.647974021,842384250402773344,842384250497224514,27,65,,,interpolated,60.0,788.0,-344.0
38.666864255,842384250421663578,842384250497224514,27,66,,,interpolated,78.0,790.0,-308.0
38.685754489,842384250440553812,842384250497224514,27,67,,,interpolated,89.0,794.0,-261.0
38.704644723,842384250459444046,842384250497224514,27,68,,,interpolated,98.0,788.0,-225.0
38.723534957,842384250478334280,842384250497224514,27,69,,,interpolated,119.0,822.0,-240.0
38.742425191,842384250497224514,842384250497224514,27,70,,,interpolated,106.0,869.0,-251.0
38.761315833,842384250516115156,842384251838460096,28,0,,,interpolated,99.0,901.0,-249.0
38.780206475,842384250535005798,842384251838460096,28,1,,,interpolated,95.0,914.0,-233.0
38.799097117,842384250553896440,842384251838460096,28,2,,,interpolated,105.0,923.0,-229.0
38.817987759,842384250572787082,842384251838460096,28,3,,,interpolated,156.0,903.0,-238.0
38.836878401,842384250591677724,842384251838460096,28,4,,,interpolated,212.0,887.0,-244.0
38.855769043,842384250610568366,842384251838460096,28,5,,,interpolated,219.0,905.0,-229.0
38.874659685,842384250629459008,842384251838460096,28,6,,,interpolated,158.0,943.0,-223.0
38.893550327,842384250648349650,842384251838460096,28,7,,,interpolated,53.0,1007.0,-219.0
38.912440969,842384250667240292,842384251838460096,28,8,,,interpolated,-26.0,1051.0,-190.0
38.931331611,842384250686130934,842384251838460096,28,9,,,interpolated,-31.0,1279.0,-157.0
38.950222253,842384250705021576,842384251838460096,28,10,,,interpolated,-43.0,1471.0,-51.0
38.969112895,842384250723912218,842384251838460096,28,11,,,interpolated,1.0,1445.0,-70.0
38.988003537,842384250742802860,842384251838460096,28,12,,,interpolated,128.0,1397.0,-186.0
39.006894179,842384250761693502,842384251838460096,28,13,,,interpolated,267.0,1403.0,-346.0
39.025784821,842384250780584144,842384251838460096,28,14,,,interpolated,207.0,1407.0,-391.0
39.044675463,842384250799474786,842384251838460096,28,15,,,interpolated,-49.0,1445.0,-324.0
39.063566105,842384250818365428,842384251838460096,28,16,,,interpolated,-333.0,1537.0,-270.0
39.082456747,842384250837256070,842384251838460096,28,17,,,interpolated,-471.0,1497.0,-262.0
39.101347389,842384250856146712,842384251838460096,28,18,,,interpolated,-441.0,1326.0,-257.0
39.120238031,842384250875037354,842384251838460096,28,19,,,interpolated,-341.0,1134.0,-236.0
39.139128673,842384250893927996,842384251838460096,28,20,,,interpolated,-238.0,950.0,-228.0
39.158019315,842384250912818638,842384251838460096,28,21,,,interpolated,-151.0,824.0,-205.0
39.176909957,842384250931709280,842384251838460096,28,22,,,interpolated,-119.0,763.0,-158.0
39.195800599,842384250950599922,842384251838460096,28,23,,,interpolated,-122.0,767.0,-120.0
39.214691241,842384250969490564,842384251838460096,28,24,,,interpolated,-147.0,803.0,-110.0
39.233581883,842384250988381206,842384251838460096,28,25,,,interpolated,-175.0,883.0,-125.0
39.252472525,842384251007271848,842384251838460096,28,26,,,interpolated,-205.0,951.0,-147.0
39.271363167,842384251026162490,842384251838460096,28,27,,,interpolated,-231.0,983.0,-183.0
39.290253809,842384251045053132,842384251838460096,28,28,,,interpolated,-267.0,1002.0,-233.0
39.309144451,842384251063943774,842384251838460096,28,29,,,interpolated,-303.0,1035.0,-293.0
39.328035093,842384251082834416,842384251838460096,28,30,,,interpolated,-303.0,1068.0,-361.0
39.346925735,842384251101725058,842384251838460096,28,31,,,interpolated,-281.0,1083.0,-422.0
39.365816377,842384251120615700,842384251838460096,28,32,,,interpolated,-215.0,1046.0,-507.0
39.384707019,842384251139506342,842384251838460096,28,33,,,interpolated,-156.0,1002.0,-578.0
39.403597661,842384251158396984,842384251838460096,28,34,,,interpolated,-34.0,1042.0,-747.0
39.422488303,842384251177287626,842384251838460096,28,35,,,interpolated,245.0,1220.0,-839.0
39.441378945,842384251196178268,842384251838460096,28,36,,,interpolated,548.0,1158.0,-691.0
39.460269587,842384251215068910,842384251838460096,28,37,,,interpolated,537.0,771.0,-841.0
39.479160229,842384251233959552,842384251838460096,28,38,,,interpolated,419.0,503.0,-735.0
39.498050871,842384251252850194,842384251838460096,28,39,,,interpolated,309.0,549.0,-529.0
39.516941513,842384251271740836,842384251838460096,28,40,,,interpolated,152.0,830.0,-491.0
39.535832155,842384251290631478,842384251838460096,28,41,,,interpolated,54.0,1045.0,-465.0
39.554722797,842384251309522120,842384251838460096,28,42,,,interpolated,-33.0,1146.0,-354.0
39.573613439,842384251328412762,842384251838460096,28,43,,,interpolated,4.0,1127.0,-381.0
39.592504081,842384251347303404,842384251838460096,28,44,,,interpolated,103.0,989.0,-424.0
39.611394723,842384251366194046,842384251838460096,28,45,,,interpolated,144.0,845.0,-373.0
39.630285365,842384251385084688,842384251838460096,28,46,,,interpolated,70.0,751.0,-299.0
39.649176007,842384251403975330,842384251838460096,28,47,,,interpolated,-57.0,708.0,-226.0
39.668066649,842384251422865972,842384251838460096,28,48,,,interpolated,-191.0,724.0,-203.0
39.686957291,842384251441756614,842384251838460096,28,49,,,interpolated,-236.0,746.0,-202.0
39.705847933,842384251460647256,842384251838460096,28,50,,,interpolated,-180.0,788.0,-208.0
39.724738575,842384251479537898,842384251838460096,28,51,,,interpolated,-78.0,828.0,-202.0
39.743629217,842384251498428540,842384251838460096,28,52,,,interpolated,-10.0,884.0,-213.0
39.762519859,842384251517319182,842384251838460096,28,53,,,interpolated,-14.0,917.0,-226.0
39.781410501,842384251536209824,842384251838460096,28,54,,,interpolated,-25.0,927.0,-242.0
39.800301143,842384251555100466,842384251838460096,28,55,,,interpolated,1.0,939.0,-282.0
39.819191785,842384251573991108,842384251838460096,28,56,,,interpolated,42.0,973.0,-310.0
39.838082427,842384251592881750,842384251838460096,28,57,,,interpolated,78.0,1003.0,-328.0
39.856973069,842384251611772392,842384251838460096,28,58,,,interpolated,112.0,1025.0,-308.0
39.875863711,842384251630663034,842384251838460096,28,59,,,interpolated,134.0,1017.0,-287.0
39.894754353,842384251649553676,842384251838460096,28,60,,,interpolated,129.0,1004.0,-256.0
39.913644995,842384251668444318,842384251838460096,28,61,,,interpolated,166.0,1108.0,-235.0
39.932535637,842384251687334960,842384251838460096,28,62,,,interpolated,148.0,1403.0,-142.0
39.951426279,842384251706225602,842384251838460096,28,63,,,interpolated,143.0,1477.0,-95.0
39.970316921,842384251725116244,842384251838460096,28,64,,,interpolated,179.0,1355.0,-135.0
39.989207563,842384251744006886,842384251838460096,28,65,,,interpolated,163.0,1274.0,-239.0
40.008098205,842384251762897528,842384251838460096,28,66,,,interpolated,195.0,1280.0,-333.0
40.026988847,842384251781788170,842384251838460096,28,67,,,interpolated,120.0,1358.0,-326.0
40.045879489,842384251800678812,842384251838460096,28,68,,,interpolated,-78.0,1420.0,-294.0
40.064770131,842384251819569454,842384251838460096,28,69,,,interpolated,-278.0,1456.0,-293.0
40.083660773,842384251838460096,842384251838460096,28,70,,,interpolated,-271.0,1367.0,-283.0
40.102551415,842384251857350738,842384253141914394,29,0,,,interpolated,-155.0,1139.0,-314.0
40.121442057,842384251876241380,842384253141914394,29,1,,,interpolated,-89.0,939.0,-335.0
40.140332699,842384251895132022,842384253141914394,29,2,,,interpolated,-64.0,780.0,-337.0
40.159223341,842384251914022664,842384253141914394,29,3,,,interpolated,-63.0,658.0,-292.0
40.178113983,842384251932913306,842384253141914394,29,4,,,interpolated,-100.0,609.0,-220.0
40.197004625,842384251951803948,842384253141914394,29,5,,,interpolated,-144.0,625.0,-163.0
40.215895267,842384251970694590,842384253141914394,29,6,,,interpolated,-161.0,689.0,-137.0
40.234785909,842384251989585232,842384253141914394,29,7,,,interpolated,-173.0,746.0,-123.0
40.253676551,842384252008475874,842384253141914394,29,8,,,interpolated,-171.0,802.0,-142.0
40.272567193,842384252027366516,842384253141914394,29,9,,,interpolated,-181.0,849.0,-140.0
40.291457835,842384252046257158,842384253141914394,29,10,,,interpolated,-156.0,936.0,-145.0
40.310348477,842384252065147800,842384253141914394,29,11,,,interpolated,-103.0,1030.0,-211.0
40.329239119,842384252084038442,842384253141914394,29,12,,,interpolated,-30.0,1136.0,-295.0
40.348129761,842384252102929084,842384253141914394,29,13,,,interpolated,25.0,1147.0,-383.0
40.367020403,842384252121819726,842384253141914394,29,14,,,interpolated,47.0,1147.0,-460.0
40.385911045,842384252140710368,842384253141914394,29,15,,,interpolated,64.0,1115.0,-516.0
40.404801687,842384252159601010,842384253141914394,29,16,,,interpolated,146.0,1189.0,-610.0
40.423692329,842384252178491652,842384253141914394,29,17,,,interpolated,234.0,1514.0,-722.0
40.442582971,842384252197382294,842384253141914394,29,18,,,interpolated,370.0,1431.0,-817.0
40.461473613,842384252216272936,842384253141914394,29,19,,,interpolated,386.0,1033.0,-852.0
40.480364255,842384252235163578,842384253141914394,29,20,,,interpolated,271.0,690.0,-869.0
40.499254897,842384252254054220,842384253141914394,29,21,,,interpolated,167.0,630.0,-799.0
40.518145539,842384252272944862,842384253141914394,29,22,,,interpolated,98.0,765.0,-607.0
40.537036181,842384252291835504,842384253141914394,29,23,,,interpolated,111.0,1012.0,-420.0
40.555926823,842384252310726146,842384253141914394,29,24,,,interpolated,101.0,1058.0,-359.0
40.574817465,842384252329616788,842384253141914394,29,25,,,interpolated,69.0,990.0,-402.0
40.593708107,842384252348507430,842384253141914394,29,26,,,interpolated,-2.0,902.0,-397.0
40.612598749,842384252367398072,842384253141914394,29,27,,,interpolated,12.0,805.0,-328.0
40.631489391,842384252386288714,842384253141914394,29,28,,,interpolated,82.0,723.0,-262.0
40.650380033,842384252405179356,842384253141914394,29,29,,,interpolated,101.0,641.0,-213.0
40.669270675,842384252424069998,842384253141914394,29,30,,,interpolated,96.0,634.0,-189.0
40.688161317,842384252442960640,842384253141914394,29,31,,,interpolated,129.0,659.0,-185.0
40.707051959,842384252461851282,842384253141914394,29,32,,,interpolated,195.0,690.0,-174.0
40.725942601,842384252480741924,842384253141914394,29,33,,,interpolated,244.0,687.0,-163.0
40.744833243,842384252499632566,842384253141914394,29,34,,,interpolated,262.0,706.0,-182.0
40.763723885,842384252518523208,842384253141914394,29,35,,,interpolated,266.0,759.0,-219.0
40.782614527,842384252537413850,842384253141914394,29,36,,,interpolated,305.0,839.0,-246.0
40.801505169,842384252556304492,842384253141914394,29,37,,,interpolated,344.0,942.0,-303.0
40.820395811,842384252575195134,842384253141914394,29,38,,,interpolated,362.0,1011.0,-355.0
40.839286453,842384252594085776,842384253141914394,29,39,,,interpolated,413.0,1041.0,-391.0
40.858177095,842384252612976418,842384253141914394,29,40,,,interpolated,431.0,1044.0,-378.0
40.877067737,842384252631867060,842384253141914394,29,41,,,interpolated,411.0,1030.0,-360.0
40.895958379,842384252650757702,842384253141914394,29,42,,,interpolated,381.0,1059.0,-338.0
40.914849021,842384252669648344,842384253141914394,29,43,,,interpolated,341.0,1350.0,-320.0
40.933739663,842384252688538986,842384253141914394,29,44,,,interpolated,242.0,1448.0,-274.0
40.952630305,842384252707429628,842384253141914394,29,45,,,interpolated,221.0,1338.0,-273.0
40.971520947,842384252726320270,842384253141914394,29,46,,,interpolated,168.0,1159.0,-349.0
40.990411589,842384252745210912,842384253141914394,29,47,,,interpolated,101.0,1097.0,-450.0
41.009302231,842384252764101554,842384253141914394,29,48,,,interpolated,-62.0,1201.0,-376.0
41.028192873,842384252782992196,842384253141914394,29,49,,,interpolated,-249.0,1202.0,-293.0
41.047083515,842384252801882838,842384253141914394,29,50,,,interpolated,-375.0,1230.0,-224.0
41.065974157,842384252820773480,842384253141914394,29,51,,,interpolated,-432.0,1221.0,-222.0
41.084864799,842384252839664122,842384253141914394,29,52,,,interpolated,-402.0,1093.0,-234.0
41.103755441,842384252858554764,842384253141914394,29,53,,,interpolated,-304.0,976.0,-238.0
41.122646083,842384252877445406,842384253141914394,29,54,,,interpolated,-187.0,861.0,-253.0
41.141536725,842384252896336048,842384253141914394,29,55,,,interpolated,-79.0,778.0,-278.0
41.160427367,842384252915226690,842384253141914394,29,56,,,interpolated,3.0,733.0,-276.0
41.179318009,842384252934117332,842384253141914394,29,57,,,interpolated,42.0,733.0,-252.0
41.198208651,842384252953007974,842384253141914394,29,58,,,interpolated,36.0,776.0,-219.0
41.217099293,842384252971898616,842384253141914394,29,59,,,interpolated,14.0,816.0,-200.0
41.235989935,842384252990789258,842384253141914394,29,60,,,interpolated,-9.0,872.0,-187.0
41.254880577,842384253009679900,842384253141914394,29,61,,,interpolated,-31.0,931.0,-177.0
41.273771219,842384253028570542,842384253141914394,29,62,,,interpolated,-48.0,972.0,-185.0
41.292661861,842384253047461184,842384253141914394,29,63,,,interpolated,-56.0,1017.0,-196.0
41.311552503,842384253066351826,842384253141914394,29,64,,,interpolated,-59.0,1038.0,-220.0
41.330443145,842384253085242468,842384253141914394,29,65,,,interpolated,-53.0,1106.0,-248.0
41.349333787,842384253104133110,842384253141914394,29,66,,,interpolated,-35.0,1158.0,-280.0
41.368224429,842384253123023752,842384253141914394,29,67,,,interpolated,-27.0,1145.0,-312.0
41.387115071,842384253141914394,842384253141914394,29,68,,,interpolated,-4.0,1127.0,-347.0
41.406005713,842384253160805036,842384254464259334,30,0,,,interpolated,29.0,1163.0,-408.0
41.424896355,842384253179695678,842384254464259334,30,1,,,interpolated,126.0,1394.0,-467.0
41.443786997,842384253198586320,842384254464259334,30,2,,,interpolated,318.0,1461.0,-517.0
41.462677639,842384253217476962,842384254464259334,30,3,,,interpolated,437.0,1101.0,-628.0
41.481568281,842384253236367604,842384254464259334,30,4,,,interpolated,415.0,811.0,-751.0
41.500458923,842384253255258246,842384254464259334,30,5,,,interpolated,358.0,849.0,-751.0
41.519349565,842384253274148888,842384254464259334,30,6,,,interpolated,259.0,915.0,-590.0
41.538240207,842384253293039530,842384254464259334,30,7,,,interpolated,141.0,1011.0,-405.0
41.557130849,842384253311930172,842384254464259334,30,8,,,interpolated,38.0,1074.0,-332.0
41.576021491,842384253330820814,842384254464259334,30,9,,,interpolated,-19.0,1104.0,-324.0
41.594912133,842384253349711456,842384254464259334,30,10,,,interpolated,6.0,1080.0,-266.0
41.613802775,842384253368602098,842384254464259334,30,11,,,interpolated,83.0,972.0,-212.0
41.632693417,842384253387492740,842384254464259334,30,12,,,interpolated,157.0,865.0,-157.0
41.651584059,842384253406383382,842384254464259334,30,13,,,interpolated,217.0,775.0,-134.0
41.670474701,842384253425274024,842384254464259334,30,14,,,interpolated,254.0,714.0,-132.0
41.689365343,842384253444164666,842384254464259334,30,15,,,interpolated,223.0,697.0,-133.0
41.708255985,842384253463055308,842384254464259334,30,16,,,interpolated,141.0,702.0,-131.0
41.727146627,842384253481945950,842384254464259334,30,17,,,interpolated,45.0,714.0,-135.0
41.746037269,842384253500836592,842384254464259334,30,18,,,interpolated,-36.0,754.0,-145.0
41.764927911,842384253519727234,842384254464259334,30,19,,,interpolated,-83.0,811.0,-182.0
41.783818553,842384253538617876,842384254464259334,30,20,,,interpolated,-86.0,865.0,-231.0
41.802709195,842384253557508518,842384254464259334,30,21,,,interpolated,-57.0,905.0,-285.0
41.821599837,842384253576399160,842384254464259334,30,22,,,interpolated,29.0,926.0,-338.0
41.840490479,842384253595289802,842384254464259334,30,23,,,interpolated,137.0,952.0,-375.0
41.859381121,842384253614180444,842384254464259334,30,24,,,interpolated,223.0,998.0,-349.0
41.878271763,842384253633071086,842384254464259334,30,25,,,interpolated,276.0,1017.0,-286.0
41.897162405,842384253651961728,842384254464259334,30,26,,,interpolated,282.0,1011.0,-238.0
41.916053047,842384253670852370,842384254464259334,30,27,,,interpolated,283.0,968.0,-211.0
41.934943689,842384253689743012,842384254464259334,30,28,,,interpolated,341.0,992.0,-173.0
41.953834331,842384253708633654,842384254464259334,30,29,,,interpolated,381.0,1256.0,-54.0
41.972724973,842384253727524296,842384254464259334,30,30,,,interpolated,399.0,1299.0,2.0
41.991615615,842384253746414938,842384254464259334,30,31,,,interpolated,339.0,1273.0,-58.0
42.010506257,842384253765305580,842384254464259334,30,32,,,interpolated,298.0,1382.0,-130.0
42.029396899,842384253784196222,842384254464259334,30,33,,,interpolated,274.0,1417.0,-221.0
42.048287541,842384253803086864,842384254464259334,30,34,,,interpolated,104.0,1472.0,-211.0
42.067178183,842384253821977506,842384254464259334,30,35,,,interpolated,-102.0,1595.0,-191.0
42.086068825,842384253840868148,842384254464259334,30,36,,,interpolated,-256.0,1565.0,-235.0
42.104959467,842384253859758790,842384254464259334,30,37,,,interpolated,-294.0,1393.0,-246.0
42.123850109,842384253878649432,842384254464259334,30,38,,,interpolated,-247.0,1177.0,-240.0
42.142740751,842384253897540074,842384254464259334,30,39,,,interpolated,-142.0,968.0,-212.0
42.161631393,842384253916430716,842384254464259334,30,40,,,interpolated,-43.0,804.0,-177.0
42.180522035,842384253935321358,842384254464259334,30,41,,,interpolated,-20.0,737.0,-123.0
42.199412677,842384253954212000,842384254464259334,30,42,,,interpolated,-50.0,728.0,-67.0
42.218303319,842384253973102642,842384254464259334,30,43,,,interpolated,-102.0,766.0,-30.0
42.237193961,842384253991993284,842384254464259334,30,44,,,interpolated,-157.0,830.0,-3.0
42.256084603,842384254010883926,842384254464259334,30,45,,,interpolated,-201.0,910.0,-5.0
42.274975245,842384254029774568,842384254464259334,30,46,,,interpolated,-223.0,975.0,-19.0
42.293865887,842384254048665210,842384254464259334,30,47,,,interpolated,-218.0,1011.0,-55.0
42.312756529,842384254067555852,842384254464259334,30,48,,,interpolated,-184.0,1008.0,-108.0
42.331647171,842384254086446494,842384254464259334,30,49,,,interpolated,-142.0,1017.0,-173.0
42.350537813,842384254105337136,842384254464259334,30,50,,,interpolated,-86.0,1014.0,-235.0
42.369428455,842384254124227778,842384254464259334,30,51,,,interpolated,-44.0,1024.0,-293.0
42.388319097,842384254143118420,842384254464259334,30,52,,,interpolated,-21.0,992.0,-339.0
42.407209739,842384254162009062,842384254464259334,30,53,,,interpolated,9.0,1006.0,-379.0
42.426100381,842384254180899704,842384254464259334,30,54,,,interpolated,63.0,1117.0,-456.0
42.444991023,842384254199790346,842384254464259334,30,55,,,interpolated,218.0,1355.0,-502.0
42.463881665,842384254218680988,842384254464259334,30,56,,,interpolated,415.0,1365.0,-584.0
42.482772307,842384254237571630,842384254464259334,30,57,,,interpolated,536.0,1081.0,-747.0
42.501662949,842384254256462272,842384254464259334,30,58,,,interpolated,545.0,876.0,-797.0
42.520553591,842384254275352914,842384254464259334,30,59,,,interpolated,481.0,825.0,-672.0
42.539444233,842384254294243556,842384254464259334,30,60,,,interpolated,310.0,778.0,-483.0
42.558334875,842384254313134198,842384254464259334,30,61,,,interpolated,83.0,916.0,-293.0
42.577225517,842384254332024840,842384254464259334,30,62,,,interpolated,-130.0,1049.0,-223.0
42.596116159,842384254350915482,842384254464259334,30,63,,,interpolated,-273.0,1127.0,-235.0
42.615006801,842384254369806124,842384254464259334,30,64,,,interpolated,-309.0,1079.0,-221.0
42.633897443,842384254388696766,842384254464259334,30,65,,,interpolated,-246.0,990.0,-199.0
42.652788085,842384254407587408,842384254464259334,30,66,,,interpolated,-123.0,929.0,-206.0
42.671678727,842384254426478050,842384254464259334,30,67,,,interpolated,3.0,871.0,-217.0
42.690569369,842384254445368692,842384254464259334,30,68,,,interpolated,123.0,850.0,-203.0
42.709460011,842384254464259334,842384254464259334,30,69,,,interpolated,215.0,850.0,-166.0
42.728350653,842384254483149976,842384255824385558,31,0,,,interpolated,267.0,854.0,-141.0
42.747241295,842384254502040618,842384255824385558,31,1,,,interpolated,292.0,859.0,-119.0
42.766131937,842384254520931260,842384255824385558,31,2,,,interpolated,307.0,885.0,-112.0
42.785022579,842384254539821902,842384255824385558,31,3,,,interpolated,275.0,926.0,-113.0
42.803913221,842384254558712544,842384255824385558,31,4,,,interpolated,257.0,943.0,-100.0
42.822803863,842384254577603186,842384255824385558,31,5,,,interpolated,217.0,990.0,-93.0
42.841694505,842384254596493828,842384255824385558,31,6,,,interpolated,188.0,1003.0,-90.0
42.860585147,842384254615384470,842384255824385558,31,7,,,interpolated,160.0,996.0,-92.0
42.879475789,842384254634275112,842384255824385558,31,8,,,interpolated,140.0,979.0,-104.0
42.898366431,842384254653165754,842384255824385558,31,9,,,interpolated,128.0,984.0,-114.0
42.917257073,842384254672056396,842384255824385558,31,10,,,interpolated,125.0,969.0,-122.0
42.936147715,842384254690947038,842384255824385558,31,11,,,interpolated,131.0,977.0,-131.0
42.955038357,842384254709837680,842384255824385558,31,12,,,interpolated,124.0,986.0,-142.0
42.973928999,842384254728728322,842384255824385558,31,13,,,interpolated,120.0,993.0,-162.0
42.992819641,842384254747618964,842384255824385558,31,14,,,interpolated,106.0,1013.0,-185.0
43.011710283,842384254766509606,842384255824385558,31,15,,,interpolated,79.0,1025.0,-214.0
43.030600925,842384254785400248,842384255824385558,31,16,,,interpolated,85.0,1171.0,-228.0
43.049491567,842384254804290890,842384255824385558,31,17,,,interpolated,63.0,1413.0,-190.0
43.068382209,842384254823181532,842384255824385558,31,18,,,interpolated,-3.0,1483.0,-212.0
43.087272851,842384254842072174,842384255824385558,31,19,,,interpolated,-51.0,1339.0,-285.0
43.106163493,842384254860962816,842384255824385558,31,20,,,interpolated,-16.0,1282.0,-407.0
43.125054135,842384254879853458,842384255824385558,31,21,,,interpolated,50.0,1312.0,-351.0
43.143944777,842384254898744100,842384255824385558,31,22,,,interpolated,51.0,1320.0,-324.0
43.162835419,842384254917634742,842384255824385558,31,23,,,interpolated,-62.0,1288.0,-303.0
43.181726061,842384254936525384,842384255824385558,31,24,,,interpolated,-140.0,1248.0,-246.0
43.200616703,842384254955416026,842384255824385558,31,25,,,interpolated,-203.0,1200.0,-194.0
43.219507345,842384254974306668,842384255824385558,31,26,,,interpolated,-233.0,1043.0,-207.0
43.238397987,842384254993197310,842384255824385558,31,27,,,interpolated,-236.0,945.0,-202.0
43.257288629,842384255012087952,842384255824385558,31,28,,,interpolated,-192.0,873.0,-223.0
43.276179271,842384255030978594,842384255824385558,31,29,,,interpolated,-161.0,802.0,-213.0
43.295069913,842384255049869236,842384255824385558,31,30,,,interpolated,-171.0,752.0,-249.0
43.313960555,842384255068759878,842384255824385558,31,31,,,interpolated,-165.0,720.0,-279.0
43.332851197,842384255087650520,842384255824385558,31,32,,,interpolated,-156.0,678.0,-292.0
43.351741839,842384255106541162,842384255824385558,31,33,,,interpolated,-217.0,662.0,-253.0
43.370632481,842384255125431804,842384255824385558,31,34,,,interpolated,-319.0,717.0,-226.0
43.389523123,842384255144322446,842384255824385558,31,35,,,interpolated,-452.0,781.0,-234.0
43.408413765,842384255163213088,842384255824385558,31,36,,,interpolated,-527.0,792.0,-289.0
43.427304407,842384255182103730,842384255824385558,31,37,,,interpolated,-535.0,811.0,-342.0
43.446195049,842384255200994372,842384255824385558,31,38,,,interpolated,-469.0,823.0,-409.0
43.465085691,842384255219885014,842384255824385558,31,39,,,interpolated,-440.0,782.0,-456.0
43.483976333,842384255238775656,842384255824385558,31,40,,,interpolated,-432.0,696.0,-476.0
43.502866975,842384255257666298,842384255824385558,31,41,,,interpolated,-444.0,653.0,-477.0
43.521757617,842384255276556940,842384255824385558,31,42,,,interpolated,-463.0,701.0,-454.0
43.540648259,842384255295447582,842384255824385558,31,43,,,interpolated,-484.0,805.0,-416.0
43.559538901,842384255314338224,842384255824385558,31,44,,,interpolated,-478.0,801.0,-438.0
43.578429543,842384255333228866,842384255824385558,31,45,,,interpolated,-434.0,648.0,-482.0
43.597320185,842384255352119508,842384255824385558,31,46,,,interpolated,-452.0,548.0,-437.0
43.616210827,842384255371010150,842384255824385558,31,47,,,interpolated,-530.0,557.0,-391.0
43.635101469,842384255389900792,842384255824385558,31,48,,,interpolated,-611.0,605.0,-405.0
43.653992111,842384255408791434,842384255824385558,31,49,,,interpolated,-618.0,641.0,-422.0
43.672882753,842384255427682076,842384255824385558,31,50,,,interpolated,-593.0,708.0,-442.0
43.691773395,842384255446572718,842384255824385558,31,51,,,interpolated,-595.0,727.0,-491.0
43.710664037,842384255465463360,842384255824385558,31,52,,,interpolated,-624.0,753.0,-576.0
43.729554679,842384255484354002,842384255824385558,31,53,,,interpolated,-734.0,847.0,-683.0
43.748445321,842384255503244644,842384255824385558,31,54,,,interpolated,-852.0,825.0,-711.0
43.767335963,842384255522135286,842384255824385558,31,55,,,interpolated,-875.0,664.0,-694.0
43.786226605,842384255541025928,842384255824385558,31,56,,,interpolated,-835.0,648.0,-705.0
43.805117247,842384255559916570,842384255824385558,31,57,,,interpolated,-715.0,626.0,-648.0
43.824007889,842384255578807212,842384255824385558,31,58,,,interpolated,-635.0,589.0,-546.0
43.842898531,842384255597697854,842384255824385558,31,59,,,interpolated,-632.0,548.0,-534.0
43.861789173,842384255616588496,842384255824385558,31,60,,,interpolated,-668.0,524.0,-553.0
43.880679815,842384255635479138,842384255824385558,31,61,,,interpolated,-700.0,560.0,-619.0
43.899570457,842384255654369780,842384255824385558,31,62,,,interpolated,-704.0,587.0,-712.0
43.918461099,842384255673260422,842384255824385558,31,63,,,interpolated,-764.0,629.0,-688.0
43.937351741,842384255692151064,842384255824385558,31,64,,,interpolated,-975.0,921.0,-1086.0
43.956242383,842384255711041706,842384255824385558,31,65,,,interpolated,-916.0,1025.0,-1129.0
43.975133025,842384255729932348,842384255824385558,31,66,,,interpolated,-517.0,852.0,-1015.0
43.994023667,842384255748822990,842384255824385558,31,67,,,interpolated,-334.0,733.0,-805.0
44.012914309,842384255767713632,842384255824385558,31,68,,,interpolated,-356.0,571.0,-546.0
44.031804951,842384255786604274,842384255824385558,31,69,,,interpolated,-508.0,430.0,-416.0
44.050695593,842384255805494916,842384255824385558,31,70,,,interpolated,-645.0,402.0,-471.0
44.069586235,842384255824385558,842384255824385558,31,71,,,interpolated,-617.0,384.0,-532.0
44.088477051,842384255843276374,842384257316760008,32,0,,,interpolated,-475.0,445.0,-601.0
44.107367867,842384255862167190,842384257316760008,32,1,,,interpolated,-417.0,609.0,-599.0
44.126258682,842384255881058005,842384257316760008,32,2,,,interpolated,-440.0,666.0,-607.0
44.145149498,842384255899948821,842384257316760008,32,3,,,interpolated,-386.0,801.0,-629.0
44.164040314,842384255918839637,842384257316760008,32,4,,,interpolated,-260.0,909.0,-654.0
44.18293113,842384255937730453,842384257316760008,32,5,,,interpolated,-75.0,1019.0,-760.0
44.201821946,842384255956621269,842384257316760008,32,6,,,interpolated,54.0,1094.0,-829.0
44.220712762,842384255975512085,842384257316760008,32,7,,,interpolated,56.0,1080.0,-810.0
44.239603577,842384255994402900,842384257316760008,32,8,,,interpolated,-1.0,1020.0,-776.0
44.258494393,842384256013293716,842384257316760008,32,9,,,interpolated,-41.0,919.0,-735.0
44.277385209,842384256032184532,842384257316760008,32,10,,,interpolated,-8.0,799.0,-670.0
44.296276025,842384256051075348,842384257316760008,32,11,,,interpolated,35.0,702.0,-645.0
44.315166841,842384256069966164,842384257316760008,32,12,,,interpolated,101.0,646.0,-589.0
44.334057657,842384256088856980,842384257316760008,32,13,,,interpolated,157.0,619.0,-511.0
44.352948472,842384256107747795,842384257316760008,32,14,,,interpolated,152.0,640.0,-498.0
44.371839288,842384256126638611,842384257316760008,32,15,,,interpolated,130.0,701.0,-521.0
44.390730104,842384256145529427,842384257316760008,32,16,,,interpolated,114.0,812.0,-582.0
44.40962092,842384256164420243,842384257316760008,32,17,,,interpolated,65.0,939.0,-659.0
44.428511736,842384256183311059,842384257316760008,32,18,,,interpolated,71.0,1010.0,-698.0
44.447402551,842384256202201874,842384257316760008,32,19,,,interpolated,65.0,1007.0,-705.0
44.466293367,842384256221092690,842384257316760008,32,20,,,interpolated,61.0,953.0,-696.0
44.485184183,842384256239983506,842384257316760008,32,21,,,interpolated,150.0,836.0,-645.0
44.504074999,842384256258874322,842384257316760008,32,22,,,interpolated,236.0,736.0,-575.0
44.522965815,842384256277765138,842384257316760008,32,23,,,interpolated,257.0,725.0,-578.0
44.541856631,842384256296655954,842384257316760008,32,24,,,interpolated,242.0,767.0,-630.0
44.560747446,842384256315546769,842384257316760008,32,25,,,interpolated,259.0,789.0,-622.0
44.579638262,842384256334437585,842384257316760008,32,26,,,interpolated,310.0,796.0,-618.0
44.598529078,842384256353328401,842384257316760008,32,27,,,interpolated,345.0,777.0,-604.0
44.617419894,842384256372219217,842384257316760008,32,28,,,interpolated,391.0,750.0,-585.0
44.63631071,842384256391110033,842384257316760008,32,29,,,interpolated,439.0,733.0,-595.0
44.655201526,842384256410000849,842384257316760008,32,30,,,interpolated,479.0,726.0,-632.0
44.674092341,842384256428891664,842384257316760008,32,31,,,interpolated,509.0,707.0,-639.0
44.692983157,842384256447782480,842384257316760008,32,32,,,interpolated,499.0,680.0,-596.0
44.711873973,842384256466673296,842384257316760008,32,33,,,interpolated,485.0,684.0,-539.0
44.730764789,842384256485564112,842384257316760008,32,34,,,interpolated,491.0,692.0,-528.0
44.749655605,842384256504454928,842384257316760008,32,35,,,interpolated,492.0,710.0,-591.0
44.76854642,842384256523345743,842384257316760008,32,36,,,interpolated,487.0,676.0,-597.0
44.787437236,842384256542236559,842384257316760008,32,37,,,interpolated,446.0,629.0,-568.0
44.806328052,842384256561127375,842384257316760008,32,38,,,interpolated,408.0,621.0,-521.0
44.825218868,842384256580018191,842384257316760008,32,39,,,interpolated,384.0,649.0,-481.0
44.844109684,842384256598909007,842384257316760008,32,40,,,interpolated,395.0,673.0,-446.0
44.8630005,842384256617799823,842384257316760008,32,41,,,interpolated,420.0,701.0,-426.0
44.881891315,842384256636690638,842384257316760008,32,42,,,interpolated,446.0,725.0,-433.0
44.900782131,842384256655581454,842384257316760008,32,43,,,interpolated,462.0,774.0,-456.0
44.919672947,842384256674472270,842384257316760008,32,44,,,interpolated,508.0,821.0,-488.0
44.938563763,842384256693363086,842384257316760008,32,45,,,interpolated,490.0,793.0,-505.0
44.957454579,842384256712253902,842384257316760008,32,46,,,interpolated,417.0,750.0,-476.0
44.976345394,842384256731144717,842384257316760008,32,47,,,interpolated,350.0,771.0,-414.0
44.99523621,842384256750035533,842384257316760008,32,48,,,interpolated,311.0,840.0,-368.0
45.014127026,842384256768926349,842384257316760008,32,49,,,interpolated,296.0,922.0,-371.0
45.033017842,842384256787817165,842384257316760008,32,50,,,interpolated,316.0,1019.0,-440.0
45.051908658,842384256806707981,842384257316760008,32,51,,,interpolated,353.0,1005.0,-518.0
45.070799474,842384256825598797,842384257316760008,32,52,,,interpolated,338.0,926.0,-568.0
45.089690289,842384256844489612,842384257316760008,32,53,,,interpolated,326.0,917.0,-595.0
45.108581105,842384256863380428,842384257316760008,32,54,,,interpolated,341.0,980.0,-590.0
45.127471921,842384256882271244,842384257316760008,32,55,,,interpolated,312.0,1038.0,-576.0
45.146362737,842384256901162060,842384257316760008,32,56,,,interpolated,239.0,1046.0,-605.0
45.165253553,842384256920052876,842384257316760008,32,57,,,interpolated,74.0,1067.0,-654.0
45.184144369,842384256938943692,842384257316760008,32,58,,,interpolated,263.0,1167.0,-520.0
45.203035184,842384256957834507,842384257316760008,32,59,,,interpolated,329.0,1074.0,-611.0
45.221926,842384256976725323,842384257316760008,32,60,,,interpolated,212.0,1065.0,-594.0
45.240816816,842384256995616139,842384257316760008,32,61,,,interpolated,187.0,948.0,-451.0
45.259707632,842384257014506955,842384257316760008,32,62,,,interpolated,185.0,915.0,-460.0
45.278598448,842384257033397771,842384257316760008,32,63,,,interpolated,198.0,858.0,-441.0
45.297489263,842384257052288586,842384257316760008,32,64,,,interpolated,199.0,822.0,-395.0
45.316380079,842384257071179402,842384257316760008,32,65,,,interpolated,138.0,810.0,-436.0
45.335270895,842384257090070218,842384257316760008,32,66,,,interpolated,113.0,825.0,-472.0
45.354161711,842384257108961034,842384257316760008,32,67,,,interpolated,76.0,845.0,-469.0
45.373052527,842384257127851850,842384257316760008,32,68,,,interpolated,-15.0,852.0,-420.0
45.391943343,842384257146742666,842384257316760008,32,69,,,interpolated,-19.0,890.0,-426.0
45.410834158,842384257165633481,842384257316760008,32,70,,,interpolated,-6.0,890.0,-412.0
45.429724974,842384257184524297,842384257316760008,32,71,,,interpolated,14.0,928.0,-414.0
45.44861579,842384257203415113,842384257316760008,32,72,,,interpolated,37.0,952.0,-418.0
45.467506606,842384257222305929,842384257316760008,32,73,,,interpolated,59.0,977.0,-418.0
45.486397422,842384257241196745,842384257316760008,32,74,,,interpolated,77.0,1013.0,-417.0
45.505288238,842384257260087561,842384257316760008,32,75,,,interpolated,77.0,1013.0,-430.0
45.524179053,842384257278978376,842384257316760008,32,76,,,interpolated,66.0,1005.0,-440.0
45.543069869,842384257297869192,842384257316760008,32,77,,,interpolated,81.0,990.0,-446.0
45.561960685,842384257316760008,842384257316760008,32,78,,,interpolated,87.0,969.0,-460.0
45.580851383,842384257335650706,842384258846906578,33,0,,,interpolated,100.0,981.0,-457.0
45.599742082,842384257354541405,842384258846906578,33,1,,,interpolated,105.0,963.0,-474.0
45.61863278,842384257373432103,842384258846906578,33,2,,,interpolated,117.0,962.0,-477.0
45.637523479,842384257392322802,842384258846906578,33,3,,,interpolated,128.0,954.0,-478.0
45.656414177,842384257411213500,842384258846906578,33,4,,,interpolated,139.0,940.0,-487.0
45.675304875,842384257430104198,842384258846906578,33,5,,,interpolated,149.0,952.0,-493.0
45.694195574,842384257448994897,842384258846906578,33,6,,,interpolated,198.0,925.0,-514.0
45.713086272,842384257467885595,842384258846906578,33,7,,,interpolated,203.0,854.0,-565.0
45.731976971,842384257486776294,842384258846906578,33,8,,,interpolated,274.0,856.0,-523.0
45.750867669,842384257505666992,842384258846906578,33,9,,,interpolated,365.0,886.0,-571.0
45.769758367,842384257524557690,842384258846906578,33,10,,,interpolated,379.0,845.0,-528.0
45.788649066,842384257543448389,842384258846906578,33,11,,,interpolated,420.0,785.0,-547.0
45.807539764,842384257562339087,842384258846906578,33,12,,,interpolated,475.0,772.0,-500.0
45.826430463,842384257581229786,842384258846906578,33,13,,,interpolated,506.0,785.0,-459.0
45.845321161,842384257600120484,842384258846906578,33,14,,,interpolated,495.0,794.0,-445.0
45.864211859,842384257619011182,842384258846906578,33,15,,,interpolated,490.0,809.0,-431.0
45.883102558,842384257637901881,842384258846906578,33,16,,,interpolated,488.0,800.0,-412.0
45.901993256,842384257656792579,842384258846906578,33,17,,,interpolated,476.0,771.0,-406.0
45.920883955,842384257675683278,842384258846906578,33,18,,,interpolated,466.0,733.0,-393.0
45.939774653,842384257694573976,842384258846906578,33,19,,,interpolated,417.0,763.0,-389.0
45.958665351,842384257713464674,842384258846906578,33,20,,,interpolated,366.0,792.0,-390.0
45.97755605,842384257732355373,842384258846906578,33,21,,,interpolated,311.0,842.0,-425.0
45.996446748,842384257751246071,842384258846906578,33,22,,,interpolated,240.0,900.0,-457.0
46.015337446,842384257770136769,842384258846906578,33,23,,,interpolated,213.0,903.0,-505.0
46.034228145,842384257789027468,842384258846906578,33,24,,,interpolated,188.0,877.0,-537.0
46.053118843,842384257807918166,842384258846906578,33,25,,,interpolated,114.0,906.0,-537.0
46.072009542,842384257826808865,842384258846906578,33,26,,,interpolated,83.0,867.0,-577.0
46.09090024,842384257845699563,842384258846906578,33,27,,,interpolated,51.0,853.0,-599.0
46.109790938,842384257864590261,842384258846906578,33,28,,,interpolated,11.0,792.0,-634.0
46.128681637,842384257883480960,842384258846906578,33,29,,,interpolated,-14.0,746.0,-631.0
46.147572335,842384257902371658,842384258846906578,33,30,,,interpolated,-4.0,743.0,-638.0
46.166463034,842384257921262357,842384258846906578,33,31,,,interpolated,17.0,790.0,-633.0
46.185353732,842384257940153055,842384258846906578,33,32,,,interpolated,20.0,819.0,-680.0
46.20424443,842384257959043753,842384258846906578,33,33,,,interpolated,4.0,789.0,-671.0
46.223135129,842384257977934452,842384258846906578,33,34,,,interpolated,-51.0,772.0,-673.0
46.242025827,842384257996825150,842384258846906578,33,35,,,interpolated,-109.0,811.0,-690.0
46.260916526,842384258015715849,842384258846906578,33,36,,,interpolated,36.0,802.0,-522.0
46.279807224,842384258034606547,842384258846906578,33,37,,,interpolated,171.0,820.0,-550.0
46.298697922,842384258053497245,842384258846906578,33,38,,,interpolated,293.0,893.0,-576.0
46.317588621,842384258072387944,842384258846906578,33,39,,,interpolated,355.0,970.0,-626.0
46.336479319,842384258091278642,842384258846906578,33,40,,,interpolated,369.0,1004.0,-670.0
46.355370018,842384258110169341,842384258846906578,33,41,,,interpolated,356.0,966.0,-681.0
46.374260716,842384258129060039,842384258846906578,33,42,,,interpolated,337.0,878.0,-637.0
46.393151414,842384258147950737,842384258846906578,33,43,,,interpolated,303.0,796.0,-546.0
46.412042113,842384258166841436,842384258846906578,33,44,,,interpolated,273.0,766.0,-488.0
46.430932811,842384258185732134,842384258846906578,33,45,,,interpolated,254.0,816.0,-505.0
46.44982351,842384258204622833,842384258846906578,33,46,,,interpolated,321.0,883.0,-558.0
46.468714208,842384258223513531,842384258846906578,33,47,,,interpolated,385.0,916.0,-558.0
46.487604906,842384258242404229,842384258846906578,33,48,,,interpolated,379.0,862.0,-529.0
46.506495605,842384258261294928,842384258846906578,33,49,,,interpolated,321.0,820.0,-513.0
46.525386303,842384258280185626,842384258846906578,33,50,,,interpolated,287.0,833.0,-527.0
46.544277002,842384258299076325,842384258846906578,33,51,,,interpolated,285.0,845.0,-520.0
46.5631677,842384258317967023,842384258846906578,33,52,,,interpolated,294.0,833.0,-517.0
46.582058398,842384258336857721,842384258846906578,33,53,,,interpolated,297.0,827.0,-502.0
46.600949097,842384258355748420,842384258846906578,33,54,,,interpolated,303.0,835.0,-511.0
46.619839795,842384258374639118,842384258846906578,33,55,,,interpolated,303.0,831.0,-516.0
46.638730494,842384258393529817,842384258846906578,33,56,,,interpolated,321.0,818.0,-528.0
46.657621192,842384258412420515,842384258846906578,33,57,,,interpolated,320.0,823.0,-524.0
46.67651189,842384258431311213,842384258846906578,33,58,,,interpolated,320.0,828.0,-525.0
46.695402589,842384258450201912,842384258846906578,33,59,,,interpolated,306.0,839.0,-521.0
46.714293287,842384258469092610,842384258846906578,33,60,,,interpolated,300.0,832.0,-520.0
46.733183985,842384258487983308,842384258846906578,33,61,,,interpolated,313.0,824.0,-517.0
46.752074684,842384258506874007,842384258846906578,33,62,,,interpolated,321.0,822.0,-517.0
46.770965382,842384258525764705,842384258846906578,33,63,,,interpolated,325.0,817.0,-521.0
46.789856081,842384258544655404,842384258846906578,33,64,,,interpolated,327.0,816.0,-528.0
46.808746779,842384258563546102,842384258846906578,33,65,,,interpolated,327.0,805.0,-536.0
46.827637477,842384258582436800,842384258846906578,33,66,,,interpolated,336.0,800.0,-539.0
46.846528176,842384258601327499,842384258846906578,33,67,,,interpolated,339.0,802.0,-540.0
46.865418874,842384258620218197,842384258846906578,33,68,,,interpolated,340.0,810.0,-544.0
46.884309573,842384258639108896,842384258846906578,33,69,,,interpolated,334.0,803.0,-538.0
46.903200271,842384258657999594,842384258846906578,33,70,,,interpolated,334.0,801.0,-543.0
46.922090969,842384258676890292,842384258846906578,33,71,,,interpolated,334.0,796.0,-551.0
46.940981668,842384258695780991,842384258846906578,33,72,,,interpolated,345.0,804.0,-547.0
46.959872366,842384258714671689,842384258846906578,33,73,,,interpolated,327.0,834.0,-546.0
46.978763065,842384258733562388,842384258846906578,33,74,,,interpolated,326.0,822.0,-539.0
46.997653763,842384258752453086,842384258846906578,33,75,,,interpolated,339.0,795.0,-549.0
47.016544461,842384258771343784,842384258846906578,33,76,,,interpolated,320.0,795.0,-553.0
47.03543516,842384258790234483,842384258846906578,33,77,,,interpolated,309.0,806.0,-550.0
47.054325858,842384258809125181,842384258846906578,33,78,,,interpolated,275.0,814.0,-541.0
47.073216557,842384258828015880,842384258846906578,33,79,,,interpolated,271.0,796.0,-550.0
47.092107255,842384258846906578,842384258846906578,33,80,,,interpolated,317.0,801.0,-566.0
47.11099801,842384258865797333,842384260887108132,34,0,,,interpolated,346.0,800.0,-561.0
47.129888765,842384258884688088,842384260887108132,34,1,,,interpolated,338.0,799.0,-542.0
47.14877952,842384258903578843,842384260887108132,34,2,,,interpolated,305.0,805.0,-522.0
47.167670276,842384258922469599,842384260887108132,34,3,,,interpolated,300.0,809.0,-533.0
47.186561031,842384258941360354,842384260887108132,34,4,,,interpolated,319.0,814.0,-534.0
47.205451786,842384258960251109,842384260887108132,34,5,,,interpolated,320.0,814.0,-536.0
47.224342541,842384258979141864,842384260887108132,34,6,,,interpolated,318.0,811.0,-541.0
47.243233296,842384258998032619,842384260887108132,34,7,,,interpolated,308.0,812.0,-549.0
47.262124051,842384259016923374,842384260887108132,34,8,,,interpolated,302.0,805.0,-543.0
47.281014806,842384259035814129,842384260887108132,34,9,,,interpolated,307.0,801.0,-548.0
47.299905561,842384259054704884,842384260887108132,34,10,,,interpolated,306.0,812.0,-544.0
47.318796317,842384259073595640,842384260887108132,34,11,,,interpolated,285.0,826.0,-548.0
47.337687072,842384259092486395,842384260887108132,34,12,,,interpolated,263.0,833.0,-543.0
47.356577827,842384259111377150,842384260887108132,34,13,,,interpolated,274.0,822.0,-545.0
47.375468582,842384259130267905,842384260887108132,34,14,,,interpolated,281.0,817.0,-545.0
47.394359337,842384259149158660,842384260887108132,34,15,,,interpolated,272.0,829.0,-533.0
47.413250092,842384259168049415,842384260887108132,34,16,,,interpolated,258.0,829.0,-538.0
47.432140847,842384259186940170,842384260887108132,34,17,,,interpolated,246.0,825.0,-544.0
47.451031602,842384259205830925,842384260887108132,34,18,,,interpolated,254.0,815.0,-540.0
47.469922358,842384259224721681,842384260887108132,34,19,,,interpolated,275.0,810.0,-536.0
47.488813113,842384259243612436,842384260887108132,34,20,,,interpolated,259.0,857.0,-536.0
47.507703868,842384259262503191,842384260887108132,34,21,,,interpolated,233.0,876.0,-537.0
47.526594623,842384259281393946,842384260887108132,34,22,,,interpolated,206.0,863.0,-536.0
47.545485378,842384259300284701,842384260887108132,34,23,,,interpolated,202.0,848.0,-542.0
47.564376133,842384259319175456,842384260887108132,34,24,,,interpolated,215.0,842.0,-540.0
47.583266888,842384259338066211,842384260887108132,34,25,,,interpolated,220.0,843.0,-548.0
47.602157644,842384259356956967,842384260887108132,34,26,,,interpolated,212.0,844.0,-550.0
47.621048399,842384259375847722,842384260887108132,34,27,,,interpolated,202.0,840.0,-558.0
47.639939154,842384259394738477,842384260887108132,34,28,,,interpolated,209.0,831.0,-561.0
47.658829909,842384259413629232,842384260887108132,34,29,,,interpolated,207.0,826.0,-571.0
47.677720664,842384259432519987,842384260887108132,34,30,,,interpolated,217.0,822.0,-573.0
47.696611419,842384259451410742,842384260887108132,34,31,,,interpolated,229.0,823.0,-571.0
47.715502174,842384259470301497,842384260887108132,34,32,,,interpolated,234.0,820.0,-576.0
47.734392929,842384259489192252,842384260887108132,34,33,,,interpolated,240.0,817.0,-580.0
47.753283685,842384259508083008,842384260887108132,34,34,,,interpolated,243.0,810.0,-578.0
47.77217444,842384259526973763,842384260887108132,34,35,,,interpolated,244.0,813.0,-592.0
47.791065195,842384259545864518,842384260887108132,34,36,,,interpolated,257.0,802.0,-595.0
47.80995595,842384259564755273,842384260887108132,34,37,,,interpolated,263.0,798.0,-588.0
47.828846705,842384259583646028,842384260887108132,34,38,,,interpolated,264.0,801.0,-589.0
47.84773746,842384259602536783,842384260887108132,34,39,,,interpolated,249.0,811.0,-589.0
47.866628215,842384259621427538,842384260887108132,34,40,,,interpolated,252.0,802.0,-594.0
47.88551897,842384259640318293,842384260887108132,34,41,,,interpolated,263.0,791.0,-601.0
47.904409726,842384259659209049,842384260887108132,34,42,,,interpolated,283.0,781.0,-607.0
47.923300481,842384259678099804,842384260887108132,34,43,,,interpolated,281.0,779.0,-611.0
47.942191236,842384259696990559,842384260887108132,34,44,,,interpolated,283.0,773.0,-615.0
47.961081991,842384259715881314,842384260887108132,34,45,,,interpolated,283.0,765.0,-613.0
47.979972746,842384259734772069,842384260887108132,34,46,,,interpolated,277.0,776.0,-611.0
47.998863501,842384259753662824,842384260887108132,34,47,,,interpolated,269.0,777.0,-605.0
48.017754256,842384259772553579,842384260887108132,34,48,,,interpolated,269.0,781.0,-606.0
48.036645011,842384259791444334,842384260887108132,34,49,,,interpolated,273.0,770.0,-611.0
48.055535767,842384259810335090,842384260887108132,34,50,,,interpolated,283.0,765.0,-610.0
48.074426522,842384259829225845,842384260887108132,34,51,,,interpolated,278.0,775.0,-617.0
48.093317277,842384259848116600,842384260887108132,34,52,,,interpolated,268.0,785.0,-605.0
48.112208032,842384259867007355,842384260887108132,34,53,,,interpolated,265.0,784.0,-608.0
48.131098787,842384259885898110,842384260887108132,34,54,,,interpolated,264.0,784.0,-609.0
48.149989542,842384259904788865,842384260887108132,34,55,,,interpolated,267.0,779.0,-611.0
48.168880297,842384259923679620,842384260887108132,34,56,,,interpolated,261.0,781.0,-610.0
48.187771053,842384259942570376,842384260887108132,34,57,,,interpolated,250.0,792.0,-600.0
48.206661808,842384259961461131,842384260887108132,34,58,,,interpolated,250.0,791.0,-606.0
48.225552563,842384259980351886,842384260887108132,34,59,,,interpolated,249.0,789.0,-615.0
48.244443318,842384259999242641,842384260887108132,34,60,,,interpolated,255.0,795.0,-613.0
48.263334073,842384260018133396,842384260887108132,34,61,,,interpolated,249.0,794.0,-610.0
48.282224828,842384260037024151,842384260887108132,34,62,,,interpolated,241.0,796.0,-603.0
48.301115583,842384260055914906,842384260887108132,34,63,,,interpolated,244.0,793.0,-595.0
48.320006338,842384260074805661,842384260887108132,34,64,,,interpolated,253.0,805.0,-594.0
48.338897094,842384260093696417,842384260887108132,34,65,,,interpolated,253.0,797.0,-599.0
48.357787849,842384260112587172,842384260887108132,34,66,,,interpolated,242.0,792.0,-604.0
48.376678604,842384260131477927,842384260887108132,34,67,,,interpolated,236.0,792.0,-604.0
48.395569359,842384260150368682,842384260887108132,34,68,,,interpolated,234.0,791.0,-607.0
48.414460114,842384260169259437,842384260887108132,34,69,,,interpolated,242.0,793.0,-611.0
48.433350869,842384260188150192,842384260887108132,34,70,,,interpolated,239.0,794.0,-604.0
48.452241624,842384260207040947,842384260887108132,34,71,,,interpolated,238.0,797.0,-604.0
48.471132379,842384260225931702,842384260887108132,34,72,,,interpolated,233.0,795.0,-610.0
48.490023135,842384260244822458,842384260887108132,34,73,,,interpolated,243.0,790.0,-611.0
48.50891389,842384260263713213,842384260887108132,34,74,,,interpolated,237.0,787.0,-610.0
48.527804645,842384260282603968,842384260887108132,34,75,,,interpolated,235.0,786.0,-609.0
48.5466954,842384260301494723,842384260887108132,34,76,,,interpolated,230.0,795.0,-610.0
48.565586155,842384260320385478,842384260887108132,34,77,,,interpolated,230.0,795.0,-613.0
48.58447691,842384260339276233,842384260887108132,34,78,,,interpolated,242.0,789.0,-611.0
48.603367665,842384260358166988,842384260887108132,34,79,,,interpolated,242.0,786.0,-613.0
48.622258421,842384260377057744,842384260887108132,34,80,,,interpolated,239.0,789.0,-606.0
48.641149176,842384260395948499,842384260887108132,34,81,,,interpolated,241.0,784.0,-613.0
48.660039931,842384260414839254,842384260887108132,34,82,,,interpolated,243.0,786.0,-622.0
48.678930686,842384260433730009,842384260887108132,34,83,,,interpolated,240.0,789.0,-616.0
48.697821441,842384260452620764,842384260887108132,34,84,,,interpolated,241.0,787.0,-616.0
48.716712196,842384260471511519,842384260887108132,34,85,,,interpolated,238.0,790.0,-612.0
48.735602951,842384260490402274,842384260887108132,34,86,,,interpolated,245.0,784.0,-617.0
48.754493706,842384260509293029,842384260887108132,34,87,,,interpolated,252.0,788.0,-613.0
48.773384462,842384260528183785,842384260887108132,34,88,,,interpolated,242.0,784.0,-617.0
48.792275217,842384260547074540,842384260887108132,34,89,,,interpolated,241.0,784.0,-611.0
48.811165972,842384260565965295,842384260887108132,34,90,,,interpolated,241.0,790.0,-613.0
48.830056727,842384260584856050,842384260887108132,34,91,,,interpolated,238.0,792.0,-619.0
48.848947482,842384260603746805,842384260887108132,34,92,,,interpolated,246.0,783.0,-615.0
48.867838237,842384260622637560,842384260887108132,34,93,,,interpolated,247.0,785.0,-611.0
48.886728992,842384260641528315,842384260887108132,34,94,,,interpolated,245.0,787.0,-612.0
48.905619747,842384260660419070,842384260887108132,34,95,,,interpolated,237.0,787.0,-614.0
48.924510503,842384260679309826,842384260887108132,34,96,,,interpolated,237.0,791.0,-617.0
48.943401258,842384260698200581,842384260887108132,34,97,,,interpolated,244.0,787.0,-614.0
48.962292013,842384260717091336,842384260887108132,34,98,,,interpolated,239.0,788.0,-613.0
48.981182768,842384260735982091,842384260887108132,34,99,,,interpolated,232.0,793.0,-608.0
49.000073523,842384260754872846,842384260887108132,34,100,,,interpolated,239.0,787.0,-614.0
49.018964278,842384260773763601,842384260887108132,34,101,,,interpolated,244.0,786.0,-618.0
49.037855033,842384260792654356,842384260887108132,34,102,,,interpolated,234.0,795.0,-610.0
49.056745788,842384260811545111,842384260887108132,34,103,,,interpolated,231.0,796.0,-610.0
49.075636544,842384260830435867,842384260887108132,34,104,,,interpolated,229.0,787.0,-622.0
49.094527299,842384260849326622,842384260887108132,34,105,,,interpolated,227.0,780.0,-620.0
49.113418054,842384260868217377,842384260887108132,34,106,,,interpolated,237.0,789.0,-611.0
49.132308809,842384260887108132,842384260887108132,34,107,,,interpolated,240.0,787.0,-612.0
49.151199451,842384260905998774,842384263116203888,35,0,,,interpolated,245.0,783.0,-612.0
49.170090093,842384260924889416,842384263116203888,35,1,,,interpolated,239.0,789.0,-609.0
49.188980735,842384260943780058,842384263116203888,35,2,,,interpolated,237.0,789.0,-608.0
49.207871377,842384260962670700,842384263116203888,35,3,,,interpolated,238.0,790.0,-614.0
49.226762019,842384260981561342,842384263116203888,35,4,,,interpolated,241.0,787.0,-617.0
49.245652661,842384261000451984,842384263116203888,35,5,,,interpolated,243.0,784.0,-615.0
49.264543303,842384261019342626,842384263116203888,35,6,,,interpolated,242.0,785.0,-613.0
49.283433945,842384261038233268,842384263116203888,35,7,,,interpolated,244.0,779.0,-619.0
49.302324587,842384261057123910,842384263116203888,35,8,,,interpolated,247.0,777.0,-623.0
49.321215229,842384261076014552,842384263116203888,35,9,,,interpolated,244.0,778.0,-625.0
49.340105871,842384261094905194,842384263116203888,35,10,,,interpolated,235.0,787.0,-621.0
49.358996513,842384261113795836,842384263116203888,35,11,,,interpolated,231.0,793.0,-616.0
49.377887155,842384261132686478,842384263116203888,35,12,,,interpolated,234.0,787.0,-616.0
49.396777797,842384261151577120,842384263116203888,35,13,,,interpolated,242.0,782.0,-616.0
49.415668439,842384261170467762,842384263116203888,35,14,,,interpolated,247.0,779.0,-621.0
49.434559081,842384261189358404,842384263116203888,35,15,,,interpolated,244.0,781.0,-621.0
49.453449723,842384261208249046,842384263116203888,35,16,,,interpolated,240.0,783.0,-619.0
49.472340365,842384261227139688,842384263116203888,35,17,,,interpolated,240.0,780.0,-618.0
49.491231007,842384261246030330,842384263116203888,35,18,,,interpolated,235.0,787.0,-617.0
49.510121649,842384261264920972,842384263116203888,35,19,,,interpolated,245.0,782.0,-624.0
49.529012291,842384261283811614,842384263116203888,35,20,,,interpolated,248.0,780.0,-618.0
49.547902933,842384261302702256,842384263116203888,35,21,,,interpolated,243.0,779.0,-619.0
49.566793575,842384261321592898,842384263116203888,35,22,,,interpolated,247.0,780.0,-619.0
49.585684217,842384261340483540,842384263116203888,35,23,,,interpolated,239.0,780.0,-626.0
49.604574859,842384261359374182,842384263116203888,35,24,,,interpolated,240.0,777.0,-623.0
49.623465501,842384261378264824,842384263116203888,35,25,,,interpolated,238.0,781.0,-624.0
49.642356143,842384261397155466,842384263116203888,35,26,,,interpolated,247.0,784.0,-620.0
49.661246785,842384261416046108,842384263116203888,35,27,,,interpolated,248.0,779.0,-625.0
49.680137427,842384261434936750,842384263116203888,35,28,,,interpolated,248.0,779.0,-622.0
49.699028069,842384261453827392,842384263116203888,35,29,,,interpolated,245.0,779.0,-623.0
49.717918711,842384261472718034,842384263116203888,35,30,,,interpolated,237.0,781.0,-622.0
49.736809353,842384261491608676,842384263116203888,35,31,,,interpolated,238.0,780.0,-619.0
49.755699995,842384261510499318,842384263116203888,35,32,,,interpolated,240.0,781.0,-619.0
49.774590637,842384261529389960,842384263116203888,35,33,,,interpolated,240.0,789.0,-621.0
49.793481279,842384261548280602,842384263116203888,35,34,,,interpolated,243.0,777.0,-614.0
49.812371921,842384261567171244,842384263116203888,35,35,,,interpolated,246.0,775.0,-633.0
49.831262563,842384261586061886,842384263116203888,35,36,,,interpolated,244.0,788.0,-624.0
49.850153205,842384261604952528,842384263116203888,35,37,,,interpolated,233.0,786.0,-622.0
49.869043847,842384261623843170,842384263116203888,35,38,,,interpolated,235.0,784.0,-626.0
49.887934489,842384261642733812,842384263116203888,35,39,,,interpolated,241.0,778.0,-628.0
49.906825131,842384261661624454,842384263116203888,35,40,,,interpolated,238.0,779.0,-623.0
49.925715773,842384261680515096,842384263116203888,35,41,,,interpolated,243.0,776.0,-624.0
49.944606415,842384261699405738,842384263116203888,35,42,,,interpolated,245.0,781.0,-623.0
49.963497057,842384261718296380,842384263116203888,35,43,,,interpolated,247.0,779.0,-623.0
49.982387699,842384261737187022,842384263116203888,35,44,,,interpolated,242.0,781.0,-622.0
50.001278341,842384261756077664,842384263116203888,35,45,,,interpolated,245.0,773.0,-628.0
50.020168983,842384261774968306,842384263116203888,35,46,,,interpolated,240.0,777.0,-622.0
50.039059625,842384261793858948,842384263116203888,35,47,,,interpolated,242.0,778.0,-627.0
50.057950267,842384261812749590,842384263116203888,35,48,,,interpolated,237.0,776.0,-625.0
50.076840909,842384261831640232,842384263116203888,35,49,,,interpolated,243.0,775.0,-627.0
50.095731551,842384261850530874,842384263116203888,35,50,,,interpolated,246.0,773.0,-628.0
50.114622193,842384261869421516,842384263116203888,35,51,,,interpolated,243.0,777.0,-628.0
50.133512835,842384261888312158,842384263116203888,35,52,,,interpolated,244.0,784.0,-625.0
50.152403477,842384261907202800,842384263116203888,35,53,,,interpolated,241.0,783.0,-621.0
50.171294119,842384261926093442,842384263116203888,35,54,,,interpolated,240.0,775.0,-623.0
50.190184761,842384261944984084,842384263116203888,35,55,,,interpolated,238.0,779.0,-619.0
50.209075403,842384261963874726,842384263116203888,35,56,,,interpolated,247.0,777.0,-625.0
50.227966045,842384261982765368,842384263116203888,35,57,,,interpolated,244.0,778.0,-625.0
50.246856687,842384262001656010,842384263116203888,35,58,,,interpolated,245.0,778.0,-621.0
50.265747329,842384262020546652,842384263116203888,35,59,,,interpolated,235.0,779.0,-619.0
50.284637971,842384262039437294,842384263116203888,35,60,,,interpolated,238.0,781.0,-625.0
50.303528613,842384262058327936,842384263116203888,35,61,,,interpolated,243.0,778.0,-626.0
50.322419255,842384262077218578,842384263116203888,35,62,,,interpolated,244.0,777.0,-625.0
50.341309897,842384262096109220,842384263116203888,35,63,,,interpolated,245.0,781.0,-624.0
50.360200539,842384262114999862,842384263116203888,35,64,,,interpolated,245.0,776.0,-628.0
50.379091181,842384262133890504,842384263116203888,35,65,,,interpolated,244.0,777.0,-622.0
50.397981823,842384262152781146,842384263116203888,35,66,,,interpolated,240.0,780.0,-624.0
50.416872465,842384262171671788,842384263116203888,35,67,,,interpolated,242.0,779.0,-626.0
50.435763107,842384262190562430,842384263116203888,35,68,,,interpolated,245.0,777.0,-627.0
50.454653749,842384262209453072,842384263116203888,35,69,,,interpolated,247.0,779.0,-621.0
50.473544391,842384262228343714,842384263116203888,35,70,,,interpolated,243.0,777.0,-623.0
50.492435033,842384262247234356,842384263116203888,35,71,,,interpolated,239.0,782.0,-626.0
50.511325675,842384262266124998,842384263116203888,35,72,,,interpolated,237.0,781.0,-621.0
50.530216317,842384262285015640,842384263116203888,35,73,,,interpolated,235.0,777.0,-623.0
50.549106959,842384262303906282,842384263116203888,35,74,,,interpolated,243.0,776.0,-628.0
50.567997601,842384262322796924,842384263116203888,35,75,,,interpolated,246.0,776.0,-622.0
50.586888243,842384262341687566,842384263116203888,35,76,,,interpolated,244.0,782.0,-619.0
50.605778885,842384262360578208,842384263116203888,35,77,,,interpolated,249.0,776.0,-623.0
50.624669527,842384262379468850,842384263116203888,35,78,,,interpolated,241.0,774.0,-627.0
50.643560169,842384262398359492,842384263116203888,35,79,,,interpolated,239.0,779.0,-626.0
50.662450811,842384262417250134,842384263116203888,35,80,,,interpolated,238.0,776.0,-628.0
50.681341453,842384262436140776,842384263116203888,35,81,,,interpolated,237.0,775.0,-625.0
50.700232095,842384262455031418,842384263116203888,35,82,,,interpolated,235.0,780.0,-622.0
50.719122737,842384262473922060,842384263116203888,35,83,,,interpolated,248.0,777.0,-624.0
50.738013379,842384262492812702,842384263116203888,35,84,,,interpolated,247.0,774.0,-630.0
50.756904021,842384262511703344,842384263116203888,35,85,,,interpolated,243.0,774.0,-621.0
50.775794663,842384262530593986,842384263116203888,35,86,,,interpolated,244.0,775.0,-625.0
50.794685305,842384262549484628,842384263116203888,35,87,,,interpolated,241.0,778.0,-623.0
50.813575947,842384262568375270,842384263116203888,35,88,,,interpolated,245.0,774.0,-627.0
50.832466589,842384262587265912,842384263116203888,35,89,,,interpolated,246.0,778.0,-623.0
50.851357231,842384262606156554,842384263116203888,35,90,,,interpolated,245.0,776.0,-629.0
50.870247873,842384262625047196,842384263116203888,35,91,,,interpolated,241.0,772.0,-626.0
50.889138515,842384262643937838,842384263116203888,35,92,,,interpolated,243.0,776.0,-632.0
50.908029157,842384262662828480,842384263116203888,35,93,,,interpolated,239.0,777.0,-625.0
50.926919799,842384262681719122,842384263116203888,35,94,,,interpolated,241.0,779.0,-628.0
50.945810441,842384262700609764,842384263116203888,35,95,,,interpolated,241.0,774.0,-623.0
50.964701083,842384262719500406,842384263116203888,35,96,,,interpolated,244.0,778.0,-629.0
50.983591725,842384262738391048,842384263116203888,35,97,,,interpolated,245.0,779.0,-628.0
51.002482367,842384262757281690,842384263116203888,35,98,,,interpolated,244.0,773.0,-626.0
51.021373009,842384262776172332,842384263116203888,35,99,,,interpolated,242.0,773.0,-622.0
51.040263651,842384262795062974,842384263116203888,35,100,,,interpolated,241.0,777.0,-624.0
51.059154293,842384262813953616,842384263116203888,35,101,,,interpolated,242.0,778.0,-629.0
51.078044935,842384262832844258,842384263116203888,35,102,,,interpolated,248.0,768.0,-624.0
51.096935577,842384262851734900,842384263116203888,35,103,,,interpolated,245.0,779.0,-627.0
51.115826219,842384262870625542,842384263116203888,35,104,,,interpolated,244.0,778.0,-624.0
51.134716861,842384262889516184,842384263116203888,35,105,,,interpolated,241.0,774.0,-627.0
51.153607503,842384262908406826,842384263116203888,35,106,,,interpolated,243.0,774.0,-628.0
51.172498145,842384262927297468,842384263116203888,35,107,,,interpolated,243.0,776.0,-628.0
51.191388787,842384262946188110,842384263116203888,35,108,,,interpolated,245.0,770.0,-629.0
51.210279429,842384262965078752,842384263116203888,35,109,,,interpolated,246.0,774.0,-626.0
51.229170071,842384262983969394,842384263116203888,35,110,,,interpolated,236.0,779.0,-627.0
51.248060713,842384263002860036,842384263116203888,35,111,,,interpolated,236.0,780.0,-629.0
51.266951355,842384263021750678,842384263116203888,35,112,,,interpolated,241.0,778.0,-629.0
51.285841997,842384263040641320,842384263116203888,35,113,,,interpolated,247.0,772.0,-628.0
51.304732639,842384263059531962,842384263116203888,35,114,,,interpolated,243.0,776.0,-628.0
51.323623281,842384263078422604,842384263116203888,35,115,,,interpolated,240.0,774.0,-633.0
51.342513923,842384263097313246,842384263116203888,35,116,,,interpolated,241.0,774.0,-631.0
51.361404565,842384263116203888,842384263116203888,35,117,,,interpolated,243.0,773.0,-624.0
51.380295207,842384263135094530,842384265307518360,36,0,,,interpolated,242.0,779.0,-626.0
51.399185849,842384263153985172,842384265307518360,36,1,,,interpolated,240.0,774.0,-622.0
51.418076491,842384263172875814,842384265307518360,36,2,,,interpolated,246.0,774.0,-624.0
51.436967133,842384263191766456,842384265307518360,36,3,,,interpolated,245.0,765.0,-628.0
51.455857775,842384263210657098,842384265307518360,36,4,,,interpolated,237.0,778.0,-629.0
51.474748417,842384263229547740,842384265307518360,36,5,,,interpolated,233.0,781.0,-630.0
51.493639059,842384263248438382,842384265307518360,36,6,,,interpolated,237.0,780.0,-624.0
51.512529701,842384263267329024,842384265307518360,36,7,,,interpolated,241.0,773.0,-627.0
51.531420343,842384263286219666,842384265307518360,36,8,,,interpolated,243.0,776.0,-629.0
51.550310985,842384263305110308,842384265307518360,36,9,,,interpolated,247.0,776.0,-626.0
51.569201627,842384263324000950,842384265307518360,36,10,,,interpolated,248.0,776.0,-631.0
51.588092269,842384263342891592,842384265307518360,36,11,,,interpolated,241.0,774.0,-626.0
51.606982911,842384263361782234,842384265307518360,36,12,,,interpolated,241.0,773.0,-627.0
51.625873553,842384263380672876,842384265307518360,36,13,,,interpolated,243.0,776.0,-630.0
51.644764195,842384263399563518,842384265307518360,36,14,,,interpolated,251.0,774.0,-628.0
51.663654837,842384263418454160,842384265307518360,36,15,,,interpolated,249.0,770.0,-625.0
51.682545479,842384263437344802,842384265307518360,36,16,,,interpolated,244.0,774.0,-628.0
51.701436121,842384263456235444,842384265307518360,36,17,,,interpolated,243.0,775.0,-631.0
51.720326763,842384263475126086,842384265307518360,36,18,,,interpolated,238.0,774.0,-628.0
51.739217405,842384263494016728,842384265307518360,36,19,,,interpolated,239.0,776.0,-631.0
51.758108047,842384263512907370,842384265307518360,36,20,,,interpolated,244.0,774.0,-629.0
51.776998689,842384263531798012,842384265307518360,36,21,,,interpolated,245.0,767.0,-628.0
51.795889331,842384263550688654,842384265307518360,36,22,,,interpolated,248.0,774.0,-631.0
51.814779973,842384263569579296,842384265307518360,36,23,,,interpolated,247.0,773.0,-624.0
51.833670615,842384263588469938,842384265307518360,36,24,,,interpolated,248.0,777.0,-629.0
51.852561257,842384263607360580,842384265307518360,36,25,,,interpolated,246.0,772.0,-626.0
51.871451899,842384263626251222,842384265307518360,36,26,,,interpolated,241.0,775.0,-632.0
51.890342541,842384263645141864,842384265307518360,36,27,,,interpolated,242.0,771.0,-631.0
51.909233183,842384263664032506,842384265307518360,36,28,,,interpolated,241.0,771.0,-632.0
51.928123825,842384263682923148,842384265307518360,36,29,,,interpolated,249.0,771.0,-623.0
51.947014467,842384263701813790,842384265307518360,36,30,,,interpolated,251.0,776.0,-626.0
51.965905109,842384263720704432,842384265307518360,36,31,,,interpolated,245.0,776.0,-625.0
51.984795751,842384263739595074,842384265307518360,36,32,,,interpolated,244.0,779.0,-628.0
52.003686393,842384263758485716,842384265307518360,36,33,,,interpolated,240.0,774.0,-627.0
52.022577035,842384263777376358,842384265307518360,36,34,,,interpolated,247.0,775.0,-627.0
52.041467677,842384263796267000,842384265307518360,36,35,,,interpolated,246.0,771.0,-625.0
52.060358319,842384263815157642,842384265307518360,36,36,,,interpolated,245.0,771.0,-628.0
52.079248961,842384263834048284,842384265307518360,36,37,,,interpolated,240.0,775.0,-631.0
52.098139603,842384263852938926,842384265307518360,36,38,,,interpolated,243.0,775.0,-624.0
52.117030245,842384263871829568,842384265307518360,36,39,,,interpolated,246.0,773.0,-629.0
52.135920887,842384263890720210,842384265307518360,36,40,,,interpolated,244.0,770.0,-634.0
52.154811529,842384263909610852,842384265307518360,36,41,,,interpolated,241.0,773.0,-631.0
52.173702171,842384263928501494,842384265307518360,36,42,,,interpolated,241.0,773.0,-632.0
52.192592813,842384263947392136,842384265307518360,36,43,,,interpolated,243.0,773.0,-630.0
52.211483455,842384263966282778,842384265307518360,36,44,,,interpolated,242.0,771.0,-630.0
52.230374097,842384263985173420,842384265307518360,36,45,,,interpolated,238.0,776.0,-626.0
52.249264739,842384264004064062,842384265307518360,36,46,,,interpolated,241.0,773.0,-631.0
52.268155381,842384264022954704,842384265307518360,36,47,,,interpolated,253.0,765.0,-633.0
52.287046023,842384264041845346,842384265307518360,36,48,,,interpolated,242.0,774.0,-633.0
52.305936665,842384264060735988,842384265307518360,36,49,,,interpolated,236.0,775.0,-627.0
52.324827307,842384264079626630,842384265307518360,36,50,,,interpolated,242.0,776.0,-632.0
52.343717949,842384264098517272,842384265307518360,36,51,,,interpolated,238.0,767.0,-630.0
52.362608591,842384264117407914,842384265307518360,36,52,,,interpolated,244.0,770.0,-634.0
52.381499233,842384264136298556,842384265307518360,36,53,,,interpolated,249.0,773.0,-634.0
52.400389875,842384264155189198,842384265307518360,36,54,,,interpolated,249.0,766.0,-628.0
52.419280517,842384264174079840,842384265307518360,36,55,,,interpolated,241.0,773.0,-622.0
52.438171159,842384264192970482,842384265307518360,36,56,,,interpolated,247.0,773.0,-635.0
52.457061801,842384264211861124,842384265307518360,36,57,,,interpolated,248.0,767.0,-633.0
52.475952443,842384264230751766,842384265307518360,36,58,,,interpolated,245.0,770.0,-632.0
52.494843085,842384264249642408,842384265307518360,36,59,,,interpolated,243.0,769.0,-630.0
52.513733727,842384264268533050,842384265307518360,36,60,,,interpolated,240.0,775.0,-631.0
52.532624369,842384264287423692,842384265307518360,36,61,,,interpolated,242.0,774.0,-631.0
52.551515011,842384264306314334,842384265307518360,36,62,,,interpolated,240.0,771.0,-631.0
52.570405653,842384264325204976,842384265307518360,36,63,,,interpolated,242.0,771.0,-635.0
52.589296295,842384264344095618,842384265307518360,36,64,,,interpolated,244.0,767.0,-634.0
52.608186937,842384264362986260,842384265307518360,36,65,,,interpolated,244.0,770.0,-631.0
52.627077579,842384264381876902,842384265307518360,36,66,,,interpolated,240.0,772.0,-634.0
52.645968221,842384264400767544,842384265307518360,36,67,,,interpolated,242.0,774.0,-635.0
52.664858863,842384264419658186,842384265307518360,36,68,,,interpolated,242.0,769.0,-632.0
52.683749505,842384264438548828,842384265307518360,36,69,,,interpolated,239.0,773.0,-634.0
52.702640147,842384264457439470,842384265307518360,36,70,,,interpolated,243.0,763.0,-627.0
52.721530789,842384264476330112,842384265307518360,36,71,,,interpolated,246.0,773.0,-630.0
52.740421431,842384264495220754,842384265307518360,36,72,,,interpolated,243.0,774.0,-633.0
52.759312073,842384264514111396,842384265307518360,36,73,,,interpolated,243.0,767.0,-633.0
52.778202715,842384264533002038,842384265307518360,36,74,,,interpolated,242.0,769.0,-638.0
52.797093357,842384264551892680,842384265307518360,36,75,,,interpolated,241.0,773.0,-636.0
52.815983999,842384264570783322,842384265307518360,36,76,,,interpolated,242.0,772.0,-634.0
52.834874641,842384264589673964,842384265307518360,36,77,,,interpolated,243.0,772.0,-633.0
52.853765283,842384264608564606,842384265307518360,36,78,,,interpolated,243.0,774.0,-636.0
52.872655925,842384264627455248,842384265307518360,36,79,,,interpolated,243.0,770.0,-639.0
52.891546567,842384264646345890,842384265307518360,36,80,,,interpolated,243.0,771.0,-629.0
52.910437209,842384264665236532,842384265307518360,36,81,,,interpolated,239.0,770.0,-633.0
52.929327851,842384264684127174,842384265307518360,36,82,,,interpolated,247.0,767.0,-633.0
52.948218493,842384264703017816,842384265307518360,36,83,,,interpolated,241.0,769.0,-630.0
52.967109135,842384264721908458,842384265307518360,36,84,,,interpolated,228.0,776.0,-639.0
52.985999777,842384264740799100,842384265307518360,36,85,,,interpolated,239.0,775.0,-634.0
53.004890419,842384264759689742,842384265307518360,36,86,,,interpolated,239.0,764.0,-636.0
53.023781061,842384264778580384,842384265307518360,36,87,,,interpolated,250.0,764.0,-634.0
53.042671703,842384264797471026,842384265307518360,36,88,,,interpolated,243.0,770.0,-629.0
53.061562345,842384264816361668,842384265307518360,36,89,,,interpolated,235.0,777.0,-632.0
53.080452987,842384264835252310,842384265307518360,36,90,,,interpolated,241.0,764.0,-632.0
53.099343629,842384264854142952,842384265307518360,36,91,,,interpolated,249.0,765.0,-640.0
53.118234271,842384264873033594,842384265307518360,36,92,,,interpolated,244.0,779.0,-633.0
53.137124913,842384264891924236,842384265307518360,36,93,,,interpolated,244.0,772.0,-636.0
53.156015555,842384264910814878,842384265307518360,36,94,,,interpolated,238.0,770.0,-631.0
53.174906197,842384264929705520,842384265307518360,36,95,,,interpolated,230.0,772.0,-634.0
53.193796839,842384264948596162,842384265307518360,36,96,,,interpolated,236.0,774.0,-631.0
53.212687481,842384264967486804,842384265307518360,36,97,,,interpolated,249.0,765.0,-639.0
53.231578123,842384264986377446,842384265307518360,36,98,,,interpolated,251.0,769.0,-635.0
53.250468765,842384265005268088,842384265307518360,36,99,,,interpolated,250.0,769.0,-636.0
53.269359407,842384265024158730,842384265307518360,36,100,,,interpolated,245.0,770.0,-633.0
53.288250049,842384265043049372,842384265307518360,36,101,,,interpolated,245.0,769.0,-632.0
53.307140691,842384265061940014,842384265307518360,36,102,,,interpolated,245.0,766.0,-634.0
53.326031333,842384265080830656,842384265307518360,36,103,,,interpolated,246.0,773.0,-633.0
53.344921975,842384265099721298,842384265307518360,36,104,,,interpolated,243.0,771.0,-634.0
53.363812617,842384265118611940,842384265307518360,36,105,,,interpolated,240.0,763.0,-638.0
53.382703259,842384265137502582,842384265307518360,36,106,,,interpolated,242.0,766.0,-636.0
53.401593901,842384265156393224,842384265307518360,36,107,,,interpolated,242.0,769.0,-634.0
53.420484543,842384265175283866,842384265307518360,36,108,,,interpolated,245.0,768.0,-636.0
53.439375185,842384265194174508,842384265307518360,36,109,,,interpolated,246.0,763.0,-636.0
53.458265827,842384265213065150,842384265307518360,36,110,,,interpolated,245.0,767.0,-635.0
53.477156469,842384265231955792,842384265307518360,36,111,,,interpolated,240.0,768.0,-641.0
53.496047111,842384265250846434,842384265307518360,36,112,,,interpolated,246.0,765.0,-632.0
53.514937753,842384265269737076,842384265307518360,36,113,,,interpolated,245.0,766.0,-639.0
53.533828395,842384265288627718,842384265307518360,36,114,,,interpolated,246.0,772.0,-639.0
53.552719037,842384265307518360,842384265307518360,36,115,,,interpolated,243.0,764.0,-632.0
53.571609679,842384265326409002,842384267517723474,37,0,,,interpolated,241.0,768.0,-634.0
53.590500321,842384265345299644,842384267517723474,37,1,,,interpolated,246.0,767.0,-636.0
53.609390963,842384265364190286,842384267517723474,37,2,,,interpolated,251.0,766.0,-633.0
53.628281605,842384265383080928,842384267517723474,37,3,,,interpolated,245.0,769.0,-635.0
53.647172247,842384265401971570,842384267517723474,37,4,,,interpolated,240.0,772.0,-635.0
53.666062889,842384265420862212,842384267517723474,37,5,,,interpolated,239.0,769.0,-637.0
53.684953531,842384265439752854,842384267517723474,37,6,,,interpolated,251.0,765.0,-635.0
53.703844173,842384265458643496,842384267517723474,37,7,,,interpolated,246.0,764.0,-635.0
53.722734815,842384265477534138,842384267517723474,37,8,,,interpolated,247.0,770.0,-635.0
53.741625457,842384265496424780,842384267517723474,37,9,,,interpolated,247.0,768.0,-634.0
53.760516099,842384265515315422,842384267517723474,37,10,,,interpolated,246.0,772.0,-639.0
53.779406741,842384265534206064,842384267517723474,37,11,,,interpolated,246.0,768.0,-638.0
53.798297383,842384265553096706,842384267517723474,37,12,,,interpolated,247.0,769.0,-635.0
53.817188025,842384265571987348,842384267517723474,37,13,,,interpolated,243.0,765.0,-639.0
53.836078667,842384265590877990,842384267517723474,37,14,,,interpolated,243.0,766.0,-636.0
53.854969309,842384265609768632,842384267517723474,37,15,,,interpolated,251.0,769.0,-642.0
53.873859951,842384265628659274,842384267517723474,37,16,,,interpolated,245.0,770.0,-632.0
53.892750593,842384265647549916,842384267517723474,37,17,,,interpolated,256.0,768.0,-632.0
53.911641235,842384265666440558,842384267517723474,37,18,,,interpolated,253.0,764.0,-635.0
53.930531877,842384265685331200,842384267517723474,37,19,,,interpolated,247.0,765.0,-638.0
53.949422519,842384265704221842,842384267517723474,37,20,,,interpolated,238.0,774.0,-635.0
53.968313161,842384265723112484,842384267517723474,37,21,,,interpolated,236.0,775.0,-630.0
53.987203803,842384265742003126,842384267517723474,37,22,,,interpolated,239.0,769.0,-634.0
54.006094445,842384265760893768,842384267517723474,37,23,,,interpolated,241.0,769.0,-635.0
54.024985087,842384265779784410,842384267517723474,37,24,,,interpolated,245.0,766.0,-636.0
54.043875729,842384265798675052,842384267517723474,37,25,,,interpolated,251.0,762.0,-634.0
54.062766371,842384265817565694,842384267517723474,37,26,,,interpolated,248.0,767.0,-635.0
54.081657013,842384265836456336,842384267517723474,37,27,,,interpolated,242.0,770.0,-635.0
54.100547655,842384265855346978,842384267517723474,37,28,,,interpolated,246.0,768.0,-637.0
54.119438297,842384265874237620,842384267517723474,37,29,,,interpolated,249.0,767.0,-635.0
54.138328939,842384265893128262,842384267517723474,37,30,,,interpolated,244.0,774.0,-631.0
54.157219581,842384265912018904,842384267517723474,37,31,,,interpolated,245.0,770.0,-637.0
54.176110223,842384265930909546,842384267517723474,37,32,,,interpolated,246.0,767.0,-636.0
54.195000865,842384265949800188,842384267517723474,37,33,,,interpolated,248.0,766.0,-632.0
54.213891507,842384265968690830,842384267517723474,37,34,,,interpolated,251.0,763.0,-641.0
54.232782149,842384265987581472,842384267517723474,37,35,,,interpolated,243.0,770.0,-632.0
54.251672791,842384266006472114,842384267517723474,37,36,,,interpolated,240.0,770.0,-637.0
54.270563433,842384266025362756,842384267517723474,37,37,,,interpolated,243.0,770.0,-636.0
54.289454075,842384266044253398,842384267517723474,37,38,,,interpolated,250.0,770.0,-634.0
54.308344717,842384266063144040,842384267517723474,37,39,,,interpolated,259.0,767.0,-637.0
54.327235359,842384266082034682,842384267517723474,37,40,,,interpolated,248.0,767.0,-635.0
54.346126001,842384266100925324,842384267517723474,37,41,,,interpolated,243.0,774.0,-635.0
54.365016643,842384266119815966,842384267517723474,37,42,,,interpolated,239.0,768.0,-631.0
54.383907285,842384266138706608,842384267517723474,37,43,,,interpolated,250.0,768.0,-634.0
54.402797927,842384266157597250,842384267517723474,37,44,,,interpolated,256.0,764.0,-634.0
54.421688569,842384266176487892,842384267517723474,37,45,,,interpolated,254.0,771.0,-635.0
54.440579211,842384266195378534,842384267517723474,37,46,,,interpolated,243.0,773.0,-632.0
54.459469853,842384266214269176,842384267517723474,37,47,,,interpolated,240.0,771.0,-633.0
54.478360495,842384266233159818,842384267517723474,37,48,,,interpolated,242.0,767.0,-638.0
54.497251137,842384266252050460,842384267517723474,37,49,,,interpolated,249.0,769.0,-629.0
54.516141779,842384266270941102,842384267517723474,37,50,,,interpolated,254.0,768.0,-630.0
54.535032421,842384266289831744,842384267517723474,37,51,,,interpolated,246.0,765.0,-636.0
54.553923063,842384266308722386,842384267517723474,37,52,,,interpolated,247.0,769.0,-632.0
54.572813705,842384266327613028,842384267517723474,37,53,,,interpolated,244.0,773.0,-633.0
54.591704347,842384266346503670,842384267517723474,37,54,,,interpolated,236.0,772.0,-634.0
54.610594989,842384266365394312,842384267517723474,37,55,,,interpolated,241.0,767.0,-634.0
54.629485631,842384266384284954,842384267517723474,37,56,,,interpolated,247.0,772.0,-637.0
54.648376273,842384266403175596,842384267517723474,37,57,,,interpolated,253.0,770.0,-636.0
54.667266915,842384266422066238,842384267517723474,37,58,,,interpolated,251.0,767.0,-635.0
54.686157557,842384266440956880,842384267517723474,37,59,,,interpolated,243.0,767.0,-633.0
54.705048199,842384266459847522,842384267517723474,37,60,,,interpolated,243.0,773.0,-635.0
54.723938841,842384266478738164,842384267517723474,37,61,,,interpolated,253.0,754.0,-644.0
54.742829483,842384266497628806,842384267517723474,37,62,,,interpolated,248.0,765.0,-637.0
54.761720125,842384266516519448,842384267517723474,37,63,,,interpolated,240.0,780.0,-631.0
54.780610767,842384266535410090,842384267517723474,37,64,,,interpolated,235.0,773.0,-635.0
54.799501409,842384266554300732,842384267517723474,37,65,,,interpolated,241.0,765.0,-640.0
54.818392051,842384266573191374,842384267517723474,37,66,,,interpolated,247.0,767.0,-635.0
54.837282693,842384266592082016,842384267517723474,37,67,,,interpolated,253.0,766.0,-635.0
54.856173335,842384266610972658,842384267517723474,37,68,,,interpolated,253.0,761.0,-638.0
54.875063977,842384266629863300,842384267517723474,37,69,,,interpolated,247.0,768.0,-632.0
54.893954619,842384266648753942,842384267517723474,37,70,,,interpolated,244.0,764.0,-635.0
54.912845261,842384266667644584,842384267517723474,37,71,,,interpolated,256.0,765.0,-633.0
54.931735903,842384266686535226,842384267517723474,37,72,,,interpolated,255.0,767.0,-631.0
54.950626545,842384266705425868,842384267517723474,37,73,,,interpolated,257.0,768.0,-641.0
54.969517187,842384266724316510,842384267517723474,37,74,,,interpolated,253.0,766.0,-629.0
54.988407829,842384266743207152,842384267517723474,37,75,,,interpolated,245.0,764.0,-636.0
55.007298471,842384266762097794,842384267517723474,37,76,,,interpolated,249.0,767.0,-635.0
55.026189113,842384266780988436,842384267517723474,37,77,,,interpolated,245.0,765.0,-636.0
55.045079755,842384266799879078,842384267517723474,37,78,,,interpolated,251.0,768.0,-633.0
55.063970397,842384266818769720,842384267517723474,37,79,,,interpolated,247.0,766.0,-633.0
55.082861039,842384266837660362,842384267517723474,37,80,,,interpolated,244.0,770.0,-635.0
55.101751681,842384266856551004,842384267517723474,37,81,,,interpolated,247.0,771.0,-639.0
55.120642323,842384266875441646,842384267517723474,37,82,,,interpolated,252.0,770.0,-630.0
55.139532965,842384266894332288,842384267517723474,37,83,,,interpolated,246.0,768.0,-633.0
55.158423607,842384266913222930,842384267517723474,37,84,,,interpolated,245.0,768.0,-636.0
55.177314249,842384266932113572,842384267517723474,37,85,,,interpolated,240.0,767.0,-634.0
55.196204891,842384266951004214,842384267517723474,37,86,,,interpolated,249.0,762.0,-638.0
55.215095533,842384266969894856,842384267517723474,37,87,,,interpolated,252.0,767.0,-637.0
55.233986175,842384266988785498,842384267517723474,37,88,,,interpolated,251.0,772.0,-640.0
55.252876817,842384267007676140,842384267517723474,37,89,,,interpolated,254.0,762.0,-640.0
55.271767459,842384267026566782,842384267517723474,37,90,,,interpolated,243.0,762.0,-632.0
55.290658101,842384267045457424,842384267517723474,37,91,,,interpolated,238.0,770.0,-636.0
55.309548743,842384267064348066,842384267517723474,37,92,,,interpolated,249.0,772.0,-638.0
55.328439385,842384267083238708,842384267517723474,37,93,,,interpolated,253.0,765.0,-642.0
55.347330027,842384267102129350,842384267517723474,37,94,,,interpolated,273.0,762.0,-637.0
55.366220669,842384267121019992,842384267517723474,37,95,,,interpolated,260.0,765.0,-634.0
55.385111311,842384267139910634,842384267517723474,37,96,,,interpolated,246.0,768.0,-646.0
55.404001953,842384267158801276,842384267517723474,37,97,,,interpolated,245.0,766.0,-633.0
55.422892595,842384267177691918,842384267517723474,37,98,,,interpolated,243.0,769.0,-626.0
55.441783237,842384267196582560,842384267517723474,37,99,,,interpolated,238.0,769.0,-629.0
55.460673879,842384267215473202,842384267517723474,37,100,,,interpolated,244.0,769.0,-628.0
55.479564521,842384267234363844,842384267517723474,37,101,,,interpolated,251.0,763.0,-629.0
55.498455163,842384267253254486,842384267517723474,37,102,,,interpolated,257.0,769.0,-628.0
55.517345805,842384267272145128,842384267517723474,37,103,,,interpolated,254.0,770.0,-621.0
55.536236447,842384267291035770,842384267517723474,37,104,,,interpolated,253.0,760.0,-630.0
55.555127089,842384267309926412,842384267517723474,37,105,,,interpolated,261.0,766.0,-631.0
55.574017731,842384267328817054,842384267517723474,37,106,,,interpolated,255.0,778.0,-626.0
55.592908373,842384267347707696,842384267517723474,37,107,,,interpolated,254.0,773.0,-628.0
55.611799015,842384267366598338,842384267517723474,37,108,,,interpolated,249.0,770.0,-628.0
55.630689657,842384267385488980,842384267517723474,37,109,,,interpolated,250.0,767.0,-624.0
55.649580299,842384267404379622,842384267517723474,37,110,,,interpolated,259.0,771.0,-629.0
55.668470941,842384267423270264,842384267517723474,37,111,,,interpolated,268.0,765.0,-633.0
55.687361583,842384267442160906,842384267517723474,37,112,,,interpolated,263.0,755.0,-627.0
55.706252225,842384267461051548,842384267517723474,37,113,,,interpolated,256.0,768.0,-629.0
55.725142867,842384267479942190,842384267517723474,37,114,,,interpolated,258.0,763.0,-630.0
55.744033509,842384267498832832,842384267517723474,37,115,,,interpolated,266.0,770.0,-629.0
55.762924151,842384267517723474,842384267517723474,37,116,,,interpolated,266.0,770.0,-630.0
55.781814793,842384267536614116,842384269727928588,38,0,,,interpolated,255.0,764.0,-630.0
55.800705435,842384267555504758,842384269727928588,38,1,,,interpolated,247.0,771.0,-626.0
55.819596077,842384267574395400,842384269727928588,38,2,,,interpolated,249.0,770.0,-634.0
55.838486719,842384267593286042,842384269727928588,38,3,,,interpolated,252.0,767.0,-631.0
55.857377361,842384267612176684,842384269727928588,38,4,,,interpolated,258.0,767.0,-630.0
55.876268003,842384267631067326,842384269727928588,38,5,,,interpolated,256.0,762.0,-631.0
55.895158645,842384267649957968,842384269727928588,38,6,,,interpolated,255.0,762.0,-634.0
55.914049287,842384267668848610,842384269727928588,38,7,,,interpolated,262.0,766.0,-632.0
55.932939929,842384267687739252,842384269727928588,38,8,,,interpolated,263.0,770.0,-634.0
55.951830571,842384267706629894,842384269727928588,38,9,,,interpolated,257.0,766.0,-631.0
55.970721213,842384267725520536,842384269727928588,38,10,,,interpolated,259.0,768.0,-631.0
55.989611855,842384267744411178,842384269727928588,38,11,,,interpolated,255.0,763.0,-633.0
56.008502497,842384267763301820,842384269727928588,38,12,,,interpolated,253.0,762.0,-636.0
56.027393139,842384267782192462,842384269727928588,38,13,,,interpolated,259.0,763.0,-629.0
56.046283781,842384267801083104,842384269727928588,38,14,,,interpolated,263.0,766.0,-633.0
56.065174423,842384267819973746,842384269727928588,38,15,,,interpolated,258.0,765.0,-631.0
56.084065065,842384267838864388,842384269727928588,38,16,,,interpolated,259.0,761.0,-632.0
56.102955707,842384267857755030,842384269727928588,38,17,,,interpolated,253.0,769.0,-638.0
56.121846349,842384267876645672,842384269727928588,38,18,,,interpolated,256.0,764.0,-628.0
56.140736991,842384267895536314,842384269727928588,38,19,,,interpolated,256.0,763.0,-634.0
56.159627633,842384267914426956,842384269727928588,38,20,,,interpolated,260.0,763.0,-633.0
56.178518275,842384267933317598,842384269727928588,38,21,,,interpolated,256.0,764.0,-633.0
56.197408917,842384267952208240,842384269727928588,38,22,,,interpolated,255.0,765.0,-631.0
56.216299559,842384267971098882,842384269727928588,38,23,,,interpolated,255.0,761.0,-633.0
56.235190201,842384267989989524,842384269727928588,38,24,,,interpolated,260.0,760.0,-637.0
56.254080843,842384268008880166,842384269727928588,38,25,,,interpolated,255.0,760.0,-638.0
56.272971485,842384268027770808,842384269727928588,38,26,,,interpolated,259.0,764.0,-638.0
56.291862127,842384268046661450,842384269727928588,38,27,,,interpolated,257.0,761.0,-635.0
56.310752769,842384268065552092,842384269727928588,38,28,,,interpolated,255.0,768.0,-630.0
56.329643411,842384268084442734,842384269727928588,38,29,,,interpolated,256.0,763.0,-632.0
56.348534053,842384268103333376,842384269727928588,38,30,,,interpolated,258.0,753.0,-644.0
56.367424695,842384268122224018,842384269727928588,38,31,,,interpolated,254.0,768.0,-637.0
56.386315337,842384268141114660,842384269727928588,38,32,,,interpolated,255.0,772.0,-636.0
56.405205979,842384268160005302,842384269727928588,38,33,,,interpolated,262.0,768.0,-633.0
56.424096621,842384268178895944,842384269727928588,38,34,,,interpolated,251.0,762.0,-630.0
56.442987263,842384268197786586,842384269727928588,38,35,,,interpolated,250.0,766.0,-631.0
56.461877905,842384268216677228,842384269727928588,38,36,,,interpolated,256.0,760.0,-637.0
56.480768547,842384268235567870,842384269727928588,38,37,,,interpolated,268.0,756.0,-631.0
56.499659189,842384268254458512,842384269727928588,38,38,,,interpolated,262.0,758.0,-637.0
56.518549831,842384268273349154,842384269727928588,38,39,,,interpolated,260.0,764.0,-634.0
56.537440473,842384268292239796,842384269727928588,38,40,,,interpolated,257.0,765.0,-632.0
56.556331115,842384268311130438,842384269727928588,38,41,,,interpolated,260.0,766.0,-636.0
56.575221757,842384268330021080,842384269727928588,38,42,,,interpolated,259.0,764.0,-638.0
56.594112399,842384268348911722,842384269727928588,38,43,,,interpolated,261.0,759.0,-635.0
56.613003041,842384268367802364,842384269727928588,38,44,,,interpolated,258.0,767.0,-636.0
56.631893683,842384268386693006,842384269727928588,38,45,,,interpolated,253.0,759.0,-630.0
56.650784325,842384268405583648,842384269727928588,38,46,,,interpolated,255.0,763.0,-637.0
56.669674967,842384268424474290,842384269727928588,38,47,,,interpolated,251.0,763.0,-635.0
56.688565609,842384268443364932,842384269727928588,38,48,,,interpolated,252.0,763.0,-631.0
56.707456251,842384268462255574,842384269727928588,38,49,,,interpolated,255.0,764.0,-640.0
56.726346893,842384268481146216,842384269727928588,38,50,,,interpolated,256.0,763.0,-630.0
56.745237535,842384268500036858,842384269727928588,38,51,,,interpolated,258.0,761.0,-634.0
56.764128177,842384268518927500,842384269727928588,38,52,,,interpolated,252.0,766.0,-640.0
56.783018819,842384268537818142,842384269727928588,38,53,,,interpolated,256.0,766.0,-636.0
56.801909461,842384268556708784,842384269727928588,38,54,,,interpolated,258.0,759.0,-636.0
56.820800103,842384268575599426,842384269727928588,38,55,,,interpolated,259.0,760.0,-634.0
56.839690745,842384268594490068,842384269727928588,38,56,,,interpolated,256.0,762.0,-635.0
56.858581387,842384268613380710,842384269727928588,38,57,,,interpolated,257.0,766.0,-640.0
56.877472029,842384268632271352,842384269727928588,38,58,,,interpolated,255.0,763.0,-632.0
56.896362671,842384268651161994,842384269727928588,38,59,,,interpolated,257.0,761.0,-636.0
56.915253313,842384268670052636,842384269727928588,38,60,,,interpolated,256.0,762.0,-635.0
56.934143955,842384268688943278,842384269727928588,38,61,,,interpolated,257.0,767.0,-637.0
56.953034597,842384268707833920,842384269727928588,38,62,,,interpolated,258.0,765.0,-634.0
56.971925239,842384268726724562,842384269727928588,38,63,,,interpolated,256.0,762.0,-635.0
56.990815881,842384268745615204,842384269727928588,38,64,,,interpolated,259.0,766.0,-639.0
57.009706523,842384268764505846,842384269727928588,38,65,,,interpolated,254.0,766.0,-637.0
57.028597165,842384268783396488,842384269727928588,38,66,,,interpolated,250.0,768.0,-638.0
57.047487807,842384268802287130,842384269727928588,38,67,,,interpolated,251.0,758.0,-640.0
57.066378449,842384268821177772,842384269727928588,38,68,,,interpolated,254.0,760.0,-639.0
57.085269091,842384268840068414,842384269727928588,38,69,,,interpolated,254.0,765.0,-639.0
57.104159733,842384268858959056,842384269727928588,38,70,,,interpolated,256.0,761.0,-637.0
57.123050375,842384268877849698,842384269727928588,38,71,,,interpolated,254.0,762.0,-635.0
57.141941017,842384268896740340,842384269727928588,38,72,,,interpolated,252.0,771.0,-636.0
57.160831659,842384268915630982,842384269727928588,38,73,,,interpolated,256.0,752.0,-634.0
57.179722301,842384268934521624,842384269727928588,38,74,,,interpolated,256.0,759.0,-642.0
57.198612943,842384268953412266,842384269727928588,38,75,,,interpolated,247.0,767.0,-633.0
57.217503585,842384268972302908,842384269727928588,38,76,,,interpolated,249.0,765.0,-637.0
57.236394227,842384268991193550,842384269727928588,38,77,,,interpolated,249.0,760.0,-635.0
57.255284869,842384269010084192,842384269727928588,38,78,,,interpolated,246.0,765.0,-633.0
57.274175511,842384269028974834,842384269727928588,38,79,,,interpolated,260.0,765.0,-635.0
57.293066153,842384269047865476,842384269727928588,38,80,,,interpolated,262.0,756.0,-638.0
57.311956795,842384269066756118,842384269727928588,38,81,,,interpolated,252.0,765.0,-634.0
57.330847437,842384269085646760,842384269727928588,38,82,,,interpolated,256.0,761.0,-637.0
57.349738079,842384269104537402,842384269727928588,38,83,,,interpolated,258.0,758.0,-640.0
57.368628721,842384269123428044,842384269727928588,38,84,,,interpolated,262.0,763.0,-639.0
57.387519363,842384269142318686,842384269727928588,38,85,,,interpolated,256.0,760.0,-642.0
57.406410005,842384269161209328,842384269727928588,38,86,,,interpolated,252.0,768.0,-638.0
57.425300647,842384269180099970,842384269727928588,38,87,,,interpolated,248.0,762.0,-638.0
57.444191289,842384269198990612,842384269727928588,38,88,,,interpolated,255.0,755.0,-637.0
57.463081931,842384269217881254,842384269727928588,38,89,,,interpolated,261.0,760.0,-643.0
57.481972573,842384269236771896,842384269727928588,38,90,,,interpolated,254.0,758.0,-636.0
57.500863215,842384269255662538,842384269727928588,38,91,,,interpolated,245.0,759.0,-637.0
57.519753857,842384269274553180,842384269727928588,38,92,,,interpolated,246.0,764.0,-638.0
57.538644499,842384269293443822,842384269727928588,38,93,,,interpolated,255.0,758.0,-638.0
57.557535141,842384269312334464,842384269727928588,38,94,,,interpolated,264.0,758.0,-637.0
57.576425783,842384269331225106,842384269727928588,38,95,,,interpolated,260.0,763.0,-638.0
57.595316425,842384269350115748,842384269727928588,38,96,,,interpolated,253.0,763.0,-638.0
57.614207067,842384269369006390,842384269727928588,38,97,,,interpolated,248.0,761.0,-642.0
57.633097709,842384269387897032,842384269727928588,38,98,,,interpolated,249.0,761.0,-639.0
57.651988351,842384269406787674,842384269727928588,38,99,,,interpolated,255.0,762.0,-638.0
57.670878993,842384269425678316,842384269727928588,38,100,,,interpolated,259.0,759.0,-642.0
57.689769635,842384269444568958,842384269727928588,38,101,,,interpolated,254.0,762.0,-637.0
57.708660277,842384269463459600,842384269727928588,38,102,,,interpolated,258.0,760.0,-638.0
57.727550919,842384269482350242,842384269727928588,38,103,,,interpolated,253.0,760.0,-638.0
57.746441561,842384269501240884,842384269727928588,38,104,,,interpolated,251.0,762.0,-634.0
57.765332203,842384269520131526,842384269727928588,38,105,,,interpolated,250.0,762.0,-638.0
57.784222845,842384269539022168,842384269727928588,38,106,,,interpolated,254.0,763.0,-635.0
57.803113487,842384269557912810,842384269727928588,38,107,,,interpolated,255.0,762.0,-639.0
57.822004129,842384269576803452,842384269727928588,38,108,,,interpolated,254.0,762.0,-641.0
57.840894771,842384269595694094,842384269727928588,38,109,,,interpolated,255.0,764.0,-633.0
57.859785413,842384269614584736,842384269727928588,38,110,,,interpolated,259.0,762.0,-641.0
57.878676055,842384269633475378,842384269727928588,38,111,,,interpolated,259.0,760.0,-645.0
57.897566697,842384269652366020,842384269727928588,38,112,,,interpolated,256.0,762.0,-634.0
57.916457339,842384269671256662,842384269727928588,38,113,,,interpolated,249.0,764.0,-638.0
57.935347981,842384269690147304,842384269727928588,38,114,,,interpolated,256.0,756.0,-642.0
57.954238623,842384269709037946,842384269727928588,38,115,,,interpolated,250.0,762.0,-640.0
57.973129265,842384269727928588,842384269727928588,38,116,,,interpolated,254.0,760.0,-633.0
57.992019907,842384269746819230,842384271938133702,39,0,,,interpolated,263.0,753.0,-641.0
58.010910549,842384269765709872,842384271938133702,39,1,,,interpolated,255.0,760.0,-645.0
58.029801191,842384269784600514,842384271938133702,39,2,,,interpolated,247.0,765.0,-637.0
58.048691833,842384269803491156,842384271938133702,39,3,,,interpolated,252.0,763.0,-643.0
58.067582475,842384269822381798,842384271938133702,39,4,,,interpolated,244.0,761.0,-640.0
58.086473117,842384269841272440,842384271938133702,39,5,,,interpolated,247.0,758.0,-638.0
58.105363759,842384269860163082,842384271938133702,39,6,,,interpolated,251.0,761.0,-638.0
58.124254401,842384269879053724,842384271938133702,39,7,,,interpolated,258.0,757.0,-638.0
58.143145043,842384269897944366,842384271938133702,39,8,,,interpolated,261.0,757.0,-641.0
58.162035685,842384269916835008,842384271938133702,39,9,,,interpolated,258.0,760.0,-640.0
58.180926327,842384269935725650,842384271938133702,39,10,,,interpolated,261.0,760.0,-634.0
58.199816969,842384269954616292,842384271938133702,39,11,,,interpolated,258.0,760.0,-637.0
58.218707611,842384269973506934,842384271938133702,39,12,,,interpolated,252.0,763.0,-639.0
58.237598253,842384269992397576,842384271938133702,39,13,,,interpolated,247.0,764.0,-636.0
58.256488895,842384270011288218,842384271938133702,39,14,,,interpolated,252.0,755.0,-643.0
58.275379537,842384270030178860,842384271938133702,39,15,,,interpolated,258.0,756.0,-640.0
58.294270179,842384270049069502,842384271938133702,39,16,,,interpolated,257.0,759.0,-641.0
58.313160821,842384270067960144,842384271938133702,39,17,,,interpolated,256.0,758.0,-642.0
58.332051463,842384270086850786,842384271938133702,39,18,,,interpolated,258.0,760.0,-633.0
58.350942105,842384270105741428,842384271938133702,39,19,,,interpolated,257.0,763.0,-637.0
58.369832747,842384270124632070,842384271938133702,39,20,,,interpolated,261.0,764.0,-637.0
58.388723389,842384270143522712,842384271938133702,39,21,,,interpolated,261.0,754.0,-642.0
58.407614031,842384270162413354,842384271938133702,39,22,,,interpolated,261.0,760.0,-635.0
58.426504673,842384270181303996,842384271938133702,39,23,,,interpolated,255.0,761.0,-637.0
58.445395315,842384270200194638,842384271938133702,39,24,,,interpolated,249.0,763.0,-639.0
58.464285957,842384270219085280,842384271938133702,39,25,,,interpolated,253.0,764.0,-636.0
58.483176599,842384270237975922,842384271938133702,39,26,,,interpolated,251.0,759.0,-639.0
58.502067241,842384270256866564,842384271938133702,39,27,,,interpolated,260.0,762.0,-639.0
58.520957883,842384270275757206,842384271938133702,39,28,,,interpolated,257.0,762.0,-636.0
58.539848525,842384270294647848,842384271938133702,39,29,,,interpolated,253.0,759.0,-639.0
58.558739167,842384270313538490,842384271938133702,39,30,,,interpolated,257.0,762.0,-637.0
58.577629809,842384270332429132,842384271938133702,39,31,,,interpolated,254.0,766.0,-638.0
58.596520451,842384270351319774,842384271938133702,39,32,,,interpolated,251.0,765.0,-635.0
58.615411093,842384270370210416,842384271938133702,39,33,,,interpolated,260.0,762.0,-636.0
58.634301735,842384270389101058,842384271938133702,39,34,,,interpolated,254.0,761.0,-637.0
58.653192377,842384270407991700,842384271938133702,39,35,,,interpolated,257.0,763.0,-632.0
58.672083019,842384270426882342,842384271938133702,39,36,,,interpolated,254.0,765.0,-635.0
58.690973661,842384270445772984,842384271938133702,39,37,,,interpolated,251.0,764.0,-635.0
58.709864303,842384270464663626,842384271938133702,39,38,,,interpolated,253.0,763.0,-638.0
58.728754945,842384270483554268,842384271938133702,39,39,,,interpolated,252.0,762.0,-636.0
58.747645587,842384270502444910,842384271938133702,39,40,,,interpolated,257.0,761.0,-635.0
58.766536229,842384270521335552,842384271938133702,39,41,,,interpolated,257.0,762.0,-638.0
58.785426871,842384270540226194,842384271938133702,39,42,,,interpolated,257.0,765.0,-637.0
58.804317513,842384270559116836,842384271938133702,39,43,,,interpolated,254.0,767.0,-635.0
58.823208155,842384270578007478,842384271938133702,39,44,,,interpolated,256.0,759.0,-635.0
58.842098797,842384270596898120,842384271938133702,39,45,,,interpolated,258.0,760.0,-640.0
58.860989439,842384270615788762,842384271938133702,39,46,,,interpolated,252.0,773.0,-637.0
58.879880081,842384270634679404,842384271938133702,39,47,,,interpolated,252.0,768.0,-635.0
58.898770723,842384270653570046,842384271938133702,39,48,,,interpolated,245.0,763.0,-637.0
58.917661365,842384270672460688,842384271938133702,39,49,,,interpolated,254.0,762.0,-634.0
58.936552007,842384270691351330,842384271938133702,39,50,,,interpolated,265.0,765.0,-635.0
58.955442649,842384270710241972,842384271938133702,39,51,,,interpolated,263.0,758.0,-633.0
58.974333291,842384270729132614,842384271938133702,39,52,,,interpolated,251.0,764.0,-630.0
58.993223933,842384270748023256,842384271938133702,39,53,,,interpolated,243.0,767.0,-628.0
59.012114575,842384270766913898,842384271938133702,39,54,,,interpolated,253.0,761.0,-633.0
59.031005217,842384270785804540,842384271938133702,39,55,,,interpolated,261.0,764.0,-637.0
59.049895859,842384270804695182,842384271938133702,39,56,,,interpolated,266.0,767.0,-636.0
59.068786501,842384270823585824,842384271938133702,39,57,,,interpolated,256.0,766.0,-636.0
59.087677143,842384270842476466,842384271938133702,39,58,,,interpolated,254.0,758.0,-636.0
59.106567785,842384270861367108,842384271938133702,39,59,,,interpolated,253.0,760.0,-637.0
59.125458427,842384270880257750,842384271938133702,39,60,,,interpolated,254.0,766.0,-636.0
59.144349069,842384270899148392,842384271938133702,39,61,,,interpolated,259.0,768.0,-634.0
59.163239711,842384270918039034,842384271938133702,39,62,,,interpolated,255.0,765.0,-633.0
59.182130353,842384270936929676,842384271938133702,39,63,,,interpolated,250.0,763.0,-635.0
59.201020995,842384270955820318,842384271938133702,39,64,,,interpolated,252.0,761.0,-631.0
59.219911637,842384270974710960,842384271938133702,39,65,,,interpolated,257.0,761.0,-636.0
59.238802279,842384270993601602,842384271938133702,39,66,,,interpolated,262.0,763.0,-636.0
59.257692921,842384271012492244,842384271938133702,39,67,,,interpolated,261.0,765.0,-638.0
59.276583563,842384271031382886,842384271938133702,39,68,,,interpolated,250.0,758.0,-639.0
59.295474205,842384271050273528,842384271938133702,39,69,,,interpolated,245.0,762.0,-633.0
59.314364847,842384271069164170,842384271938133702,39,70,,,interpolated,258.0,761.0,-633.0
59.333255489,842384271088054812,842384271938133702,39,71,,,interpolated,263.0,761.0,-640.0
59.352146131,842384271106945454,842384271938133702,39,72,,,interpolated,260.0,761.0,-635.0
59.371036773,842384271125836096,842384271938133702,39,73,,,interpolated,253.0,760.0,-635.0
59.389927415,842384271144726738,842384271938133702,39,74,,,interpolated,253.0,761.0,-631.0
59.408818057,842384271163617380,842384271938133702,39,75,,,interpolated,263.0,765.0,-633.0
59.427708699,842384271182508022,842384271938133702,39,76,,,interpolated,257.0,760.0,-638.0
59.446599341,842384271201398664,842384271938133702,39,77,,,interpolated,257.0,762.0,-638.0
59.465489983,842384271220289306,842384271938133702,39,78,,,interpolated,248.0,764.0,-637.0
59.484380625,842384271239179948,842384271938133702,39,79,,,interpolated,256.0,760.0,-636.0
59.503271267,842384271258070590,842384271938133702,39,80,,,interpolated,261.0,762.0,-641.0
59.522161909,842384271276961232,842384271938133702,39,81,,,interpolated,257.0,761.0,-638.0
59.541052551,842384271295851874,842384271938133702,39,82,,,interpolated,255.0,760.0,-639.0
59.559943193,842384271314742516,842384271938133702,39,83,,,interpolated,254.0,763.0,-639.0
59.578833835,842384271333633158,842384271938133702,39,84,,,interpolated,259.0,760.0,-635.0
59.597724477,842384271352523800,842384271938133702,39,85,,,interpolated,260.0,758.0,-638.0
59.616615119,842384271371414442,842384271938133702,39,86,,,interpolated,253.0,761.0,-633.0
59.635505761,842384271390305084,842384271938133702,39,87,,,interpolated,250.0,761.0,-633.0
59.654396403,842384271409195726,842384271938133702,39,88,,,interpolated,256.0,757.0,-635.0
59.673287045,842384271428086368,842384271938133702,39,89,,,interpolated,261.0,755.0,-644.0
59.692177687,842384271446977010,842384271938133702,39,90,,,interpolated,249.0,768.0,-635.0
59.711068329,842384271465867652,842384271938133702,39,91,,,interpolated,249.0,769.0,-639.0
59.729958971,842384271484758294,842384271938133702,39,92,,,interpolated,249.0,762.0,-635.0
59.748849613,842384271503648936,842384271938133702,39,93,,,interpolated,254.0,760.0,-637.0
59.767740255,842384271522539578,842384271938133702,39,94,,,interpolated,262.0,760.0,-639.0
59.786630897,842384271541430220,842384271938133702,39,95,,,interpolated,261.0,760.0,-637.0
59.805521539,842384271560320862,842384271938133702,39,96,,,interpolated,256.0,759.0,-638.0
59.824412181,842384271579211504,842384271938133702,39,97,,,interpolated,248.0,762.0,-637.0
59.843302823,842384271598102146,842384271938133702,39,98,,,interpolated,250.0,762.0,-639.0
59.862193465,842384271616992788,842384271938133702,39,99,,,interpolated,264.0,760.0,-639.0
59.881084107,842384271635883430,842384271938133702,39,100,,,interpolated,262.0,762.0,-636.0
59.899974749,842384271654774072,842384271938133702,39,101,,,interpolated,258.0,761.0,-640.0
59.918865391,842384271673664714,842384271938133702,39,102,,,interpolated,254.0,762.0,-637.0
59.937756033,842384271692555356,842384271938133702,39,103,,,interpolated,255.0,757.0,-643.0
59.956646675,842384271711445998,842384271938133702,39,104,,,interpolated,252.0,757.0,-639.0
59.975537317,842384271730336640,842384271938133702,39,105,,,interpolated,255.0,761.0,-643.0
59.994427959,842384271749227282,842384271938133702,39,106,,,interpolated,250.0,754.0,-644.0
60.013318601,842384271768117924,842384271938133702,39,107,,,interpolated,273.0,757.0,-637.0
60.032209243,842384271787008566,842384271938133702,39,108,,,interpolated,263.0,760.0,-643.0
60.051099885,842384271805899208,842384271938133702,39,109,,,interpolated,251.0,765.0,-634.0
60.069990527,842384271824789850,842384271938133702,39,110,,,interpolated,244.0,756.0,-633.0
60.088881169,842384271843680492,842384271938133702,39,111,,,interpolated,244.0,762.0,-637.0
60.107771811,842384271862571134,842384271938133702,39,112,,,interpolated,243.0,762.0,-637.0
60.126662453,842384271881461776,842384271938133702,39,113,,,interpolated,260.0,764.0,-642.0
60.145553095,842384271900352418,842384271938133702,39,114,,,interpolated,261.0,754.0,-638.0
60.164443737,842384271919243060,842384271938133702,39,115,,,interpolated,262.0,760.0,-634.0
60.183334379,842384271938133702,842384271938133702,39,116,,,interpolated,252.0,764.0,-637.0
60.202225231,842384271957024554,842384273581637856,40,0,,,interpolated,259.0,764.0,-636.0
60.221116084,842384271975915407,842384273581637856,40,1,,,interpolated,261.0,760.0,-636.0
60.240006936,842384271994806259,842384273581637856,40,2,,,interpolated,260.0,762.0,-642.0
60.258897788,842384272013697111,842384273581637856,40,3,,,interpolated,259.0,756.0,-637.0
60.277788641,842384272032587964,842384273581637856,40,4,,,interpolated,258.0,759.0,-638.0
60.296679493,842384272051478816,842384273581637856,40,5,,,interpolated,255.0,760.0,-639.0
60.315570345,842384272070369668,842384273581637856,40,6,,,interpolated,260.0,763.0,-637.0
60.334461198,842384272089260521,842384273581637856,40,7,,,interpolated,265.0,760.0,-638.0
60.35335205,842384272108151373,842384273581637856,40,8,,,interpolated,259.0,763.0,-633.0
60.372242902,842384272127042225,842384273581637856,40,9,,,interpolated,241.0,770.0,-632.0
60.391133755,842384272145933078,842384273581637856,40,10,,,interpolated,216.0,796.0,-627.0
60.410024607,842384272164823930,842384273581637856,40,11,,,interpolated,192.0,822.0,-633.0
60.428915459,842384272183714782,842384273581637856,40,12,,,interpolated,149.0,868.0,-625.0
60.447806312,842384272202605635,842384273581637856,40,13,,,interpolated,135.0,945.0,-610.0
60.466697164,842384272221496487,842384273581637856,40,14,,,interpolated,185.0,976.0,-598.0
60.485588017,842384272240387340,842384273581637856,40,15,,,interpolated,142.0,993.0,-610.0
60.504478869,842384272259278192,842384273581637856,40,16,,,interpolated,86.0,993.0,-573.0
60.523369721,842384272278169044,842384273581637856,40,17,,,interpolated,70.0,965.0,-543.0
60.542260574,842384272297059897,842384273581637856,40,18,,,interpolated,3.0,921.0,-672.0
60.561151426,842384272315950749,842384273581637856,40,19,,,interpolated,-37.0,867.0,-689.0
60.580042278,842384272334841601,842384273581637856,40,20,,,interpolated,-68.0,773.0,-612.0
60.598933131,842384272353732454,842384273581637856,40,21,,,interpolated,-65.0,737.0,-582.0
60.617823983,842384272372623306,842384273581637856,40,22,,,interpolated,-23.0,812.0,-599.0
60.636714835,842384272391514158,842384273581637856,40,23,,,interpolated,38.0,802.0,-577.0
60.655605688,842384272410405011,842384273581637856,40,24,,,interpolated,96.0,795.0,-536.0
60.67449654,842384272429295863,842384273581637856,40,25,,,interpolated,168.0,792.0,-475.0
60.693387392,842384272448186715,842384273581637856,40,26,,,interpolated,253.0,824.0,-424.0
60.712278245,842384272467077568,842384273581637856,40,27,,,interpolated,365.0,892.0,-377.0
60.731169097,842384272485968420,842384273581637856,40,28,,,interpolated,489.0,888.0,-341.0
60.750059949,842384272504859272,842384273581637856,40,29,,,interpolated,639.0,824.0,-304.0
60.768950802,842384272523750125,842384273581637856,40,30,,,interpolated,751.0,756.0,-308.0
60.787841654,842384272542640977,842384273581637856,40,31,,,interpolated,804.0,687.0,-313.0
60.806732506,842384272561531829,842384273581637856,40,32,,,interpolated,846.0,637.0,-336.0
60.825623359,842384272580422682,842384273581637856,40,33,,,interpolated,872.0,628.0,-347.0
60.844514211,842384272599313534,842384273581637856,40,34,,,interpolated,884.0,618.0,-364.0
60.863405063,842384272618204386,842384273581637856,40,35,,,interpolated,836.0,596.0,-384.0
60.882295916,842384272637095239,842384273581637856,40,36,,,interpolated,768.0,614.0,-390.0
60.901186768,842384272655986091,842384273581637856,40,37,,,interpolated,682.0,662.0,-382.0
60.92007762,842384272674876943,842384273581637856,40,38,,,interpolated,607.0,700.0,-411.0
60.938968473,842384272693767796,842384273581637856,40,39,,,interpolated,498.0,743.0,-443.0
60.957859325,842384272712658648,842384273581637856,40,40,,,interpolated,481.0,774.0,-422.0
60.976750177,842384272731549500,842384273581637856,40,41,,,interpolated,494.0,825.0,-400.0
60.99564103,842384272750440353,842384273581637856,40,42,,,interpolated,460.0,795.0,-498.0
61.014531882,842384272769331205,842384273581637856,40,43,,,interpolated,378.0,819.0,-521.0
61.033422735,842384272788222058,842384273581637856,40,44,,,interpolated,370.0,868.0,-426.0
61.052313587,842384272807112910,842384273581637856,40,45,,,interpolated,353.0,884.0,-429.0
61.071204439,842384272826003762,842384273581637856,40,46,,,interpolated,369.0,849.0,-476.0
61.090095292,842384272844894615,842384273581637856,40,47,,,interpolated,357.0,791.0,-489.0
61.108986144,842384272863785467,842384273581637856,40,48,,,interpolated,360.0,770.0,-483.0
61.127876996,842384272882676319,842384273581637856,40,49,,,interpolated,377.0,793.0,-472.0
61.146767849,842384272901567172,842384273581637856,40,50,,,interpolated,404.0,812.0,-462.0
61.165658701,842384272920458024,842384273581637856,40,51,,,interpolated,430.0,822.0,-440.0
61.184549553,842384272939348876,842384273581637856,40,52,,,interpolated,446.0,842.0,-423.0
61.203440406,842384272958239729,842384273581637856,40,53,,,interpolated,448.0,864.0,-427.0
61.222331258,842384272977130581,842384273581637856,40,54,,,interpolated,425.0,878.0,-437.0
61.24122211,842384272996021433,842384273581637856,40,55,,,interpolated,407.0,878.0,-442.0
61.260112963,842384273014912286,842384273581637856,40,56,,,interpolated,395.0,862.0,-437.0
61.279003815,842384273033803138,842384273581637856,40,57,,,interpolated,382.0,854.0,-434.0
61.297894667,842384273052693990,842384273581637856,40,58,,,interpolated,371.0,853.0,-460.0
61.31678552,842384273071584843,842384273581637856,40,59,,,interpolated,385.0,850.0,-445.0
61.335676372,842384273090475695,842384273581637856,40,60,,,interpolated,377.0,839.0,-446.0
61.354567224,842384273109366547,842384273581637856,40,61,,,interpolated,372.0,840.0,-441.0
61.373458077,842384273128257400,842384273581637856,40,62,,,interpolated,363.0,851.0,-447.0
61.392348929,842384273147148252,842384273581637856,40,63,,,interpolated,355.0,859.0,-462.0
61.411239781,842384273166039104,842384273581637856,40,64,,,interpolated,350.0,867.0,-471.0
61.430130634,842384273184929957,842384273581637856,40,65,,,interpolated,336.0,859.0,-493.0
61.449021486,842384273203820809,842384273581637856,40,66,,,interpolated,337.0,835.0,-472.0
61.467912338,842384273222711661,842384273581637856,40,67,,,interpolated,348.0,823.0,-449.0
61.486803191,842384273241602514,842384273581637856,40,68,,,interpolated,349.0,812.0,-443.0
61.505694043,842384273260493366,842384273581637856,40,69,,,interpolated,347.0,810.0,-431.0
61.524584895,842384273279384218,842384273581637856,40,70,,,interpolated,338.0,818.0,-441.0
61.543475748,842384273298275071,842384273581637856,40,71,,,interpolated,334.0,831.0,-441.0
61.5623666,842384273317165923,842384273581637856,40,72,,,interpolated,343.0,831.0,-444.0
61.581257453,842384273336056776,842384273581637856,40,73,,,interpolated,335.0,839.0,-451.0
61.600148305,842384273354947628,842384273581637856,40,74,,,interpolated,342.0,841.0,-448.0
61.619039157,842384273373838480,842384273581637856,40,75,,,interpolated,348.0,852.0,-450.0
61.63793001,842384273392729333,842384273581637856,40,76,,,interpolated,361.0,852.0,-458.0
61.656820862,842384273411620185,842384273581637856,40,77,,,interpolated,362.0,850.0,-470.0
61.675711714,842384273430511037,842384273581637856,40,78,,,interpolated,359.0,854.0,-476.0
61.694602567,842384273449401890,842384273581637856,40,79,,,interpolated,345.0,871.0,-482.0
61.713493419,842384273468292742,842384273581637856,40,80,,,interpolated,319.0,898.0,-503.0
61.732384271,842384273487183594,842384273581637856,40,81,,,interpolated,346.0,888.0,-551.0
61.751275124,842384273506074447,842384273581637856,40,82,,,interpolated,318.0,858.0,-535.0
61.770165976,842384273524965299,842384273581637856,40,83,,,interpolated,363.0,837.0,-497.0
61.789056828,842384273543856151,842384273581637856,40,84,,,interpolated,430.0,827.0,-497.0
61.807947681,842384273562747004,842384273581637856,40,85,,,interpolated,469.0,804.0,-532.0
61.826838533,842384273581637856,842384273581637856,40,86,,,interpolated,489.0,780.0,-526.0
61.845729306,842384273600528629,842384275338479780,41,0,,,interpolated,505.0,785.0,-515.0
61.86462008,842384273619419403,842384275338479780,41,1,,,interpolated,535.0,768.0,-485.0
61.883510853,842384273638310176,842384275338479780,41,2,,,interpolated,535.0,767.0,-471.0
61.902401627,842384273657200950,842384275338479780,41,3,,,interpolated,518.0,760.0,-467.0
61.9212924,842384273676091723,842384275338479780,41,4,,,interpolated,517.0,734.0,-476.0
61.940183173,842384273694982496,842384275338479780,41,5,,,interpolated,517.0,725.0,-493.0
61.959073947,842384273713873270,842384275338479780,41,6,,,interpolated,513.0,734.0,-537.0
61.97796472,842384273732764043,842384275338479780,41,7,,,interpolated,478.0,770.0,-565.0
61.996855493,842384273751654816,842384275338479780,41,8,,,interpolated,484.0,773.0,-568.0
62.015746267,842384273770545590,842384275338479780,41,9,,,interpolated,461.0,739.0,-575.0
62.03463704,842384273789436363,842384275338479780,41,10,,,interpolated,439.0,743.0,-514.0
62.053527814,842384273808327137,842384275338479780,41,11,,,interpolated,431.0,747.0,-468.0
62.072418587,842384273827217910,842384275338479780,41,12,,,interpolated,400.0,749.0,-441.0
62.09130936,842384273846108683,842384275338479780,41,13,,,interpolated,353.0,756.0,-453.0
62.110200134,842384273864999457,842384275338479780,41,14,,,interpolated,322.0,745.0,-470.0
62.129090907,842384273883890230,842384275338479780,41,15,,,interpolated,304.0,725.0,-467.0
62.14798168,842384273902781003,842384275338479780,41,16,,,interpolated,315.0,702.0,-468.0
62.166872454,842384273921671777,842384275338479780,41,17,,,interpolated,324.0,691.0,-474.0
62.185763227,842384273940562550,842384275338479780,41,18,,,interpolated,324.0,698.0,-491.0
62.204654001,842384273959453324,842384275338479780,41,19,,,interpolated,316.0,701.0,-504.0
62.223544774,842384273978344097,842384275338479780,41,20,,,interpolated,329.0,706.0,-495.0
62.242435547,842384273997234870,842384275338479780,41,21,,,interpolated,348.0,710.0,-505.0
62.261326321,842384274016125644,842384275338479780,41,22,,,interpolated,366.0,718.0,-519.0
62.280217094,842384274035016417,842384275338479780,41,23,,,interpolated,381.0,738.0,-538.0
62.299107867,842384274053907190,842384275338479780,41,24,,,interpolated,384.0,787.0,-572.0
62.317998641,842384274072797964,842384275338479780,41,25,,,interpolated,398.0,809.0,-601.0
62.336889414,842384274091688737,842384275338479780,41,26,,,interpolated,395.0,805.0,-619.0
62.355780188,842384274110579511,842384275338479780,41,27,,,interpolated,373.0,793.0,-597.0
62.374670961,842384274129470284,842384275338479780,41,28,,,interpolated,365.0,812.0,-566.0
62.393561734,842384274148361057,842384275338479780,41,29,,,interpolated,363.0,825.0,-579.0
62.412452508,842384274167251831,842384275338479780,41,30,,,interpolated,337.0,819.0,-590.0
62.431343281,842384274186142604,842384275338479780,41,31,,,interpolated,279.0,813.0,-596.0
62.450234054,842384274205033377,842384275338479780,41,32,,,interpolated,274.0,807.0,-600.0
62.469124828,842384274223924151,842384275338479780,41,33,,,interpolated,300.0,812.0,-615.0
62.488015601,842384274242814924,842384275338479780,41,34,,,interpolated,327.0,810.0,-667.0
62.506906375,842384274261705698,842384275338479780,41,35,,,interpolated,334.0,819.0,-710.0
62.525797148,842384274280596471,842384275338479780,41,36,,,interpolated,342.0,824.0,-646.0
62.544687921,842384274299487244,842384275338479780,41,37,,,interpolated,359.0,812.0,-599.0
62.563578695,842384274318378018,842384275338479780,41,38,,,interpolated,416.0,793.0,-581.0
62.582469468,842384274337268791,842384275338479780,41,39,,,interpolated,453.0,797.0,-516.0
62.601360241,842384274356159564,842384275338479780,41,40,,,interpolated,407.0,788.0,-445.0
62.620251015,842384274375050338,842384275338479780,41,41,,,interpolated,351.0,786.0,-448.0
62.639141788,842384274393941111,842384275338479780,41,42,,,interpolated,415.0,839.0,-566.0
62.658032562,842384274412831885,842384275338479780,41,43,,,interpolated,496.0,832.0,-534.0
62.676923335,842384274431722658,842384275338479780,41,44,,,interpolated,459.0,769.0,-506.0
62.695814108,842384274450613431,842384275338479780,41,45,,,interpolated,441.0,714.0,-445.0
62.714704882,842384274469504205,842384275338479780,41,46,,,interpolated,442.0,762.0,-433.0
62.733595655,842384274488394978,842384275338479780,41,47,,,interpolated,471.0,788.0,-450.0
62.752486428,842384274507285751,842384275338479780,41,48,,,interpolated,472.0,800.0,-453.0
62.771377202,842384274526176525,842384275338479780,41,49,,,interpolated,460.0,799.0,-451.0
62.790267975,842384274545067298,842384275338479780,41,50,,,interpolated,424.0,806.0,-469.0
62.809158749,842384274563958072,842384275338479780,41,51,,,interpolated,395.0,798.0,-497.0
62.828049522,842384274582848845,842384275338479780,41,52,,,interpolated,396.0,779.0,-519.0
62.846940295,842384274601739618,842384275338479780,41,53,,,interpolated,406.0,781.0,-506.0
62.865831069,842384274620630392,842384275338479780,41,54,,,interpolated,406.0,795.0,-499.0
62.884721842,842384274639521165,842384275338479780,41,55,,,interpolated,419.0,799.0,-483.0
62.903612615,842384274658411938,842384275338479780,41,56,,,interpolated,414.0,789.0,-476.0
62.922503389,842384274677302712,842384275338479780,41,57,,,interpolated,423.0,788.0,-466.0
62.941394162,842384274696193485,842384275338479780,41,58,,,interpolated,426.0,794.0,-465.0
62.960284936,842384274715084259,842384275338479780,41,59,,,interpolated,436.0,800.0,-468.0
62.979175709,842384274733975032,842384275338479780,41,60,,,interpolated,432.0,794.0,-468.0
62.998066482,842384274752865805,842384275338479780,41,61,,,interpolated,424.0,794.0,-472.0
63.016957256,842384274771756579,842384275338479780,41,62,,,interpolated,415.0,797.0,-466.0
63.035848029,842384274790647352,842384275338479780,41,63,,,interpolated,413.0,799.0,-461.0
63.054738802,842384274809538125,842384275338479780,41,64,,,interpolated,402.0,809.0,-454.0
63.073629576,842384274828428899,842384275338479780,41,65,,,interpolated,413.0,804.0,-458.0
63.092520349,842384274847319672,842384275338479780,41,66,,,interpolated,428.0,794.0,-463.0
63.111411123,842384274866210446,842384275338479780,41,67,,,interpolated,427.0,801.0,-459.0
63.130301896,842384274885101219,842384275338479780,41,68,,,interpolated,422.0,807.0,-460.0
63.149192669,842384274903991992,842384275338479780,41,69,,,interpolated,424.0,808.0,-460.0
63.168083443,842384274922882766,842384275338479780,41,70,,,interpolated,420.0,798.0,-464.0
63.186974216,842384274941773539,842384275338479780,41,71,,,interpolated,428.0,793.0,-465.0
63.205864989,842384274960664312,842384275338479780,41,72,,,interpolated,433.0,796.0,-463.0
63.224755763,842384274979555086,842384275338479780,41,73,,,interpolated,439.0,796.0,-463.0
63.243646536,842384274998445859,842384275338479780,41,74,,,interpolated,437.0,798.0,-461.0
63.26253731,842384275017336633,842384275338479780,41,75,,,interpolated,433.0,788.0,-462.0
63.281428083,842384275036227406,842384275338479780,41,76,,,interpolated,433.0,796.0,-455.0
63.300318856,842384275055118179,842384275338479780,41,77,,,interpolated,426.0,802.0,-456.0
63.31920963,842384275074008953,842384275338479780,41,78,,,interpolated,425.0,802.0,-473.0
63.338100403,842384275092899726,842384275338479780,41,79,,,interpolated,426.0,794.0,-468.0
63.356991176,842384275111790499,842384275338479780,41,80,,,interpolated,436.0,789.0,-469.0
63.37588195,842384275130681273,842384275338479780,41,81,,,interpolated,439.0,786.0,-472.0
63.394772723,842384275149572046,842384275338479780,41,82,,,interpolated,431.0,791.0,-472.0
63.413663497,842384275168462820,842384275338479780,41,83,,,interpolated,427.0,795.0,-469.0
63.43255427,842384275187353593,842384275338479780,41,84,,,interpolated,423.0,795.0,-470.0
63.451445043,842384275206244366,842384275338479780,41,85,,,interpolated,426.0,791.0,-473.0
63.470335817,842384275225135140,842384275338479780,41,86,,,interpolated,439.0,789.0,-472.0
63.48922659,842384275244025913,842384275338479780,41,87,,,interpolated,441.0,791.0,-463.0
63.508117363,842384275262916686,842384275338479780,41,88,,,interpolated,438.0,796.0,-459.0
63.527008137,842384275281807460,842384275338479780,41,89,,,interpolated,432.0,796.0,-465.0
63.54589891,842384275300698233,842384275338479780,41,90,,,interpolated,424.0,798.0,-465.0
63.564789684,842384275319589007,842384275338479780,41,91,,,interpolated,409.0,800.0,-470.0
63.583680457,842384275338479780,842384275338479780,41,92,,,interpolated,402.0,799.0,-468.0
63.602571099,842384275357370422,842384277548684894,42,0,,,interpolated,398.0,805.0,-477.0
63.621461741,842384275376261064,842384277548684894,42,1,,,interpolated,396.0,808.0,-473.0
63.640352383,842384275395151706,842384277548684894,42,2,,,interpolated,402.0,799.0,-476.0
63.659243025,842384275414042348,842384277548684894,42,3,,,interpolated,410.0,798.0,-469.0
63.678133667,842384275432932990,842384277548684894,42,4,,,interpolated,420.0,794.0,-474.0
63.697024309,842384275451823632,842384277548684894,42,5,,,interpolated,429.0,796.0,-477.0
63.715914951,842384275470714274,842384277548684894,42,6,,,interpolated,429.0,789.0,-474.0
63.734805593,842384275489604916,842384277548684894,42,7,,,interpolated,430.0,792.0,-476.0
63.753696235,842384275508495558,842384277548684894,42,8,,,interpolated,427.0,791.0,-477.0
63.772586877,842384275527386200,842384277548684894,42,9,,,interpolated,427.0,796.0,-477.0
63.791477519,842384275546276842,842384277548684894,42,10,,,interpolated,421.0,797.0,-480.0
63.810368161,842384275565167484,842384277548684894,42,11,,,interpolated,415.0,794.0,-478.0
63.829258803,842384275584058126,842384277548684894,42,12,,,interpolated,415.0,793.0,-477.0
63.848149445,842384275602948768,842384277548684894,42,13,,,interpolated,415.0,791.0,-481.0
63.867040087,842384275621839410,842384277548684894,42,14,,,interpolated,416.0,794.0,-485.0
63.885930729,842384275640730052,842384277548684894,42,15,,,interpolated,414.0,805.0,-471.0
63.904821371,842384275659620694,842384277548684894,42,16,,,interpolated,417.0,798.0,-474.0
63.923712013,842384275678511336,842384277548684894,42,17,,,interpolated,426.0,789.0,-479.0
63.942602655,842384275697401978,842384277548684894,42,18,,,interpolated,434.0,795.0,-479.0
63.961493297,842384275716292620,842384277548684894,42,19,,,interpolated,425.0,796.0,-474.0
63.980383939,842384275735183262,842384277548684894,42,20,,,interpolated,416.0,795.0,-477.0
63.999274581,842384275754073904,842384277548684894,42,21,,,interpolated,412.0,793.0,-475.0
64.018165223,842384275772964546,842384277548684894,42,22,,,interpolated,416.0,795.0,-481.0
64.037055865,842384275791855188,842384277548684894,42,23,,,interpolated,423.0,791.0,-478.0
64.055946507,842384275810745830,842384277548684894,42,24,,,interpolated,427.0,790.0,-472.0
64.074837149,842384275829636472,842384277548684894,42,25,,,interpolated,420.0,793.0,-479.0
64.093727791,842384275848527114,842384277548684894,42,26,,,interpolated,424.0,793.0,-479.0
64.112618433,842384275867417756,842384277548684894,42,27,,,interpolated,419.0,796.0,-484.0
64.131509075,842384275886308398,842384277548684894,42,28,,,interpolated,419.0,791.0,-478.0
64.150399717,842384275905199040,842384277548684894,42,29,,,interpolated,419.0,791.0,-477.0
64.169290359,842384275924089682,842384277548684894,42,30,,,interpolated,414.0,794.0,-483.0
64.188181001,842384275942980324,842384277548684894,42,31,,,interpolated,423.0,790.0,-482.0
64.207071643,842384275961870966,842384277548684894,42,32,,,interpolated,420.0,785.0,-477.0
64.225962285,842384275980761608,842384277548684894,42,33,,,interpolated,416.0,787.0,-482.0
64.244852927,842384275999652250,842384277548684894,42,34,,,interpolated,419.0,789.0,-481.0
64.263743569,842384276018542892,842384277548684894,42,35,,,interpolated,417.0,793.0,-487.0
64.282634211,842384276037433534,842384277548684894,42,36,,,interpolated,410.0,792.0,-484.0
64.301524853,842384276056324176,842384277548684894,42,37,,,interpolated,410.0,795.0,-486.0
64.320415495,842384276075214818,842384277548684894,42,38,,,interpolated,410.0,792.0,-485.0
64.339306137,842384276094105460,842384277548684894,42,39,,,interpolated,420.0,789.0,-483.0
64.358196779,842384276112996102,842384277548684894,42,40,,,interpolated,424.0,788.0,-483.0
64.377087421,842384276131886744,842384277548684894,42,41,,,interpolated,419.0,793.0,-483.0
64.395978063,842384276150777386,842384277548684894,42,42,,,interpolated,413.0,791.0,-488.0
64.414868705,842384276169668028,842384277548684894,42,43,,,interpolated,415.0,790.0,-487.0
64.433759347,842384276188558670,842384277548684894,42,44,,,interpolated,414.0,794.0,-487.0
64.452649989,842384276207449312,842384277548684894,42,45,,,interpolated,419.0,793.0,-484.0
64.471540631,842384276226339954,842384277548684894,42,46,,,interpolated,415.0,795.0,-487.0
64.490431273,842384276245230596,842384277548684894,42,47,,,interpolated,416.0,785.0,-484.0
64.509321915,842384276264121238,842384277548684894,42,48,,,interpolated,419.0,788.0,-487.0
64.528212557,842384276283011880,842384277548684894,42,49,,,interpolated,413.0,791.0,-486.0
64.547103199,842384276301902522,842384277548684894,42,50,,,interpolated,415.0,790.0,-488.0
64.565993841,842384276320793164,842384277548684894,42,51,,,interpolated,416.0,795.0,-487.0
64.584884483,842384276339683806,842384277548684894,42,52,,,interpolated,417.0,790.0,-482.0
64.603775125,842384276358574448,842384277548684894,42,53,,,interpolated,420.0,796.0,-484.0
64.622665767,842384276377465090,842384277548684894,42,54,,,interpolated,416.0,791.0,-489.0
64.641556409,842384276396355732,842384277548684894,42,55,,,interpolated,415.0,786.0,-492.0
64.660447051,842384276415246374,842384277548684894,42,56,,,interpolated,413.0,789.0,-489.0
64.679337693,842384276434137016,842384277548684894,42,57,,,interpolated,416.0,788.0,-485.0
64.698228335,842384276453027658,842384277548684894,42,58,,,interpolated,419.0,789.0,-497.0
64.717118977,842384276471918300,842384277548684894,42,59,,,interpolated,419.0,793.0,-485.0
64.736009619,842384276490808942,842384277548684894,42,60,,,interpolated,418.0,794.0,-487.0
64.754900261,842384276509699584,842384277548684894,42,61,,,interpolated,415.0,785.0,-486.0
64.773790903,842384276528590226,842384277548684894,42,62,,,interpolated,416.0,790.0,-490.0
64.792681545,842384276547480868,842384277548684894,42,63,,,interpolated,416.0,797.0,-489.0
64.811572187,842384276566371510,842384277548684894,42,64,,,interpolated,414.0,794.0,-486.0
64.830462829,842384276585262152,842384277548684894,42,65,,,interpolated,410.0,789.0,-484.0
64.849353471,842384276604152794,842384277548684894,42,66,,,interpolated,405.0,792.0,-488.0
64.868244113,842384276623043436,842384277548684894,42,67,,,interpolated,408.0,793.0,-490.0
64.887134755,842384276641934078,842384277548684894,42,68,,,interpolated,416.0,788.0,-489.0
64.906025397,842384276660824720,842384277548684894,42,69,,,interpolated,419.0,790.0,-489.0
64.924916039,842384276679715362,842384277548684894,42,70,,,interpolated,417.0,787.0,-488.0
64.943806681,842384276698606004,842384277548684894,42,71,,,interpolated,410.0,787.0,-486.0
64.962697323,842384276717496646,842384277548684894,42,72,,,interpolated,411.0,792.0,-486.0
64.981587965,842384276736387288,842384277548684894,42,73,,,interpolated,416.0,785.0,-491.0
65.000478607,842384276755277930,842384277548684894,42,74,,,interpolated,421.0,781.0,-492.0
65.019369249,842384276774168572,842384277548684894,42,75,,,interpolated,430.0,782.0,-489.0
65.038259891,842384276793059214,842384277548684894,42,76,,,interpolated,428.0,787.0,-485.0
65.057150533,842384276811949856,842384277548684894,42,77,,,interpolated,425.0,793.0,-484.0
65.076041175,842384276830840498,842384277548684894,42,78,,,interpolated,420.0,793.0,-479.0
65.094931817,842384276849731140,842384277548684894,42,79,,,interpolated,425.0,792.0,-484.0
65.113822459,842384276868621782,842384277548684894,42,80,,,interpolated,423.0,786.0,-498.0
65.132713101,842384276887512424,842384277548684894,42,81,,,interpolated,415.0,784.0,-492.0
65.151603743,842384276906403066,842384277548684894,42,82,,,interpolated,407.0,792.0,-492.0
65.170494385,842384276925293708,842384277548684894,42,83,,,interpolated,404.0,792.0,-490.0
65.189385027,842384276944184350,842384277548684894,42,84,,,interpolated,412.0,793.0,-492.0
65.208275669,842384276963074992,842384277548684894,42,85,,,interpolated,416.0,788.0,-490.0
65.227166311,842384276981965634,842384277548684894,42,86,,,interpolated,409.0,788.0,-499.0
65.246056953,842384277000856276,842384277548684894,42,87,,,interpolated,402.0,790.0,-494.0
65.264947595,842384277019746918,842384277548684894,42,88,,,interpolated,406.0,793.0,-493.0
65.283838237,842384277038637560,842384277548684894,42,89,,,interpolated,412.0,793.0,-492.0
65.302728879,842384277057528202,842384277548684894,42,90,,,interpolated,413.0,790.0,-486.0
65.321619521,842384277076418844,842384277548684894,42,91,,,interpolated,413.0,790.0,-492.0
65.340510163,842384277095309486,842384277548684894,42,92,,,interpolated,407.0,792.0,-495.0
65.359400805,842384277114200128,842384277548684894,42,93,,,interpolated,407.0,788.0,-492.0
65.378291447,842384277133090770,842384277548684894,42,94,,,interpolated,405.0,790.0,-488.0
65.397182089,842384277151981412,842384277548684894,42,95,,,interpolated,408.0,792.0,-489.0
65.416072731,842384277170872054,842384277548684894,42,96,,,interpolated,412.0,784.0,-492.0
65.434963373,842384277189762696,842384277548684894,42,97,,,interpolated,410.0,791.0,-495.0
65.453854015,842384277208653338,842384277548684894,42,98,,,interpolated,410.0,793.0,-494.0
65.472744657,842384277227543980,842384277548684894,42,99,,,interpolated,405.0,796.0,-493.0
65.491635299,842384277246434622,842384277548684894,42,100,,,interpolated,408.0,795.0,-493.0
65.510525941,842384277265325264,842384277548684894,42,101,,,interpolated,409.0,786.0,-499.0
65.529416583,842384277284215906,842384277548684894,42,102,,,interpolated,409.0,787.0,-493.0
65.548307225,842384277303106548,842384277548684894,42,103,,,interpolated,406.0,787.0,-499.0
65.567197867,842384277321997190,842384277548684894,42,104,,,interpolated,406.0,791.0,-497.0
65.586088509,842384277340887832,842384277548684894,42,105,,,interpolated,408.0,794.0,-492.0
65.604979151,842384277359778474,842384277548684894,42,106,,,interpolated,410.0,789.0,-489.0
65.623869793,842384277378669116,842384277548684894,42,107,,,interpolated,408.0,786.0,-500.0
65.642760435,842384277397559758,842384277548684894,42,108,,,interpolated,414.0,785.0,-498.0
65.661651077,842384277416450400,842384277548684894,42,109,,,interpolated,406.0,799.0,-500.0
65.680541719,842384277435341042,842384277548684894,42,110,,,interpolated,407.0,785.0,-490.0
65.699432361,842384277454231684,842384277548684894,42,111,,,interpolated,403.0,785.0,-492.0
65.718323003,842384277473122326,842384277548684894,42,112,,,interpolated,401.0,796.0,-492.0
65.737213645,842384277492012968,842384277548684894,42,113,,,interpolated,413.0,803.0,-496.0
65.756104287,842384277510903610,842384277548684894,42,114,,,interpolated,406.0,777.0,-488.0
65.774994929,842384277529794252,842384277548684894,42,115,,,interpolated,415.0,784.0,-496.0
65.793885571,842384277548684894,842384277548684894,42,116,,,interpolated,411.0,790.0,-496.0
65.812776213,842384277567575536,842384279796671292,43,0,,,interpolated,410.0,785.0,-501.0
65.831666855,842384277586466178,842384279796671292,43,1,,,interpolated,414.0,788.0,-498.0
65.850557497,842384277605356820,842384279796671292,43,2,,,interpolated,413.0,788.0,-484.0
65.869448139,842384277624247462,842384279796671292,43,3,,,interpolated,417.0,789.0,-483.0
65.888338781,842384277643138104,842384279796671292,43,4,,,interpolated,407.0,795.0,-500.0
65.907229423,842384277662028746,842384279796671292,43,5,,,interpolated,410.0,788.0,-502.0
65.926120065,842384277680919388,842384279796671292,43,6,,,interpolated,407.0,781.0,-498.0
65.945010707,842384277699810030,842384279796671292,43,7,,,interpolated,409.0,795.0,-494.0
65.963901349,842384277718700672,842384279796671292,43,8,,,interpolated,406.0,786.0,-492.0
65.982791991,842384277737591314,842384279796671292,43,9,,,interpolated,414.0,792.0,-500.0
66.001682633,842384277756481956,842384279796671292,43,10,,,interpolated,405.0,794.0,-487.0
66.020573275,842384277775372598,842384279796671292,43,11,,,interpolated,409.0,795.0,-488.0
66.039463917,842384277794263240,842384279796671292,43,12,,,interpolated,409.0,793.0,-492.0
66.058354559,842384277813153882,842384279796671292,43,13,,,interpolated,409.0,791.0,-497.0
66.077245201,842384277832044524,842384279796671292,43,14,,,interpolated,410.0,787.0,-497.0
66.096135843,842384277850935166,842384279796671292,43,15,,,interpolated,414.0,790.0,-497.0
66.115026485,842384277869825808,842384279796671292,43,16,,,interpolated,409.0,793.0,-483.0
66.133917127,842384277888716450,842384279796671292,43,17,,,interpolated,413.0,793.0,-488.0
66.152807769,842384277907607092,842384279796671292,43,18,,,interpolated,407.0,796.0,-492.0
66.171698411,842384277926497734,842384279796671292,43,19,,,interpolated,405.0,790.0,-493.0
66.190589053,842384277945388376,842384279796671292,43,20,,,interpolated,411.0,792.0,-494.0
66.209479695,842384277964279018,842384279796671292,43,21,,,interpolated,410.0,790.0,-494.0
66.228370337,842384277983169660,842384279796671292,43,22,,,interpolated,405.0,794.0,-498.0
66.247260979,842384278002060302,842384279796671292,43,23,,,interpolated,408.0,795.0,-492.0
66.266151621,842384278020950944,842384279796671292,43,24,,,interpolated,413.0,791.0,-488.0
66.285042263,842384278039841586,842384279796671292,43,25,,,interpolated,410.0,795.0,-488.0
66.303932905,842384278058732228,842384279796671292,43,26,,,interpolated,403.0,792.0,-493.0
66.322823547,842384278077622870,842384279796671292,43,27,,,interpolated,401.0,792.0,-494.0
66.341714189,842384278096513512,842384279796671292,43,28,,,interpolated,407.0,793.0,-492.0
66.360604831,842384278115404154,842384279796671292,43,29,,,interpolated,411.0,793.0,-490.0
66.379495473,842384278134294796,842384279796671292,43,30,,,interpolated,410.0,793.0,-494.0
66.398386115,842384278153185438,842384279796671292,43,31,,,interpolated,413.0,788.0,-488.0
66.417276757,842384278172076080,842384279796671292,43,32,,,interpolated,412.0,789.0,-487.0
66.436167399,842384278190966722,842384279796671292,43,33,,,interpolated,409.0,795.0,-494.0
66.455058041,842384278209857364,842384279796671292,43,34,,,interpolated,406.0,798.0,-492.0
66.473948683,842384278228748006,842384279796671292,43,35,,,interpolated,411.0,796.0,-481.0
66.492839325,842384278247638648,842384279796671292,43,36,,,interpolated,410.0,791.0,-489.0
66.511729967,842384278266529290,842384279796671292,43,37,,,interpolated,412.0,790.0,-493.0
66.530620609,842384278285419932,842384279796671292,43,38,,,interpolated,409.0,797.0,-493.0
66.549511251,842384278304310574,842384279796671292,43,39,,,interpolated,410.0,797.0,-493.0
66.568401893,842384278323201216,842384279796671292,43,40,,,interpolated,408.0,792.0,-488.0
66.587292535,842384278342091858,842384279796671292,43,41,,,interpolated,408.0,795.0,-489.0
66.606183177,842384278360982500,842384279796671292,43,42,,,interpolated,410.0,792.0,-485.0
66.625073819,842384278379873142,842384279796671292,43,43,,,interpolated,411.0,790.0,-489.0
66.643964461,842384278398763784,842384279796671292,43,44,,,interpolated,412.0,792.0,-488.0
66.662855103,842384278417654426,842384279796671292,43,45,,,interpolated,412.0,798.0,-484.0
66.681745745,842384278436545068,842384279796671292,43,46,,,interpolated,410.0,792.0,-489.0
66.700636387,842384278455435710,842384279796671292,43,47,,,interpolated,416.0,791.0,-488.0
66.719527029,842384278474326352,842384279796671292,43,48,,,interpolated,414.0,792.0,-487.0
66.738417671,842384278493216994,842384279796671292,43,49,,,interpolated,413.0,797.0,-489.0
66.757308313,842384278512107636,842384279796671292,43,50,,,interpolated,405.0,792.0,-481.0
66.776198955,842384278530998278,842384279796671292,43,51,,,interpolated,419.0,793.0,-486.0
66.795089597,842384278549888920,842384279796671292,43,52,,,interpolated,413.0,793.0,-490.0
66.813980239,842384278568779562,842384279796671292,43,53,,,interpolated,414.0,792.0,-493.0
66.832870881,842384278587670204,842384279796671292,43,54,,,interpolated,412.0,794.0,-484.0
66.851761523,842384278606560846,842384279796671292,43,55,,,interpolated,409.0,799.0,-485.0
66.870652165,842384278625451488,842384279796671292,43,56,,,interpolated,404.0,795.0,-488.0
66.889542807,842384278644342130,842384279796671292,43,57,,,interpolated,404.0,794.0,-485.0
66.908433449,842384278663232772,842384279796671292,43,58,,,interpolated,414.0,790.0,-485.0
66.927324091,842384278682123414,842384279796671292,43,59,,,interpolated,422.0,794.0,-487.0
66.946214733,842384278701014056,842384279796671292,43,60,,,interpolated,418.0,791.0,-488.0
66.965105375,842384278719904698,842384279796671292,43,61,,,interpolated,411.0,794.0,-488.0
66.983996017,842384278738795340,842384279796671292,43,62,,,interpolated,400.0,792.0,-486.0
67.002886659,842384278757685982,842384279796671292,43,63,,,interpolated,410.0,797.0,-490.0
67.021777301,842384278776576624,842384279796671292,43,64,,,interpolated,409.0,797.0,-485.0
67.040667943,842384278795467266,842384279796671292,43,65,,,interpolated,415.0,794.0,-484.0
67.059558585,842384278814357908,842384279796671292,43,66,,,interpolated,417.0,790.0,-487.0
67.078449227,842384278833248550,842384279796671292,43,67,,,interpolated,410.0,797.0,-479.0
67.097339869,842384278852139192,842384279796671292,43,68,,,interpolated,413.0,794.0,-483.0
67.116230511,842384278871029834,842384279796671292,43,69,,,interpolated,407.0,798.0,-483.0
67.135121153,842384278889920476,842384279796671292,43,70,,,interpolated,409.0,798.0,-481.0
67.154011795,842384278908811118,842384279796671292,43,71,,,interpolated,409.0,799.0,-479.0
67.172902437,842384278927701760,842384279796671292,43,72,,,interpolated,412.0,793.0,-477.0
67.191793079,842384278946592402,842384279796671292,43,73,,,interpolated,415.0,800.0,-478.0
67.210683721,842384278965483044,842384279796671292,43,74,,,interpolated,414.0,796.0,-478.0
67.229574363,842384278984373686,842384279796671292,43,75,,,interpolated,411.0,798.0,-483.0
67.248465005,842384279003264328,842384279796671292,43,76,,,interpolated,407.0,796.0,-478.0
67.267355647,842384279022154970,842384279796671292,43,77,,,interpolated,415.0,798.0,-482.0
67.286246289,842384279041045612,842384279796671292,43,78,,,interpolated,421.0,793.0,-483.0
67.305136931,842384279059936254,842384279796671292,43,79,,,interpolated,416.0,795.0,-476.0
67.324027573,842384279078826896,842384279796671292,43,80,,,interpolated,417.0,797.0,-472.0
67.342918215,842384279097717538,842384279796671292,43,81,,,interpolated,406.0,800.0,-480.0
67.361808857,842384279116608180,842384279796671292,43,82,,,interpolated,409.0,801.0,-485.0
67.380699499,842384279135498822,842384279796671292,43,83,,,interpolated,402.0,799.0,-484.0
67.399590141,842384279154389464,842384279796671292,43,84,,,interpolated,412.0,801.0,-481.0
67.418480783,842384279173280106,842384279796671292,43,85,,,interpolated,411.0,797.0,-478.0
67.437371425,842384279192170748,842384279796671292,43,86,,,interpolated,421.0,791.0,-479.0
67.456262067,842384279211061390,842384279796671292,43,87,,,interpolated,418.0,793.0,-483.0
67.475152709,842384279229952032,842384279796671292,43,88,,,interpolated,414.0,795.0,-475.0
67.494043351,842384279248842674,842384279796671292,43,89,,,interpolated,408.0,797.0,-481.0
67.512933993,842384279267733316,842384279796671292,43,90,,,interpolated,408.0,799.0,-477.0
67.531824635,842384279286623958,842384279796671292,43,91,,,interpolated,414.0,797.0,-477.0
67.550715277,842384279305514600,842384279796671292,43,92,,,interpolated,413.0,801.0,-478.0
67.569605919,842384279324405242,842384279796671292,43,93,,,interpolated,414.0,803.0,-486.0
67.588496561,842384279343295884,842384279796671292,43,94,,,interpolated,411.0,797.0,-482.0
67.607387203,842384279362186526,842384279796671292,43,95,,,interpolated,418.0,798.0,-480.0
67.626277845,842384279381077168,842384279796671292,43,96,,,interpolated,420.0,791.0,-474.0
67.645168487,842384279399967810,842384279796671292,43,97,,,interpolated,414.0,793.0,-479.0
67.664059129,842384279418858452,842384279796671292,43,98,,,interpolated,406.0,798.0,-485.0
67.682949771,842384279437749094,842384279796671292,43,99,,,interpolated,405.0,796.0,-474.0
67.701840413,842384279456639736,842384279796671292,43,100,,,interpolated,407.0,797.0,-481.0
67.720731055,842384279475530378,842384279796671292,43,101,,,interpolated,415.0,799.0,-477.0
67.739621697,842384279494421020,842384279796671292,43,102,,,interpolated,415.0,795.0,-474.0
67.758512339,842384279513311662,842384279796671292,43,103,,,interpolated,416.0,794.0,-481.0
67.777402981,842384279532202304,842384279796671292,43,104,,,interpolated,414.0,791.0,-478.0
67.796293623,842384279551092946,842384279796671292,43,105,,,interpolated,409.0,795.0,-481.0
67.815184265,842384279569983588,842384279796671292,43,106,,,interpolated,409.0,795.0,-481.0
67.834074907,842384279588874230,842384279796671292,43,107,,,interpolated,410.0,798.0,-481.0
67.852965549,842384279607764872,842384279796671292,43,108,,,interpolated,414.0,797.0,-481.0
67.871856191,842384279626655514,842384279796671292,43,109,,,interpolated,418.0,796.0,-480.0
67.890746833,842384279645546156,842384279796671292,43,110,,,interpolated,417.0,795.0,-477.0
67.909637475,842384279664436798,842384279796671292,43,111,,,interpolated,412.0,791.0,-477.0
67.928528117,842384279683327440,842384279796671292,43,112,,,interpolated,408.0,795.0,-478.0
67.947418759,842384279702218082,842384279796671292,43,113,,,interpolated,411.0,797.0,-480.0
67.966309401,842384279721108724,842384279796671292,43,114,,,interpolated,408.0,797.0,-478.0
67.985200043,842384279739999366,842384279796671292,43,115,,,interpolated,408.0,794.0,-481.0
68.004090685,842384279758890008,842384279796671292,43,116,,,interpolated,411.0,795.0,-487.0
68.022981327,842384279777780650,842384279796671292,43,117,,,interpolated,413.0,795.0,-487.0
68.041871969,842384279796671292,842384279796671292,43,118,,,interpolated,410.0,795.0,-489.0
68.060762611,842384279815561934,842384282044657690,44,0,,,interpolated,405.0,797.0,-487.0
68.079653253,842384279834452576,842384282044657690,44,1,,,interpolated,412.0,792.0,-488.0
68.098543895,842384279853343218,842384282044657690,44,2,,,interpolated,406.0,793.0,-487.0
68.117434537,842384279872233860,842384282044657690,44,3,,,interpolated,408.0,794.0,-487.0
68.136325179,842384279891124502,842384282044657690,44,4,,,interpolated,413.0,795.0,-484.0
68.155215821,842384279910015144,842384282044657690,44,5,,,interpolated,409.0,797.0,-486.0
68.174106463,842384279928905786,842384282044657690,44,6,,,interpolated,407.0,794.0,-486.0
68.192997105,842384279947796428,842384282044657690,44,7,,,interpolated,409.0,794.0,-494.0
68.211887747,842384279966687070,842384282044657690,44,8,,,interpolated,414.0,792.0,-494.0
68.230778389,842384279985577712,842384282044657690,44,9,,,interpolated,411.0,797.0,-489.0
68.249669031,842384280004468354,842384282044657690,44,10,,,interpolated,411.0,795.0,-490.0
68.268559673,842384280023358996,842384282044657690,44,11,,,interpolated,404.0,797.0,-485.0
68.287450315,842384280042249638,842384282044657690,44,12,,,interpolated,401.0,792.0,-488.0
68.306340957,842384280061140280,842384282044657690,44,13,,,interpolated,403.0,794.0,-487.0
68.325231599,842384280080030922,842384282044657690,44,14,,,interpolated,415.0,791.0,-490.0
68.344122241,842384280098921564,842384282044657690,44,15,,,interpolated,418.0,789.0,-493.0
68.363012883,842384280117812206,842384282044657690,44,16,,,interpolated,416.0,792.0,-485.0
68.381903525,842384280136702848,842384282044657690,44,17,,,interpolated,405.0,794.0,-493.0
68.400794167,842384280155593490,842384282044657690,44,18,,,interpolated,407.0,792.0,-487.0
68.419684809,842384280174484132,842384282044657690,44,19,,,interpolated,408.0,796.0,-492.0
68.438575451,842384280193374774,842384282044657690,44,20,,,interpolated,410.0,792.0,-497.0
68.457466093,842384280212265416,842384282044657690,44,21,,,interpolated,409.0,790.0,-491.0
68.476356735,842384280231156058,842384282044657690,44,22,,,interpolated,411.0,787.0,-491.0
68.495247377,842384280250046700,842384282044657690,44,23,,,interpolated,417.0,788.0,-492.0
68.514138019,842384280268937342,842384282044657690,44,24,,,interpolated,412.0,786.0,-494.0
68.533028661,842384280287827984,842384282044657690,44,25,,,interpolated,409.0,791.0,-494.0
68.551919303,842384280306718626,842384282044657690,44,26,,,interpolated,411.0,791.0,-492.0
68.570809945,842384280325609268,842384282044657690,44,27,,,interpolated,413.0,791.0,-499.0
68.589700587,842384280344499910,842384282044657690,44,28,,,interpolated,409.0,795.0,-485.0
68.608591229,842384280363390552,842384282044657690,44,29,,,interpolated,409.0,790.0,-492.0
68.627481871,842384280382281194,842384282044657690,44,30,,,interpolated,411.0,792.0,-492.0
68.646372513,842384280401171836,842384282044657690,44,31,,,interpolated,405.0,794.0,-492.0
68.665263155,842384280420062478,842384282044657690,44,32,,,interpolated,398.0,793.0,-498.0
68.684153797,842384280438953120,842384282044657690,44,33,,,interpolated,406.0,792.0,-495.0
68.703044439,842384280457843762,842384282044657690,44,34,,,interpolated,402.0,792.0,-493.0
68.721935081,842384280476734404,842384282044657690,44,35,,,interpolated,408.0,792.0,-498.0
68.740825723,842384280495625046,842384282044657690,44,36,,,interpolated,405.0,788.0,-496.0
68.759716365,842384280514515688,842384282044657690,44,37,,,interpolated,414.0,793.0,-500.0
68.778607007,842384280533406330,842384282044657690,44,38,,,interpolated,409.0,793.0,-489.0
68.797497649,842384280552296972,842384282044657690,44,39,,,interpolated,404.0,792.0,-493.0
68.816388291,842384280571187614,842384282044657690,44,40,,,interpolated,408.0,791.0,-496.0
68.835278933,842384280590078256,842384282044657690,44,41,,,interpolated,407.0,789.0,-495.0
68.854169575,842384280608968898,842384282044657690,44,42,,,interpolated,410.0,787.0,-496.0
68.873060217,842384280627859540,842384282044657690,44,43,,,interpolated,413.0,791.0,-494.0
68.891950859,842384280646750182,842384282044657690,44,44,,,interpolated,410.0,789.0,-495.0
68.910841501,842384280665640824,842384282044657690,44,45,,,interpolated,408.0,790.0,-497.0
68.929732143,842384280684531466,842384282044657690,44,46,,,interpolated,401.0,790.0,-496.0
68.948622785,842384280703422108,842384282044657690,44,47,,,interpolated,408.0,788.0,-497.0
68.967513427,842384280722312750,842384282044657690,44,48,,,interpolated,410.0,788.0,-502.0
68.986404069,842384280741203392,842384282044657690,44,49,,,interpolated,414.0,789.0,-498.0
69.005294711,842384280760094034,842384282044657690,44,50,,,interpolated,412.0,786.0,-500.0
69.024185353,842384280778984676,842384282044657690,44,51,,,interpolated,405.0,793.0,-494.0
69.043075995,842384280797875318,842384282044657690,44,52,,,interpolated,410.0,791.0,-493.0
69.061966637,842384280816765960,842384282044657690,44,53,,,interpolated,414.0,782.0,-495.0
69.080857279,842384280835656602,842384282044657690,44,54,,,interpolated,412.0,783.0,-499.0
69.099747921,842384280854547244,842384282044657690,44,55,,,interpolated,410.0,795.0,-493.0
69.118638563,842384280873437886,842384282044657690,44,56,,,interpolated,399.0,791.0,-497.0
69.137529205,842384280892328528,842384282044657690,44,57,,,interpolated,401.0,790.0,-493.0
69.156419847,842384280911219170,842384282044657690,44,58,,,interpolated,405.0,794.0,-496.0
69.175310489,842384280930109812,842384282044657690,44,59,,,interpolated,408.0,791.0,-500.0
69.194201131,842384280949000454,842384282044657690,44,60,,,interpolated,409.0,791.0,-497.0
69.213091773,842384280967891096,842384282044657690,44,61,,,interpolated,405.0,791.0,-496.0
69.231982415,842384280986781738,842384282044657690,44,62,,,interpolated,408.0,787.0,-494.0
69.250873057,842384281005672380,842384282044657690,44,63,,,interpolated,406.0,792.0,-497.0
69.269763699,842384281024563022,842384282044657690,44,64,,,interpolated,409.0,789.0,-493.0
69.288654341,842384281043453664,842384282044657690,44,65,,,interpolated,409.0,783.0,-500.0
69.307544983,842384281062344306,842384282044657690,44,66,,,interpolated,407.0,789.0,-499.0
69.326435625,842384281081234948,842384282044657690,44,67,,,interpolated,407.0,793.0,-496.0
69.345326267,842384281100125590,842384282044657690,44,68,,,interpolated,409.0,791.0,-495.0
69.364216909,842384281119016232,842384282044657690,44,69,,,interpolated,407.0,785.0,-494.0
69.383107551,842384281137906874,842384282044657690,44,70,,,interpolated,409.0,792.0,-497.0
69.401998193,842384281156797516,842384282044657690,44,71,,,interpolated,403.0,788.0,-492.0
69.420888835,842384281175688158,842384282044657690,44,72,,,interpolated,397.0,787.0,-497.0
69.439779477,842384281194578800,842384282044657690,44,73,,,interpolated,405.0,791.0,-496.0
69.458670119,842384281213469442,842384282044657690,44,74,,,interpolated,409.0,789.0,-494.0
69.477560761,842384281232360084,842384282044657690,44,75,,,interpolated,416.0,792.0,-499.0
69.496451403,842384281251250726,842384282044657690,44,76,,,interpolated,414.0,786.0,-498.0
69.515342045,842384281270141368,842384282044657690,44,77,,,interpolated,405.0,789.0,-495.0
69.534232687,842384281289032010,842384282044657690,44,78,,,interpolated,401.0,792.0,-495.0
69.553123329,842384281307922652,842384282044657690,44,79,,,interpolated,407.0,788.0,-498.0
69.572013971,842384281326813294,842384282044657690,44,80,,,interpolated,413.0,788.0,-496.0
69.590904613,842384281345703936,842384282044657690,44,81,,,interpolated,412.0,787.0,-498.0
69.609795255,842384281364594578,842384282044657690,44,82,,,interpolated,412.0,784.0,-497.0
69.628685897,842384281383485220,842384282044657690,44,83,,,interpolated,414.0,792.0,-494.0
69.647576539,842384281402375862,842384282044657690,44,84,,,interpolated,403.0,789.0,-496.0
69.666467181,842384281421266504,842384282044657690,44,85,,,interpolated,399.0,788.0,-498.0
69.685357823,842384281440157146,842384282044657690,44,86,,,interpolated,404.0,793.0,-498.0
69.704248465,842384281459047788,842384282044657690,44,87,,,interpolated,407.0,790.0,-497.0
69.723139107,842384281477938430,842384282044657690,44,88,,,interpolated,411.0,787.0,-493.0
69.742029749,842384281496829072,842384282044657690,44,89,,,interpolated,407.0,786.0,-497.0
69.760920391,842384281515719714,842384282044657690,44,90,,,interpolated,403.0,796.0,-494.0
69.779811033,842384281534610356,842384282044657690,44,91,,,interpolated,402.0,793.0,-489.0
69.798701675,842384281553500998,842384282044657690,44,92,,,interpolated,413.0,792.0,-502.0
69.817592317,842384281572391640,842384282044657690,44,93,,,interpolated,413.0,786.0,-498.0
69.836482959,842384281591282282,842384282044657690,44,94,,,interpolated,412.0,789.0,-492.0
69.855373601,842384281610172924,842384282044657690,44,95,,,interpolated,404.0,790.0,-498.0
69.874264243,842384281629063566,842384282044657690,44,96,,,interpolated,404.0,789.0,-498.0
69.893154885,842384281647954208,842384282044657690,44,97,,,interpolated,407.0,789.0,-494.0
69.912045527,842384281666844850,842384282044657690,44,98,,,interpolated,410.0,789.0,-493.0
69.930936169,842384281685735492,842384282044657690,44,99,,,interpolated,412.0,787.0,-494.0
69.949826811,842384281704626134,842384282044657690,44,100,,,interpolated,406.0,784.0,-500.0
69.968717453,842384281723516776,842384282044657690,44,101,,,interpolated,411.0,794.0,-499.0
69.987608095,842384281742407418,842384282044657690,44,102,,,interpolated,403.0,796.0,-495.0
70.006498737,842384281761298060,842384282044657690,44,103,,,interpolated,406.0,782.0,-495.0
70.025389379,842384281780188702,842384282044657690,44,104,,,interpolated,405.0,787.0,-496.0
70.044280021,842384281799079344,842384282044657690,44,105,,,interpolated,400.0,794.0,-499.0
70.063170663,842384281817969986,842384282044657690,44,106,,,interpolated,406.0,792.0,-495.0
70.082061305,842384281836860628,842384282044657690,44,107,,,interpolated,406.0,788.0,-493.0
70.100951947,842384281855751270,842384282044657690,44,108,,,interpolated,406.0,790.0,-496.0
70.119842589,842384281874641912,842384282044657690,44,109,,,interpolated,406.0,795.0,-503.0
70.138733231,842384281893532554,842384282044657690,44,110,,,interpolated,412.0,787.0,-493.0
70.157623873,842384281912423196,842384282044657690,44,111,,,interpolated,414.0,787.0,-494.0
70.176514515,842384281931313838,842384282044657690,44,112,,,interpolated,411.0,791.0,-497.0
70.195405157,842384281950204480,842384282044657690,44,113,,,interpolated,405.0,790.0,-498.0
70.214295799,842384281969095122,842384282044657690,44,114,,,interpolated,414.0,790.0,-492.0
70.233186441,842384281987985764,842384282044657690,44,115,,,interpolated,413.0,782.0,-493.0
70.252077083,842384282006876406,842384282044657690,44,116,,,interpolated,406.0,790.0,-499.0
70.270967725,842384282025767048,842384282044657690,44,117,,,interpolated,408.0,796.0,-498.0
70.289858367,842384282044657690,842384282044657690,44,118,,,interpolated,402.0,790.0,-500.0
70.308749268,842384282063548591,842384284273783964,45,0,,,interpolated,408.0,787.0,-498.0
70.327640168,842384282082439491,842384284273783964,45,1,,,interpolated,410.0,787.0,-497.0
70.346531069,842384282101330392,842384284273783964,45,2,,,interpolated,416.0,791.0,-492.0
70.36542197,842384282120221293,842384284273783964,45,3,,,interpolated,410.0,787.0,-494.0
70.38431287,842384282139112193,842384284273783964,45,4,,,interpolated,406.0,787.0,-492.0
70.403203771,842384282158003094,842384284273783964,45,5,,,interpolated,406.0,789.0,-491.0
70.422094671,842384282176893994,842384284273783964,45,6,,,interpolated,407.0,787.0,-494.0
70.440985572,842384282195784895,842384284273783964,45,7,,,interpolated,408.0,791.0,-495.0
70.459876473,842384282214675796,842384284273783964,45,8,,,interpolated,419.0,788.0,-494.0
70.478767373,842384282233566696,842384284273783964,45,9,,,interpolated,416.0,791.0,-488.0
70.497658274,842384282252457597,842384284273783964,45,10,,,interpolated,408.0,788.0,-492.0
70.516549175,842384282271348498,842384284273783964,45,11,,,interpolated,406.0,793.0,-486.0
70.535440075,842384282290239398,842384284273783964,45,12,,,interpolated,404.0,796.0,-499.0
70.554330976,842384282309130299,842384284273783964,45,13,,,interpolated,415.0,791.0,-493.0
70.573221876,842384282328021199,842384284273783964,45,14,,,interpolated,416.0,788.0,-495.0
70.592112777,842384282346912100,842384284273783964,45,15,,,interpolated,408.0,792.0,-490.0
70.611003678,842384282365803001,842384284273783964,45,16,,,interpolated,408.0,793.0,-493.0
70.629894578,842384282384693901,842384284273783964,45,17,,,interpolated,407.0,792.0,-489.0
70.648785479,842384282403584802,842384284273783964,45,18,,,interpolated,409.0,791.0,-493.0
70.66767638,842384282422475703,842384284273783964,45,19,,,interpolated,410.0,791.0,-490.0
70.68656728,842384282441366603,842384284273783964,45,20,,,interpolated,404.0,790.0,-491.0
70.705458181,842384282460257504,842384284273783964,45,21,,,interpolated,406.0,790.0,-495.0
70.724349081,842384282479148404,842384284273783964,45,22,,,interpolated,414.0,791.0,-494.0
70.743239982,842384282498039305,842384284273783964,45,23,,,interpolated,413.0,792.0,-486.0
70.762130883,842384282516930206,842384284273783964,45,24,,,interpolated,413.0,788.0,-491.0
70.781021783,842384282535821106,842384284273783964,45,25,,,interpolated,414.0,789.0,-489.0
70.799912684,842384282554712007,842384284273783964,45,26,,,interpolated,418.0,791.0,-487.0
70.818803585,842384282573602908,842384284273783964,45,27,,,interpolated,427.0,786.0,-486.0
70.837694485,842384282592493808,842384284273783964,45,28,,,interpolated,426.0,788.0,-487.0
70.856585386,842384282611384709,842384284273783964,45,29,,,interpolated,416.0,789.0,-484.0
70.875476286,842384282630275609,842384284273783964,45,30,,,interpolated,403.0,796.0,-488.0
70.894367187,842384282649166510,842384284273783964,45,31,,,interpolated,406.0,794.0,-489.0
70.913258088,842384282668057411,842384284273783964,45,32,,,interpolated,415.0,790.0,-487.0
70.932148988,842384282686948311,842384284273783964,45,33,,,interpolated,419.0,788.0,-485.0
70.951039889,842384282705839212,842384284273783964,45,34,,,interpolated,418.0,789.0,-490.0
70.96993079,842384282724730113,842384284273783964,45,35,,,interpolated,412.0,796.0,-478.0
70.98882169,842384282743621013,842384284273783964,45,36,,,interpolated,411.0,795.0,-482.0
71.007712591,842384282762511914,842384284273783964,45,37,,,interpolated,411.0,794.0,-486.0
71.026603491,842384282781402814,842384284273783964,45,38,,,interpolated,407.0,794.0,-492.0
71.045494392,842384282800293715,842384284273783964,45,39,,,interpolated,412.0,795.0,-489.0
71.064385293,842384282819184616,842384284273783964,45,40,,,interpolated,416.0,790.0,-484.0
71.083276193,842384282838075516,842384284273783964,45,41,,,interpolated,416.0,794.0,-484.0
71.102167094,842384282856966417,842384284273783964,45,42,,,interpolated,417.0,786.0,-484.0
71.121057995,842384282875857318,842384284273783964,45,43,,,interpolated,417.0,790.0,-484.0
71.139948895,842384282894748218,842384284273783964,45,44,,,interpolated,411.0,791.0,-486.0
71.158839796,842384282913639119,842384284273783964,45,45,,,interpolated,412.0,794.0,-487.0
71.177730696,842384282932530019,842384284273783964,45,46,,,interpolated,410.0,796.0,-486.0
71.196621597,842384282951420920,842384284273783964,45,47,,,interpolated,414.0,797.0,-488.0
71.215512498,842384282970311821,842384284273783964,45,48,,,interpolated,411.0,790.0,-487.0
71.234403398,842384282989202721,842384284273783964,45,49,,,interpolated,417.0,792.0,-487.0
71.253294299,842384283008093622,842384284273783964,45,50,,,interpolated,419.0,790.0,-487.0
71.2721852,842384283026984523,842384284273783964,45,51,,,interpolated,412.0,789.0,-484.0
71.2910761,842384283045875423,842384284273783964,45,52,,,interpolated,414.0,789.0,-485.0
71.309967001,842384283064766324,842384284273783964,45,53,,,interpolated,416.0,794.0,-485.0
71.328857901,842384283083657224,842384284273783964,45,54,,,interpolated,410.0,792.0,-486.0
71.347748802,842384283102548125,842384284273783964,45,55,,,interpolated,413.0,792.0,-482.0
71.366639703,842384283121439026,842384284273783964,45,56,,,interpolated,408.0,791.0,-485.0
71.385530603,842384283140329926,842384284273783964,45,57,,,interpolated,415.0,791.0,-481.0
71.404421504,842384283159220827,842384284273783964,45,58,,,interpolated,420.0,793.0,-484.0
71.423312405,842384283178111728,842384284273783964,45,59,,,interpolated,416.0,794.0,-482.0
71.442203305,842384283197002628,842384284273783964,45,60,,,interpolated,412.0,796.0,-482.0
71.461094206,842384283215893529,842384284273783964,45,61,,,interpolated,413.0,794.0,-483.0
71.479985107,842384283234784430,842384284273783964,45,62,,,interpolated,408.0,795.0,-483.0
71.498876007,842384283253675330,842384284273783964,45,63,,,interpolated,413.0,796.0,-484.0
71.517766908,842384283272566231,842384284273783964,45,64,,,interpolated,413.0,796.0,-485.0
71.536657808,842384283291457131,842384284273783964,45,65,,,interpolated,413.0,795.0,-483.0
71.555548709,842384283310348032,842384284273783964,45,66,,,interpolated,410.0,797.0,-483.0
71.57443961,842384283329238933,842384284273783964,45,67,,,interpolated,418.0,792.0,-479.0
71.59333051,842384283348129833,842384284273783964,45,68,,,interpolated,413.0,792.0,-481.0
71.612221411,842384283367020734,842384284273783964,45,69,,,interpolated,407.0,796.0,-479.0
71.631112312,842384283385911635,842384284273783964,45,70,,,interpolated,407.0,796.0,-483.0
71.650003212,842384283404802535,842384284273783964,45,71,,,interpolated,412.0,797.0,-484.0
71.668894113,842384283423693436,842384284273783964,45,72,,,interpolated,414.0,797.0,-485.0
71.687785013,842384283442584336,842384284273783964,45,73,,,interpolated,416.0,794.0,-482.0
71.706675914,842384283461475237,842384284273783964,45,74,,,interpolated,409.0,800.0,-489.0
71.725566815,842384283480366138,842384284273783964,45,75,,,interpolated,409.0,795.0,-476.0
71.744457715,842384283499257038,842384284273783964,45,76,,,interpolated,416.0,791.0,-486.0
71.763348616,842384283518147939,842384284273783964,45,77,,,interpolated,419.0,791.0,-482.0
71.782239517,842384283537038840,842384284273783964,45,78,,,interpolated,412.0,794.0,-485.0
71.801130417,842384283555929740,842384284273783964,45,79,,,interpolated,407.0,794.0,-485.0
71.820021318,842384283574820641,842384284273783964,45,80,,,interpolated,402.0,797.0,-486.0
71.838912218,842384283593711541,842384284273783964,45,81,,,interpolated,407.0,796.0,-490.0
71.857803119,842384283612602442,842384284273783964,45,82,,,interpolated,419.0,793.0,-483.0
71.87669402,842384283631493343,842384284273783964,45,83,,,interpolated,416.0,792.0,-486.0
71.89558492,842384283650384243,842384284273783964,45,84,,,interpolated,417.0,795.0,-487.0
71.914475821,842384283669275144,842384284273783964,45,85,,,interpolated,414.0,795.0,-481.0
71.933366722,842384283688166045,842384284273783964,45,86,,,interpolated,417.0,792.0,-483.0
71.952257622,842384283707056945,842384284273783964,45,87,,,interpolated,417.0,794.0,-484.0
71.971148523,842384283725947846,842384284273783964,45,88,,,interpolated,415.0,795.0,-487.0
71.990039423,842384283744838746,842384284273783964,45,89,,,interpolated,412.0,792.0,-481.0
72.008930324,842384283763729647,842384284273783964,45,90,,,interpolated,409.0,793.0,-482.0
72.027821225,842384283782620548,842384284273783964,45,91,,,interpolated,405.0,796.0,-482.0
72.046712125,842384283801511448,842384284273783964,45,92,,,interpolated,410.0,797.0,-485.0
72.065603026,842384283820402349,842384284273783964,45,93,,,interpolated,417.0,794.0,-489.0
72.084493927,842384283839293250,842384284273783964,45,94,,,interpolated,418.0,793.0,-487.0
72.103384827,842384283858184150,842384284273783964,45,95,,,interpolated,413.0,796.0,-485.0
72.122275728,842384283877075051,842384284273783964,45,96,,,interpolated,411.0,796.0,-487.0
72.141166628,842384283895965951,842384284273783964,45,97,,,interpolated,412.0,798.0,-484.0
72.160057529,842384283914856852,842384284273783964,45,98,,,interpolated,410.0,792.0,-486.0
72.17894843,842384283933747753,842384284273783964,45,99,,,interpolated,409.0,796.0,-485.0
72.19783933,842384283952638653,842384284273783964,45,100,,,interpolated,412.0,797.0,-488.0
72.216730231,842384283971529554,842384284273783964,45,101,,,interpolated,416.0,793.0,-485.0
72.235621132,842384283990420455,842384284273783964,45,102,,,interpolated,412.0,792.0,-488.0
72.254512032,842384284009311355,842384284273783964,45,103,,,interpolated,413.0,791.0,-489.0
72.273402933,842384284028202256,842384284273783964,45,104,,,interpolated,413.0,794.0,-486.0
72.292293833,842384284047093156,842384284273783964,45,105,,,interpolated,412.0,798.0,-488.0
72.311184734,842384284065984057,842384284273783964,45,106,,,interpolated,410.0,795.0,-490.0
72.330075635,842384284084874958,842384284273783964,45,107,,,interpolated,411.0,793.0,-486.0
72.348966535,842384284103765858,842384284273783964,45,108,,,interpolated,413.0,791.0,-486.0
72.367857436,842384284122656759,842384284273783964,45,109,,,interpolated,410.0,794.0,-488.0
72.386748337,842384284141547660,842384284273783964,45,110,,,interpolated,412.0,789.0,-491.0
72.405639237,842384284160438560,842384284273783964,45,111,,,interpolated,412.0,789.0,-489.0
72.424530138,842384284179329461,842384284273783964,45,112,,,interpolated,417.0,793.0,-492.0
72.443421038,842384284198220361,842384284273783964,45,113,,,interpolated,409.0,792.0,-488.0
72.462311939,842384284217111262,842384284273783964,45,114,,,interpolated,411.0,793.0,-490.0
72.48120284,842384284236002163,842384284273783964,45,115,,,interpolated,413.0,791.0,-487.0
72.50009374,842384284254893063,842384284273783964,45,116,,,interpolated,415.0,789.0,-486.0
72.518984641,842384284273783964,842384284273783964,45,117,,,interpolated,416.0,788.0,-495.0
72.537875152,842384284292674475,842384286483973807,46,0,,,interpolated,412.0,794.0,-491.0
72.556765664,842384284311564987,842384286483973807,46,1,,,interpolated,409.0,798.0,-487.0
72.575656175,842384284330455498,842384286483973807,46,2,,,interpolated,406.0,791.0,-489.0
72.594546687,842384284349346010,842384286483973807,46,3,,,interpolated,400.0,793.0,-489.0
72.613437198,842384284368236521,842384286483973807,46,4,,,interpolated,412.0,793.0,-497.0
72.63232771,842384284387127033,842384286483973807,46,5,,,interpolated,410.0,790.0,-490.0
72.651218221,842384284406017544,842384286483973807,46,6,,,interpolated,410.0,789.0,-488.0
72.670108733,842384284424908056,842384286483973807,46,7,,,interpolated,414.0,788.0,-487.0
72.688999244,842384284443798567,842384286483973807,46,8,,,interpolated,416.0,795.0,-489.0
72.707889756,842384284462689079,842384286483973807,46,9,,,interpolated,412.0,790.0,-492.0
72.726780267,842384284481579590,842384286483973807,46,10,,,interpolated,412.0,792.0,-492.0
72.745670779,842384284500470102,842384286483973807,46,11,,,interpolated,412.0,791.0,-492.0
72.76456129,842384284519360613,842384286483973807,46,12,,,interpolated,408.0,783.0,-494.0
72.783451802,842384284538251125,842384286483973807,46,13,,,interpolated,411.0,792.0,-489.0
72.802342313,842384284557141636,842384286483973807,46,14,,,interpolated,410.0,789.0,-490.0
72.821232825,842384284576032148,842384286483973807,46,15,,,interpolated,411.0,787.0,-495.0
72.840123336,842384284594922659,842384286483973807,46,16,,,interpolated,412.0,791.0,-501.0
72.859013848,842384284613813171,842384286483973807,46,17,,,interpolated,411.0,789.0,-493.0
72.877904359,842384284632703682,842384286483973807,46,18,,,interpolated,403.0,791.0,-492.0
72.896794871,842384284651594194,842384286483973807,46,19,,,interpolated,412.0,796.0,-496.0
72.915685382,842384284670484705,842384286483973807,46,20,,,interpolated,408.0,786.0,-494.0
72.934575894,842384284689375217,842384286483973807,46,21,,,interpolated,415.0,789.0,-492.0
72.953466405,842384284708265728,842384286483973807,46,22,,,interpolated,406.0,790.0,-493.0
72.972356916,842384284727156239,842384286483973807,46,23,,,interpolated,408.0,792.0,-491.0
72.991247428,842384284746046751,842384286483973807,46,24,,,interpolated,407.0,795.0,-489.0
73.010137939,842384284764937262,842384286483973807,46,25,,,interpolated,405.0,793.0,-497.0
73.029028451,842384284783827774,842384286483973807,46,26,,,interpolated,407.0,790.0,-494.0
73.047918962,842384284802718285,842384286483973807,46,27,,,interpolated,409.0,789.0,-498.0
73.066809474,842384284821608797,842384286483973807,46,28,,,interpolated,411.0,787.0,-491.0
73.085699985,842384284840499308,842384286483973807,46,29,,,interpolated,409.0,790.0,-497.0
73.104590497,842384284859389820,842384286483973807,46,30,,,interpolated,412.0,788.0,-489.0
73.123481008,842384284878280331,842384286483973807,46,31,,,interpolated,409.0,791.0,-493.0
73.14237152,842384284897170843,842384286483973807,46,32,,,interpolated,406.0,794.0,-495.0
73.161262031,842384284916061354,842384286483973807,46,33,,,interpolated,405.0,792.0,-493.0
73.180152543,842384284934951866,842384286483973807,46,34,,,interpolated,410.0,789.0,-498.0
73.199043054,842384284953842377,842384286483973807,46,35,,,interpolated,408.0,788.0,-495.0
73.217933566,842384284972732889,842384286483973807,46,36,,,interpolated,408.0,790.0,-495.0
73.236824077,842384284991623400,842384286483973807,46,37,,,interpolated,409.0,791.0,-489.0
73.255714589,842384285010513912,842384286483973807,46,38,,,interpolated,407.0,789.0,-495.0
73.2746051,842384285029404423,842384286483973807,46,39,,,interpolated,406.0,786.0,-493.0
73.293495612,842384285048294935,842384286483973807,46,40,,,interpolated,411.0,790.0,-494.0
73.312386123,842384285067185446,842384286483973807,46,41,,,interpolated,411.0,789.0,-495.0
73.331276635,842384285086075958,842384286483973807,46,42,,,interpolated,413.0,789.0,-497.0
73.350167146,842384285104966469,842384286483973807,46,43,,,interpolated,405.0,792.0,-489.0
73.369057658,842384285123856981,842384286483973807,46,44,,,interpolated,405.0,788.0,-490.0
73.387948169,842384285142747492,842384286483973807,46,45,,,interpolated,410.0,784.0,-496.0
73.40683868,842384285161638003,842384286483973807,46,46,,,interpolated,411.0,790.0,-495.0
73.425729192,842384285180528515,842384286483973807,46,47,,,interpolated,408.0,793.0,-496.0
73.444619703,842384285199419026,842384286483973807,46,48,,,interpolated,405.0,788.0,-493.0
73.463510215,842384285218309538,842384286483973807,46,49,,,interpolated,401.0,791.0,-496.0
73.482400726,842384285237200049,842384286483973807,46,50,,,interpolated,406.0,791.0,-497.0
73.501291238,842384285256090561,842384286483973807,46,51,,,interpolated,415.0,793.0,-496.0
73.520181749,842384285274981072,842384286483973807,46,52,,,interpolated,416.0,788.0,-494.0
73.539072261,842384285293871584,842384286483973807,46,53,,,interpolated,409.0,783.0,-492.0
73.557962772,842384285312762095,842384286483973807,46,54,,,interpolated,408.0,787.0,-492.0
73.576853284,842384285331652607,842384286483973807,46,55,,,interpolated,404.0,792.0,-492.0
73.595743795,842384285350543118,842384286483973807,46,56,,,interpolated,410.0,787.0,-497.0
73.614634307,842384285369433630,842384286483973807,46,57,,,interpolated,414.0,784.0,-498.0
73.633524818,842384285388324141,842384286483973807,46,58,,,interpolated,413.0,790.0,-499.0
73.65241533,842384285407214653,842384286483973807,46,59,,,interpolated,410.0,791.0,-497.0
73.671305841,842384285426105164,842384286483973807,46,60,,,interpolated,409.0,790.0,-497.0
73.690196353,842384285444995676,842384286483973807,46,61,,,interpolated,412.0,788.0,-494.0
73.709086864,842384285463886187,842384286483973807,46,62,,,interpolated,412.0,790.0,-502.0
73.727977376,842384285482776699,842384286483973807,46,63,,,interpolated,407.0,789.0,-500.0
73.746867887,842384285501667210,842384286483973807,46,64,,,interpolated,408.0,788.0,-496.0
73.765758399,842384285520557722,842384286483973807,46,65,,,interpolated,408.0,786.0,-493.0
73.78464891,842384285539448233,842384286483973807,46,66,,,interpolated,407.0,789.0,-491.0
73.803539422,842384285558338745,842384286483973807,46,67,,,interpolated,412.0,789.0,-495.0
73.822429933,842384285577229256,842384286483973807,46,68,,,interpolated,410.0,786.0,-493.0
73.841320445,842384285596119768,842384286483973807,46,69,,,interpolated,406.0,788.0,-496.0
73.860210956,842384285615010279,842384286483973807,46,70,,,interpolated,410.0,789.0,-496.0
73.879101467,842384285633900790,842384286483973807,46,71,,,interpolated,412.0,785.0,-497.0
73.897991979,842384285652791302,842384286483973807,46,72,,,interpolated,413.0,791.0,-498.0
73.91688249,842384285671681813,842384286483973807,46,73,,,interpolated,411.0,788.0,-493.0
73.935773002,842384285690572325,842384286483973807,46,74,,,interpolated,416.0,789.0,-495.0
73.954663513,842384285709462836,842384286483973807,46,75,,,interpolated,404.0,788.0,-497.0
73.973554025,842384285728353348,842384286483973807,46,76,,,interpolated,408.0,789.0,-499.0
73.992444536,842384285747243859,842384286483973807,46,77,,,interpolated,409.0,790.0,-491.0
74.011335048,842384285766134371,842384286483973807,46,78,,,interpolated,409.0,787.0,-497.0
74.030225559,842384285785024882,842384286483973807,46,79,,,interpolated,413.0,786.0,-494.0
74.049116071,842384285803915394,842384286483973807,46,80,,,interpolated,409.0,792.0,-499.0
74.068006582,842384285822805905,842384286483973807,46,81,,,interpolated,412.0,791.0,-495.0
74.086897094,842384285841696417,842384286483973807,46,82,,,interpolated,413.0,789.0,-498.0
74.105787605,842384285860586928,842384286483973807,46,83,,,interpolated,412.0,790.0,-495.0
74.124678117,842384285879477440,842384286483973807,46,84,,,interpolated,412.0,791.0,-497.0
74.143568628,842384285898367951,842384286483973807,46,85,,,interpolated,406.0,786.0,-498.0
74.16245914,842384285917258463,842384286483973807,46,86,,,interpolated,410.0,781.0,-501.0
74.181349651,842384285936148974,842384286483973807,46,87,,,interpolated,411.0,786.0,-497.0
74.200240163,842384285955039486,842384286483973807,46,88,,,interpolated,411.0,787.0,-495.0
74.219130674,842384285973929997,842384286483973807,46,89,,,interpolated,407.0,786.0,-496.0
74.238021186,842384285992820509,842384286483973807,46,90,,,interpolated,410.0,792.0,-494.0
74.256911697,842384286011711020,842384286483973807,46,91,,,interpolated,409.0,791.0,-489.0
74.275802209,842384286030601532,842384286483973807,46,92,,,interpolated,417.0,784.0,-496.0
74.29469272,842384286049492043,842384286483973807,46,93,,,interpolated,412.0,791.0,-493.0
74.313583231,842384286068382554,842384286483973807,46,94,,,interpolated,412.0,790.0,-495.0
74.332473743,842384286087273066,842384286483973807,46,95,,,interpolated,398.0,792.0,-494.0
74.351364254,842384286106163577,842384286483973807,46,96,,,interpolated,400.0,791.0,-493.0
74.370254766,842384286125054089,842384286483973807,46,97,,,interpolated,409.0,788.0,-500.0
74.389145277,842384286143944600,842384286483973807,46,98,,,interpolated,416.0,787.0,-490.0
74.408035789,842384286162835112,842384286483973807,46,99,,,interpolated,419.0,786.0,-491.0
74.4269263,842384286181725623,842384286483973807,46,100,,,interpolated,416.0,789.0,-490.0
74.445816812,842384286200616135,842384286483973807,46,101,,,interpolated,410.0,793.0,-493.0
74.464707323,842384286219506646,842384286483973807,46,102,,,interpolated,411.0,788.0,-492.0
74.483597835,842384286238397158,842384286483973807,46,103,,,interpolated,414.0,789.0,-491.0
74.502488346,842384286257287669,842384286483973807,46,104,,,interpolated,414.0,783.0,-495.0
74.521378858,842384286276178181,842384286483973807,46,105,,,interpolated,411.0,788.0,-500.0
74.540269369,842384286295068692,842384286483973807,46,106,,,interpolated,408.0,791.0,-491.0
74.559159881,842384286313959204,842384286483973807,46,107,,,interpolated,405.0,790.0,-494.0
74.578050392,842384286332849715,842384286483973807,46,108,,,interpolated,415.0,785.0,-491.0
74.596940904,842384286351740227,842384286483973807,46,109,,,interpolated,417.0,786.0,-493.0
74.615831415,842384286370630738,842384286483973807,46,110,,,interpolated,412.0,789.0,-492.0
74.634721927,842384286389521250,842384286483973807,46,111,,,interpolated,402.0,792.0,-491.0
74.653612438,842384286408411761,842384286483973807,46,112,,,interpolated,409.0,792.0,-492.0
74.67250295,842384286427302273,842384286483973807,46,113,,,interpolated,412.0,788.0,-490.0
74.691393461,842384286446192784,842384286483973807,46,114,,,interpolated,415.0,788.0,-494.0
74.710283973,842384286465083296,842384286483973807,46,115,,,interpolated,417.0,791.0,-485.0
74.729174484,842384286483973807,842384286483973807,46,116,,,interpolated,414.0,791.0,-489.0
74.748065004,842384286502864327,842384288845288810,47,0,,,interpolated,412.0,787.0,-491.0
74.766955524,842384286521754847,842384288845288810,47,1,,,interpolated,411.0,792.0,-494.0
74.785846044,842384286540645367,842384288845288810,47,2,,,interpolated,411.0,789.0,-490.0
74.804736564,842384286559535887,842384288845288810,47,3,,,interpolated,413.0,791.0,-493.0
74.823627084,842384286578426407,842384288845288810,47,4,,,interpolated,412.0,791.0,-487.0
74.842517604,842384286597316927,842384288845288810,47,5,,,interpolated,413.0,789.0,-490.0
74.861408124,842384286616207447,842384288845288810,47,6,,,interpolated,415.0,792.0,-497.0
74.880298644,842384286635097967,842384288845288810,47,7,,,interpolated,411.0,794.0,-492.0
74.899189164,842384286653988487,842384288845288810,47,8,,,interpolated,411.0,789.0,-485.0
74.918079684,842384286672879007,842384288845288810,47,9,,,interpolated,412.0,788.0,-494.0
74.936970204,842384286691769527,842384288845288810,47,10,,,interpolated,410.0,788.0,-491.0
74.955860724,842384286710660047,842384288845288810,47,11,,,interpolated,410.0,790.0,-493.0
74.974751244,842384286729550567,842384288845288810,47,12,,,interpolated,413.0,791.0,-490.0
74.993641764,842384286748441087,842384288845288810,47,13,,,interpolated,407.0,790.0,-484.0
75.012532284,842384286767331607,842384288845288810,47,14,,,interpolated,409.0,794.0,-483.0
75.031422804,842384286786222127,842384288845288810,47,15,,,interpolated,414.0,789.0,-492.0
75.050313324,842384286805112647,842384288845288810,47,16,,,interpolated,411.0,789.0,-489.0
75.069203844,842384286824003167,842384288845288810,47,17,,,interpolated,414.0,790.0,-493.0
75.088094364,842384286842893687,842384288845288810,47,18,,,interpolated,418.0,787.0,-486.0
75.106984884,842384286861784207,842384288845288810,47,19,,,interpolated,412.0,794.0,-486.0
75.125875405,842384286880674728,842384288845288810,47,20,,,interpolated,409.0,791.0,-483.0
75.144765925,842384286899565248,842384288845288810,47,21,,,interpolated,411.0,792.0,-485.0
75.163656445,842384286918455768,842384288845288810,47,22,,,interpolated,409.0,793.0,-486.0
75.182546965,842384286937346288,842384288845288810,47,23,,,interpolated,411.0,787.0,-491.0
75.201437485,842384286956236808,842384288845288810,47,24,,,interpolated,410.0,791.0,-492.0
75.220328005,842384286975127328,842384288845288810,47,25,,,interpolated,411.0,794.0,-488.0
75.239218525,842384286994017848,842384288845288810,47,26,,,interpolated,409.0,790.0,-487.0
75.258109045,842384287012908368,842384288845288810,47,27,,,interpolated,411.0,792.0,-487.0
75.276999565,842384287031798888,842384288845288810,47,28,,,interpolated,416.0,794.0,-485.0
75.295890085,842384287050689408,842384288845288810,47,29,,,interpolated,414.0,794.0,-483.0
75.314780605,842384287069579928,842384288845288810,47,30,,,interpolated,417.0,788.0,-488.0
75.333671125,842384287088470448,842384288845288810,47,31,,,interpolated,412.0,792.0,-485.0
75.352561645,842384287107360968,842384288845288810,47,32,,,interpolated,410.0,794.0,-488.0
75.371452165,842384287126251488,842384288845288810,47,33,,,interpolated,415.0,794.0,-489.0
75.390342685,842384287145142008,842384288845288810,47,34,,,interpolated,416.0,795.0,-487.0
75.409233205,842384287164032528,842384288845288810,47,35,,,interpolated,416.0,790.0,-487.0
75.428123725,842384287182923048,842384288845288810,47,36,,,interpolated,412.0,794.0,-481.0
75.447014245,842384287201813568,842384288845288810,47,37,,,interpolated,417.0,788.0,-487.0
75.465904765,842384287220704088,842384288845288810,47,38,,,interpolated,416.0,792.0,-483.0
75.484795285,842384287239594608,842384288845288810,47,39,,,interpolated,412.0,787.0,-488.0
75.503685805,842384287258485128,842384288845288810,47,40,,,interpolated,408.0,791.0,-486.0
75.522576325,842384287277375648,842384288845288810,47,41,,,interpolated,408.0,794.0,-489.0
75.541466845,842384287296266168,842384288845288810,47,42,,,interpolated,411.0,790.0,-487.0
75.560357365,842384287315156688,842384288845288810,47,43,,,interpolated,419.0,793.0,-487.0
75.579247885,842384287334047208,842384288845288810,47,44,,,interpolated,414.0,791.0,-493.0
75.598138405,842384287352937728,842384288845288810,47,45,,,interpolated,413.0,791.0,-489.0
75.617028925,842384287371828248,842384288845288810,47,46,,,interpolated,411.0,792.0,-488.0
75.635919445,842384287390718768,842384288845288810,47,47,,,interpolated,415.0,793.0,-486.0
75.654809965,842384287409609288,842384288845288810,47,48,,,interpolated,412.0,793.0,-491.0
75.673700485,842384287428499808,842384288845288810,47,49,,,interpolated,409.0,792.0,-487.0
75.692591005,842384287447390328,842384288845288810,47,50,,,interpolated,412.0,792.0,-484.0
75.711481525,842384287466280848,842384288845288810,47,51,,,interpolated,416.0,791.0,-487.0
75.730372045,842384287485171368,842384288845288810,47,52,,,interpolated,422.0,793.0,-487.0
75.749262565,842384287504061888,842384288845288810,47,53,,,interpolated,409.0,792.0,-483.0
75.768153085,842384287522952408,842384288845288810,47,54,,,interpolated,409.0,792.0,-483.0
75.787043605,842384287541842928,842384288845288810,47,55,,,interpolated,407.0,795.0,-485.0
75.805934125,842384287560733448,842384288845288810,47,56,,,interpolated,408.0,792.0,-488.0
75.824824645,842384287579623968,842384288845288810,47,57,,,interpolated,416.0,787.0,-486.0
75.843715165,842384287598514488,842384288845288810,47,58,,,interpolated,413.0,792.0,-488.0
75.862605685,842384287617405008,842384288845288810,47,59,,,interpolated,415.0,795.0,-488.0
75.881496205,842384287636295528,842384288845288810,47,60,,,interpolated,411.0,792.0,-484.0
75.900386725,842384287655186048,842384288845288810,47,61,,,interpolated,409.0,789.0,-484.0
75.919277246,842384287674076569,842384288845288810,47,62,,,interpolated,413.0,793.0,-492.0
75.938167766,842384287692967089,842384288845288810,47,63,,,interpolated,412.0,786.0,-484.0
75.957058286,842384287711857609,842384288845288810,47,64,,,interpolated,416.0,790.0,-492.0
75.975948806,842384287730748129,842384288845288810,47,65,,,interpolated,412.0,794.0,-492.0
75.994839326,842384287749638649,842384288845288810,47,66,,,interpolated,412.0,794.0,-486.0
76.013729846,842384287768529169,842384288845288810,47,67,,,interpolated,410.0,789.0,-489.0
76.032620366,842384287787419689,842384288845288810,47,68,,,interpolated,407.0,791.0,-492.0
76.051510886,842384287806310209,842384288845288810,47,69,,,interpolated,411.0,794.0,-490.0
76.070401406,842384287825200729,842384288845288810,47,70,,,interpolated,407.0,794.0,-488.0
76.089291926,842384287844091249,842384288845288810,47,71,,,interpolated,406.0,789.0,-488.0
76.108182446,842384287862981769,842384288845288810,47,72,,,interpolated,412.0,790.0,-490.0
76.127072966,842384287881872289,842384288845288810,47,73,,,interpolated,415.0,793.0,-491.0
76.145963486,842384287900762809,842384288845288810,47,74,,,interpolated,411.0,793.0,-488.0
76.164854006,842384287919653329,842384288845288810,47,75,,,interpolated,413.0,789.0,-489.0
76.183744526,842384287938543849,842384288845288810,47,76,,,interpolated,408.0,798.0,-492.0
76.202635046,842384287957434369,842384288845288810,47,77,,,interpolated,408.0,789.0,-490.0
76.221525566,842384287976324889,842384288845288810,47,78,,,interpolated,411.0,788.0,-492.0
76.240416086,842384287995215409,842384288845288810,47,79,,,interpolated,411.0,790.0,-492.0
76.259306606,842384288014105929,842384288845288810,47,80,,,interpolated,414.0,793.0,-492.0
76.278197126,842384288032996449,842384288845288810,47,81,,,interpolated,411.0,793.0,-491.0
76.297087646,842384288051886969,842384288845288810,47,82,,,interpolated,414.0,789.0,-492.0
76.315978166,842384288070777489,842384288845288810,47,83,,,interpolated,413.0,791.0,-492.0
76.334868686,842384288089668009,842384288845288810,47,84,,,interpolated,414.0,787.0,-492.0
76.353759206,842384288108558529,842384288845288810,47,85,,,interpolated,407.0,787.0,-494.0
76.372649726,842384288127449049,842384288845288810,47,86,,,interpolated,410.0,791.0,-489.0
76.391540246,842384288146339569,842384288845288810,47,87,,,interpolated,409.0,791.0,-492.0
76.410430766,842384288165230089,842384288845288810,47,88,,,interpolated,413.0,788.0,-491.0
76.429321286,842384288184120609,842384288845288810,47,89,,,interpolated,412.0,791.0,-495.0
76.448211806,842384288203011129,842384288845288810,47,90,,,interpolated,412.0,790.0,-492.0
76.467102326,842384288221901649,842384288845288810,47,91,,,interpolated,407.0,791.0,-493.0
76.485992846,842384288240792169,842384288845288810,47,92,,,interpolated,410.0,785.0,-493.0
76.504883366,842384288259682689,842384288845288810,47,93,,,interpolated,414.0,793.0,-494.0
76.523773886,842384288278573209,842384288845288810,47,94,,,interpolated,415.0,788.0,-493.0
76.542664406,842384288297463729,842384288845288810,47,95,,,interpolated,408.0,787.0,-495.0
76.561554926,842384288316354249,842384288845288810,47,96,,,interpolated,406.0,791.0,-493.0
76.580445446,842384288335244769,842384288845288810,47,97,,,interpolated,407.0,788.0,-494.0
76.599335966,842384288354135289,842384288845288810,47,98,,,interpolated,412.0,791.0,-492.0
76.618226486,842384288373025809,842384288845288810,47,99,,,interpolated,411.0,790.0,-495.0
76.637117006,842384288391916329,842384288845288810,47,100,,,interpolated,411.0,787.0,-494.0
76.656007526,842384288410806849,842384288845288810,47,101,,,interpolated,408.0,787.0,-491.0
76.674898046,842384288429697369,842384288845288810,47,102,,,interpolated,403.0,787.0,-491.0
76.693788566,842384288448587889,842384288845288810,47,103,,,interpolated,412.0,785.0,-490.0
76.712679087,842384288467478410,842384288845288810,47,104,,,interpolated,414.0,786.0,-497.0
76.731569607,842384288486368930,842384288845288810,47,105,,,interpolated,414.0,790.0,-494.0
76.750460127,842384288505259450,842384288845288810,47,106,,,interpolated,412.0,790.0,-497.0
76.769350647,842384288524149970,842384288845288810,47,107,,,interpolated,411.0,789.0,-500.0
76.788241167,842384288543040490,842384288845288810,47,108,,,interpolated,406.0,790.0,-495.0
76.807131687,842384288561931010,842384288845288810,47,109,,,interpolated,408.0,788.0,-488.0
76.826022207,842384288580821530,842384288845288810,47,110,,,interpolated,412.0,783.0,-492.0
76.844912727,842384288599712050,842384288845288810,47,111,,,interpolated,412.0,789.0,-495.0
76.863803247,842384288618602570,842384288845288810,47,112,,,interpolated,409.0,791.0,-496.0
76.882693767,842384288637493090,842384288845288810,47,113,,,interpolated,410.0,790.0,-497.0
76.901584287,842384288656383610,842384288845288810,47,114,,,interpolated,409.0,790.0,-496.0
76.920474807,842384288675274130,842384288845288810,47,115,,,interpolated,409.0,789.0,-492.0
76.939365327,842384288694164650,842384288845288810,47,116,,,interpolated,414.0,784.0,-497.0
76.958255847,842384288713055170,842384288845288810,47,117,,,interpolated,410.0,790.0,-494.0
76.977146367,842384288731945690,842384288845288810,47,118,,,interpolated,411.0,795.0,-496.0
76.996036887,842384288750836210,842384288845288810,47,119,,,interpolated,404.0,788.0,-496.0
77.014927407,842384288769726730,842384288845288810,47,120,,,interpolated,405.0,786.0,-496.0
77.033817927,842384288788617250,842384288845288810,47,121,,,interpolated,407.0,791.0,-495.0
77.052708447,842384288807507770,842384288845288810,47,122,,,interpolated,414.0,785.0,-493.0
77.071598967,842384288826398290,842384288845288810,47,123,,,interpolated,409.0,790.0,-492.0
77.090489487,842384288845288810,842384288845288810,47,124,,,interpolated,412.0,786.0,-496.0
77.109380129,842384288864179452,842384289600914490,48,0,,,interpolated,408.0,787.0,-495.0
77.128270771,842384288883070094,842384289600914490,48,1,,,interpolated,417.0,787.0,-495.0
77.147161413,842384288901960736,842384289600914490,48,2,,,interpolated,416.0,787.0,-494.0
77.166052055,842384288920851378,842384289600914490,48,3,,,interpolated,412.0,787.0,-499.0
77.184942697,842384288939742020,842384289600914490,48,4,,,interpolated,410.0,790.0,-491.0
77.203833339,842384288958632662,842384289600914490,48,5,,,interpolated,411.0,788.0,-495.0
77.222723981,842384288977523304,842384289600914490,48,6,,,interpolated,410.0,789.0,-498.0
77.241614623,842384288996413946,842384289600914490,48,7,,,interpolated,412.0,788.0,-499.0
77.260505265,842384289015304588,842384289600914490,48,8,,,interpolated,413.0,790.0,-495.0
77.279395907,842384289034195230,842384289600914490,48,9,,,interpolated,406.0,789.0,-491.0
77.298286549,842384289053085872,842384289600914490,48,10,,,interpolated,402.0,789.0,-495.0
77.317177191,842384289071976514,842384289600914490,48,11,,,interpolated,405.0,789.0,-495.0
77.336067833,842384289090867156,842384289600914490,48,12,,,interpolated,412.0,789.0,-502.0
77.354958475,842384289109757798,842384289600914490,48,13,,,interpolated,415.0,789.0,-494.0
77.373849117,842384289128648440,842384289600914490,48,14,,,interpolated,408.0,788.0,-491.0
77.392739759,842384289147539082,842384289600914490,48,15,,,interpolated,407.0,788.0,-495.0
77.411630401,842384289166429724,842384289600914490,48,16,,,interpolated,406.0,787.0,-492.0
77.430521043,842384289185320366,842384289600914490,48,17,,,interpolated,410.0,789.0,-499.0
77.449411685,842384289204211008,842384289600914490,48,18,,,interpolated,414.0,789.0,-499.0
77.468302327,842384289223101650,842384289600914490,48,19,,,interpolated,413.0,791.0,-496.0
77.487192969,842384289241992292,842384289600914490,48,20,,,interpolated,413.0,786.0,-498.0
77.506083611,842384289260882934,842384289600914490,48,21,,,interpolated,411.0,788.0,-498.0
77.524974253,842384289279773576,842384289600914490,48,22,,,interpolated,414.0,790.0,-494.0
77.543864895,842384289298664218,842384289600914490,48,23,,,interpolated,409.0,790.0,-494.0
77.562755537,842384289317554860,842384289600914490,48,24,,,interpolated,408.0,788.0,-494.0
77.581646179,842384289336445502,842384289600914490,48,25,,,interpolated,411.0,788.0,-496.0
77.600536821,842384289355336144,842384289600914490,48,26,,,interpolated,412.0,790.0,-494.0
77.619427463,842384289374226786,842384289600914490,48,27,,,interpolated,412.0,786.0,-498.0
77.638318105,842384289393117428,842384289600914490,48,28,,,interpolated,409.0,792.0,-495.0
77.657208747,842384289412008070,842384289600914490,48,29,,,interpolated,412.0,787.0,-494.0
77.676099389,842384289430898712,842384289600914490,48,30,,,interpolated,409.0,782.0,-496.0
77.694990031,842384289449789354,842384289600914490,48,31,,,interpolated,411.0,787.0,-490.0
77.713880673,842384289468679996,842384289600914490,48,32,,,interpolated,412.0,788.0,-496.0
77.732771315,842384289487570638,842384289600914490,48,33,,,interpolated,409.0,788.0,-494.0
77.751661957,842384289506461280,842384289600914490,48,34,,,interpolated,414.0,786.0,-496.0
77.770552599,842384289525351922,842384289600914490,48,35,,,interpolated,409.0,790.0,-495.0
77.789443241,842384289544242564,842384289600914490,48,36,,,interpolated,409.0,789.0,-491.0
77.808333883,842384289563133206,842384289600914490,48,37,,,interpolated,406.0,791.0,-493.0
77.827224525,842384289582023848,842384289600914490,48,38,,,interpolated,409.0,790.0,-499.0
77.846115167,842384289600914490,842384289600914490,48,39,,,interpolated,412.0,787.0,-490.0
