time_s,device_timestamp_ns,packet_timestamp_ns,packet_id,sample_index,host_monotonic_ns,host_time_utc,timestamp_method,acc_x_mg,acc_y_mg,acc_z_mg
9.412384615,842358459822866287,842358461457481672,3,0,46387390000000,2026-09-10T12:26:56.802911+00:00,nominal_first,321.0,870.0,-421.0
9.431615385,842358459842097057,842358461457481672,3,1,46387390000000,2026-09-10T12:26:56.802911+00:00,nominal_first,325.0,873.0,-420.0
9.450846154,842358459861327826,842358461457481672,3,2,46387390000000,2026-09-10T12:26:56.802911+00:00,nominal_first,321.0,869.0,-429.0
9.470076923,842358459880558595,842358461457481672,3,3,46387390000000,2026-09-10T12:26:56.802911+00:00,nominal_first,322.0,874.0,-422.0
9.489307692,842358459899789364,842358461457481672,3,4,46387390000000,2026-09-10T12:26:56.802911+00:00,nominal_first,328.0,874.0,-424.0
9.508538462,842358459919020134,842358461457481672,3,5,46387390000000,2026-09-10T12:26:56.802911+00:00,nominal_first,321.0,872.0,-422.0
9.527769231,842358459938250903,842358461457481672,3,6,46387390000000,2026-09-10T12:26:56.802911+00:00,nominal_first,321.0,870.0,-424.0
9.547,842358459957481672,842358461457481672,3,7,46387390000000,2026-09-10T12:26:56.802911+00:00,nominal_first,319.0,873.0,-429.0
9.566230769,842358459976712441,842358461457481672,3,8,46387390000000,2026-09-10T12:26:56.802911+00:00,nominal_first,324.0,867.0,-427.0
9.585461538,842358459995943210,842358461457481672,3,9,46387390000000,2026-09-10T12:26:56.802911+00:00,nominal_first,326.0,875.0,-425.0
9.604692308,842358460015173980,842358461457481672,3,10,46387390000000,2026-09-10T12:26:56.802911+00:00,nominal_first,321.0,875.0,-428.0
9.623923077,842358460034404749,842358461457481672,3,11,46387390000000,2026-09-10T12:26:56.802911+00:00,nominal_first,330.0,876.0,-433.0
9.643153846,842358460053635518,842358461457481672,3,12,46387390000000,2026-09-10T12:26:56.802911+00:00,nominal_first,323.0,873.0,-425.0
9.662384615,842358460072866287,842358461457481672,3,13,46387390000000,2026-09-10T12:26:56.802911+00:00,nominal_first,318.0,868.0,-427.0
9.681615385,842358460092097057,842358461457481672,3,14,46387390000000,2026-09-10T12:26:56.802911+00:00,nominal_first,323.0,869.0,-416.0
9.700846154,842358460111327826,842358461457481672,3,15,46387390000000,2026-09-10T12:26:56.802911+00:00,nominal_first,321.0,877.0,-425.0
9.720076923,842358460130558595,842358461457481672,3,16,46387390000000,2026-09-10T12:26:56.802911+00:00,nominal_first,324.0,875.0,-425.0
9.739307692,842358460149789364,842358461457481672,3,17,46387390000000,2026-09-10T12:26:56.802911+00:00,nominal_first,318.0,862.0,-422.0
9.758538462,842358460169020134,842358461457481672,3,18,46387390000000,2026-09-10T12:26:56.802911+00:00,nominal_first,325.0,873.0,-426.0
9.777769231,842358460188250903,842358461457481672,3,19,46387390000000,2026-09-10T12:26:56.802911+00:00,nominal_first,324.0,871.0,-429.0
9.797,842358460207481672,842358461457481672,3,20,46387390000000,2026-09-10T12:26:56.802911+00:00,nominal_first,321.0,876.0,-434.0
9.816230769,842358460226712441,842358461457481672,3,21,46387390000000,2026-09-10T12:26:56.802911+00:00,nominal_first,321.0,881.0,-424.0
9.835461538,842358460245943210,842358461457481672,3,22,46387390000000,2026-09-10T12:26:56.802911+00:00,nominal_first,321.0,881.0,-423.0
9.854692308,842358460265173980,842358461457481672,3,23,46387390000000,2026-09-10T12:26:56.802911+00:00,nominal_first,318.0,872.0,-423.0
9.873923077,842358460284404749,842358461457481672,3,24,46387390000000,2026-09-10T12:26:56.802911+00:00,nominal_first,324.0,867.0,-422.0
9.893153846,842358460303635518,842358461457481672,3,25,46387390000000,2026-09-10T12:26:56.802911+00:00,nominal_first,323.0,873.0,-423.0
9.912384615,842358460322866287,842358461457481672,3,26,46387390000000,2026-09-10T12:26:56.802911+00:00,nominal_first,325.0,869.0,-422.0
9.931615385,842358460342097057,842358461457481672,3,27,46387390000000,2026-09-10T12:26:56.802911+00:00,nominal_first,323.0,871.0,-425.0
9.950846154,842358460361327826,842358461457481672,3,28,46387390000000,2026-09-10T12:26:56.802911+00:00,nominal_first,320.0,873.0,-426.0
9.970076923,842358460380558595,842358461457481672,3,29,46387390000000,2026-09-10T12:26:56.802911+00:00,nominal_first,321.0,871.0,-426.0
9.989307692,842358460399789364,842358461457481672,3,30,46387390000000,2026-09-10T12:26:56.802911+00:00,nominal_first,321.0,874.0,-420.0
10.008538462,842358460419020134,842358461457481672,3,31,46387390000000,2026-09-10T12:26:56.802911+00:00,nominal_first,328.0,877.0,-419.0
10.027769231,842358460438250903,842358461457481672,3,32,46387390000000,2026-09-10T12:26:56.802911+00:00,nominal_first,320.0,873.0,-419.0
10.047,842358460457481672,842358461457481672,3,33,46387390000000,2026-09-10T12:26:56.802911+00:00,nominal_first,322.0,874.0,-427.0
10.066230769,842358460476712441,842358461457481672,3,34,46387390000000,2026-09-10T12:26:56.802911+00:00,nominal_first,319.0,871.0,-426.0
10.085461538,842358460495943210,842358461457481672,3,35,46387390000000,2026-09-10T12:26:56.802911+00:00,nominal_first,320.0,868.0,-429.0
10.104692308,842358460515173980,842358461457481672,3,36,46387390000000,2026-09-10T12:26:56.802911+00:00,nominal_first,321.0,875.0,-425.0
10.123923077,842358460534404749,842358461457481672,3,37,46387390000000,2026-09-10T12:26:56.802911+00:00,nominal_first,322.0,871.0,-422.0
10.143153846,842358460553635518,842358461457481672,3,38,46387390000000,2026-09-10T12:26:56.802911+00:00,nominal_first,324.0,871.0,-426.0
10.162384615,842358460572866287,842358461457481672,3,39,46387390000000,2026-09-10T12:26:56.802911+00:00,nominal_first,324.0,863.0,-422.0
10.181615385,842358460592097057,842358461457481672,3,40,46387390000000,2026-09-10T12:26:56.802911+00:00,nominal_first,326.0,869.0,-422.0
10.200846154,842358460611327826,842358461457481672,3,41,46387390000000,2026-09-10T12:26:56.802911+00:00,nominal_first,327.0,871.0,-428.0
10.220076923,842358460630558595,842358461457481672,3,42,46387390000000,2026-09-10T12:26:56.802911+00:00,nominal_first,325.0,872.0,-429.0
10.239307692,842358460649789364,842358461457481672,3,43,46387390000000,2026-09-10T12:26:56.802911+00:00,nominal_first,322.0,880.0,-425.0
10.258538462,842358460669020134,842358461457481672,3,44,46387390000000,2026-09-10T12:26:56.802911+00:00,nominal_first,323.0,878.0,-427.0
10.277769231,842358460688250903,842358461457481672,3,45,46387390000000,2026-09-10T12:26:56.802911+00:00,nominal_first,329.0,872.0,-432.0
10.297,842358460707481672,842358461457481672,3,46,46387390000000,2026-09-10T12:26:56.802911+00:00,nominal_first,331.0,872.0,-425.0
10.316230769,842358460726712441,842358461457481672,3,47,46387390000000,2026-09-10T12:26:56.802911+00:00,nominal_first,321.0,876.0,-424.0
10.335461538,842358460745943210,842358461457481672,3,48,46387390000000,2026-09-10T12:26:56.802911+00:00,nominal_first,315.0,871.0,-423.0
10.354692308,842358460765173980,842358461457481672,3,49,46387390000000,2026-09-10T12:26:56.802911+00:00,nominal_first,322.0,874.0,-427.0
10.373923077,842358460784404749,842358461457481672,3,50,46387390000000,2026-09-10T12:26:56.802911+00:00,nominal_first,315.0,873.0,-431.0
10.393153846,842358460803635518,842358461457481672,3,51,46387390000000,2026-09-10T12:26:56.802911+00:00,nominal_first,327.0,875.0,-428.0
10.412384615,842358460822866287,842358461457481672,3,52,46387390000000,2026-09-10T12:26:56.802911+00:00,nominal_first,331.0,873.0,-434.0
10.431615385,842358460842097057,842358461457481672,3,53,46387390000000,2026-09-10T12:26:56.802911+00:00,nominal_first,334.0,871.0,-437.0
10.450846154,842358460861327826,842358461457481672,3,54,46387390000000,2026-09-10T12:26:56.802911+00:00,nominal_first,327.0,866.0,-433.0
10.470076923,842358460880558595,842358461457481672,3,55,46387390000000,2026-09-10T12:26:56.802911+00:00,nominal_first,328.0,872.0,-439.0
10.489307692,842358460899789364,842358461457481672,3,56,46387390000000,2026-09-10T12:26:56.802911+00:00,nominal_first,322.0,873.0,-423.0
10.508538462,842358460919020134,842358461457481672,3,57,46387390000000,2026-09-10T12:26:56.802911+00:00,nominal_first,333.0,894.0,-424.0
10.527769231,842358460938250903,842358461457481672,3,58,46387390000000,2026-09-10T12:26:56.802911+00:00,nominal_first,334.0,897.0,-426.0
10.547,842358460957481672,842358461457481672,3,59,46387390000000,2026-09-10T12:26:56.802911+00:00,nominal_first,325.0,871.0,-411.0
10.566230769,842358460976712441,842358461457481672,3,60,46387390000000,2026-09-10T12:26:56.802911+00:00,nominal_first,315.0,869.0,-413.0
10.585461538,842358460995943210,842358461457481672,3,61,46387390000000,2026-09-10T12:26:56.802911+00:00,nominal_first,325.0,870.0,-395.0
10.604692308,842358461015173980,842358461457481672,3,62,46387390000000,2026-09-10T12:26:56.802911+00:00,nominal_first,336.0,928.0,-360.0
10.623923077,842358461034404749,842358461457481672,3,63,46387390000000,2026-09-10T12:26:56.802911+00:00,nominal_first,387.0,987.0,-361.0
10.643153846,842358461053635518,842358461457481672,3,64,46387390000000,2026-09-10T12:26:56.802911+00:00,nominal_first,398.0,917.0,-378.0
10.662384615,842358461072866287,842358461457481672,3,65,46387390000000,2026-09-10T12:26:56.802911+00:00,nominal_first,385.0,823.0,-375.0
10.681615385,842358461092097057,842358461457481672,3,66,46387390000000,2026-09-10T12:26:56.802911+00:00,nominal_first,373.0,794.0,-375.0
10.700846154,842358461111327826,842358461457481672,3,67,46387390000000,2026-09-10T12:26:56.802911+00:00,nominal_first,378.0,840.0,-373.0
10.720076923,842358461130558595,842358461457481672,3,68,46387390000000,2026-09-10T12:26:56.802911+00:00,nominal_first,361.0,869.0,-372.0
10.739307692,842358461149789364,842358461457481672,3,69,46387390000000,2026-09-10T12:26:56.802911+00:00,nominal_first,334.0,877.0,-373.0
10.758538462,842358461169020134,842358461457481672,3,70,46387390000000,2026-09-10T12:26:56.802911+00:00,nominal_first,335.0,894.0,-379.0
10.777769231,842358461188250903,842358461457481672,3,71,46387390000000,2026-09-10T12:26:56.802911+00:00,nominal_first,341.0,916.0,-364.0
10.797,842358461207481672,842358461457481672,3,72,46387390000000,2026-09-10T12:26:56.802911+00:00,nominal_first,360.0,920.0,-352.0
10.816230769,842358461226712441,842358461457481672,3,73,46387390000000,2026-09-10T12:26:56.802911+00:00,nominal_first,381.0,905.0,-364.0
10.835461538,842358461245943210,842358461457481672,3,74,46387390000000,2026-09-10T12:26:56.802911+00:00,nominal_first,400.0,880.0,-367.0
10.854692308,842358461265173980,842358461457481672,3,75,46387390000000,2026-09-10T12:26:56.802911+00:00,nominal_first,384.0,862.0,-369.0
10.873923077,842358461284404749,842358461457481672,3,76,46387390000000,2026-09-10T12:26:56.802911+00:00,nominal_first,381.0,854.0,-374.0
10.893153846,842358461303635518,842358461457481672,3,77,46387390000000,2026-09-10T12:26:56.802911+00:00,nominal_first,377.0,866.0,-360.0
10.912384615,842358461322866287,842358461457481672,3,78,46387390000000,2026-09-10T12:26:56.802911+00:00,nominal_first,367.0,870.0,-371.0
10.931615385,842358461342097057,842358461457481672,3,79,46387390000000,2026-09-10T12:26:56.802911+00:00,nominal_first,376.0,859.0,-362.0
10.950846154,842358461361327826,842358461457481672,3,80,46387390000000,2026-09-10T12:26:56.802911+00:00,nominal_first,381.0,857.0,-349.0
10.970076923,842358461380558595,842358461457481672,3,81,46387390000000,2026-09-10T12:26:56.802911+00:00,nominal_first,379.0,852.0,-358.0
10.989307692,842358461399789364,842358461457481672,3,82,46387390000000,2026-09-10T12:26:56.802911+00:00,nominal_first,375.0,846.0,-350.0
11.008538462,842358461419020134,842358461457481672,3,83,46387390000000,2026-09-10T12:26:56.802911+00:00,nominal_first,379.0,854.0,-334.0
11.027769231,842358461438250903,842358461457481672,3,84,46387390000000,2026-09-10T12:26:56.802911+00:00,nominal_first,379.0,863.0,-344.0
11.047,842358461457481672,842358461457481672,3,85,46387390000000,2026-09-10T12:26:56.802911+00:00,nominal_first,400.0,868.0,-349.0
11.065890145,842358461476371817,842358463138704558,6,0,46388796000000,2026-09-10T12:26:58.212374+00:00,interpolated,415.0,866.0,-339.0
11.08478029,842358461495261962,842358463138704558,6,1,46388796000000,2026-09-10T12:26:58.212374+00:00,interpolated,413.0,853.0,-348.0
11.103670434,842358461514152106,842358463138704558,6,2,46388796000000,2026-09-10T12:26:58.212374+00:00,interpolated,405.0,856.0,-334.0
11.122560579,842358461533042251,842358463138704558,6,3,46388796000000,2026-09-10T12:26:58.212374+00:00,interpolated,408.0,866.0,-347.0
11.141450724,842358461551932396,842358463138704558,6,4,46388796000000,2026-09-10T12:26:58.212374+00:00,interpolated,416.0,874.0,-338.0
11.160340869,842358461570822541,842358463138704558,6,5,46388796000000,2026-09-10T12:26:58.212374+00:00,interpolated,421.0,862.0,-335.0
11.179231014,842358461589712686,842358463138704558,6,6,46388796000000,2026-09-10T12:26:58.212374+00:00,interpolated,419.0,861.0,-331.0
11.198121158,842358461608602830,842358463138704558,6,7,46388796000000,2026-09-10T12:26:58.212374+00:00,interpolated,424.0,862.0,-329.0
11.217011303,842358461627492975,842358463138704558,6,8,46388796000000,2026-09-10T12:26:58.212374+00:00,interpolated,427.0,880.0,-320.0
11.235901448,842358461646383120,842358463138704558,6,9,46388796000000,2026-09-10T12:26:58.212374+00:00,interpolated,433.0,877.0,-307.0
11.254791593,842358461665273265,842358463138704558,6,10,46388796000000,2026-09-10T12:26:58.212374+00:00,interpolated,430.0,867.0,-313.0
11.273681737,842358461684163409,842358463138704558,6,11,46388796000000,2026-09-10T12:26:58.212374+00:00,interpolated,436.0,873.0,-304.0
11.292571882,842358461703053554,842358463138704558,6,12,46388796000000,2026-09-10T12:26:58.212374+00:00,interpolated,443.0,866.0,-303.0
11.311462027,842358461721943699,842358463138704558,6,13,46388796000000,2026-09-10T12:26:58.212374+00:00,interpolated,461.0,859.0,-302.0
11.330352172,842358461740833844,842358463138704558,6,14,46388796000000,2026-09-10T12:26:58.212374+00:00,interpolated,464.0,852.0,-303.0
11.349242317,842358461759723989,842358463138704558,6,15,46388796000000,2026-09-10T12:26:58.212374+00:00,interpolated,466.0,859.0,-296.0
11.368132461,842358461778614133,842358463138704558,6,16,46388796000000,2026-09-10T12:26:58.212374+00:00,interpolated,478.0,849.0,-301.0
11.387022606,842358461797504278,842358463138704558,6,17,46388796000000,2026-09-10T12:26:58.212374+00:00,interpolated,477.0,841.0,-291.0
11.405912751,842358461816394423,842358463138704558,6,18,46388796000000,2026-09-10T12:26:58.212374+00:00,interpolated,472.0,837.0,-291.0
11.424802896,842358461835284568,842358463138704558,6,19,46388796000000,2026-09-10T12:26:58.212374+00:00,interpolated,474.0,846.0,-292.0
11.443693041,842358461854174713,842358463138704558,6,20,46388796000000,2026-09-10T12:26:58.212374+00:00,interpolated,474.0,857.0,-293.0
11.462583185,842358461873064857,842358463138704558,6,21,46388796000000,2026-09-10T12:26:58.212374+00:00,interpolated,488.0,853.0,-284.0
11.48147333,842358461891955002,842358463138704558,6,22,46388796000000,2026-09-10T12:26:58.212374+00:00,interpolated,495.0,857.0,-288.0
11.500363475,842358461910845147,842358463138704558,6,23,46388796000000,2026-09-10T12:26:58.212374+00:00,interpolated,497.0,858.0,-285.0
11.51925362,842358461929735292,842358463138704558,6,24,46388796000000,2026-09-10T12:26:58.212374+00:00,interpolated,487.0,844.0,-284.0
11.538143764,842358461948625436,842358463138704558,6,25,46388796000000,2026-09-10T12:26:58.212374+00:00,interpolated,488.0,841.0,-284.0
11.557033909,842358461967515581,842358463138704558,6,26,46388796000000,2026-09-10T12:26:58.212374+00:00,interpolated,481.0,844.0,-282.0
11.575924054,842358461986405726,842358463138704558,6,27,46388796000000,2026-09-10T12:26:58.212374+00:00,interpolated,470.0,836.0,-281.0
11.594814199,842358462005295871,842358463138704558,6,28,46388796000000,2026-09-10T12:26:58.212374+00:00,interpolated,471.0,820.0,-289.0
11.613704344,842358462024186016,842358463138704558,6,29,46388796000000,2026-09-10T12:26:58.212374+00:00,interpolated,477.0,810.0,-276.0
11.632594488,842358462043076160,842358463138704558,6,30,46388796000000,2026-09-10T12:26:58.212374+00:00,interpolated,480.0,807.0,-266.0
11.651484633,842358462061966305,842358463138704558,6,31,46388796000000,2026-09-10T12:26:58.212374+00:00,interpolated,484.0,816.0,-274.0
11.670374778,842358462080856450,842358463138704558,6,32,46388796000000,2026-09-10T12:26:58.212374+00:00,interpolated,517.0,830.0,-253.0
11.689264923,842358462099746595,842358463138704558,6,33,46388796000000,2026-09-10T12:26:58.212374+00:00,interpolated,559.0,831.0,-255.0
11.708155068,842358462118636740,842358463138704558,6,34,46388796000000,2026-09-10T12:26:58.212374+00:00,interpolated,562.0,825.0,-228.0
11.727045212,842358462137526884,842358463138704558,6,35,46388796000000,2026-09-10T12:26:58.212374+00:00,interpolated,575.0,817.0,-228.0
11.745935357,842358462156417029,842358463138704558,6,36,46388796000000,2026-09-10T12:26:58.212374+00:00,interpolated,573.0,809.0,-235.0
11.764825502,842358462175307174,842358463138704558,6,37,46388796000000,2026-09-10T12:26:58.212374+00:00,interpolated,569.0,805.0,-227.0
11.783715647,842358462194197319,842358463138704558,6,38,46388796000000,2026-09-10T12:26:58.212374+00:00,interpolated,578.0,802.0,-229.0
11.802605791,842358462213087463,842358463138704558,6,39,46388796000000,2026-09-10T12:26:58.212374+00:00,interpolated,584.0,809.0,-217.0
11.821495936,842358462231977608,842358463138704558,6,40,46388796000000,2026-09-10T12:26:58.212374+00:00,interpolated,586.0,792.0,-226.0
11.840386081,842358462250867753,842358463138704558,6,41,46388796000000,2026-09-10T12:26:58.212374+00:00,interpolated,604.0,788.0,-238.0
11.859276226,842358462269757898,842358463138704558,6,42,46388796000000,2026-09-10T12:26:58.212374+00:00,interpolated,607.0,791.0,-214.0
11.878166371,842358462288648043,842358463138704558,6,43,46388796000000,2026-09-10T12:26:58.212374+00:00,interpolated,620.0,791.0,-204.0
11.897056515,842358462307538187,842358463138704558,6,44,46388796000000,2026-09-10T12:26:58.212374+00:00,interpolated,615.0,796.0,-195.0
11.91594666,842358462326428332,842358463138704558,6,45,46388796000000,2026-09-10T12:26:58.212374+00:00,interpolated,616.0,795.0,-197.0
11.934836805,842358462345318477,842358463138704558,6,46,46388796000000,2026-09-10T12:26:58.212374+00:00,interpolated,604.0,787.0,-197.0
11.95372695,842358462364208622,842358463138704558,6,47,46388796000000,2026-09-10T12:26:58.212374+00:00,interpolated,601.0,772.0,-187.0
11.972617095,842358462383098767,842358463138704558,6,48,46388796000000,2026-09-10T12:26:58.212374+00:00,interpolated,585.0,771.0,-173.0
11.991507239,842358462401988911,842358463138704558,6,49,46388796000000,2026-09-10T12:26:58.212374+00:00,interpolated,573.0,752.0,-176.0
12.010397384,842358462420879056,842358463138704558,6,50,46388796000000,2026-09-10T12:26:58.212374+00:00,interpolated,567.0,745.0,-169.0
12.029287529,842358462439769201,842358463138704558,6,51,46388796000000,2026-09-10T12:26:58.212374+00:00,interpolated,573.0,765.0,-172.0
12.048177674,842358462458659346,842358463138704558,6,52,46388796000000,2026-09-10T12:26:58.212374+00:00,interpolated,583.0,781.0,-184.0
12.067067818,842358462477549490,842358463138704558,6,53,46388796000000,2026-09-10T12:26:58.212374+00:00,interpolated,580.0,785.0,-186.0
12.085957963,842358462496439635,842358463138704558,6,54,46388796000000,2026-09-10T12:26:58.212374+00:00,interpolated,576.0,779.0,-194.0
12.104848108,842358462515329780,842358463138704558,6,55,46388796000000,2026-09-10T12:26:58.212374+00:00,interpolated,568.0,800.0,-211.0
12.123738253,842358462534219925,842358463138704558,6,56,46388796000000,2026-09-10T12:26:58.212374+00:00,interpolated,570.0,816.0,-194.0
12.142628398,842358462553110070,842358463138704558,6,57,46388796000000,2026-09-10T12:26:58.212374+00:00,interpolated,562.0,837.0,-195.0
12.161518542,842358462572000214,842358463138704558,6,58,46388796000000,2026-09-10T12:26:58.212374+00:00,interpolated,550.0,837.0,-194.0
12.180408687,842358462590890359,842358463138704558,6,59,46388796000000,2026-09-10T12:26:58.212374+00:00,interpolated,540.0,832.0,-202.0
12.199298832,842358462609780504,842358463138704558,6,60,46388796000000,2026-09-10T12:26:58.212374+00:00,interpolated,525.0,834.0,-197.0
12.218188977,842358462628670649,842358463138704558,6,61,46388796000000,2026-09-10T12:26:58.212374+00:00,interpolated,508.0,846.0,-199.0
12.237079122,842358462647560794,842358463138704558,6,62,46388796000000,2026-09-10T12:26:58.212374+00:00,interpolated,503.0,859.0,-208.0
12.255969266,842358462666450938,842358463138704558,6,63,46388796000000,2026-09-10T12:26:58.212374+00:00,interpolated,496.0,851.0,-212.0
12.274859411,842358462685341083,842358463138704558,6,64,46388796000000,2026-09-10T12:26:58.212374+00:00,interpolated,493.0,851.0,-218.0
12.293749556,842358462704231228,842358463138704558,6,65,46388796000000,2026-09-10T12:26:58.212374+00:00,interpolated,482.0,866.0,-236.0
12.312639701,842358462723121373,842358463138704558,6,66,46388796000000,2026-09-10T12:26:58.212374+00:00,interpolated,488.0,880.0,-250.0
12.331529845,842358462742011517,842358463138704558,6,67,46388796000000,2026-09-10T12:26:58.212374+00:00,interpolated,479.0,880.0,-243.0
12.35041999,842358462760901662,842358463138704558,6,68,46388796000000,2026-09-10T12:26:58.212374+00:00,interpolated,463.0,882.0,-248.0
12.369310135,842358462779791807,842358463138704558,6,69,46388796000000,2026-09-10T12:26:58.212374+00:00,interpolated,447.0,883.0,-256.0
12.38820028,842358462798681952,842358463138704558,6,70,46388796000000,2026-09-10T12:26:58.212374+00:00,interpolated,442.0,880.0,-277.0
12.407090425,842358462817572097,842358463138704558,6,71,46388796000000,2026-09-10T12:26:58.212374+00:00,interpolated,439.0,886.0,-273.0
12.425980569,842358462836462241,842358463138704558,6,72,46388796000000,2026-09-10T12:26:58.212374+00:00,interpolated,443.0,877.0,-270.0
12.444870714,842358462855352386,842358463138704558,6,73,46388796000000,2026-09-10T12:26:58.212374+00:00,interpolated,436.0,878.0,-271.0
12.463760859,842358462874242531,842358463138704558,6,74,46388796000000,2026-09-10T12:26:58.212374+00:00,interpolated,426.0,878.0,-286.0
12.482651004,842358462893132676,842358463138704558,6,75,46388796000000,2026-09-10T12:26:58.212374+00:00,interpolated,410.0,885.0,-282.0
12.501541149,842358462912022821,842358463138704558,6,76,46388796000000,2026-09-10T12:26:58.212374+00:00,interpolated,403.0,880.0,-284.0
12.520431293,842358462930912965,842358463138704558,6,77,46388796000000,2026-09-10T12:26:58.212374+00:00,interpolated,399.0,886.0,-290.0
12.539321438,842358462949803110,842358463138704558,6,78,46388796000000,2026-09-10T12:26:58.212374+00:00,interpolated,395.0,897.0,-306.0
12.558211583,842358462968693255,842358463138704558,6,79,46388796000000,2026-09-10T12:26:58.212374+00:00,interpolated,395.0,892.0,-313.0
12.577101728,842358462987583400,842358463138704558,6,80,46388796000000,2026-09-10T12:26:58.212374+00:00,interpolated,401.0,882.0,-313.0
12.595991872,842358463006473544,842358463138704558,6,81,46388796000000,2026-09-10T12:26:58.212374+00:00,interpolated,397.0,890.0,-312.0
12.614882017,842358463025363689,842358463138704558,6,82,46388796000000,2026-09-10T12:26:58.212374+00:00,interpolated,390.0,894.0,-307.0
12.633772162,842358463044253834,842358463138704558,6,83,46388796000000,2026-09-10T12:26:58.212374+00:00,interpolated,403.0,888.0,-334.0
12.652662307,842358463063143979,842358463138704558,6,84,46388796000000,2026-09-10T12:26:58.212374+00:00,interpolated,408.0,892.0,-329.0
12.671552452,842358463082034124,842358463138704558,6,85,46388796000000,2026-09-10T12:26:58.212374+00:00,interpolated,392.0,893.0,-312.0
12.690442596,842358463100924268,842358463138704558,6,86,46388796000000,2026-09-10T12:26:58.212374+00:00,interpolated,379.0,904.0,-305.0
12.709332741,842358463119814413,842358463138704558,6,87,46388796000000,2026-09-10T12:26:58.212374+00:00,interpolated,370.0,906.0,-311.0
12.728222886,842358463138704558,842358463138704558,6,88,46388796000000,2026-09-10T12:26:58.212374+00:00,interpolated,361.0,898.0,-316.0
12.747113122,842358463157594794,842358464914386760,10,0,46390687000000,2026-09-10T12:27:00.102001+00:00,interpolated,361.0,898.0,-312.0
12.766003358,842358463176485030,842358464914386760,10,1,46390687000000,2026-09-10T12:27:00.102001+00:00,interpolated,364.0,894.0,-308.0
12.784893595,842358463195375267,842358464914386760,10,2,46390687000000,2026-09-10T12:27:00.102001+00:00,interpolated,365.0,900.0,-311.0
12.803783831,842358463214265503,842358464914386760,10,3,46390687000000,2026-09-10T12:27:00.102001+00:00,interpolated,370.0,896.0,-320.0
12.822674067,842358463233155739,842358464914386760,10,4,46390687000000,2026-09-10T12:27:00.102001+00:00,interpolated,364.0,885.0,-319.0
12.841564303,842358463252045975,842358464914386760,10,5,46390687000000,2026-09-10T12:27:00.102001+00:00,interpolated,360.0,893.0,-327.0
12.860454539,842358463270936211,842358464914386760,10,6,46390687000000,2026-09-10T12:27:00.102001+00:00,interpolated,368.0,896.0,-327.0
12.879344776,842358463289826448,842358464914386760,10,7,46390687000000,2026-09-10T12:27:00.102001+00:00,interpolated,366.0,895.0,-319.0
12.898235012,842358463308716684,842358464914386760,10,8,46390687000000,2026-09-10T12:27:00.102001+00:00,interpolated,365.0,899.0,-325.0
12.917125248,842358463327606920,842358464914386760,10,9,46390687000000,2026-09-10T12:27:00.102001+00:00,interpolated,361.0,899.0,-327.0
12.936015484,842358463346497156,842358464914386760,10,10,46390687000000,2026-09-10T12:27:00.102001+00:00,interpolated,360.0,903.0,-329.0
12.95490572,842358463365387392,842358464914386760,10,11,46390687000000,2026-09-10T12:27:00.102001+00:00,interpolated,350.0,895.0,-326.0
12.973795956,842358463384277628,842358464914386760,10,12,46390687000000,2026-09-10T12:27:00.102001+00:00,interpolated,342.0,901.0,-330.0
12.992686193,842358463403167865,842358464914386760,10,13,46390687000000,2026-09-10T12:27:00.102001+00:00,interpolated,341.0,908.0,-329.0
13.011576429,842358463422058101,842358464914386760,10,14,46390687000000,2026-09-10T12:27:00.102001+00:00,interpolated,340.0,917.0,-322.0
13.030466665,842358463440948337,842358464914386760,10,15,46390687000000,2026-09-10T12:27:00.102001+00:00,interpolated,340.0,908.0,-324.0
13.049356901,842358463459838573,842358464914386760,10,16,46390687000000,2026-09-10T12:27:00.102001+00:00,interpolated,338.0,905.0,-327.0
13.068247137,842358463478728809,842358464914386760,10,17,46390687000000,2026-09-10T12:27:00.102001+00:00,interpolated,345.0,899.0,-328.0
13.087137374,842358463497619046,842358464914386760,10,18,46390687000000,2026-09-10T12:27:00.102001+00:00,interpolated,346.0,901.0,-332.0
13.10602761,842358463516509282,842358464914386760,10,19,46390687000000,2026-09-10T12:27:00.102001+00:00,interpolated,341.0,899.0,-325.0
13.124917846,842358463535399518,842358464914386760,10,20,46390687000000,2026-09-10T12:27:00.102001+00:00,interpolated,338.0,896.0,-325.0
13.143808082,842358463554289754,842358464914386760,10,21,46390687000000,2026-09-10T12:27:00.102001+00:00,interpolated,340.0,897.0,-333.0
13.162698318,842358463573179990,842358464914386760,10,22,46390687000000,2026-09-10T12:27:00.102001+00:00,interpolated,338.0,906.0,-331.0
13.181588555,842358463592070227,842358464914386760,10,23,46390687000000,2026-09-10T12:27:00.102001+00:00,interpolated,341.0,908.0,-329.0
13.200478791,842358463610960463,842358464914386760,10,24,46390687000000,2026-09-10T12:27:00.102001+00:00,interpolated,347.0,901.0,-325.0
13.219369027,842358463629850699,842358464914386760,10,25,46390687000000,2026-09-10T12:27:00.102001+00:00,interpolated,346.0,904.0,-322.0
13.238259263,842358463648740935,842358464914386760,10,26,46390687000000,2026-09-10T12:27:00.102001+00:00,interpolated,345.0,902.0,-329.0
13.257149499,842358463667631171,842358464914386760,10,27,46390687000000,2026-09-10T12:27:00.102001+00:00,interpolated,341.0,902.0,-328.0
13.276039736,842358463686521408,842358464914386760,10,28,46390687000000,2026-09-10T12:27:00.102001+00:00,interpolated,338.0,903.0,-331.0
13.294929972,842358463705411644,842358464914386760,10,29,46390687000000,2026-09-10T12:27:00.102001+00:00,interpolated,337.0,900.0,-325.0
13.313820208,842358463724301880,842358464914386760,10,30,46390687000000,2026-09-10T12:27:00.102001+00:00,interpolated,338.0,905.0,-319.0
13.332710444,842358463743192116,842358464914386760,10,31,46390687000000,2026-09-10T12:27:00.102001+00:00,interpolated,343.0,901.0,-323.0
13.35160068,842358463762082352,842358464914386760,10,32,46390687000000,2026-09-10T12:27:00.102001+00:00,interpolated,347.0,901.0,-325.0
13.370490917,842358463780972589,842358464914386760,10,33,46390687000000,2026-09-10T12:27:00.102001+00:00,interpolated,344.0,902.0,-319.0
13.389381153,842358463799862825,842358464914386760,10,34,46390687000000,2026-09-10T12:27:00.102001+00:00,interpolated,339.0,896.0,-327.0
13.408271389,842358463818753061,842358464914386760,10,35,46390687000000,2026-09-10T12:27:00.102001+00:00,interpolated,339.0,908.0,-324.0
13.427161625,842358463837643297,842358464914386760,10,36,46390687000000,2026-09-10T12:27:00.102001+00:00,interpolated,338.0,904.0,-327.0
13.446051861,842358463856533533,842358464914386760,10,37,46390687000000,2026-09-10T12:27:00.102001+00:00,interpolated,345.0,904.0,-334.0
13.464942097,842358463875423769,842358464914386760,10,38,46390687000000,2026-09-10T12:27:00.102001+00:00,interpolated,348.0,906.0,-334.0
13.483832334,842358463894314006,842358464914386760,10,39,46390687000000,2026-09-10T12:27:00.102001+00:00,interpolated,351.0,910.0,-328.0
13.50272257,842358463913204242,842358464914386760,10,40,46390687000000,2026-09-10T12:27:00.102001+00:00,interpolated,350.0,917.0,-328.0
13.521612806,842358463932094478,842358464914386760,10,41,46390687000000,2026-09-10T12:27:00.102001+00:00,interpolated,349.0,913.0,-329.0
13.540503042,842358463950984714,842358464914386760,10,42,46390687000000,2026-09-10T12:27:00.102001+00:00,interpolated,347.0,900.0,-332.0
13.559393278,842358463969874950,842358464914386760,10,43,46390687000000,2026-09-10T12:27:00.102001+00:00,interpolated,341.0,896.0,-330.0
13.578283515,842358463988765187,842358464914386760,10,44,46390687000000,2026-09-10T12:27:00.102001+00:00,interpolated,337.0,898.0,-333.0
13.597173751,842358464007655423,842358464914386760,10,45,46390687000000,2026-09-10T12:27:00.102001+00:00,interpolated,339.0,897.0,-330.0
13.616063987,842358464026545659,842358464914386760,10,46,46390687000000,2026-09-10T12:27:00.102001+00:00,interpolated,342.0,907.0,-328.0
13.634954223,842358464045435895,842358464914386760,10,47,46390687000000,2026-09-10T12:27:00.102001+00:00,interpolated,345.0,905.0,-331.0
13.653844459,842358464064326131,842358464914386760,10,48,46390687000000,2026-09-10T12:27:00.102001+00:00,interpolated,347.0,902.0,-335.0
13.672734696,842358464083216368,842358464914386760,10,49,46390687000000,2026-09-10T12:27:00.102001+00:00,interpolated,342.0,913.0,-335.0
13.691624932,842358464102106604,842358464914386760,10,50,46390687000000,2026-09-10T12:27:00.102001+00:00,interpolated,336.0,911.0,-326.0
13.710515168,842358464120996840,842358464914386760,10,51,46390687000000,2026-09-10T12:27:00.102001+00:00,interpolated,333.0,908.0,-334.0
13.729405404,842358464139887076,842358464914386760,10,52,46390687000000,2026-09-10T12:27:00.102001+00:00,interpolated,332.0,907.0,-331.0
13.74829564,842358464158777312,842358464914386760,10,53,46390687000000,2026-09-10T12:27:00.102001+00:00,interpolated,336.0,916.0,-329.0
13.767185877,842358464177667549,842358464914386760,10,54,46390687000000,2026-09-10T12:27:00.102001+00:00,interpolated,336.0,911.0,-325.0
13.786076113,842358464196557785,842358464914386760,10,55,46390687000000,2026-09-10T12:27:00.102001+00:00,interpolated,340.0,908.0,-327.0
13.804966349,842358464215448021,842358464914386760,10,56,46390687000000,2026-09-10T12:27:00.102001+00:00,interpolated,345.0,909.0,-324.0
13.823856585,842358464234338257,842358464914386760,10,57,46390687000000,2026-09-10T12:27:00.102001+00:00,interpolated,341.0,907.0,-319.0
13.842746821,842358464253228493,842358464914386760,10,58,46390687000000,2026-09-10T12:27:00.102001+00:00,interpolated,338.0,905.0,-329.0
13.861637057,842358464272118729,842358464914386760,10,59,46390687000000,2026-09-10T12:27:00.102001+00:00,interpolated,342.0,904.0,-331.0
13.880527294,842358464291008966,842358464914386760,10,60,46390687000000,2026-09-10T12:27:00.102001+00:00,interpolated,340.0,912.0,-330.0
13.89941753,842358464309899202,842358464914386760,10,61,46390687000000,2026-09-10T12:27:00.102001+00:00,interpolated,336.0,920.0,-335.0
13.918307766,842358464328789438,842358464914386760,10,62,46390687000000,2026-09-10T12:27:00.102001+00:00,interpolated,340.0,913.0,-323.0
13.937198002,842358464347679674,842358464914386760,10,63,46390687000000,2026-09-10T12:27:00.102001+00:00,interpolated,349.0,910.0,-327.0
13.956088238,842358464366569910,842358464914386760,10,64,46390687000000,2026-09-10T12:27:00.102001+00:00,interpolated,346.0,906.0,-327.0
13.974978475,842358464385460147,842358464914386760,10,65,46390687000000,2026-09-10T12:27:00.102001+00:00,interpolated,345.0,909.0,-327.0
13.993868711,842358464404350383,842358464914386760,10,66,46390687000000,2026-09-10T12:27:00.102001+00:00,interpolated,348.0,909.0,-323.0
14.012758947,842358464423240619,842358464914386760,10,67,46390687000000,2026-09-10T12:27:00.102001+00:00,interpolated,346.0,907.0,-319.0
14.031649183,842358464442130855,842358464914386760,10,68,46390687000000,2026-09-10T12:27:00.102001+00:00,interpolated,352.0,903.0,-319.0
14.050539419,842358464461021091,842358464914386760,10,69,46390687000000,2026-09-10T12:27:00.102001+00:00,interpolated,354.0,909.0,-324.0
14.069429656,842358464479911328,842358464914386760,10,70,46390687000000,2026-09-10T12:27:00.102001+00:00,interpolated,355.0,901.0,-328.0
14.088319892,842358464498801564,842358464914386760,10,71,46390687000000,2026-09-10T12:27:00.102001+00:00,interpolated,352.0,902.0,-325.0
14.107210128,842358464517691800,842358464914386760,10,72,46390687000000,2026-09-10T12:27:00.102001+00:00,interpolated,355.0,902.0,-319.0
14.126100364,842358464536582036,842358464914386760,10,73,46390687000000,2026-09-10T12:27:00.102001+00:00,interpolated,360.0,904.0,-324.0
14.1449906,842358464555472272,842358464914386760,10,74,46390687000000,2026-09-10T12:27:00.102001+00:00,interpolated,359.0,895.0,-323.0
14.163880837,842358464574362509,842358464914386760,10,75,46390687000000,2026-09-10T12:27:00.102001+00:00,interpolated,359.0,904.0,-318.0
14.182771073,842358464593252745,842358464914386760,10,76,46390687000000,2026-09-10T12:27:00.102001+00:00,interpolated,357.0,903.0,-323.0
14.201661309,842358464612142981,842358464914386760,10,77,46390687000000,2026-09-10T12:27:00.102001+00:00,interpolated,354.0,906.0,-322.0
14.220551545,842358464631033217,842358464914386760,10,78,46390687000000,2026-09-10T12:27:00.102001+00:00,interpolated,355.0,912.0,-323.0
14.239441781,842358464649923453,842358464914386760,10,79,46390687000000,2026-09-10T12:27:00.102001+00:00,interpolated,355.0,914.0,-325.0
14.258332018,842358464668813690,842358464914386760,10,80,46390687000000,2026-09-10T12:27:00.102001+00:00,interpolated,357.0,912.0,-325.0
14.277222254,842358464687703926,842358464914386760,10,81,46390687000000,2026-09-10T12:27:00.102001+00:00,interpolated,356.0,905.0,-316.0
14.29611249,842358464706594162,842358464914386760,10,82,46390687000000,2026-09-10T12:27:00.102001+00:00,interpolated,365.0,900.0,-319.0
14.315002726,842358464725484398,842358464914386760,10,83,46390687000000,2026-09-10T12:27:00.102001+00:00,interpolated,366.0,915.0,-318.0
14.333892962,842358464744374634,842358464914386760,10,84,46390687000000,2026-09-10T12:27:00.102001+00:00,interpolated,355.0,912.0,-329.0
14.352783198,842358464763264870,842358464914386760,10,85,46390687000000,2026-09-10T12:27:00.102001+00:00,interpolated,349.0,910.0,-332.0
14.371673435,842358464782155107,842358464914386760,10,86,46390687000000,2026-09-10T12:27:00.102001+00:00,interpolated,351.0,908.0,-328.0
14.390563671,842358464801045343,842358464914386760,10,87,46390687000000,2026-09-10T12:27:00.102001+00:00,interpolated,351.0,907.0,-328.0
14.409453907,842358464819935579,842358464914386760,10,88,46390687000000,2026-09-10T12:27:00.102001+00:00,interpolated,344.0,906.0,-329.0
14.428344143,842358464838825815,842358464914386760,10,89,46390687000000,2026-09-10T12:27:00.102001+00:00,interpolated,345.0,905.0,-326.0
14.447234379,842358464857716051,842358464914386760,10,90,46390687000000,2026-09-10T12:27:00.102001+00:00,interpolated,336.0,911.0,-326.0
14.466124616,842358464876606288,842358464914386760,10,91,46390687000000,2026-09-10T12:27:00.102001+00:00,interpolated,334.0,908.0,-329.0
14.485014852,842358464895496524,842358464914386760,10,92,46390687000000,2026-09-10T12:27:00.102001+00:00,interpolated,337.0,906.0,-319.0
14.503905088,842358464914386760,842358464914386760,10,93,46390687000000,2026-09-10T12:27:00.102001+00:00,interpolated,334.0,906.0,-323.0
14.522795405,842358464933277077,842358466690076590,15,0,46392546000000,2026-09-10T12:27:01.961902+00:00,interpolated,335.0,913.0,-318.0
14.541685723,842358464952167395,842358466690076590,15,1,46392546000000,2026-09-10T12:27:01.961902+00:00,interpolated,331.0,917.0,-325.0
14.56057604,842358464971057712,842358466690076590,15,2,46392546000000,2026-09-10T12:27:01.961902+00:00,interpolated,330.0,921.0,-324.0
14.579466357,842358464989948029,842358466690076590,15,3,46392546000000,2026-09-10T12:27:01.961902+00:00,interpolated,334.0,906.0,-324.0
14.598356675,842358465008838347,842358466690076590,15,4,46392546000000,2026-09-10T12:27:01.961902+00:00,interpolated,328.0,903.0,-328.0
14.617246992,842358465027728664,842358466690076590,15,5,46392546000000,2026-09-10T12:27:01.961902+00:00,interpolated,329.0,904.0,-326.0
14.636137309,842358465046618981,842358466690076590,15,6,46392546000000,2026-09-10T12:27:01.961902+00:00,interpolated,325.0,916.0,-326.0
14.655027627,842358465065509299,842358466690076590,15,7,46392546000000,2026-09-10T12:27:01.961902+00:00,interpolated,325.0,919.0,-330.0
14.673917944,842358465084399616,842358466690076590,15,8,46392546000000,2026-09-10T12:27:01.961902+00:00,interpolated,319.0,915.0,-335.0
14.692808261,842358465103289933,842358466690076590,15,9,46392546000000,2026-09-10T12:27:01.961902+00:00,interpolated,309.0,915.0,-332.0
14.711698579,842358465122180251,842358466690076590,15,10,46392546000000,2026-09-10T12:27:01.961902+00:00,interpolated,306.0,916.0,-340.0
14.730588896,842358465141070568,842358466690076590,15,11,46392546000000,2026-09-10T12:27:01.961902+00:00,interpolated,302.0,916.0,-336.0
14.749479213,842358465159960885,842358466690076590,15,12,46392546000000,2026-09-10T12:27:01.961902+00:00,interpolated,296.0,921.0,-344.0
14.768369531,842358465178851203,842358466690076590,15,13,46392546000000,2026-09-10T12:27:01.961902+00:00,interpolated,298.0,920.0,-341.0
14.787259848,842358465197741520,842358466690076590,15,14,46392546000000,2026-09-10T12:27:01.961902+00:00,interpolated,295.0,922.0,-348.0
14.806150165,842358465216631837,842358466690076590,15,15,46392546000000,2026-09-10T12:27:01.961902+00:00,interpolated,292.0,920.0,-348.0
14.825040483,842358465235522155,842358466690076590,15,16,46392546000000,2026-09-10T12:27:01.961902+00:00,interpolated,290.0,920.0,-352.0
14.8439308,842358465254412472,842358466690076590,15,17,46392546000000,2026-09-10T12:27:01.961902+00:00,interpolated,288.0,921.0,-347.0
14.862821117,842358465273302789,842358466690076590,15,18,46392546000000,2026-09-10T12:27:01.961902+00:00,interpolated,286.0,920.0,-344.0
14.881711435,842358465292193107,842358466690076590,15,19,46392546000000,2026-09-10T12:27:01.961902+00:00,interpolated,281.0,919.0,-344.0
14.900601752,842358465311083424,842358466690076590,15,20,46392546000000,2026-09-10T12:27:01.961902+00:00,interpolated,278.0,919.0,-349.0
14.919492069,842358465329973741,842358466690076590,15,21,46392546000000,2026-09-10T12:27:01.961902+00:00,interpolated,279.0,924.0,-343.0
14.938382387,842358465348864059,842358466690076590,15,22,46392546000000,2026-09-10T12:27:01.961902+00:00,interpolated,282.0,925.0,-336.0
14.957272704,842358465367754376,842358466690076590,15,23,46392546000000,2026-09-10T12:27:01.961902+00:00,interpolated,279.0,919.0,-346.0
14.976163022,842358465386644694,842358466690076590,15,24,46392546000000,2026-09-10T12:27:01.961902+00:00,interpolated,278.0,924.0,-344.0
14.995053339,842358465405535011,842358466690076590,15,25,46392546000000,2026-09-10T12:27:01.961902+00:00,interpolated,273.0,914.0,-338.0
15.013943656,842358465424425328,842358466690076590,15,26,46392546000000,2026-09-10T12:27:01.961902+00:00,interpolated,277.0,927.0,-339.0
15.032833974,842358465443315646,842358466690076590,15,27,46392546000000,2026-09-10T12:27:01.961902+00:00,interpolated,274.0,924.0,-339.0
15.051724291,842358465462205963,842358466690076590,15,28,46392546000000,2026-09-10T12:27:01.961902+00:00,interpolated,280.0,916.0,-332.0
15.070614608,842358465481096280,842358466690076590,15,29,46392546000000,2026-09-10T12:27:01.961902+00:00,interpolated,287.0,912.0,-335.0
15.089504926,842358465499986598,842358466690076590,15,30,46392546000000,2026-09-10T12:27:01.961902+00:00,interpolated,275.0,928.0,-356.0
15.108395243,842358465518876915,842358466690076590,15,31,46392546000000,2026-09-10T12:27:01.961902+00:00,interpolated,296.0,930.0,-358.0
15.12728556,842358465537767232,842358466690076590,15,32,46392546000000,2026-09-10T12:27:01.961902+00:00,interpolated,302.0,932.0,-336.0
15.146175878,842358465556657550,842358466690076590,15,33,46392546000000,2026-09-10T12:27:01.961902+00:00,interpolated,297.0,950.0,-339.0
15.165066195,842358465575547867,842358466690076590,15,34,46392546000000,2026-09-10T12:27:01.961902+00:00,interpolated,278.0,969.0,-342.0
15.183956512,842358465594438184,842358466690076590,15,35,46392546000000,2026-09-10T12:27:01.961902+00:00,interpolated,294.0,974.0,-331.0
15.20284683,842358465613328502,842358466690076590,15,36,46392546000000,2026-09-10T12:27:01.961902+00:00,interpolated,279.0,957.0,-326.0
15.221737147,842358465632218819,842358466690076590,15,37,46392546000000,2026-09-10T12:27:01.961902+00:00,interpolated,268.0,966.0,-309.0
15.240627464,842358465651109136,842358466690076590,15,38,46392546000000,2026-09-10T12:27:01.961902+00:00,interpolated,261.0,950.0,-303.0
15.259517782,842358465669999454,842358466690076590,15,39,46392546000000,2026-09-10T12:27:01.961902+00:00,interpolated,292.0,927.0,-279.0
15.278408099,842358465688889771,842358466690076590,15,40,46392546000000,2026-09-10T12:27:01.961902+00:00,interpolated,298.0,899.0,-273.0
15.297298416,842358465707780088,842358466690076590,15,41,46392546000000,2026-09-10T12:27:01.961902+00:00,interpolated,325.0,911.0,-259.0
15.316188734,842358465726670406,842358466690076590,15,42,46392546000000,2026-09-10T12:27:01.961902+00:00,interpolated,326.0,906.0,-265.0
15.335079051,842358465745560723,842358466690076590,15,43,46392546000000,2026-09-10T12:27:01.961902+00:00,interpolated,336.0,905.0,-264.0
15.353969368,842358465764451040,842358466690076590,15,44,46392546000000,2026-09-10T12:27:01.961902+00:00,interpolated,345.0,910.0,-243.0
15.372859686,842358465783341358,842358466690076590,15,45,46392546000000,2026-09-10T12:27:01.961902+00:00,interpolated,365.0,926.0,-265.0
15.391750003,842358465802231675,842358466690076590,15,46,46392546000000,2026-09-10T12:27:01.961902+00:00,interpolated,372.0,935.0,-266.0
15.41064032,842358465821121992,842358466690076590,15,47,46392546000000,2026-09-10T12:27:01.961902+00:00,interpolated,381.0,929.0,-267.0
15.429530638,842358465840012310,842358466690076590,15,48,46392546000000,2026-09-10T12:27:01.961902+00:00,interpolated,377.0,914.0,-276.0
15.448420955,842358465858902627,842358466690076590,15,49,46392546000000,2026-09-10T12:27:01.961902+00:00,interpolated,391.0,915.0,-275.0
15.467311272,842358465877792944,842358466690076590,15,50,46392546000000,2026-09-10T12:27:01.961902+00:00,interpolated,388.0,924.0,-270.0
15.48620159,842358465896683262,842358466690076590,15,51,46392546000000,2026-09-10T12:27:01.961902+00:00,interpolated,384.0,917.0,-285.0
15.505091907,842358465915573579,842358466690076590,15,52,46392546000000,2026-09-10T12:27:01.961902+00:00,interpolated,386.0,914.0,-270.0
15.523982224,842358465934463896,842358466690076590,15,53,46392546000000,2026-09-10T12:27:01.961902+00:00,interpolated,387.0,913.0,-258.0
15.542872542,842358465953354214,842358466690076590,15,54,46392546000000,2026-09-10T12:27:01.961902+00:00,interpolated,389.0,913.0,-252.0
15.561762859,842358465972244531,842358466690076590,15,55,46392546000000,2026-09-10T12:27:01.961902+00:00,interpolated,394.0,902.0,-250.0
15.580653176,842358465991134848,842358466690076590,15,56,46392546000000,2026-09-10T12:27:01.961902+00:00,interpolated,389.0,891.0,-238.0
15.599543494,842358466010025166,842358466690076590,15,57,46392546000000,2026-09-10T12:27:01.961902+00:00,interpolated,397.0,885.0,-237.0
15.618433811,842358466028915483,842358466690076590,15,58,46392546000000,2026-09-10T12:27:01.961902+00:00,interpolated,389.0,892.0,-236.0
15.637324128,842358466047805800,842358466690076590,15,59,46392546000000,2026-09-10T12:27:01.961902+00:00,interpolated,387.0,892.0,-237.0
15.656214446,842358466066696118,842358466690076590,15,60,46392546000000,2026-09-10T12:27:01.961902+00:00,interpolated,384.0,891.0,-231.0
15.675104763,842358466085586435,842358466690076590,15,61,46392546000000,2026-09-10T12:27:01.961902+00:00,interpolated,377.0,889.0,-236.0
15.69399508,842358466104476752,842358466690076590,15,62,46392546000000,2026-09-10T12:27:01.961902+00:00,interpolated,365.0,906.0,-232.0
15.712885398,842358466123367070,842358466690076590,15,63,46392546000000,2026-09-10T12:27:01.961902+00:00,interpolated,379.0,911.0,-232.0
15.731775715,842358466142257387,842358466690076590,15,64,46392546000000,2026-09-10T12:27:01.961902+00:00,interpolated,368.0,906.0,-234.0
15.750666032,842358466161147704,842358466690076590,15,65,46392546000000,2026-09-10T12:27:01.961902+00:00,interpolated,361.0,908.0,-244.0
15.76955635,842358466180038022,842358466690076590,15,66,46392546000000,2026-09-10T12:27:01.961902+00:00,interpolated,352.0,920.0,-243.0
15.788446667,842358466198928339,842358466690076590,15,67,46392546000000,2026-09-10T12:27:01.961902+00:00,interpolated,377.0,928.0,-252.0
15.807336984,842358466217818656,842358466690076590,15,68,46392546000000,2026-09-10T12:27:01.961902+00:00,interpolated,381.0,946.0,-233.0
15.826227302,842358466236708974,842358466690076590,15,69,46392546000000,2026-09-10T12:27:01.961902+00:00,interpolated,369.0,954.0,-235.0
15.845117619,842358466255599291,842358466690076590,15,70,46392546000000,2026-09-10T12:27:01.961902+00:00,interpolated,361.0,955.0,-233.0
15.864007937,842358466274489609,842358466690076590,15,71,46392546000000,2026-09-10T12:27:01.961902+00:00,interpolated,353.0,956.0,-241.0
15.882898254,842358466293379926,842358466690076590,15,72,46392546000000,2026-09-10T12:27:01.961902+00:00,interpolated,334.0,960.0,-241.0
15.901788571,842358466312270243,842358466690076590,15,73,46392546000000,2026-09-10T12:27:01.961902+00:00,interpolated,332.0,965.0,-231.0
15.920678889,842358466331160561,842358466690076590,15,74,46392546000000,2026-09-10T12:27:01.961902+00:00,interpolated,335.0,955.0,-235.0
15.939569206,842358466350050878,842358466690076590,15,75,46392546000000,2026-09-10T12:27:01.961902+00:00,interpolated,332.0,954.0,-238.0
15.958459523,842358466368941195,842358466690076590,15,76,46392546000000,2026-09-10T12:27:01.961902+00:00,interpolated,317.0,956.0,-230.0
15.977349841,842358466387831513,842358466690076590,15,77,46392546000000,2026-09-10T12:27:01.961902+00:00,interpolated,310.0,955.0,-228.0
15.996240158,842358466406721830,842358466690076590,15,78,46392546000000,2026-09-10T12:27:01.961902+00:00,interpolated,316.0,946.0,-231.0
16.015130475,842358466425612147,842358466690076590,15,79,46392546000000,2026-09-10T12:27:01.961902+00:00,interpolated,314.0,941.0,-230.0
16.034020793,842358466444502465,842358466690076590,15,80,46392546000000,2026-09-10T12:27:01.961902+00:00,interpolated,312.0,945.0,-238.0
16.05291111,842358466463392782,842358466690076590,15,81,46392546000000,2026-09-10T12:27:01.961902+00:00,interpolated,310.0,942.0,-230.0
16.071801427,842358466482283099,842358466690076590,15,82,46392546000000,2026-09-10T12:27:01.961902+00:00,interpolated,310.0,950.0,-238.0
16.090691745,842358466501173417,842358466690076590,15,83,46392546000000,2026-09-10T12:27:01.961902+00:00,interpolated,306.0,955.0,-245.0
16.109582062,842358466520063734,842358466690076590,15,84,46392546000000,2026-09-10T12:27:01.961902+00:00,interpolated,315.0,951.0,-242.0
16.128472379,842358466538954051,842358466690076590,15,85,46392546000000,2026-09-10T12:27:01.961902+00:00,interpolated,317.0,949.0,-244.0
16.147362697,842358466557844369,842358466690076590,15,86,46392546000000,2026-09-10T12:27:01.961902+00:00,interpolated,318.0,948.0,-245.0
16.166253014,842358466576734686,842358466690076590,15,87,46392546000000,2026-09-10T12:27:01.961902+00:00,interpolated,313.0,952.0,-240.0
16.185143331,842358466595625003,842358466690076590,15,88,46392546000000,2026-09-10T12:27:01.961902+00:00,interpolated,313.0,956.0,-248.0
16.204033649,842358466614515321,842358466690076590,15,89,46392546000000,2026-09-10T12:27:01.961902+00:00,interpolated,313.0,947.0,-238.0
16.222923966,842358466633405638,842358466690076590,15,90,46392546000000,2026-09-10T12:27:01.961902+00:00,interpolated,311.0,946.0,-243.0
16.241814283,842358466652295955,842358466690076590,15,91,46392546000000,2026-09-10T12:27:01.961902+00:00,interpolated,315.0,941.0,-241.0
16.260704601,842358466671186273,842358466690076590,15,92,46392546000000,2026-09-10T12:27:01.961902+00:00,interpolated,317.0,942.0,-252.0
16.279594918,842358466690076590,842358466690076590,15,93,46392546000000,2026-09-10T12:27:01.961902+00:00,interpolated,320.0,940.0,-251.0
16.298485235,842358466708966907,842358468465766420,18,0,46394109000000,2026-09-10T12:27:03.521824+00:00,interpolated,331.0,938.0,-252.0
16.317375553,842358466727857225,842358468465766420,18,1,46394109000000,2026-09-10T12:27:03.521824+00:00,interpolated,333.0,936.0,-245.0
16.33626587,842358466746747542,842358468465766420,18,2,46394109000000,2026-09-10T12:27:03.521824+00:00,interpolated,332.0,933.0,-251.0
16.355156187,842358466765637859,842358468465766420,18,3,46394109000000,2026-09-10T12:27:03.521824+00:00,interpolated,342.0,940.0,-256.0
16.374046505,842358466784528177,842358468465766420,18,4,46394109000000,2026-09-10T12:27:03.521824+00:00,interpolated,342.0,938.0,-253.0
16.392936822,842358466803418494,842358468465766420,18,5,46394109000000,2026-09-10T12:27:03.521824+00:00,interpolated,328.0,936.0,-258.0
16.411827139,842358466822308811,842358468465766420,18,6,46394109000000,2026-09-10T12:27:03.521824+00:00,interpolated,325.0,937.0,-254.0
16.430717457,842358466841199129,842358468465766420,18,7,46394109000000,2026-09-10T12:27:03.521824+00:00,interpolated,323.0,942.0,-254.0
16.449607774,842358466860089446,842358468465766420,18,8,46394109000000,2026-09-10T12:27:03.521824+00:00,interpolated,323.0,940.0,-256.0
16.468498091,842358466878979763,842358468465766420,18,9,46394109000000,2026-09-10T12:27:03.521824+00:00,interpolated,322.0,929.0,-258.0
16.487388409,842358466897870081,842358468465766420,18,10,46394109000000,2026-09-10T12:27:03.521824+00:00,interpolated,329.0,931.0,-255.0
16.506278726,842358466916760398,842358468465766420,18,11,46394109000000,2026-09-10T12:27:03.521824+00:00,interpolated,329.0,933.0,-252.0
16.525169043,842358466935650715,842358468465766420,18,12,46394109000000,2026-09-10T12:27:03.521824+00:00,interpolated,331.0,939.0,-255.0
16.544059361,842358466954541033,842358468465766420,18,13,46394109000000,2026-09-10T12:27:03.521824+00:00,interpolated,325.0,941.0,-255.0
16.562949678,842358466973431350,842358468465766420,18,14,46394109000000,2026-09-10T12:27:03.521824+00:00,interpolated,333.0,939.0,-257.0
16.581839995,842358466992321667,842358468465766420,18,15,46394109000000,2026-09-10T12:27:03.521824+00:00,interpolated,333.0,933.0,-256.0
16.600730313,842358467011211985,842358468465766420,18,16,46394109000000,2026-09-10T12:27:03.521824+00:00,interpolated,336.0,934.0,-262.0
16.61962063,842358467030102302,842358468465766420,18,17,46394109000000,2026-09-10T12:27:03.521824+00:00,interpolated,341.0,934.0,-266.0
16.638510947,842358467048992619,842358468465766420,18,18,46394109000000,2026-09-10T12:27:03.521824+00:00,interpolated,330.0,933.0,-255.0
16.657401265,842358467067882937,842358468465766420,18,19,46394109000000,2026-09-10T12:27:03.521824+00:00,interpolated,327.0,931.0,-255.0
16.676291582,842358467086773254,842358468465766420,18,20,46394109000000,2026-09-10T12:27:03.521824+00:00,interpolated,327.0,931.0,-254.0
16.695181899,842358467105663571,842358468465766420,18,21,46394109000000,2026-09-10T12:27:03.521824+00:00,interpolated,330.0,927.0,-249.0
16.714072217,842358467124553889,842358468465766420,18,22,46394109000000,2026-09-10T12:27:03.521824+00:00,interpolated,337.0,929.0,-260.0
16.732962534,842358467143444206,842358468465766420,18,23,46394109000000,2026-09-10T12:27:03.521824+00:00,interpolated,337.0,928.0,-247.0
16.751852852,842358467162334524,842358468465766420,18,24,46394109000000,2026-09-10T12:27:03.521824+00:00,interpolated,330.0,930.0,-251.0
16.770743169,842358467181224841,842358468465766420,18,25,46394109000000,2026-09-10T12:27:03.521824+00:00,interpolated,332.0,936.0,-260.0
16.789633486,842358467200115158,842358468465766420,18,26,46394109000000,2026-09-10T12:27:03.521824+00:00,interpolated,334.0,938.0,-263.0
16.808523804,842358467219005476,842358468465766420,18,27,46394109000000,2026-09-10T12:27:03.521824+00:00,interpolated,337.0,935.0,-256.0
16.827414121,842358467237895793,842358468465766420,18,28,46394109000000,2026-09-10T12:27:03.521824+00:00,interpolated,338.0,927.0,-256.0
16.846304438,842358467256786110,842358468465766420,18,29,46394109000000,2026-09-10T12:27:03.521824+00:00,interpolated,334.0,927.0,-254.0
16.865194756,842358467275676428,842358468465766420,18,30,46394109000000,2026-09-10T12:27:03.521824+00:00,interpolated,334.0,929.0,-254.0
16.884085073,842358467294566745,842358468465766420,18,31,46394109000000,2026-09-10T12:27:03.521824+00:00,interpolated,333.0,928.0,-256.0
16.90297539,842358467313457062,842358468465766420,18,32,46394109000000,2026-09-10T12:27:03.521824+00:00,interpolated,335.0,934.0,-255.0
16.921865708,842358467332347380,842358468465766420,18,33,46394109000000,2026-09-10T12:27:03.521824+00:00,interpolated,337.0,939.0,-253.0
16.940756025,842358467351237697,842358468465766420,18,34,46394109000000,2026-09-10T12:27:03.521824+00:00,interpolated,336.0,934.0,-253.0
16.959646342,842358467370128014,842358468465766420,18,35,46394109000000,2026-09-10T12:27:03.521824+00:00,interpolated,330.0,934.0,-255.0
16.97853666,842358467389018332,842358468465766420,18,36,46394109000000,2026-09-10T12:27:03.521824+00:00,interpolated,331.0,935.0,-259.0
16.997426977,842358467407908649,842358468465766420,18,37,46394109000000,2026-09-10T12:27:03.521824+00:00,interpolated,334.0,938.0,-258.0
17.016317294,842358467426798966,842358468465766420,18,38,46394109000000,2026-09-10T12:27:03.521824+00:00,interpolated,339.0,937.0,-262.0
17.035207612,842358467445689284,842358468465766420,18,39,46394109000000,2026-09-10T12:27:03.521824+00:00,interpolated,338.0,934.0,-257.0
17.054097929,842358467464579601,842358468465766420,18,40,46394109000000,2026-09-10T12:27:03.521824+00:00,interpolated,331.0,935.0,-252.0
17.072988246,842358467483469918,842358468465766420,18,41,46394109000000,2026-09-10T12:27:03.521824+00:00,interpolated,331.0,938.0,-256.0
17.091878564,842358467502360236,842358468465766420,18,42,46394109000000,2026-09-10T12:27:03.521824+00:00,interpolated,328.0,940.0,-253.0
17.110768881,842358467521250553,842358468465766420,18,43,46394109000000,2026-09-10T12:27:03.521824+00:00,interpolated,325.0,929.0,-249.0
17.129659198,842358467540140870,842358468465766420,18,44,46394109000000,2026-09-10T12:27:03.521824+00:00,interpolated,332.0,932.0,-253.0
17.148549516,842358467559031188,842358468465766420,18,45,46394109000000,2026-09-10T12:27:03.521824+00:00,interpolated,335.0,937.0,-251.0
17.167439833,842358467577921505,842358468465766420,18,46,46394109000000,2026-09-10T12:27:03.521824+00:00,interpolated,339.0,935.0,-253.0
17.18633015,842358467596811822,842358468465766420,18,47,46394109000000,2026-09-10T12:27:03.521824+00:00,interpolated,335.0,936.0,-253.0
17.205220468,842358467615702140,842358468465766420,18,48,46394109000000,2026-09-10T12:27:03.521824+00:00,interpolated,333.0,932.0,-253.0
17.224110785,842358467634592457,842358468465766420,18,49,46394109000000,2026-09-10T12:27:03.521824+00:00,interpolated,336.0,939.0,-256.0
17.243001102,842358467653482774,842358468465766420,18,50,46394109000000,2026-09-10T12:27:03.521824+00:00,interpolated,336.0,938.0,-265.0
17.26189142,842358467672373092,842358468465766420,18,51,46394109000000,2026-09-10T12:27:03.521824+00:00,interpolated,342.0,933.0,-254.0
17.280781737,842358467691263409,842358468465766420,18,52,46394109000000,2026-09-10T12:27:03.521824+00:00,interpolated,331.0,925.0,-249.0
17.299672054,842358467710153726,842358468465766420,18,53,46394109000000,2026-09-10T12:27:03.521824+00:00,interpolated,337.0,929.0,-251.0
17.318562372,842358467729044044,842358468465766420,18,54,46394109000000,2026-09-10T12:27:03.521824+00:00,interpolated,335.0,936.0,-255.0
17.337452689,842358467747934361,842358468465766420,18,55,46394109000000,2026-09-10T12:27:03.521824+00:00,interpolated,330.0,935.0,-258.0
17.356343006,842358467766824678,842358468465766420,18,56,46394109000000,2026-09-10T12:27:03.521824+00:00,interpolated,331.0,932.0,-254.0
17.375233324,842358467785714996,842358468465766420,18,57,46394109000000,2026-09-10T12:27:03.521824+00:00,interpolated,336.0,936.0,-248.0
17.394123641,842358467804605313,842358468465766420,18,58,46394109000000,2026-09-10T12:27:03.521824+00:00,interpolated,346.0,930.0,-253.0
17.413013958,842358467823495630,842358468465766420,18,59,46394109000000,2026-09-10T12:27:03.521824+00:00,interpolated,339.0,930.0,-252.0
17.431904276,842358467842385948,842358468465766420,18,60,46394109000000,2026-09-10T12:27:03.521824+00:00,interpolated,337.0,928.0,-254.0
17.450794593,842358467861276265,842358468465766420,18,61,46394109000000,2026-09-10T12:27:03.521824+00:00,interpolated,340.0,933.0,-250.0
17.46968491,842358467880166582,842358468465766420,18,62,46394109000000,2026-09-10T12:27:03.521824+00:00,interpolated,334.0,933.0,-259.0
17.488575228,842358467899056900,842358468465766420,18,63,46394109000000,2026-09-10T12:27:03.521824+00:00,interpolated,336.0,927.0,-261.0
17.507465545,842358467917947217,842358468465766420,18,64,46394109000000,2026-09-10T12:27:03.521824+00:00,interpolated,339.0,938.0,-250.0
17.526355862,842358467936837534,842358468465766420,18,65,46394109000000,2026-09-10T12:27:03.521824+00:00,interpolated,339.0,935.0,-256.0
17.54524618,842358467955727852,842358468465766420,18,66,46394109000000,2026-09-10T12:27:03.521824+00:00,interpolated,339.0,933.0,-253.0
17.564136497,842358467974618169,842358468465766420,18,67,46394109000000,2026-09-10T12:27:03.521824+00:00,interpolated,340.0,928.0,-253.0
17.583026814,842358467993508486,842358468465766420,18,68,46394109000000,2026-09-10T12:27:03.521824+00:00,interpolated,338.0,937.0,-259.0
17.601917132,842358468012398804,842358468465766420,18,69,46394109000000,2026-09-10T12:27:03.521824+00:00,interpolated,340.0,932.0,-258.0
17.620807449,842358468031289121,842358468465766420,18,70,46394109000000,2026-09-10T12:27:03.521824+00:00,interpolated,334.0,933.0,-248.0
17.639697767,842358468050179439,842358468465766420,18,71,46394109000000,2026-09-10T12:27:03.521824+00:00,interpolated,334.0,932.0,-258.0
17.658588084,842358468069069756,842358468465766420,18,72,46394109000000,2026-09-10T12:27:03.521824+00:00,interpolated,337.0,934.0,-259.0
17.677478401,842358468087960073,842358468465766420,18,73,46394109000000,2026-09-10T12:27:03.521824+00:00,interpolated,334.0,934.0,-257.0
17.696368719,842358468106850391,842358468465766420,18,74,46394109000000,2026-09-10T12:27:03.521824+00:00,interpolated,341.0,938.0,-263.0
17.715259036,842358468125740708,842358468465766420,18,75,46394109000000,2026-09-10T12:27:03.521824+00:00,interpolated,348.0,936.0,-260.0
17.734149353,842358468144631025,842358468465766420,18,76,46394109000000,2026-09-10T12:27:03.521824+00:00,interpolated,342.0,942.0,-265.0
17.753039671,842358468163521343,842358468465766420,18,77,46394109000000,2026-09-10T12:27:03.521824+00:00,interpolated,341.0,933.0,-253.0
17.771929988,842358468182411660,842358468465766420,18,78,46394109000000,2026-09-10T12:27:03.521824+00:00,interpolated,332.0,936.0,-243.0
17.790820305,842358468201301977,842358468465766420,18,79,46394109000000,2026-09-10T12:27:03.521824+00:00,interpolated,330.0,930.0,-246.0
17.809710623,842358468220192295,842358468465766420,18,80,46394109000000,2026-09-10T12:27:03.521824+00:00,interpolated,338.0,925.0,-240.0
17.82860094,842358468239082612,842358468465766420,18,81,46394109000000,2026-09-10T12:27:03.521824+00:00,interpolated,334.0,922.0,-241.0
17.847491257,842358468257972929,842358468465766420,18,82,46394109000000,2026-09-10T12:27:03.521824+00:00,interpolated,330.0,936.0,-255.0
17.866381575,842358468276863247,842358468465766420,18,83,46394109000000,2026-09-10T12:27:03.521824+00:00,interpolated,335.0,933.0,-256.0
17.885271892,842358468295753564,842358468465766420,18,84,46394109000000,2026-09-10T12:27:03.521824+00:00,interpolated,337.0,933.0,-263.0
17.904162209,842358468314643881,842358468465766420,18,85,46394109000000,2026-09-10T12:27:03.521824+00:00,interpolated,337.0,935.0,-259.0
17.923052527,842358468333534199,842358468465766420,18,86,46394109000000,2026-09-10T12:27:03.521824+00:00,interpolated,336.0,939.0,-257.0
17.941942844,842358468352424516,842358468465766420,18,87,46394109000000,2026-09-10T12:27:03.521824+00:00,interpolated,338.0,937.0,-257.0
17.960833161,842358468371314833,842358468465766420,18,88,46394109000000,2026-09-10T12:27:03.521824+00:00,interpolated,333.0,935.0,-260.0
17.979723479,842358468390205151,842358468465766420,18,89,46394109000000,2026-09-10T12:27:03.521824+00:00,interpolated,334.0,931.0,-253.0
17.998613796,842358468409095468,842358468465766420,18,90,46394109000000,2026-09-10T12:27:03.521824+00:00,interpolated,334.0,929.0,-249.0
18.017504113,842358468427985785,842358468465766420,18,91,46394109000000,2026-09-10T12:27:03.521824+00:00,interpolated,338.0,930.0,-254.0
18.036394431,842358468446876103,842358468465766420,18,92,46394109000000,2026-09-10T12:27:03.521824+00:00,interpolated,334.0,933.0,-253.0
18.055284748,842358468465766420,842358468465766420,18,93,46394109000000,2026-09-10T12:27:03.521824+00:00,interpolated,334.0,930.0,-255.0
18.07417496,842358468484656632,842358469806971484,22,0,46395578000000,2026-09-10T12:27:04.992469+00:00,interpolated,341.0,934.0,-262.0
18.093065172,842358468503546844,842358469806971484,22,1,46395578000000,2026-09-10T12:27:04.992469+00:00,interpolated,343.0,934.0,-251.0
18.111955385,842358468522437057,842358469806971484,22,2,46395578000000,2026-09-10T12:27:04.992469+00:00,interpolated,334.0,931.0,-260.0
18.130845597,842358468541327269,842358469806971484,22,3,46395578000000,2026-09-10T12:27:04.992469+00:00,interpolated,339.0,925.0,-269.0
18.149735809,842358468560217481,842358469806971484,22,4,46395578000000,2026-09-10T12:27:04.992469+00:00,interpolated,347.0,934.0,-259.0
18.168626021,842358468579107693,842358469806971484,22,5,46395578000000,2026-09-10T12:27:04.992469+00:00,interpolated,348.0,938.0,-254.0
18.187516233,842358468597997905,842358469806971484,22,6,46395578000000,2026-09-10T12:27:04.992469+00:00,interpolated,341.0,935.0,-258.0
18.206406445,842358468616888117,842358469806971484,22,7,46395578000000,2026-09-10T12:27:04.992469+00:00,interpolated,351.0,930.0,-292.0
18.225296658,842358468635778330,842358469806971484,22,8,46395578000000,2026-09-10T12:27:04.992469+00:00,interpolated,361.0,935.0,-263.0
18.24418687,842358468654668542,842358469806971484,22,9,46395578000000,2026-09-10T12:27:04.992469+00:00,interpolated,345.0,958.0,-245.0
18.263077082,842358468673558754,842358469806971484,22,10,46395578000000,2026-09-10T12:27:04.992469+00:00,interpolated,345.0,966.0,-253.0
18.281967294,842358468692448966,842358469806971484,22,11,46395578000000,2026-09-10T12:27:04.992469+00:00,interpolated,336.0,965.0,-250.0
18.300857506,842358468711339178,842358469806971484,22,12,46395578000000,2026-09-10T12:27:04.992469+00:00,interpolated,349.0,961.0,-253.0
18.319747718,842358468730229390,842358469806971484,22,13,46395578000000,2026-09-10T12:27:04.992469+00:00,interpolated,345.0,948.0,-261.0
18.338637931,842358468749119603,842358469806971484,22,14,46395578000000,2026-09-10T12:27:04.992469+00:00,interpolated,336.0,943.0,-267.0
18.357528143,842358468768009815,842358469806971484,22,15,46395578000000,2026-09-10T12:27:04.992469+00:00,interpolated,338.0,923.0,-263.0
18.376418355,842358468786900027,842358469806971484,22,16,46395578000000,2026-09-10T12:27:04.992469+00:00,interpolated,338.0,913.0,-256.0
18.395308567,842358468805790239,842358469806971484,22,17,46395578000000,2026-09-10T12:27:04.992469+00:00,interpolated,331.0,912.0,-249.0
18.414198779,842358468824680451,842358469806971484,22,18,46395578000000,2026-09-10T12:27:04.992469+00:00,interpolated,323.0,906.0,-248.0
18.433088991,842358468843570663,842358469806971484,22,19,46395578000000,2026-09-10T12:27:04.992469+00:00,interpolated,307.0,899.0,-256.0
18.451979204,842358468862460876,842358469806971484,22,20,46395578000000,2026-09-10T12:27:04.992469+00:00,interpolated,313.0,919.0,-258.0
18.470869416,842358468881351088,842358469806971484,22,21,46395578000000,2026-09-10T12:27:04.992469+00:00,interpolated,321.0,905.0,-261.0
18.489759628,842358468900241300,842358469806971484,22,22,46395578000000,2026-09-10T12:27:04.992469+00:00,interpolated,327.0,901.0,-260.0
18.50864984,842358468919131512,842358469806971484,22,23,46395578000000,2026-09-10T12:27:04.992469+00:00,interpolated,340.0,910.0,-262.0
18.527540052,842358468938021724,842358469806971484,22,24,46395578000000,2026-09-10T12:27:04.992469+00:00,interpolated,354.0,912.0,-264.0
18.546430264,842358468956911936,842358469806971484,22,25,46395578000000,2026-09-10T12:27:04.992469+00:00,interpolated,348.0,901.0,-267.0
18.565320477,842358468975802149,842358469806971484,22,26,46395578000000,2026-09-10T12:27:04.992469+00:00,interpolated,340.0,893.0,-261.0
18.584210689,842358468994692361,842358469806971484,22,27,46395578000000,2026-09-10T12:27:04.992469+00:00,interpolated,343.0,882.0,-251.0
18.603100901,842358469013582573,842358469806971484,22,28,46395578000000,2026-09-10T12:27:04.992469+00:00,interpolated,359.0,893.0,-273.0
18.621991113,842358469032472785,842358469806971484,22,29,46395578000000,2026-09-10T12:27:04.992469+00:00,interpolated,366.0,899.0,-277.0
18.640881325,842358469051362997,842358469806971484,22,30,46395578000000,2026-09-10T12:27:04.992469+00:00,interpolated,379.0,888.0,-257.0
18.659771537,842358469070253209,842358469806971484,22,31,46395578000000,2026-09-10T12:27:04.992469+00:00,interpolated,382.0,881.0,-268.0
18.67866175,842358469089143422,842358469806971484,22,32,46395578000000,2026-09-10T12:27:04.992469+00:00,interpolated,349.0,886.0,-282.0
18.697551962,842358469108033634,842358469806971484,22,33,46395578000000,2026-09-10T12:27:04.992469+00:00,interpolated,314.0,885.0,-300.0
18.716442174,842358469126923846,842358469806971484,22,34,46395578000000,2026-09-10T12:27:04.992469+00:00,interpolated,281.0,884.0,-313.0
18.735332386,842358469145814058,842358469806971484,22,35,46395578000000,2026-09-10T12:27:04.992469+00:00,interpolated,270.0,902.0,-303.0
18.754222598,842358469164704270,842358469806971484,22,36,46395578000000,2026-09-10T12:27:04.992469+00:00,interpolated,314.0,921.0,-315.0
18.77311281,842358469183594482,842358469806971484,22,37,46395578000000,2026-09-10T12:27:04.992469+00:00,interpolated,367.0,953.0,-322.0
18.792003023,842358469202484695,842358469806971484,22,38,46395578000000,2026-09-10T12:27:04.992469+00:00,interpolated,405.0,935.0,-308.0
18.810893235,842358469221374907,842358469806971484,22,39,46395578000000,2026-09-10T12:27:04.992469+00:00,interpolated,396.0,950.0,-314.0
18.829783447,842358469240265119,842358469806971484,22,40,46395578000000,2026-09-10T12:27:04.992469+00:00,interpolated,383.0,976.0,-324.0
18.848673659,842358469259155331,842358469806971484,22,41,46395578000000,2026-09-10T12:27:04.992469+00:00,interpolated,396.0,992.0,-331.0
18.867563871,842358469278045543,842358469806971484,22,42,46395578000000,2026-09-10T12:27:04.992469+00:00,interpolated,417.0,1032.0,-356.0
18.886454083,842358469296935755,842358469806971484,22,43,46395578000000,2026-09-10T12:27:04.992469+00:00,interpolated,471.0,1008.0,-462.0
18.905344296,842358469315825968,842358469806971484,22,44,46395578000000,2026-09-10T12:27:04.992469+00:00,interpolated,420.0,967.0,-498.0
18.924234508,842358469334716180,842358469806971484,22,45,46395578000000,2026-09-10T12:27:04.992469+00:00,interpolated,381.0,956.0,-447.0
18.94312472,842358469353606392,842358469806971484,22,46,46395578000000,2026-09-10T12:27:04.992469+00:00,interpolated,361.0,971.0,-462.0
18.962014932,842358469372496604,842358469806971484,22,47,46395578000000,2026-09-10T12:27:04.992469+00:00,interpolated,313.0,1057.0,-481.0
18.980905144,842358469391386816,842358469806971484,22,48,46395578000000,2026-09-10T12:27:04.992469+00:00,interpolated,237.0,1045.0,-531.0
18.999795356,842358469410277028,842358469806971484,22,49,46395578000000,2026-09-10T12:27:04.992469+00:00,interpolated,152.0,973.0,-547.0
19.018685569,842358469429167241,842358469806971484,22,50,46395578000000,2026-09-10T12:27:04.992469+00:00,interpolated,69.0,922.0,-543.0
19.037575781,842358469448057453,842358469806971484,22,51,46395578000000,2026-09-10T12:27:04.992469+00:00,interpolated,34.0,928.0,-527.0
19.056465993,842358469466947665,842358469806971484,22,52,46395578000000,2026-09-10T12:27:04.992469+00:00,interpolated,-1.0,934.0,-503.0
19.075356205,842358469485837877,842358469806971484,22,53,46395578000000,2026-09-10T12:27:04.992469+00:00,interpolated,-12.0,914.0,-456.0
19.094246417,842358469504728089,842358469806971484,22,54,46395578000000,2026-09-10T12:27:04.992469+00:00,interpolated,-24.0,913.0,-436.0
19.113136629,842358469523618301,842358469806971484,22,55,46395578000000,2026-09-10T12:27:04.992469+00:00,interpolated,-54.0,883.0,-465.0
19.132026842,842358469542508514,842358469806971484,22,56,46395578000000,2026-09-10T12:27:04.992469+00:00,interpolated,-96.0,847.0,-509.0
19.150917054,842358469561398726,842358469806971484,22,57,46395578000000,2026-09-10T12:27:04.992469+00:00,interpolated,-99.0,833.0,-524.0
19.169807266,842358469580288938,842358469806971484,22,58,46395578000000,2026-09-10T12:27:04.992469+00:00,interpolated,-81.0,853.0,-554.0
19.188697478,842358469599179150,842358469806971484,22,59,46395578000000,2026-09-10T12:27:04.992469+00:00,interpolated,-11.0,874.0,-582.0
19.20758769,842358469618069362,842358469806971484,22,60,46395578000000,2026-09-10T12:27:04.992469+00:00,interpolated,46.0,820.0,-650.0
19.226477902,842358469636959574,842358469806971484,22,61,46395578000000,2026-09-10T12:27:04.992469+00:00,interpolated,71.0,762.0,-655.0
19.245368115,842358469655849787,842358469806971484,22,62,46395578000000,2026-09-10T12:27:04.992469+00:00,interpolated,90.0,714.0,-607.0
19.264258327,842358469674739999,842358469806971484,22,63,46395578000000,2026-09-10T12:27:04.992469+00:00,interpolated,105.0,758.0,-588.0
19.283148539,842358469693630211,842358469806971484,22,64,46395578000000,2026-09-10T12:27:04.992469+00:00,interpolated,91.0,804.0,-603.0
19.302038751,842358469712520423,842358469806971484,22,65,46395578000000,2026-09-10T12:27:04.992469+00:00,interpolated,84.0,794.0,-617.0
19.320928963,842358469731410635,842358469806971484,22,66,46395578000000,2026-09-10T12:27:04.992469+00:00,interpolated,69.0,780.0,-645.0
19.339819175,842358469750300847,842358469806971484,22,67,46395578000000,2026-09-10T12:27:04.992469+00:00,interpolated,60.0,805.0,-639.0
19.358709388,842358469769191060,842358469806971484,22,68,46395578000000,2026-09-10T12:27:04.992469+00:00,interpolated,36.0,856.0,-626.0
19.3775996,842358469788081272,842358469806971484,22,69,46395578000000,2026-09-10T12:27:04.992469+00:00,interpolated,12.0,866.0,-658.0
19.396489812,842358469806971484,842358469806971484,22,70,46395578000000,2026-09-10T12:27:04.992469+00:00,interpolated,-21.0,851.0,-731.0
19.415379937,842358469825861609,842358470921488844,25,0,46396781000000,2026-09-10T12:27:06.191995+00:00,interpolated,10.0,828.0,-824.0
19.434270061,842358469844751733,842358470921488844,25,1,46396781000000,2026-09-10T12:27:06.191995+00:00,interpolated,76.0,835.0,-821.0
19.453160186,842358469863641858,842358470921488844,25,2,46396781000000,2026-09-10T12:27:06.191995+00:00,interpolated,47.0,815.0,-749.0
19.472050311,842358469882531983,842358470921488844,25,3,46396781000000,2026-09-10T12:27:06.191995+00:00,interpolated,104.0,875.0,-764.0
19.490940436,842358469901422108,842358470921488844,25,4,46396781000000,2026-09-10T12:27:06.191995+00:00,interpolated,25.0,881.0,-601.0
19.50983056,842358469920312232,842358470921488844,25,5,46396781000000,2026-09-10T12:27:06.191995+00:00,interpolated,-89.0,843.0,-575.0
19.528720685,842358469939202357,842358470921488844,25,6,46396781000000,2026-09-10T12:27:06.191995+00:00,interpolated,-77.0,836.0,-628.0
19.54761081,842358469958092482,842358470921488844,25,7,46396781000000,2026-09-10T12:27:06.191995+00:00,interpolated,-140.0,843.0,-548.0
19.566500935,842358469976982607,842358470921488844,25,8,46396781000000,2026-09-10T12:27:06.191995+00:00,interpolated,-179.0,805.0,-577.0
19.585391059,842358469995872731,842358470921488844,25,9,46396781000000,2026-09-10T12:27:06.191995+00:00,interpolated,-226.0,801.0,-589.0
19.604281184,842358470014762856,842358470921488844,25,10,46396781000000,2026-09-10T12:27:06.191995+00:00,interpolated,-242.0,812.0,-595.0
19.623171309,842358470033652981,842358470921488844,25,11,46396781000000,2026-09-10T12:27:06.191995+00:00,interpolated,-262.0,824.0,-587.0
19.642061434,842358470052543106,842358470921488844,25,12,46396781000000,2026-09-10T12:27:06.191995+00:00,interpolated,-312.0,850.0,-598.0
19.660951558,842358470071433230,842358470921488844,25,13,46396781000000,2026-09-10T12:27:06.191995+00:00,interpolated,-342.0,872.0,-592.0
19.679841683,842358470090323355,842358470921488844,25,14,46396781000000,2026-09-10T12:27:06.191995+00:00,interpolated,-373.0,870.0,-588.0
19.698731808,842358470109213480,842358470921488844,25,15,46396781000000,2026-09-10T12:27:06.191995+00:00,interpolated,-389.0,860.0,-589.0
19.717621933,842358470128103605,842358470921488844,25,16,46396781000000,2026-09-10T12:27:06.191995+00:00,interpolated,-370.0,824.0,-594.0
19.736512057,842358470146993729,842358470921488844,25,17,46396781000000,2026-09-10T12:27:06.191995+00:00,interpolated,-387.0,778.0,-592.0
19.755402182,842358470165883854,842358470921488844,25,18,46396781000000,2026-09-10T12:27:06.191995+00:00,interpolated,-405.0,755.0,-574.0
19.774292307,842358470184773979,842358470921488844,25,19,46396781000000,2026-09-10T12:27:06.191995+00:00,interpolated,-392.0,724.0,-599.0
19.793182432,842358470203664104,842358470921488844,25,20,46396781000000,2026-09-10T12:27:06.191995+00:00,interpolated,-407.0,685.0,-618.0
19.812072556,842358470222554228,842358470921488844,25,21,46396781000000,2026-09-10T12:27:06.191995+00:00,interpolated,-368.0,686.0,-605.0
19.830962681,842358470241444353,842358470921488844,25,22,46396781000000,2026-09-10T12:27:06.191995+00:00,interpolated,-364.0,740.0,-630.0
19.849852806,842358470260334478,842358470921488844,25,23,46396781000000,2026-09-10T12:27:06.191995+00:00,interpolated,-388.0,741.0,-617.0
19.868742931,842358470279224603,842358470921488844,25,24,46396781000000,2026-09-10T12:27:06.191995+00:00,interpolated,-468.0,694.0,-610.0
19.887633055,842358470298114727,842358470921488844,25,25,46396781000000,2026-09-10T12:27:06.191995+00:00,interpolated,-460.0,677.0,-660.0
19.90652318,842358470317004852,842358470921488844,25,26,46396781000000,2026-09-10T12:27:06.191995+00:00,interpolated,-447.0,690.0,-713.0
19.925413305,842358470335894977,842358470921488844,25,27,46396781000000,2026-09-10T12:27:06.191995+00:00,interpolated,-659.0,711.0,-692.0
19.94430343,842358470354785102,842358470921488844,25,28,46396781000000,2026-09-10T12:27:06.191995+00:00,interpolated,-705.0,750.0,-677.0
19.963193554,842358470373675226,842358470921488844,25,29,46396781000000,2026-09-10T12:27:06.191995+00:00,interpolated,-767.0,729.0,-670.0
19.982083679,842358470392565351,842358470921488844,25,30,46396781000000,2026-09-10T12:27:06.191995+00:00,interpolated,-767.0,690.0,-663.0
20.000973804,842358470411455476,842358470921488844,25,31,46396781000000,2026-09-10T12:27:06.191995+00:00,interpolated,-771.0,674.0,-577.0
20.019863929,842358470430345601,842358470921488844,25,32,46396781000000,2026-09-10T12:27:06.191995+00:00,interpolated,-772.0,655.0,-511.0
20.038754053,842358470449235725,842358470921488844,25,33,46396781000000,2026-09-10T12:27:06.191995+00:00,interpolated,-793.0,669.0,-509.0
20.057644178,842358470468125850,842358470921488844,25,34,46396781000000,2026-09-10T12:27:06.191995+00:00,interpolated,-839.0,715.0,-515.0
20.076534303,842358470487015975,842358470921488844,25,35,46396781000000,2026-09-10T12:27:06.191995+00:00,interpolated,-749.0,803.0,-528.0
20.095424428,842358470505906100,842358470921488844,25,36,46396781000000,2026-09-10T12:27:06.191995+00:00,interpolated,-680.0,870.0,-521.0
20.114314552,842358470524796224,842358470921488844,25,37,46396781000000,2026-09-10T12:27:06.191995+00:00,interpolated,-664.0,953.0,-444.0
20.133204677,842358470543686349,842358470921488844,25,38,46396781000000,2026-09-10T12:27:06.191995+00:00,interpolated,-593.0,985.0,-527.0
20.152094802,842358470562576474,842358470921488844,25,39,46396781000000,2026-09-10T12:27:06.191995+00:00,interpolated,-609.0,1005.0,-617.0
20.170984927,842358470581466599,842358470921488844,25,40,46396781000000,2026-09-10T12:27:06.191995+00:00,interpolated,-502.0,1127.0,-644.0
20.189875051,842358470600356723,842358470921488844,25,41,46396781000000,2026-09-10T12:27:06.191995+00:00,interpolated,-401.0,1177.0,-636.0
20.208765176,842358470619246848,842358470921488844,25,42,46396781000000,2026-09-10T12:27:06.191995+00:00,interpolated,-379.0,1092.0,-551.0
20.227655301,842358470638136973,842358470921488844,25,43,46396781000000,2026-09-10T12:27:06.191995+00:00,interpolated,-466.0,990.0,-466.0
20.246545426,842358470657027098,842358470921488844,25,44,46396781000000,2026-09-10T12:27:06.191995+00:00,interpolated,-560.0,937.0,-383.0
20.26543555,842358470675917222,842358470921488844,25,45,46396781000000,2026-09-10T12:27:06.191995+00:00,interpolated,-651.0,934.0,-259.0
20.284325675,842358470694807347,842358470921488844,25,46,46396781000000,2026-09-10T12:27:06.191995+00:00,interpolated,-778.0,911.0,-68.0
20.3032158,842358470713697472,842358470921488844,25,47,46396781000000,2026-09-10T12:27:06.191995+00:00,interpolated,-882.0,849.0,56.0
20.322105925,842358470732587597,842358470921488844,25,48,46396781000000,2026-09-10T12:27:06.191995+00:00,interpolated,-937.0,832.0,-90.0
20.340996049,842358470751477721,842358470921488844,25,49,46396781000000,2026-09-10T12:27:06.191995+00:00,interpolated,-833.0,864.0,-143.0
20.359886174,842358470770367846,842358470921488844,25,50,46396781000000,2026-09-10T12:27:06.191995+00:00,interpolated,-710.0,863.0,-150.0
20.378776299,842358470789257971,842358470921488844,25,51,46396781000000,2026-09-10T12:27:06.191995+00:00,interpolated,-629.0,845.0,-146.0
20.397666424,842358470808148096,842358470921488844,25,52,46396781000000,2026-09-10T12:27:06.191995+00:00,interpolated,-559.0,822.0,-167.0
20.416556548,842358470827038220,842358470921488844,25,53,46396781000000,2026-09-10T12:27:06.191995+00:00,interpolated,-521.0,761.0,-268.0
20.435446673,842358470845928345,842358470921488844,25,54,46396781000000,2026-09-10T12:27:06.191995+00:00,interpolated,-493.0,664.0,-334.0
20.454336798,842358470864818470,842358470921488844,25,55,46396781000000,2026-09-10T12:27:06.191995+00:00,interpolated,-469.0,574.0,-313.0
20.473226923,842358470883708595,842358470921488844,25,56,46396781000000,2026-09-10T12:27:06.191995+00:00,interpolated,-442.0,541.0,-313.0
20.492117047,842358470902598719,842358470921488844,25,57,46396781000000,2026-09-10T12:27:06.191995+00:00,interpolated,-404.0,530.0,-376.0
20.511007172,842358470921488844,842358470921488844,25,58,46396781000000,2026-09-10T12:27:06.191995+00:00,interpolated,-348.0,519.0,-452.0
20.529897814,842358470940379486,842358472149380574,28,0,46397890000000,2026-09-10T12:27:07.302045+00:00,interpolated,-334.0,522.0,-485.0
20.548788456,842358470959270128,842358472149380574,28,1,46397890000000,2026-09-10T12:27:07.302045+00:00,interpolated,-354.0,516.0,-494.0
20.567679098,842358470978160770,842358472149380574,28,2,46397890000000,2026-09-10T12:27:07.302045+00:00,interpolated,-415.0,520.0,-457.0
20.58656974,842358470997051412,842358472149380574,28,3,46397890000000,2026-09-10T12:27:07.302045+00:00,interpolated,-440.0,592.0,-418.0
20.605460382,842358471015942054,842358472149380574,28,4,46397890000000,2026-09-10T12:27:07.302045+00:00,interpolated,-432.0,638.0,-476.0
20.624351024,842358471034832696,842358472149380574,28,5,46397890000000,2026-09-10T12:27:07.302045+00:00,interpolated,-407.0,681.0,-497.0
20.643241666,842358471053723338,842358472149380574,28,6,46397890000000,2026-09-10T12:27:07.302045+00:00,interpolated,-369.0,707.0,-525.0
20.662132308,842358471072613980,842358472149380574,28,7,46397890000000,2026-09-10T12:27:07.302045+00:00,interpolated,-328.0,709.0,-542.0
20.68102295,842358471091504622,842358472149380574,28,8,46397890000000,2026-09-10T12:27:07.302045+00:00,interpolated,-285.0,717.0,-521.0
20.699913592,842358471110395264,842358472149380574,28,9,46397890000000,2026-09-10T12:27:07.302045+00:00,interpolated,-281.0,722.0,-486.0
20.718804234,842358471129285906,842358472149380574,28,10,46397890000000,2026-09-10T12:27:07.302045+00:00,interpolated,-268.0,731.0,-481.0
20.737694876,842358471148176548,842358472149380574,28,11,46397890000000,2026-09-10T12:27:07.302045+00:00,interpolated,-249.0,747.0,-443.0
20.756585518,842358471167067190,842358472149380574,28,12,46397890000000,2026-09-10T12:27:07.302045+00:00,interpolated,-249.0,752.0,-397.0
20.77547616,842358471185957832,842358472149380574,28,13,46397890000000,2026-09-10T12:27:07.302045+00:00,interpolated,-264.0,750.0,-366.0
20.794366802,842358471204848474,842358472149380574,28,14,46397890000000,2026-09-10T12:27:07.302045+00:00,interpolated,-283.0,744.0,-336.0
20.813257444,842358471223739116,842358472149380574,28,15,46397890000000,2026-09-10T12:27:07.302045+00:00,interpolated,-312.0,748.0,-313.0
20.832148086,842358471242629758,842358472149380574,28,16,46397890000000,2026-09-10T12:27:07.302045+00:00,interpolated,-321.0,766.0,-304.0
20.851038728,842358471261520400,842358472149380574,28,17,46397890000000,2026-09-10T12:27:07.302045+00:00,interpolated,-315.0,782.0,-287.0
20.86992937,842358471280411042,842358472149380574,28,18,46397890000000,2026-09-10T12:27:07.302045+00:00,interpolated,-319.0,791.0,-257.0
20.888820012,842358471299301684,842358472149380574,28,19,46397890000000,2026-09-10T12:27:07.302045+00:00,interpolated,-329.0,804.0,-240.0
20.907710654,842358471318192326,842358472149380574,28,20,46397890000000,2026-09-10T12:27:07.302045+00:00,interpolated,-329.0,819.0,-231.0
20.926601296,842358471337082968,842358472149380574,28,21,46397890000000,2026-09-10T12:27:07.302045+00:00,interpolated,-315.0,858.0,-211.0
20.945491938,842358471355973610,842358472149380574,28,22,46397890000000,2026-09-10T12:27:07.302045+00:00,interpolated,-310.0,883.0,-192.0
20.96438258,842358471374864252,842358472149380574,28,23,46397890000000,2026-09-10T12:27:07.302045+00:00,interpolated,-313.0,897.0,-185.0
20.983273222,842358471393754894,842358472149380574,28,24,46397890000000,2026-09-10T12:27:07.302045+00:00,interpolated,-330.0,916.0,-186.0
21.002163864,842358471412645536,842358472149380574,28,25,46397890000000,2026-09-10T12:27:07.302045+00:00,interpolated,-316.0,941.0,-194.0
21.021054506,842358471431536178,842358472149380574,28,26,46397890000000,2026-09-10T12:27:07.302045+00:00,interpolated,-284.0,947.0,-196.0
21.039945148,842358471450426820,842358472149380574,28,27,46397890000000,2026-09-10T12:27:07.302045+00:00,interpolated,-243.0,922.0,-223.0
21.05883579,842358471469317462,842358472149380574,28,28,46397890000000,2026-09-10T12:27:07.302045+00:00,interpolated,-220.0,892.0,-250.0
21.077726432,842358471488208104,842358472149380574,28,29,46397890000000,2026-09-10T12:27:07.302045+00:00,interpolated,-163.0,877.0,-220.0
21.096617074,842358471507098746,842358472149380574,28,30,46397890000000,2026-09-10T12:27:07.302045+00:00,interpolated,-120.0,936.0,-140.0
21.115507716,842358471525989388,842358472149380574,28,31,46397890000000,2026-09-10T12:27:07.302045+00:00,interpolated,-42.0,1005.0,-80.0
21.134398358,842358471544880030,842358472149380574,28,32,46397890000000,2026-09-10T12:27:07.302045+00:00,interpolated,5.0,990.0,-78.0
21.153289,842358471563770672,842358472149380574,28,33,46397890000000,2026-09-10T12:27:07.302045+00:00,interpolated,102.0,1359.0,7.0
21.172179642,842358471582661314,842358472149380574,28,34,46397890000000,2026-09-10T12:27:07.302045+00:00,interpolated,166.0,1542.0,143.0
21.191070284,842358471601551956,842358472149380574,28,35,46397890000000,2026-09-10T12:27:07.302045+00:00,interpolated,58.0,1289.0,79.0
21.209960926,842358471620442598,842358472149380574,28,36,46397890000000,2026-09-10T12:27:07.302045+00:00,interpolated,-171.0,1284.0,92.0
21.228851568,842358471639333240,842358472149380574,28,37,46397890000000,2026-09-10T12:27:07.302045+00:00,interpolated,-408.0,1442.0,154.0
21.24774221,842358471658223882,842358472149380574,28,38,46397890000000,2026-09-10T12:27:07.302045+00:00,interpolated,-636.0,1552.0,349.0
21.266632852,842358471677114524,842358472149380574,28,39,46397890000000,2026-09-10T12:27:07.302045+00:00,interpolated,-881.0,1489.0,351.0
21.285523494,842358471696005166,842358472149380574,28,40,46397890000000,2026-09-10T12:27:07.302045+00:00,interpolated,-863.0,1433.0,154.0
21.304414136,842358471714895808,842358472149380574,28,41,46397890000000,2026-09-10T12:27:07.302045+00:00,interpolated,-694.0,1331.0,19.0
21.323304778,842358471733786450,842358472149380574,28,42,46397890000000,2026-09-10T12:27:07.302045+00:00,interpolated,-467.0,1206.0,-6.0
21.34219542,842358471752677092,842358472149380574,28,43,46397890000000,2026-09-10T12:27:07.302045+00:00,interpolated,-310.0,1040.0,-18.0
21.361086062,842358471771567734,842358472149380574,28,44,46397890000000,2026-09-10T12:27:07.302045+00:00,interpolated,-270.0,932.0,-43.0
21.379976704,842358471790458376,842358472149380574,28,45,46397890000000,2026-09-10T12:27:07.302045+00:00,interpolated,-260.0,872.0,-36.0
21.398867346,842358471809349018,842358472149380574,28,46,46397890000000,2026-09-10T12:27:07.302045+00:00,interpolated,-276.0,878.0,-23.0
21.417757988,842358471828239660,842358472149380574,28,47,46397890000000,2026-09-10T12:27:07.302045+00:00,interpolated,-290.0,914.0,12.0
21.43664863,842358471847130302,842358472149380574,28,48,46397890000000,2026-09-10T12:27:07.302045+00:00,interpolated,-343.0,913.0,16.0
21.455539272,842358471866020944,842358472149380574,28,49,46397890000000,2026-09-10T12:27:07.302045+00:00,interpolated,-382.0,903.0,21.0
21.474429914,842358471884911586,842358472149380574,28,50,46397890000000,2026-09-10T12:27:07.302045+00:00,interpolated,-365.0,936.0,62.0
21.493320556,842358471903802228,842358472149380574,28,51,46397890000000,2026-09-10T12:27:07.302045+00:00,interpolated,-386.0,986.0,97.0
21.512211198,842358471922692870,842358472149380574,28,52,46397890000000,2026-09-10T12:27:07.302045+00:00,interpolated,-371.0,1026.0,139.0
21.53110184,842358471941583512,842358472149380574,28,53,46397890000000,2026-09-10T12:27:07.302045+00:00,interpolated,-383.0,1072.0,163.0
21.549992482,842358471960474154,842358472149380574,28,54,46397890000000,2026-09-10T12:27:07.302045+00:00,interpolated,-398.0,1110.0,181.0
21.568883124,842358471979364796,842358472149380574,28,55,46397890000000,2026-09-10T12:27:07.302045+00:00,interpolated,-384.0,1128.0,180.0
21.587773766,842358471998255438,842358472149380574,28,56,46397890000000,2026-09-10T12:27:07.302045+00:00,interpolated,-355.0,1094.0,177.0
21.606664408,842358472017146080,842358472149380574,28,57,46397890000000,2026-09-10T12:27:07.302045+00:00,interpolated,-285.0,1069.0,162.0
21.62555505,842358472036036722,842358472149380574,28,58,46397890000000,2026-09-10T12:27:07.302045+00:00,interpolated,-189.0,1016.0,141.0
21.644445692,842358472054927364,842358472149380574,28,59,46397890000000,2026-09-10T12:27:07.302045+00:00,interpolated,-117.0,943.0,91.0
21.663336334,842358472073818006,842358472149380574,28,60,46397890000000,2026-09-10T12:27:07.302045+00:00,interpolated,-73.0,958.0,55.0
21.682226976,842358472092708648,842358472149380574,28,61,46397890000000,2026-09-10T12:27:07.302045+00:00,interpolated,-52.0,1007.0,-11.0
21.701117618,842358472111599290,842358472149380574,28,62,46397890000000,2026-09-10T12:27:07.302045+00:00,interpolated,-97.0,967.0,-112.0
21.72000826,842358472130489932,842358472149380574,28,63,46397890000000,2026-09-10T12:27:07.302045+00:00,interpolated,-126.0,932.0,-175.0
21.738898902,842358472149380574,842358472149380574,28,64,46397890000000,2026-09-10T12:27:07.302045+00:00,interpolated,-73.0,960.0,-105.0
21.757789095,842358472168270767,842358473433913712,32,0,46399390000000,2026-09-10T12:27:08.801584+00:00,interpolated,-56.0,1012.0,-37.0
21.776679288,842358472187160960,842358473433913712,32,1,46399390000000,2026-09-10T12:27:08.801584+00:00,interpolated,-102.0,1081.0,-33.0
21.795569482,842358472206051154,842358473433913712,32,2,46399390000000,2026-09-10T12:27:08.801584+00:00,interpolated,-178.0,1176.0,-32.0
21.814459675,842358472224941347,842358473433913712,32,3,46399390000000,2026-09-10T12:27:08.801584+00:00,interpolated,-191.0,1240.0,-55.0
21.833349868,842358472243831540,842358473433913712,32,4,46399390000000,2026-09-10T12:27:08.801584+00:00,interpolated,-156.0,1229.0,-89.0
21.852240061,842358472262721733,842358473433913712,32,5,46399390000000,2026-09-10T12:27:08.801584+00:00,interpolated,-101.0,1181.0,-83.0
21.871130254,842358472281611926,842358473433913712,32,6,46399390000000,2026-09-10T12:27:08.801584+00:00,interpolated,-35.0,1146.0,-83.0
21.890020448,842358472300502120,842358473433913712,32,7,46399390000000,2026-09-10T12:27:08.801584+00:00,interpolated,32.0,1101.0,-125.0
21.908910641,842358472319392313,842358473433913712,32,8,46399390000000,2026-09-10T12:27:08.801584+00:00,interpolated,62.0,1053.0,-157.0
21.927800834,842358472338282506,842358473433913712,32,9,46399390000000,2026-09-10T12:27:08.801584+00:00,interpolated,44.0,989.0,-177.0
21.946691027,842358472357172699,842358473433913712,32,10,46399390000000,2026-09-10T12:27:08.801584+00:00,interpolated,-11.0,954.0,-184.0
21.96558122,842358472376062892,842358473433913712,32,11,46399390000000,2026-09-10T12:27:08.801584+00:00,interpolated,-94.0,929.0,-204.0
21.984471414,842358472394953086,842358473433913712,32,12,46399390000000,2026-09-10T12:27:08.801584+00:00,interpolated,-160.0,894.0,-224.0
22.003361607,842358472413843279,842358473433913712,32,13,46399390000000,2026-09-10T12:27:08.801584+00:00,interpolated,-183.0,874.0,-221.0
22.0222518,842358472432733472,842358473433913712,32,14,46399390000000,2026-09-10T12:27:08.801584+00:00,interpolated,-151.0,881.0,-194.0
22.041141993,842358472451623665,842358473433913712,32,15,46399390000000,2026-09-10T12:27:08.801584+00:00,interpolated,-85.0,923.0,-182.0
22.060032187,842358472470513859,842358473433913712,32,16,46399390000000,2026-09-10T12:27:08.801584+00:00,interpolated,-23.0,964.0,-182.0
22.07892238,842358472489404052,842358473433913712,32,17,46399390000000,2026-09-10T12:27:08.801584+00:00,interpolated,26.0,989.0,-177.0
22.097812573,842358472508294245,842358473433913712,32,18,46399390000000,2026-09-10T12:27:08.801584+00:00,interpolated,35.0,1028.0,-160.0
22.116702766,842358472527184438,842358473433913712,32,19,46399390000000,2026-09-10T12:27:08.801584+00:00,interpolated,22.0,1067.0,-159.0
22.135592959,842358472546074631,842358473433913712,32,20,46399390000000,2026-09-10T12:27:08.801584+00:00,interpolated,-13.0,1081.0,-163.0
22.154483153,842358472564964825,842358473433913712,32,21,46399390000000,2026-09-10T12:27:08.801584+00:00,interpolated,-40.0,1050.0,-154.0
22.173373346,842358472583855018,842358473433913712,32,22,46399390000000,2026-09-10T12:27:08.801584+00:00,interpolated,-89.0,983.0,-148.0
22.192263539,842358472602745211,842358473433913712,32,23,46399390000000,2026-09-10T12:27:08.801584+00:00,interpolated,-123.0,953.0,-121.0
22.211153732,842358472621635404,842358473433913712,32,24,46399390000000,2026-09-10T12:27:08.801584+00:00,interpolated,-131.0,995.0,-90.0
22.230043925,842358472640525597,842358473433913712,32,25,46399390000000,2026-09-10T12:27:08.801584+00:00,interpolated,-135.0,1049.0,-87.0
22.248934119,842358472659415791,842358473433913712,32,26,46399390000000,2026-09-10T12:27:08.801584+00:00,interpolated,-109.0,1055.0,-116.0
22.267824312,842358472678305984,842358473433913712,32,27,46399390000000,2026-09-10T12:27:08.801584+00:00,interpolated,-84.0,1051.0,-168.0
22.286714505,842358472697196177,842358473433913712,32,28,46399390000000,2026-09-10T12:27:08.801584+00:00,interpolated,-72.0,987.0,-233.0
22.305604698,842358472716086370,842358473433913712,32,29,46399390000000,2026-09-10T12:27:08.801584+00:00,interpolated,-52.0,951.0,-271.0
22.324494891,842358472734976563,842358473433913712,32,30,46399390000000,2026-09-10T12:27:08.801584+00:00,interpolated,9.0,907.0,-272.0
22.343385085,842358472753866757,842358473433913712,32,31,46399390000000,2026-09-10T12:27:08.801584+00:00,interpolated,115.0,894.0,-225.0
22.362275278,842358472772756950,842358473433913712,32,32,46399390000000,2026-09-10T12:27:08.801584+00:00,interpolated,196.0,904.0,-166.0
22.381165471,842358472791647143,842358473433913712,32,33,46399390000000,2026-09-10T12:27:08.801584+00:00,interpolated,224.0,949.0,-100.0
22.400055664,842358472810537336,842358473433913712,32,34,46399390000000,2026-09-10T12:27:08.801584+00:00,interpolated,205.0,1031.0,-48.0
22.418945857,842358472829427529,842358473433913712,32,35,46399390000000,2026-09-10T12:27:08.801584+00:00,interpolated,143.0,1117.0,0.0
22.437836051,842358472848317723,842358473433913712,32,36,46399390000000,2026-09-10T12:27:08.801584+00:00,interpolated,57.0,1150.0,17.0
22.456726244,842358472867207916,842358473433913712,32,37,46399390000000,2026-09-10T12:27:08.801584+00:00,interpolated,-68.0,1099.0,23.0
22.475616437,842358472886098109,842358473433913712,32,38,46399390000000,2026-09-10T12:27:08.801584+00:00,interpolated,-154.0,998.0,11.0
22.49450663,842358472904988302,842358473433913712,32,39,46399390000000,2026-09-10T12:27:08.801584+00:00,interpolated,-166.0,913.0,23.0
22.513396823,842358472923878495,842358473433913712,32,40,46399390000000,2026-09-10T12:27:08.801584+00:00,interpolated,-137.0,890.0,55.0
22.532287017,842358472942768689,842358473433913712,32,41,46399390000000,2026-09-10T12:27:08.801584+00:00,interpolated,-85.0,933.0,114.0
22.55117721,842358472961658882,842358473433913712,32,42,46399390000000,2026-09-10T12:27:08.801584+00:00,interpolated,-75.0,1031.0,165.0
22.570067403,842358472980549075,842358473433913712,32,43,46399390000000,2026-09-10T12:27:08.801584+00:00,interpolated,-80.0,1138.0,173.0
22.588957596,842358472999439268,842358473433913712,32,44,46399390000000,2026-09-10T12:27:08.801584+00:00,interpolated,-95.0,1198.0,166.0
22.607847789,842358473018329461,842358473433913712,32,45,46399390000000,2026-09-10T12:27:08.801584+00:00,interpolated,-97.0,1216.0,120.0
22.626737983,842358473037219655,842358473433913712,32,46,46399390000000,2026-09-10T12:27:08.801584+00:00,interpolated,-105.0,1214.0,88.0
22.645628176,842358473056109848,842358473433913712,32,47,46399390000000,2026-09-10T12:27:08.801584+00:00,interpolated,-102.0,1178.0,68.0
22.664518369,842358473075000041,842358473433913712,32,48,46399390000000,2026-09-10T12:27:08.801584+00:00,interpolated,-67.0,1096.0,64.0
22.683408562,842358473093890234,842358473433913712,32,49,46399390000000,2026-09-10T12:27:08.801584+00:00,interpolated,-45.0,1052.0,90.0
22.702298756,842358473112780428,842358473433913712,32,50,46399390000000,2026-09-10T12:27:08.801584+00:00,interpolated,-59.0,1048.0,129.0
22.721188949,842358473131670621,842358473433913712,32,51,46399390000000,2026-09-10T12:27:08.801584+00:00,interpolated,-79.0,1060.0,144.0
22.740079142,842358473150560814,842358473433913712,32,52,46399390000000,2026-09-10T12:27:08.801584+00:00,interpolated,-79.0,1111.0,140.0
22.758969335,842358473169451007,842358473433913712,32,53,46399390000000,2026-09-10T12:27:08.801584+00:00,interpolated,-65.0,1158.0,111.0
22.777859528,842358473188341200,842358473433913712,32,54,46399390000000,2026-09-10T12:27:08.801584+00:00,interpolated,-39.0,1151.0,80.0
22.796749722,842358473207231394,842358473433913712,32,55,46399390000000,2026-09-10T12:27:08.801584+00:00,interpolated,-22.0,1130.0,60.0
22.815639915,842358473226121587,842358473433913712,32,56,46399390000000,2026-09-10T12:27:08.801584+00:00,interpolated,-11.0,1108.0,53.0
22.834530108,842358473245011780,842358473433913712,32,57,46399390000000,2026-09-10T12:27:08.801584+00:00,interpolated,-3.0,1093.0,47.0
22.853420301,842358473263901973,842358473433913712,32,58,46399390000000,2026-09-10T12:27:08.801584+00:00,interpolated,-2.0,1077.0,46.0
22.872310494,842358473282792166,842358473433913712,32,59,46399390000000,2026-09-10T12:27:08.801584+00:00,interpolated,-11.0,1058.0,32.0
22.891200688,842358473301682360,842358473433913712,32,60,46399390000000,2026-09-10T12:27:08.801584+00:00,interpolated,-29.0,1031.0,23.0
22.910090881,842358473320572553,842358473433913712,32,61,46399390000000,2026-09-10T12:27:08.801584+00:00,interpolated,-51.0,1045.0,27.0
22.928981074,842358473339462746,842358473433913712,32,62,46399390000000,2026-09-10T12:27:08.801584+00:00,interpolated,-44.0,1041.0,36.0
22.947871267,842358473358352939,842358473433913712,32,63,46399390000000,2026-09-10T12:27:08.801584+00:00,interpolated,-57.0,1026.0,35.0
22.96676146,842358473377243132,842358473433913712,32,64,46399390000000,2026-09-10T12:27:08.801584+00:00,interpolated,-75.0,1014.0,39.0
22.985651654,842358473396133326,842358473433913712,32,65,46399390000000,2026-09-10T12:27:08.801584+00:00,interpolated,-82.0,1017.0,60.0
23.004541847,842358473415023519,842358473433913712,32,66,46399390000000,2026-09-10T12:27:08.801584+00:00,interpolated,-99.0,1026.0,76.0
23.02343204,842358473433913712,842358473433913712,32,67,46399390000000,2026-09-10T12:27:08.801584+00:00,interpolated,-123.0,1029.0,96.0
23.04232222,842358473452803892,842358474680665566,35,0,46400531000000,2026-09-10T12:27:09.942022+00:00,interpolated,-144.0,1036.0,107.0
23.061212399,842358473471694071,842358474680665566,35,1,46400531000000,2026-09-10T12:27:09.942022+00:00,interpolated,-171.0,1035.0,121.0
23.080102579,842358473490584251,842358474680665566,35,2,46400531000000,2026-09-10T12:27:09.942022+00:00,interpolated,-198.0,1059.0,129.0
23.098992758,842358473509474430,842358474680665566,35,3,46400531000000,2026-09-10T12:27:09.942022+00:00,interpolated,-204.0,1088.0,124.0
23.117882938,842358473528364610,842358474680665566,35,4,46400531000000,2026-09-10T12:27:09.942022+00:00,interpolated,-191.0,1109.0,103.0
23.136773118,842358473547254790,842358474680665566,35,5,46400531000000,2026-09-10T12:27:09.942022+00:00,interpolated,-154.0,1107.0,53.0
23.155663297,842358473566144969,842358474680665566,35,6,46400531000000,2026-09-10T12:27:09.942022+00:00,interpolated,-89.0,1044.0,-36.0
23.174553477,842358473585035149,842358474680665566,35,7,46400531000000,2026-09-10T12:27:09.942022+00:00,interpolated,-24.0,1038.0,-152.0
23.193443656,842358473603925328,842358474680665566,35,8,46400531000000,2026-09-10T12:27:09.942022+00:00,interpolated,52.0,1103.0,-265.0
23.212333836,842358473622815508,842358474680665566,35,9,46400531000000,2026-09-10T12:27:09.942022+00:00,interpolated,141.0,1084.0,-406.0
23.231224016,842358473641705688,842358474680665566,35,10,46400531000000,2026-09-10T12:27:09.942022+00:00,interpolated,141.0,1079.0,-508.0
23.250114195,842358473660595867,842358474680665566,35,11,46400531000000,2026-09-10T12:27:09.942022+00:00,interpolated,97.0,1087.0,-534.0
23.269004375,842358473679486047,842358474680665566,35,12,46400531000000,2026-09-10T12:27:09.942022+00:00,interpolated,47.0,1057.0,-449.0
23.287894554,842358473698376226,842358474680665566,35,13,46400531000000,2026-09-10T12:27:09.942022+00:00,interpolated,-27.0,1057.0,-317.0
23.306784734,842358473717266406,842358474680665566,35,14,46400531000000,2026-09-10T12:27:09.942022+00:00,interpolated,-128.0,1029.0,-221.0
23.325674914,842358473736156586,842358474680665566,35,15,46400531000000,2026-09-10T12:27:09.942022+00:00,interpolated,-215.0,976.0,-209.0
23.344565093,842358473755046765,842358474680665566,35,16,46400531000000,2026-09-10T12:27:09.942022+00:00,interpolated,-255.0,899.0,-243.0
23.363455273,842358473773936945,842358474680665566,35,17,46400531000000,2026-09-10T12:27:09.942022+00:00,interpolated,-254.0,858.0,-272.0
23.382345453,842358473792827125,842358474680665566,35,18,46400531000000,2026-09-10T12:27:09.942022+00:00,interpolated,-219.0,824.0,-308.0
23.401235632,842358473811717304,842358474680665566,35,19,46400531000000,2026-09-10T12:27:09.942022+00:00,interpolated,-170.0,801.0,-330.0
23.420125812,842358473830607484,842358474680665566,35,20,46400531000000,2026-09-10T12:27:09.942022+00:00,interpolated,-120.0,810.0,-340.0
23.439015991,842358473849497663,842358474680665566,35,21,46400531000000,2026-09-10T12:27:09.942022+00:00,interpolated,-63.0,846.0,-312.0
23.457906171,842358473868387843,842358474680665566,35,22,46400531000000,2026-09-10T12:27:09.942022+00:00,interpolated,-13.0,869.0,-297.0
23.476796351,842358473887278023,842358474680665566,35,23,46400531000000,2026-09-10T12:27:09.942022+00:00,interpolated,38.0,907.0,-281.0
23.49568653,842358473906168202,842358474680665566,35,24,46400531000000,2026-09-10T12:27:09.942022+00:00,interpolated,75.0,937.0,-279.0
23.51457671,842358473925058382,842358474680665566,35,25,46400531000000,2026-09-10T12:27:09.942022+00:00,interpolated,88.0,974.0,-286.0
23.533466889,842358473943948561,842358474680665566,35,26,46400531000000,2026-09-10T12:27:09.942022+00:00,interpolated,61.0,997.0,-293.0
23.552357069,842358473962838741,842358474680665566,35,27,46400531000000,2026-09-10T12:27:09.942022+00:00,interpolated,18.0,1018.0,-285.0
23.571247249,842358473981728921,842358474680665566,35,28,46400531000000,2026-09-10T12:27:09.942022+00:00,interpolated,-22.0,1055.0,-272.0
23.590137428,842358474000619100,842358474680665566,35,29,46400531000000,2026-09-10T12:27:09.942022+00:00,interpolated,-50.0,1075.0,-264.0
23.609027608,842358474019509280,842358474680665566,35,30,46400531000000,2026-09-10T12:27:09.942022+00:00,interpolated,-87.0,1091.0,-258.0
23.627917787,842358474038399459,842358474680665566,35,31,46400531000000,2026-09-10T12:27:09.942022+00:00,interpolated,-98.0,1087.0,-257.0
23.646807967,842358474057289639,842358474680665566,35,32,46400531000000,2026-09-10T12:27:09.942022+00:00,interpolated,-122.0,1068.0,-258.0
23.665698147,842358474076179819,842358474680665566,35,33,46400531000000,2026-09-10T12:27:09.942022+00:00,interpolated,-137.0,1083.0,-246.0
23.684588326,842358474095069998,842358474680665566,35,34,46400531000000,2026-09-10T12:27:09.942022+00:00,interpolated,-152.0,1086.0,-236.0
23.703478506,842358474113960178,842358474680665566,35,35,46400531000000,2026-09-10T12:27:09.942022+00:00,interpolated,-158.0,1069.0,-234.0
23.722368685,842358474132850357,842358474680665566,35,36,46400531000000,2026-09-10T12:27:09.942022+00:00,interpolated,-151.0,1050.0,-243.0
23.741258865,842358474151740537,842358474680665566,35,37,46400531000000,2026-09-10T12:27:09.942022+00:00,interpolated,-104.0,1028.0,-249.0
23.760149045,842358474170630717,842358474680665566,35,38,46400531000000,2026-09-10T12:27:09.942022+00:00,interpolated,-37.0,1019.0,-264.0
23.779039224,842358474189520896,842358474680665566,35,39,46400531000000,2026-09-10T12:27:09.942022+00:00,interpolated,27.0,1000.0,-282.0
23.797929404,842358474208411076,842358474680665566,35,40,46400531000000,2026-09-10T12:27:09.942022+00:00,interpolated,77.0,968.0,-308.0
23.816819583,842358474227301255,842358474680665566,35,41,46400531000000,2026-09-10T12:27:09.942022+00:00,interpolated,124.0,952.0,-324.0
23.835709763,842358474246191435,842358474680665566,35,42,46400531000000,2026-09-10T12:27:09.942022+00:00,interpolated,157.0,934.0,-347.0
23.854599943,842358474265081615,842358474680665566,35,43,46400531000000,2026-09-10T12:27:09.942022+00:00,interpolated,151.0,965.0,-355.0
23.873490122,842358474283971794,842358474680665566,35,44,46400531000000,2026-09-10T12:27:09.942022+00:00,interpolated,126.0,1009.0,-340.0
23.892380302,842358474302861974,842358474680665566,35,45,46400531000000,2026-09-10T12:27:09.942022+00:00,interpolated,78.0,1038.0,-330.0
23.911270481,842358474321752153,842358474680665566,35,46,46400531000000,2026-09-10T12:27:09.942022+00:00,interpolated,26.0,1026.0,-323.0
23.930160661,842358474340642333,842358474680665566,35,47,46400531000000,2026-09-10T12:27:09.942022+00:00,interpolated,-18.0,1017.0,-318.0
23.949050841,842358474359532513,842358474680665566,35,48,46400531000000,2026-09-10T12:27:09.942022+00:00,interpolated,-28.0,995.0,-306.0
23.96794102,842358474378422692,842358474680665566,35,49,46400531000000,2026-09-10T12:27:09.942022+00:00,interpolated,-32.0,995.0,-298.0
23.9868312,842358474397312872,842358474680665566,35,50,46400531000000,2026-09-10T12:27:09.942022+00:00,interpolated,-26.0,987.0,-291.0
24.00572138,842358474416203052,842358474680665566,35,51,46400531000000,2026-09-10T12:27:09.942022+00:00,interpolated,-14.0,974.0,-303.0
24.024611559,842358474435093231,842358474680665566,35,52,46400531000000,2026-09-10T12:27:09.942022+00:00,interpolated,10.0,979.0,-302.0
24.043501739,842358474453983411,842358474680665566,35,53,46400531000000,2026-09-10T12:27:09.942022+00:00,interpolated,25.0,979.0,-301.0
24.062391918,842358474472873590,842358474680665566,35,54,46400531000000,2026-09-10T12:27:09.942022+00:00,interpolated,44.0,981.0,-325.0
24.081282098,842358474491763770,842358474680665566,35,55,46400531000000,2026-09-10T12:27:09.942022+00:00,interpolated,49.0,965.0,-343.0
24.100172278,842358474510653950,842358474680665566,35,56,46400531000000,2026-09-10T12:27:09.942022+00:00,interpolated,53.0,974.0,-358.0
24.119062457,842358474529544129,842358474680665566,35,57,46400531000000,2026-09-10T12:27:09.942022+00:00,interpolated,44.0,1001.0,-386.0
24.137952637,842358474548434309,842358474680665566,35,58,46400531000000,2026-09-10T12:27:09.942022+00:00,interpolated,51.0,994.0,-393.0
24.156842816,842358474567324488,842358474680665566,35,59,46400531000000,2026-09-10T12:27:09.942022+00:00,interpolated,58.0,1020.0,-375.0
24.175732996,842358474586214668,842358474680665566,35,60,46400531000000,2026-09-10T12:27:09.942022+00:00,interpolated,59.0,999.0,-354.0
24.194623176,842358474605104848,842358474680665566,35,61,46400531000000,2026-09-10T12:27:09.942022+00:00,interpolated,67.0,976.0,-344.0
24.213513355,842358474623995027,842358474680665566,35,62,46400531000000,2026-09-10T12:27:09.942022+00:00,interpolated,84.0,951.0,-341.0
24.232403535,842358474642885207,842358474680665566,35,63,46400531000000,2026-09-10T12:27:09.942022+00:00,interpolated,89.0,944.0,-355.0
24.251293714,842358474661775386,842358474680665566,35,64,46400531000000,2026-09-10T12:27:09.942022+00:00,interpolated,107.0,959.0,-365.0
24.270183894,842358474680665566,842358474680665566,35,65,46400531000000,2026-09-10T12:27:09.942022+00:00,interpolated,130.0,958.0,-380.0
24.289074171,842358474699555843,842358476021875206,38,0,46401734000000,2026-09-10T12:27:11.142041+00:00,interpolated,136.0,957.0,-401.0
24.307964447,842358474718446119,842358476021875206,38,1,46401734000000,2026-09-10T12:27:11.142041+00:00,interpolated,145.0,982.0,-419.0
24.326854724,842358474737336396,842358476021875206,38,2,46401734000000,2026-09-10T12:27:11.142041+00:00,interpolated,159.0,1013.0,-423.0
24.345745,842358474756226672,842358476021875206,38,3,46401734000000,2026-09-10T12:27:11.142041+00:00,interpolated,175.0,1028.0,-424.0
24.364635277,842358474775116949,842358476021875206,38,4,46401734000000,2026-09-10T12:27:11.142041+00:00,interpolated,186.0,1026.0,-440.0
24.383525554,842358474794007226,842358476021875206,38,5,46401734000000,2026-09-10T12:27:11.142041+00:00,interpolated,171.0,1022.0,-455.0
24.40241583,842358474812897502,842358476021875206,38,6,46401734000000,2026-09-10T12:27:11.142041+00:00,interpolated,144.0,1009.0,-458.0
24.421306107,842358474831787779,842358476021875206,38,7,46401734000000,2026-09-10T12:27:11.142041+00:00,interpolated,135.0,998.0,-459.0
24.440196384,842358474850678056,842358476021875206,38,8,46401734000000,2026-09-10T12:27:11.142041+00:00,interpolated,136.0,973.0,-459.0
24.45908666,842358474869568332,842358476021875206,38,9,46401734000000,2026-09-10T12:27:11.142041+00:00,interpolated,133.0,1037.0,-439.0
24.477976937,842358474888458609,842358476021875206,38,10,46401734000000,2026-09-10T12:27:11.142041+00:00,interpolated,133.0,1144.0,-392.0
24.496867213,842358474907348885,842358476021875206,38,11,46401734000000,2026-09-10T12:27:11.142041+00:00,interpolated,145.0,1091.0,-383.0
24.51575749,842358474926239162,842358476021875206,38,12,46401734000000,2026-09-10T12:27:11.142041+00:00,interpolated,117.0,996.0,-365.0
24.534647767,842358474945129439,842358476021875206,38,13,46401734000000,2026-09-10T12:27:11.142041+00:00,interpolated,105.0,949.0,-318.0
24.553538043,842358474964019715,842358476021875206,38,14,46401734000000,2026-09-10T12:27:11.142041+00:00,interpolated,106.0,951.0,-256.0
24.57242832,842358474982909992,842358476021875206,38,15,46401734000000,2026-09-10T12:27:11.142041+00:00,interpolated,92.0,980.0,-193.0
24.591318597,842358475001800269,842358476021875206,38,16,46401734000000,2026-09-10T12:27:11.142041+00:00,interpolated,90.0,1067.0,-152.0
24.610208873,842358475020690545,842358476021875206,38,17,46401734000000,2026-09-10T12:27:11.142041+00:00,interpolated,56.0,1166.0,-137.0
24.62909915,842358475039580822,842358476021875206,38,18,46401734000000,2026-09-10T12:27:11.142041+00:00,interpolated,-17.0,1224.0,-175.0
24.647989426,842358475058471098,842358476021875206,38,19,46401734000000,2026-09-10T12:27:11.142041+00:00,interpolated,-79.0,1230.0,-235.0
24.666879703,842358475077361375,842358476021875206,38,20,46401734000000,2026-09-10T12:27:11.142041+00:00,interpolated,-129.0,1193.0,-309.0
24.68576998,842358475096251652,842358476021875206,38,21,46401734000000,2026-09-10T12:27:11.142041+00:00,interpolated,-88.0,1127.0,-355.0
24.704660256,842358475115141928,842358476021875206,38,22,46401734000000,2026-09-10T12:27:11.142041+00:00,interpolated,-32.0,1058.0,-381.0
24.723550533,842358475134032205,842358476021875206,38,23,46401734000000,2026-09-10T12:27:11.142041+00:00,interpolated,79.0,1000.0,-386.0
24.742440809,842358475152922481,842358476021875206,38,24,46401734000000,2026-09-10T12:27:11.142041+00:00,interpolated,198.0,958.0,-371.0
24.761331086,842358475171812758,842358476021875206,38,25,46401734000000,2026-09-10T12:27:11.142041+00:00,interpolated,274.0,941.0,-358.0
24.780221363,842358475190703035,842358476021875206,38,26,46401734000000,2026-09-10T12:27:11.142041+00:00,interpolated,289.0,929.0,-346.0
24.799111639,842358475209593311,842358476021875206,38,27,46401734000000,2026-09-10T12:27:11.142041+00:00,interpolated,290.0,928.0,-320.0
24.818001916,842358475228483588,842358476021875206,38,28,46401734000000,2026-09-10T12:27:11.142041+00:00,interpolated,267.0,925.0,-303.0
24.836892193,842358475247373865,842358476021875206,38,29,46401734000000,2026-09-10T12:27:11.142041+00:00,interpolated,240.0,932.0,-291.0
24.855782469,842358475266264141,842358476021875206,38,30,46401734000000,2026-09-10T12:27:11.142041+00:00,interpolated,229.0,926.0,-293.0
24.874672746,842358475285154418,842358476021875206,38,31,46401734000000,2026-09-10T12:27:11.142041+00:00,interpolated,217.0,908.0,-294.0
24.893563022,842358475304044694,842358476021875206,38,32,46401734000000,2026-09-10T12:27:11.142041+00:00,interpolated,209.0,893.0,-301.0
24.912453299,842358475322934971,842358476021875206,38,33,46401734000000,2026-09-10T12:27:11.142041+00:00,interpolated,215.0,909.0,-309.0
24.931343576,842358475341825248,842358476021875206,38,34,46401734000000,2026-09-10T12:27:11.142041+00:00,interpolated,226.0,922.0,-313.0
24.950233852,842358475360715524,842358476021875206,38,35,46401734000000,2026-09-10T12:27:11.142041+00:00,interpolated,251.0,941.0,-329.0
24.969124129,842358475379605801,842358476021875206,38,36,46401734000000,2026-09-10T12:27:11.142041+00:00,interpolated,275.0,976.0,-351.0
24.988014406,842358475398496078,842358476021875206,38,37,46401734000000,2026-09-10T12:27:11.142041+00:00,interpolated,305.0,976.0,-389.0
25.006904682,842358475417386354,842358476021875206,38,38,46401734000000,2026-09-10T12:27:11.142041+00:00,interpolated,338.0,967.0,-445.0
25.025794959,842358475436276631,842358476021875206,38,39,46401734000000,2026-09-10T12:27:11.142041+00:00,interpolated,371.0,949.0,-491.0
25.044685235,842358475455166907,842358476021875206,38,40,46401734000000,2026-09-10T12:27:11.142041+00:00,interpolated,401.0,949.0,-522.0
25.063575512,842358475474057184,842358476021875206,38,41,46401734000000,2026-09-10T12:27:11.142041+00:00,interpolated,420.0,975.0,-544.0
25.082465789,842358475492947461,842358476021875206,38,42,46401734000000,2026-09-10T12:27:11.142041+00:00,interpolated,422.0,1022.0,-566.0
25.101356065,842358475511837737,842358476021875206,38,43,46401734000000,2026-09-10T12:27:11.142041+00:00,interpolated,401.0,1049.0,-588.0
25.120246342,842358475530728014,842358476021875206,38,44,46401734000000,2026-09-10T12:27:11.142041+00:00,interpolated,367.0,1040.0,-606.0
25.139136619,842358475549618291,842358476021875206,38,45,46401734000000,2026-09-10T12:27:11.142041+00:00,interpolated,296.0,988.0,-613.0
25.158026895,842358475568508567,842358476021875206,38,46,46401734000000,2026-09-10T12:27:11.142041+00:00,interpolated,222.0,933.0,-593.0
25.176917172,842358475587398844,842358476021875206,38,47,46401734000000,2026-09-10T12:27:11.142041+00:00,interpolated,150.0,834.0,-576.0
25.195807448,842358475606289120,842358476021875206,38,48,46401734000000,2026-09-10T12:27:11.142041+00:00,interpolated,97.0,725.0,-562.0
25.214697725,842358475625179397,842358476021875206,38,49,46401734000000,2026-09-10T12:27:11.142041+00:00,interpolated,45.0,629.0,-537.0
25.233588002,842358475644069674,842358476021875206,38,50,46401734000000,2026-09-10T12:27:11.142041+00:00,interpolated,49.0,589.0,-524.0
25.252478278,842358475662959950,842358476021875206,38,51,46401734000000,2026-09-10T12:27:11.142041+00:00,interpolated,15.0,632.0,-502.0
25.271368555,842358475681850227,842358476021875206,38,52,46401734000000,2026-09-10T12:27:11.142041+00:00,interpolated,-9.0,741.0,-471.0
25.290258831,842358475700740503,842358476021875206,38,53,46401734000000,2026-09-10T12:27:11.142041+00:00,interpolated,-24.0,854.0,-456.0
25.309149108,842358475719630780,842358476021875206,38,54,46401734000000,2026-09-10T12:27:11.142041+00:00,interpolated,-46.0,910.0,-471.0
25.328039385,842358475738521057,842358476021875206,38,55,46401734000000,2026-09-10T12:27:11.142041+00:00,interpolated,-66.0,918.0,-492.0
25.346929661,842358475757411333,842358476021875206,38,56,46401734000000,2026-09-10T12:27:11.142041+00:00,interpolated,-67.0,921.0,-508.0
25.365819938,842358475776301610,842358476021875206,38,57,46401734000000,2026-09-10T12:27:11.142041+00:00,interpolated,-52.0,921.0,-513.0
25.384710215,842358475795191887,842358476021875206,38,58,46401734000000,2026-09-10T12:27:11.142041+00:00,interpolated,-27.0,917.0,-512.0
25.403600491,842358475814082163,842358476021875206,38,59,46401734000000,2026-09-10T12:27:11.142041+00:00,interpolated,14.0,907.0,-513.0
25.422490768,842358475832972440,842358476021875206,38,60,46401734000000,2026-09-10T12:27:11.142041+00:00,interpolated,58.0,895.0,-511.0
25.441381044,842358475851862716,842358476021875206,38,61,46401734000000,2026-09-10T12:27:11.142041+00:00,interpolated,109.0,889.0,-511.0
25.460271321,842358475870752993,842358476021875206,38,62,46401734000000,2026-09-10T12:27:11.142041+00:00,interpolated,155.0,876.0,-508.0
25.479161598,842358475889643270,842358476021875206,38,63,46401734000000,2026-09-10T12:27:11.142041+00:00,interpolated,182.0,874.0,-494.0
25.498051874,842358475908533546,842358476021875206,38,64,46401734000000,2026-09-10T12:27:11.142041+00:00,interpolated,205.0,885.0,-474.0
25.516942151,842358475927423823,842358476021875206,38,65,46401734000000,2026-09-10T12:27:11.142041+00:00,interpolated,206.0,900.0,-453.0
25.535832428,842358475946314100,842358476021875206,38,66,46401734000000,2026-09-10T12:27:11.142041+00:00,interpolated,194.0,903.0,-429.0
25.554722704,842358475965204376,842358476021875206,38,67,46401734000000,2026-09-10T12:27:11.142041+00:00,interpolated,179.0,886.0,-412.0
25.573612981,842358475984094653,842358476021875206,38,68,46401734000000,2026-09-10T12:27:11.142041+00:00,interpolated,158.0,863.0,-397.0
25.592503257,842358476002984929,842358476021875206,38,69,46401734000000,2026-09-10T12:27:11.142041+00:00,interpolated,145.0,831.0,-376.0
25.611393534,842358476021875206,842358476021875206,38,70,46401734000000,2026-09-10T12:27:11.142041+00:00,interpolated,141.0,829.0,-359.0
25.63028394,842358476040765612,842358477363094004,43,0,46403140000000,2026-09-10T12:27:12.552869+00:00,interpolated,129.0,834.0,-342.0
25.649174345,842358476059656017,842358477363094004,43,1,46403140000000,2026-09-10T12:27:12.552869+00:00,interpolated,126.0,844.0,-317.0
25.668064751,842358476078546423,842358477363094004,43,2,46403140000000,2026-09-10T12:27:12.552869+00:00,interpolated,122.0,845.0,-296.0
25.686955156,842358476097436828,842358477363094004,43,3,46403140000000,2026-09-10T12:27:12.552869+00:00,interpolated,117.0,869.0,-276.0
25.705845562,842358476116327234,842358477363094004,43,4,46403140000000,2026-09-10T12:27:12.552869+00:00,interpolated,117.0,877.0,-249.0
25.724735968,842358476135217640,842358477363094004,43,5,46403140000000,2026-09-10T12:27:12.552869+00:00,interpolated,119.0,896.0,-245.0
25.743626373,842358476154108045,842358477363094004,43,6,46403140000000,2026-09-10T12:27:12.552869+00:00,interpolated,115.0,941.0,-225.0
25.762516779,842358476172998451,842358477363094004,43,7,46403140000000,2026-09-10T12:27:12.552869+00:00,interpolated,106.0,1013.0,-206.0
25.781407184,842358476191888856,842358477363094004,43,8,46403140000000,2026-09-10T12:27:12.552869+00:00,interpolated,71.0,1109.0,-184.0
25.80029759,842358476210779262,842358477363094004,43,9,46403140000000,2026-09-10T12:27:12.552869+00:00,interpolated,26.0,1188.0,-150.0
25.819187996,842358476229669668,842358477363094004,43,10,46403140000000,2026-09-10T12:27:12.552869+00:00,interpolated,-29.0,1241.0,-126.0
25.838078401,842358476248560073,842358477363094004,43,11,46403140000000,2026-09-10T12:27:12.552869+00:00,interpolated,-106.0,1264.0,-84.0
25.856968807,842358476267450479,842358477363094004,43,12,46403140000000,2026-09-10T12:27:12.552869+00:00,interpolated,-167.0,1262.0,-76.0
25.875859212,842358476286340884,842358477363094004,43,13,46403140000000,2026-09-10T12:27:12.552869+00:00,interpolated,-229.0,1290.0,-79.0
25.894749618,842358476305231290,842358477363094004,43,14,46403140000000,2026-09-10T12:27:12.552869+00:00,interpolated,-312.0,1301.0,-99.0
25.913640024,842358476324121696,842358477363094004,43,15,46403140000000,2026-09-10T12:27:12.552869+00:00,interpolated,-366.0,1312.0,-148.0
25.932530429,842358476343012101,842358477363094004,43,16,46403140000000,2026-09-10T12:27:12.552869+00:00,interpolated,-374.0,1289.0,-219.0
25.951420835,842358476361902507,842358477363094004,43,17,46403140000000,2026-09-10T12:27:12.552869+00:00,interpolated,-319.0,1224.0,-265.0
25.970311241,842358476380792913,842358477363094004,43,18,46403140000000,2026-09-10T12:27:12.552869+00:00,interpolated,-230.0,1161.0,-311.0
25.989201646,842358476399683318,842358477363094004,43,19,46403140000000,2026-09-10T12:27:12.552869+00:00,interpolated,-137.0,1098.0,-329.0
26.008092052,842358476418573724,842358477363094004,43,20,46403140000000,2026-09-10T12:27:12.552869+00:00,interpolated,-31.0,1078.0,-324.0
26.026982457,842358476437464129,842358477363094004,43,21,46403140000000,2026-09-10T12:27:12.552869+00:00,interpolated,36.0,1029.0,-332.0
26.045872863,842358476456354535,842358477363094004,43,22,46403140000000,2026-09-10T12:27:12.552869+00:00,interpolated,72.0,977.0,-325.0
26.064763269,842358476475244941,842358477363094004,43,23,46403140000000,2026-09-10T12:27:12.552869+00:00,interpolated,118.0,908.0,-301.0
26.083653674,842358476494135346,842358477363094004,43,24,46403140000000,2026-09-10T12:27:12.552869+00:00,interpolated,133.0,852.0,-294.0
26.10254408,842358476513025752,842358477363094004,43,25,46403140000000,2026-09-10T12:27:12.552869+00:00,interpolated,104.0,823.0,-271.0
26.121434485,842358476531916157,842358477363094004,43,26,46403140000000,2026-09-10T12:27:12.552869+00:00,interpolated,78.0,809.0,-262.0
26.140324891,842358476550806563,842358477363094004,43,27,46403140000000,2026-09-10T12:27:12.552869+00:00,interpolated,60.0,771.0,-247.0
26.159215297,842358476569696969,842358477363094004,43,28,46403140000000,2026-09-10T12:27:12.552869+00:00,interpolated,25.0,731.0,-220.0
26.178105702,842358476588587374,842358477363094004,43,29,46403140000000,2026-09-10T12:27:12.552869+00:00,interpolated,8.0,677.0,-206.0
26.196996108,842358476607477780,842358477363094004,43,30,46403140000000,2026-09-10T12:27:12.552869+00:00,interpolated,-11.0,660.0,-191.0
26.215886513,842358476626368185,842358477363094004,43,31,46403140000000,2026-09-10T12:27:12.552869+00:00,interpolated,-17.0,687.0,-172.0
26.234776919,842358476645258591,842358477363094004,43,32,46403140000000,2026-09-10T12:27:12.552869+00:00,interpolated,-9.0,742.0,-159.0
26.253667325,842358476664148997,842358477363094004,43,33,46403140000000,2026-09-10T12:27:12.552869+00:00,interpolated,-37.0,750.0,-159.0
26.27255773,842358476683039402,842358477363094004,43,34,46403140000000,2026-09-10T12:27:12.552869+00:00,interpolated,-56.0,706.0,-169.0
26.291448136,842358476701929808,842358477363094004,43,35,46403140000000,2026-09-10T12:27:12.552869+00:00,interpolated,-51.0,665.0,-209.0
26.310338541,842358476720820213,842358477363094004,43,36,46403140000000,2026-09-10T12:27:12.552869+00:00,interpolated,-36.0,672.0,-226.0
26.329228947,842358476739710619,842358477363094004,43,37,46403140000000,2026-09-10T12:27:12.552869+00:00,interpolated,-52.0,748.0,-238.0
26.348119353,842358476758601025,842358477363094004,43,38,46403140000000,2026-09-10T12:27:12.552869+00:00,interpolated,-86.0,780.0,-257.0
26.367009758,842358476777491430,842358477363094004,43,39,46403140000000,2026-09-10T12:27:12.552869+00:00,interpolated,-145.0,790.0,-277.0
26.385900164,842358476796381836,842358477363094004,43,40,46403140000000,2026-09-10T12:27:12.552869+00:00,interpolated,-171.0,837.0,-263.0
26.404790569,842358476815272241,842358477363094004,43,41,46403140000000,2026-09-10T12:27:12.552869+00:00,interpolated,-227.0,924.0,-267.0
26.423680975,842358476834162647,842358477363094004,43,42,46403140000000,2026-09-10T12:27:12.552869+00:00,interpolated,-303.0,974.0,-274.0
26.442571381,842358476853053053,842358477363094004,43,43,46403140000000,2026-09-10T12:27:12.552869+00:00,interpolated,-345.0,989.0,-273.0
26.461461786,842358476871943458,842358477363094004,43,44,46403140000000,2026-09-10T12:27:12.552869+00:00,interpolated,-364.0,1028.0,-234.0
26.480352192,842358476890833864,842358477363094004,43,45,46403140000000,2026-09-10T12:27:12.552869+00:00,interpolated,-419.0,1132.0,-255.0
26.499242597,842358476909724269,842358477363094004,43,46,46403140000000,2026-09-10T12:27:12.552869+00:00,interpolated,-386.0,1145.0,-277.0
26.518133003,842358476928614675,842358477363094004,43,47,46403140000000,2026-09-10T12:27:12.552869+00:00,interpolated,-362.0,1089.0,-216.0
26.537023409,842358476947505081,842358477363094004,43,48,46403140000000,2026-09-10T12:27:12.552869+00:00,interpolated,-348.0,1036.0,-165.0
26.555913814,842358476966395486,842358477363094004,43,49,46403140000000,2026-09-10T12:27:12.552869+00:00,interpolated,-388.0,1086.0,-180.0
26.57480422,842358476985285892,842358477363094004,43,50,46403140000000,2026-09-10T12:27:12.552869+00:00,interpolated,-400.0,1184.0,-216.0
26.593694625,842358477004176297,842358477363094004,43,51,46403140000000,2026-09-10T12:27:12.552869+00:00,interpolated,-360.0,1203.0,-171.0
26.612585031,842358477023066703,842358477363094004,43,52,46403140000000,2026-09-10T12:27:12.552869+00:00,interpolated,-308.0,1120.0,-163.0
26.631475437,842358477041957109,842358477363094004,43,53,46403140000000,2026-09-10T12:27:12.552869+00:00,interpolated,-266.0,1052.0,-169.0
26.650365842,842358477060847514,842358477363094004,43,54,46403140000000,2026-09-10T12:27:12.552869+00:00,interpolated,-235.0,1024.0,-187.0
26.669256248,842358477079737920,842358477363094004,43,55,46403140000000,2026-09-10T12:27:12.552869+00:00,interpolated,-238.0,1056.0,-172.0
26.688146654,842358477098628326,842358477363094004,43,56,46403140000000,2026-09-10T12:27:12.552869+00:00,interpolated,-267.0,1060.0,-148.0
26.707037059,842358477117518731,842358477363094004,43,57,46403140000000,2026-09-10T12:27:12.552869+00:00,interpolated,-316.0,1033.0,-133.0
26.725927465,842358477136409137,842358477363094004,43,58,46403140000000,2026-09-10T12:27:12.552869+00:00,interpolated,-364.0,1044.0,-133.0
26.74481787,842358477155299542,842358477363094004,43,59,46403140000000,2026-09-10T12:27:12.552869+00:00,interpolated,-395.0,1098.0,-139.0
26.763708276,842358477174189948,842358477363094004,43,60,46403140000000,2026-09-10T12:27:12.552869+00:00,interpolated,-408.0,1116.0,-131.0
26.782598682,842358477193080354,842358477363094004,43,61,46403140000000,2026-09-10T12:27:12.552869+00:00,interpolated,-423.0,1118.0,-100.0
26.801489087,842358477211970759,842358477363094004,43,62,46403140000000,2026-09-10T12:27:12.552869+00:00,interpolated,-469.0,1123.0,-138.0
26.820379493,842358477230861165,842358477363094004,43,63,46403140000000,2026-09-10T12:27:12.552869+00:00,interpolated,-535.0,1113.0,-186.0
26.839269898,842358477249751570,842358477363094004,43,64,46403140000000,2026-09-10T12:27:12.552869+00:00,interpolated,-579.0,1063.0,-159.0
26.858160304,842358477268641976,842358477363094004,43,65,46403140000000,2026-09-10T12:27:12.552869+00:00,interpolated,-554.0,1083.0,-152.0
26.87705071,842358477287532382,842358477363094004,43,66,46403140000000,2026-09-10T12:27:12.552869+00:00,interpolated,-458.0,1096.0,-170.0
26.895941115,842358477306422787,842358477363094004,43,67,46403140000000,2026-09-10T12:27:12.552869+00:00,interpolated,-437.0,1079.0,-198.0
26.914831521,842358477325313193,842358477363094004,43,68,46403140000000,2026-09-10T12:27:12.552869+00:00,interpolated,-458.0,1033.0,-185.0
26.933721926,842358477344203598,842358477363094004,43,69,46403140000000,2026-09-10T12:27:12.552869+00:00,interpolated,-431.0,1026.0,-201.0
26.952612332,842358477363094004,842358477363094004,43,70,46403140000000,2026-09-10T12:27:12.552869+00:00,interpolated,-438.0,991.0,-188.0
26.971502622,842358477381984294,842358478345389078,46,0,46404281000000,2026-09-10T12:27:13.692266+00:00,interpolated,-456.0,980.0,-139.0
26.990392912,842358477400874584,842358478345389078,46,1,46404281000000,2026-09-10T12:27:13.692266+00:00,interpolated,-430.0,940.0,-123.0
27.009283202,842358477419764874,842358478345389078,46,2,46404281000000,2026-09-10T12:27:13.692266+00:00,interpolated,-462.0,942.0,-115.0
27.028173492,842358477438655164,842358478345389078,46,3,46404281000000,2026-09-10T12:27:13.692266+00:00,interpolated,-450.0,937.0,-94.0
27.047063781,842358477457545453,842358478345389078,46,4,46404281000000,2026-09-10T12:27:13.692266+00:00,interpolated,-389.0,918.0,-33.0
27.065954071,842358477476435743,842358478345389078,46,5,46404281000000,2026-09-10T12:27:13.692266+00:00,interpolated,-403.0,864.0,-29.0
27.084844361,842358477495326033,842358478345389078,46,6,46404281000000,2026-09-10T12:27:13.692266+00:00,interpolated,-383.0,859.0,-5.0
27.103734651,842358477514216323,842358478345389078,46,7,46404281000000,2026-09-10T12:27:13.692266+00:00,interpolated,-296.0,863.0,14.0
27.122624941,842358477533106613,842358478345389078,46,8,46404281000000,2026-09-10T12:27:13.692266+00:00,interpolated,-294.0,910.0,-2.0
27.141515231,842358477551996903,842358478345389078,46,9,46404281000000,2026-09-10T12:27:13.692266+00:00,interpolated,-275.0,997.0,-79.0
27.160405521,842358477570887193,842358478345389078,46,10,46404281000000,2026-09-10T12:27:13.692266+00:00,interpolated,-249.0,1014.0,87.0
27.179295811,842358477589777483,842358478345389078,46,11,46404281000000,2026-09-10T12:27:13.692266+00:00,interpolated,-731.0,938.0,374.0
27.198186101,842358477608667773,842358478345389078,46,12,46404281000000,2026-09-10T12:27:13.692266+00:00,interpolated,-1289.0,1309.0,-93.0
27.21707639,842358477627558062,842358478345389078,46,13,46404281000000,2026-09-10T12:27:13.692266+00:00,interpolated,-1329.0,1579.0,-856.0
27.23596668,842358477646448352,842358478345389078,46,14,46404281000000,2026-09-10T12:27:13.692266+00:00,interpolated,-788.0,1650.0,-906.0
27.25485697,842358477665338642,842358478345389078,46,15,46404281000000,2026-09-10T12:27:13.692266+00:00,interpolated,-265.0,1655.0,-426.0
27.27374726,842358477684228932,842358478345389078,46,16,46404281000000,2026-09-10T12:27:13.692266+00:00,interpolated,-349.0,1730.0,-500.0
27.29263755,842358477703119222,842358478345389078,46,17,46404281000000,2026-09-10T12:27:13.692266+00:00,interpolated,35.0,1321.0,-147.0
27.31152784,842358477722009512,842358478345389078,46,18,46404281000000,2026-09-10T12:27:13.692266+00:00,interpolated,-48.0,848.0,95.0
27.33041813,842358477740899802,842358478345389078,46,19,46404281000000,2026-09-10T12:27:13.692266+00:00,interpolated,-389.0,881.0,157.0
27.34930842,842358477759790092,842358478345389078,46,20,46404281000000,2026-09-10T12:27:13.692266+00:00,interpolated,-792.0,1007.0,138.0
27.368198709,842358477778680381,842358478345389078,46,21,46404281000000,2026-09-10T12:27:13.692266+00:00,interpolated,-701.0,989.0,-60.0
27.387088999,842358477797570671,842358478345389078,46,22,46404281000000,2026-09-10T12:27:13.692266+00:00,interpolated,-459.0,937.0,-195.0
27.405979289,842358477816460961,842358478345389078,46,23,46404281000000,2026-09-10T12:27:13.692266+00:00,interpolated,-292.0,986.0,-206.0
27.424869579,842358477835351251,842358478345389078,46,24,46404281000000,2026-09-10T12:27:13.692266+00:00,interpolated,-254.0,1005.0,-131.0
27.443759869,842358477854241541,842358478345389078,46,25,46404281000000,2026-09-10T12:27:13.692266+00:00,interpolated,-257.0,988.0,-56.0
27.462650159,842358477873131831,842358478345389078,46,26,46404281000000,2026-09-10T12:27:13.692266+00:00,interpolated,-404.0,975.0,-72.0
27.481540449,842358477892022121,842358478345389078,46,27,46404281000000,2026-09-10T12:27:13.692266+00:00,interpolated,-559.0,979.0,-87.0
27.500430739,842358477910912411,842358478345389078,46,28,46404281000000,2026-09-10T12:27:13.692266+00:00,interpolated,-517.0,928.0,-82.0
27.519321029,842358477929802701,842358478345389078,46,29,46404281000000,2026-09-10T12:27:13.692266+00:00,interpolated,-495.0,917.0,-116.0
27.538211318,842358477948692990,842358478345389078,46,30,46404281000000,2026-09-10T12:27:13.692266+00:00,interpolated,-464.0,910.0,-110.0
27.557101608,842358477967583280,842358478345389078,46,31,46404281000000,2026-09-10T12:27:13.692266+00:00,interpolated,-369.0,900.0,-111.0
27.575991898,842358477986473570,842358478345389078,46,32,46404281000000,2026-09-10T12:27:13.692266+00:00,interpolated,-345.0,944.0,-147.0
27.594882188,842358478005363860,842358478345389078,46,33,46404281000000,2026-09-10T12:27:13.692266+00:00,interpolated,-486.0,942.0,-173.0
27.613772478,842358478024254150,842358478345389078,46,34,46404281000000,2026-09-10T12:27:13.692266+00:00,interpolated,-509.0,938.0,-159.0
27.632662768,842358478043144440,842358478345389078,46,35,46404281000000,2026-09-10T12:27:13.692266+00:00,interpolated,-414.0,940.0,-126.0
27.651553058,842358478062034730,842358478345389078,46,36,46404281000000,2026-09-10T12:27:13.692266+00:00,interpolated,-419.0,970.0,-111.0
27.670443348,842358478080925020,842358478345389078,46,37,46404281000000,2026-09-10T12:27:13.692266+00:00,interpolated,-465.0,942.0,-143.0
27.689333638,842358478099815310,842358478345389078,46,38,46404281000000,2026-09-10T12:27:13.692266+00:00,interpolated,-421.0,965.0,-142.0
27.708223927,842358478118705599,842358478345389078,46,39,46404281000000,2026-09-10T12:27:13.692266+00:00,interpolated,-412.0,986.0,-131.0
27.727114217,842358478137595889,842358478345389078,46,40,46404281000000,2026-09-10T12:27:13.692266+00:00,interpolated,-430.0,978.0,-66.0
27.746004507,842358478156486179,842358478345389078,46,41,46404281000000,2026-09-10T12:27:13.692266+00:00,interpolated,-420.0,917.0,-93.0
27.764894797,842358478175376469,842358478345389078,46,42,46404281000000,2026-09-10T12:27:13.692266+00:00,interpolated,-406.0,959.0,-138.0
27.783785087,842358478194266759,842358478345389078,46,43,46404281000000,2026-09-10T12:27:13.692266+00:00,interpolated,-426.0,974.0,-145.0
27.802675377,842358478213157049,842358478345389078,46,44,46404281000000,2026-09-10T12:27:13.692266+00:00,interpolated,-481.0,1001.0,-197.0
27.821565667,842358478232047339,842358478345389078,46,45,46404281000000,2026-09-10T12:27:13.692266+00:00,interpolated,-449.0,965.0,-133.0
27.840455957,842358478250937629,842358478345389078,46,46,46404281000000,2026-09-10T12:27:13.692266+00:00,interpolated,-425.0,943.0,-82.0
27.859346246,842358478269827918,842358478345389078,46,47,46404281000000,2026-09-10T12:27:13.692266+00:00,interpolated,-461.0,960.0,-105.0
27.878236536,842358478288718208,842358478345389078,46,48,46404281000000,2026-09-10T12:27:13.692266+00:00,interpolated,-539.0,968.0,-126.0
27.897126826,842358478307608498,842358478345389078,46,49,46404281000000,2026-09-10T12:27:13.692266+00:00,interpolated,-589.0,892.0,-13.0
27.916017116,842358478326498788,842358478345389078,46,50,46404281000000,2026-09-10T12:27:13.692266+00:00,interpolated,-545.0,891.0,13.0
27.934907406,842358478345389078,842358478345389078,46,51,46404281000000,2026-09-10T12:27:13.692266+00:00,interpolated,-490.0,973.0,-54.0
27.953797632,842358478364279304,842358479384351498,48,0,46405062000000,2026-09-10T12:27:14.472259+00:00,interpolated,-528.0,961.0,-119.0
27.972687858,842358478383169530,842358479384351498,48,1,46405062000000,2026-09-10T12:27:14.472259+00:00,interpolated,-634.0,861.0,-77.0
27.991578083,842358478402059755,842358479384351498,48,2,46405062000000,2026-09-10T12:27:14.472259+00:00,interpolated,-578.0,843.0,-33.0
28.010468309,842358478420949981,842358479384351498,48,3,46405062000000,2026-09-10T12:27:14.472259+00:00,interpolated,-551.0,911.0,-55.0
28.029358535,842358478439840207,842358479384351498,48,4,46405062000000,2026-09-10T12:27:14.472259+00:00,interpolated,-567.0,960.0,-83.0
28.048248761,842358478458730433,842358479384351498,48,5,46405062000000,2026-09-10T12:27:14.472259+00:00,interpolated,-491.0,933.0,-2.0
28.067138987,842358478477620659,842358479384351498,48,6,46405062000000,2026-09-10T12:27:14.472259+00:00,interpolated,-476.0,935.0,6.0
28.086029213,842358478496510885,842358479384351498,48,7,46405062000000,2026-09-10T12:27:14.472259+00:00,interpolated,-513.0,947.0,-52.0
28.104919438,842358478515401110,842358479384351498,48,8,46405062000000,2026-09-10T12:27:14.472259+00:00,interpolated,-432.0,979.0,-50.0
28.123809664,842358478534291336,842358479384351498,48,9,46405062000000,2026-09-10T12:27:14.472259+00:00,interpolated,-372.0,964.0,-59.0
28.14269989,842358478553181562,842358479384351498,48,10,46405062000000,2026-09-10T12:27:14.472259+00:00,interpolated,-346.0,939.0,-98.0
28.161590116,842358478572071788,842358479384351498,48,11,46405062000000,2026-09-10T12:27:14.472259+00:00,interpolated,-339.0,978.0,-151.0
28.180480342,842358478590962014,842358479384351498,48,12,46405062000000,2026-09-10T12:27:14.472259+00:00,interpolated,-355.0,994.0,-229.0
28.199370567,842358478609852239,842358479384351498,48,13,46405062000000,2026-09-10T12:27:14.472259+00:00,interpolated,-344.0,953.0,-248.0
28.218260793,842358478628742465,842358479384351498,48,14,46405062000000,2026-09-10T12:27:14.472259+00:00,interpolated,-279.0,1009.0,-179.0
28.237151019,842358478647632691,842358479384351498,48,15,46405062000000,2026-09-10T12:27:14.472259+00:00,interpolated,-263.0,1013.0,-71.0
28.256041245,842358478666522917,842358479384351498,48,16,46405062000000,2026-09-10T12:27:14.472259+00:00,interpolated,-326.0,984.0,-11.0
28.274931471,842358478685413143,842358479384351498,48,17,46405062000000,2026-09-10T12:27:14.472259+00:00,interpolated,-438.0,984.0,-34.0
28.293821697,842358478704303369,842358479384351498,48,18,46405062000000,2026-09-10T12:27:14.472259+00:00,interpolated,-460.0,969.0,-48.0
28.312711922,842358478723193594,842358479384351498,48,19,46405062000000,2026-09-10T12:27:14.472259+00:00,interpolated,-371.0,956.0,-59.0
28.331602148,842358478742083820,842358479384351498,48,20,46405062000000,2026-09-10T12:27:14.472259+00:00,interpolated,-316.0,1024.0,-95.0
28.350492374,842358478760974046,842358479384351498,48,21,46405062000000,2026-09-10T12:27:14.472259+00:00,interpolated,-321.0,1030.0,-91.0
28.3693826,842358478779864272,842358479384351498,48,22,46405062000000,2026-09-10T12:27:14.472259+00:00,interpolated,-272.0,979.0,-93.0
28.388272826,842358478798754498,842358479384351498,48,23,46405062000000,2026-09-10T12:27:14.472259+00:00,interpolated,-280.0,961.0,-62.0
28.407163051,842358478817644723,842358479384351498,48,24,46405062000000,2026-09-10T12:27:14.472259+00:00,interpolated,-354.0,966.0,-81.0
28.426053277,842358478836534949,842358479384351498,48,25,46405062000000,2026-09-10T12:27:14.472259+00:00,interpolated,-298.0,1005.0,-66.0
28.444943503,842358478855425175,842358479384351498,48,26,46405062000000,2026-09-10T12:27:14.472259+00:00,interpolated,-308.0,996.0,-52.0
28.463833729,842358478874315401,842358479384351498,48,27,46405062000000,2026-09-10T12:27:14.472259+00:00,interpolated,-386.0,939.0,-140.0
28.482723955,842358478893205627,842358479384351498,48,28,46405062000000,2026-09-10T12:27:14.472259+00:00,interpolated,-386.0,968.0,-188.0
28.501614181,842358478912095853,842358479384351498,48,29,46405062000000,2026-09-10T12:27:14.472259+00:00,interpolated,-331.0,1033.0,-135.0
28.520504406,842358478930986078,842358479384351498,48,30,46405062000000,2026-09-10T12:27:14.472259+00:00,interpolated,-322.0,984.0,-94.0
28.539394632,842358478949876304,842358479384351498,48,31,46405062000000,2026-09-10T12:27:14.472259+00:00,interpolated,-376.0,936.0,-90.0
28.558284858,842358478968766530,842358479384351498,48,32,46405062000000,2026-09-10T12:27:14.472259+00:00,interpolated,-379.0,976.0,-75.0
28.577175084,842358478987656756,842358479384351498,48,33,46405062000000,2026-09-10T12:27:14.472259+00:00,interpolated,-276.0,1013.0,-57.0
28.59606531,842358479006546982,842358479384351498,48,34,46405062000000,2026-09-10T12:27:14.472259+00:00,interpolated,-143.0,1063.0,-109.0
28.614955535,842358479025437207,842358479384351498,48,35,46405062000000,2026-09-10T12:27:14.472259+00:00,interpolated,-30.0,1194.0,-179.0
28.633845761,842358479044327433,842358479384351498,48,36,46405062000000,2026-09-10T12:27:14.472259+00:00,interpolated,-71.0,1285.0,-313.0
28.652735987,842358479063217659,842358479384351498,48,37,46405062000000,2026-09-10T12:27:14.472259+00:00,interpolated,-114.0,1250.0,-499.0
28.671626213,842358479082107885,842358479384351498,48,38,46405062000000,2026-09-10T12:27:14.472259+00:00,interpolated,-174.0,1199.0,-508.0
28.690516439,842358479100998111,842358479384351498,48,39,46405062000000,2026-09-10T12:27:14.472259+00:00,interpolated,-328.0,1057.0,-446.0
28.709406665,842358479119888337,842358479384351498,48,40,46405062000000,2026-09-10T12:27:14.472259+00:00,interpolated,-653.0,979.0,-397.0
28.72829689,842358479138778562,842358479384351498,48,41,46405062000000,2026-09-10T12:27:14.472259+00:00,interpolated,-1133.0,750.0,-371.0
28.747187116,842358479157668788,842358479384351498,48,42,46405062000000,2026-09-10T12:27:14.472259+00:00,interpolated,-942.0,656.0,-633.0
28.766077342,842358479176559014,842358479384351498,48,43,46405062000000,2026-09-10T12:27:14.472259+00:00,interpolated,-418.0,608.0,-261.0
28.784967568,842358479195449240,842358479384351498,48,44,46405062000000,2026-09-10T12:27:14.472259+00:00,interpolated,-26.0,670.0,-150.0
28.803857794,842358479214339466,842358479384351498,48,45,46405062000000,2026-09-10T12:27:14.472259+00:00,interpolated,-91.0,717.0,84.0
28.822748019,842358479233229691,842358479384351498,48,46,46405062000000,2026-09-10T12:27:14.472259+00:00,interpolated,12.0,692.0,-17.0
28.841638245,842358479252119917,842358479384351498,48,47,46405062000000,2026-09-10T12:27:14.472259+00:00,interpolated,62.0,746.0,62.0
28.860528471,842358479271010143,842358479384351498,48,48,46405062000000,2026-09-10T12:27:14.472259+00:00,interpolated,3.0,733.0,-169.0
28.879418697,842358479289900369,842358479384351498,48,49,46405062000000,2026-09-10T12:27:14.472259+00:00,interpolated,-18.0,559.0,-361.0
28.898308923,842358479308790595,842358479384351498,48,50,46405062000000,2026-09-10T12:27:14.472259+00:00,interpolated,-147.0,380.0,85.0
28.917199149,842358479327680821,842358479384351498,48,51,46405062000000,2026-09-10T12:27:14.472259+00:00,interpolated,-73.0,874.0,-467.0
28.936089374,842358479346571046,842358479384351498,48,52,46405062000000,2026-09-10T12:27:14.472259+00:00,interpolated,-2406.0,2413.0,-1762.0
28.9549796,842358479365461272,842358479384351498,48,53,46405062000000,2026-09-10T12:27:14.472259+00:00,interpolated,-356.0,2080.0,-1328.0
28.973869826,842358479384351498,842358479384351498,48,54,46405062000000,2026-09-10T12:27:14.472259+00:00,interpolated,203.0,392.0,316.0
28.992760329,842358479403242001,842358480423329180,52,0,46406171000000,2026-09-10T12:27:15.582061+00:00,interpolated,324.0,812.0,344.0
29.011650833,842358479422132505,842358480423329180,52,1,46406171000000,2026-09-10T12:27:15.582061+00:00,interpolated,-458.0,922.0,61.0
29.030541336,842358479441023008,842358480423329180,52,2,46406171000000,2026-09-10T12:27:15.582061+00:00,interpolated,-710.0,984.0,-227.0
29.049431839,842358479459913511,842358480423329180,52,3,46406171000000,2026-09-10T12:27:15.582061+00:00,interpolated,-346.0,918.0,-388.0
29.068322343,842358479478804015,842358480423329180,52,4,46406171000000,2026-09-10T12:27:15.582061+00:00,interpolated,-140.0,1084.0,-321.0
29.087212846,842358479497694518,842358480423329180,52,5,46406171000000,2026-09-10T12:27:15.582061+00:00,interpolated,-366.0,1172.0,-288.0
29.106103349,842358479516585021,842358480423329180,52,6,46406171000000,2026-09-10T12:27:15.582061+00:00,interpolated,-381.0,1009.0,-276.0
29.124993852,842358479535475524,842358480423329180,52,7,46406171000000,2026-09-10T12:27:15.582061+00:00,interpolated,-337.0,979.0,-190.0
29.143884356,842358479554366028,842358480423329180,52,8,46406171000000,2026-09-10T12:27:15.582061+00:00,interpolated,-236.0,1015.0,-304.0
29.162774859,842358479573256531,842358480423329180,52,9,46406171000000,2026-09-10T12:27:15.582061+00:00,interpolated,-124.0,981.0,-312.0
29.181665362,842358479592147034,842358480423329180,52,10,46406171000000,2026-09-10T12:27:15.582061+00:00,interpolated,-116.0,985.0,-275.0
29.200555866,842358479611037538,842358480423329180,52,11,46406171000000,2026-09-10T12:27:15.582061+00:00,interpolated,-230.0,1071.0,-254.0
29.219446369,842358479629928041,842358480423329180,52,12,46406171000000,2026-09-10T12:27:15.582061+00:00,interpolated,-332.0,1113.0,-345.0
29.238336872,842358479648818544,842358480423329180,52,13,46406171000000,2026-09-10T12:27:15.582061+00:00,interpolated,-293.0,1038.0,-344.0
29.257227376,842358479667709048,842358480423329180,52,14,46406171000000,2026-09-10T12:27:15.582061+00:00,interpolated,-196.0,1044.0,-26.0
29.276117879,842358479686599551,842358480423329180,52,15,46406171000000,2026-09-10T12:27:15.582061+00:00,interpolated,-103.0,1021.0,277.0
29.295008382,842358479705490054,842358480423329180,52,16,46406171000000,2026-09-10T12:27:15.582061+00:00,interpolated,-416.0,987.0,458.0
29.313898886,842358479724380558,842358480423329180,52,17,46406171000000,2026-09-10T12:27:15.582061+00:00,interpolated,-180.0,876.0,91.0
29.332789389,842358479743271061,842358480423329180,52,18,46406171000000,2026-09-10T12:27:15.582061+00:00,interpolated,300.0,1227.0,-47.0
29.351679892,842358479762161564,842358480423329180,52,19,46406171000000,2026-09-10T12:27:15.582061+00:00,interpolated,215.0,1087.0,-149.0
29.370570395,842358479781052067,842358480423329180,52,20,46406171000000,2026-09-10T12:27:15.582061+00:00,interpolated,-212.0,979.0,-270.0
29.389460899,842358479799942571,842358480423329180,52,21,46406171000000,2026-09-10T12:27:15.582061+00:00,interpolated,-492.0,870.0,-108.0
29.408351402,842358479818833074,842358480423329180,52,22,46406171000000,2026-09-10T12:27:15.582061+00:00,interpolated,-525.0,883.0,23.0
29.427241905,842358479837723577,842358480423329180,52,23,46406171000000,2026-09-10T12:27:15.582061+00:00,interpolated,-307.0,935.0,39.0
29.446132409,842358479856614081,842358480423329180,52,24,46406171000000,2026-09-10T12:27:15.582061+00:00,interpolated,-18.0,1036.0,-4.0
29.465022912,842358479875504584,842358480423329180,52,25,46406171000000,2026-09-10T12:27:15.582061+00:00,interpolated,-126.0,966.0,-47.0
29.483913415,842358479894395087,842358480423329180,52,26,46406171000000,2026-09-10T12:27:15.582061+00:00,interpolated,-482.0,876.0,-88.0
29.502803919,842358479913285591,842358480423329180,52,27,46406171000000,2026-09-10T12:27:15.582061+00:00,interpolated,-375.0,946.0,-19.0
29.521694422,842358479932176094,842358480423329180,52,28,46406171000000,2026-09-10T12:27:15.582061+00:00,interpolated,-135.0,992.0,15.0
29.540584925,842358479951066597,842358480423329180,52,29,46406171000000,2026-09-10T12:27:15.582061+00:00,interpolated,31.0,1088.0,169.0
29.559475429,842358479969957101,842358480423329180,52,30,46406171000000,2026-09-10T12:27:15.582061+00:00,interpolated,-3.0,1118.0,38.0
29.578365932,842358479988847604,842358480423329180,52,31,46406171000000,2026-09-10T12:27:15.582061+00:00,interpolated,-171.0,1020.0,-86.0
29.597256435,842358480007738107,842358480423329180,52,32,46406171000000,2026-09-10T12:27:15.582061+00:00,interpolated,-364.0,837.0,-219.0
29.616146939,842358480026628611,842358480423329180,52,33,46406171000000,2026-09-10T12:27:15.582061+00:00,interpolated,-283.0,1003.0,-189.0
29.635037442,842358480045519114,842358480423329180,52,34,46406171000000,2026-09-10T12:27:15.582061+00:00,interpolated,-69.0,1212.0,-68.0
29.653927945,842358480064409617,842358480423329180,52,35,46406171000000,2026-09-10T12:27:15.582061+00:00,interpolated,-37.0,1049.0,-99.0
29.672818448,842358480083300120,842358480423329180,52,36,46406171000000,2026-09-10T12:27:15.582061+00:00,interpolated,-72.0,1041.0,40.0
29.691708952,842358480102190624,842358480423329180,52,37,46406171000000,2026-09-10T12:27:15.582061+00:00,interpolated,-229.0,1225.0,-19.0
29.710599455,842358480121081127,842358480423329180,52,38,46406171000000,2026-09-10T12:27:15.582061+00:00,interpolated,-365.0,1140.0,-168.0
29.729489958,842358480139971630,842358480423329180,52,39,46406171000000,2026-09-10T12:27:15.582061+00:00,interpolated,-285.0,965.0,-198.0
29.748380462,842358480158862134,842358480423329180,52,40,46406171000000,2026-09-10T12:27:15.582061+00:00,interpolated,-378.0,938.0,-221.0
29.767270965,842358480177752637,842358480423329180,52,41,46406171000000,2026-09-10T12:27:15.582061+00:00,interpolated,-457.0,971.0,-229.0
29.786161468,842358480196643140,842358480423329180,52,42,46406171000000,2026-09-10T12:27:15.582061+00:00,interpolated,-494.0,960.0,-233.0
29.805051972,842358480215533644,842358480423329180,52,43,46406171000000,2026-09-10T12:27:15.582061+00:00,interpolated,-402.0,879.0,-243.0
29.823942475,842358480234424147,842358480423329180,52,44,46406171000000,2026-09-10T12:27:15.582061+00:00,interpolated,-318.0,874.0,-335.0
29.842832978,842358480253314650,842358480423329180,52,45,46406171000000,2026-09-10T12:27:15.582061+00:00,interpolated,-384.0,971.0,-483.0
29.861723482,842358480272205154,842358480423329180,52,46,46406171000000,2026-09-10T12:27:15.582061+00:00,interpolated,-448.0,1007.0,-439.0
29.880613985,842358480291095657,842358480423329180,52,47,46406171000000,2026-09-10T12:27:15.582061+00:00,interpolated,-389.0,985.0,-245.0
29.899504488,842358480309986160,842358480423329180,52,48,46406171000000,2026-09-10T12:27:15.582061+00:00,interpolated,-374.0,939.0,-90.0
29.918394991,842358480328876663,842358480423329180,52,49,46406171000000,2026-09-10T12:27:15.582061+00:00,interpolated,-433.0,912.0,-95.0
29.937285495,842358480347767167,842358480423329180,52,50,46406171000000,2026-09-10T12:27:15.582061+00:00,interpolated,-409.0,941.0,-219.0
29.956175998,842358480366657670,842358480423329180,52,51,46406171000000,2026-09-10T12:27:15.582061+00:00,interpolated,-401.0,957.0,-276.0
29.975066501,842358480385548173,842358480423329180,52,52,46406171000000,2026-09-10T12:27:15.582061+00:00,interpolated,-322.0,979.0,-347.0
29.993957005,842358480404438677,842358480423329180,52,53,46406171000000,2026-09-10T12:27:15.582061+00:00,interpolated,-255.0,1016.0,-302.0
30.012847508,842358480423329180,842358480423329180,52,54,46406171000000,2026-09-10T12:27:15.582061+00:00,interpolated,-182.0,1013.0,-219.0
30.031737641,842358480442219313,842358481556737182,55,0,46407375000000,2026-09-10T12:27:16.783360+00:00,interpolated,-218.0,966.0,-171.0
30.050627775,842358480461109447,842358481556737182,55,1,46407375000000,2026-09-10T12:27:16.783360+00:00,interpolated,-322.0,961.0,-164.0
30.069517908,842358480479999580,842358481556737182,55,2,46407375000000,2026-09-10T12:27:16.783360+00:00,interpolated,-357.0,995.0,-260.0
30.088408041,842358480498889713,842358481556737182,55,3,46407375000000,2026-09-10T12:27:16.783360+00:00,interpolated,-216.0,1027.0,-231.0
30.107298175,842358480517779847,842358481556737182,55,4,46407375000000,2026-09-10T12:27:16.783360+00:00,interpolated,-189.0,975.0,-233.0
30.126188308,842358480536669980,842358481556737182,55,5,46407375000000,2026-09-10T12:27:16.783360+00:00,interpolated,-257.0,939.0,-276.0
30.145078442,842358480555560114,842358481556737182,55,6,46407375000000,2026-09-10T12:27:16.783360+00:00,interpolated,-306.0,1008.0,-314.0
30.163968575,842358480574450247,842358481556737182,55,7,46407375000000,2026-09-10T12:27:16.783360+00:00,interpolated,-262.0,1034.0,-295.0
30.182858708,842358480593340380,842358481556737182,55,8,46407375000000,2026-09-10T12:27:16.783360+00:00,interpolated,-219.0,989.0,-204.0
30.201748842,842358480612230514,842358481556737182,55,9,46407375000000,2026-09-10T12:27:16.783360+00:00,interpolated,-257.0,977.0,-220.0
30.220638975,842358480631120647,842358481556737182,55,10,46407375000000,2026-09-10T12:27:16.783360+00:00,interpolated,-285.0,1008.0,-238.0
30.239529108,842358480650010780,842358481556737182,55,11,46407375000000,2026-09-10T12:27:16.783360+00:00,interpolated,-298.0,971.0,-297.0
30.258419242,842358480668900914,842358481556737182,55,12,46407375000000,2026-09-10T12:27:16.783360+00:00,interpolated,-278.0,983.0,-284.0
30.277309375,842358480687791047,842358481556737182,55,13,46407375000000,2026-09-10T12:27:16.783360+00:00,interpolated,-254.0,999.0,-273.0
30.296199509,842358480706681181,842358481556737182,55,14,46407375000000,2026-09-10T12:27:16.783360+00:00,interpolated,-310.0,951.0,-258.0
30.315089642,842358480725571314,842358481556737182,55,15,46407375000000,2026-09-10T12:27:16.783360+00:00,interpolated,-328.0,950.0,-285.0
30.333979775,842358480744461447,842358481556737182,55,16,46407375000000,2026-09-10T12:27:16.783360+00:00,interpolated,-289.0,1018.0,-271.0
30.352869909,842358480763351581,842358481556737182,55,17,46407375000000,2026-09-10T12:27:16.783360+00:00,interpolated,-282.0,984.0,-236.0
30.371760042,842358480782241714,842358481556737182,55,18,46407375000000,2026-09-10T12:27:16.783360+00:00,interpolated,-302.0,960.0,-270.0
30.390650175,842358480801131847,842358481556737182,55,19,46407375000000,2026-09-10T12:27:16.783360+00:00,interpolated,-247.0,1035.0,-251.0
30.409540309,842358480820021981,842358481556737182,55,20,46407375000000,2026-09-10T12:27:16.783360+00:00,interpolated,-184.0,1007.0,-231.0
30.428430442,842358480838912114,842358481556737182,55,21,46407375000000,2026-09-10T12:27:16.783360+00:00,interpolated,-263.0,926.0,-271.0
30.447320575,842358480857802247,842358481556737182,55,22,46407375000000,2026-09-10T12:27:16.783360+00:00,interpolated,-351.0,947.0,-294.0
30.466210709,842358480876692381,842358481556737182,55,23,46407375000000,2026-09-10T12:27:16.783360+00:00,interpolated,-289.0,1019.0,-280.0
30.485100842,842358480895582514,842358481556737182,55,24,46407375000000,2026-09-10T12:27:16.783360+00:00,interpolated,-218.0,988.0,-225.0
30.503990976,842358480914472648,842358481556737182,55,25,46407375000000,2026-09-10T12:27:16.783360+00:00,interpolated,-274.0,947.0,-256.0
30.522881109,842358480933362781,842358481556737182,55,26,46407375000000,2026-09-10T12:27:16.783360+00:00,interpolated,-277.0,1014.0,-258.0
30.541771242,842358480952252914,842358481556737182,55,27,46407375000000,2026-09-10T12:27:16.783360+00:00,interpolated,-249.0,1041.0,-193.0
30.560661376,842358480971143048,842358481556737182,55,28,46407375000000,2026-09-10T12:27:16.783360+00:00,interpolated,-309.0,966.0,-200.0
30.579551509,842358480990033181,842358481556737182,55,29,46407375000000,2026-09-10T12:27:16.783360+00:00,interpolated,-397.0,898.0,-314.0
30.598441642,842358481008923314,842358481556737182,55,30,46407375000000,2026-09-10T12:27:16.783360+00:00,interpolated,-437.0,893.0,-363.0
30.617331776,842358481027813448,842358481556737182,55,31,46407375000000,2026-09-10T12:27:16.783360+00:00,interpolated,-390.0,958.0,-295.0
30.636221909,842358481046703581,842358481556737182,55,32,46407375000000,2026-09-10T12:27:16.783360+00:00,interpolated,-260.0,972.0,-283.0
30.655112042,842358481065593714,842358481556737182,55,33,46407375000000,2026-09-10T12:27:16.783360+00:00,interpolated,-83.0,975.0,-310.0
30.674002176,842358481084483848,842358481556737182,55,34,46407375000000,2026-09-10T12:27:16.783360+00:00,interpolated,-198.0,952.0,-255.0
30.692892309,842358481103373981,842358481556737182,55,35,46407375000000,2026-09-10T12:27:16.783360+00:00,interpolated,-362.0,975.0,-318.0
30.711782443,842358481122264115,842358481556737182,55,36,46407375000000,2026-09-10T12:27:16.783360+00:00,interpolated,-469.0,952.0,-402.0
30.730672576,842358481141154248,842358481556737182,55,37,46407375000000,2026-09-10T12:27:16.783360+00:00,interpolated,-318.0,844.0,-367.0
30.749562709,842358481160044381,842358481556737182,55,38,46407375000000,2026-09-10T12:27:16.783360+00:00,interpolated,-286.0,957.0,-258.0
30.768452843,842358481178934515,842358481556737182,55,39,46407375000000,2026-09-10T12:27:16.783360+00:00,interpolated,-363.0,961.0,-196.0
30.787342976,842358481197824648,842358481556737182,55,40,46407375000000,2026-09-10T12:27:16.783360+00:00,interpolated,-488.0,838.0,-318.0
30.806233109,842358481216714781,842358481556737182,55,41,46407375000000,2026-09-10T12:27:16.783360+00:00,interpolated,-446.0,733.0,-366.0
30.825123243,842358481235604915,842358481556737182,55,42,46407375000000,2026-09-10T12:27:16.783360+00:00,interpolated,-353.0,922.0,-323.0
30.844013376,842358481254495048,842358481556737182,55,43,46407375000000,2026-09-10T12:27:16.783360+00:00,interpolated,-429.0,933.0,-266.0
30.86290351,842358481273385182,842358481556737182,55,44,46407375000000,2026-09-10T12:27:16.783360+00:00,interpolated,-307.0,733.0,-489.0
30.881793643,842358481292275315,842358481556737182,55,45,46407375000000,2026-09-10T12:27:16.783360+00:00,interpolated,-212.0,852.0,-355.0
30.900683776,842358481311165448,842358481556737182,55,46,46407375000000,2026-09-10T12:27:16.783360+00:00,interpolated,-346.0,949.0,-217.0
30.91957391,842358481330055582,842358481556737182,55,47,46407375000000,2026-09-10T12:27:16.783360+00:00,interpolated,-583.0,897.0,-255.0
30.938464043,842358481348945715,842358481556737182,55,48,46407375000000,2026-09-10T12:27:16.783360+00:00,interpolated,-516.0,650.0,-400.0
30.957354176,842358481367835848,842358481556737182,55,49,46407375000000,2026-09-10T12:27:16.783360+00:00,interpolated,-469.0,796.0,-263.0
30.97624431,842358481386725982,842358481556737182,55,50,46407375000000,2026-09-10T12:27:16.783360+00:00,interpolated,-536.0,799.0,-183.0
30.995134443,842358481405616115,842358481556737182,55,51,46407375000000,2026-09-10T12:27:16.783360+00:00,interpolated,-661.0,861.0,-231.0
31.014024576,842358481424506248,842358481556737182,55,52,46407375000000,2026-09-10T12:27:16.783360+00:00,interpolated,-509.0,821.0,-338.0
31.03291471,842358481443396382,842358481556737182,55,53,46407375000000,2026-09-10T12:27:16.783360+00:00,interpolated,-512.0,850.0,-392.0
31.051804843,842358481462286515,842358481556737182,55,54,46407375000000,2026-09-10T12:27:16.783360+00:00,interpolated,-703.0,756.0,-340.0
31.070694977,842358481481176649,842358481556737182,55,55,46407375000000,2026-09-10T12:27:16.783360+00:00,interpolated,-755.0,656.0,-449.0
31.08958511,842358481500066782,842358481556737182,55,56,46407375000000,2026-09-10T12:27:16.783360+00:00,interpolated,-468.0,444.0,-399.0
31.108475243,842358481518956915,842358481556737182,55,57,46407375000000,2026-09-10T12:27:16.783360+00:00,interpolated,-503.0,771.0,-326.0
31.127365377,842358481537847049,842358481556737182,55,58,46407375000000,2026-09-10T12:27:16.783360+00:00,interpolated,-668.0,571.0,-478.0
31.14625551,842358481556737182,842358481556737182,55,59,46407375000000,2026-09-10T12:27:16.783360+00:00,interpolated,-804.0,678.0,-561.0
31.165146152,842358481575627824,842358482595722492,58,0,46408421000000,2026-09-10T12:27:17.832336+00:00,interpolated,-697.0,641.0,-470.0
31.184036794,842358481594518466,842358482595722492,58,1,46408421000000,2026-09-10T12:27:17.832336+00:00,interpolated,-865.0,669.0,-401.0
31.202927436,842358481613409108,842358482595722492,58,2,46408421000000,2026-09-10T12:27:17.832336+00:00,interpolated,-931.0,523.0,-555.0
31.221818078,842358481632299750,842358482595722492,58,3,46408421000000,2026-09-10T12:27:17.832336+00:00,interpolated,-931.0,407.0,-345.0
31.24070872,842358481651190392,842358482595722492,58,4,46408421000000,2026-09-10T12:27:17.832336+00:00,interpolated,-976.0,411.0,-420.0
31.259599362,842358481670081034,842358482595722492,58,5,46408421000000,2026-09-10T12:27:17.832336+00:00,interpolated,-911.0,339.0,-475.0
31.278490004,842358481688971676,842358482595722492,58,6,46408421000000,2026-09-10T12:27:17.832336+00:00,interpolated,-961.0,326.0,-639.0
31.297380646,842358481707862318,842358482595722492,58,7,46408421000000,2026-09-10T12:27:17.832336+00:00,interpolated,-952.0,361.0,-561.0
31.316271288,842358481726752960,842358482595722492,58,8,46408421000000,2026-09-10T12:27:17.832336+00:00,interpolated,-936.0,309.0,-428.0
31.33516193,842358481745643602,842358482595722492,58,9,46408421000000,2026-09-10T12:27:17.832336+00:00,interpolated,-978.0,330.0,-483.0
31.354052572,842358481764534244,842358482595722492,58,10,46408421000000,2026-09-10T12:27:17.832336+00:00,interpolated,-1017.0,268.0,-554.0
31.372943214,842358481783424886,842358482595722492,58,11,46408421000000,2026-09-10T12:27:17.832336+00:00,interpolated,-1026.0,236.0,-612.0
31.391833856,842358481802315528,842358482595722492,58,12,46408421000000,2026-09-10T12:27:17.832336+00:00,interpolated,-997.0,291.0,-603.0
31.410724498,842358481821206170,842358482595722492,58,13,46408421000000,2026-09-10T12:27:17.832336+00:00,interpolated,-866.0,302.0,-664.0
31.42961514,842358481840096812,842358482595722492,58,14,46408421000000,2026-09-10T12:27:17.832336+00:00,interpolated,-931.0,290.0,-629.0
31.448505782,842358481858987454,842358482595722492,58,15,46408421000000,2026-09-10T12:27:17.832336+00:00,interpolated,-1064.0,248.0,-500.0
31.467396424,842358481877878096,842358482595722492,58,16,46408421000000,2026-09-10T12:27:17.832336+00:00,interpolated,-1096.0,235.0,-503.0
31.486287066,842358481896768738,842358482595722492,58,17,46408421000000,2026-09-10T12:27:17.832336+00:00,interpolated,-972.0,259.0,-541.0
31.505177708,842358481915659380,842358482595722492,58,18,46408421000000,2026-09-10T12:27:17.832336+00:00,interpolated,-943.0,250.0,-456.0
31.52406835,842358481934550022,842358482595722492,58,19,46408421000000,2026-09-10T12:27:17.832336+00:00,interpolated,-1059.0,193.0,-477.0
31.542958992,842358481953440664,842358482595722492,58,20,46408421000000,2026-09-10T12:27:17.832336+00:00,interpolated,-1033.0,274.0,-537.0
31.561849634,842358481972331306,842358482595722492,58,21,46408421000000,2026-09-10T12:27:17.832336+00:00,interpolated,-953.0,287.0,-417.0
31.580740276,842358481991221948,842358482595722492,58,22,46408421000000,2026-09-10T12:27:17.832336+00:00,interpolated,-946.0,316.0,-499.0
31.599630918,842358482010112590,842358482595722492,58,23,46408421000000,2026-09-10T12:27:17.832336+00:00,interpolated,-963.0,364.0,-498.0
31.61852156,842358482029003232,842358482595722492,58,24,46408421000000,2026-09-10T12:27:17.832336+00:00,interpolated,-914.0,370.0,-523.0
31.637412202,842358482047893874,842358482595722492,58,25,46408421000000,2026-09-10T12:27:17.832336+00:00,interpolated,-854.0,355.0,-524.0
31.656302844,842358482066784516,842358482595722492,58,26,46408421000000,2026-09-10T12:27:17.832336+00:00,interpolated,-827.0,412.0,-517.0
31.675193486,842358482085675158,842358482595722492,58,27,46408421000000,2026-09-10T12:27:17.832336+00:00,interpolated,-871.0,487.0,-505.0
31.694084128,842358482104565800,842358482595722492,58,28,46408421000000,2026-09-10T12:27:17.832336+00:00,interpolated,-882.0,472.0,-408.0
31.71297477,842358482123456442,842358482595722492,58,29,46408421000000,2026-09-10T12:27:17.832336+00:00,interpolated,-870.0,449.0,-419.0
31.731865412,842358482142347084,842358482595722492,58,30,46408421000000,2026-09-10T12:27:17.832336+00:00,interpolated,-810.0,539.0,-498.0
31.750756054,842358482161237726,842358482595722492,58,31,46408421000000,2026-09-10T12:27:17.832336+00:00,interpolated,-649.0,641.0,-549.0
31.769646696,842358482180128368,842358482595722492,58,32,46408421000000,2026-09-10T12:27:17.832336+00:00,interpolated,-657.0,627.0,-409.0
31.788537338,842358482199019010,842358482595722492,58,33,46408421000000,2026-09-10T12:27:17.832336+00:00,interpolated,-621.0,693.0,-413.0
31.80742798,842358482217909652,842358482595722492,58,34,46408421000000,2026-09-10T12:27:17.832336+00:00,interpolated,-634.0,803.0,-508.0
31.826318622,842358482236800294,842358482595722492,58,35,46408421000000,2026-09-10T12:27:17.832336+00:00,interpolated,-635.0,845.0,-465.0
31.845209264,842358482255690936,842358482595722492,58,36,46408421000000,2026-09-10T12:27:17.832336+00:00,interpolated,-583.0,813.0,-351.0
31.864099906,842358482274581578,842358482595722492,58,37,46408421000000,2026-09-10T12:27:17.832336+00:00,interpolated,-485.0,832.0,-427.0
31.882990548,842358482293472220,842358482595722492,58,38,46408421000000,2026-09-10T12:27:17.832336+00:00,interpolated,-385.0,941.0,-386.0
31.90188119,842358482312362862,842358482595722492,58,39,46408421000000,2026-09-10T12:27:17.832336+00:00,interpolated,-301.0,1021.0,-349.0
31.920771832,842358482331253504,842358482595722492,58,40,46408421000000,2026-09-10T12:27:17.832336+00:00,interpolated,-325.0,924.0,-285.0
31.939662474,842358482350144146,842358482595722492,58,41,46408421000000,2026-09-10T12:27:17.832336+00:00,interpolated,-266.0,1044.0,-353.0
31.958553116,842358482369034788,842358482595722492,58,42,46408421000000,2026-09-10T12:27:17.832336+00:00,interpolated,-201.0,1127.0,-329.0
31.977443758,842358482387925430,842358482595722492,58,43,46408421000000,2026-09-10T12:27:17.832336+00:00,interpolated,-116.0,1059.0,-313.0
31.9963344,842358482406816072,842358482595722492,58,44,46408421000000,2026-09-10T12:27:17.832336+00:00,interpolated,-95.0,911.0,-445.0
32.015225042,842358482425706714,842358482595722492,58,45,46408421000000,2026-09-10T12:27:17.832336+00:00,interpolated,-243.0,744.0,-317.0
32.034115684,842358482444597356,842358482595722492,58,46,46408421000000,2026-09-10T12:27:17.832336+00:00,interpolated,-388.0,636.0,-66.0
32.053006326,842358482463487998,842358482595722492,58,47,46408421000000,2026-09-10T12:27:17.832336+00:00,interpolated,-516.0,628.0,10.0
32.071896968,842358482482378640,842358482595722492,58,48,46408421000000,2026-09-10T12:27:17.832336+00:00,interpolated,-639.0,643.0,-140.0
32.09078761,842358482501269282,842358482595722492,58,49,46408421000000,2026-09-10T12:27:17.832336+00:00,interpolated,-474.0,704.0,-402.0
32.109678252,842358482520159924,842358482595722492,58,50,46408421000000,2026-09-10T12:27:17.832336+00:00,interpolated,-189.0,1020.0,-788.0
32.128568894,842358482539050566,842358482595722492,58,51,46408421000000,2026-09-10T12:27:17.832336+00:00,interpolated,-199.0,1115.0,-695.0
32.147459536,842358482557941208,842358482595722492,58,52,46408421000000,2026-09-10T12:27:17.832336+00:00,interpolated,-530.0,768.0,-378.0
32.166350178,842358482576831850,842358482595722492,58,53,46408421000000,2026-09-10T12:27:17.832336+00:00,interpolated,-733.0,697.0,-330.0
32.18524082,842358482595722492,842358482595722492,58,54,46408421000000,2026-09-10T12:27:17.832336+00:00,interpolated,-653.0,694.0,-423.0
32.204130897,842358482614612569,842358483615786642,61,0,46409203000000,2026-09-10T12:27:18.613151+00:00,interpolated,-257.0,732.0,-580.0
32.223020974,842358482633502646,842358483615786642,61,1,46409203000000,2026-09-10T12:27:18.613151+00:00,interpolated,-113.0,878.0,-104.0
32.241911051,842358482652392723,842358483615786642,61,2,46409203000000,2026-09-10T12:27:18.613151+00:00,interpolated,-295.0,927.0,-365.0
32.260801127,842358482671282799,842358483615786642,61,3,46409203000000,2026-09-10T12:27:18.613151+00:00,interpolated,-328.0,960.0,-653.0
32.279691204,842358482690172876,842358483615786642,61,4,46409203000000,2026-09-10T12:27:18.613151+00:00,interpolated,-456.0,1206.0,-62.0
32.298581281,842358482709062953,842358483615786642,61,5,46409203000000,2026-09-10T12:27:18.613151+00:00,interpolated,-242.0,1093.0,-159.0
32.317471358,842358482727953030,842358483615786642,61,6,46409203000000,2026-09-10T12:27:18.613151+00:00,interpolated,-335.0,774.0,-395.0
32.336361435,842358482746843107,842358483615786642,61,7,46409203000000,2026-09-10T12:27:18.613151+00:00,interpolated,-13.0,588.0,-312.0
32.355251512,842358482765733184,842358483615786642,61,8,46409203000000,2026-09-10T12:27:18.613151+00:00,interpolated,-370.0,714.0,-203.0
32.374141589,842358482784623261,842358483615786642,61,9,46409203000000,2026-09-10T12:27:18.613151+00:00,interpolated,-541.0,850.0,-352.0
32.393031665,842358482803513337,842358483615786642,61,10,46409203000000,2026-09-10T12:27:18.613151+00:00,interpolated,-489.0,976.0,-320.0
32.411921742,842358482822403414,842358483615786642,61,11,46409203000000,2026-09-10T12:27:18.613151+00:00,interpolated,-549.0,938.0,-288.0
32.430811819,842358482841293491,842358483615786642,61,12,46409203000000,2026-09-10T12:27:18.613151+00:00,interpolated,-680.0,909.0,-318.0
32.449701896,842358482860183568,842358483615786642,61,13,46409203000000,2026-09-10T12:27:18.613151+00:00,interpolated,-713.0,802.0,-363.0
32.468591973,842358482879073645,842358483615786642,61,14,46409203000000,2026-09-10T12:27:18.613151+00:00,interpolated,-553.0,801.0,-201.0
32.48748205,842358482897963722,842358483615786642,61,15,46409203000000,2026-09-10T12:27:18.613151+00:00,interpolated,-353.0,698.0,-136.0
32.506372126,842358482916853798,842358483615786642,61,16,46409203000000,2026-09-10T12:27:18.613151+00:00,interpolated,-825.0,723.0,-341.0
32.525262203,842358482935743875,842358483615786642,61,17,46409203000000,2026-09-10T12:27:18.613151+00:00,interpolated,-743.0,541.0,-448.0
32.54415228,842358482954633952,842358483615786642,61,18,46409203000000,2026-09-10T12:27:18.613151+00:00,interpolated,-497.0,518.0,-538.0
32.563042357,842358482973524029,842358483615786642,61,19,46409203000000,2026-09-10T12:27:18.613151+00:00,interpolated,-511.0,786.0,-183.0
32.581932434,842358482992414106,842358483615786642,61,20,46409203000000,2026-09-10T12:27:18.613151+00:00,interpolated,-731.0,656.0,-325.0
32.600822511,842358483011304183,842358483615786642,61,21,46409203000000,2026-09-10T12:27:18.613151+00:00,interpolated,-935.0,633.0,-668.0
32.619712588,842358483030194260,842358483615786642,61,22,46409203000000,2026-09-10T12:27:18.613151+00:00,interpolated,-754.0,485.0,-601.0
32.638602664,842358483049084336,842358483615786642,61,23,46409203000000,2026-09-10T12:27:18.613151+00:00,interpolated,-959.0,767.0,-334.0
32.657492741,842358483067974413,842358483615786642,61,24,46409203000000,2026-09-10T12:27:18.613151+00:00,interpolated,-940.0,619.0,-478.0
32.676382818,842358483086864490,842358483615786642,61,25,46409203000000,2026-09-10T12:27:18.613151+00:00,interpolated,-889.0,370.0,-647.0
32.695272895,842358483105754567,842358483615786642,61,26,46409203000000,2026-09-10T12:27:18.613151+00:00,interpolated,-954.0,373.0,-357.0
32.714162972,842358483124644644,842358483615786642,61,27,46409203000000,2026-09-10T12:27:18.613151+00:00,interpolated,-1117.0,468.0,-426.0
32.733053049,842358483143534721,842358483615786642,61,28,46409203000000,2026-09-10T12:27:18.613151+00:00,interpolated,-998.0,257.0,-683.0
32.751943126,842358483162424798,842358483615786642,61,29,46409203000000,2026-09-10T12:27:18.613151+00:00,interpolated,-705.0,174.0,-683.0
32.770833202,842358483181314874,842358483615786642,61,30,46409203000000,2026-09-10T12:27:18.613151+00:00,interpolated,-926.0,538.0,-384.0
32.789723279,842358483200204951,842358483615786642,61,31,46409203000000,2026-09-10T12:27:18.613151+00:00,interpolated,-1108.0,437.0,-436.0
32.808613356,842358483219095028,842358483615786642,61,32,46409203000000,2026-09-10T12:27:18.613151+00:00,interpolated,-1095.0,212.0,-711.0
32.827503433,842358483237985105,842358483615786642,61,33,46409203000000,2026-09-10T12:27:18.613151+00:00,interpolated,-1041.0,257.0,-611.0
32.84639351,842358483256875182,842358483615786642,61,34,46409203000000,2026-09-10T12:27:18.613151+00:00,interpolated,-1001.0,261.0,-464.0
32.865283587,842358483275765259,842358483615786642,61,35,46409203000000,2026-09-10T12:27:18.613151+00:00,interpolated,-1102.0,191.0,-517.0
32.884173664,842358483294655336,842358483615786642,61,36,46409203000000,2026-09-10T12:27:18.613151+00:00,interpolated,-1062.0,219.0,-586.0
32.90306374,842358483313545412,842358483615786642,61,37,46409203000000,2026-09-10T12:27:18.613151+00:00,interpolated,-978.0,274.0,-542.0
32.921953817,842358483332435489,842358483615786642,61,38,46409203000000,2026-09-10T12:27:18.613151+00:00,interpolated,-929.0,280.0,-515.0
32.940843894,842358483351325566,842358483615786642,61,39,46409203000000,2026-09-10T12:27:18.613151+00:00,interpolated,-924.0,296.0,-537.0
32.959733971,842358483370215643,842358483615786642,61,40,46409203000000,2026-09-10T12:27:18.613151+00:00,interpolated,-898.0,326.0,-506.0
32.978624048,842358483389105720,842358483615786642,61,41,46409203000000,2026-09-10T12:27:18.613151+00:00,interpolated,-979.0,322.0,-434.0
32.997514125,842358483407995797,842358483615786642,61,42,46409203000000,2026-09-10T12:27:18.613151+00:00,interpolated,-1006.0,334.0,-459.0
33.016404201,842358483426885873,842358483615786642,61,43,46409203000000,2026-09-10T12:27:18.613151+00:00,interpolated,-938.0,393.0,-514.0
33.035294278,842358483445775950,842358483615786642,61,44,46409203000000,2026-09-10T12:27:18.613151+00:00,interpolated,-884.0,424.0,-488.0
33.054184355,842358483464666027,842358483615786642,61,45,46409203000000,2026-09-10T12:27:18.613151+00:00,interpolated,-842.0,468.0,-441.0
33.073074432,842358483483556104,842358483615786642,61,46,46409203000000,2026-09-10T12:27:18.613151+00:00,interpolated,-837.0,532.0,-402.0
33.091964509,842358483502446181,842358483615786642,61,47,46409203000000,2026-09-10T12:27:18.613151+00:00,interpolated,-873.0,503.0,-412.0
33.110854586,842358483521336258,842358483615786642,61,48,46409203000000,2026-09-10T12:27:18.613151+00:00,interpolated,-941.0,460.0,-370.0
33.129744663,842358483540226335,842358483615786642,61,49,46409203000000,2026-09-10T12:27:18.613151+00:00,interpolated,-913.0,518.0,-332.0
33.148634739,842358483559116411,842358483615786642,61,50,46409203000000,2026-09-10T12:27:18.613151+00:00,interpolated,-847.0,637.0,-371.0
33.167524816,842358483578006488,842358483615786642,61,51,46409203000000,2026-09-10T12:27:18.613151+00:00,interpolated,-714.0,711.0,-391.0
33.186414893,842358483596896565,842358483615786642,61,52,46409203000000,2026-09-10T12:27:18.613151+00:00,interpolated,-597.0,729.0,-362.0
33.20530497,842358483615786642,842358483615786642,61,53,46409203000000,2026-09-10T12:27:18.613151+00:00,interpolated,-570.0,787.0,-353.0
33.224195612,842358483634677284,842358484560318742,64,0,46410312000000,2026-09-10T12:27:19.722384+00:00,interpolated,-577.0,882.0,-339.0
33.243086254,842358483653567926,842358484560318742,64,1,46410312000000,2026-09-10T12:27:19.722384+00:00,interpolated,-531.0,930.0,-324.0
33.261976896,842358483672458568,842358484560318742,64,2,46410312000000,2026-09-10T12:27:19.722384+00:00,interpolated,-500.0,977.0,-360.0
33.280867538,842358483691349210,842358484560318742,64,3,46410312000000,2026-09-10T12:27:19.722384+00:00,interpolated,-422.0,1066.0,-385.0
33.29975818,842358483710239852,842358484560318742,64,4,46410312000000,2026-09-10T12:27:19.722384+00:00,interpolated,-306.0,944.0,-334.0
33.318648822,842358483729130494,842358484560318742,64,5,46410312000000,2026-09-10T12:27:19.722384+00:00,interpolated,-302.0,932.0,-220.0
33.337539464,842358483748021136,842358484560318742,64,6,46410312000000,2026-09-10T12:27:19.722384+00:00,interpolated,-334.0,1065.0,-132.0
33.356430106,842358483766911778,842358484560318742,64,7,46410312000000,2026-09-10T12:27:19.722384+00:00,interpolated,-358.0,1049.0,-159.0
33.375320748,842358483785802420,842358484560318742,64,8,46410312000000,2026-09-10T12:27:19.722384+00:00,interpolated,-311.0,949.0,-260.0
33.39421139,842358483804693062,842358484560318742,64,9,46410312000000,2026-09-10T12:27:19.722384+00:00,interpolated,-324.0,795.0,-289.0
33.413102032,842358483823583704,842358484560318742,64,10,46410312000000,2026-09-10T12:27:19.722384+00:00,interpolated,-342.0,631.0,-84.0
33.431992674,842358483842474346,842358484560318742,64,11,46410312000000,2026-09-10T12:27:19.722384+00:00,interpolated,-371.0,602.0,-7.0
33.450883316,842358483861364988,842358484560318742,64,12,46410312000000,2026-09-10T12:27:19.722384+00:00,interpolated,-419.0,648.0,-139.0
33.469773958,842358483880255630,842358484560318742,64,13,46410312000000,2026-09-10T12:27:19.722384+00:00,interpolated,-306.0,817.0,-491.0
33.4886646,842358483899146272,842358484560318742,64,14,46410312000000,2026-09-10T12:27:19.722384+00:00,interpolated,17.0,1062.0,-754.0
33.507555242,842358483918036914,842358484560318742,64,15,46410312000000,2026-09-10T12:27:19.722384+00:00,interpolated,-92.0,957.0,-733.0
33.526445884,842358483936927556,842358484560318742,64,16,46410312000000,2026-09-10T12:27:19.722384+00:00,interpolated,-652.0,664.0,-437.0
33.545336526,842358483955818198,842358484560318742,64,17,46410312000000,2026-09-10T12:27:19.722384+00:00,interpolated,-967.0,583.0,-456.0
33.564227168,842358483974708840,842358484560318742,64,18,46410312000000,2026-09-10T12:27:19.722384+00:00,interpolated,-714.0,547.0,-536.0
33.58311781,842358483993599482,842358484560318742,64,19,46410312000000,2026-09-10T12:27:19.722384+00:00,interpolated,-364.0,700.0,-233.0
33.602008452,842358484012490124,842358484560318742,64,20,46410312000000,2026-09-10T12:27:19.722384+00:00,interpolated,-32.0,1042.0,-89.0
33.620899094,842358484031380766,842358484560318742,64,21,46410312000000,2026-09-10T12:27:19.722384+00:00,interpolated,-71.0,1131.0,-333.0
33.639789736,842358484050271408,842358484560318742,64,22,46410312000000,2026-09-10T12:27:19.722384+00:00,interpolated,-88.0,793.0,-219.0
33.658680378,842358484069162050,842358484560318742,64,23,46410312000000,2026-09-10T12:27:19.722384+00:00,interpolated,-432.0,1080.0,-132.0
33.67757102,842358484088052692,842358484560318742,64,24,46410312000000,2026-09-10T12:27:19.722384+00:00,interpolated,-549.0,1197.0,-238.0
33.696461662,842358484106943334,842358484560318742,64,25,46410312000000,2026-09-10T12:27:19.722384+00:00,interpolated,-453.0,814.0,-443.0
33.715352304,842358484125833976,842358484560318742,64,26,46410312000000,2026-09-10T12:27:19.722384+00:00,interpolated,-189.0,628.0,157.0
33.734242946,842358484144724618,842358484560318742,64,27,46410312000000,2026-09-10T12:27:19.722384+00:00,interpolated,-409.0,890.0,-204.0
33.753133588,842358484163615260,842358484560318742,64,28,46410312000000,2026-09-10T12:27:19.722384+00:00,interpolated,-578.0,769.0,-399.0
33.77202423,842358484182505902,842358484560318742,64,29,46410312000000,2026-09-10T12:27:19.722384+00:00,interpolated,-588.0,638.0,-277.0
33.790914872,842358484201396544,842358484560318742,64,30,46410312000000,2026-09-10T12:27:19.722384+00:00,interpolated,-432.0,798.0,-323.0
33.809805514,842358484220287186,842358484560318742,64,31,46410312000000,2026-09-10T12:27:19.722384+00:00,interpolated,-940.0,752.0,-90.0
33.828696156,842358484239177828,842358484560318742,64,32,46410312000000,2026-09-10T12:27:19.722384+00:00,interpolated,-1079.0,748.0,-227.0
33.847586798,842358484258068470,842358484560318742,64,33,46410312000000,2026-09-10T12:27:19.722384+00:00,interpolated,-659.0,723.0,-513.0
33.86647744,842358484276959112,842358484560318742,64,34,46410312000000,2026-09-10T12:27:19.722384+00:00,interpolated,-588.0,833.0,-554.0
33.885368082,842358484295849754,842358484560318742,64,35,46410312000000,2026-09-10T12:27:19.722384+00:00,interpolated,-424.0,541.0,-312.0
33.904258724,842358484314740396,842358484560318742,64,36,46410312000000,2026-09-10T12:27:19.722384+00:00,interpolated,-737.0,415.0,-293.0
33.923149366,842358484333631038,842358484560318742,64,37,46410312000000,2026-09-10T12:27:19.722384+00:00,interpolated,-861.0,669.0,-463.0
33.942040008,842358484352521680,842358484560318742,64,38,46410312000000,2026-09-10T12:27:19.722384+00:00,interpolated,-915.0,730.0,-575.0
33.96093065,842358484371412322,842358484560318742,64,39,46410312000000,2026-09-10T12:27:19.722384+00:00,interpolated,-657.0,558.0,-416.0
33.979821292,842358484390302964,842358484560318742,64,40,46410312000000,2026-09-10T12:27:19.722384+00:00,interpolated,-1040.0,659.0,-192.0
33.998711934,842358484409193606,842358484560318742,64,41,46410312000000,2026-09-10T12:27:19.722384+00:00,interpolated,-1199.0,432.0,-355.0
34.017602576,842358484428084248,842358484560318742,64,42,46410312000000,2026-09-10T12:27:19.722384+00:00,interpolated,-1157.0,192.0,-618.0
34.036493218,842358484446974890,842358484560318742,64,43,46410312000000,2026-09-10T12:27:19.722384+00:00,interpolated,-995.0,251.0,-560.0
34.05538386,842358484465865532,842358484560318742,64,44,46410312000000,2026-09-10T12:27:19.722384+00:00,interpolated,-928.0,317.0,-548.0
34.074274502,842358484484756174,842358484560318742,64,45,46410312000000,2026-09-10T12:27:19.722384+00:00,interpolated,-958.0,289.0,-759.0
34.093165144,842358484503646816,842358484560318742,64,46,46410312000000,2026-09-10T12:27:19.722384+00:00,interpolated,-823.0,367.0,-704.0
34.112055786,842358484522537458,842358484560318742,64,47,46410312000000,2026-09-10T12:27:19.722384+00:00,interpolated,-995.0,415.0,-441.0
34.130946428,842358484541428100,842358484560318742,64,48,46410312000000,2026-09-10T12:27:19.722384+00:00,interpolated,-1133.0,328.0,-457.0
34.14983707,842358484560318742,842358484560318742,64,49,46410312000000,2026-09-10T12:27:19.722384+00:00,interpolated,-1230.0,280.0,-589.0
34.168727114,842358484579208786,842358485523710966,67,0,46411593000000,2026-09-10T12:27:21.011969+00:00,interpolated,-1105.0,283.0,-604.0
34.187617157,842358484598098829,842358485523710966,67,1,46411593000000,2026-09-10T12:27:21.011969+00:00,interpolated,-891.0,323.0,-608.0
34.206507201,842358484616988873,842358485523710966,67,2,46411593000000,2026-09-10T12:27:21.011969+00:00,interpolated,-834.0,298.0,-526.0
34.225397244,842358484635878916,842358485523710966,67,3,46411593000000,2026-09-10T12:27:21.011969+00:00,interpolated,-950.0,246.0,-473.0
34.244287288,842358484654768960,842358485523710966,67,4,46411593000000,2026-09-10T12:27:21.011969+00:00,interpolated,-1004.0,314.0,-480.0
34.263177332,842358484673659004,842358485523710966,67,5,46411593000000,2026-09-10T12:27:21.011969+00:00,interpolated,-966.0,362.0,-490.0
34.282067375,842358484692549047,842358485523710966,67,6,46411593000000,2026-09-10T12:27:21.011969+00:00,interpolated,-939.0,362.0,-525.0
34.300957419,842358484711439091,842358485523710966,67,7,46411593000000,2026-09-10T12:27:21.011969+00:00,interpolated,-937.0,423.0,-489.0
34.319847462,842358484730329134,842358485523710966,67,8,46411593000000,2026-09-10T12:27:21.011969+00:00,interpolated,-922.0,481.0,-491.0
34.338737506,842358484749219178,842358485523710966,67,9,46411593000000,2026-09-10T12:27:21.011969+00:00,interpolated,-880.0,485.0,-493.0
34.35762755,842358484768109222,842358485523710966,67,10,46411593000000,2026-09-10T12:27:21.011969+00:00,interpolated,-786.0,472.0,-504.0
34.376517593,842358484786999265,842358485523710966,67,11,46411593000000,2026-09-10T12:27:21.011969+00:00,interpolated,-809.0,439.0,-466.0
34.395407637,842358484805889309,842358485523710966,67,12,46411593000000,2026-09-10T12:27:21.011969+00:00,interpolated,-895.0,428.0,-362.0
34.414297681,842358484824779353,842358485523710966,67,13,46411593000000,2026-09-10T12:27:21.011969+00:00,interpolated,-987.0,463.0,-309.0
34.433187724,842358484843669396,842358485523710966,67,14,46411593000000,2026-09-10T12:27:21.011969+00:00,interpolated,-928.0,641.0,-289.0
34.452077768,842358484862559440,842358485523710966,67,15,46411593000000,2026-09-10T12:27:21.011969+00:00,interpolated,-880.0,750.0,-312.0
34.470967811,842358484881449483,842358485523710966,67,16,46411593000000,2026-09-10T12:27:21.011969+00:00,interpolated,-757.0,734.0,-303.0
34.489857855,842358484900339527,842358485523710966,67,17,46411593000000,2026-09-10T12:27:21.011969+00:00,interpolated,-643.0,691.0,-268.0
34.508747899,842358484919229571,842358485523710966,67,18,46411593000000,2026-09-10T12:27:21.011969+00:00,interpolated,-564.0,800.0,-262.0
34.527637942,842358484938119614,842358485523710966,67,19,46411593000000,2026-09-10T12:27:21.011969+00:00,interpolated,-558.0,923.0,-294.0
34.546527986,842358484957009658,842358485523710966,67,20,46411593000000,2026-09-10T12:27:21.011969+00:00,interpolated,-439.0,995.0,-342.0
34.565418029,842358484975899701,842358485523710966,67,21,46411593000000,2026-09-10T12:27:21.011969+00:00,interpolated,-272.0,1078.0,-291.0
34.584308073,842358484994789745,842358485523710966,67,22,46411593000000,2026-09-10T12:27:21.011969+00:00,interpolated,-151.0,1185.0,-259.0
34.603198117,842358485013679789,842358485523710966,67,23,46411593000000,2026-09-10T12:27:21.011969+00:00,interpolated,-123.0,1184.0,-318.0
34.62208816,842358485032569832,842358485523710966,67,24,46411593000000,2026-09-10T12:27:21.011969+00:00,interpolated,-16.0,1150.0,-318.0
34.640978204,842358485051459876,842358485523710966,67,25,46411593000000,2026-09-10T12:27:21.011969+00:00,interpolated,60.0,993.0,-244.0
34.659868247,842358485070349919,842358485523710966,67,26,46411593000000,2026-09-10T12:27:21.011969+00:00,interpolated,-95.0,681.0,-186.0
34.678758291,842358485089239963,842358485523710966,67,27,46411593000000,2026-09-10T12:27:21.011969+00:00,interpolated,-434.0,402.0,-133.0
34.697648335,842358485108130007,842358485523710966,67,28,46411593000000,2026-09-10T12:27:21.011969+00:00,interpolated,-708.0,368.0,-318.0
34.716538378,842358485127020050,842358485523710966,67,29,46411593000000,2026-09-10T12:27:21.011969+00:00,interpolated,-600.0,619.0,-699.0
34.735428422,842358485145910094,842358485523710966,67,30,46411593000000,2026-09-10T12:27:21.011969+00:00,interpolated,-274.0,970.0,-773.0
34.754318465,842358485164800137,842358485523710966,67,31,46411593000000,2026-09-10T12:27:21.011969+00:00,interpolated,-418.0,860.0,-724.0
34.773208509,842358485183690181,842358485523710966,67,32,46411593000000,2026-09-10T12:27:21.011969+00:00,interpolated,-680.0,707.0,-642.0
34.792098553,842358485202580225,842358485523710966,67,33,46411593000000,2026-09-10T12:27:21.011969+00:00,interpolated,-598.0,668.0,-601.0
34.810988596,842358485221470268,842358485523710966,67,34,46411593000000,2026-09-10T12:27:21.011969+00:00,interpolated,-446.0,578.0,-573.0
34.82987864,842358485240360312,842358485523710966,67,35,46411593000000,2026-09-10T12:27:21.011969+00:00,interpolated,-213.0,648.0,-514.0
34.848768683,842358485259250355,842358485523710966,67,36,46411593000000,2026-09-10T12:27:21.011969+00:00,interpolated,-67.0,832.0,49.0
34.867658727,842358485278140399,842358485523710966,67,37,46411593000000,2026-09-10T12:27:21.011969+00:00,interpolated,-203.0,784.0,-47.0
34.886548771,842358485297030443,842358485523710966,67,38,46411593000000,2026-09-10T12:27:21.011969+00:00,interpolated,-496.0,924.0,-188.0
34.905438814,842358485315920486,842358485523710966,67,39,46411593000000,2026-09-10T12:27:21.011969+00:00,interpolated,-553.0,1169.0,-502.0
34.924328858,842358485334810530,842358485523710966,67,40,46411593000000,2026-09-10T12:27:21.011969+00:00,interpolated,-349.0,1013.0,-357.0
34.943218902,842358485353700574,842358485523710966,67,41,46411593000000,2026-09-10T12:27:21.011969+00:00,interpolated,-135.0,890.0,162.0
34.962108945,842358485372590617,842358485523710966,67,42,46411593000000,2026-09-10T12:27:21.011969+00:00,interpolated,-405.0,997.0,-238.0
34.980998989,842358485391480661,842358485523710966,67,43,46411593000000,2026-09-10T12:27:21.011969+00:00,interpolated,-530.0,662.0,-231.0
34.999889032,842358485410370704,842358485523710966,67,44,46411593000000,2026-09-10T12:27:21.011969+00:00,interpolated,-365.0,436.0,-310.0
35.018779076,842358485429260748,842358485523710966,67,45,46411593000000,2026-09-10T12:27:21.011969+00:00,interpolated,-865.0,793.0,-99.0
35.03766912,842358485448150792,842358485523710966,67,46,46411593000000,2026-09-10T12:27:21.011969+00:00,interpolated,-945.0,765.0,-263.0
35.056559163,842358485467040835,842358485523710966,67,47,46411593000000,2026-09-10T12:27:21.011969+00:00,interpolated,-903.0,683.0,-497.0
35.075449207,842358485485930879,842358485523710966,67,48,46411593000000,2026-09-10T12:27:21.011969+00:00,interpolated,-719.0,833.0,-380.0
35.09433925,842358485504820922,842358485523710966,67,49,46411593000000,2026-09-10T12:27:21.011969+00:00,interpolated,-764.0,812.0,-225.0
35.113229294,842358485523710966,842358485523710966,67,50,46411593000000,2026-09-10T12:27:21.011969+00:00,interpolated,-749.0,517.0,-342.0
35.132119936,842358485542601608,842358486524914992,70,0,46412203000000,2026-09-10T12:27:21.612560+00:00,interpolated,-764.0,323.0,-359.0
35.151010578,842358485561492250,842358486524914992,70,1,46412203000000,2026-09-10T12:27:21.612560+00:00,interpolated,-1124.0,559.0,-253.0
35.16990122,842358485580382892,842358486524914992,70,2,46412203000000,2026-09-10T12:27:21.612560+00:00,interpolated,-1210.0,648.0,-461.0
35.188791862,842358485599273534,842358486524914992,70,3,46412203000000,2026-09-10T12:27:21.612560+00:00,interpolated,-891.0,457.0,-643.0
35.207682504,842358485618164176,842358486524914992,70,4,46412203000000,2026-09-10T12:27:21.612560+00:00,interpolated,-710.0,142.0,-439.0
35.226573146,842358485637054818,842358486524914992,70,5,46412203000000,2026-09-10T12:27:21.612560+00:00,interpolated,-1062.0,351.0,-368.0
35.245463788,842358485655945460,842358486524914992,70,6,46412203000000,2026-09-10T12:27:21.612560+00:00,interpolated,-1185.0,272.0,-572.0
35.26435443,842358485674836102,842358486524914992,70,7,46412203000000,2026-09-10T12:27:21.612560+00:00,interpolated,-1049.0,274.0,-743.0
35.283245072,842358485693726744,842358486524914992,70,8,46412203000000,2026-09-10T12:27:21.612560+00:00,interpolated,-856.0,423.0,-603.0
35.302135714,842358485712617386,842358486524914992,70,9,46412203000000,2026-09-10T12:27:21.612560+00:00,interpolated,-937.0,290.0,-590.0
35.321026356,842358485731508028,842358486524914992,70,10,46412203000000,2026-09-10T12:27:21.612560+00:00,interpolated,-1089.0,118.0,-636.0
35.339916998,842358485750398670,842358486524914992,70,11,46412203000000,2026-09-10T12:27:21.612560+00:00,interpolated,-1168.0,124.0,-718.0
35.35880764,842358485769289312,842358486524914992,70,12,46412203000000,2026-09-10T12:27:21.612560+00:00,interpolated,-1056.0,164.0,-580.0
35.377698282,842358485788179954,842358486524914992,70,13,46412203000000,2026-09-10T12:27:21.612560+00:00,interpolated,-1036.0,212.0,-535.0
35.396588924,842358485807070596,842358486524914992,70,14,46412203000000,2026-09-10T12:27:21.612560+00:00,interpolated,-1008.0,202.0,-504.0
35.415479566,842358485825961238,842358486524914992,70,15,46412203000000,2026-09-10T12:27:21.612560+00:00,interpolated,-1049.0,159.0,-577.0
35.434370208,842358485844851880,842358486524914992,70,16,46412203000000,2026-09-10T12:27:21.612560+00:00,interpolated,-947.0,212.0,-549.0
35.45326085,842358485863742522,842358486524914992,70,17,46412203000000,2026-09-10T12:27:21.612560+00:00,interpolated,-863.0,314.0,-492.0
35.472151492,842358485882633164,842358486524914992,70,18,46412203000000,2026-09-10T12:27:21.612560+00:00,interpolated,-836.0,397.0,-454.0
35.491042134,842358485901523806,842358486524914992,70,19,46412203000000,2026-09-10T12:27:21.612560+00:00,interpolated,-1016.0,320.0,-491.0
35.509932776,842358485920414448,842358486524914992,70,20,46412203000000,2026-09-10T12:27:21.612560+00:00,interpolated,-926.0,360.0,-521.0
35.528823418,842358485939305090,842358486524914992,70,21,46412203000000,2026-09-10T12:27:21.612560+00:00,interpolated,-881.0,474.0,-540.0
35.54771406,842358485958195732,842358486524914992,70,22,46412203000000,2026-09-10T12:27:21.612560+00:00,interpolated,-811.0,566.0,-536.0
35.566604702,842358485977086374,842358486524914992,70,23,46412203000000,2026-09-10T12:27:21.612560+00:00,interpolated,-792.0,543.0,-417.0
35.585495344,842358485995977016,842358486524914992,70,24,46412203000000,2026-09-10T12:27:21.612560+00:00,interpolated,-850.0,463.0,-378.0
35.604385986,842358486014867658,842358486524914992,70,25,46412203000000,2026-09-10T12:27:21.612560+00:00,interpolated,-920.0,492.0,-378.0
35.623276628,842358486033758300,842358486524914992,70,26,46412203000000,2026-09-10T12:27:21.612560+00:00,interpolated,-855.0,603.0,-411.0
35.64216727,842358486052648942,842358486524914992,70,27,46412203000000,2026-09-10T12:27:21.612560+00:00,interpolated,-785.0,659.0,-393.0
35.661057912,842358486071539584,842358486524914992,70,28,46412203000000,2026-09-10T12:27:21.612560+00:00,interpolated,-652.0,685.0,-355.0
35.679948554,842358486090430226,842358486524914992,70,29,46412203000000,2026-09-10T12:27:21.612560+00:00,interpolated,-614.0,751.0,-355.0
35.698839196,842358486109320868,842358486524914992,70,30,46412203000000,2026-09-10T12:27:21.612560+00:00,interpolated,-575.0,860.0,-367.0
35.717729838,842358486128211510,842358486524914992,70,31,46412203000000,2026-09-10T12:27:21.612560+00:00,interpolated,-523.0,934.0,-357.0
35.73662048,842358486147102152,842358486524914992,70,32,46412203000000,2026-09-10T12:27:21.612560+00:00,interpolated,-500.0,984.0,-329.0
35.755511122,842358486165992794,842358486524914992,70,33,46412203000000,2026-09-10T12:27:21.612560+00:00,interpolated,-425.0,983.0,-345.0
35.774401764,842358486184883436,842358486524914992,70,34,46412203000000,2026-09-10T12:27:21.612560+00:00,interpolated,-441.0,928.0,-300.0
35.793292406,842358486203774078,842358486524914992,70,35,46412203000000,2026-09-10T12:27:21.612560+00:00,interpolated,-416.0,1006.0,-233.0
35.812183048,842358486222664720,842358486524914992,70,36,46412203000000,2026-09-10T12:27:21.612560+00:00,interpolated,-340.0,1117.0,-219.0
35.83107369,842358486241555362,842358486524914992,70,37,46412203000000,2026-09-10T12:27:21.612560+00:00,interpolated,-334.0,1102.0,-176.0
35.849964332,842358486260446004,842358486524914992,70,38,46412203000000,2026-09-10T12:27:21.612560+00:00,interpolated,-238.0,1003.0,-144.0
35.868854974,842358486279336646,842358486524914992,70,39,46412203000000,2026-09-10T12:27:21.612560+00:00,interpolated,-143.0,930.0,-75.0
35.887745616,842358486298227288,842358486524914992,70,40,46412203000000,2026-09-10T12:27:21.612560+00:00,interpolated,-209.0,724.0,-8.0
35.906636258,842358486317117930,842358486524914992,70,41,46412203000000,2026-09-10T12:27:21.612560+00:00,interpolated,-302.0,539.0,-64.0
35.9255269,842358486336008572,842358486524914992,70,42,46412203000000,2026-09-10T12:27:21.612560+00:00,interpolated,-304.0,520.0,-426.0
35.944417542,842358486354899214,842358486524914992,70,43,46412203000000,2026-09-10T12:27:21.612560+00:00,interpolated,-91.0,858.0,-993.0
35.963308184,842358486373789856,842358486524914992,70,44,46412203000000,2026-09-10T12:27:21.612560+00:00,interpolated,-34.0,1101.0,-1091.0
35.982198826,842358486392680498,842358486524914992,70,45,46412203000000,2026-09-10T12:27:21.612560+00:00,interpolated,-354.0,670.0,-683.0
36.001089468,842358486411571140,842358486524914992,70,46,46412203000000,2026-09-10T12:27:21.612560+00:00,interpolated,-761.0,518.0,-273.0
36.01998011,842358486430461782,842358486524914992,70,47,46412203000000,2026-09-10T12:27:21.612560+00:00,interpolated,-794.0,667.0,-403.0
36.038870752,842358486449352424,842358486524914992,70,48,46412203000000,2026-09-10T12:27:21.612560+00:00,interpolated,-584.0,738.0,-554.0
36.057761394,842358486468243066,842358486524914992,70,49,46412203000000,2026-09-10T12:27:21.612560+00:00,interpolated,-255.0,762.0,-458.0
36.076652036,842358486487133708,842358486524914992,70,50,46412203000000,2026-09-10T12:27:21.612560+00:00,interpolated,-133.0,933.0,-134.0
36.095542678,842358486506024350,842358486524914992,70,51,46412203000000,2026-09-10T12:27:21.612560+00:00,interpolated,-381.0,866.0,-280.0
36.11443332,842358486524914992,842358486524914992,70,52,46412203000000,2026-09-10T12:27:21.612560+00:00,interpolated,-262.0,821.0,-516.0
36.133323427,842358486543805099,842358487601651068,73,0,46413406000000,2026-09-10T12:27:22.813055+00:00,interpolated,-580.0,1176.0,359.0
36.152213533,842358486562695205,842358487601651068,73,1,46413406000000,2026-09-10T12:27:22.813055+00:00,interpolated,-467.0,1254.0,-53.0
36.17110364,842358486581585312,842358487601651068,73,2,46413406000000,2026-09-10T12:27:22.813055+00:00,interpolated,-530.0,872.0,-356.0
36.189993746,842358486600475418,842358487601651068,73,3,46413406000000,2026-09-10T12:27:22.813055+00:00,interpolated,-112.0,623.0,-242.0
36.208883853,842358486619365525,842358487601651068,73,4,46413406000000,2026-09-10T12:27:22.813055+00:00,interpolated,-92.0,836.0,-203.0
36.22777396,842358486638255632,842358487601651068,73,5,46413406000000,2026-09-10T12:27:22.813055+00:00,interpolated,-418.0,661.0,-300.0
36.246664066,842358486657145738,842358487601651068,73,6,46413406000000,2026-09-10T12:27:22.813055+00:00,interpolated,-773.0,827.0,-310.0
36.265554173,842358486676035845,842358487601651068,73,7,46413406000000,2026-09-10T12:27:22.813055+00:00,interpolated,-544.0,908.0,-269.0
36.284444279,842358486694925951,842358487601651068,73,8,46413406000000,2026-09-10T12:27:22.813055+00:00,interpolated,-384.0,994.0,-184.0
36.303334386,842358486713816058,842358487601651068,73,9,46413406000000,2026-09-10T12:27:22.813055+00:00,interpolated,-698.0,971.0,-245.0
36.322224493,842358486732706165,842358487601651068,73,10,46413406000000,2026-09-10T12:27:22.813055+00:00,interpolated,-777.0,702.0,-468.0
36.341114599,842358486751596271,842358487601651068,73,11,46413406000000,2026-09-10T12:27:22.813055+00:00,interpolated,-678.0,524.0,-470.0
36.360004706,842358486770486378,842358487601651068,73,12,46413406000000,2026-09-10T12:27:22.813055+00:00,interpolated,-753.0,719.0,-433.0
36.378894812,842358486789376484,842358487601651068,73,13,46413406000000,2026-09-10T12:27:22.813055+00:00,interpolated,-799.0,648.0,-413.0
36.397784919,842358486808266591,842358487601651068,73,14,46413406000000,2026-09-10T12:27:22.813055+00:00,interpolated,-890.0,616.0,-350.0
36.416675026,842358486827156698,842358487601651068,73,15,46413406000000,2026-09-10T12:27:22.813055+00:00,interpolated,-892.0,568.0,-297.0
36.435565132,842358486846046804,842358487601651068,73,16,46413406000000,2026-09-10T12:27:22.813055+00:00,interpolated,-994.0,448.0,-278.0
36.454455239,842358486864936911,842358487601651068,73,17,46413406000000,2026-09-10T12:27:22.813055+00:00,interpolated,-1092.0,106.0,-525.0
36.473345345,842358486883827017,842358487601651068,73,18,46413406000000,2026-09-10T12:27:22.813055+00:00,interpolated,-937.0,140.0,-549.0
36.492235452,842358486902717124,842358487601651068,73,19,46413406000000,2026-09-10T12:27:22.813055+00:00,interpolated,-778.0,214.0,-666.0
36.511125559,842358486921607231,842358487601651068,73,20,46413406000000,2026-09-10T12:27:22.813055+00:00,interpolated,-939.0,464.0,-434.0
36.530015665,842358486940497337,842358487601651068,73,21,46413406000000,2026-09-10T12:27:22.813055+00:00,interpolated,-1188.0,422.0,-447.0
36.548905772,842358486959387444,842358487601651068,73,22,46413406000000,2026-09-10T12:27:22.813055+00:00,interpolated,-1292.0,171.0,-626.0
36.567795878,842358486978277550,842358487601651068,73,23,46413406000000,2026-09-10T12:27:22.813055+00:00,interpolated,-1174.0,119.0,-633.0
36.586685985,842358486997167657,842358487601651068,73,24,46413406000000,2026-09-10T12:27:22.813055+00:00,interpolated,-1033.0,354.0,-569.0
36.605576092,842358487016057764,842358487601651068,73,25,46413406000000,2026-09-10T12:27:22.813055+00:00,interpolated,-940.0,247.0,-558.0
36.624466198,842358487034947870,842358487601651068,73,26,46413406000000,2026-09-10T12:27:22.813055+00:00,interpolated,-1029.0,132.0,-574.0
36.643356305,842358487053837977,842358487601651068,73,27,46413406000000,2026-09-10T12:27:22.813055+00:00,interpolated,-1033.0,154.0,-620.0
36.662246411,842358487072728083,842358487601651068,73,28,46413406000000,2026-09-10T12:27:22.813055+00:00,interpolated,-1055.0,281.0,-558.0
36.681136518,842358487091618190,842358487601651068,73,29,46413406000000,2026-09-10T12:27:22.813055+00:00,interpolated,-1057.0,297.0,-536.0
36.700026624,842358487110508296,842358487601651068,73,30,46413406000000,2026-09-10T12:27:22.813055+00:00,interpolated,-1005.0,245.0,-575.0
36.718916731,842358487129398403,842358487601651068,73,31,46413406000000,2026-09-10T12:27:22.813055+00:00,interpolated,-925.0,243.0,-536.0
36.737806838,842358487148288510,842358487601651068,73,32,46413406000000,2026-09-10T12:27:22.813055+00:00,interpolated,-868.0,246.0,-494.0
36.756696944,842358487167178616,842358487601651068,73,33,46413406000000,2026-09-10T12:27:22.813055+00:00,interpolated,-909.0,273.0,-483.0
36.775587051,842358487186068723,842358487601651068,73,34,46413406000000,2026-09-10T12:27:22.813055+00:00,interpolated,-989.0,325.0,-472.0
36.794477157,842358487204958829,842358487601651068,73,35,46413406000000,2026-09-10T12:27:22.813055+00:00,interpolated,-961.0,353.0,-517.0
36.813367264,842358487223848936,842358487601651068,73,36,46413406000000,2026-09-10T12:27:22.813055+00:00,interpolated,-832.0,416.0,-538.0
36.832257371,842358487242739043,842358487601651068,73,37,46413406000000,2026-09-10T12:27:22.813055+00:00,interpolated,-687.0,541.0,-557.0
36.851147477,842358487261629149,842358487601651068,73,38,46413406000000,2026-09-10T12:27:22.813055+00:00,interpolated,-759.0,559.0,-446.0
36.870037584,842358487280519256,842358487601651068,73,39,46413406000000,2026-09-10T12:27:22.813055+00:00,interpolated,-859.0,444.0,-426.0
36.88892769,842358487299409362,842358487601651068,73,40,46413406000000,2026-09-10T12:27:22.813055+00:00,interpolated,-924.0,507.0,-450.0
36.907817797,842358487318299469,842358487601651068,73,41,46413406000000,2026-09-10T12:27:22.813055+00:00,interpolated,-847.0,603.0,-514.0
36.926707904,842358487337189576,842358487601651068,73,42,46413406000000,2026-09-10T12:27:22.813055+00:00,interpolated,-696.0,628.0,-473.0
36.94559801,842358487356079682,842358487601651068,73,43,46413406000000,2026-09-10T12:27:22.813055+00:00,interpolated,-628.0,654.0,-440.0
36.964488117,842358487374969789,842358487601651068,73,44,46413406000000,2026-09-10T12:27:22.813055+00:00,interpolated,-607.0,759.0,-365.0
36.983378223,842358487393859895,842358487601651068,73,45,46413406000000,2026-09-10T12:27:22.813055+00:00,interpolated,-612.0,794.0,-322.0
37.00226833,842358487412750002,842358487601651068,73,46,46413406000000,2026-09-10T12:27:22.813055+00:00,interpolated,-591.0,840.0,-364.0
37.021158437,842358487431640109,842358487601651068,73,47,46413406000000,2026-09-10T12:27:22.813055+00:00,interpolated,-564.0,962.0,-379.0
37.040048543,842358487450530215,842358487601651068,73,48,46413406000000,2026-09-10T12:27:22.813055+00:00,interpolated,-451.0,994.0,-366.0
37.05893865,842358487469420322,842358487601651068,73,49,46413406000000,2026-09-10T12:27:22.813055+00:00,interpolated,-459.0,951.0,-248.0
37.077828756,842358487488310428,842358487601651068,73,50,46413406000000,2026-09-10T12:27:22.813055+00:00,interpolated,-382.0,1056.0,-108.0
37.096718863,842358487507200535,842358487601651068,73,51,46413406000000,2026-09-10T12:27:22.813055+00:00,interpolated,-462.0,1131.0,-175.0
37.11560897,842358487526090642,842358487601651068,73,52,46413406000000,2026-09-10T12:27:22.813055+00:00,interpolated,-262.0,1177.0,-340.0
37.134499076,842358487544980748,842358487601651068,73,53,46413406000000,2026-09-10T12:27:22.813055+00:00,interpolated,-45.0,1139.0,-258.0
37.153389183,842358487563870855,842358487601651068,73,54,46413406000000,2026-09-10T12:27:22.813055+00:00,interpolated,-17.0,974.0,-201.0
37.172279289,842358487582760961,842358487601651068,73,55,46413406000000,2026-09-10T12:27:22.813055+00:00,interpolated,-142.0,789.0,-103.0
37.191169396,842358487601651068,842358487601651068,73,56,46413406000000,2026-09-10T12:27:22.813055+00:00,interpolated,-280.0,624.0,-6.0
37.210060038,842358487620541710,842358488621745736,76,0,46414515000000,2026-09-10T12:27:23.922637+00:00,interpolated,-340.0,521.0,-83.0
37.22895068,842358487639432352,842358488621745736,76,1,46414515000000,2026-09-10T12:27:23.922637+00:00,interpolated,-226.0,626.0,-516.0
37.247841322,842358487658322994,842358488621745736,76,2,46414515000000,2026-09-10T12:27:23.922637+00:00,interpolated,-130.0,894.0,-964.0
37.266731964,842358487677213636,842358488621745736,76,3,46414515000000,2026-09-10T12:27:23.922637+00:00,interpolated,-634.0,862.0,-1061.0
37.285622606,842358487696104278,842358488621745736,76,4,46414515000000,2026-09-10T12:27:23.922637+00:00,interpolated,-1021.0,579.0,-719.0
37.304513248,842358487714994920,842358488621745736,76,5,46414515000000,2026-09-10T12:27:23.922637+00:00,interpolated,-917.0,656.0,-544.0
37.32340389,842358487733885562,842358488621745736,76,6,46414515000000,2026-09-10T12:27:23.922637+00:00,interpolated,-587.0,716.0,-482.0
37.342294532,842358487752776204,842358488621745736,76,7,46414515000000,2026-09-10T12:27:23.922637+00:00,interpolated,-185.0,666.0,-609.0
37.361185174,842358487771666846,842358488621745736,76,8,46414515000000,2026-09-10T12:27:23.922637+00:00,interpolated,-179.0,769.0,185.0
37.380075816,842358487790557488,842358488621745736,76,9,46414515000000,2026-09-10T12:27:23.922637+00:00,interpolated,-204.0,1059.0,-44.0
37.398966458,842358487809448130,842358488621745736,76,10,46414515000000,2026-09-10T12:27:23.922637+00:00,interpolated,-499.0,992.0,-250.0
37.4178571,842358487828338772,842358488621745736,76,11,46414515000000,2026-09-10T12:27:23.922637+00:00,interpolated,-356.0,604.0,-637.0
37.436747742,842358487847229414,842358488621745736,76,12,46414515000000,2026-09-10T12:27:23.922637+00:00,interpolated,-202.0,774.0,-140.0
37.455638384,842358487866120056,842358488621745736,76,13,46414515000000,2026-09-10T12:27:23.922637+00:00,interpolated,-110.0,1249.0,-202.0
37.474529026,842358487885010698,842358488621745736,76,14,46414515000000,2026-09-10T12:27:23.922637+00:00,interpolated,-293.0,1015.0,-298.0
37.493419668,842358487903901340,842358488621745736,76,15,46414515000000,2026-09-10T12:27:23.922637+00:00,interpolated,-244.0,793.0,-434.0
37.51231031,842358487922791982,842358488621745736,76,16,46414515000000,2026-09-10T12:27:23.922637+00:00,interpolated,-290.0,864.0,-269.0
37.531200952,842358487941682624,842358488621745736,76,17,46414515000000,2026-09-10T12:27:23.922637+00:00,interpolated,-601.0,729.0,-38.0
37.550091594,842358487960573266,842358488621745736,76,18,46414515000000,2026-09-10T12:27:23.922637+00:00,interpolated,-845.0,740.0,-177.0
37.568982236,842358487979463908,842358488621745736,76,19,46414515000000,2026-09-10T12:27:23.922637+00:00,interpolated,-691.0,643.0,-111.0
37.587872878,842358487998354550,842358488621745736,76,20,46414515000000,2026-09-10T12:27:23.922637+00:00,interpolated,-876.0,1000.0,-189.0
37.60676352,842358488017245192,842358488621745736,76,21,46414515000000,2026-09-10T12:27:23.922637+00:00,interpolated,-752.0,917.0,-548.0
37.625654162,842358488036135834,842358488621745736,76,22,46414515000000,2026-09-10T12:27:23.922637+00:00,interpolated,-381.0,673.0,-594.0
37.644544804,842358488055026476,842358488621745736,76,23,46414515000000,2026-09-10T12:27:23.922637+00:00,interpolated,-698.0,615.0,-323.0
37.663435446,842358488073917118,842358488621745736,76,24,46414515000000,2026-09-10T12:27:23.922637+00:00,interpolated,-1171.0,640.0,-204.0
37.682326088,842358488092807760,842358488621745736,76,25,46414515000000,2026-09-10T12:27:23.922637+00:00,interpolated,-1146.0,375.0,-522.0
37.70121673,842358488111698402,842358488621745736,76,26,46414515000000,2026-09-10T12:27:23.922637+00:00,interpolated,-956.0,405.0,-651.0
37.720107372,842358488130589044,842358488621745736,76,27,46414515000000,2026-09-10T12:27:23.922637+00:00,interpolated,-753.0,650.0,-384.0
37.738998014,842358488149479686,842358488621745736,76,28,46414515000000,2026-09-10T12:27:23.922637+00:00,interpolated,-878.0,457.0,-368.0
37.757888656,842358488168370328,842358488621745736,76,29,46414515000000,2026-09-10T12:27:23.922637+00:00,interpolated,-919.0,204.0,-519.0
37.776779298,842358488187260970,842358488621745736,76,30,46414515000000,2026-09-10T12:27:23.922637+00:00,interpolated,-1062.0,364.0,-522.0
37.79566994,842358488206151612,842358488621745736,76,31,46414515000000,2026-09-10T12:27:23.922637+00:00,interpolated,-1149.0,295.0,-586.0
37.814560582,842358488225042254,842358488621745736,76,32,46414515000000,2026-09-10T12:27:23.922637+00:00,interpolated,-1052.0,95.0,-603.0
37.833451224,842358488243932896,842358488621745736,76,33,46414515000000,2026-09-10T12:27:23.922637+00:00,interpolated,-1047.0,322.0,-503.0
37.852341866,842358488262823538,842358488621745736,76,34,46414515000000,2026-09-10T12:27:23.922637+00:00,interpolated,-1188.0,292.0,-444.0
37.871232508,842358488281714180,842358488621745736,76,35,46414515000000,2026-09-10T12:27:23.922637+00:00,interpolated,-1207.0,97.0,-532.0
37.89012315,842358488300604822,842358488621745736,76,36,46414515000000,2026-09-10T12:27:23.922637+00:00,interpolated,-1124.0,109.0,-531.0
37.909013792,842358488319495464,842358488621745736,76,37,46414515000000,2026-09-10T12:27:23.922637+00:00,interpolated,-1033.0,194.0,-563.0
37.927904434,842358488338386106,842358488621745736,76,38,46414515000000,2026-09-10T12:27:23.922637+00:00,interpolated,-979.0,195.0,-508.0
37.946795076,842358488357276748,842358488621745736,76,39,46414515000000,2026-09-10T12:27:23.922637+00:00,interpolated,-984.0,190.0,-485.0
37.965685718,842358488376167390,842358488621745736,76,40,46414515000000,2026-09-10T12:27:23.922637+00:00,interpolated,-1006.0,258.0,-459.0
37.98457636,842358488395058032,842358488621745736,76,41,46414515000000,2026-09-10T12:27:23.922637+00:00,interpolated,-958.0,265.0,-568.0
38.003467002,842358488413948674,842358488621745736,76,42,46414515000000,2026-09-10T12:27:23.922637+00:00,interpolated,-886.0,311.0,-537.0
38.022357644,842358488432839316,842358488621745736,76,43,46414515000000,2026-09-10T12:27:23.922637+00:00,interpolated,-865.0,390.0,-496.0
38.041248286,842358488451729958,842358488621745736,76,44,46414515000000,2026-09-10T12:27:23.922637+00:00,interpolated,-896.0,406.0,-480.0
38.060138928,842358488470620600,842358488621745736,76,45,46414515000000,2026-09-10T12:27:23.922637+00:00,interpolated,-857.0,349.0,-466.0
38.07902957,842358488489511242,842358488621745736,76,46,46414515000000,2026-09-10T12:27:23.922637+00:00,interpolated,-818.0,332.0,-543.0
38.097920212,842358488508401884,842358488621745736,76,47,46414515000000,2026-09-10T12:27:23.922637+00:00,interpolated,-766.0,417.0,-625.0
38.116810854,842358488527292526,842358488621745736,76,48,46414515000000,2026-09-10T12:27:23.922637+00:00,interpolated,-682.0,535.0,-573.0
38.135701496,842358488546183168,842358488621745736,76,49,46414515000000,2026-09-10T12:27:23.922637+00:00,interpolated,-685.0,631.0,-526.0
38.154592138,842358488565073810,842358488621745736,76,50,46414515000000,2026-09-10T12:27:23.922637+00:00,interpolated,-819.0,588.0,-489.0
38.17348278,842358488583964452,842358488621745736,76,51,46414515000000,2026-09-10T12:27:23.922637+00:00,interpolated,-833.0,580.0,-501.0
38.192373422,842358488602855094,842358488621745736,76,52,46414515000000,2026-09-10T12:27:23.922637+00:00,interpolated,-820.0,619.0,-485.0
38.211264064,842358488621745736,842358488621745736,76,53,46414515000000,2026-09-10T12:27:23.922637+00:00,interpolated,-754.0,625.0,-443.0
38.230154189,842358488640635861,842358489736263096,80,0,46415640000000,2026-09-10T12:27:25.062150+00:00,interpolated,-710.0,669.0,-421.0
38.249044313,842358488659525985,842358489736263096,80,1,46415640000000,2026-09-10T12:27:25.062150+00:00,interpolated,-689.0,701.0,-449.0
38.267934438,842358488678416110,842358489736263096,80,2,46415640000000,2026-09-10T12:27:25.062150+00:00,interpolated,-648.0,697.0,-480.0
38.286824563,842358488697306235,842358489736263096,80,3,46415640000000,2026-09-10T12:27:25.062150+00:00,interpolated,-597.0,781.0,-404.0
38.305714688,842358488716196360,842358489736263096,80,4,46415640000000,2026-09-10T12:27:25.062150+00:00,interpolated,-677.0,783.0,-306.0
38.324604812,842358488735086484,842358489736263096,80,5,46415640000000,2026-09-10T12:27:25.062150+00:00,interpolated,-734.0,781.0,-300.0
38.343494937,842358488753976609,842358489736263096,80,6,46415640000000,2026-09-10T12:27:25.062150+00:00,interpolated,-699.0,808.0,-356.0
38.362385062,842358488772866734,842358489736263096,80,7,46415640000000,2026-09-10T12:27:25.062150+00:00,interpolated,-575.0,890.0,-342.0
38.381275187,842358488791756859,842358489736263096,80,8,46415640000000,2026-09-10T12:27:25.062150+00:00,interpolated,-465.0,915.0,-289.0
38.400165311,842358488810646983,842358489736263096,80,9,46415640000000,2026-09-10T12:27:25.062150+00:00,interpolated,-350.0,929.0,-258.0
38.419055436,842358488829537108,842358489736263096,80,10,46415640000000,2026-09-10T12:27:25.062150+00:00,interpolated,-432.0,963.0,-268.0
38.437945561,842358488848427233,842358489736263096,80,11,46415640000000,2026-09-10T12:27:25.062150+00:00,interpolated,-486.0,995.0,-168.0
38.456835686,842358488867317358,842358489736263096,80,12,46415640000000,2026-09-10T12:27:25.062150+00:00,interpolated,-429.0,982.0,-167.0
38.47572581,842358488886207482,842358489736263096,80,13,46415640000000,2026-09-10T12:27:25.062150+00:00,interpolated,-388.0,1031.0,-166.0
38.494615935,842358488905097607,842358489736263096,80,14,46415640000000,2026-09-10T12:27:25.062150+00:00,interpolated,-280.0,937.0,-289.0
38.51350606,842358488923987732,842358489736263096,80,15,46415640000000,2026-09-10T12:27:25.062150+00:00,interpolated,-159.0,839.0,-278.0
38.532396185,842358488942877857,842358489736263096,80,16,46415640000000,2026-09-10T12:27:25.062150+00:00,interpolated,-273.0,663.0,-243.0
38.551286309,842358488961767981,842358489736263096,80,17,46415640000000,2026-09-10T12:27:25.062150+00:00,interpolated,-494.0,542.0,-180.0
38.570176434,842358488980658106,842358489736263096,80,18,46415640000000,2026-09-10T12:27:25.062150+00:00,interpolated,-585.0,540.0,-382.0
38.589066559,842358488999548231,842358489736263096,80,19,46415640000000,2026-09-10T12:27:25.062150+00:00,interpolated,-461.0,730.0,-526.0
38.607956684,842358489018438356,842358489736263096,80,20,46415640000000,2026-09-10T12:27:25.062150+00:00,interpolated,-176.0,991.0,-689.0
38.626846808,842358489037328480,842358489736263096,80,21,46415640000000,2026-09-10T12:27:25.062150+00:00,interpolated,-134.0,1008.0,-486.0
38.645736933,842358489056218605,842358489736263096,80,22,46415640000000,2026-09-10T12:27:25.062150+00:00,interpolated,-327.0,929.0,-183.0
38.664627058,842358489075108730,842358489736263096,80,23,46415640000000,2026-09-10T12:27:25.062150+00:00,interpolated,-463.0,929.0,-209.0
38.683517183,842358489093998855,842358489736263096,80,24,46415640000000,2026-09-10T12:27:25.062150+00:00,interpolated,-240.0,1066.0,-42.0
38.702407307,842358489112888979,842358489736263096,80,25,46415640000000,2026-09-10T12:27:25.062150+00:00,interpolated,-168.0,1034.0,-13.0
38.721297432,842358489131779104,842358489736263096,80,26,46415640000000,2026-09-10T12:27:25.062150+00:00,interpolated,-308.0,1053.0,-199.0
38.740187557,842358489150669229,842358489736263096,80,27,46415640000000,2026-09-10T12:27:25.062150+00:00,interpolated,-402.0,1114.0,-131.0
38.759077682,842358489169559354,842358489736263096,80,28,46415640000000,2026-09-10T12:27:25.062150+00:00,interpolated,-429.0,965.0,-150.0
38.777967806,842358489188449478,842358489736263096,80,29,46415640000000,2026-09-10T12:27:25.062150+00:00,interpolated,-393.0,968.0,-267.0
38.796857931,842358489207339603,842358489736263096,80,30,46415640000000,2026-09-10T12:27:25.062150+00:00,interpolated,-193.0,991.0,-227.0
38.815748056,842358489226229728,842358489736263096,80,31,46415640000000,2026-09-10T12:27:25.062150+00:00,interpolated,-136.0,916.0,-187.0
38.834638181,842358489245119853,842358489736263096,80,32,46415640000000,2026-09-10T12:27:25.062150+00:00,interpolated,-229.0,934.0,-327.0
38.853528305,842358489264009977,842358489736263096,80,33,46415640000000,2026-09-10T12:27:25.062150+00:00,interpolated,-253.0,1048.0,-360.0
38.87241843,842358489282900102,842358489736263096,80,34,46415640000000,2026-09-10T12:27:25.062150+00:00,interpolated,-183.0,1080.0,-144.0
38.891308555,842358489301790227,842358489736263096,80,35,46415640000000,2026-09-10T12:27:25.062150+00:00,interpolated,-320.0,910.0,-141.0
38.91019868,842358489320680352,842358489736263096,80,36,46415640000000,2026-09-10T12:27:25.062150+00:00,interpolated,-437.0,965.0,-249.0
38.929088804,842358489339570476,842358489736263096,80,37,46415640000000,2026-09-10T12:27:25.062150+00:00,interpolated,-266.0,1051.0,-315.0
38.947978929,842358489358460601,842358489736263096,80,38,46415640000000,2026-09-10T12:27:25.062150+00:00,interpolated,-108.0,969.0,-207.0
38.966869054,842358489377350726,842358489736263096,80,39,46415640000000,2026-09-10T12:27:25.062150+00:00,interpolated,-184.0,1015.0,-210.0
38.985759179,842358489396240851,842358489736263096,80,40,46415640000000,2026-09-10T12:27:25.062150+00:00,interpolated,-294.0,1009.0,-241.0
39.004649303,842358489415130975,842358489736263096,80,41,46415640000000,2026-09-10T12:27:25.062150+00:00,interpolated,-282.0,997.0,-259.0
39.023539428,842358489434021100,842358489736263096,80,42,46415640000000,2026-09-10T12:27:25.062150+00:00,interpolated,-199.0,975.0,-228.0
39.042429553,842358489452911225,842358489736263096,80,43,46415640000000,2026-09-10T12:27:25.062150+00:00,interpolated,-240.0,955.0,-311.0
39.061319678,842358489471801350,842358489736263096,80,44,46415640000000,2026-09-10T12:27:25.062150+00:00,interpolated,-263.0,1017.0,-271.0
39.080209802,842358489490691474,842358489736263096,80,45,46415640000000,2026-09-10T12:27:25.062150+00:00,interpolated,-250.0,1017.0,-166.0
39.099099927,842358489509581599,842358489736263096,80,46,46415640000000,2026-09-10T12:27:25.062150+00:00,interpolated,-266.0,968.0,-150.0
39.117990052,842358489528471724,842358489736263096,80,47,46415640000000,2026-09-10T12:27:25.062150+00:00,interpolated,-306.0,1003.0,-180.0
39.136880177,842358489547361849,842358489736263096,80,48,46415640000000,2026-09-10T12:27:25.062150+00:00,interpolated,-338.0,1018.0,-254.0
39.155770301,842358489566251973,842358489736263096,80,49,46415640000000,2026-09-10T12:27:25.062150+00:00,interpolated,-314.0,983.0,-261.0
39.174660426,842358489585142098,842358489736263096,80,50,46415640000000,2026-09-10T12:27:25.062150+00:00,interpolated,-257.0,968.0,-240.0
39.193550551,842358489604032223,842358489736263096,80,51,46415640000000,2026-09-10T12:27:25.062150+00:00,interpolated,-144.0,1026.0,-216.0
39.212440676,842358489622922348,842358489736263096,80,52,46415640000000,2026-09-10T12:27:25.062150+00:00,interpolated,-149.0,1002.0,-211.0
39.2313308,842358489641812472,842358489736263096,80,53,46415640000000,2026-09-10T12:27:25.062150+00:00,interpolated,-285.0,992.0,-239.0
39.250220925,842358489660702597,842358489736263096,80,54,46415640000000,2026-09-10T12:27:25.062150+00:00,interpolated,-318.0,980.0,-300.0
39.26911105,842358489679592722,842358489736263096,80,55,46415640000000,2026-09-10T12:27:25.062150+00:00,interpolated,-225.0,1038.0,-226.0
39.288001175,842358489698482847,842358489736263096,80,56,46415640000000,2026-09-10T12:27:25.062150+00:00,interpolated,-237.0,974.0,-192.0
39.306891299,842358489717372971,842358489736263096,80,57,46415640000000,2026-09-10T12:27:25.062150+00:00,interpolated,-360.0,972.0,-227.0
39.325781424,842358489736263096,842358489736263096,80,58,46415640000000,2026-09-10T12:27:25.062150+00:00,interpolated,-334.0,989.0,-225.0
39.344672066,842358489755153738,842358490888592258,83,0,46416765000000,2026-09-10T12:27:26.172743+00:00,interpolated,-194.0,1001.0,-212.0
39.363562708,842358489774044380,842358490888592258,83,1,46416765000000,2026-09-10T12:27:26.172743+00:00,interpolated,-222.0,1000.0,-209.0
39.38245335,842358489792935022,842358490888592258,83,2,46416765000000,2026-09-10T12:27:26.172743+00:00,interpolated,-284.0,1003.0,-253.0
39.401343992,842358489811825664,842358490888592258,83,3,46416765000000,2026-09-10T12:27:26.172743+00:00,interpolated,-281.0,1006.0,-232.0
39.420234634,842358489830716306,842358490888592258,83,4,46416765000000,2026-09-10T12:27:26.172743+00:00,interpolated,-243.0,972.0,-219.0
39.439125276,842358489849606948,842358490888592258,83,5,46416765000000,2026-09-10T12:27:26.172743+00:00,interpolated,-266.0,983.0,-251.0
39.458015918,842358489868497590,842358490888592258,83,6,46416765000000,2026-09-10T12:27:26.172743+00:00,interpolated,-228.0,994.0,-282.0
39.47690656,842358489887388232,842358490888592258,83,7,46416765000000,2026-09-10T12:27:26.172743+00:00,interpolated,-207.0,1059.0,-211.0
39.495797202,842358489906278874,842358490888592258,83,8,46416765000000,2026-09-10T12:27:26.172743+00:00,interpolated,-254.0,969.0,-180.0
39.514687844,842358489925169516,842358490888592258,83,9,46416765000000,2026-09-10T12:27:26.172743+00:00,interpolated,-313.0,968.0,-218.0
39.533578486,842358489944060158,842358490888592258,83,10,46416765000000,2026-09-10T12:27:26.172743+00:00,interpolated,-279.0,991.0,-259.0
39.552469128,842358489962950800,842358490888592258,83,11,46416765000000,2026-09-10T12:27:26.172743+00:00,interpolated,-244.0,995.0,-257.0
39.57135977,842358489981841442,842358490888592258,83,12,46416765000000,2026-09-10T12:27:26.172743+00:00,interpolated,-274.0,995.0,-237.0
39.590250412,842358490000732084,842358490888592258,83,13,46416765000000,2026-09-10T12:27:26.172743+00:00,interpolated,-326.0,994.0,-233.0
39.609141054,842358490019622726,842358490888592258,83,14,46416765000000,2026-09-10T12:27:26.172743+00:00,interpolated,-282.0,987.0,-231.0
39.628031696,842358490038513368,842358490888592258,83,15,46416765000000,2026-09-10T12:27:26.172743+00:00,interpolated,-243.0,984.0,-209.0
39.646922338,842358490057404010,842358490888592258,83,16,46416765000000,2026-09-10T12:27:26.172743+00:00,interpolated,-277.0,991.0,-216.0
39.66581298,842358490076294652,842358490888592258,83,17,46416765000000,2026-09-10T12:27:26.172743+00:00,interpolated,-307.0,994.0,-262.0
39.684703622,842358490095185294,842358490888592258,83,18,46416765000000,2026-09-10T12:27:26.172743+00:00,interpolated,-328.0,980.0,-269.0
39.703594264,842358490114075936,842358490888592258,83,19,46416765000000,2026-09-10T12:27:26.172743+00:00,interpolated,-272.0,990.0,-235.0
39.722484906,842358490132966578,842358490888592258,83,20,46416765000000,2026-09-10T12:27:26.172743+00:00,interpolated,-214.0,1001.0,-204.0
39.741375548,842358490151857220,842358490888592258,83,21,46416765000000,2026-09-10T12:27:26.172743+00:00,interpolated,-242.0,998.0,-197.0
39.76026619,842358490170747862,842358490888592258,83,22,46416765000000,2026-09-10T12:27:26.172743+00:00,interpolated,-292.0,988.0,-244.0
39.779156832,842358490189638504,842358490888592258,83,23,46416765000000,2026-09-10T12:27:26.172743+00:00,interpolated,-265.0,1015.0,-239.0
39.798047474,842358490208529146,842358490888592258,83,24,46416765000000,2026-09-10T12:27:26.172743+00:00,interpolated,-233.0,991.0,-218.0
39.816938116,842358490227419788,842358490888592258,83,25,46416765000000,2026-09-10T12:27:26.172743+00:00,interpolated,-294.0,976.0,-216.0
39.835828758,842358490246310430,842358490888592258,83,26,46416765000000,2026-09-10T12:27:26.172743+00:00,interpolated,-335.0,972.0,-261.0
39.8547194,842358490265201072,842358490888592258,83,27,46416765000000,2026-09-10T12:27:26.172743+00:00,interpolated,-274.0,976.0,-262.0
39.873610042,842358490284091714,842358490888592258,83,28,46416765000000,2026-09-10T12:27:26.172743+00:00,interpolated,-218.0,994.0,-237.0
39.892500684,842358490302982356,842358490888592258,83,29,46416765000000,2026-09-10T12:27:26.172743+00:00,interpolated,-266.0,974.0,-223.0
39.911391326,842358490321872998,842358490888592258,83,30,46416765000000,2026-09-10T12:27:26.172743+00:00,interpolated,-358.0,955.0,-272.0
39.930281968,842358490340763640,842358490888592258,83,31,46416765000000,2026-09-10T12:27:26.172743+00:00,interpolated,-319.0,975.0,-292.0
39.94917261,842358490359654282,842358490888592258,83,32,46416765000000,2026-09-10T12:27:26.172743+00:00,interpolated,-251.0,991.0,-284.0
39.968063252,842358490378544924,842358490888592258,83,33,46416765000000,2026-09-10T12:27:26.172743+00:00,interpolated,-246.0,966.0,-286.0
39.986953894,842358490397435566,842358490888592258,83,34,46416765000000,2026-09-10T12:27:26.172743+00:00,interpolated,-355.0,882.0,-311.0
40.005844536,842358490416326208,842358490888592258,83,35,46416765000000,2026-09-10T12:27:26.172743+00:00,interpolated,-356.0,886.0,-318.0
40.024735178,842358490435216850,842358490888592258,83,36,46416765000000,2026-09-10T12:27:26.172743+00:00,interpolated,-224.0,1027.0,-276.0
40.04362582,842358490454107492,842358490888592258,83,37,46416765000000,2026-09-10T12:27:26.172743+00:00,interpolated,-190.0,1023.0,-273.0
40.062516462,842358490472998134,842358490888592258,83,38,46416765000000,2026-09-10T12:27:26.172743+00:00,interpolated,-368.0,881.0,-277.0
40.081407104,842358490491888776,842358490888592258,83,39,46416765000000,2026-09-10T12:27:26.172743+00:00,interpolated,-549.0,728.0,-508.0
40.100297746,842358490510779418,842358490888592258,83,40,46416765000000,2026-09-10T12:27:26.172743+00:00,interpolated,-409.0,777.0,-264.0
40.119188388,842358490529670060,842358490888592258,83,41,46416765000000,2026-09-10T12:27:26.172743+00:00,interpolated,-351.0,900.0,-225.0
40.13807903,842358490548560702,842358490888592258,83,42,46416765000000,2026-09-10T12:27:26.172743+00:00,interpolated,-369.0,858.0,-176.0
40.156969672,842358490567451344,842358490888592258,83,43,46416765000000,2026-09-10T12:27:26.172743+00:00,interpolated,-265.0,780.0,-345.0
40.175860314,842358490586341986,842358490888592258,83,44,46416765000000,2026-09-10T12:27:26.172743+00:00,interpolated,-317.0,917.0,-384.0
40.194750956,842358490605232628,842358490888592258,83,45,46416765000000,2026-09-10T12:27:26.172743+00:00,interpolated,-453.0,1003.0,-76.0
40.213641598,842358490624123270,842358490888592258,83,46,46416765000000,2026-09-10T12:27:26.172743+00:00,interpolated,-503.0,853.0,-253.0
40.23253224,842358490643013912,842358490888592258,83,47,46416765000000,2026-09-10T12:27:26.172743+00:00,interpolated,-425.0,842.0,-336.0
40.251422882,842358490661904554,842358490888592258,83,48,46416765000000,2026-09-10T12:27:26.172743+00:00,interpolated,-427.0,826.0,-288.0
40.270313524,842358490680795196,842358490888592258,83,49,46416765000000,2026-09-10T12:27:26.172743+00:00,interpolated,-539.0,943.0,-163.0
40.289204166,842358490699685838,842358490888592258,83,50,46416765000000,2026-09-10T12:27:26.172743+00:00,interpolated,-638.0,838.0,-256.0
40.308094808,842358490718576480,842358490888592258,83,51,46416765000000,2026-09-10T12:27:26.172743+00:00,interpolated,-596.0,750.0,-520.0
40.32698545,842358490737467122,842358490888592258,83,52,46416765000000,2026-09-10T12:27:26.172743+00:00,interpolated,-356.0,566.0,-557.0
40.345876092,842358490756357764,842358490888592258,83,53,46416765000000,2026-09-10T12:27:26.172743+00:00,interpolated,-596.0,833.0,-312.0
40.364766734,842358490775248406,842358490888592258,83,54,46416765000000,2026-09-10T12:27:26.172743+00:00,interpolated,-644.0,755.0,-319.0
40.383657376,842358490794139048,842358490888592258,83,55,46416765000000,2026-09-10T12:27:26.172743+00:00,interpolated,-482.0,797.0,-581.0
40.402548018,842358490813029690,842358490888592258,83,56,46416765000000,2026-09-10T12:27:26.172743+00:00,interpolated,-528.0,852.0,-465.0
40.42143866,842358490831920332,842358490888592258,83,57,46416765000000,2026-09-10T12:27:26.172743+00:00,interpolated,-674.0,809.0,-205.0
40.440329302,842358490850810974,842358490888592258,83,58,46416765000000,2026-09-10T12:27:26.172743+00:00,interpolated,-827.0,641.0,-174.0
40.459219944,842358490869701616,842358490888592258,83,59,46416765000000,2026-09-10T12:27:26.172743+00:00,interpolated,-738.0,447.0,-611.0
40.478110586,842358490888592258,842358490888592258,83,60,46416765000000,2026-09-10T12:27:26.172743+00:00,interpolated,-818.0,546.0,-414.0
40.497000683,842358490907482355,842358491946437692,86,0,46417890000000,2026-09-10T12:27:27.312393+00:00,interpolated,-957.0,653.0,-327.0
40.51589078,842358490926372452,842358491946437692,86,1,46417890000000,2026-09-10T12:27:27.312393+00:00,interpolated,-944.0,365.0,-407.0
40.534780877,842358490945262549,842358491946437692,86,2,46417890000000,2026-09-10T12:27:27.312393+00:00,interpolated,-920.0,319.0,-650.0
40.553670974,842358490964152646,842358491946437692,86,3,46417890000000,2026-09-10T12:27:27.312393+00:00,interpolated,-746.0,321.0,-611.0
40.572561071,842358490983042743,842358491946437692,86,4,46417890000000,2026-09-10T12:27:27.312393+00:00,interpolated,-839.0,457.0,-279.0
40.591451168,842358491001932840,842358491946437692,86,5,46417890000000,2026-09-10T12:27:27.312393+00:00,interpolated,-1159.0,469.0,-415.0
40.610341265,842358491020822937,842358491946437692,86,6,46417890000000,2026-09-10T12:27:27.312393+00:00,interpolated,-1117.0,314.0,-622.0
40.629231362,842358491039713034,842358491946437692,86,7,46417890000000,2026-09-10T12:27:27.312393+00:00,interpolated,-1096.0,305.0,-552.0
40.648121459,842358491058603131,842358491946437692,86,8,46417890000000,2026-09-10T12:27:27.312393+00:00,interpolated,-1058.0,359.0,-417.0
40.667011556,842358491077493228,842358491946437692,86,9,46417890000000,2026-09-10T12:27:27.312393+00:00,interpolated,-896.0,279.0,-433.0
40.685901653,842358491096383325,842358491946437692,86,10,46417890000000,2026-09-10T12:27:27.312393+00:00,interpolated,-1052.0,318.0,-483.0
40.70479175,842358491115273422,842358491946437692,86,11,46417890000000,2026-09-10T12:27:27.312393+00:00,interpolated,-1253.0,346.0,-486.0
40.723681847,842358491134163519,842358491946437692,86,12,46417890000000,2026-09-10T12:27:27.312393+00:00,interpolated,-1182.0,240.0,-575.0
40.742571945,842358491153053617,842358491946437692,86,13,46417890000000,2026-09-10T12:27:27.312393+00:00,interpolated,-1046.0,221.0,-578.0
40.761462042,842358491171943714,842358491946437692,86,14,46417890000000,2026-09-10T12:27:27.312393+00:00,interpolated,-951.0,241.0,-492.0
40.780352139,842358491190833811,842358491946437692,86,15,46417890000000,2026-09-10T12:27:27.312393+00:00,interpolated,-954.0,250.0,-456.0
40.799242236,842358491209723908,842358491946437692,86,16,46417890000000,2026-09-10T12:27:27.312393+00:00,interpolated,-985.0,252.0,-495.0
40.818132333,842358491228614005,842358491946437692,86,17,46417890000000,2026-09-10T12:27:27.312393+00:00,interpolated,-959.0,240.0,-562.0
40.83702243,842358491247504102,842358491946437692,86,18,46417890000000,2026-09-10T12:27:27.312393+00:00,interpolated,-880.0,342.0,-568.0
40.855912527,842358491266394199,842358491946437692,86,19,46417890000000,2026-09-10T12:27:27.312393+00:00,interpolated,-823.0,464.0,-557.0
40.874802624,842358491285284296,842358491946437692,86,20,46417890000000,2026-09-10T12:27:27.312393+00:00,interpolated,-791.0,542.0,-504.0
40.893692721,842358491304174393,842358491946437692,86,21,46417890000000,2026-09-10T12:27:27.312393+00:00,interpolated,-782.0,492.0,-522.0
40.912582818,842358491323064490,842358491946437692,86,22,46417890000000,2026-09-10T12:27:27.312393+00:00,interpolated,-848.0,322.0,-430.0
40.931472915,842358491341954587,842358491946437692,86,23,46417890000000,2026-09-10T12:27:27.312393+00:00,interpolated,-963.0,317.0,-349.0
40.950363012,842358491360844684,842358491946437692,86,24,46417890000000,2026-09-10T12:27:27.312393+00:00,interpolated,-982.0,509.0,-364.0
40.969253109,842358491379734781,842358491946437692,86,25,46417890000000,2026-09-10T12:27:27.312393+00:00,interpolated,-889.0,702.0,-498.0
40.988143206,842358491398624878,842358491946437692,86,26,46417890000000,2026-09-10T12:27:27.312393+00:00,interpolated,-642.0,698.0,-588.0
41.007033303,842358491417514975,842358491946437692,86,27,46417890000000,2026-09-10T12:27:27.312393+00:00,interpolated,-468.0,569.0,-558.0
41.0259234,842358491436405072,842358491946437692,86,28,46417890000000,2026-09-10T12:27:27.312393+00:00,interpolated,-534.0,530.0,-428.0
41.044813497,842358491455295169,842358491946437692,86,29,46417890000000,2026-09-10T12:27:27.312393+00:00,interpolated,-744.0,646.0,-377.0
41.063703594,842358491474185266,842358491946437692,86,30,46417890000000,2026-09-10T12:27:27.312393+00:00,interpolated,-843.0,774.0,-384.0
41.082593691,842358491493075363,842358491946437692,86,31,46417890000000,2026-09-10T12:27:27.312393+00:00,interpolated,-841.0,792.0,-396.0
41.101483788,842358491511965460,842358491946437692,86,32,46417890000000,2026-09-10T12:27:27.312393+00:00,interpolated,-746.0,772.0,-456.0
41.120373885,842358491530855557,842358491946437692,86,33,46417890000000,2026-09-10T12:27:27.312393+00:00,interpolated,-561.0,737.0,-352.0
41.139263982,842358491549745654,842358491946437692,86,34,46417890000000,2026-09-10T12:27:27.312393+00:00,interpolated,-494.0,791.0,-312.0
41.158154079,842358491568635751,842358491946437692,86,35,46417890000000,2026-09-10T12:27:27.312393+00:00,interpolated,-491.0,813.0,-300.0
41.177044176,842358491587525848,842358491946437692,86,36,46417890000000,2026-09-10T12:27:27.312393+00:00,interpolated,-526.0,847.0,-307.0
41.195934273,842358491606415945,842358491946437692,86,37,46417890000000,2026-09-10T12:27:27.312393+00:00,interpolated,-609.0,884.0,-261.0
41.21482437,842358491625306042,842358491946437692,86,38,46417890000000,2026-09-10T12:27:27.312393+00:00,interpolated,-551.0,916.0,-273.0
41.233714467,842358491644196139,842358491946437692,86,39,46417890000000,2026-09-10T12:27:27.312393+00:00,interpolated,-500.0,942.0,-294.0
41.252604564,842358491663086236,842358491946437692,86,40,46417890000000,2026-09-10T12:27:27.312393+00:00,interpolated,-403.0,956.0,-272.0
41.271494662,842358491681976334,842358491946437692,86,41,46417890000000,2026-09-10T12:27:27.312393+00:00,interpolated,-407.0,984.0,-179.0
41.290384759,842358491700866431,842358491946437692,86,42,46417890000000,2026-09-10T12:27:27.312393+00:00,interpolated,-356.0,1017.0,-208.0
41.309274856,842358491719756528,842358491946437692,86,43,46417890000000,2026-09-10T12:27:27.312393+00:00,interpolated,-270.0,1044.0,-263.0
41.328164953,842358491738646625,842358491946437692,86,44,46417890000000,2026-09-10T12:27:27.312393+00:00,interpolated,-137.0,990.0,-381.0
41.34705505,842358491757536722,842358491946437692,86,45,46417890000000,2026-09-10T12:27:27.312393+00:00,interpolated,-84.0,840.0,-395.0
41.365945147,842358491776426819,842358491946437692,86,46,46417890000000,2026-09-10T12:27:27.312393+00:00,interpolated,-213.0,642.0,-316.0
41.384835244,842358491795316916,842358491946437692,86,47,46417890000000,2026-09-10T12:27:27.312393+00:00,interpolated,-360.0,587.0,-322.0
41.403725341,842358491814207013,842358491946437692,86,48,46417890000000,2026-09-10T12:27:27.312393+00:00,interpolated,-445.0,657.0,-504.0
41.422615438,842358491833097110,842358491946437692,86,49,46417890000000,2026-09-10T12:27:27.312393+00:00,interpolated,-262.0,851.0,-544.0
41.441505535,842358491851987207,842358491946437692,86,50,46417890000000,2026-09-10T12:27:27.312393+00:00,interpolated,-72.0,988.0,-499.0
41.460395632,842358491870877304,842358491946437692,86,51,46417890000000,2026-09-10T12:27:27.312393+00:00,interpolated,-267.0,905.0,-386.0
41.479285729,842358491889767401,842358491946437692,86,52,46417890000000,2026-09-10T12:27:27.312393+00:00,interpolated,-530.0,859.0,-470.0
41.498175826,842358491908657498,842358491946437692,86,53,46417890000000,2026-09-10T12:27:27.312393+00:00,interpolated,-457.0,891.0,-500.0
41.517065923,842358491927547595,842358491946437692,86,54,46417890000000,2026-09-10T12:27:27.312393+00:00,interpolated,-383.0,882.0,-327.0
41.53595602,842358491946437692,842358491946437692,86,55,46417890000000,2026-09-10T12:27:27.312393+00:00,interpolated,-360.0,918.0,-317.0
41.554846662,842358491965328334,842358492928751076,89,0,46418703000000,2026-09-10T12:27:28.122529+00:00,interpolated,-387.0,836.0,-548.0
41.573737304,842358491984218976,842358492928751076,89,1,46418703000000,2026-09-10T12:27:28.122529+00:00,interpolated,-400.0,767.0,-688.0
41.592627946,842358492003109618,842358492928751076,89,2,46418703000000,2026-09-10T12:27:28.122529+00:00,interpolated,-266.0,957.0,119.0
41.611518588,842358492022000260,842358492928751076,89,3,46418703000000,2026-09-10T12:27:28.122529+00:00,interpolated,-115.0,1125.0,-149.0
41.63040923,842358492040890902,842358492928751076,89,4,46418703000000,2026-09-10T12:27:28.122529+00:00,interpolated,-286.0,969.0,-381.0
41.649299872,842358492059781544,842358492928751076,89,5,46418703000000,2026-09-10T12:27:28.122529+00:00,interpolated,-170.0,683.0,-467.0
41.668190514,842358492078672186,842358492928751076,89,6,46418703000000,2026-09-10T12:27:28.122529+00:00,interpolated,-420.0,587.0,-233.0
41.687081156,842358492097562828,842358492928751076,89,7,46418703000000,2026-09-10T12:27:28.122529+00:00,interpolated,-481.0,800.0,-212.0
41.705971798,842358492116453470,842358492928751076,89,8,46418703000000,2026-09-10T12:27:28.122529+00:00,interpolated,-525.0,757.0,-302.0
41.72486244,842358492135344112,842358492928751076,89,9,46418703000000,2026-09-10T12:27:28.122529+00:00,interpolated,-586.0,952.0,-45.0
41.743753082,842358492154234754,842358492928751076,89,10,46418703000000,2026-09-10T12:27:28.122529+00:00,interpolated,-479.0,1258.0,-195.0
41.762643724,842358492173125396,842358492928751076,89,11,46418703000000,2026-09-10T12:27:28.122529+00:00,interpolated,-593.0,791.0,-319.0
41.781534366,842358492192016038,842358492928751076,89,12,46418703000000,2026-09-10T12:27:28.122529+00:00,interpolated,-502.0,722.0,-290.0
41.800425008,842358492210906680,842358492928751076,89,13,46418703000000,2026-09-10T12:27:28.122529+00:00,interpolated,-346.0,985.0,-320.0
41.81931565,842358492229797322,842358492928751076,89,14,46418703000000,2026-09-10T12:27:28.122529+00:00,interpolated,-493.0,833.0,-359.0
41.838206292,842358492248687964,842358492928751076,89,15,46418703000000,2026-09-10T12:27:28.122529+00:00,interpolated,-542.0,609.0,-394.0
41.857096934,842358492267578606,842358492928751076,89,16,46418703000000,2026-09-10T12:27:28.122529+00:00,interpolated,-583.0,322.0,-473.0
41.875987576,842358492286469248,842358492928751076,89,17,46418703000000,2026-09-10T12:27:28.122529+00:00,interpolated,-494.0,847.0,-364.0
41.894878218,842358492305359890,842358492928751076,89,18,46418703000000,2026-09-10T12:27:28.122529+00:00,interpolated,-798.0,928.0,-448.0
41.91376886,842358492324250532,842358492928751076,89,19,46418703000000,2026-09-10T12:27:28.122529+00:00,interpolated,-965.0,668.0,-449.0
41.932659502,842358492343141174,842358492928751076,89,20,46418703000000,2026-09-10T12:27:28.122529+00:00,interpolated,-879.0,496.0,-460.0
41.951550144,842358492362031816,842358492928751076,89,21,46418703000000,2026-09-10T12:27:28.122529+00:00,interpolated,-839.0,433.0,-348.0
41.970440786,842358492380922458,842358492928751076,89,22,46418703000000,2026-09-10T12:27:28.122529+00:00,interpolated,-1038.0,536.0,-292.0
41.989331428,842358492399813100,842358492928751076,89,23,46418703000000,2026-09-10T12:27:28.122529+00:00,interpolated,-1073.0,424.0,-366.0
42.00822207,842358492418703742,842358492928751076,89,24,46418703000000,2026-09-10T12:27:28.122529+00:00,interpolated,-1047.0,414.0,-491.0
42.027112712,842358492437594384,842358492928751076,89,25,46418703000000,2026-09-10T12:27:28.122529+00:00,interpolated,-1069.0,362.0,-395.0
42.046003354,842358492456485026,842358492928751076,89,26,46418703000000,2026-09-10T12:27:28.122529+00:00,interpolated,-1091.0,161.0,-467.0
42.064893996,842358492475375668,842358492928751076,89,27,46418703000000,2026-09-10T12:27:28.122529+00:00,interpolated,-998.0,227.0,-615.0
42.083784638,842358492494266310,842358492928751076,89,28,46418703000000,2026-09-10T12:27:28.122529+00:00,interpolated,-977.0,481.0,-553.0
42.10267528,842358492513156952,842358492928751076,89,29,46418703000000,2026-09-10T12:27:28.122529+00:00,interpolated,-1053.0,528.0,-475.0
42.121565922,842358492532047594,842358492928751076,89,30,46418703000000,2026-09-10T12:27:28.122529+00:00,interpolated,-1141.0,334.0,-468.0
42.140456564,842358492550938236,842358492928751076,89,31,46418703000000,2026-09-10T12:27:28.122529+00:00,interpolated,-1147.0,285.0,-552.0
42.159347206,842358492569828878,842358492928751076,89,32,46418703000000,2026-09-10T12:27:28.122529+00:00,interpolated,-1054.0,326.0,-457.0
42.178237848,842358492588719520,842358492928751076,89,33,46418703000000,2026-09-10T12:27:28.122529+00:00,interpolated,-1077.0,270.0,-384.0
42.19712849,842358492607610162,842358492928751076,89,34,46418703000000,2026-09-10T12:27:28.122529+00:00,interpolated,-984.0,312.0,-433.0
42.216019132,842358492626500804,842358492928751076,89,35,46418703000000,2026-09-10T12:27:28.122529+00:00,interpolated,-919.0,299.0,-524.0
42.234909774,842358492645391446,842358492928751076,89,36,46418703000000,2026-09-10T12:27:28.122529+00:00,interpolated,-804.0,338.0,-569.0
42.253800416,842358492664282088,842358492928751076,89,37,46418703000000,2026-09-10T12:27:28.122529+00:00,interpolated,-757.0,299.0,-443.0
42.272691058,842358492683172730,842358492928751076,89,38,46418703000000,2026-09-10T12:27:28.122529+00:00,interpolated,-948.0,290.0,-344.0
42.2915817,842358492702063372,842358492928751076,89,39,46418703000000,2026-09-10T12:27:28.122529+00:00,interpolated,-1109.0,367.0,-408.0
42.310472342,842358492720954014,842358492928751076,89,40,46418703000000,2026-09-10T12:27:28.122529+00:00,interpolated,-1049.0,495.0,-448.0
42.329362984,842358492739844656,842358492928751076,89,41,46418703000000,2026-09-10T12:27:28.122529+00:00,interpolated,-840.0,459.0,-528.0
42.348253626,842358492758735298,842358492928751076,89,42,46418703000000,2026-09-10T12:27:28.122529+00:00,interpolated,-704.0,430.0,-506.0
42.367144268,842358492777625940,842358492928751076,89,43,46418703000000,2026-09-10T12:27:28.122529+00:00,interpolated,-738.0,483.0,-516.0
42.38603491,842358492796516582,842358492928751076,89,44,46418703000000,2026-09-10T12:27:28.122529+00:00,interpolated,-760.0,521.0,-471.0
42.404925552,842358492815407224,842358492928751076,89,45,46418703000000,2026-09-10T12:27:28.122529+00:00,interpolated,-778.0,622.0,-500.0
42.423816194,842358492834297866,842358492928751076,89,46,46418703000000,2026-09-10T12:27:28.122529+00:00,interpolated,-728.0,646.0,-511.0
42.442706836,842358492853188508,842358492928751076,89,47,46418703000000,2026-09-10T12:27:28.122529+00:00,interpolated,-750.0,642.0,-498.0
42.461597478,842358492872079150,842358492928751076,89,48,46418703000000,2026-09-10T12:27:28.122529+00:00,interpolated,-749.0,675.0,-477.0
42.48048812,842358492890969792,842358492928751076,89,49,46418703000000,2026-09-10T12:27:28.122529+00:00,interpolated,-703.0,744.0,-397.0
42.499378762,842358492909860434,842358492928751076,89,50,46418703000000,2026-09-10T12:27:28.122529+00:00,interpolated,-816.0,798.0,-368.0
42.518269404,842358492928751076,842358492928751076,89,51,46418703000000,2026-09-10T12:27:28.122529+00:00,interpolated,-697.0,765.0,-508.0
42.537159511,842358492947641183,842358494005487152,92,0,46419781000000,2026-09-10T12:27:29.202799+00:00,interpolated,-531.0,736.0,-456.0
42.556049617,842358492966531289,842358494005487152,92,1,46419781000000,2026-09-10T12:27:29.202799+00:00,interpolated,-520.0,755.0,-254.0
42.574939724,842358492985421396,842358494005487152,92,2,46419781000000,2026-09-10T12:27:29.202799+00:00,interpolated,-683.0,876.0,-216.0
42.59382983,842358493004311502,842358494005487152,92,3,46419781000000,2026-09-10T12:27:29.202799+00:00,interpolated,-809.0,811.0,-288.0
42.612719937,842358493023201609,842358494005487152,92,4,46419781000000,2026-09-10T12:27:29.202799+00:00,interpolated,-686.0,787.0,-273.0
42.631610044,842358493042091716,842358494005487152,92,5,46419781000000,2026-09-10T12:27:29.202799+00:00,interpolated,-560.0,892.0,-257.0
42.65050015,842358493060981822,842358494005487152,92,6,46419781000000,2026-09-10T12:27:29.202799+00:00,interpolated,-510.0,925.0,-228.0
42.669390257,842358493079871929,842358494005487152,92,7,46419781000000,2026-09-10T12:27:29.202799+00:00,interpolated,-484.0,885.0,-171.0
42.688280363,842358493098762035,842358494005487152,92,8,46419781000000,2026-09-10T12:27:29.202799+00:00,interpolated,-505.0,874.0,-217.0
42.70717047,842358493117652142,842358494005487152,92,9,46419781000000,2026-09-10T12:27:29.202799+00:00,interpolated,-491.0,964.0,-92.0
42.726060577,842358493136542249,842358494005487152,92,10,46419781000000,2026-09-10T12:27:29.202799+00:00,interpolated,-407.0,1057.0,-113.0
42.744950683,842358493155432355,842358494005487152,92,11,46419781000000,2026-09-10T12:27:29.202799+00:00,interpolated,-237.0,1061.0,-202.0
42.76384079,842358493174322462,842358494005487152,92,12,46419781000000,2026-09-10T12:27:29.202799+00:00,interpolated,-52.0,912.0,-335.0
42.782730896,842358493193212568,842358494005487152,92,13,46419781000000,2026-09-10T12:27:29.202799+00:00,interpolated,27.0,685.0,-307.0
42.801621003,842358493212102675,842358494005487152,92,14,46419781000000,2026-09-10T12:27:29.202799+00:00,interpolated,-189.0,528.0,-286.0
42.82051111,842358493230992782,842358494005487152,92,15,46419781000000,2026-09-10T12:27:29.202799+00:00,interpolated,-437.0,556.0,-438.0
42.839401216,842358493249882888,842358494005487152,92,16,46419781000000,2026-09-10T12:27:29.202799+00:00,interpolated,-452.0,757.0,-625.0
42.858291323,842358493268772995,842358494005487152,92,17,46419781000000,2026-09-10T12:27:29.202799+00:00,interpolated,-240.0,1021.0,-679.0
42.877181429,842358493287663101,842358494005487152,92,18,46419781000000,2026-09-10T12:27:29.202799+00:00,interpolated,-191.0,956.0,-645.0
42.896071536,842358493306553208,842358494005487152,92,19,46419781000000,2026-09-10T12:27:29.202799+00:00,interpolated,-475.0,966.0,-417.0
42.914961643,842358493325443315,842358494005487152,92,20,46419781000000,2026-09-10T12:27:29.202799+00:00,interpolated,-526.0,927.0,-438.0
42.933851749,842358493344333421,842358494005487152,92,21,46419781000000,2026-09-10T12:27:29.202799+00:00,interpolated,-302.0,941.0,-323.0
42.952741856,842358493363223528,842358494005487152,92,22,46419781000000,2026-09-10T12:27:29.202799+00:00,interpolated,-224.0,932.0,-71.0
42.971631962,842358493382113634,842358494005487152,92,23,46419781000000,2026-09-10T12:27:29.202799+00:00,interpolated,-399.0,991.0,-37.0
42.990522069,842358493401003741,842358494005487152,92,24,46419781000000,2026-09-10T12:27:29.202799+00:00,interpolated,-437.0,1047.0,-178.0
43.009412176,842358493419893848,842358494005487152,92,25,46419781000000,2026-09-10T12:27:29.202799+00:00,interpolated,-400.0,1137.0,-222.0
43.028302282,842358493438783954,842358494005487152,92,26,46419781000000,2026-09-10T12:27:29.202799+00:00,interpolated,-325.0,1015.0,-177.0
43.047192389,842358493457674061,842358494005487152,92,27,46419781000000,2026-09-10T12:27:29.202799+00:00,interpolated,-262.0,925.0,-217.0
43.066082495,842358493476564167,842358494005487152,92,28,46419781000000,2026-09-10T12:27:29.202799+00:00,interpolated,-128.0,960.0,-230.0
43.084972602,842358493495454274,842358494005487152,92,29,46419781000000,2026-09-10T12:27:29.202799+00:00,interpolated,-83.0,987.0,-213.0
43.103862708,842358493514344380,842358494005487152,92,30,46419781000000,2026-09-10T12:27:29.202799+00:00,interpolated,-238.0,1000.0,-198.0
43.122752815,842358493533234487,842358494005487152,92,31,46419781000000,2026-09-10T12:27:29.202799+00:00,interpolated,-334.0,1029.0,-241.0
43.141642922,842358493552124594,842358494005487152,92,32,46419781000000,2026-09-10T12:27:29.202799+00:00,interpolated,-315.0,1052.0,-190.0
43.160533028,842358493571014700,842358494005487152,92,33,46419781000000,2026-09-10T12:27:29.202799+00:00,interpolated,-317.0,1013.0,-217.0
43.179423135,842358493589904807,842358494005487152,92,34,46419781000000,2026-09-10T12:27:29.202799+00:00,interpolated,-397.0,926.0,-232.0
43.198313241,842358493608794913,842358494005487152,92,35,46419781000000,2026-09-10T12:27:29.202799+00:00,interpolated,-380.0,934.0,-237.0
43.217203348,842358493627685020,842358494005487152,92,36,46419781000000,2026-09-10T12:27:29.202799+00:00,interpolated,-196.0,985.0,-285.0
43.236093455,842358493646575127,842358494005487152,92,37,46419781000000,2026-09-10T12:27:29.202799+00:00,interpolated,-85.0,985.0,-277.0
43.254983561,842358493665465233,842358494005487152,92,38,46419781000000,2026-09-10T12:27:29.202799+00:00,interpolated,-196.0,1026.0,-237.0
43.273873668,842358493684355340,842358494005487152,92,39,46419781000000,2026-09-10T12:27:29.202799+00:00,interpolated,-335.0,1002.0,-250.0
43.292763774,842358493703245446,842358494005487152,92,40,46419781000000,2026-09-10T12:27:29.202799+00:00,interpolated,-422.0,973.0,-256.0
43.311653881,842358493722135553,842358494005487152,92,41,46419781000000,2026-09-10T12:27:29.202799+00:00,interpolated,-451.0,952.0,-281.0
43.330543988,842358493741025660,842358494005487152,92,42,46419781000000,2026-09-10T12:27:29.202799+00:00,interpolated,-431.0,907.0,-262.0
43.349434094,842358493759915766,842358494005487152,92,43,46419781000000,2026-09-10T12:27:29.202799+00:00,interpolated,-282.0,960.0,-157.0
43.368324201,842358493778805873,842358494005487152,92,44,46419781000000,2026-09-10T12:27:29.202799+00:00,interpolated,-210.0,974.0,-192.0
43.387214307,842358493797695979,842358494005487152,92,45,46419781000000,2026-09-10T12:27:29.202799+00:00,interpolated,-336.0,1013.0,-225.0
43.406104414,842358493816586086,842358494005487152,92,46,46419781000000,2026-09-10T12:27:29.202799+00:00,interpolated,-460.0,974.0,-294.0
43.424994521,842358493835476193,842358494005487152,92,47,46419781000000,2026-09-10T12:27:29.202799+00:00,interpolated,-449.0,957.0,-284.0
43.443884627,842358493854366299,842358494005487152,92,48,46419781000000,2026-09-10T12:27:29.202799+00:00,interpolated,-287.0,940.0,-237.0
43.462774734,842358493873256406,842358494005487152,92,49,46419781000000,2026-09-10T12:27:29.202799+00:00,interpolated,-292.0,923.0,-232.0
43.48166484,842358493892146512,842358494005487152,92,50,46419781000000,2026-09-10T12:27:29.202799+00:00,interpolated,-395.0,918.0,-314.0
43.500554947,842358493911036619,842358494005487152,92,51,46419781000000,2026-09-10T12:27:29.202799+00:00,interpolated,-456.0,913.0,-429.0
43.519445054,842358493929926726,842358494005487152,92,52,46419781000000,2026-09-10T12:27:29.202799+00:00,interpolated,-413.0,839.0,-478.0
43.53833516,842358493948816832,842358494005487152,92,53,46419781000000,2026-09-10T12:27:29.202799+00:00,interpolated,-336.0,862.0,-316.0
43.557225267,842358493967706939,842358494005487152,92,54,46419781000000,2026-09-10T12:27:29.202799+00:00,interpolated,-309.0,874.0,-211.0
43.576115373,842358493986597045,842358494005487152,92,55,46419781000000,2026-09-10T12:27:29.202799+00:00,interpolated,-335.0,884.0,-365.0
43.59500548,842358494005487152,842358494005487152,92,56,46419781000000,2026-09-10T12:27:29.202799+00:00,interpolated,-319.0,822.0,-444.0
43.613895372,842358494024377044,842358495082211016,95,0,46420921000000,2026-09-10T12:27:30.342790+00:00,interpolated,-231.0,820.0,-249.0
43.632785265,842358494043266937,842358495082211016,95,1,46420921000000,2026-09-10T12:27:30.342790+00:00,interpolated,-344.0,845.0,-36.0
43.651675157,842358494062156829,842358495082211016,95,2,46420921000000,2026-09-10T12:27:30.342790+00:00,interpolated,-505.0,910.0,-193.0
43.670565049,842358494081046721,842358495082211016,95,3,46420921000000,2026-09-10T12:27:30.342790+00:00,interpolated,-685.0,763.0,-339.0
43.689454942,842358494099936614,842358495082211016,95,4,46420921000000,2026-09-10T12:27:30.342790+00:00,interpolated,-412.0,653.0,-413.0
43.708344834,842358494118826506,842358495082211016,95,5,46420921000000,2026-09-10T12:27:30.342790+00:00,interpolated,-464.0,1000.0,-140.0
43.727234726,842358494137716398,842358495082211016,95,6,46420921000000,2026-09-10T12:27:30.342790+00:00,interpolated,-462.0,805.0,-71.0
43.746124619,842358494156606291,842358495082211016,95,7,46420921000000,2026-09-10T12:27:30.342790+00:00,interpolated,-504.0,754.0,-275.0
43.765014511,842358494175496183,842358495082211016,95,8,46420921000000,2026-09-10T12:27:30.342790+00:00,interpolated,-299.0,845.0,-687.0
43.783904404,842358494194386076,842358495082211016,95,9,46420921000000,2026-09-10T12:27:30.342790+00:00,interpolated,-473.0,1042.0,-449.0
43.802794296,842358494213275968,842358495082211016,95,10,46420921000000,2026-09-10T12:27:30.342790+00:00,interpolated,-487.0,793.0,-323.0
43.821684188,842358494232165860,842358495082211016,95,11,46420921000000,2026-09-10T12:27:30.342790+00:00,interpolated,-563.0,661.0,-336.0
43.840574081,842358494251055753,842358495082211016,95,12,46420921000000,2026-09-10T12:27:30.342790+00:00,interpolated,-625.0,731.0,-177.0
43.859463973,842358494269945645,842358495082211016,95,13,46420921000000,2026-09-10T12:27:30.342790+00:00,interpolated,-831.0,655.0,-109.0
43.878353865,842358494288835537,842358495082211016,95,14,46420921000000,2026-09-10T12:27:30.342790+00:00,interpolated,-952.0,713.0,-360.0
43.897243758,842358494307725430,842358495082211016,95,15,46420921000000,2026-09-10T12:27:30.342790+00:00,interpolated,-721.0,785.0,-510.0
43.91613365,842358494326615322,842358495082211016,95,16,46420921000000,2026-09-10T12:27:30.342790+00:00,interpolated,-546.0,753.0,-484.0
43.935023542,842358494345505214,842358495082211016,95,17,46420921000000,2026-09-10T12:27:30.342790+00:00,interpolated,-591.0,645.0,-376.0
43.953913435,842358494364395107,842358495082211016,95,18,46420921000000,2026-09-10T12:27:30.342790+00:00,interpolated,-773.0,483.0,-424.0
43.972803327,842358494383284999,842358495082211016,95,19,46420921000000,2026-09-10T12:27:30.342790+00:00,interpolated,-994.0,347.0,-574.0
43.991693219,842358494402174891,842358495082211016,95,20,46420921000000,2026-09-10T12:27:30.342790+00:00,interpolated,-1198.0,444.0,-503.0
44.010583112,842358494421064784,842358495082211016,95,21,46420921000000,2026-09-10T12:27:30.342790+00:00,interpolated,-1108.0,477.0,-509.0
44.029473004,842358494439954676,842358495082211016,95,22,46420921000000,2026-09-10T12:27:30.342790+00:00,interpolated,-973.0,343.0,-451.0
44.048362896,842358494458844568,842358495082211016,95,23,46420921000000,2026-09-10T12:27:30.342790+00:00,interpolated,-971.0,269.0,-426.0
44.067252789,842358494477734461,842358495082211016,95,24,46420921000000,2026-09-10T12:27:30.342790+00:00,interpolated,-1123.0,401.0,-404.0
44.086142681,842358494496624353,842358495082211016,95,25,46420921000000,2026-09-10T12:27:30.342790+00:00,interpolated,-1168.0,216.0,-542.0
44.105032573,842358494515514245,842358495082211016,95,26,46420921000000,2026-09-10T12:27:30.342790+00:00,interpolated,-1025.0,57.0,-726.0
44.123922466,842358494534404138,842358495082211016,95,27,46420921000000,2026-09-10T12:27:30.342790+00:00,interpolated,-943.0,151.0,-536.0
44.142812358,842358494553294030,842358495082211016,95,28,46420921000000,2026-09-10T12:27:30.342790+00:00,interpolated,-1043.0,288.0,-432.0
44.161702251,842358494572183923,842358495082211016,95,29,46420921000000,2026-09-10T12:27:30.342790+00:00,interpolated,-1144.0,236.0,-592.0
44.180592143,842358494591073815,842358495082211016,95,30,46420921000000,2026-09-10T12:27:30.342790+00:00,interpolated,-1067.0,319.0,-570.0
44.199482035,842358494609963707,842358495082211016,95,31,46420921000000,2026-09-10T12:27:30.342790+00:00,interpolated,-1015.0,281.0,-512.0
44.218371928,842358494628853600,842358495082211016,95,32,46420921000000,2026-09-10T12:27:30.342790+00:00,interpolated,-1063.0,174.0,-432.0
44.23726182,842358494647743492,842358495082211016,95,33,46420921000000,2026-09-10T12:27:30.342790+00:00,interpolated,-1154.0,178.0,-370.0
44.256151712,842358494666633384,842358495082211016,95,34,46420921000000,2026-09-10T12:27:30.342790+00:00,interpolated,-1109.0,224.0,-439.0
44.275041605,842358494685523277,842358495082211016,95,35,46420921000000,2026-09-10T12:27:30.342790+00:00,interpolated,-914.0,248.0,-563.0
44.293931497,842358494704413169,842358495082211016,95,36,46420921000000,2026-09-10T12:27:30.342790+00:00,interpolated,-763.0,246.0,-592.0
44.312821389,842358494723303061,842358495082211016,95,37,46420921000000,2026-09-10T12:27:30.342790+00:00,interpolated,-704.0,252.0,-499.0
44.331711282,842358494742192954,842358495082211016,95,38,46420921000000,2026-09-10T12:27:30.342790+00:00,interpolated,-855.0,318.0,-454.0
44.350601174,842358494761082846,842358495082211016,95,39,46420921000000,2026-09-10T12:27:30.342790+00:00,interpolated,-991.0,420.0,-482.0
44.369491066,842358494779972738,842358495082211016,95,40,46420921000000,2026-09-10T12:27:30.342790+00:00,interpolated,-917.0,496.0,-576.0
44.388380959,842358494798862631,842358495082211016,95,41,46420921000000,2026-09-10T12:27:30.342790+00:00,interpolated,-815.0,516.0,-497.0
44.407270851,842358494817752523,842358495082211016,95,42,46420921000000,2026-09-10T12:27:30.342790+00:00,interpolated,-795.0,422.0,-457.0
44.426160743,842358494836642415,842358495082211016,95,43,46420921000000,2026-09-10T12:27:30.342790+00:00,interpolated,-851.0,425.0,-412.0
44.445050636,842358494855532308,842358495082211016,95,44,46420921000000,2026-09-10T12:27:30.342790+00:00,interpolated,-864.0,467.0,-395.0
44.463940528,842358494874422200,842358495082211016,95,45,46420921000000,2026-09-10T12:27:30.342790+00:00,interpolated,-846.0,539.0,-442.0
44.48283042,842358494893312092,842358495082211016,95,46,46420921000000,2026-09-10T12:27:30.342790+00:00,interpolated,-700.0,670.0,-505.0
44.501720313,842358494912201985,842358495082211016,95,47,46420921000000,2026-09-10T12:27:30.342790+00:00,interpolated,-685.0,681.0,-368.0
44.520610205,842358494931091877,842358495082211016,95,48,46420921000000,2026-09-10T12:27:30.342790+00:00,interpolated,-767.0,642.0,-317.0
44.539500098,842358494949981770,842358495082211016,95,49,46420921000000,2026-09-10T12:27:30.342790+00:00,interpolated,-789.0,684.0,-449.0
44.55838999,842358494968871662,842358495082211016,95,50,46420921000000,2026-09-10T12:27:30.342790+00:00,interpolated,-685.0,742.0,-514.0
44.577279882,842358494987761554,842358495082211016,95,51,46420921000000,2026-09-10T12:27:30.342790+00:00,interpolated,-596.0,748.0,-452.0
44.596169775,842358495006651447,842358495082211016,95,52,46420921000000,2026-09-10T12:27:30.342790+00:00,interpolated,-663.0,714.0,-249.0
44.615059667,842358495025541339,842358495082211016,95,53,46420921000000,2026-09-10T12:27:30.342790+00:00,interpolated,-733.0,748.0,-202.0
44.633949559,842358495044431231,842358495082211016,95,54,46420921000000,2026-09-10T12:27:30.342790+00:00,interpolated,-756.0,816.0,-384.0
44.652839452,842358495063321124,842358495082211016,95,55,46420921000000,2026-09-10T12:27:30.342790+00:00,interpolated,-638.0,846.0,-452.0
44.671729344,842358495082211016,842358495082211016,95,56,46420921000000,2026-09-10T12:27:30.342790+00:00,interpolated,-478.0,811.0,-355.0
44.6906202,842358495101101872,842358496158989822,98,0,46422031000000,2026-09-10T12:27:31.453289+00:00,interpolated,-408.0,827.0,-213.0
44.709511056,842358495119992728,842358496158989822,98,1,46422031000000,2026-09-10T12:27:31.453289+00:00,interpolated,-567.0,893.0,-235.0
44.728401913,842358495138883585,842358496158989822,98,2,46422031000000,2026-09-10T12:27:31.453289+00:00,interpolated,-698.0,894.0,-268.0
44.747292769,842358495157774441,842358496158989822,98,3,46422031000000,2026-09-10T12:27:31.453289+00:00,interpolated,-610.0,857.0,-214.0
44.766183625,842358495176665297,842358496158989822,98,4,46422031000000,2026-09-10T12:27:31.453289+00:00,interpolated,-449.0,953.0,-159.0
44.785074481,842358495195556153,842358496158989822,98,5,46422031000000,2026-09-10T12:27:31.453289+00:00,interpolated,-442.0,993.0,-103.0
44.803965338,842358495214447010,842358496158989822,98,6,46422031000000,2026-09-10T12:27:31.453289+00:00,interpolated,-331.0,986.0,-111.0
44.822856194,842358495233337866,842358496158989822,98,7,46422031000000,2026-09-10T12:27:31.453289+00:00,interpolated,-298.0,971.0,-232.0
44.84174705,842358495252228722,842358496158989822,98,8,46422031000000,2026-09-10T12:27:31.453289+00:00,interpolated,-166.0,966.0,-324.0
44.860637906,842358495271119578,842358496158989822,98,9,46422031000000,2026-09-10T12:27:31.453289+00:00,interpolated,-125.0,864.0,-361.0
44.879528763,842358495290010435,842358496158989822,98,10,46422031000000,2026-09-10T12:27:31.453289+00:00,interpolated,-247.0,680.0,-281.0
44.898419619,842358495308901291,842358496158989822,98,11,46422031000000,2026-09-10T12:27:31.453289+00:00,interpolated,-362.0,612.0,-354.0
44.917310475,842358495327792147,842358496158989822,98,12,46422031000000,2026-09-10T12:27:31.453289+00:00,interpolated,-368.0,760.0,-515.0
44.936201331,842358495346683003,842358496158989822,98,13,46422031000000,2026-09-10T12:27:31.453289+00:00,interpolated,-20.0,1006.0,-722.0
44.955092188,842358495365573860,842358496158989822,98,14,46422031000000,2026-09-10T12:27:31.453289+00:00,interpolated,108.0,1021.0,-538.0
44.973983044,842358495384464716,842358496158989822,98,15,46422031000000,2026-09-10T12:27:31.453289+00:00,interpolated,-157.0,812.0,-331.0
44.9928739,842358495403355572,842358496158989822,98,16,46422031000000,2026-09-10T12:27:31.453289+00:00,interpolated,-528.0,822.0,-349.0
45.011764756,842358495422246428,842358496158989822,98,17,46422031000000,2026-09-10T12:27:31.453289+00:00,interpolated,-570.0,861.0,-414.0
45.030655613,842358495441137285,842358496158989822,98,18,46422031000000,2026-09-10T12:27:31.453289+00:00,interpolated,-545.0,827.0,-437.0
45.049546469,842358495460028141,842358496158989822,98,19,46422031000000,2026-09-10T12:27:31.453289+00:00,interpolated,-510.0,886.0,-351.0
45.068437325,842358495478918997,842358496158989822,98,20,46422031000000,2026-09-10T12:27:31.453289+00:00,interpolated,-510.0,905.0,-343.0
45.087328181,842358495497809853,842358496158989822,98,21,46422031000000,2026-09-10T12:27:31.453289+00:00,interpolated,-402.0,890.0,-386.0
45.106219038,842358495516700710,842358496158989822,98,22,46422031000000,2026-09-10T12:27:31.453289+00:00,interpolated,-267.0,774.0,-411.0
45.125109894,842358495535591566,842358496158989822,98,23,46422031000000,2026-09-10T12:27:31.453289+00:00,interpolated,-59.0,809.0,-24.0
45.14400075,842358495554482422,842358496158989822,98,24,46422031000000,2026-09-10T12:27:31.453289+00:00,interpolated,30.0,1129.0,-192.0
45.162891606,842358495573373278,842358496158989822,98,25,46422031000000,2026-09-10T12:27:31.453289+00:00,interpolated,-170.0,1028.0,-299.0
45.181782463,842358495592264135,842358496158989822,98,26,46422031000000,2026-09-10T12:27:31.453289+00:00,interpolated,-119.0,827.0,-396.0
45.200673319,842358495611154991,842358496158989822,98,27,46422031000000,2026-09-10T12:27:31.453289+00:00,interpolated,-324.0,820.0,-252.0
45.219564175,842358495630045847,842358496158989822,98,28,46422031000000,2026-09-10T12:27:31.453289+00:00,interpolated,-485.0,897.0,-274.0
45.238455031,842358495648936703,842358496158989822,98,29,46422031000000,2026-09-10T12:27:31.453289+00:00,interpolated,-500.0,892.0,-323.0
45.257345888,842358495667827560,842358496158989822,98,30,46422031000000,2026-09-10T12:27:31.453289+00:00,interpolated,-436.0,965.0,-347.0
45.276236744,842358495686718416,842358496158989822,98,31,46422031000000,2026-09-10T12:27:31.453289+00:00,interpolated,-499.0,813.0,-203.0
45.2951276,842358495705609272,842358496158989822,98,32,46422031000000,2026-09-10T12:27:31.453289+00:00,interpolated,-772.0,714.0,-90.0
45.314018456,842358495724500128,842358496158989822,98,33,46422031000000,2026-09-10T12:27:31.453289+00:00,interpolated,-693.0,624.0,-288.0
45.332909313,842358495743390985,842358496158989822,98,34,46422031000000,2026-09-10T12:27:31.453289+00:00,interpolated,-676.0,864.0,-286.0
45.351800169,842358495762281841,842358496158989822,98,35,46422031000000,2026-09-10T12:27:31.453289+00:00,interpolated,-577.0,829.0,-256.0
45.370691025,842358495781172697,842358496158989822,98,36,46422031000000,2026-09-10T12:27:31.453289+00:00,interpolated,-627.0,709.0,-281.0
45.389581881,842358495800063553,842358496158989822,98,37,46422031000000,2026-09-10T12:27:31.453289+00:00,interpolated,-784.0,724.0,-450.0
45.408472738,842358495818954410,842358496158989822,98,38,46422031000000,2026-09-10T12:27:31.453289+00:00,interpolated,-875.0,716.0,-504.0
45.427363594,842358495837845266,842358496158989822,98,39,46422031000000,2026-09-10T12:27:31.453289+00:00,interpolated,-664.0,624.0,-509.0
45.44625445,842358495856736122,842358496158989822,98,40,46422031000000,2026-09-10T12:27:31.453289+00:00,interpolated,-571.0,497.0,-330.0
45.465145306,842358495875626978,842358496158989822,98,41,46422031000000,2026-09-10T12:27:31.453289+00:00,interpolated,-1011.0,664.0,-341.0
45.484036163,842358495894517835,842358496158989822,98,42,46422031000000,2026-09-10T12:27:31.453289+00:00,interpolated,-1065.0,517.0,-540.0
45.502927019,842358495913408691,842358496158989822,98,43,46422031000000,2026-09-10T12:27:31.453289+00:00,interpolated,-802.0,386.0,-526.0
45.521817875,842358495932299547,842358496158989822,98,44,46422031000000,2026-09-10T12:27:31.453289+00:00,interpolated,-814.0,497.0,-480.0
45.540708731,842358495951190403,842358496158989822,98,45,46422031000000,2026-09-10T12:27:31.453289+00:00,interpolated,-975.0,391.0,-505.0
45.559599588,842358495970081260,842358496158989822,98,46,46422031000000,2026-09-10T12:27:31.453289+00:00,interpolated,-996.0,317.0,-412.0
45.578490444,842358495988972116,842358496158989822,98,47,46422031000000,2026-09-10T12:27:31.453289+00:00,interpolated,-1037.0,312.0,-294.0
45.5973813,842358496007862972,842358496158989822,98,48,46422031000000,2026-09-10T12:27:31.453289+00:00,interpolated,-1217.0,489.0,-445.0
45.616272156,842358496026753828,842358496158989822,98,49,46422031000000,2026-09-10T12:27:31.453289+00:00,interpolated,-1111.0,182.0,-667.0
45.635163013,842358496045644685,842358496158989822,98,50,46422031000000,2026-09-10T12:27:31.453289+00:00,interpolated,-805.0,55.0,-577.0
45.654053869,842358496064535541,842358496158989822,98,51,46422031000000,2026-09-10T12:27:31.453289+00:00,interpolated,-841.0,331.0,-567.0
45.672944725,842358496083426397,842358496158989822,98,52,46422031000000,2026-09-10T12:27:31.453289+00:00,interpolated,-953.0,368.0,-594.0
45.691835581,842358496102317253,842358496158989822,98,53,46422031000000,2026-09-10T12:27:31.453289+00:00,interpolated,-1047.0,412.0,-564.0
45.710726438,842358496121208110,842358496158989822,98,54,46422031000000,2026-09-10T12:27:31.453289+00:00,interpolated,-1096.0,338.0,-486.0
45.729617294,842358496140098966,842358496158989822,98,55,46422031000000,2026-09-10T12:27:31.453289+00:00,interpolated,-1049.0,394.0,-516.0
45.74850815,842358496158989822,842358496158989822,98,56,46422031000000,2026-09-10T12:27:31.453289+00:00,interpolated,-986.0,441.0,-425.0
45.767398792,842358496177880464,842358497235756416,102,0,46423156000000,2026-09-10T12:27:32.564054+00:00,interpolated,-1008.0,247.0,-438.0
45.786289434,842358496196771106,842358497235756416,102,1,46423156000000,2026-09-10T12:27:32.564054+00:00,interpolated,-953.0,155.0,-413.0
45.805180076,842358496215661748,842358497235756416,102,2,46423156000000,2026-09-10T12:27:32.564054+00:00,interpolated,-984.0,311.0,-437.0
45.824070718,842358496234552390,842358497235756416,102,3,46423156000000,2026-09-10T12:27:32.564054+00:00,interpolated,-876.0,457.0,-522.0
45.84296136,842358496253443032,842358497235756416,102,4,46423156000000,2026-09-10T12:27:32.564054+00:00,interpolated,-779.0,517.0,-548.0
45.861852002,842358496272333674,842358497235756416,102,5,46423156000000,2026-09-10T12:27:32.564054+00:00,interpolated,-767.0,452.0,-457.0
45.880742644,842358496291224316,842358497235756416,102,6,46423156000000,2026-09-10T12:27:32.564054+00:00,interpolated,-886.0,416.0,-412.0
45.899633286,842358496310114958,842358497235756416,102,7,46423156000000,2026-09-10T12:27:32.564054+00:00,interpolated,-982.0,379.0,-413.0
45.918523928,842358496329005600,842358497235756416,102,8,46423156000000,2026-09-10T12:27:32.564054+00:00,interpolated,-933.0,467.0,-482.0
45.93741457,842358496347896242,842358497235756416,102,9,46423156000000,2026-09-10T12:27:32.564054+00:00,interpolated,-807.0,569.0,-499.0
45.956305212,842358496366786884,842358497235756416,102,10,46423156000000,2026-09-10T12:27:32.564054+00:00,interpolated,-688.0,681.0,-407.0
45.975195854,842358496385677526,842358497235756416,102,11,46423156000000,2026-09-10T12:27:32.564054+00:00,interpolated,-648.0,761.0,-433.0
45.994086496,842358496404568168,842358497235756416,102,12,46423156000000,2026-09-10T12:27:32.564054+00:00,interpolated,-674.0,714.0,-500.0
46.012977138,842358496423458810,842358497235756416,102,13,46423156000000,2026-09-10T12:27:32.564054+00:00,interpolated,-634.0,640.0,-547.0
46.03186778,842358496442349452,842358497235756416,102,14,46423156000000,2026-09-10T12:27:32.564054+00:00,interpolated,-653.0,701.0,-428.0
46.050758422,842358496461240094,842358497235756416,102,15,46423156000000,2026-09-10T12:27:32.564054+00:00,interpolated,-701.0,776.0,-326.0
46.069649064,842358496480130736,842358497235756416,102,16,46423156000000,2026-09-10T12:27:32.564054+00:00,interpolated,-713.0,822.0,-393.0
46.088539706,842358496499021378,842358497235756416,102,17,46423156000000,2026-09-10T12:27:32.564054+00:00,interpolated,-660.0,830.0,-403.0
46.107430348,842358496517912020,842358497235756416,102,18,46423156000000,2026-09-10T12:27:32.564054+00:00,interpolated,-560.0,815.0,-390.0
46.12632099,842358496536802662,842358497235756416,102,19,46423156000000,2026-09-10T12:27:32.564054+00:00,interpolated,-442.0,783.0,-393.0
46.145211632,842358496555693304,842358497235756416,102,20,46423156000000,2026-09-10T12:27:32.564054+00:00,interpolated,-467.0,819.0,-249.0
46.164102274,842358496574583946,842358497235756416,102,21,46423156000000,2026-09-10T12:27:32.564054+00:00,interpolated,-605.0,860.0,-308.0
46.182992916,842358496593474588,842358497235756416,102,22,46423156000000,2026-09-10T12:27:32.564054+00:00,interpolated,-633.0,910.0,-284.0
46.201883558,842358496612365230,842358497235756416,102,23,46423156000000,2026-09-10T12:27:32.564054+00:00,interpolated,-529.0,937.0,-248.0
46.2207742,842358496631255872,842358497235756416,102,24,46423156000000,2026-09-10T12:27:32.564054+00:00,interpolated,-406.0,939.0,-256.0
46.239664842,842358496650146514,842358497235756416,102,25,46423156000000,2026-09-10T12:27:32.564054+00:00,interpolated,-435.0,953.0,-247.0
46.258555484,842358496669037156,842358497235756416,102,26,46423156000000,2026-09-10T12:27:32.564054+00:00,interpolated,-471.0,938.0,-228.0
46.277446126,842358496687927798,842358497235756416,102,27,46423156000000,2026-09-10T12:27:32.564054+00:00,interpolated,-436.0,1002.0,-208.0
46.296336768,842358496706818440,842358497235756416,102,28,46423156000000,2026-09-10T12:27:32.564054+00:00,interpolated,-402.0,1016.0,-175.0
46.31522741,842358496725709082,842358497235756416,102,29,46423156000000,2026-09-10T12:27:32.564054+00:00,interpolated,-325.0,1025.0,-113.0
46.334118052,842358496744599724,842358497235756416,102,30,46423156000000,2026-09-10T12:27:32.564054+00:00,interpolated,-172.0,1047.0,-184.0
46.353008694,842358496763490366,842358497235756416,102,31,46423156000000,2026-09-10T12:27:32.564054+00:00,interpolated,-60.0,955.0,-181.0
46.371899336,842358496782381008,842358497235756416,102,32,46423156000000,2026-09-10T12:27:32.564054+00:00,interpolated,-53.0,816.0,-179.0
46.390789978,842358496801271650,842358497235756416,102,33,46423156000000,2026-09-10T12:27:32.564054+00:00,interpolated,-219.0,640.0,-298.0
46.40968062,842358496820162292,842358497235756416,102,34,46423156000000,2026-09-10T12:27:32.564054+00:00,interpolated,-314.0,600.0,-478.0
46.428571262,842358496839052934,842358497235756416,102,35,46423156000000,2026-09-10T12:27:32.564054+00:00,interpolated,-286.0,787.0,-734.0
46.447461904,842358496857943576,842358497235756416,102,36,46423156000000,2026-09-10T12:27:32.564054+00:00,interpolated,-244.0,972.0,-822.0
46.466352546,842358496876834218,842358497235756416,102,37,46423156000000,2026-09-10T12:27:32.564054+00:00,interpolated,-436.0,984.0,-642.0
46.485243188,842358496895724860,842358497235756416,102,38,46423156000000,2026-09-10T12:27:32.564054+00:00,interpolated,-520.0,877.0,-525.0
46.50413383,842358496914615502,842358497235756416,102,39,46423156000000,2026-09-10T12:27:32.564054+00:00,interpolated,-284.0,771.0,-418.0
46.523024472,842358496933506144,842358497235756416,102,40,46423156000000,2026-09-10T12:27:32.564054+00:00,interpolated,-367.0,858.0,-221.0
46.541915114,842358496952396786,842358497235756416,102,41,46423156000000,2026-09-10T12:27:32.564054+00:00,interpolated,-336.0,822.0,-269.0
46.560805756,842358496971287428,842358497235756416,102,42,46423156000000,2026-09-10T12:27:32.564054+00:00,interpolated,-441.0,1061.0,-42.0
46.579696398,842358496990178070,842358497235756416,102,43,46423156000000,2026-09-10T12:27:32.564054+00:00,interpolated,-542.0,971.0,-214.0
46.59858704,842358497009068712,842358497235756416,102,44,46423156000000,2026-09-10T12:27:32.564054+00:00,interpolated,-566.0,916.0,-305.0
46.617477682,842358497027959354,842358497235756416,102,45,46423156000000,2026-09-10T12:27:32.564054+00:00,interpolated,-312.0,988.0,-177.0
46.636368324,842358497046849996,842358497235756416,102,46,46423156000000,2026-09-10T12:27:32.564054+00:00,interpolated,-16.0,959.0,-286.0
46.655258966,842358497065740638,842358497235756416,102,47,46423156000000,2026-09-10T12:27:32.564054+00:00,interpolated,-72.0,730.0,-307.0
46.674149608,842358497084631280,842358497235756416,102,48,46423156000000,2026-09-10T12:27:32.564054+00:00,interpolated,-132.0,625.0,-371.0
46.69304025,842358497103521922,842358497235756416,102,49,46423156000000,2026-09-10T12:27:32.564054+00:00,interpolated,-217.0,767.0,-225.0
46.711930892,842358497122412564,842358497235756416,102,50,46423156000000,2026-09-10T12:27:32.564054+00:00,interpolated,-458.0,871.0,-345.0
46.730821534,842358497141303206,842358497235756416,102,51,46423156000000,2026-09-10T12:27:32.564054+00:00,interpolated,-594.0,1120.0,-208.0
46.749712176,842358497160193848,842358497235756416,102,52,46423156000000,2026-09-10T12:27:32.564054+00:00,interpolated,-502.0,924.0,-407.0
46.768602818,842358497179084490,842358497235756416,102,53,46423156000000,2026-09-10T12:27:32.564054+00:00,interpolated,-158.0,766.0,-283.0
46.78749346,842358497197975132,842358497235756416,102,54,46423156000000,2026-09-10T12:27:32.564054+00:00,interpolated,-266.0,923.0,-188.0
46.806384102,842358497216865774,842358497235756416,102,55,46423156000000,2026-09-10T12:27:32.564054+00:00,interpolated,-695.0,750.0,-172.0
46.825274744,842358497235756416,842358497235756416,102,56,46423156000000,2026-09-10T12:27:32.564054+00:00,interpolated,-849.0,763.0,-396.0
46.844165386,842358497254647058,842358498331413652,104,0,46423921000000,2026-09-10T12:27:33.343429+00:00,interpolated,-716.0,641.0,-471.0
46.863056028,842358497273537700,842358498331413652,104,1,46423921000000,2026-09-10T12:27:33.343429+00:00,interpolated,-573.0,850.0,-406.0
46.88194667,842358497292428342,842358498331413652,104,2,46423921000000,2026-09-10T12:27:33.343429+00:00,interpolated,-607.0,616.0,-319.0
46.900837312,842358497311318984,842358498331413652,104,3,46423921000000,2026-09-10T12:27:33.343429+00:00,interpolated,-584.0,517.0,-325.0
46.919727954,842358497330209626,842358498331413652,104,4,46423921000000,2026-09-10T12:27:33.343429+00:00,interpolated,-952.0,792.0,-343.0
46.938618596,842358497349100268,842358498331413652,104,5,46423921000000,2026-09-10T12:27:33.343429+00:00,interpolated,-1024.0,663.0,-403.0
46.957509238,842358497367990910,842358498331413652,104,6,46423921000000,2026-09-10T12:27:33.343429+00:00,interpolated,-989.0,414.0,-425.0
46.97639988,842358497386881552,842358498331413652,104,7,46423921000000,2026-09-10T12:27:33.343429+00:00,interpolated,-1005.0,401.0,-455.0
46.995290522,842358497405772194,842358498331413652,104,8,46423921000000,2026-09-10T12:27:33.343429+00:00,interpolated,-1018.0,471.0,-575.0
47.014181164,842358497424662836,842358498331413652,104,9,46423921000000,2026-09-10T12:27:33.343429+00:00,interpolated,-901.0,366.0,-599.0
47.033071806,842358497443553478,842358498331413652,104,10,46423921000000,2026-09-10T12:27:33.343429+00:00,interpolated,-817.0,273.0,-321.0
47.051962448,842358497462444120,842358498331413652,104,11,46423921000000,2026-09-10T12:27:33.343429+00:00,interpolated,-1051.0,399.0,-350.0
47.07085309,842358497481334762,842358498331413652,104,12,46423921000000,2026-09-10T12:27:33.343429+00:00,interpolated,-1171.0,414.0,-533.0
47.089743732,842358497500225404,842358498331413652,104,13,46423921000000,2026-09-10T12:27:33.343429+00:00,interpolated,-1041.0,289.0,-544.0
47.108634374,842358497519116046,842358498331413652,104,14,46423921000000,2026-09-10T12:27:33.343429+00:00,interpolated,-1036.0,384.0,-419.0
47.127525016,842358497538006688,842358498331413652,104,15,46423921000000,2026-09-10T12:27:33.343429+00:00,interpolated,-1061.0,325.0,-561.0
47.146415658,842358497556897330,842358498331413652,104,16,46423921000000,2026-09-10T12:27:33.343429+00:00,interpolated,-1090.0,293.0,-552.0
47.1653063,842358497575787972,842358498331413652,104,17,46423921000000,2026-09-10T12:27:33.343429+00:00,interpolated,-1069.0,376.0,-456.0
47.184196942,842358497594678614,842358498331413652,104,18,46423921000000,2026-09-10T12:27:33.343429+00:00,interpolated,-1077.0,386.0,-483.0
47.203087584,842358497613569256,842358498331413652,104,19,46423921000000,2026-09-10T12:27:33.343429+00:00,interpolated,-979.0,280.0,-486.0
47.221978226,842358497632459898,842358498331413652,104,20,46423921000000,2026-09-10T12:27:33.343429+00:00,interpolated,-1007.0,224.0,-427.0
47.240868868,842358497651350540,842358498331413652,104,21,46423921000000,2026-09-10T12:27:33.343429+00:00,interpolated,-1029.0,318.0,-441.0
47.25975951,842358497670241182,842358498331413652,104,22,46423921000000,2026-09-10T12:27:33.343429+00:00,interpolated,-1002.0,339.0,-454.0
47.278650152,842358497689131824,842358498331413652,104,23,46423921000000,2026-09-10T12:27:33.343429+00:00,interpolated,-956.0,340.0,-453.0
47.297540794,842358497708022466,842358498331413652,104,24,46423921000000,2026-09-10T12:27:33.343429+00:00,interpolated,-866.0,280.0,-419.0
47.316431436,842358497726913108,842358498331413652,104,25,46423921000000,2026-09-10T12:27:33.343429+00:00,interpolated,-872.0,319.0,-492.0
47.335322078,842358497745803750,842358498331413652,104,26,46423921000000,2026-09-10T12:27:33.343429+00:00,interpolated,-793.0,410.0,-557.0
47.35421272,842358497764694392,842358498331413652,104,27,46423921000000,2026-09-10T12:27:33.343429+00:00,interpolated,-770.0,462.0,-512.0
47.373103362,842358497783585034,842358498331413652,104,28,46423921000000,2026-09-10T12:27:33.343429+00:00,interpolated,-753.0,571.0,-510.0
47.391994004,842358497802475676,842358498331413652,104,29,46423921000000,2026-09-10T12:27:33.343429+00:00,interpolated,-723.0,647.0,-599.0
47.410884646,842358497821366318,842358498331413652,104,30,46423921000000,2026-09-10T12:27:33.343429+00:00,interpolated,-661.0,569.0,-645.0
47.429775288,842358497840256960,842358498331413652,104,31,46423921000000,2026-09-10T12:27:33.343429+00:00,interpolated,-703.0,527.0,-535.0
47.44866593,842358497859147602,842358498331413652,104,32,46423921000000,2026-09-10T12:27:33.343429+00:00,interpolated,-826.0,526.0,-369.0
47.467556572,842358497878038244,842358498331413652,104,33,46423921000000,2026-09-10T12:27:33.343429+00:00,interpolated,-869.0,571.0,-321.0
47.486447214,842358497896928886,842358498331413652,104,34,46423921000000,2026-09-10T12:27:33.343429+00:00,interpolated,-845.0,630.0,-512.0
47.505337856,842358497915819528,842358498331413652,104,35,46423921000000,2026-09-10T12:27:33.343429+00:00,interpolated,-649.0,597.0,-578.0
47.524228498,842358497934710170,842358498331413652,104,36,46423921000000,2026-09-10T12:27:33.343429+00:00,interpolated,-530.0,585.0,-517.0
47.54311914,842358497953600812,842358498331413652,104,37,46423921000000,2026-09-10T12:27:33.343429+00:00,interpolated,-481.0,695.0,-400.0
47.562009782,842358497972491454,842358498331413652,104,38,46423921000000,2026-09-10T12:27:33.343429+00:00,interpolated,-603.0,785.0,-341.0
47.580900424,842358497991382096,842358498331413652,104,39,46423921000000,2026-09-10T12:27:33.343429+00:00,interpolated,-792.0,821.0,-368.0
47.599791066,842358498010272738,842358498331413652,104,40,46423921000000,2026-09-10T12:27:33.343429+00:00,interpolated,-791.0,755.0,-436.0
47.618681708,842358498029163380,842358498331413652,104,41,46423921000000,2026-09-10T12:27:33.343429+00:00,interpolated,-607.0,757.0,-465.0
47.63757235,842358498048054022,842358498331413652,104,42,46423921000000,2026-09-10T12:27:33.343429+00:00,interpolated,-464.0,818.0,-408.0
47.656462992,842358498066944664,842358498331413652,104,43,46423921000000,2026-09-10T12:27:33.343429+00:00,interpolated,-467.0,840.0,-270.0
47.675353634,842358498085835306,842358498331413652,104,44,46423921000000,2026-09-10T12:27:33.343429+00:00,interpolated,-517.0,867.0,-306.0
47.694244276,842358498104725948,842358498331413652,104,45,46423921000000,2026-09-10T12:27:33.343429+00:00,interpolated,-572.0,809.0,-349.0
47.713134918,842358498123616590,842358498331413652,104,46,46423921000000,2026-09-10T12:27:33.343429+00:00,interpolated,-569.0,869.0,-355.0
47.73202556,842358498142507232,842358498331413652,104,47,46423921000000,2026-09-10T12:27:33.343429+00:00,interpolated,-494.0,931.0,-307.0
47.750916202,842358498161397874,842358498331413652,104,48,46423921000000,2026-09-10T12:27:33.343429+00:00,interpolated,-452.0,969.0,-234.0
47.769806844,842358498180288516,842358498331413652,104,49,46423921000000,2026-09-10T12:27:33.343429+00:00,interpolated,-554.0,963.0,-230.0
47.788697486,842358498199179158,842358498331413652,104,50,46423921000000,2026-09-10T12:27:33.343429+00:00,interpolated,-612.0,951.0,-279.0
47.807588128,842358498218069800,842358498331413652,104,51,46423921000000,2026-09-10T12:27:33.343429+00:00,interpolated,-520.0,923.0,-212.0
47.82647877,842358498236960442,842358498331413652,104,52,46423921000000,2026-09-10T12:27:33.343429+00:00,interpolated,-374.0,975.0,-113.0
47.845369412,842358498255851084,842358498331413652,104,53,46423921000000,2026-09-10T12:27:33.343429+00:00,interpolated,-278.0,1080.0,-95.0
47.864260054,842358498274741726,842358498331413652,104,54,46423921000000,2026-09-10T12:27:33.343429+00:00,interpolated,-175.0,1076.0,-162.0
47.883150696,842358498293632368,842358498331413652,104,55,46423921000000,2026-09-10T12:27:33.343429+00:00,interpolated,15.0,863.0,-235.0
47.902041338,842358498312523010,842358498331413652,104,56,46423921000000,2026-09-10T12:27:33.343429+00:00,interpolated,-64.0,653.0,-243.0
47.92093198,842358498331413652,842358498331413652,104,57,46423921000000,2026-09-10T12:27:33.343429+00:00,interpolated,-269.0,581.0,-383.0
47.939822057,842358498350303729,842358499351477802,107,0,46425031000000,2026-09-10T12:27:34.452844+00:00,interpolated,-603.0,636.0,-670.0
47.958712134,842358498369193806,842358499351477802,107,1,46425031000000,2026-09-10T12:27:34.452844+00:00,interpolated,-640.0,906.0,-869.0
47.977602211,842358498388083883,842358499351477802,107,2,46425031000000,2026-09-10T12:27:34.452844+00:00,interpolated,-373.0,936.0,-662.0
47.996492287,842358498406973959,842358499351477802,107,3,46425031000000,2026-09-10T12:27:34.452844+00:00,interpolated,-400.0,842.0,-436.0
48.015382364,842358498425864036,842358499351477802,107,4,46425031000000,2026-09-10T12:27:34.452844+00:00,interpolated,-504.0,789.0,-380.0
48.034272441,842358498444754113,842358499351477802,107,5,46425031000000,2026-09-10T12:27:34.452844+00:00,interpolated,-463.0,787.0,-376.0
48.053162518,842358498463644190,842358499351477802,107,6,46425031000000,2026-09-10T12:27:34.452844+00:00,interpolated,-206.0,925.0,-207.0
48.072052595,842358498482534267,842358499351477802,107,7,46425031000000,2026-09-10T12:27:34.452844+00:00,interpolated,-333.0,996.0,-174.0
48.090942672,842358498501424344,842358499351477802,107,8,46425031000000,2026-09-10T12:27:34.452844+00:00,interpolated,-442.0,886.0,-386.0
48.109832749,842358498520314421,842358499351477802,107,9,46425031000000,2026-09-10T12:27:34.452844+00:00,interpolated,-521.0,768.0,-447.0
48.128722825,842358498539204497,842358499351477802,107,10,46425031000000,2026-09-10T12:27:34.452844+00:00,interpolated,-314.0,789.0,-160.0
48.147612902,842358498558094574,842358499351477802,107,11,46425031000000,2026-09-10T12:27:34.452844+00:00,interpolated,-205.0,1114.0,-19.0
48.166502979,842358498576984651,842358499351477802,107,12,46425031000000,2026-09-10T12:27:34.452844+00:00,interpolated,-195.0,1005.0,-322.0
48.185393056,842358498595874728,842358499351477802,107,13,46425031000000,2026-09-10T12:27:34.452844+00:00,interpolated,-321.0,746.0,-503.0
48.204283133,842358498614764805,842358499351477802,107,14,46425031000000,2026-09-10T12:27:34.452844+00:00,interpolated,-349.0,642.0,-408.0
48.22317321,842358498633654882,842358499351477802,107,15,46425031000000,2026-09-10T12:27:34.452844+00:00,interpolated,-573.0,690.0,134.0
48.242063286,842358498652544958,842358499351477802,107,16,46425031000000,2026-09-10T12:27:34.452844+00:00,interpolated,-557.0,778.0,-253.0
48.260953363,842358498671435035,842358499351477802,107,17,46425031000000,2026-09-10T12:27:34.452844+00:00,interpolated,-469.0,966.0,-412.0
48.27984344,842358498690325112,842358499351477802,107,18,46425031000000,2026-09-10T12:27:34.452844+00:00,interpolated,-258.0,1118.0,-310.0
48.298733517,842358498709215189,842358499351477802,107,19,46425031000000,2026-09-10T12:27:34.452844+00:00,interpolated,-461.0,832.0,-294.0
48.317623594,842358498728105266,842358499351477802,107,20,46425031000000,2026-09-10T12:27:34.452844+00:00,interpolated,-502.0,856.0,-245.0
48.336513671,842358498746995343,842358499351477802,107,21,46425031000000,2026-09-10T12:27:34.452844+00:00,interpolated,-514.0,852.0,-373.0
48.355403748,842358498765885420,842358499351477802,107,22,46425031000000,2026-09-10T12:27:34.452844+00:00,interpolated,-532.0,837.0,-358.0
48.374293824,842358498784775496,842358499351477802,107,23,46425031000000,2026-09-10T12:27:34.452844+00:00,interpolated,-738.0,719.0,-297.0
48.393183901,842358498803665573,842358499351477802,107,24,46425031000000,2026-09-10T12:27:34.452844+00:00,interpolated,-930.0,603.0,-390.0
48.412073978,842358498822555650,842358499351477802,107,25,46425031000000,2026-09-10T12:27:34.452844+00:00,interpolated,-911.0,495.0,-569.0
48.430964055,842358498841445727,842358499351477802,107,26,46425031000000,2026-09-10T12:27:34.452844+00:00,interpolated,-742.0,581.0,-418.0
48.449854132,842358498860335804,842358499351477802,107,27,46425031000000,2026-09-10T12:27:34.452844+00:00,interpolated,-746.0,721.0,-439.0
48.468744209,842358498879225881,842358499351477802,107,28,46425031000000,2026-09-10T12:27:34.452844+00:00,interpolated,-920.0,552.0,-383.0
48.487634286,842358498898115958,842358499351477802,107,29,46425031000000,2026-09-10T12:27:34.452844+00:00,interpolated,-1017.0,396.0,-451.0
48.506524362,842358498917006034,842358499351477802,107,30,46425031000000,2026-09-10T12:27:34.452844+00:00,interpolated,-1033.0,326.0,-471.0
48.525414439,842358498935896111,842358499351477802,107,31,46425031000000,2026-09-10T12:27:34.452844+00:00,interpolated,-1038.0,395.0,-511.0
48.544304516,842358498954786188,842358499351477802,107,32,46425031000000,2026-09-10T12:27:34.452844+00:00,interpolated,-1074.0,426.0,-424.0
48.563194593,842358498973676265,842358499351477802,107,33,46425031000000,2026-09-10T12:27:34.452844+00:00,interpolated,-1069.0,391.0,-533.0
48.58208467,842358498992566342,842358499351477802,107,34,46425031000000,2026-09-10T12:27:34.452844+00:00,interpolated,-1033.0,373.0,-663.0
48.600974747,842358499011456419,842358499351477802,107,35,46425031000000,2026-09-10T12:27:34.452844+00:00,interpolated,-981.0,300.0,-616.0
48.619864824,842358499030346496,842358499351477802,107,36,46425031000000,2026-09-10T12:27:34.452844+00:00,interpolated,-1020.0,286.0,-541.0
48.6387549,842358499049236572,842358499351477802,107,37,46425031000000,2026-09-10T12:27:34.452844+00:00,interpolated,-1081.0,339.0,-496.0
48.657644977,842358499068126649,842358499351477802,107,38,46425031000000,2026-09-10T12:27:34.452844+00:00,interpolated,-1127.0,378.0,-497.0
48.676535054,842358499087016726,842358499351477802,107,39,46425031000000,2026-09-10T12:27:34.452844+00:00,interpolated,-1104.0,349.0,-452.0
48.695425131,842358499105906803,842358499351477802,107,40,46425031000000,2026-09-10T12:27:34.452844+00:00,interpolated,-997.0,348.0,-441.0
48.714315208,842358499124796880,842358499351477802,107,41,46425031000000,2026-09-10T12:27:34.452844+00:00,interpolated,-819.0,402.0,-485.0
48.733205285,842358499143686957,842358499351477802,107,42,46425031000000,2026-09-10T12:27:34.452844+00:00,interpolated,-694.0,394.0,-475.0
48.752095361,842358499162577033,842358499351477802,107,43,46425031000000,2026-09-10T12:27:34.452844+00:00,interpolated,-773.0,354.0,-425.0
48.770985438,842358499181467110,842358499351477802,107,44,46425031000000,2026-09-10T12:27:34.452844+00:00,interpolated,-949.0,367.0,-393.0
48.789875515,842358499200357187,842358499351477802,107,45,46425031000000,2026-09-10T12:27:34.452844+00:00,interpolated,-881.0,461.0,-452.0
48.808765592,842358499219247264,842358499351477802,107,46,46425031000000,2026-09-10T12:27:34.452844+00:00,interpolated,-771.0,567.0,-557.0
48.827655669,842358499238137341,842358499351477802,107,47,46425031000000,2026-09-10T12:27:34.452844+00:00,interpolated,-660.0,619.0,-587.0
48.846545746,842358499257027418,842358499351477802,107,48,46425031000000,2026-09-10T12:27:34.452844+00:00,interpolated,-641.0,649.0,-542.0
48.865435823,842358499275917495,842358499351477802,107,49,46425031000000,2026-09-10T12:27:34.452844+00:00,interpolated,-678.0,619.0,-510.0
48.884325899,842358499294807571,842358499351477802,107,50,46425031000000,2026-09-10T12:27:34.452844+00:00,interpolated,-690.0,664.0,-562.0
48.903215976,842358499313697648,842358499351477802,107,51,46425031000000,2026-09-10T12:27:34.452844+00:00,interpolated,-612.0,764.0,-593.0
48.922106053,842358499332587725,842358499351477802,107,52,46425031000000,2026-09-10T12:27:34.452844+00:00,interpolated,-528.0,849.0,-660.0
48.94099613,842358499351477802,842358499351477802,107,53,46425031000000,2026-09-10T12:27:34.452844+00:00,interpolated,-488.0,802.0,-591.0
48.959886772,842358499370368444,842358500428244396,111,0,46426171000000,2026-09-10T12:27:35.593565+00:00,interpolated,-571.0,655.0,-369.0
48.978777414,842358499389259086,842358500428244396,111,1,46426171000000,2026-09-10T12:27:35.593565+00:00,interpolated,-856.0,655.0,-216.0
48.997668056,842358499408149728,842358500428244396,111,2,46426171000000,2026-09-10T12:27:35.593565+00:00,interpolated,-1015.0,600.0,-166.0
49.016558698,842358499427040370,842358500428244396,111,3,46426171000000,2026-09-10T12:27:35.593565+00:00,interpolated,-1012.0,687.0,-300.0
49.03544934,842358499445931012,842358500428244396,111,4,46426171000000,2026-09-10T12:27:35.593565+00:00,interpolated,-780.0,703.0,-319.0
49.054339982,842358499464821654,842358500428244396,111,5,46426171000000,2026-09-10T12:27:35.593565+00:00,interpolated,-584.0,650.0,-231.0
49.073230624,842358499483712296,842358500428244396,111,6,46426171000000,2026-09-10T12:27:35.593565+00:00,interpolated,-598.0,611.0,-156.0
49.092121266,842358499502602938,842358500428244396,111,7,46426171000000,2026-09-10T12:27:35.593565+00:00,interpolated,-764.0,659.0,-193.0
49.111011908,842358499521493580,842358500428244396,111,8,46426171000000,2026-09-10T12:27:35.593565+00:00,interpolated,-878.0,747.0,-294.0
49.12990255,842358499540384222,842358500428244396,111,9,46426171000000,2026-09-10T12:27:35.593565+00:00,interpolated,-821.0,807.0,-304.0
49.148793192,842358499559274864,842358500428244396,111,10,46426171000000,2026-09-10T12:27:35.593565+00:00,interpolated,-716.0,803.0,-281.0
49.167683834,842358499578165506,842358500428244396,111,11,46426171000000,2026-09-10T12:27:35.593565+00:00,interpolated,-593.0,755.0,-253.0
49.186574476,842358499597056148,842358500428244396,111,12,46426171000000,2026-09-10T12:27:35.593565+00:00,interpolated,-508.0,777.0,-130.0
49.205465118,842358499615946790,842358500428244396,111,13,46426171000000,2026-09-10T12:27:35.593565+00:00,interpolated,-562.0,914.0,-174.0
49.22435576,842358499634837432,842358500428244396,111,14,46426171000000,2026-09-10T12:27:35.593565+00:00,interpolated,-456.0,952.0,-352.0
49.243246402,842358499653728074,842358500428244396,111,15,46426171000000,2026-09-10T12:27:35.593565+00:00,interpolated,-311.0,923.0,-383.0
49.262137044,842358499672618716,842358500428244396,111,16,46426171000000,2026-09-10T12:27:35.593565+00:00,interpolated,-241.0,985.0,-175.0
49.281027686,842358499691509358,842358500428244396,111,17,46426171000000,2026-09-10T12:27:35.593565+00:00,interpolated,-520.0,924.0,-81.0
49.299918328,842358499710400000,842358500428244396,111,18,46426171000000,2026-09-10T12:27:35.593565+00:00,interpolated,-594.0,935.0,-122.0
49.31880897,842358499729290642,842358500428244396,111,19,46426171000000,2026-09-10T12:27:35.593565+00:00,interpolated,-484.0,1047.0,-244.0
49.337699612,842358499748181284,842358500428244396,111,20,46426171000000,2026-09-10T12:27:35.593565+00:00,interpolated,-165.0,1062.0,-243.0
49.356590254,842358499767071926,842358500428244396,111,21,46426171000000,2026-09-10T12:27:35.593565+00:00,interpolated,-3.0,909.0,-234.0
49.375480896,842358499785962568,842358500428244396,111,22,46426171000000,2026-09-10T12:27:35.593565+00:00,interpolated,-142.0,840.0,-318.0
49.394371538,842358499804853210,842358500428244396,111,23,46426171000000,2026-09-10T12:27:35.593565+00:00,interpolated,-365.0,770.0,-333.0
49.41326218,842358499823743852,842358500428244396,111,24,46426171000000,2026-09-10T12:27:35.593565+00:00,interpolated,-507.0,707.0,-363.0
49.432152822,842358499842634494,842358500428244396,111,25,46426171000000,2026-09-10T12:27:35.593565+00:00,interpolated,-525.0,817.0,-463.0
49.451043464,842358499861525136,842358500428244396,111,26,46426171000000,2026-09-10T12:27:35.593565+00:00,interpolated,-389.0,913.0,-489.0
49.469934106,842358499880415778,842358500428244396,111,27,46426171000000,2026-09-10T12:27:35.593565+00:00,interpolated,-264.0,931.0,-556.0
49.488824748,842358499899306420,842358500428244396,111,28,46426171000000,2026-09-10T12:27:35.593565+00:00,interpolated,-476.0,866.0,-449.0
49.50771539,842358499918197062,842358500428244396,111,29,46426171000000,2026-09-10T12:27:35.593565+00:00,interpolated,-709.0,829.0,-422.0
49.526606032,842358499937087704,842358500428244396,111,30,46426171000000,2026-09-10T12:27:35.593565+00:00,interpolated,-520.0,857.0,-494.0
49.545496674,842358499955978346,842358500428244396,111,31,46426171000000,2026-09-10T12:27:35.593565+00:00,interpolated,-290.0,912.0,-262.0
49.564387316,842358499974868988,842358500428244396,111,32,46426171000000,2026-09-10T12:27:35.593565+00:00,interpolated,-240.0,913.0,-133.0
49.583277958,842358499993759630,842358500428244396,111,33,46426171000000,2026-09-10T12:27:35.593565+00:00,interpolated,-422.0,881.0,-274.0
49.6021686,842358500012650272,842358500428244396,111,34,46426171000000,2026-09-10T12:27:35.593565+00:00,interpolated,-499.0,815.0,-569.0
49.621059242,842358500031540914,842358500428244396,111,35,46426171000000,2026-09-10T12:27:35.593565+00:00,interpolated,-427.0,866.0,-213.0
49.639949884,842358500050431556,842358500428244396,111,36,46426171000000,2026-09-10T12:27:35.593565+00:00,interpolated,-451.0,876.0,-9.0
49.658840526,842358500069322198,842358500428244396,111,37,46426171000000,2026-09-10T12:27:35.593565+00:00,interpolated,-301.0,900.0,-240.0
49.677731168,842358500088212840,842358500428244396,111,38,46426171000000,2026-09-10T12:27:35.593565+00:00,interpolated,72.0,965.0,-355.0
49.69662181,842358500107103482,842358500428244396,111,39,46426171000000,2026-09-10T12:27:35.593565+00:00,interpolated,153.0,1132.0,-123.0
49.715512452,842358500125994124,842358500428244396,111,40,46426171000000,2026-09-10T12:27:35.593565+00:00,interpolated,-246.0,931.0,-188.0
49.734403094,842358500144884766,842358500428244396,111,41,46426171000000,2026-09-10T12:27:35.593565+00:00,interpolated,-414.0,751.0,-439.0
49.753293736,842358500163775408,842358500428244396,111,42,46426171000000,2026-09-10T12:27:35.593565+00:00,interpolated,-495.0,670.0,-544.0
49.772184378,842358500182666050,842358500428244396,111,43,46426171000000,2026-09-10T12:27:35.593565+00:00,interpolated,-218.0,594.0,-498.0
49.79107502,842358500201556692,842358500428244396,111,44,46426171000000,2026-09-10T12:27:35.593565+00:00,interpolated,-465.0,714.0,-186.0
49.809965662,842358500220447334,842358500428244396,111,45,46426171000000,2026-09-10T12:27:35.593565+00:00,interpolated,-651.0,996.0,125.0
49.828856304,842358500239337976,842358500428244396,111,46,46426171000000,2026-09-10T12:27:35.593565+00:00,interpolated,-800.0,928.0,-238.0
49.847746946,842358500258228618,842358500428244396,111,47,46426171000000,2026-09-10T12:27:35.593565+00:00,interpolated,-836.0,807.0,-449.0
49.866637588,842358500277119260,842358500428244396,111,48,46426171000000,2026-09-10T12:27:35.593565+00:00,interpolated,-665.0,800.0,-373.0
49.88552823,842358500296009902,842358500428244396,111,49,46426171000000,2026-09-10T12:27:35.593565+00:00,interpolated,-739.0,857.0,-309.0
49.904418872,842358500314900544,842358500428244396,111,50,46426171000000,2026-09-10T12:27:35.593565+00:00,interpolated,-652.0,695.0,-403.0
49.923309514,842358500333791186,842358500428244396,111,51,46426171000000,2026-09-10T12:27:35.593565+00:00,interpolated,-650.0,558.0,-340.0
49.942200156,842358500352681828,842358500428244396,111,52,46426171000000,2026-09-10T12:27:35.593565+00:00,interpolated,-883.0,689.0,-194.0
49.961090798,842358500371572470,842358500428244396,111,53,46426171000000,2026-09-10T12:27:35.593565+00:00,interpolated,-1041.0,690.0,-306.0
49.97998144,842358500390463112,842358500428244396,111,54,46426171000000,2026-09-10T12:27:35.593565+00:00,interpolated,-1065.0,547.0,-544.0
49.998872082,842358500409353754,842358500428244396,111,55,46426171000000,2026-09-10T12:27:35.593565+00:00,interpolated,-828.0,425.0,-580.0
50.017762724,842358500428244396,842358500428244396,111,56,46426171000000,2026-09-10T12:27:35.593565+00:00,interpolated,-612.0,437.0,-572.0
50.036652831,842358500447134503,842358501504980472,115,0,46427375000000,2026-09-10T12:27:36.793459+00:00,interpolated,-649.0,472.0,-552.0
50.055542937,842358500466024609,842358501504980472,115,1,46427375000000,2026-09-10T12:27:36.793459+00:00,interpolated,-815.0,491.0,-451.0
50.074433044,842358500484914716,842358501504980472,115,2,46427375000000,2026-09-10T12:27:36.793459+00:00,interpolated,-1122.0,366.0,-388.0
50.09332315,842358500503804822,842358501504980472,115,3,46427375000000,2026-09-10T12:27:36.793459+00:00,interpolated,-1192.0,217.0,-458.0
50.112213257,842358500522694929,842358501504980472,115,4,46427375000000,2026-09-10T12:27:36.793459+00:00,interpolated,-1208.0,91.0,-501.0
50.131103364,842358500541585036,842358501504980472,115,5,46427375000000,2026-09-10T12:27:36.793459+00:00,interpolated,-1048.0,122.0,-562.0
50.14999347,842358500560475142,842358501504980472,115,6,46427375000000,2026-09-10T12:27:36.793459+00:00,interpolated,-910.0,194.0,-700.0
50.168883577,842358500579365249,842358501504980472,115,7,46427375000000,2026-09-10T12:27:36.793459+00:00,interpolated,-675.0,252.0,-543.0
50.187773683,842358500598255355,842358501504980472,115,8,46427375000000,2026-09-10T12:27:36.793459+00:00,interpolated,-910.0,328.0,-531.0
50.20666379,842358500617145462,842358501504980472,115,9,46427375000000,2026-09-10T12:27:36.793459+00:00,interpolated,-1047.0,233.0,-605.0
50.225553897,842358500636035569,842358501504980472,115,10,46427375000000,2026-09-10T12:27:36.793459+00:00,interpolated,-983.0,191.0,-693.0
50.244444003,842358500654925675,842358501504980472,115,11,46427375000000,2026-09-10T12:27:36.793459+00:00,interpolated,-882.0,338.0,-558.0
50.26333411,842358500673815782,842358501504980472,115,12,46427375000000,2026-09-10T12:27:36.793459+00:00,interpolated,-963.0,428.0,-486.0
50.282224216,842358500692705888,842358501504980472,115,13,46427375000000,2026-09-10T12:27:36.793459+00:00,interpolated,-1045.0,278.0,-498.0
50.301114323,842358500711595995,842358501504980472,115,14,46427375000000,2026-09-10T12:27:36.793459+00:00,interpolated,-1040.0,150.0,-511.0
50.32000443,842358500730486102,842358501504980472,115,15,46427375000000,2026-09-10T12:27:36.793459+00:00,interpolated,-972.0,267.0,-514.0
50.338894536,842358500749376208,842358501504980472,115,16,46427375000000,2026-09-10T12:27:36.793459+00:00,interpolated,-908.0,259.0,-538.0
50.357784643,842358500768266315,842358501504980472,115,17,46427375000000,2026-09-10T12:27:36.793459+00:00,interpolated,-895.0,230.0,-482.0
50.376674749,842358500787156421,842358501504980472,115,18,46427375000000,2026-09-10T12:27:36.793459+00:00,interpolated,-980.0,196.0,-454.0
50.395564856,842358500806046528,842358501504980472,115,19,46427375000000,2026-09-10T12:27:36.793459+00:00,interpolated,-856.0,244.0,-480.0
50.414454963,842358500824936635,842358501504980472,115,20,46427375000000,2026-09-10T12:27:36.793459+00:00,interpolated,-851.0,384.0,-540.0
50.433345069,842358500843826741,842358501504980472,115,21,46427375000000,2026-09-10T12:27:36.793459+00:00,interpolated,-887.0,384.0,-582.0
50.452235176,842358500862716848,842358501504980472,115,22,46427375000000,2026-09-10T12:27:36.793459+00:00,interpolated,-854.0,331.0,-624.0
50.471125282,842358500881606954,842358501504980472,115,23,46427375000000,2026-09-10T12:27:36.793459+00:00,interpolated,-804.0,433.0,-582.0
50.490015389,842358500900497061,842358501504980472,115,24,46427375000000,2026-09-10T12:27:36.793459+00:00,interpolated,-773.0,467.0,-528.0
50.508905496,842358500919387168,842358501504980472,115,25,46427375000000,2026-09-10T12:27:36.793459+00:00,interpolated,-851.0,457.0,-485.0
50.527795602,842358500938277274,842358501504980472,115,26,46427375000000,2026-09-10T12:27:36.793459+00:00,interpolated,-913.0,340.0,-458.0
50.546685709,842358500957167381,842358501504980472,115,27,46427375000000,2026-09-10T12:27:36.793459+00:00,interpolated,-878.0,355.0,-519.0
50.565575815,842358500976057487,842358501504980472,115,28,46427375000000,2026-09-10T12:27:36.793459+00:00,interpolated,-804.0,433.0,-582.0
50.584465922,842358500994947594,842358501504980472,115,29,46427375000000,2026-09-10T12:27:36.793459+00:00,interpolated,-755.0,485.0,-486.0
50.603356028,842358501013837700,842358501504980472,115,30,46427375000000,2026-09-10T12:27:36.793459+00:00,interpolated,-722.0,491.0,-495.0
50.622246135,842358501032727807,842358501504980472,115,31,46427375000000,2026-09-10T12:27:36.793459+00:00,interpolated,-712.0,557.0,-528.0
50.641136242,842358501051617914,842358501504980472,115,32,46427375000000,2026-09-10T12:27:36.793459+00:00,interpolated,-754.0,570.0,-525.0
50.660026348,842358501070508020,842358501504980472,115,33,46427375000000,2026-09-10T12:27:36.793459+00:00,interpolated,-775.0,612.0,-468.0
50.678916455,842358501089398127,842358501504980472,115,34,46427375000000,2026-09-10T12:27:36.793459+00:00,interpolated,-844.0,606.0,-464.0
50.697806561,842358501108288233,842358501504980472,115,35,46427375000000,2026-09-10T12:27:36.793459+00:00,interpolated,-806.0,577.0,-474.0
50.716696668,842358501127178340,842358501504980472,115,36,46427375000000,2026-09-10T12:27:36.793459+00:00,interpolated,-722.0,624.0,-505.0
50.735586775,842358501146068447,842358501504980472,115,37,46427375000000,2026-09-10T12:27:36.793459+00:00,interpolated,-633.0,668.0,-486.0
50.754476881,842358501164958553,842358501504980472,115,38,46427375000000,2026-09-10T12:27:36.793459+00:00,interpolated,-600.0,660.0,-454.0
50.773366988,842358501183848660,842358501504980472,115,39,46427375000000,2026-09-10T12:27:36.793459+00:00,interpolated,-733.0,657.0,-355.0
50.792257094,842358501202738766,842358501504980472,115,40,46427375000000,2026-09-10T12:27:36.793459+00:00,interpolated,-842.0,656.0,-337.0
50.811147201,842358501221628873,842358501504980472,115,41,46427375000000,2026-09-10T12:27:36.793459+00:00,interpolated,-867.0,672.0,-355.0
50.830037308,842358501240518980,842358501504980472,115,42,46427375000000,2026-09-10T12:27:36.793459+00:00,interpolated,-787.0,687.0,-364.0
50.848927414,842358501259409086,842358501504980472,115,43,46427375000000,2026-09-10T12:27:36.793459+00:00,interpolated,-675.0,719.0,-409.0
50.867817521,842358501278299193,842358501504980472,115,44,46427375000000,2026-09-10T12:27:36.793459+00:00,interpolated,-571.0,715.0,-412.0
50.886707627,842358501297189299,842358501504980472,115,45,46427375000000,2026-09-10T12:27:36.793459+00:00,interpolated,-594.0,709.0,-331.0
50.905597734,842358501316079406,842358501504980472,115,46,46427375000000,2026-09-10T12:27:36.793459+00:00,interpolated,-726.0,734.0,-309.0
50.924487841,842358501334969513,842358501504980472,115,47,46427375000000,2026-09-10T12:27:36.793459+00:00,interpolated,-777.0,749.0,-336.0
50.943377947,842358501353859619,842358501504980472,115,48,46427375000000,2026-09-10T12:27:36.793459+00:00,interpolated,-774.0,809.0,-298.0
50.962268054,842358501372749726,842358501504980472,115,49,46427375000000,2026-09-10T12:27:36.793459+00:00,interpolated,-684.0,843.0,-310.0
50.98115816,842358501391639832,842358501504980472,115,50,46427375000000,2026-09-10T12:27:36.793459+00:00,interpolated,-614.0,765.0,-289.0
51.000048267,842358501410529939,842358501504980472,115,51,46427375000000,2026-09-10T12:27:36.793459+00:00,interpolated,-536.0,690.0,-163.0
51.018938374,842358501429420046,842358501504980472,115,52,46427375000000,2026-09-10T12:27:36.793459+00:00,interpolated,-485.0,764.0,-124.0
51.03782848,842358501448310152,842358501504980472,115,53,46427375000000,2026-09-10T12:27:36.793459+00:00,interpolated,-563.0,901.0,-308.0
51.056718587,842358501467200259,842358501504980472,115,54,46427375000000,2026-09-10T12:27:36.793459+00:00,interpolated,-331.0,950.0,-368.0
51.075608693,842358501486090365,842358501504980472,115,55,46427375000000,2026-09-10T12:27:36.793459+00:00,interpolated,-20.0,1072.0,-326.0
51.0944988,842358501504980472,842358501504980472,115,56,46427375000000,2026-09-10T12:27:36.793459+00:00,interpolated,-27.0,1150.0,-295.0
51.113389442,842358501523871114,842358502581747066,118,0,46428484000000,2026-09-10T12:27:37.902913+00:00,interpolated,-214.0,1145.0,-356.0
51.132280084,842358501542761756,842358502581747066,118,1,46428484000000,2026-09-10T12:27:37.902913+00:00,interpolated,-256.0,1019.0,-399.0
51.151170726,842358501561652398,842358502581747066,118,2,46428484000000,2026-09-10T12:27:37.902913+00:00,interpolated,-197.0,1012.0,-372.0
51.170061368,842358501580543040,842358502581747066,118,3,46428484000000,2026-09-10T12:27:37.902913+00:00,interpolated,-92.0,972.0,-331.0
51.18895201,842358501599433682,842358502581747066,118,4,46428484000000,2026-09-10T12:27:37.902913+00:00,interpolated,-85.0,835.0,-187.0
51.207842652,842358501618324324,842358502581747066,118,5,46428484000000,2026-09-10T12:27:37.902913+00:00,interpolated,-143.0,805.0,-125.0
51.226733294,842358501637214966,842358502581747066,118,6,46428484000000,2026-09-10T12:27:37.902913+00:00,interpolated,-184.0,850.0,-175.0
51.245623936,842358501656105608,842358502581747066,118,7,46428484000000,2026-09-10T12:27:37.902913+00:00,interpolated,-187.0,881.0,-280.0
51.264514578,842358501674996250,842358502581747066,118,8,46428484000000,2026-09-10T12:27:37.902913+00:00,interpolated,-169.0,930.0,-423.0
51.28340522,842358501693886892,842358502581747066,118,9,46428484000000,2026-09-10T12:27:37.902913+00:00,interpolated,-295.0,927.0,-412.0
51.302295862,842358501712777534,842358502581747066,118,10,46428484000000,2026-09-10T12:27:37.902913+00:00,interpolated,-457.0,901.0,-319.0
51.321186504,842358501731668176,842358502581747066,118,11,46428484000000,2026-09-10T12:27:37.902913+00:00,interpolated,-509.0,884.0,-303.0
51.340077146,842358501750558818,842358502581747066,118,12,46428484000000,2026-09-10T12:27:37.902913+00:00,interpolated,-425.0,914.0,-256.0
51.358967788,842358501769449460,842358502581747066,118,13,46428484000000,2026-09-10T12:27:37.902913+00:00,interpolated,-288.0,1000.0,-163.0
51.37785843,842358501788340102,842358502581747066,118,14,46428484000000,2026-09-10T12:27:37.902913+00:00,interpolated,-341.0,956.0,-220.0
51.396749072,842358501807230744,842358502581747066,118,15,46428484000000,2026-09-10T12:27:37.902913+00:00,interpolated,-435.0,896.0,-288.0
51.415639714,842358501826121386,842358502581747066,118,16,46428484000000,2026-09-10T12:27:37.902913+00:00,interpolated,-449.0,891.0,-389.0
51.434530356,842358501845012028,842358502581747066,118,17,46428484000000,2026-09-10T12:27:37.902913+00:00,interpolated,-398.0,852.0,-396.0
51.453420998,842358501863902670,842358502581747066,118,18,46428484000000,2026-09-10T12:27:37.902913+00:00,interpolated,-267.0,868.0,-290.0
51.47231164,842358501882793312,842358502581747066,118,19,46428484000000,2026-09-10T12:27:37.902913+00:00,interpolated,-204.0,864.0,-322.0
51.491202282,842358501901683954,842358502581747066,118,20,46428484000000,2026-09-10T12:27:37.902913+00:00,interpolated,-190.0,924.0,-291.0
51.510092924,842358501920574596,842358502581747066,118,21,46428484000000,2026-09-10T12:27:37.902913+00:00,interpolated,-413.0,856.0,-167.0
51.528983566,842358501939465238,842358502581747066,118,22,46428484000000,2026-09-10T12:27:37.902913+00:00,interpolated,-630.0,806.0,-183.0
51.547874208,842358501958355880,842358502581747066,118,23,46428484000000,2026-09-10T12:27:37.902913+00:00,interpolated,-536.0,800.0,-304.0
51.56676485,842358501977246522,842358502581747066,118,24,46428484000000,2026-09-10T12:27:37.902913+00:00,interpolated,-352.0,847.0,-413.0
51.585655492,842358501996137164,842358502581747066,118,25,46428484000000,2026-09-10T12:27:37.902913+00:00,interpolated,-272.0,774.0,-357.0
51.604546134,842358502015027806,842358502581747066,118,26,46428484000000,2026-09-10T12:27:37.902913+00:00,interpolated,-394.0,851.0,-61.0
51.623436776,842358502033918448,842358502581747066,118,27,46428484000000,2026-09-10T12:27:37.902913+00:00,interpolated,-410.0,932.0,-332.0
51.642327418,842358502052809090,842358502581747066,118,28,46428484000000,2026-09-10T12:27:37.902913+00:00,interpolated,-329.0,895.0,-538.0
51.66121806,842358502071699732,842358502581747066,118,29,46428484000000,2026-09-10T12:27:37.902913+00:00,interpolated,-286.0,804.0,-601.0
51.680108702,842358502090590374,842358502581747066,118,30,46428484000000,2026-09-10T12:27:37.902913+00:00,interpolated,-534.0,805.0,-334.0
51.698999344,842358502109481016,842358502581747066,118,31,46428484000000,2026-09-10T12:27:37.902913+00:00,interpolated,-801.0,680.0,-217.0
51.717889986,842358502128371658,842358502581747066,118,32,46428484000000,2026-09-10T12:27:37.902913+00:00,interpolated,-653.0,613.0,-316.0
51.736780628,842358502147262300,842358502581747066,118,33,46428484000000,2026-09-10T12:27:37.902913+00:00,interpolated,-664.0,797.0,-366.0
51.75567127,842358502166152942,842358502581747066,118,34,46428484000000,2026-09-10T12:27:37.902913+00:00,interpolated,-790.0,880.0,-361.0
51.774561912,842358502185043584,842358502581747066,118,35,46428484000000,2026-09-10T12:27:37.902913+00:00,interpolated,-674.0,648.0,-386.0
51.793452554,842358502203934226,842358502581747066,118,36,46428484000000,2026-09-10T12:27:37.902913+00:00,interpolated,-643.0,642.0,-398.0
51.812343196,842358502222824868,842358502581747066,118,37,46428484000000,2026-09-10T12:27:37.902913+00:00,interpolated,-837.0,595.0,-348.0
51.831233838,842358502241715510,842358502581747066,118,38,46428484000000,2026-09-10T12:27:37.902913+00:00,interpolated,-1118.0,478.0,-341.0
51.85012448,842358502260606152,842358502581747066,118,39,46428484000000,2026-09-10T12:27:37.902913+00:00,interpolated,-1190.0,405.0,-375.0
51.869015122,842358502279496794,842358502581747066,118,40,46428484000000,2026-09-10T12:27:37.902913+00:00,interpolated,-1038.0,403.0,-585.0
51.887905764,842358502298387436,842358502581747066,118,41,46428484000000,2026-09-10T12:27:37.902913+00:00,interpolated,-925.0,418.0,-583.0
51.906796406,842358502317278078,842358502581747066,118,42,46428484000000,2026-09-10T12:27:37.902913+00:00,interpolated,-812.0,400.0,-353.0
51.925687048,842358502336168720,842358502581747066,118,43,46428484000000,2026-09-10T12:27:37.902913+00:00,interpolated,-998.0,356.0,-402.0
51.94457769,842358502355059362,842358502581747066,118,44,46428484000000,2026-09-10T12:27:37.902913+00:00,interpolated,-1106.0,293.0,-611.0
51.963468332,842358502373950004,842358502581747066,118,45,46428484000000,2026-09-10T12:27:37.902913+00:00,interpolated,-1015.0,308.0,-720.0
51.982358974,842358502392840646,842358502581747066,118,46,46428484000000,2026-09-10T12:27:37.902913+00:00,interpolated,-957.0,397.0,-589.0
52.001249616,842358502411731288,842358502581747066,118,47,46428484000000,2026-09-10T12:27:37.902913+00:00,interpolated,-929.0,452.0,-516.0
52.020140258,842358502430621930,842358502581747066,118,48,46428484000000,2026-09-10T12:27:37.902913+00:00,interpolated,-1048.0,386.0,-481.0
52.0390309,842358502449512572,842358502581747066,118,49,46428484000000,2026-09-10T12:27:37.902913+00:00,interpolated,-1188.0,327.0,-467.0
52.057921542,842358502468403214,842358502581747066,118,50,46428484000000,2026-09-10T12:27:37.902913+00:00,interpolated,-1150.0,296.0,-498.0
52.076812184,842358502487293856,842358502581747066,118,51,46428484000000,2026-09-10T12:27:37.902913+00:00,interpolated,-1043.0,366.0,-512.0
52.095702826,842358502506184498,842358502581747066,118,52,46428484000000,2026-09-10T12:27:37.902913+00:00,interpolated,-932.0,367.0,-478.0
52.114593468,842358502525075140,842358502581747066,118,53,46428484000000,2026-09-10T12:27:37.902913+00:00,interpolated,-861.0,293.0,-459.0
52.13348411,842358502543965782,842358502581747066,118,54,46428484000000,2026-09-10T12:27:37.902913+00:00,interpolated,-863.0,257.0,-485.0
52.152374752,842358502562856424,842358502581747066,118,55,46428484000000,2026-09-10T12:27:37.902913+00:00,interpolated,-886.0,291.0,-502.0
52.171265394,842358502581747066,842358502581747066,118,56,46428484000000,2026-09-10T12:27:37.902913+00:00,interpolated,-868.0,362.0,-489.0
52.190155501,842358502600637173,842358503658483142,121,0,46429562000000,2026-09-10T12:27:38.983156+00:00,interpolated,-904.0,395.0,-517.0
52.209045607,842358502619527279,842358503658483142,121,1,46429562000000,2026-09-10T12:27:38.983156+00:00,interpolated,-828.0,468.0,-510.0
52.227935714,842358502638417386,842358503658483142,121,2,46429562000000,2026-09-10T12:27:38.983156+00:00,interpolated,-788.0,464.0,-461.0
52.24682582,842358502657307492,842358503658483142,121,3,46429562000000,2026-09-10T12:27:38.983156+00:00,interpolated,-790.0,417.0,-557.0
52.265715927,842358502676197599,842358503658483142,121,4,46429562000000,2026-09-10T12:27:38.983156+00:00,interpolated,-777.0,428.0,-529.0
52.284606034,842358502695087706,842358503658483142,121,5,46429562000000,2026-09-10T12:27:38.983156+00:00,interpolated,-792.0,507.0,-404.0
52.30349614,842358502713977812,842358503658483142,121,6,46429562000000,2026-09-10T12:27:38.983156+00:00,interpolated,-836.0,624.0,-375.0
52.322386247,842358502732867919,842358503658483142,121,7,46429562000000,2026-09-10T12:27:38.983156+00:00,interpolated,-758.0,644.0,-603.0
52.341276353,842358502751758025,842358503658483142,121,8,46429562000000,2026-09-10T12:27:38.983156+00:00,interpolated,-600.0,527.0,-599.0
52.36016646,842358502770648132,842358503658483142,121,9,46429562000000,2026-09-10T12:27:38.983156+00:00,interpolated,-598.0,486.0,-507.0
52.379056567,842358502789538239,842358503658483142,121,10,46429562000000,2026-09-10T12:27:38.983156+00:00,interpolated,-683.0,570.0,-437.0
52.397946673,842358502808428345,842358503658483142,121,11,46429562000000,2026-09-10T12:27:38.983156+00:00,interpolated,-768.0,689.0,-473.0
52.41683678,842358502827318452,842358503658483142,121,12,46429562000000,2026-09-10T12:27:38.983156+00:00,interpolated,-805.0,672.0,-524.0
52.435726886,842358502846208558,842358503658483142,121,13,46429562000000,2026-09-10T12:27:38.983156+00:00,interpolated,-773.0,621.0,-482.0
52.454616993,842358502865098665,842358503658483142,121,14,46429562000000,2026-09-10T12:27:38.983156+00:00,interpolated,-693.0,599.0,-410.0
52.4735071,842358502883988772,842358503658483142,121,15,46429562000000,2026-09-10T12:27:38.983156+00:00,interpolated,-717.0,635.0,-367.0
52.492397206,842358502902878878,842358503658483142,121,16,46429562000000,2026-09-10T12:27:38.983156+00:00,interpolated,-770.0,710.0,-348.0
52.511287313,842358502921768985,842358503658483142,121,17,46429562000000,2026-09-10T12:27:38.983156+00:00,interpolated,-851.0,705.0,-344.0
52.530177419,842358502940659091,842358503658483142,121,18,46429562000000,2026-09-10T12:27:38.983156+00:00,interpolated,-810.0,643.0,-321.0
52.549067526,842358502959549198,842358503658483142,121,19,46429562000000,2026-09-10T12:27:38.983156+00:00,interpolated,-774.0,650.0,-304.0
52.567957633,842358502978439305,842358503658483142,121,20,46429562000000,2026-09-10T12:27:38.983156+00:00,interpolated,-750.0,684.0,-282.0
52.586847739,842358502997329411,842358503658483142,121,21,46429562000000,2026-09-10T12:27:38.983156+00:00,interpolated,-743.0,706.0,-279.0
52.605737846,842358503016219518,842358503658483142,121,22,46429562000000,2026-09-10T12:27:38.983156+00:00,interpolated,-701.0,750.0,-319.0
52.624627952,842358503035109624,842358503658483142,121,23,46429562000000,2026-09-10T12:27:38.983156+00:00,interpolated,-664.0,768.0,-339.0
52.643518059,842358503053999731,842358503658483142,121,24,46429562000000,2026-09-10T12:27:38.983156+00:00,interpolated,-669.0,783.0,-228.0
52.662408166,842358503072889838,842358503658483142,121,25,46429562000000,2026-09-10T12:27:38.983156+00:00,interpolated,-616.0,849.0,-237.0
52.681298272,842358503091779944,842358503658483142,121,26,46429562000000,2026-09-10T12:27:38.983156+00:00,interpolated,-564.0,959.0,-299.0
52.700188379,842358503110670051,842358503658483142,121,27,46429562000000,2026-09-10T12:27:38.983156+00:00,interpolated,-505.0,975.0,-329.0
52.719078485,842358503129560157,842358503658483142,121,28,46429562000000,2026-09-10T12:27:38.983156+00:00,interpolated,-386.0,951.0,-211.0
52.737968592,842358503148450264,842358503658483142,121,29,46429562000000,2026-09-10T12:27:38.983156+00:00,interpolated,-473.0,978.0,-207.0
52.756858698,842358503167340370,842358503658483142,121,30,46429562000000,2026-09-10T12:27:38.983156+00:00,interpolated,-463.0,992.0,-200.0
52.775748805,842358503186230477,842358503658483142,121,31,46429562000000,2026-09-10T12:27:38.983156+00:00,interpolated,-353.0,1071.0,-157.0
52.794638912,842358503205120584,842358503658483142,121,32,46429562000000,2026-09-10T12:27:38.983156+00:00,interpolated,-226.0,1045.0,-198.0
52.813529018,842358503224010690,842358503658483142,121,33,46429562000000,2026-09-10T12:27:38.983156+00:00,interpolated,-27.0,969.0,-242.0
52.832419125,842358503242900797,842358503658483142,121,34,46429562000000,2026-09-10T12:27:38.983156+00:00,interpolated,10.0,842.0,-213.0
52.851309231,842358503261790903,842358503658483142,121,35,46429562000000,2026-09-10T12:27:38.983156+00:00,interpolated,-109.0,699.0,-188.0
52.870199338,842358503280681010,842358503658483142,121,36,46429562000000,2026-09-10T12:27:38.983156+00:00,interpolated,-332.0,577.0,-294.0
52.889089445,842358503299571117,842358503658483142,121,37,46429562000000,2026-09-10T12:27:38.983156+00:00,interpolated,-557.0,587.0,-640.0
52.907979551,842358503318461223,842358503658483142,121,38,46429562000000,2026-09-10T12:27:38.983156+00:00,interpolated,-704.0,858.0,-761.0
52.926869658,842358503337351330,842358503658483142,121,39,46429562000000,2026-09-10T12:27:38.983156+00:00,interpolated,-590.0,1045.0,-740.0
52.945759764,842358503356241436,842358503658483142,121,40,46429562000000,2026-09-10T12:27:38.983156+00:00,interpolated,-386.0,1021.0,-485.0
52.964649871,842358503375131543,842358503658483142,121,41,46429562000000,2026-09-10T12:27:38.983156+00:00,interpolated,-360.0,889.0,-261.0
52.983539978,842358503394021650,842358503658483142,121,42,46429562000000,2026-09-10T12:27:38.983156+00:00,interpolated,-213.0,940.0,-91.0
53.002430084,842358503412911756,842358503658483142,121,43,46429562000000,2026-09-10T12:27:38.983156+00:00,interpolated,-104.0,1066.0,13.0
53.021320191,842358503431801863,842358503658483142,121,44,46429562000000,2026-09-10T12:27:38.983156+00:00,interpolated,-217.0,1072.0,-21.0
53.040210297,842358503450691969,842358503658483142,121,45,46429562000000,2026-09-10T12:27:38.983156+00:00,interpolated,-354.0,1064.0,-167.0
53.059100404,842358503469582076,842358503658483142,121,46,46429562000000,2026-09-10T12:27:38.983156+00:00,interpolated,-363.0,1004.0,-300.0
53.077990511,842358503488472183,842358503658483142,121,47,46429562000000,2026-09-10T12:27:38.983156+00:00,interpolated,-267.0,995.0,-329.0
53.096880617,842358503507362289,842358503658483142,121,48,46429562000000,2026-09-10T12:27:38.983156+00:00,interpolated,-193.0,1007.0,-274.0
53.115770724,842358503526252396,842358503658483142,121,49,46429562000000,2026-09-10T12:27:38.983156+00:00,interpolated,-134.0,993.0,-168.0
53.13466083,842358503545142502,842358503658483142,121,50,46429562000000,2026-09-10T12:27:38.983156+00:00,interpolated,-217.0,966.0,-150.0
53.153550937,842358503564032609,842358503658483142,121,51,46429562000000,2026-09-10T12:27:38.983156+00:00,interpolated,-333.0,981.0,-210.0
53.172441044,842358503582922716,842358503658483142,121,52,46429562000000,2026-09-10T12:27:38.983156+00:00,interpolated,-372.0,1028.0,-319.0
53.19133115,842358503601812822,842358503658483142,121,53,46429562000000,2026-09-10T12:27:38.983156+00:00,interpolated,-286.0,1018.0,-194.0
53.210221257,842358503620702929,842358503658483142,121,54,46429562000000,2026-09-10T12:27:38.983156+00:00,interpolated,-173.0,1002.0,-146.0
53.229111363,842358503639593035,842358503658483142,121,55,46429562000000,2026-09-10T12:27:38.983156+00:00,interpolated,-86.0,1002.0,-192.0
53.24800147,842358503658483142,842358503658483142,121,56,46429562000000,2026-09-10T12:27:38.983156+00:00,interpolated,-204.0,1014.0,-245.0
53.266892112,842358503677373784,842358504791921662,124,0,46430859000000,2026-09-10T12:27:40.272986+00:00,interpolated,-324.0,995.0,-300.0
53.285782754,842358503696264426,842358504791921662,124,1,46430859000000,2026-09-10T12:27:40.272986+00:00,interpolated,-279.0,982.0,-245.0
53.304673396,842358503715155068,842358504791921662,124,2,46430859000000,2026-09-10T12:27:40.272986+00:00,interpolated,-203.0,986.0,-198.0
53.323564038,842358503734045710,842358504791921662,124,3,46430859000000,2026-09-10T12:27:40.272986+00:00,interpolated,-196.0,1012.0,-164.0
53.34245468,842358503752936352,842358504791921662,124,4,46430859000000,2026-09-10T12:27:40.272986+00:00,interpolated,-258.0,1003.0,-179.0
53.361345322,842358503771826994,842358504791921662,124,5,46430859000000,2026-09-10T12:27:40.272986+00:00,interpolated,-299.0,1000.0,-224.0
53.380235964,842358503790717636,842358504791921662,124,6,46430859000000,2026-09-10T12:27:40.272986+00:00,interpolated,-246.0,987.0,-217.0
53.399126606,842358503809608278,842358504791921662,124,7,46430859000000,2026-09-10T12:27:40.272986+00:00,interpolated,-196.0,1021.0,-189.0
53.418017248,842358503828498920,842358504791921662,124,8,46430859000000,2026-09-10T12:27:40.272986+00:00,interpolated,-258.0,991.0,-194.0
53.43690789,842358503847389562,842358504791921662,124,9,46430859000000,2026-09-10T12:27:40.272986+00:00,interpolated,-331.0,994.0,-197.0
53.455798532,842358503866280204,842358504791921662,124,10,46430859000000,2026-09-10T12:27:40.272986+00:00,interpolated,-276.0,1006.0,-223.0
53.474689174,842358503885170846,842358504791921662,124,11,46430859000000,2026-09-10T12:27:40.272986+00:00,interpolated,-233.0,1002.0,-222.0
53.493579816,842358503904061488,842358504791921662,124,12,46430859000000,2026-09-10T12:27:40.272986+00:00,interpolated,-225.0,1003.0,-233.0
53.512470458,842358503922952130,842358504791921662,124,13,46430859000000,2026-09-10T12:27:40.272986+00:00,interpolated,-262.0,1030.0,-206.0
53.5313611,842358503941842772,842358504791921662,124,14,46430859000000,2026-09-10T12:27:40.272986+00:00,interpolated,-267.0,996.0,-206.0
53.550251742,842358503960733414,842358504791921662,124,15,46430859000000,2026-09-10T12:27:40.272986+00:00,interpolated,-239.0,1005.0,-178.0
53.569142384,842358503979624056,842358504791921662,124,16,46430859000000,2026-09-10T12:27:40.272986+00:00,interpolated,-197.0,1016.0,-145.0
53.588033026,842358503998514698,842358504791921662,124,17,46430859000000,2026-09-10T12:27:40.272986+00:00,interpolated,-174.0,1018.0,-191.0
53.606923668,842358504017405340,842358504791921662,124,18,46430859000000,2026-09-10T12:27:40.272986+00:00,interpolated,-154.0,1043.0,-198.0
53.62581431,842358504036295982,842358504791921662,124,19,46430859000000,2026-09-10T12:27:40.272986+00:00,interpolated,-233.0,1008.0,-198.0
53.644704952,842358504055186624,842358504791921662,124,20,46430859000000,2026-09-10T12:27:40.272986+00:00,interpolated,-327.0,968.0,-156.0
53.663595594,842358504074077266,842358504791921662,124,21,46430859000000,2026-09-10T12:27:40.272986+00:00,interpolated,-418.0,962.0,-103.0
53.682486236,842358504092967908,842358504791921662,124,22,46430859000000,2026-09-10T12:27:40.272986+00:00,interpolated,-465.0,942.0,-137.0
53.701376878,842358504111858550,842358504791921662,124,23,46430859000000,2026-09-10T12:27:40.272986+00:00,interpolated,-424.0,951.0,-161.0
53.72026752,842358504130749192,842358504791921662,124,24,46430859000000,2026-09-10T12:27:40.272986+00:00,interpolated,-394.0,952.0,-147.0
53.739158162,842358504149639834,842358504791921662,124,25,46430859000000,2026-09-10T12:27:40.272986+00:00,interpolated,-377.0,970.0,-156.0
53.758048804,842358504168530476,842358504791921662,124,26,46430859000000,2026-09-10T12:27:40.272986+00:00,interpolated,-433.0,947.0,-194.0
53.776939446,842358504187421118,842358504791921662,124,27,46430859000000,2026-09-10T12:27:40.272986+00:00,interpolated,-481.0,911.0,-319.0
53.795830088,842358504206311760,842358504791921662,124,28,46430859000000,2026-09-10T12:27:40.272986+00:00,interpolated,-374.0,988.0,-350.0
53.81472073,842358504225202402,842358504791921662,124,29,46430859000000,2026-09-10T12:27:40.272986+00:00,interpolated,-218.0,1036.0,-218.0
53.833611372,842358504244093044,842358504791921662,124,30,46430859000000,2026-09-10T12:27:40.272986+00:00,interpolated,-330.0,952.0,-170.0
53.852502014,842358504262983686,842358504791921662,124,31,46430859000000,2026-09-10T12:27:40.272986+00:00,interpolated,-425.0,955.0,-213.0
53.871392656,842358504281874328,842358504791921662,124,32,46430859000000,2026-09-10T12:27:40.272986+00:00,interpolated,-410.0,986.0,-264.0
53.890283298,842358504300764970,842358504791921662,124,33,46430859000000,2026-09-10T12:27:40.272986+00:00,interpolated,-329.0,952.0,-289.0
53.90917394,842358504319655612,842358504791921662,124,34,46430859000000,2026-09-10T12:27:40.272986+00:00,interpolated,-294.0,963.0,-351.0
53.928064582,842358504338546254,842358504791921662,124,35,46430859000000,2026-09-10T12:27:40.272986+00:00,interpolated,-324.0,992.0,-410.0
53.946955224,842358504357436896,842358504791921662,124,36,46430859000000,2026-09-10T12:27:40.272986+00:00,interpolated,-296.0,989.0,-377.0
53.965845866,842358504376327538,842358504791921662,124,37,46430859000000,2026-09-10T12:27:40.272986+00:00,interpolated,-311.0,938.0,-306.0
53.984736508,842358504395218180,842358504791921662,124,38,46430859000000,2026-09-10T12:27:40.272986+00:00,interpolated,-384.0,924.0,-214.0
54.00362715,842358504414108822,842358504791921662,124,39,46430859000000,2026-09-10T12:27:40.272986+00:00,interpolated,-422.0,955.0,-191.0
54.022517792,842358504432999464,842358504791921662,124,40,46430859000000,2026-09-10T12:27:40.272986+00:00,interpolated,-402.0,995.0,-141.0
54.041408434,842358504451890106,842358504791921662,124,41,46430859000000,2026-09-10T12:27:40.272986+00:00,interpolated,-362.0,943.0,-88.0
54.060299076,842358504470780748,842358504791921662,124,42,46430859000000,2026-09-10T12:27:40.272986+00:00,interpolated,-310.0,927.0,-9.0
54.079189718,842358504489671390,842358504791921662,124,43,46430859000000,2026-09-10T12:27:40.272986+00:00,interpolated,-295.0,1065.0,-1.0
54.09808036,842358504508562032,842358504791921662,124,44,46430859000000,2026-09-10T12:27:40.272986+00:00,interpolated,-182.0,1108.0,39.0
54.116971002,842358504527452674,842358504791921662,124,45,46430859000000,2026-09-10T12:27:40.272986+00:00,interpolated,-34.0,1035.0,-12.0
54.135861644,842358504546343316,842358504791921662,124,46,46430859000000,2026-09-10T12:27:40.272986+00:00,interpolated,-44.0,1110.0,-123.0
54.154752286,842358504565233958,842358504791921662,124,47,46430859000000,2026-09-10T12:27:40.272986+00:00,interpolated,23.0,1168.0,-250.0
54.173642928,842358504584124600,842358504791921662,124,48,46430859000000,2026-09-10T12:27:40.272986+00:00,interpolated,-49.0,1152.0,-208.0
54.19253357,842358504603015242,842358504791921662,124,49,46430859000000,2026-09-10T12:27:40.272986+00:00,interpolated,-224.0,1136.0,-149.0
54.211424212,842358504621905884,842358504791921662,124,50,46430859000000,2026-09-10T12:27:40.272986+00:00,interpolated,-382.0,1146.0,-204.0
54.230314854,842358504640796526,842358504791921662,124,51,46430859000000,2026-09-10T12:27:40.272986+00:00,interpolated,-447.0,1289.0,-300.0
54.249205496,842358504659687168,842358504791921662,124,52,46430859000000,2026-09-10T12:27:40.272986+00:00,interpolated,-466.0,1490.0,-376.0
54.268096138,842358504678577810,842358504791921662,124,53,46430859000000,2026-09-10T12:27:40.272986+00:00,interpolated,-622.0,1735.0,-626.0
54.28698678,842358504697468452,842358504791921662,124,54,46430859000000,2026-09-10T12:27:40.272986+00:00,interpolated,-603.0,1628.0,-593.0
54.305877422,842358504716359094,842358504791921662,124,55,46430859000000,2026-09-10T12:27:40.272986+00:00,interpolated,-497.0,1447.0,-427.0
54.324768064,842358504735249736,842358504791921662,124,56,46430859000000,2026-09-10T12:27:40.272986+00:00,interpolated,-464.0,1403.0,-221.0
54.343658706,842358504754140378,842358504791921662,124,57,46430859000000,2026-09-10T12:27:40.272986+00:00,interpolated,-367.0,1280.0,-269.0
54.362549348,842358504773031020,842358504791921662,124,58,46430859000000,2026-09-10T12:27:40.272986+00:00,interpolated,-265.0,1263.0,-173.0
54.38143999,842358504791921662,842358504791921662,124,59,46430859000000,2026-09-10T12:27:40.272986+00:00,interpolated,-279.0,1231.0,-136.0
54.400330632,842358504810812304,842358505868688256,127,0,46431515000000,2026-09-10T12:27:40.933187+00:00,interpolated,-478.0,1155.0,-200.0
54.419221274,842358504829702946,842358505868688256,127,1,46431515000000,2026-09-10T12:27:40.933187+00:00,interpolated,-597.0,1055.0,-320.0
54.438111916,842358504848593588,842358505868688256,127,2,46431515000000,2026-09-10T12:27:40.933187+00:00,interpolated,-649.0,1053.0,-331.0
54.457002558,842358504867484230,842358505868688256,127,3,46431515000000,2026-09-10T12:27:40.933187+00:00,interpolated,-646.0,1094.0,-340.0
54.4758932,842358504886374872,842358505868688256,127,4,46431515000000,2026-09-10T12:27:40.933187+00:00,interpolated,-612.0,1101.0,-332.0
54.494783842,842358504905265514,842358505868688256,127,5,46431515000000,2026-09-10T12:27:40.933187+00:00,interpolated,-561.0,1011.0,-375.0
54.513674484,842358504924156156,842358505868688256,127,6,46431515000000,2026-09-10T12:27:40.933187+00:00,interpolated,-587.0,971.0,-291.0
54.532565126,842358504943046798,842358505868688256,127,7,46431515000000,2026-09-10T12:27:40.933187+00:00,interpolated,-649.0,943.0,-159.0
54.551455768,842358504961937440,842358505868688256,127,8,46431515000000,2026-09-10T12:27:40.933187+00:00,interpolated,-767.0,988.0,-182.0
54.57034641,842358504980828082,842358505868688256,127,9,46431515000000,2026-09-10T12:27:40.933187+00:00,interpolated,-793.0,974.0,-226.0
54.589237052,842358504999718724,842358505868688256,127,10,46431515000000,2026-09-10T12:27:40.933187+00:00,interpolated,-808.0,958.0,-191.0
54.608127694,842358505018609366,842358505868688256,127,11,46431515000000,2026-09-10T12:27:40.933187+00:00,interpolated,-849.0,895.0,-221.0
54.627018336,842358505037500008,842358505868688256,127,12,46431515000000,2026-09-10T12:27:40.933187+00:00,interpolated,-813.0,885.0,-256.0
54.645908978,842358505056390650,842358505868688256,127,13,46431515000000,2026-09-10T12:27:40.933187+00:00,interpolated,-717.0,777.0,-297.0
54.66479962,842358505075281292,842358505868688256,127,14,46431515000000,2026-09-10T12:27:40.933187+00:00,interpolated,-589.0,689.0,-320.0
54.683690262,842358505094171934,842358505868688256,127,15,46431515000000,2026-09-10T12:27:40.933187+00:00,interpolated,-528.0,599.0,-299.0
54.702580904,842358505113062576,842358505868688256,127,16,46431515000000,2026-09-10T12:27:40.933187+00:00,interpolated,-435.0,545.0,-261.0
54.721471546,842358505131953218,842358505868688256,127,17,46431515000000,2026-09-10T12:27:40.933187+00:00,interpolated,-328.0,557.0,-239.0
54.740362188,842358505150843860,842358505868688256,127,18,46431515000000,2026-09-10T12:27:40.933187+00:00,interpolated,-222.0,597.0,-235.0
54.75925283,842358505169734502,842358505868688256,127,19,46431515000000,2026-09-10T12:27:40.933187+00:00,interpolated,-136.0,647.0,-281.0
54.778143472,842358505188625144,842358505868688256,127,20,46431515000000,2026-09-10T12:27:40.933187+00:00,interpolated,-8.0,662.0,-326.0
54.797034114,842358505207515786,842358505868688256,127,21,46431515000000,2026-09-10T12:27:40.933187+00:00,interpolated,18.0,633.0,-386.0
54.815924756,842358505226406428,842358505868688256,127,22,46431515000000,2026-09-10T12:27:40.933187+00:00,interpolated,33.0,595.0,-443.0
54.834815398,842358505245297070,842358505868688256,127,23,46431515000000,2026-09-10T12:27:40.933187+00:00,interpolated,38.0,634.0,-514.0
54.85370604,842358505264187712,842358505868688256,127,24,46431515000000,2026-09-10T12:27:40.933187+00:00,interpolated,18.0,700.0,-556.0
54.872596682,842358505283078354,842358505868688256,127,25,46431515000000,2026-09-10T12:27:40.933187+00:00,interpolated,-28.0,703.0,-578.0
54.891487324,842358505301968996,842358505868688256,127,26,46431515000000,2026-09-10T12:27:40.933187+00:00,interpolated,-104.0,685.0,-596.0
54.910377966,842358505320859638,842358505868688256,127,27,46431515000000,2026-09-10T12:27:40.933187+00:00,interpolated,-162.0,648.0,-617.0
54.929268608,842358505339750280,842358505868688256,127,28,46431515000000,2026-09-10T12:27:40.933187+00:00,interpolated,-193.0,607.0,-576.0
54.94815925,842358505358640922,842358505868688256,127,29,46431515000000,2026-09-10T12:27:40.933187+00:00,interpolated,-220.0,584.0,-558.0
54.967049892,842358505377531564,842358505868688256,127,30,46431515000000,2026-09-10T12:27:40.933187+00:00,interpolated,-173.0,552.0,-513.0
54.985940534,842358505396422206,842358505868688256,127,31,46431515000000,2026-09-10T12:27:40.933187+00:00,interpolated,-125.0,475.0,-465.0
55.004831176,842358505415312848,842358505868688256,127,32,46431515000000,2026-09-10T12:27:40.933187+00:00,interpolated,-107.0,443.0,-448.0
55.023721818,842358505434203490,842358505868688256,127,33,46431515000000,2026-09-10T12:27:40.933187+00:00,interpolated,-88.0,465.0,-437.0
55.04261246,842358505453094132,842358505868688256,127,34,46431515000000,2026-09-10T12:27:40.933187+00:00,interpolated,-96.0,531.0,-450.0
55.061503102,842358505471984774,842358505868688256,127,35,46431515000000,2026-09-10T12:27:40.933187+00:00,interpolated,-62.0,588.0,-463.0
55.080393744,842358505490875416,842358505868688256,127,36,46431515000000,2026-09-10T12:27:40.933187+00:00,interpolated,17.0,601.0,-487.0
55.099284386,842358505509766058,842358505868688256,127,37,46431515000000,2026-09-10T12:27:40.933187+00:00,interpolated,113.0,596.0,-583.0
55.118175028,842358505528656700,842358505868688256,127,38,46431515000000,2026-09-10T12:27:40.933187+00:00,interpolated,219.0,650.0,-648.0
55.13706567,842358505547547342,842358505868688256,127,39,46431515000000,2026-09-10T12:27:40.933187+00:00,interpolated,262.0,774.0,-746.0
55.155956312,842358505566437984,842358505868688256,127,40,46431515000000,2026-09-10T12:27:40.933187+00:00,interpolated,255.0,956.0,-845.0
55.174846954,842358505585328626,842358505868688256,127,41,46431515000000,2026-09-10T12:27:40.933187+00:00,interpolated,213.0,1165.0,-895.0
55.193737596,842358505604219268,842358505868688256,127,42,46431515000000,2026-09-10T12:27:40.933187+00:00,interpolated,97.0,1213.0,-961.0
55.212628238,842358505623109910,842358505868688256,127,43,46431515000000,2026-09-10T12:27:40.933187+00:00,interpolated,-114.0,1152.0,-915.0
55.23151888,842358505642000552,842358505868688256,127,44,46431515000000,2026-09-10T12:27:40.933187+00:00,interpolated,-418.0,1041.0,-661.0
55.250409522,842358505660891194,842358505868688256,127,45,46431515000000,2026-09-10T12:27:40.933187+00:00,interpolated,-753.0,861.0,-624.0
55.269300164,842358505679781836,842358505868688256,127,46,46431515000000,2026-09-10T12:27:40.933187+00:00,interpolated,-853.0,749.0,-488.0
55.288190806,842358505698672478,842358505868688256,127,47,46431515000000,2026-09-10T12:27:40.933187+00:00,interpolated,-812.0,617.0,-458.0
55.307081448,842358505717563120,842358505868688256,127,48,46431515000000,2026-09-10T12:27:40.933187+00:00,interpolated,-663.0,495.0,-540.0
55.32597209,842358505736453762,842358505868688256,127,49,46431515000000,2026-09-10T12:27:40.933187+00:00,interpolated,-530.0,395.0,-619.0
55.344862732,842358505755344404,842358505868688256,127,50,46431515000000,2026-09-10T12:27:40.933187+00:00,interpolated,-564.0,456.0,-613.0
55.363753374,842358505774235046,842358505868688256,127,51,46431515000000,2026-09-10T12:27:40.933187+00:00,interpolated,-703.0,599.0,-673.0
55.382644016,842358505793125688,842358505868688256,127,52,46431515000000,2026-09-10T12:27:40.933187+00:00,interpolated,-896.0,744.0,-709.0
55.401534658,842358505812016330,842358505868688256,127,53,46431515000000,2026-09-10T12:27:40.933187+00:00,interpolated,-1072.0,810.0,-651.0
55.4204253,842358505830906972,842358505868688256,127,54,46431515000000,2026-09-10T12:27:40.933187+00:00,interpolated,-1209.0,766.0,-622.0
55.439315942,842358505849797614,842358505868688256,127,55,46431515000000,2026-09-10T12:27:40.933187+00:00,interpolated,-1356.0,702.0,-543.0
55.458206584,842358505868688256,842358505868688256,127,56,46431515000000,2026-09-10T12:27:40.933187+00:00,interpolated,-1386.0,624.0,-507.0
55.477096691,842358505887578363,842358506945424332,130,0,46432640000000,2026-09-10T12:27:42.053425+00:00,interpolated,-1357.0,520.0,-411.0
55.495986797,842358505906468469,842358506945424332,130,1,46432640000000,2026-09-10T12:27:42.053425+00:00,interpolated,-1335.0,515.0,-295.0
55.514876904,842358505925358576,842358506945424332,130,2,46432640000000,2026-09-10T12:27:42.053425+00:00,interpolated,-1318.0,509.0,-286.0
55.53376701,842358505944248682,842358506945424332,130,3,46432640000000,2026-09-10T12:27:42.053425+00:00,interpolated,-1233.0,461.0,-309.0
55.552657117,842358505963138789,842358506945424332,130,4,46432640000000,2026-09-10T12:27:42.053425+00:00,interpolated,-1108.0,383.0,-322.0
55.571547224,842358505982028896,842358506945424332,130,5,46432640000000,2026-09-10T12:27:42.053425+00:00,interpolated,-1075.0,374.0,-263.0
55.59043733,842358506000919002,842358506945424332,130,6,46432640000000,2026-09-10T12:27:42.053425+00:00,interpolated,-1079.0,429.0,-265.0
55.609327437,842358506019809109,842358506945424332,130,7,46432640000000,2026-09-10T12:27:42.053425+00:00,interpolated,-1060.0,394.0,-310.0
55.628217543,842358506038699215,842358506945424332,130,8,46432640000000,2026-09-10T12:27:42.053425+00:00,interpolated,-979.0,392.0,-274.0
55.64710765,842358506057589322,842358506945424332,130,9,46432640000000,2026-09-10T12:27:42.053425+00:00,interpolated,-883.0,508.0,-191.0
55.665997757,842358506076479429,842358506945424332,130,10,46432640000000,2026-09-10T12:27:42.053425+00:00,interpolated,-888.0,669.0,-142.0
55.684887863,842358506095369535,842358506945424332,130,11,46432640000000,2026-09-10T12:27:42.053425+00:00,interpolated,-949.0,731.0,-180.0
55.70377797,842358506114259642,842358506945424332,130,12,46432640000000,2026-09-10T12:27:42.053425+00:00,interpolated,-965.0,706.0,-207.0
55.722668076,842358506133149748,842358506945424332,130,13,46432640000000,2026-09-10T12:27:42.053425+00:00,interpolated,-930.0,656.0,-217.0
55.741558183,842358506152039855,842358506945424332,130,14,46432640000000,2026-09-10T12:27:42.053425+00:00,interpolated,-941.0,660.0,-222.0
55.76044829,842358506170929962,842358506945424332,130,15,46432640000000,2026-09-10T12:27:42.053425+00:00,interpolated,-964.0,653.0,-236.0
55.779338396,842358506189820068,842358506945424332,130,16,46432640000000,2026-09-10T12:27:42.053425+00:00,interpolated,-995.0,650.0,-255.0
55.798228503,842358506208710175,842358506945424332,130,17,46432640000000,2026-09-10T12:27:42.053425+00:00,interpolated,-1030.0,656.0,-271.0
55.817118609,842358506227600281,842358506945424332,130,18,46432640000000,2026-09-10T12:27:42.053425+00:00,interpolated,-1059.0,631.0,-267.0
55.836008716,842358506246490388,842358506945424332,130,19,46432640000000,2026-09-10T12:27:42.053425+00:00,interpolated,-1053.0,589.0,-247.0
55.854898823,842358506265380495,842358506945424332,130,20,46432640000000,2026-09-10T12:27:42.053425+00:00,interpolated,-1031.0,517.0,-230.0
55.873788929,842358506284270601,842358506945424332,130,21,46432640000000,2026-09-10T12:27:42.053425+00:00,interpolated,-1016.0,407.0,-219.0
55.892679036,842358506303160708,842358506945424332,130,22,46432640000000,2026-09-10T12:27:42.053425+00:00,interpolated,-992.0,231.0,-250.0
55.911569142,842358506322050814,842358506945424332,130,23,46432640000000,2026-09-10T12:27:42.053425+00:00,interpolated,-947.0,33.0,-265.0
55.930459249,842358506340940921,842358506945424332,130,24,46432640000000,2026-09-10T12:27:42.053425+00:00,interpolated,-909.0,-135.0,-182.0
55.949349356,842358506359831028,842358506945424332,130,25,46432640000000,2026-09-10T12:27:42.053425+00:00,interpolated,-872.0,-200.0,-64.0
55.968239462,842358506378721134,842358506945424332,130,26,46432640000000,2026-09-10T12:27:42.053425+00:00,interpolated,-797.0,-90.0,50.0
55.987129569,842358506397611241,842358506945424332,130,27,46432640000000,2026-09-10T12:27:42.053425+00:00,interpolated,-648.0,182.0,138.0
56.006019675,842358506416501347,842358506945424332,130,28,46432640000000,2026-09-10T12:27:42.053425+00:00,interpolated,-460.0,545.0,88.0
56.024909782,842358506435391454,842358506945424332,130,29,46432640000000,2026-09-10T12:27:42.053425+00:00,interpolated,-261.0,638.0,-140.0
56.043799888,842358506454281560,842358506945424332,130,30,46432640000000,2026-09-10T12:27:42.053425+00:00,interpolated,26.0,512.0,-460.0
56.062689995,842358506473171667,842358506945424332,130,31,46432640000000,2026-09-10T12:27:42.053425+00:00,interpolated,184.0,570.0,-690.0
56.081580102,842358506492061774,842358506945424332,130,32,46432640000000,2026-09-10T12:27:42.053425+00:00,interpolated,83.0,949.0,-817.0
56.100470208,842358506510951880,842358506945424332,130,33,46432640000000,2026-09-10T12:27:42.053425+00:00,interpolated,-92.0,1217.0,-841.0
56.119360315,842358506529841987,842358506945424332,130,34,46432640000000,2026-09-10T12:27:42.053425+00:00,interpolated,-166.0,1236.0,-766.0
56.138250421,842358506548732093,842358506945424332,130,35,46432640000000,2026-09-10T12:27:42.053425+00:00,interpolated,-178.0,1216.0,-663.0
56.157140528,842358506567622200,842358506945424332,130,36,46432640000000,2026-09-10T12:27:42.053425+00:00,interpolated,-226.0,1164.0,-569.0
56.176030635,842358506586512307,842358506945424332,130,37,46432640000000,2026-09-10T12:27:42.053425+00:00,interpolated,-287.0,1089.0,-484.0
56.194920741,842358506605402413,842358506945424332,130,38,46432640000000,2026-09-10T12:27:42.053425+00:00,interpolated,-327.0,1007.0,-409.0
56.213810848,842358506624292520,842358506945424332,130,39,46432640000000,2026-09-10T12:27:42.053425+00:00,interpolated,-347.0,940.0,-366.0
56.232700954,842358506643182626,842358506945424332,130,40,46432640000000,2026-09-10T12:27:42.053425+00:00,interpolated,-340.0,853.0,-334.0
56.251591061,842358506662072733,842358506945424332,130,41,46432640000000,2026-09-10T12:27:42.053425+00:00,interpolated,-313.0,755.0,-274.0
56.270481168,842358506680962840,842358506945424332,130,42,46432640000000,2026-09-10T12:27:42.053425+00:00,interpolated,-268.0,669.0,-216.0
56.289371274,842358506699852946,842358506945424332,130,43,46432640000000,2026-09-10T12:27:42.053425+00:00,interpolated,-226.0,600.0,-171.0
56.308261381,842358506718743053,842358506945424332,130,44,46432640000000,2026-09-10T12:27:42.053425+00:00,interpolated,-206.0,547.0,-133.0
56.327151487,842358506737633159,842358506945424332,130,45,46432640000000,2026-09-10T12:27:42.053425+00:00,interpolated,-192.0,532.0,-105.0
56.346041594,842358506756523266,842358506945424332,130,46,46432640000000,2026-09-10T12:27:42.053425+00:00,interpolated,-187.0,557.0,-92.0
56.364931701,842358506775413373,842358506945424332,130,47,46432640000000,2026-09-10T12:27:42.053425+00:00,interpolated,-182.0,600.0,-91.0
56.383821807,842358506794303479,842358506945424332,130,48,46432640000000,2026-09-10T12:27:42.053425+00:00,interpolated,-188.0,643.0,-90.0
56.402711914,842358506813193586,842358506945424332,130,49,46432640000000,2026-09-10T12:27:42.053425+00:00,interpolated,-199.0,726.0,-74.0
56.42160202,842358506832083692,842358506945424332,130,50,46432640000000,2026-09-10T12:27:42.053425+00:00,interpolated,-221.0,843.0,-56.0
56.440492127,842358506850973799,842358506945424332,130,51,46432640000000,2026-09-10T12:27:42.053425+00:00,interpolated,-245.0,940.0,-73.0
56.459382234,842358506869863906,842358506945424332,130,52,46432640000000,2026-09-10T12:27:42.053425+00:00,interpolated,-311.0,1148.0,-57.0
56.47827234,842358506888754012,842358506945424332,130,53,46432640000000,2026-09-10T12:27:42.053425+00:00,interpolated,-458.0,1457.0,35.0
56.497162447,842358506907644119,842358506945424332,130,54,46432640000000,2026-09-10T12:27:42.053425+00:00,interpolated,-640.0,1476.0,59.0
56.516052553,842358506926534225,842358506945424332,130,55,46432640000000,2026-09-10T12:27:42.053425+00:00,interpolated,-786.0,1446.0,79.0
56.53494266,842358506945424332,842358506945424332,130,56,46432640000000,2026-09-10T12:27:42.053425+00:00,interpolated,-878.0,1438.0,82.0
56.553833302,842358506964314974,842358508248878630,133,0,46434125000000,2026-09-10T12:27:43.543108+00:00,interpolated,-889.0,1384.0,66.0
56.572723944,842358506983205616,842358508248878630,133,1,46434125000000,2026-09-10T12:27:43.543108+00:00,interpolated,-901.0,1299.0,59.0
56.591614586,842358507002096258,842358508248878630,133,2,46434125000000,2026-09-10T12:27:43.543108+00:00,interpolated,-882.0,1192.0,31.0
56.610505228,842358507020986900,842358508248878630,133,3,46434125000000,2026-09-10T12:27:43.543108+00:00,interpolated,-773.0,1099.0,-2.0
56.62939587,842358507039877542,842358508248878630,133,4,46434125000000,2026-09-10T12:27:43.543108+00:00,interpolated,-626.0,1024.0,-33.0
56.648286512,842358507058768184,842358508248878630,133,5,46434125000000,2026-09-10T12:27:43.543108+00:00,interpolated,-483.0,937.0,-40.0
56.667177154,842358507077658826,842358508248878630,133,6,46434125000000,2026-09-10T12:27:43.543108+00:00,interpolated,-377.0,871.0,-41.0
56.686067796,842358507096549468,842358508248878630,133,7,46434125000000,2026-09-10T12:27:43.543108+00:00,interpolated,-304.0,843.0,-24.0
56.704958438,842358507115440110,842358508248878630,133,8,46434125000000,2026-09-10T12:27:43.543108+00:00,interpolated,-256.0,829.0,-11.0
56.72384908,842358507134330752,842358508248878630,133,9,46434125000000,2026-09-10T12:27:43.543108+00:00,interpolated,-242.0,854.0,2.0
56.742739722,842358507153221394,842358508248878630,133,10,46434125000000,2026-09-10T12:27:43.543108+00:00,interpolated,-255.0,884.0,10.0
56.761630364,842358507172112036,842358508248878630,133,11,46434125000000,2026-09-10T12:27:43.543108+00:00,interpolated,-284.0,917.0,-7.0
56.780521006,842358507191002678,842358508248878630,133,12,46434125000000,2026-09-10T12:27:43.543108+00:00,interpolated,-292.0,961.0,-15.0
56.799411648,842358507209893320,842358508248878630,133,13,46434125000000,2026-09-10T12:27:43.543108+00:00,interpolated,-286.0,1012.0,-21.0
56.81830229,842358507228783962,842358508248878630,133,14,46434125000000,2026-09-10T12:27:43.543108+00:00,interpolated,-264.0,1060.0,-37.0
56.837192932,842358507247674604,842358508248878630,133,15,46434125000000,2026-09-10T12:27:43.543108+00:00,interpolated,-235.0,1104.0,-64.0
56.856083574,842358507266565246,842358508248878630,133,16,46434125000000,2026-09-10T12:27:43.543108+00:00,interpolated,-206.0,1127.0,-97.0
56.874974216,842358507285455888,842358508248878630,133,17,46434125000000,2026-09-10T12:27:43.543108+00:00,interpolated,-171.0,1116.0,-133.0
56.893864858,842358507304346530,842358508248878630,133,18,46434125000000,2026-09-10T12:27:43.543108+00:00,interpolated,-140.0,1107.0,-164.0
56.9127555,842358507323237172,842358508248878630,133,19,46434125000000,2026-09-10T12:27:43.543108+00:00,interpolated,-129.0,1088.0,-181.0
56.931646142,842358507342127814,842358508248878630,133,20,46434125000000,2026-09-10T12:27:43.543108+00:00,interpolated,-148.0,1081.0,-189.0
56.950536784,842358507361018456,842358508248878630,133,21,46434125000000,2026-09-10T12:27:43.543108+00:00,interpolated,-190.0,1086.0,-172.0
56.969427426,842358507379909098,842358508248878630,133,22,46434125000000,2026-09-10T12:27:43.543108+00:00,interpolated,-245.0,1066.0,-161.0
56.988318068,842358507398799740,842358508248878630,133,23,46434125000000,2026-09-10T12:27:43.543108+00:00,interpolated,-301.0,1052.0,-140.0
57.00720871,842358507417690382,842358508248878630,133,24,46434125000000,2026-09-10T12:27:43.543108+00:00,interpolated,-345.0,1041.0,-120.0
57.026099352,842358507436581024,842358508248878630,133,25,46434125000000,2026-09-10T12:27:43.543108+00:00,interpolated,-372.0,1040.0,-108.0
57.044989994,842358507455471666,842358508248878630,133,26,46434125000000,2026-09-10T12:27:43.543108+00:00,interpolated,-388.0,1044.0,-92.0
57.063880636,842358507474362308,842358508248878630,133,27,46434125000000,2026-09-10T12:27:43.543108+00:00,interpolated,-390.0,1040.0,-77.0
57.082771278,842358507493252950,842358508248878630,133,28,46434125000000,2026-09-10T12:27:43.543108+00:00,interpolated,-374.0,1028.0,-79.0
57.10166192,842358507512143592,842358508248878630,133,29,46434125000000,2026-09-10T12:27:43.543108+00:00,interpolated,-349.0,1032.0,-95.0
57.120552562,842358507531034234,842358508248878630,133,30,46434125000000,2026-09-10T12:27:43.543108+00:00,interpolated,-316.0,1031.0,-97.0
57.139443204,842358507549924876,842358508248878630,133,31,46434125000000,2026-09-10T12:27:43.543108+00:00,interpolated,-287.0,1025.0,-105.0
57.158333846,842358507568815518,842358508248878630,133,32,46434125000000,2026-09-10T12:27:43.543108+00:00,interpolated,-260.0,1023.0,-108.0
57.177224488,842358507587706160,842358508248878630,133,33,46434125000000,2026-09-10T12:27:43.543108+00:00,interpolated,-244.0,1010.0,-107.0
57.19611513,842358507606596802,842358508248878630,133,34,46434125000000,2026-09-10T12:27:43.543108+00:00,interpolated,-227.0,1021.0,-107.0
57.215005772,842358507625487444,842358508248878630,133,35,46434125000000,2026-09-10T12:27:43.543108+00:00,interpolated,-224.0,1015.0,-109.0
57.233896414,842358507644378086,842358508248878630,133,36,46434125000000,2026-09-10T12:27:43.543108+00:00,interpolated,-227.0,1043.0,-134.0
57.252787056,842358507663268728,842358508248878630,133,37,46434125000000,2026-09-10T12:27:43.543108+00:00,interpolated,-242.0,1035.0,-166.0
57.271677698,842358507682159370,842358508248878630,133,38,46434125000000,2026-09-10T12:27:43.543108+00:00,interpolated,-252.0,1046.0,-203.0
57.29056834,842358507701050012,842358508248878630,133,39,46434125000000,2026-09-10T12:27:43.543108+00:00,interpolated,-282.0,1062.0,-227.0
57.309458982,842358507719940654,842358508248878630,133,40,46434125000000,2026-09-10T12:27:43.543108+00:00,interpolated,-306.0,1084.0,-261.0
57.328349624,842358507738831296,842358508248878630,133,41,46434125000000,2026-09-10T12:27:43.543108+00:00,interpolated,-307.0,1079.0,-304.0
57.347240266,842358507757721938,842358508248878630,133,42,46434125000000,2026-09-10T12:27:43.543108+00:00,interpolated,-302.0,1047.0,-341.0
57.366130908,842358507776612580,842358508248878630,133,43,46434125000000,2026-09-10T12:27:43.543108+00:00,interpolated,-292.0,972.0,-394.0
57.38502155,842358507795503222,842358508248878630,133,44,46434125000000,2026-09-10T12:27:43.543108+00:00,interpolated,-263.0,885.0,-422.0
57.403912192,842358507814393864,842358508248878630,133,45,46434125000000,2026-09-10T12:27:43.543108+00:00,interpolated,-229.0,836.0,-410.0
57.422802834,842358507833284506,842358508248878630,133,46,46434125000000,2026-09-10T12:27:43.543108+00:00,interpolated,-187.0,818.0,-399.0
57.441693476,842358507852175148,842358508248878630,133,47,46434125000000,2026-09-10T12:27:43.543108+00:00,interpolated,-139.0,822.0,-387.0
57.460584118,842358507871065790,842358508248878630,133,48,46434125000000,2026-09-10T12:27:43.543108+00:00,interpolated,-109.0,871.0,-371.0
57.47947476,842358507889956432,842358508248878630,133,49,46434125000000,2026-09-10T12:27:43.543108+00:00,interpolated,-92.0,932.0,-342.0
57.498365402,842358507908847074,842358508248878630,133,50,46434125000000,2026-09-10T12:27:43.543108+00:00,interpolated,-86.0,973.0,-311.0
57.517256044,842358507927737716,842358508248878630,133,51,46434125000000,2026-09-10T12:27:43.543108+00:00,interpolated,-72.0,970.0,-309.0
57.536146686,842358507946628358,842358508248878630,133,52,46434125000000,2026-09-10T12:27:43.543108+00:00,interpolated,-64.0,927.0,-319.0
57.555037328,842358507965519000,842358508248878630,133,53,46434125000000,2026-09-10T12:27:43.543108+00:00,interpolated,-79.0,906.0,-336.0
57.57392797,842358507984409642,842358508248878630,133,54,46434125000000,2026-09-10T12:27:43.543108+00:00,interpolated,-84.0,897.0,-343.0
57.592818612,842358508003300284,842358508248878630,133,55,46434125000000,2026-09-10T12:27:43.543108+00:00,interpolated,-77.0,902.0,-348.0
57.611709254,842358508022190926,842358508248878630,133,56,46434125000000,2026-09-10T12:27:43.543108+00:00,interpolated,-73.0,922.0,-337.0
57.630599896,842358508041081568,842358508248878630,133,57,46434125000000,2026-09-10T12:27:43.543108+00:00,interpolated,-84.0,939.0,-324.0
57.649490538,842358508059972210,842358508248878630,133,58,46434125000000,2026-09-10T12:27:43.543108+00:00,interpolated,-86.0,951.0,-308.0
57.66838118,842358508078862852,842358508248878630,133,59,46434125000000,2026-09-10T12:27:43.543108+00:00,interpolated,-101.0,948.0,-302.0
57.687271822,842358508097753494,842358508248878630,133,60,46434125000000,2026-09-10T12:27:43.543108+00:00,interpolated,-116.0,950.0,-293.0
57.706162464,842358508116644136,842358508248878630,133,61,46434125000000,2026-09-10T12:27:43.543108+00:00,interpolated,-133.0,955.0,-279.0
57.725053106,842358508135534778,842358508248878630,133,62,46434125000000,2026-09-10T12:27:43.543108+00:00,interpolated,-143.0,964.0,-271.0
57.743943748,842358508154425420,842358508248878630,133,63,46434125000000,2026-09-10T12:27:43.543108+00:00,interpolated,-154.0,974.0,-265.0
57.76283439,842358508173316062,842358508248878630,133,64,46434125000000,2026-09-10T12:27:43.543108+00:00,interpolated,-170.0,988.0,-264.0
57.781725032,842358508192206704,842358508248878630,133,65,46434125000000,2026-09-10T12:27:43.543108+00:00,interpolated,-187.0,996.0,-253.0
57.800615674,842358508211097346,842358508248878630,133,66,46434125000000,2026-09-10T12:27:43.543108+00:00,interpolated,-210.0,997.0,-239.0
57.819506316,842358508229987988,842358508248878630,133,67,46434125000000,2026-09-10T12:27:43.543108+00:00,interpolated,-213.0,1005.0,-228.0
57.838396958,842358508248878630,842358508248878630,133,68,46434125000000,2026-09-10T12:27:43.543108+00:00,interpolated,-202.0,1009.0,-217.0
57.857287372,842358508267769044,842358509514536384,137,0,46435234000000,2026-09-10T12:27:44.653207+00:00,interpolated,-178.0,1019.0,-212.0
57.876177786,842358508286659458,842358509514536384,137,1,46435234000000,2026-09-10T12:27:44.653207+00:00,interpolated,-140.0,1055.0,-202.0
57.895068201,842358508305549873,842358509514536384,137,2,46435234000000,2026-09-10T12:27:44.653207+00:00,interpolated,-101.0,1092.0,-207.0
57.913958615,842358508324440287,842358509514536384,137,3,46435234000000,2026-09-10T12:27:44.653207+00:00,interpolated,-68.0,1133.0,-216.0
57.932849029,842358508343330701,842358509514536384,137,4,46435234000000,2026-09-10T12:27:44.653207+00:00,interpolated,-36.0,1161.0,-229.0
57.951739443,842358508362221115,842358509514536384,137,5,46435234000000,2026-09-10T12:27:44.653207+00:00,interpolated,-8.0,1179.0,-246.0
57.970629858,842358508381111530,842358509514536384,137,6,46435234000000,2026-09-10T12:27:44.653207+00:00,interpolated,6.0,1191.0,-258.0
57.989520272,842358508400001944,842358509514536384,137,7,46435234000000,2026-09-10T12:27:44.653207+00:00,interpolated,-7.0,1191.0,-249.0
58.008410686,842358508418892358,842358509514536384,137,8,46435234000000,2026-09-10T12:27:44.653207+00:00,interpolated,-28.0,1198.0,-233.0
58.0273011,842358508437782772,842358509514536384,137,9,46435234000000,2026-09-10T12:27:44.653207+00:00,interpolated,-59.0,1190.0,-208.0
58.046191515,842358508456673187,842358509514536384,137,10,46435234000000,2026-09-10T12:27:44.653207+00:00,interpolated,-84.0,1157.0,-202.0
58.065081929,842358508475563601,842358509514536384,137,11,46435234000000,2026-09-10T12:27:44.653207+00:00,interpolated,-108.0,1143.0,-201.0
58.083972343,842358508494454015,842358509514536384,137,12,46435234000000,2026-09-10T12:27:44.653207+00:00,interpolated,-133.0,1106.0,-217.0
58.102862757,842358508513344429,842358509514536384,137,13,46435234000000,2026-09-10T12:27:44.653207+00:00,interpolated,-157.0,1078.0,-237.0
58.121753172,842358508532234844,842358509514536384,137,14,46435234000000,2026-09-10T12:27:44.653207+00:00,interpolated,-182.0,1039.0,-252.0
58.140643586,842358508551125258,842358509514536384,137,15,46435234000000,2026-09-10T12:27:44.653207+00:00,interpolated,-192.0,1006.0,-276.0
58.159534,842358508570015672,842358509514536384,137,16,46435234000000,2026-09-10T12:27:44.653207+00:00,interpolated,-196.0,974.0,-300.0
58.178424414,842358508588906086,842358509514536384,137,17,46435234000000,2026-09-10T12:27:44.653207+00:00,interpolated,-185.0,941.0,-303.0
58.197314829,842358508607796501,842358509514536384,137,18,46435234000000,2026-09-10T12:27:44.653207+00:00,interpolated,-165.0,913.0,-303.0
58.216205243,842358508626686915,842358509514536384,137,19,46435234000000,2026-09-10T12:27:44.653207+00:00,interpolated,-146.0,896.0,-305.0
58.235095657,842358508645577329,842358509514536384,137,20,46435234000000,2026-09-10T12:27:44.653207+00:00,interpolated,-119.0,889.0,-312.0
58.253986071,842358508664467743,842358509514536384,137,21,46435234000000,2026-09-10T12:27:44.653207+00:00,interpolated,-94.0,878.0,-307.0
58.272876485,842358508683358157,842358509514536384,137,22,46435234000000,2026-09-10T12:27:44.653207+00:00,interpolated,-87.0,868.0,-303.0
58.2917669,842358508702248572,842358509514536384,137,23,46435234000000,2026-09-10T12:27:44.653207+00:00,interpolated,-82.0,870.0,-309.0
58.310657314,842358508721138986,842358509514536384,137,24,46435234000000,2026-09-10T12:27:44.653207+00:00,interpolated,-75.0,864.0,-318.0
58.329547728,842358508740029400,842358509514536384,137,25,46435234000000,2026-09-10T12:27:44.653207+00:00,interpolated,-43.0,869.0,-330.0
58.348438142,842358508758919814,842358509514536384,137,26,46435234000000,2026-09-10T12:27:44.653207+00:00,interpolated,-20.0,872.0,-347.0
58.367328557,842358508777810229,842358509514536384,137,27,46435234000000,2026-09-10T12:27:44.653207+00:00,interpolated,5.0,896.0,-355.0
58.386218971,842358508796700643,842358509514536384,137,28,46435234000000,2026-09-10T12:27:44.653207+00:00,interpolated,38.0,907.0,-369.0
58.405109385,842358508815591057,842358509514536384,137,29,46435234000000,2026-09-10T12:27:44.653207+00:00,interpolated,0.0,917.0,-397.0
58.423999799,842358508834481471,842358509514536384,137,30,46435234000000,2026-09-10T12:27:44.653207+00:00,interpolated,-22.0,918.0,-408.0
58.442890214,842358508853371886,842358509514536384,137,31,46435234000000,2026-09-10T12:27:44.653207+00:00,interpolated,-42.0,925.0,-427.0
58.461780628,842358508872262300,842358509514536384,137,32,46435234000000,2026-09-10T12:27:44.653207+00:00,interpolated,-78.0,924.0,-449.0
58.480671042,842358508891152714,842358509514536384,137,33,46435234000000,2026-09-10T12:27:44.653207+00:00,interpolated,-121.0,910.0,-458.0
58.499561456,842358508910043128,842358509514536384,137,34,46435234000000,2026-09-10T12:27:44.653207+00:00,interpolated,-155.0,906.0,-451.0
58.518451871,842358508928933543,842358509514536384,137,35,46435234000000,2026-09-10T12:27:44.653207+00:00,interpolated,-178.0,902.0,-464.0
58.537342285,842358508947823957,842358509514536384,137,36,46435234000000,2026-09-10T12:27:44.653207+00:00,interpolated,-187.0,906.0,-460.0
58.556232699,842358508966714371,842358509514536384,137,37,46435234000000,2026-09-10T12:27:44.653207+00:00,interpolated,-190.0,910.0,-464.0
58.575123113,842358508985604785,842358509514536384,137,38,46435234000000,2026-09-10T12:27:44.653207+00:00,interpolated,-190.0,902.0,-445.0
58.594013528,842358509004495200,842358509514536384,137,39,46435234000000,2026-09-10T12:27:44.653207+00:00,interpolated,-194.0,890.0,-436.0
58.612903942,842358509023385614,842358509514536384,137,40,46435234000000,2026-09-10T12:27:44.653207+00:00,interpolated,-178.0,894.0,-437.0
58.631794356,842358509042276028,842358509514536384,137,41,46435234000000,2026-09-10T12:27:44.653207+00:00,interpolated,-146.0,903.0,-450.0
58.65068477,842358509061166442,842358509514536384,137,42,46435234000000,2026-09-10T12:27:44.653207+00:00,interpolated,-103.0,907.0,-464.0
58.669575185,842358509080056857,842358509514536384,137,43,46435234000000,2026-09-10T12:27:44.653207+00:00,interpolated,-68.0,898.0,-477.0
58.688465599,842358509098947271,842358509514536384,137,44,46435234000000,2026-09-10T12:27:44.653207+00:00,interpolated,-39.0,895.0,-473.0
58.707356013,842358509117837685,842358509514536384,137,45,46435234000000,2026-09-10T12:27:44.653207+00:00,interpolated,1.0,919.0,-448.0
58.726246427,842358509136728099,842358509514536384,137,46,46435234000000,2026-09-10T12:27:44.653207+00:00,interpolated,34.0,1024.0,-383.0
58.745136841,842358509155618513,842358509514536384,137,47,46435234000000,2026-09-10T12:27:44.653207+00:00,interpolated,19.0,1143.0,-291.0
58.764027256,842358509174508928,842358509514536384,137,48,46435234000000,2026-09-10T12:27:44.653207+00:00,interpolated,-60.0,1230.0,-202.0
58.78291767,842358509193399342,842358509514536384,137,49,46435234000000,2026-09-10T12:27:44.653207+00:00,interpolated,-199.0,1185.0,-197.0
58.801808084,842358509212289756,842358509514536384,137,50,46435234000000,2026-09-10T12:27:44.653207+00:00,interpolated,-322.0,1137.0,-192.0
58.820698498,842358509231180170,842358509514536384,137,51,46435234000000,2026-09-10T12:27:44.653207+00:00,interpolated,-422.0,1126.0,-161.0
58.839588913,842358509250070585,842358509514536384,137,52,46435234000000,2026-09-10T12:27:44.653207+00:00,interpolated,-491.0,1130.0,-122.0
58.858479327,842358509268960999,842358509514536384,137,53,46435234000000,2026-09-10T12:27:44.653207+00:00,interpolated,-544.0,1128.0,-97.0
58.877369741,842358509287851413,842358509514536384,137,54,46435234000000,2026-09-10T12:27:44.653207+00:00,interpolated,-557.0,1124.0,-108.0
58.896260155,842358509306741827,842358509514536384,137,55,46435234000000,2026-09-10T12:27:44.653207+00:00,interpolated,-516.0,1113.0,-107.0
58.91515057,842358509325632242,842358509514536384,137,56,46435234000000,2026-09-10T12:27:44.653207+00:00,interpolated,-443.0,1089.0,-108.0
58.934040984,842358509344522656,842358509514536384,137,57,46435234000000,2026-09-10T12:27:44.653207+00:00,interpolated,-381.0,1056.0,-111.0
58.952931398,842358509363413070,842358509514536384,137,58,46435234000000,2026-09-10T12:27:44.653207+00:00,interpolated,-334.0,1009.0,-123.0
58.971821812,842358509382303484,842358509514536384,137,59,46435234000000,2026-09-10T12:27:44.653207+00:00,interpolated,-308.0,956.0,-116.0
58.990712227,842358509401193899,842358509514536384,137,60,46435234000000,2026-09-10T12:27:44.653207+00:00,interpolated,-281.0,922.0,-99.0
59.009602641,842358509420084313,842358509514536384,137,61,46435234000000,2026-09-10T12:27:44.653207+00:00,interpolated,-250.0,912.0,-85.0
59.028493055,842358509438974727,842358509514536384,137,62,46435234000000,2026-09-10T12:27:44.653207+00:00,interpolated,-212.0,922.0,-77.0
59.047383469,842358509457865141,842358509514536384,137,63,46435234000000,2026-09-10T12:27:44.653207+00:00,interpolated,-171.0,952.0,-80.0
59.066273884,842358509476755556,842358509514536384,137,64,46435234000000,2026-09-10T12:27:44.653207+00:00,interpolated,-134.0,970.0,-92.0
59.085164298,842358509495645970,842358509514536384,137,65,46435234000000,2026-09-10T12:27:44.653207+00:00,interpolated,-97.0,987.0,-114.0
59.104054712,842358509514536384,842358509514536384,137,66,46435234000000,2026-09-10T12:27:44.653207+00:00,interpolated,-73.0,998.0,-129.0
59.122944517,842358509533426189,842358510685704306,140,0,46436375000000,2026-09-10T12:27:45.793174+00:00,interpolated,-63.0,1008.0,-146.0
59.141834322,842358509552315994,842358510685704306,140,1,46436375000000,2026-09-10T12:27:45.793174+00:00,interpolated,-72.0,1024.0,-165.0
59.160724128,842358509571205800,842358510685704306,140,2,46436375000000,2026-09-10T12:27:45.793174+00:00,interpolated,-92.0,1024.0,-183.0
59.179613933,842358509590095605,842358510685704306,140,3,46436375000000,2026-09-10T12:27:45.793174+00:00,interpolated,-105.0,1030.0,-202.0
59.198503738,842358509608985410,842358510685704306,140,4,46436375000000,2026-09-10T12:27:45.793174+00:00,interpolated,-107.0,1028.0,-231.0
59.217393543,842358509627875215,842358510685704306,140,5,46436375000000,2026-09-10T12:27:45.793174+00:00,interpolated,-111.0,1021.0,-261.0
59.236283348,842358509646765020,842358510685704306,140,6,46436375000000,2026-09-10T12:27:45.793174+00:00,interpolated,-118.0,1025.0,-268.0
59.255173154,842358509665654826,842358510685704306,140,7,46436375000000,2026-09-10T12:27:45.793174+00:00,interpolated,-150.0,1013.0,-271.0
59.274062959,842358509684544631,842358510685704306,140,8,46436375000000,2026-09-10T12:27:45.793174+00:00,interpolated,-176.0,990.0,-269.0
59.292952764,842358509703434436,842358510685704306,140,9,46436375000000,2026-09-10T12:27:45.793174+00:00,interpolated,-201.0,985.0,-259.0
59.311842569,842358509722324241,842358510685704306,140,10,46436375000000,2026-09-10T12:27:45.793174+00:00,interpolated,-210.0,983.0,-236.0
59.330732374,842358509741214046,842358510685704306,140,11,46436375000000,2026-09-10T12:27:45.793174+00:00,interpolated,-232.0,973.0,-222.0
59.34962218,842358509760103852,842358510685704306,140,12,46436375000000,2026-09-10T12:27:45.793174+00:00,interpolated,-247.0,978.0,-204.0
59.368511985,842358509778993657,842358510685704306,140,13,46436375000000,2026-09-10T12:27:45.793174+00:00,interpolated,-263.0,969.0,-203.0
59.38740179,842358509797883462,842358510685704306,140,14,46436375000000,2026-09-10T12:27:45.793174+00:00,interpolated,-269.0,972.0,-194.0
59.406291595,842358509816773267,842358510685704306,140,15,46436375000000,2026-09-10T12:27:45.793174+00:00,interpolated,-283.0,973.0,-177.0
59.4251814,842358509835663072,842358510685704306,140,16,46436375000000,2026-09-10T12:27:45.793174+00:00,interpolated,-278.0,983.0,-160.0
59.444071205,842358509854552877,842358510685704306,140,17,46436375000000,2026-09-10T12:27:45.793174+00:00,interpolated,-256.0,1020.0,-143.0
59.462961011,842358509873442683,842358510685704306,140,18,46436375000000,2026-09-10T12:27:45.793174+00:00,interpolated,-198.0,1059.0,-143.0
59.481850816,842358509892332488,842358510685704306,140,19,46436375000000,2026-09-10T12:27:45.793174+00:00,interpolated,-130.0,1081.0,-146.0
59.500740621,842358509911222293,842358510685704306,140,20,46436375000000,2026-09-10T12:27:45.793174+00:00,interpolated,-63.0,1100.0,-149.0
59.519630426,842358509930112098,842358510685704306,140,21,46436375000000,2026-09-10T12:27:45.793174+00:00,interpolated,-3.0,1101.0,-172.0
59.538520231,842358509949001903,842358510685704306,140,22,46436375000000,2026-09-10T12:27:45.793174+00:00,interpolated,45.0,1107.0,-212.0
59.557410037,842358509967891709,842358510685704306,140,23,46436375000000,2026-09-10T12:27:45.793174+00:00,interpolated,62.0,1181.0,-253.0
59.576299842,842358509986781514,842358510685704306,140,24,46436375000000,2026-09-10T12:27:45.793174+00:00,interpolated,48.0,1362.0,-274.0
59.595189647,842358510005671319,842358510685704306,140,25,46436375000000,2026-09-10T12:27:45.793174+00:00,interpolated,79.0,1373.0,-391.0
59.614079452,842358510024561124,842358510685704306,140,26,46436375000000,2026-09-10T12:27:45.793174+00:00,interpolated,85.0,1309.0,-562.0
59.632969257,842358510043450929,842358510685704306,140,27,46436375000000,2026-09-10T12:27:45.793174+00:00,interpolated,-46.0,1086.0,-620.0
59.651859063,842358510062340735,842358510685704306,140,28,46436375000000,2026-09-10T12:27:45.793174+00:00,interpolated,-190.0,861.0,-610.0
59.670748868,842358510081230540,842358510685704306,140,29,46436375000000,2026-09-10T12:27:45.793174+00:00,interpolated,-346.0,743.0,-536.0
59.689638673,842358510100120345,842358510685704306,140,30,46436375000000,2026-09-10T12:27:45.793174+00:00,interpolated,-482.0,736.0,-405.0
59.708528478,842358510119010150,842358510685704306,140,31,46436375000000,2026-09-10T12:27:45.793174+00:00,interpolated,-569.0,814.0,-308.0
59.727418283,842358510137899955,842358510685704306,140,32,46436375000000,2026-09-10T12:27:45.793174+00:00,interpolated,-577.0,888.0,-265.0
59.746308089,842358510156789761,842358510685704306,140,33,46436375000000,2026-09-10T12:27:45.793174+00:00,interpolated,-528.0,916.0,-232.0
59.765197894,842358510175679566,842358510685704306,140,34,46436375000000,2026-09-10T12:27:45.793174+00:00,interpolated,-439.0,889.0,-231.0
59.784087699,842358510194569371,842358510685704306,140,35,46436375000000,2026-09-10T12:27:45.793174+00:00,interpolated,-336.0,874.0,-230.0
59.802977504,842358510213459176,842358510685704306,140,36,46436375000000,2026-09-10T12:27:45.793174+00:00,interpolated,-243.0,866.0,-237.0
59.821867309,842358510232348981,842358510685704306,140,37,46436375000000,2026-09-10T12:27:45.793174+00:00,interpolated,-160.0,869.0,-252.0
59.840757115,842358510251238787,842358510685704306,140,38,46436375000000,2026-09-10T12:27:45.793174+00:00,interpolated,-99.0,876.0,-248.0
59.85964692,842358510270128592,842358510685704306,140,39,46436375000000,2026-09-10T12:27:45.793174+00:00,interpolated,-45.0,880.0,-250.0
59.878536725,842358510289018397,842358510685704306,140,40,46436375000000,2026-09-10T12:27:45.793174+00:00,interpolated,11.0,883.0,-257.0
59.89742653,842358510307908202,842358510685704306,140,41,46436375000000,2026-09-10T12:27:45.793174+00:00,interpolated,57.0,909.0,-279.0
59.916316335,842358510326798007,842358510685704306,140,42,46436375000000,2026-09-10T12:27:45.793174+00:00,interpolated,99.0,955.0,-291.0
59.935206141,842358510345687813,842358510685704306,140,43,46436375000000,2026-09-10T12:27:45.793174+00:00,interpolated,119.0,996.0,-302.0
59.954095946,842358510364577618,842358510685704306,140,44,46436375000000,2026-09-10T12:27:45.793174+00:00,interpolated,114.0,1020.0,-305.0
59.972985751,842358510383467423,842358510685704306,140,45,46436375000000,2026-09-10T12:27:45.793174+00:00,interpolated,89.0,1056.0,-302.0
59.991875556,842358510402357228,842358510685704306,140,46,46436375000000,2026-09-10T12:27:45.793174+00:00,interpolated,55.0,1082.0,-290.0
60.010765361,842358510421247033,842358510685704306,140,47,46436375000000,2026-09-10T12:27:45.793174+00:00,interpolated,46.0,1078.0,-278.0
60.029655166,842358510440136838,842358510685704306,140,48,46436375000000,2026-09-10T12:27:45.793174+00:00,interpolated,41.0,1060.0,-265.0
60.048544972,842358510459026644,842358510685704306,140,49,46436375000000,2026-09-10T12:27:45.793174+00:00,interpolated,42.0,1041.0,-249.0
60.067434777,842358510477916449,842358510685704306,140,50,46436375000000,2026-09-10T12:27:45.793174+00:00,interpolated,44.0,1038.0,-221.0
60.086324582,842358510496806254,842358510685704306,140,51,46436375000000,2026-09-10T12:27:45.793174+00:00,interpolated,43.0,1039.0,-188.0
60.105214387,842358510515696059,842358510685704306,140,52,46436375000000,2026-09-10T12:27:45.793174+00:00,interpolated,34.0,1036.0,-166.0
60.124104192,842358510534585864,842358510685704306,140,53,46436375000000,2026-09-10T12:27:45.793174+00:00,interpolated,17.0,1048.0,-144.0
60.142993998,842358510553475670,842358510685704306,140,54,46436375000000,2026-09-10T12:27:45.793174+00:00,interpolated,-15.0,1054.0,-144.0
60.161883803,842358510572365475,842358510685704306,140,55,46436375000000,2026-09-10T12:27:45.793174+00:00,interpolated,-32.0,1063.0,-155.0
60.180773608,842358510591255280,842358510685704306,140,56,46436375000000,2026-09-10T12:27:45.793174+00:00,interpolated,-51.0,1063.0,-184.0
60.199663413,842358510610145085,842358510685704306,140,57,46436375000000,2026-09-10T12:27:45.793174+00:00,interpolated,-75.0,1056.0,-211.0
60.218553218,842358510629034890,842358510685704306,140,58,46436375000000,2026-09-10T12:27:45.793174+00:00,interpolated,-96.0,1059.0,-240.0
60.237443024,842358510647924696,842358510685704306,140,59,46436375000000,2026-09-10T12:27:45.793174+00:00,interpolated,-126.0,1073.0,-245.0
60.256332829,842358510666814501,842358510685704306,140,60,46436375000000,2026-09-10T12:27:45.793174+00:00,interpolated,-189.0,1083.0,-225.0
60.275222634,842358510685704306,842358510685704306,140,61,46436375000000,2026-09-10T12:27:45.793174+00:00,interpolated,-300.0,1109.0,-181.0
60.294113831,842358510704595503,842358511932523302,143,0,46437515000000,2026-09-10T12:27:46.933277+00:00,interpolated,-417.0,1104.0,-137.0
60.313005028,842358510723486700,842358511932523302,143,1,46437515000000,2026-09-10T12:27:46.933277+00:00,interpolated,-544.0,1025.0,-106.0
60.331896225,842358510742377897,842358511932523302,143,2,46437515000000,2026-09-10T12:27:46.933277+00:00,interpolated,-641.0,932.0,-91.0
60.350787422,842358510761269094,842358511932523302,143,3,46437515000000,2026-09-10T12:27:46.933277+00:00,interpolated,-709.0,914.0,-50.0
60.369678619,842358510780160291,842358511932523302,143,4,46437515000000,2026-09-10T12:27:46.933277+00:00,interpolated,-705.0,957.0,-15.0
60.388569815,842358510799051487,842358511932523302,143,5,46437515000000,2026-09-10T12:27:46.933277+00:00,interpolated,-670.0,956.0,-25.0
60.407461012,842358510817942684,842358511932523302,143,6,46437515000000,2026-09-10T12:27:46.933277+00:00,interpolated,-652.0,936.0,-32.0
60.426352209,842358510836833881,842358511932523302,143,7,46437515000000,2026-09-10T12:27:46.933277+00:00,interpolated,-644.0,912.0,-43.0
60.445243406,842358510855725078,842358511932523302,143,8,46437515000000,2026-09-10T12:27:46.933277+00:00,interpolated,-630.0,894.0,-56.0
60.464134603,842358510874616275,842358511932523302,143,9,46437515000000,2026-09-10T12:27:46.933277+00:00,interpolated,-611.0,888.0,-92.0
60.4830258,842358510893507472,842358511932523302,143,10,46437515000000,2026-09-10T12:27:46.933277+00:00,interpolated,-581.0,869.0,-116.0
60.501916997,842358510912398669,842358511932523302,143,11,46437515000000,2026-09-10T12:27:46.933277+00:00,interpolated,-555.0,860.0,-149.0
60.520808194,842358510931289866,842358511932523302,143,12,46437515000000,2026-09-10T12:27:46.933277+00:00,interpolated,-535.0,863.0,-147.0
60.539699391,842358510950181063,842358511932523302,143,13,46437515000000,2026-09-10T12:27:46.933277+00:00,interpolated,-541.0,872.0,-139.0
60.558590588,842358510969072260,842358511932523302,143,14,46437515000000,2026-09-10T12:27:46.933277+00:00,interpolated,-540.0,899.0,-143.0
60.577481785,842358510987963457,842358511932523302,143,15,46437515000000,2026-09-10T12:27:46.933277+00:00,interpolated,-544.0,885.0,-154.0
60.596372981,842358511006854653,842358511932523302,143,16,46437515000000,2026-09-10T12:27:46.933277+00:00,interpolated,-517.0,883.0,-172.0
60.615264178,842358511025745850,842358511932523302,143,17,46437515000000,2026-09-10T12:27:46.933277+00:00,interpolated,-515.0,866.0,-192.0
60.634155375,842358511044637047,842358511932523302,143,18,46437515000000,2026-09-10T12:27:46.933277+00:00,interpolated,-533.0,841.0,-197.0
60.653046572,842358511063528244,842358511932523302,143,19,46437515000000,2026-09-10T12:27:46.933277+00:00,interpolated,-556.0,808.0,-204.0
60.671937769,842358511082419441,842358511932523302,143,20,46437515000000,2026-09-10T12:27:46.933277+00:00,interpolated,-554.0,759.0,-238.0
60.690828966,842358511101310638,842358511932523302,143,21,46437515000000,2026-09-10T12:27:46.933277+00:00,interpolated,-566.0,744.0,-246.0
60.709720163,842358511120201835,842358511932523302,143,22,46437515000000,2026-09-10T12:27:46.933277+00:00,interpolated,-573.0,751.0,-221.0
60.72861136,842358511139093032,842358511932523302,143,23,46437515000000,2026-09-10T12:27:46.933277+00:00,interpolated,-572.0,740.0,-212.0
60.747502557,842358511157984229,842358511932523302,143,24,46437515000000,2026-09-10T12:27:46.933277+00:00,interpolated,-549.0,732.0,-224.0
60.766393754,842358511176875426,842358511932523302,143,25,46437515000000,2026-09-10T12:27:46.933277+00:00,interpolated,-518.0,755.0,-300.0
60.785284951,842358511195766623,842358511932523302,143,26,46437515000000,2026-09-10T12:27:46.933277+00:00,interpolated,-470.0,771.0,-369.0
60.804176147,842358511214657819,842358511932523302,143,27,46437515000000,2026-09-10T12:27:46.933277+00:00,interpolated,-411.0,744.0,-432.0
60.823067344,842358511233549016,842358511932523302,143,28,46437515000000,2026-09-10T12:27:46.933277+00:00,interpolated,-406.0,676.0,-455.0
60.841958541,842358511252440213,842358511932523302,143,29,46437515000000,2026-09-10T12:27:46.933277+00:00,interpolated,-451.0,628.0,-443.0
60.860849738,842358511271331410,842358511932523302,143,30,46437515000000,2026-09-10T12:27:46.933277+00:00,interpolated,-531.0,651.0,-397.0
60.879740935,842358511290222607,842358511932523302,143,31,46437515000000,2026-09-10T12:27:46.933277+00:00,interpolated,-568.0,687.0,-379.0
60.898632132,842358511309113804,842358511932523302,143,32,46437515000000,2026-09-10T12:27:46.933277+00:00,interpolated,-549.0,674.0,-416.0
60.917523329,842358511328005001,842358511932523302,143,33,46437515000000,2026-09-10T12:27:46.933277+00:00,interpolated,-552.0,676.0,-446.0
60.936414526,842358511346896198,842358511932523302,143,34,46437515000000,2026-09-10T12:27:46.933277+00:00,interpolated,-574.0,677.0,-469.0
60.955305723,842358511365787395,842358511932523302,143,35,46437515000000,2026-09-10T12:27:46.933277+00:00,interpolated,-607.0,656.0,-481.0
60.97419692,842358511384678592,842358511932523302,143,36,46437515000000,2026-09-10T12:27:46.933277+00:00,interpolated,-641.0,657.0,-504.0
60.993088117,842358511403569789,842358511932523302,143,37,46437515000000,2026-09-10T12:27:46.933277+00:00,interpolated,-635.0,654.0,-531.0
61.011979313,842358511422460985,842358511932523302,143,38,46437515000000,2026-09-10T12:27:46.933277+00:00,interpolated,-631.0,634.0,-564.0
61.03087051,842358511441352182,842358511932523302,143,39,46437515000000,2026-09-10T12:27:46.933277+00:00,interpolated,-656.0,618.0,-590.0
61.049761707,842358511460243379,842358511932523302,143,40,46437515000000,2026-09-10T12:27:46.933277+00:00,interpolated,-712.0,591.0,-594.0
61.068652904,842358511479134576,842358511932523302,143,41,46437515000000,2026-09-10T12:27:46.933277+00:00,interpolated,-748.0,582.0,-606.0
61.087544101,842358511498025773,842358511932523302,143,42,46437515000000,2026-09-10T12:27:46.933277+00:00,interpolated,-773.0,561.0,-633.0
61.106435298,842358511516916970,842358511932523302,143,43,46437515000000,2026-09-10T12:27:46.933277+00:00,interpolated,-756.0,536.0,-650.0
61.125326495,842358511535808167,842358511932523302,143,44,46437515000000,2026-09-10T12:27:46.933277+00:00,interpolated,-699.0,488.0,-638.0
61.144217692,842358511554699364,842358511932523302,143,45,46437515000000,2026-09-10T12:27:46.933277+00:00,interpolated,-671.0,454.0,-588.0
61.163108889,842358511573590561,842358511932523302,143,46,46437515000000,2026-09-10T12:27:46.933277+00:00,interpolated,-729.0,458.0,-560.0
61.182000086,842358511592481758,842358511932523302,143,47,46437515000000,2026-09-10T12:27:46.933277+00:00,interpolated,-839.0,484.0,-583.0
61.200891283,842358511611372955,842358511932523302,143,48,46437515000000,2026-09-10T12:27:46.933277+00:00,interpolated,-842.0,471.0,-634.0
61.219782479,842358511630264151,842358511932523302,143,49,46437515000000,2026-09-10T12:27:46.933277+00:00,interpolated,-791.0,415.0,-641.0
61.238673676,842358511649155348,842358511932523302,143,50,46437515000000,2026-09-10T12:27:46.933277+00:00,interpolated,-975.0,416.0,-628.0
61.257564873,842358511668046545,842358511932523302,143,51,46437515000000,2026-09-10T12:27:46.933277+00:00,interpolated,-1131.0,433.0,-577.0
61.27645607,842358511686937742,842358511932523302,143,52,46437515000000,2026-09-10T12:27:46.933277+00:00,interpolated,-1191.0,438.0,-607.0
61.295347267,842358511705828939,842358511932523302,143,53,46437515000000,2026-09-10T12:27:46.933277+00:00,interpolated,-1037.0,393.0,-667.0
61.314238464,842358511724720136,842358511932523302,143,54,46437515000000,2026-09-10T12:27:46.933277+00:00,interpolated,-864.0,338.0,-607.0
61.333129661,842358511743611333,842358511932523302,143,55,46437515000000,2026-09-10T12:27:46.933277+00:00,interpolated,-763.0,320.0,-569.0
61.352020858,842358511762502530,842358511932523302,143,56,46437515000000,2026-09-10T12:27:46.933277+00:00,interpolated,-754.0,280.0,-570.0
61.370912055,842358511781393727,842358511932523302,143,57,46437515000000,2026-09-10T12:27:46.933277+00:00,interpolated,-808.0,242.0,-550.0
61.389803252,842358511800284924,842358511932523302,143,58,46437515000000,2026-09-10T12:27:46.933277+00:00,interpolated,-813.0,271.0,-644.0
61.408694449,842358511819176121,842358511932523302,143,59,46437515000000,2026-09-10T12:27:46.933277+00:00,interpolated,-830.0,391.0,-726.0
61.427585645,842358511838067317,842358511932523302,143,60,46437515000000,2026-09-10T12:27:46.933277+00:00,interpolated,-824.0,368.0,-703.0
61.446476842,842358511856958514,842358511932523302,143,61,46437515000000,2026-09-10T12:27:46.933277+00:00,interpolated,-771.0,283.0,-680.0
61.465368039,842358511875849711,842358511932523302,143,62,46437515000000,2026-09-10T12:27:46.933277+00:00,interpolated,-747.0,212.0,-604.0
61.484259236,842358511894740908,842358511932523302,143,63,46437515000000,2026-09-10T12:27:46.933277+00:00,interpolated,-734.0,189.0,-564.0
61.503150433,842358511913632105,842358511932523302,143,64,46437515000000,2026-09-10T12:27:46.933277+00:00,interpolated,-658.0,206.0,-575.0
61.52204163,842358511932523302,842358511932523302,143,65,46437515000000,2026-09-10T12:27:46.933277+00:00,interpolated,-532.0,266.0,-598.0
61.540931763,842358511951413435,842358513065931304,146,0,46438687000000,2026-09-10T12:27:48.103325+00:00,interpolated,-382.0,380.0,-619.0
61.559821897,842358511970303569,842358513065931304,146,1,46438687000000,2026-09-10T12:27:48.103325+00:00,interpolated,-205.0,493.0,-687.0
61.57871203,842358511989193702,842358513065931304,146,2,46438687000000,2026-09-10T12:27:48.103325+00:00,interpolated,-80.0,592.0,-762.0
61.597602163,842358512008083835,842358513065931304,146,3,46438687000000,2026-09-10T12:27:48.103325+00:00,interpolated,-35.0,709.0,-799.0
61.616492297,842358512026973969,842358513065931304,146,4,46438687000000,2026-09-10T12:27:48.103325+00:00,interpolated,-79.0,904.0,-802.0
61.63538243,842358512045864102,842358513065931304,146,5,46438687000000,2026-09-10T12:27:48.103325+00:00,interpolated,-154.0,1130.0,-823.0
61.654272564,842358512064754236,842358513065931304,146,6,46438687000000,2026-09-10T12:27:48.103325+00:00,interpolated,-198.0,1191.0,-869.0
61.673162697,842358512083644369,842358513065931304,146,7,46438687000000,2026-09-10T12:27:48.103325+00:00,interpolated,-177.0,1154.0,-838.0
61.69205283,842358512102534502,842358513065931304,146,8,46438687000000,2026-09-10T12:27:48.103325+00:00,interpolated,-127.0,1094.0,-806.0
61.710942964,842358512121424636,842358513065931304,146,9,46438687000000,2026-09-10T12:27:48.103325+00:00,interpolated,-48.0,991.0,-762.0
61.729833097,842358512140314769,842358513065931304,146,10,46438687000000,2026-09-10T12:27:48.103325+00:00,interpolated,-36.0,902.0,-702.0
61.74872323,842358512159204902,842358513065931304,146,11,46438687000000,2026-09-10T12:27:48.103325+00:00,interpolated,-60.0,868.0,-632.0
61.767613364,842358512178095036,842358513065931304,146,12,46438687000000,2026-09-10T12:27:48.103325+00:00,interpolated,-122.0,880.0,-571.0
61.786503497,842358512196985169,842358513065931304,146,13,46438687000000,2026-09-10T12:27:48.103325+00:00,interpolated,-156.0,888.0,-549.0
61.805393631,842358512215875303,842358513065931304,146,14,46438687000000,2026-09-10T12:27:48.103325+00:00,interpolated,-167.0,879.0,-541.0
61.824283764,842358512234765436,842358513065931304,146,15,46438687000000,2026-09-10T12:27:48.103325+00:00,interpolated,-147.0,851.0,-547.0
61.843173897,842358512253655569,842358513065931304,146,16,46438687000000,2026-09-10T12:27:48.103325+00:00,interpolated,-138.0,837.0,-534.0
61.862064031,842358512272545703,842358513065931304,146,17,46438687000000,2026-09-10T12:27:48.103325+00:00,interpolated,-37.0,855.0,-460.0
61.880954164,842358512291435836,842358513065931304,146,18,46438687000000,2026-09-10T12:27:48.103325+00:00,interpolated,27.0,858.0,-504.0
61.899844297,842358512310325969,842358513065931304,146,19,46438687000000,2026-09-10T12:27:48.103325+00:00,interpolated,7.0,907.0,-618.0
61.918734431,842358512329216103,842358513065931304,146,20,46438687000000,2026-09-10T12:27:48.103325+00:00,interpolated,-5.0,931.0,-654.0
61.937624564,842358512348106236,842358513065931304,146,21,46438687000000,2026-09-10T12:27:48.103325+00:00,interpolated,19.0,924.0,-643.0
61.956514697,842358512366996369,842358513065931304,146,22,46438687000000,2026-09-10T12:27:48.103325+00:00,interpolated,49.0,909.0,-605.0
61.975404831,842358512385886503,842358513065931304,146,23,46438687000000,2026-09-10T12:27:48.103325+00:00,interpolated,118.0,896.0,-562.0
61.994294964,842358512404776636,842358513065931304,146,24,46438687000000,2026-09-10T12:27:48.103325+00:00,interpolated,173.0,887.0,-538.0
62.013185098,842358512423666770,842358513065931304,146,25,46438687000000,2026-09-10T12:27:48.103325+00:00,interpolated,214.0,863.0,-528.0
62.032075231,842358512442556903,842358513065931304,146,26,46438687000000,2026-09-10T12:27:48.103325+00:00,interpolated,232.0,802.0,-541.0
62.050965364,842358512461447036,842358513065931304,146,27,46438687000000,2026-09-10T12:27:48.103325+00:00,interpolated,225.0,758.0,-537.0
62.069855498,842358512480337170,842358513065931304,146,28,46438687000000,2026-09-10T12:27:48.103325+00:00,interpolated,231.0,735.0,-527.0
62.088745631,842358512499227303,842358513065931304,146,29,46438687000000,2026-09-10T12:27:48.103325+00:00,interpolated,251.0,724.0,-504.0
62.107635764,842358512518117436,842358513065931304,146,30,46438687000000,2026-09-10T12:27:48.103325+00:00,interpolated,275.0,736.0,-475.0
62.126525898,842358512537007570,842358513065931304,146,31,46438687000000,2026-09-10T12:27:48.103325+00:00,interpolated,283.0,769.0,-447.0
62.145416031,842358512555897703,842358513065931304,146,32,46438687000000,2026-09-10T12:27:48.103325+00:00,interpolated,320.0,811.0,-423.0
62.164306164,842358512574787836,842358513065931304,146,33,46438687000000,2026-09-10T12:27:48.103325+00:00,interpolated,370.0,828.0,-439.0
62.183196298,842358512593677970,842358513065931304,146,34,46438687000000,2026-09-10T12:27:48.103325+00:00,interpolated,438.0,777.0,-470.0
62.202086431,842358512612568103,842358513065931304,146,35,46438687000000,2026-09-10T12:27:48.103325+00:00,interpolated,503.0,786.0,-505.0
62.220976565,842358512631458237,842358513065931304,146,36,46438687000000,2026-09-10T12:27:48.103325+00:00,interpolated,532.0,788.0,-548.0
62.239866698,842358512650348370,842358513065931304,146,37,46438687000000,2026-09-10T12:27:48.103325+00:00,interpolated,551.0,793.0,-559.0
62.258756831,842358512669238503,842358513065931304,146,38,46438687000000,2026-09-10T12:27:48.103325+00:00,interpolated,566.0,821.0,-534.0
62.277646965,842358512688128637,842358513065931304,146,39,46438687000000,2026-09-10T12:27:48.103325+00:00,interpolated,568.0,829.0,-532.0
62.296537098,842358512707018770,842358513065931304,146,40,46438687000000,2026-09-10T12:27:48.103325+00:00,interpolated,580.0,825.0,-515.0
62.315427231,842358512725908903,842358513065931304,146,41,46438687000000,2026-09-10T12:27:48.103325+00:00,interpolated,638.0,822.0,-501.0
62.334317365,842358512744799037,842358513065931304,146,42,46438687000000,2026-09-10T12:27:48.103325+00:00,interpolated,673.0,816.0,-495.0
62.353207498,842358512763689170,842358513065931304,146,43,46438687000000,2026-09-10T12:27:48.103325+00:00,interpolated,656.0,823.0,-506.0
62.372097632,842358512782579304,842358513065931304,146,44,46438687000000,2026-09-10T12:27:48.103325+00:00,interpolated,576.0,851.0,-524.0
62.390987765,842358512801469437,842358513065931304,146,45,46438687000000,2026-09-10T12:27:48.103325+00:00,interpolated,461.0,846.0,-523.0
62.409877898,842358512820359570,842358513065931304,146,46,46438687000000,2026-09-10T12:27:48.103325+00:00,interpolated,340.0,856.0,-515.0
62.428768032,842358512839249704,842358513065931304,146,47,46438687000000,2026-09-10T12:27:48.103325+00:00,interpolated,212.0,881.0,-520.0
62.447658165,842358512858139837,842358513065931304,146,48,46438687000000,2026-09-10T12:27:48.103325+00:00,interpolated,102.0,913.0,-523.0
62.466548298,842358512877029970,842358513065931304,146,49,46438687000000,2026-09-10T12:27:48.103325+00:00,interpolated,52.0,925.0,-533.0
62.485438432,842358512895920104,842358513065931304,146,50,46438687000000,2026-09-10T12:27:48.103325+00:00,interpolated,75.0,907.0,-529.0
62.504328565,842358512914810237,842358513065931304,146,51,46438687000000,2026-09-10T12:27:48.103325+00:00,interpolated,151.0,888.0,-530.0
62.523218698,842358512933700370,842358513065931304,146,52,46438687000000,2026-09-10T12:27:48.103325+00:00,interpolated,215.0,842.0,-532.0
62.542108832,842358512952590504,842358513065931304,146,53,46438687000000,2026-09-10T12:27:48.103325+00:00,interpolated,219.0,817.0,-522.0
62.560998965,842358512971480637,842358513065931304,146,54,46438687000000,2026-09-10T12:27:48.103325+00:00,interpolated,189.0,822.0,-507.0
62.579889099,842358512990370771,842358513065931304,146,55,46438687000000,2026-09-10T12:27:48.103325+00:00,interpolated,140.0,833.0,-511.0
62.598779232,842358513009260904,842358513065931304,146,56,46438687000000,2026-09-10T12:27:48.103325+00:00,interpolated,68.0,814.0,-514.0
62.617669365,842358513028151037,842358513065931304,146,57,46438687000000,2026-09-10T12:27:48.103325+00:00,interpolated,-1.0,810.0,-487.0
62.636559499,842358513047041171,842358513065931304,146,58,46438687000000,2026-09-10T12:27:48.103325+00:00,interpolated,-52.0,799.0,-481.0
62.655449632,842358513065931304,842358513065931304,146,59,46438687000000,2026-09-10T12:27:48.103325+00:00,interpolated,-88.0,796.0,-477.0
62.674340062,842358513084821734,842358514426042268,151,0,46440156000000,2026-09-10T12:27:49.574653+00:00,interpolated,-94.0,809.0,-479.0
62.693230492,842358513103712164,842358514426042268,151,1,46440156000000,2026-09-10T12:27:49.574653+00:00,interpolated,-69.0,814.0,-481.0
62.712120922,842358513122602594,842358514426042268,151,2,46440156000000,2026-09-10T12:27:49.574653+00:00,interpolated,-40.0,840.0,-500.0
62.731011352,842358513141493024,842358514426042268,151,3,46440156000000,2026-09-10T12:27:49.574653+00:00,interpolated,8.0,865.0,-517.0
62.749901782,842358513160383454,842358514426042268,151,4,46440156000000,2026-09-10T12:27:49.574653+00:00,interpolated,31.0,870.0,-540.0
62.768792212,842358513179273884,842358514426042268,151,5,46440156000000,2026-09-10T12:27:49.574653+00:00,interpolated,26.0,907.0,-577.0
62.787682642,842358513198164314,842358514426042268,151,6,46440156000000,2026-09-10T12:27:49.574653+00:00,interpolated,-1.0,937.0,-606.0
62.806573072,842358513217054744,842358514426042268,151,7,46440156000000,2026-09-10T12:27:49.574653+00:00,interpolated,-28.0,952.0,-617.0
62.825463503,842358513235945175,842358514426042268,151,8,46440156000000,2026-09-10T12:27:49.574653+00:00,interpolated,-41.0,979.0,-623.0
62.844353933,842358513254835605,842358514426042268,151,9,46440156000000,2026-09-10T12:27:49.574653+00:00,interpolated,-49.0,961.0,-592.0
62.863244363,842358513273726035,842358514426042268,151,10,46440156000000,2026-09-10T12:27:49.574653+00:00,interpolated,-106.0,940.0,-562.0
62.882134793,842358513292616465,842358514426042268,151,11,46440156000000,2026-09-10T12:27:49.574653+00:00,interpolated,-154.0,921.0,-568.0
62.901025223,842358513311506895,842358514426042268,151,12,46440156000000,2026-09-10T12:27:49.574653+00:00,interpolated,-164.0,895.0,-579.0
62.919915653,842358513330397325,842358514426042268,151,13,46440156000000,2026-09-10T12:27:49.574653+00:00,interpolated,-151.0,868.0,-577.0
62.938806083,842358513349287755,842358514426042268,151,14,46440156000000,2026-09-10T12:27:49.574653+00:00,interpolated,-146.0,873.0,-569.0
62.957696513,842358513368178185,842358514426042268,151,15,46440156000000,2026-09-10T12:27:49.574653+00:00,interpolated,-154.0,862.0,-565.0
62.976586943,842358513387068615,842358514426042268,151,16,46440156000000,2026-09-10T12:27:49.574653+00:00,interpolated,-177.0,860.0,-557.0
62.995477373,842358513405959045,842358514426042268,151,17,46440156000000,2026-09-10T12:27:49.574653+00:00,interpolated,-201.0,860.0,-553.0
63.014367803,842358513424849475,842358514426042268,151,18,46440156000000,2026-09-10T12:27:49.574653+00:00,interpolated,-217.0,848.0,-557.0
63.033258233,842358513443739905,842358514426042268,151,19,46440156000000,2026-09-10T12:27:49.574653+00:00,interpolated,-229.0,858.0,-567.0
63.052148663,842358513462630335,842358514426042268,151,20,46440156000000,2026-09-10T12:27:49.574653+00:00,interpolated,-219.0,865.0,-569.0
63.071039093,842358513481520765,842358514426042268,151,21,46440156000000,2026-09-10T12:27:49.574653+00:00,interpolated,-203.0,875.0,-576.0
63.089929523,842358513500411195,842358514426042268,151,22,46440156000000,2026-09-10T12:27:49.574653+00:00,interpolated,-177.0,865.0,-588.0
63.108819953,842358513519301625,842358514426042268,151,23,46440156000000,2026-09-10T12:27:49.574653+00:00,interpolated,-158.0,858.0,-585.0
63.127710383,842358513538192055,842358514426042268,151,24,46440156000000,2026-09-10T12:27:49.574653+00:00,interpolated,-143.0,866.0,-579.0
63.146600813,842358513557082485,842358514426042268,151,25,46440156000000,2026-09-10T12:27:49.574653+00:00,interpolated,-137.0,892.0,-572.0
63.165491244,842358513575972916,842358514426042268,151,26,46440156000000,2026-09-10T12:27:49.574653+00:00,interpolated,-145.0,906.0,-572.0
63.184381674,842358513594863346,842358514426042268,151,27,46440156000000,2026-09-10T12:27:49.574653+00:00,interpolated,-160.0,894.0,-569.0
63.203272104,842358513613753776,842358514426042268,151,28,46440156000000,2026-09-10T12:27:49.574653+00:00,interpolated,-160.0,883.0,-563.0
63.222162534,842358513632644206,842358514426042268,151,29,46440156000000,2026-09-10T12:27:49.574653+00:00,interpolated,-142.0,881.0,-544.0
63.241052964,842358513651534636,842358514426042268,151,30,46440156000000,2026-09-10T12:27:49.574653+00:00,interpolated,-133.0,895.0,-524.0
63.259943394,842358513670425066,842358514426042268,151,31,46440156000000,2026-09-10T12:27:49.574653+00:00,interpolated,-126.0,920.0,-518.0
63.278833824,842358513689315496,842358514426042268,151,32,46440156000000,2026-09-10T12:27:49.574653+00:00,interpolated,-117.0,944.0,-538.0
63.297724254,842358513708205926,842358514426042268,151,33,46440156000000,2026-09-10T12:27:49.574653+00:00,interpolated,-102.0,933.0,-551.0
63.316614684,842358513727096356,842358514426042268,151,34,46440156000000,2026-09-10T12:27:49.574653+00:00,interpolated,-63.0,911.0,-532.0
63.335505114,842358513745986786,842358514426042268,151,35,46440156000000,2026-09-10T12:27:49.574653+00:00,interpolated,-26.0,902.0,-526.0
63.354395544,842358513764877216,842358514426042268,151,36,46440156000000,2026-09-10T12:27:49.574653+00:00,interpolated,-10.0,916.0,-522.0
63.373285974,842358513783767646,842358514426042268,151,37,46440156000000,2026-09-10T12:27:49.574653+00:00,interpolated,-1.0,909.0,-515.0
63.392176404,842358513802658076,842358514426042268,151,38,46440156000000,2026-09-10T12:27:49.574653+00:00,interpolated,-3.0,893.0,-489.0
63.411066834,842358513821548506,842358514426042268,151,39,46440156000000,2026-09-10T12:27:49.574653+00:00,interpolated,-8.0,889.0,-465.0
63.429957264,842358513840438936,842358514426042268,151,40,46440156000000,2026-09-10T12:27:49.574653+00:00,interpolated,-26.0,908.0,-441.0
63.448847694,842358513859329366,842358514426042268,151,41,46440156000000,2026-09-10T12:27:49.574653+00:00,interpolated,-15.0,924.0,-428.0
63.467738124,842358513878219796,842358514426042268,151,42,46440156000000,2026-09-10T12:27:49.574653+00:00,interpolated,-34.0,925.0,-411.0
63.486628554,842358513897110226,842358514426042268,151,43,46440156000000,2026-09-10T12:27:49.574653+00:00,interpolated,-21.0,930.0,-419.0
63.505518985,842358513916000657,842358514426042268,151,44,46440156000000,2026-09-10T12:27:49.574653+00:00,interpolated,10.0,937.0,-406.0
63.524409415,842358513934891087,842358514426042268,151,45,46440156000000,2026-09-10T12:27:49.574653+00:00,interpolated,36.0,933.0,-400.0
63.543299845,842358513953781517,842358514426042268,151,46,46440156000000,2026-09-10T12:27:49.574653+00:00,interpolated,58.0,933.0,-417.0
63.562190275,842358513972671947,842358514426042268,151,47,46440156000000,2026-09-10T12:27:49.574653+00:00,interpolated,80.0,927.0,-404.0
63.581080705,842358513991562377,842358514426042268,151,48,46440156000000,2026-09-10T12:27:49.574653+00:00,interpolated,99.0,905.0,-408.0
63.599971135,842358514010452807,842358514426042268,151,49,46440156000000,2026-09-10T12:27:49.574653+00:00,interpolated,108.0,906.0,-431.0
63.618861565,842358514029343237,842358514426042268,151,50,46440156000000,2026-09-10T12:27:49.574653+00:00,interpolated,106.0,921.0,-449.0
63.637751995,842358514048233667,842358514426042268,151,51,46440156000000,2026-09-10T12:27:49.574653+00:00,interpolated,99.0,951.0,-476.0
63.656642425,842358514067124097,842358514426042268,151,52,46440156000000,2026-09-10T12:27:49.574653+00:00,interpolated,107.0,958.0,-472.0
63.675532855,842358514086014527,842358514426042268,151,53,46440156000000,2026-09-10T12:27:49.574653+00:00,interpolated,116.0,946.0,-469.0
63.694423285,842358514104904957,842358514426042268,151,54,46440156000000,2026-09-10T12:27:49.574653+00:00,interpolated,123.0,945.0,-442.0
63.713313715,842358514123795387,842358514426042268,151,55,46440156000000,2026-09-10T12:27:49.574653+00:00,interpolated,127.0,937.0,-446.0
63.732204145,842358514142685817,842358514426042268,151,56,46440156000000,2026-09-10T12:27:49.574653+00:00,interpolated,148.0,965.0,-460.0
63.751094575,842358514161576247,842358514426042268,151,57,46440156000000,2026-09-10T12:27:49.574653+00:00,interpolated,170.0,949.0,-468.0
63.769985005,842358514180466677,842358514426042268,151,58,46440156000000,2026-09-10T12:27:49.574653+00:00,interpolated,190.0,948.0,-460.0
63.788875435,842358514199357107,842358514426042268,151,59,46440156000000,2026-09-10T12:27:49.574653+00:00,interpolated,202.0,959.0,-461.0
63.807765865,842358514218247537,842358514426042268,151,60,46440156000000,2026-09-10T12:27:49.574653+00:00,interpolated,228.0,946.0,-468.0
63.826656295,842358514237137967,842358514426042268,151,61,46440156000000,2026-09-10T12:27:49.574653+00:00,interpolated,273.0,925.0,-459.0
63.845546726,842358514256028398,842358514426042268,151,62,46440156000000,2026-09-10T12:27:49.574653+00:00,interpolated,315.0,878.0,-456.0
63.864437156,842358514274918828,842358514426042268,151,63,46440156000000,2026-09-10T12:27:49.574653+00:00,interpolated,355.0,875.0,-475.0
63.883327586,842358514293809258,842358514426042268,151,64,46440156000000,2026-09-10T12:27:49.574653+00:00,interpolated,388.0,881.0,-481.0
63.902218016,842358514312699688,842358514426042268,151,65,46440156000000,2026-09-10T12:27:49.574653+00:00,interpolated,389.0,901.0,-515.0
63.921108446,842358514331590118,842358514426042268,151,66,46440156000000,2026-09-10T12:27:49.574653+00:00,interpolated,400.0,902.0,-544.0
63.939998876,842358514350480548,842358514426042268,151,67,46440156000000,2026-09-10T12:27:49.574653+00:00,interpolated,365.0,880.0,-568.0
63.958889306,842358514369370978,842358514426042268,151,68,46440156000000,2026-09-10T12:27:49.574653+00:00,interpolated,352.0,871.0,-592.0
63.977779736,842358514388261408,842358514426042268,151,69,46440156000000,2026-09-10T12:27:49.574653+00:00,interpolated,319.0,854.0,-621.0
63.996670166,842358514407151838,842358514426042268,151,70,46440156000000,2026-09-10T12:27:49.574653+00:00,interpolated,311.0,849.0,-578.0
64.015560596,842358514426042268,842358514426042268,151,71,46440156000000,2026-09-10T12:27:49.574653+00:00,interpolated,409.0,828.0,-550.0
64.034451297,842358514444932969,842358515880626280,154,0,46441656000000,2026-09-10T12:27:51.073522+00:00,interpolated,444.0,794.0,-508.0
64.053341999,842358514463823671,842358515880626280,154,1,46441656000000,2026-09-10T12:27:51.073522+00:00,interpolated,452.0,769.0,-469.0
64.0722327,842358514482714372,842358515880626280,154,2,46441656000000,2026-09-10T12:27:51.073522+00:00,interpolated,466.0,745.0,-452.0
64.091123402,842358514501605074,842358515880626280,154,3,46441656000000,2026-09-10T12:27:51.073522+00:00,interpolated,452.0,722.0,-424.0
64.110014103,842358514520495775,842358515880626280,154,4,46441656000000,2026-09-10T12:27:51.073522+00:00,interpolated,392.0,719.0,-423.0
64.128904805,842358514539386477,842358515880626280,154,5,46441656000000,2026-09-10T12:27:51.073522+00:00,interpolated,337.0,720.0,-432.0
64.147795506,842358514558277178,842358515880626280,154,6,46441656000000,2026-09-10T12:27:51.073522+00:00,interpolated,307.0,723.0,-427.0
64.166686208,842358514577167880,842358515880626280,154,7,46441656000000,2026-09-10T12:27:51.073522+00:00,interpolated,294.0,729.0,-449.0
64.185576909,842358514596058581,842358515880626280,154,8,46441656000000,2026-09-10T12:27:51.073522+00:00,interpolated,290.0,735.0,-450.0
64.204467611,842358514614949283,842358515880626280,154,9,46441656000000,2026-09-10T12:27:51.073522+00:00,interpolated,303.0,742.0,-465.0
64.223358312,842358514633839984,842358515880626280,154,10,46441656000000,2026-09-10T12:27:51.073522+00:00,interpolated,327.0,737.0,-472.0
64.242249013,842358514652730685,842358515880626280,154,11,46441656000000,2026-09-10T12:27:51.073522+00:00,interpolated,352.0,727.0,-468.0
64.261139715,842358514671621387,842358515880626280,154,12,46441656000000,2026-09-10T12:27:51.073522+00:00,interpolated,354.0,733.0,-464.0
64.280030416,842358514690512088,842358515880626280,154,13,46441656000000,2026-09-10T12:27:51.073522+00:00,interpolated,345.0,778.0,-461.0
64.298921118,842358514709402790,842358515880626280,154,14,46441656000000,2026-09-10T12:27:51.073522+00:00,interpolated,333.0,796.0,-467.0
64.317811819,842358514728293491,842358515880626280,154,15,46441656000000,2026-09-10T12:27:51.073522+00:00,interpolated,307.0,789.0,-484.0
64.336702521,842358514747184193,842358515880626280,154,16,46441656000000,2026-09-10T12:27:51.073522+00:00,interpolated,305.0,781.0,-510.0
64.355593222,842358514766074894,842358515880626280,154,17,46441656000000,2026-09-10T12:27:51.073522+00:00,interpolated,309.0,772.0,-520.0
64.374483924,842358514784965596,842358515880626280,154,18,46441656000000,2026-09-10T12:27:51.073522+00:00,interpolated,337.0,773.0,-529.0
64.393374625,842358514803856297,842358515880626280,154,19,46441656000000,2026-09-10T12:27:51.073522+00:00,interpolated,299.0,814.0,-544.0
64.412265327,842358514822746999,842358515880626280,154,20,46441656000000,2026-09-10T12:27:51.073522+00:00,interpolated,243.0,853.0,-573.0
64.431156028,842358514841637700,842358515880626280,154,21,46441656000000,2026-09-10T12:27:51.073522+00:00,interpolated,244.0,867.0,-632.0
64.450046729,842358514860528401,842358515880626280,154,22,46441656000000,2026-09-10T12:27:51.073522+00:00,interpolated,253.0,901.0,-672.0
64.468937431,842358514879419103,842358515880626280,154,23,46441656000000,2026-09-10T12:27:51.073522+00:00,interpolated,257.0,949.0,-705.0
64.487828132,842358514898309804,842358515880626280,154,24,46441656000000,2026-09-10T12:27:51.073522+00:00,interpolated,277.0,959.0,-726.0
64.506718834,842358514917200506,842358515880626280,154,25,46441656000000,2026-09-10T12:27:51.073522+00:00,interpolated,328.0,901.0,-616.0
64.525609535,842358514936091207,842358515880626280,154,26,46441656000000,2026-09-10T12:27:51.073522+00:00,interpolated,408.0,838.0,-532.0
64.544500237,842358514954981909,842358515880626280,154,27,46441656000000,2026-09-10T12:27:51.073522+00:00,interpolated,432.0,818.0,-463.0
64.563390938,842358514973872610,842358515880626280,154,28,46441656000000,2026-09-10T12:27:51.073522+00:00,interpolated,376.0,817.0,-385.0
64.58228164,842358514992763312,842358515880626280,154,29,46441656000000,2026-09-10T12:27:51.073522+00:00,interpolated,307.0,828.0,-365.0
64.601172341,842358515011654013,842358515880626280,154,30,46441656000000,2026-09-10T12:27:51.073522+00:00,interpolated,301.0,852.0,-363.0
64.620063043,842358515030544715,842358515880626280,154,31,46441656000000,2026-09-10T12:27:51.073522+00:00,interpolated,356.0,897.0,-397.0
64.638953744,842358515049435416,842358515880626280,154,32,46441656000000,2026-09-10T12:27:51.073522+00:00,interpolated,452.0,958.0,-463.0
64.657844445,842358515068326117,842358515880626280,154,33,46441656000000,2026-09-10T12:27:51.073522+00:00,interpolated,499.0,989.0,-481.0
64.676735147,842358515087216819,842358515880626280,154,34,46441656000000,2026-09-10T12:27:51.073522+00:00,interpolated,408.0,918.0,-423.0
64.695625848,842358515106107520,842358515880626280,154,35,46441656000000,2026-09-10T12:27:51.073522+00:00,interpolated,311.0,875.0,-409.0
64.71451655,842358515124998222,842358515880626280,154,36,46441656000000,2026-09-10T12:27:51.073522+00:00,interpolated,247.0,892.0,-413.0
64.733407251,842358515143888923,842358515880626280,154,37,46441656000000,2026-09-10T12:27:51.073522+00:00,interpolated,230.0,910.0,-421.0
64.752297953,842358515162779625,842358515880626280,154,38,46441656000000,2026-09-10T12:27:51.073522+00:00,interpolated,240.0,901.0,-422.0
64.771188654,842358515181670326,842358515880626280,154,39,46441656000000,2026-09-10T12:27:51.073522+00:00,interpolated,245.0,870.0,-421.0
64.790079356,842358515200561028,842358515880626280,154,40,46441656000000,2026-09-10T12:27:51.073522+00:00,interpolated,290.0,874.0,-485.0
64.808970057,842358515219451729,842358515880626280,154,41,46441656000000,2026-09-10T12:27:51.073522+00:00,interpolated,312.0,879.0,-458.0
64.827860759,842358515238342431,842358515880626280,154,42,46441656000000,2026-09-10T12:27:51.073522+00:00,interpolated,305.0,852.0,-463.0
64.84675146,842358515257233132,842358515880626280,154,43,46441656000000,2026-09-10T12:27:51.073522+00:00,interpolated,270.0,856.0,-458.0
64.865642161,842358515276123833,842358515880626280,154,44,46441656000000,2026-09-10T12:27:51.073522+00:00,interpolated,258.0,863.0,-468.0
64.884532863,842358515295014535,842358515880626280,154,45,46441656000000,2026-09-10T12:27:51.073522+00:00,interpolated,270.0,846.0,-507.0
64.903423564,842358515313905236,842358515880626280,154,46,46441656000000,2026-09-10T12:27:51.073522+00:00,interpolated,294.0,824.0,-517.0
64.922314266,842358515332795938,842358515880626280,154,47,46441656000000,2026-09-10T12:27:51.073522+00:00,interpolated,298.0,808.0,-512.0
64.941204967,842358515351686639,842358515880626280,154,48,46441656000000,2026-09-10T12:27:51.073522+00:00,interpolated,282.0,824.0,-549.0
64.960095669,842358515370577341,842358515880626280,154,49,46441656000000,2026-09-10T12:27:51.073522+00:00,interpolated,276.0,826.0,-557.0
64.97898637,842358515389468042,842358515880626280,154,50,46441656000000,2026-09-10T12:27:51.073522+00:00,interpolated,253.0,829.0,-559.0
64.997877072,842358515408358744,842358515880626280,154,51,46441656000000,2026-09-10T12:27:51.073522+00:00,interpolated,234.0,827.0,-581.0
65.016767773,842358515427249445,842358515880626280,154,52,46441656000000,2026-09-10T12:27:51.073522+00:00,interpolated,224.0,816.0,-593.0
65.035658475,842358515446140147,842358515880626280,154,53,46441656000000,2026-09-10T12:27:51.073522+00:00,interpolated,221.0,806.0,-599.0
65.054549176,842358515465030848,842358515880626280,154,54,46441656000000,2026-09-10T12:27:51.073522+00:00,interpolated,203.0,806.0,-602.0
65.073439877,842358515483921549,842358515880626280,154,55,46441656000000,2026-09-10T12:27:51.073522+00:00,interpolated,195.0,801.0,-622.0
65.092330579,842358515502812251,842358515880626280,154,56,46441656000000,2026-09-10T12:27:51.073522+00:00,interpolated,220.0,790.0,-648.0
65.11122128,842358515521702952,842358515880626280,154,57,46441656000000,2026-09-10T12:27:51.073522+00:00,interpolated,232.0,778.0,-664.0
65.130111982,842358515540593654,842358515880626280,154,58,46441656000000,2026-09-10T12:27:51.073522+00:00,interpolated,233.0,768.0,-673.0
65.149002683,842358515559484355,842358515880626280,154,59,46441656000000,2026-09-10T12:27:51.073522+00:00,interpolated,228.0,750.0,-701.0
65.167893385,842358515578375057,842358515880626280,154,60,46441656000000,2026-09-10T12:27:51.073522+00:00,interpolated,223.0,740.0,-699.0
65.186784086,842358515597265758,842358515880626280,154,61,46441656000000,2026-09-10T12:27:51.073522+00:00,interpolated,221.0,723.0,-690.0
65.205674788,842358515616156460,842358515880626280,154,62,46441656000000,2026-09-10T12:27:51.073522+00:00,interpolated,216.0,707.0,-691.0
65.224565489,842358515635047161,842358515880626280,154,63,46441656000000,2026-09-10T12:27:51.073522+00:00,interpolated,216.0,708.0,-699.0
65.243456191,842358515653937863,842358515880626280,154,64,46441656000000,2026-09-10T12:27:51.073522+00:00,interpolated,221.0,725.0,-704.0
65.262346892,842358515672828564,842358515880626280,154,65,46441656000000,2026-09-10T12:27:51.073522+00:00,interpolated,215.0,725.0,-708.0
65.281237593,842358515691719265,842358515880626280,154,66,46441656000000,2026-09-10T12:27:51.073522+00:00,interpolated,229.0,718.0,-703.0
65.300128295,842358515710609967,842358515880626280,154,67,46441656000000,2026-09-10T12:27:51.073522+00:00,interpolated,249.0,718.0,-698.0
65.319018996,842358515729500668,842358515880626280,154,68,46441656000000,2026-09-10T12:27:51.073522+00:00,interpolated,264.0,723.0,-689.0
65.337909698,842358515748391370,842358515880626280,154,69,46441656000000,2026-09-10T12:27:51.073522+00:00,interpolated,250.0,717.0,-675.0
65.356800399,842358515767282071,842358515880626280,154,70,46441656000000,2026-09-10T12:27:51.073522+00:00,interpolated,238.0,720.0,-669.0
65.375691101,842358515786172773,842358515880626280,154,71,46441656000000,2026-09-10T12:27:51.073522+00:00,interpolated,229.0,736.0,-672.0
65.394581802,842358515805063474,842358515880626280,154,72,46441656000000,2026-09-10T12:27:51.073522+00:00,interpolated,214.0,745.0,-688.0
65.413472504,842358515823954176,842358515880626280,154,73,46441656000000,2026-09-10T12:27:51.073522+00:00,interpolated,212.0,739.0,-697.0
65.432363205,842358515842844877,842358515880626280,154,74,46441656000000,2026-09-10T12:27:51.073522+00:00,interpolated,221.0,725.0,-701.0
65.451253907,842358515861735579,842358515880626280,154,75,46441656000000,2026-09-10T12:27:51.073522+00:00,interpolated,212.0,724.0,-701.0
65.470144608,842358515880626280,842358515880626280,154,76,46441656000000,2026-09-10T12:27:51.073522+00:00,interpolated,191.0,722.0,-692.0
65.489035039,842358515899516711,842358517656326792,158,0,46443546000000,2026-09-10T12:27:52.963657+00:00,interpolated,172.0,736.0,-673.0
65.50792547,842358515918407142,842358517656326792,158,1,46443546000000,2026-09-10T12:27:52.963657+00:00,interpolated,168.0,748.0,-669.0
65.526815901,842358515937297573,842358517656326792,158,2,46443546000000,2026-09-10T12:27:52.963657+00:00,interpolated,164.0,760.0,-662.0
65.545706332,842358515956188004,842358517656326792,158,3,46443546000000,2026-09-10T12:27:52.963657+00:00,interpolated,147.0,769.0,-660.0
65.564596763,842358515975078435,842358517656326792,158,4,46443546000000,2026-09-10T12:27:52.963657+00:00,interpolated,130.0,787.0,-667.0
65.583487194,842358515993968866,842358517656326792,158,5,46443546000000,2026-09-10T12:27:52.963657+00:00,interpolated,130.0,801.0,-662.0
65.602377625,842358516012859297,842358517656326792,158,6,46443546000000,2026-09-10T12:27:52.963657+00:00,interpolated,134.0,802.0,-668.0
65.621268056,842358516031749728,842358517656326792,158,7,46443546000000,2026-09-10T12:27:52.963657+00:00,interpolated,130.0,792.0,-663.0
65.640158487,842358516050640159,842358517656326792,158,8,46443546000000,2026-09-10T12:27:52.963657+00:00,interpolated,135.0,788.0,-657.0
65.659048918,842358516069530590,842358517656326792,158,9,46443546000000,2026-09-10T12:27:52.963657+00:00,interpolated,136.0,784.0,-665.0
65.677939349,842358516088421021,842358517656326792,158,10,46443546000000,2026-09-10T12:27:52.963657+00:00,interpolated,126.0,777.0,-664.0
65.69682978,842358516107311452,842358517656326792,158,11,46443546000000,2026-09-10T12:27:52.963657+00:00,interpolated,133.0,798.0,-654.0
65.715720211,842358516126201883,842358517656326792,158,12,46443546000000,2026-09-10T12:27:52.963657+00:00,interpolated,150.0,801.0,-641.0
65.734610642,842358516145092314,842358517656326792,158,13,46443546000000,2026-09-10T12:27:52.963657+00:00,interpolated,152.0,801.0,-645.0
65.753501073,842358516163982745,842358517656326792,158,14,46443546000000,2026-09-10T12:27:52.963657+00:00,interpolated,165.0,790.0,-638.0
65.772391504,842358516182873176,842358517656326792,158,15,46443546000000,2026-09-10T12:27:52.963657+00:00,interpolated,176.0,781.0,-640.0
65.791281935,842358516201763607,842358517656326792,158,16,46443546000000,2026-09-10T12:27:52.963657+00:00,interpolated,183.0,784.0,-632.0
65.810172366,842358516220654038,842358517656326792,158,17,46443546000000,2026-09-10T12:27:52.963657+00:00,interpolated,182.0,776.0,-630.0
65.829062797,842358516239544469,842358517656326792,158,18,46443546000000,2026-09-10T12:27:52.963657+00:00,interpolated,180.0,773.0,-636.0
65.847953228,842358516258434900,842358517656326792,158,19,46443546000000,2026-09-10T12:27:52.963657+00:00,interpolated,174.0,775.0,-641.0
65.866843659,842358516277325331,842358517656326792,158,20,46443546000000,2026-09-10T12:27:52.963657+00:00,interpolated,180.0,775.0,-655.0
65.88573409,842358516296215762,842358517656326792,158,21,46443546000000,2026-09-10T12:27:52.963657+00:00,interpolated,182.0,763.0,-668.0
65.904624521,842358516315106193,842358517656326792,158,22,46443546000000,2026-09-10T12:27:52.963657+00:00,interpolated,182.0,751.0,-680.0
65.923514951,842358516333996623,842358517656326792,158,23,46443546000000,2026-09-10T12:27:52.963657+00:00,interpolated,182.0,735.0,-699.0
65.942405382,842358516352887054,842358517656326792,158,24,46443546000000,2026-09-10T12:27:52.963657+00:00,interpolated,177.0,738.0,-706.0
65.961295813,842358516371777485,842358517656326792,158,25,46443546000000,2026-09-10T12:27:52.963657+00:00,interpolated,164.0,749.0,-702.0
65.980186244,842358516390667916,842358517656326792,158,26,46443546000000,2026-09-10T12:27:52.963657+00:00,interpolated,145.0,752.0,-697.0
65.999076675,842358516409558347,842358517656326792,158,27,46443546000000,2026-09-10T12:27:52.963657+00:00,interpolated,136.0,750.0,-707.0
66.017967106,842358516428448778,842358517656326792,158,28,46443546000000,2026-09-10T12:27:52.963657+00:00,interpolated,125.0,742.0,-714.0
66.036857537,842358516447339209,842358517656326792,158,29,46443546000000,2026-09-10T12:27:52.963657+00:00,interpolated,124.0,737.0,-725.0
66.055747968,842358516466229640,842358517656326792,158,30,46443546000000,2026-09-10T12:27:52.963657+00:00,interpolated,121.0,730.0,-737.0
66.074638399,842358516485120071,842358517656326792,158,31,46443546000000,2026-09-10T12:27:52.963657+00:00,interpolated,121.0,726.0,-734.0
66.09352883,842358516504010502,842358517656326792,158,32,46443546000000,2026-09-10T12:27:52.963657+00:00,interpolated,106.0,724.0,-722.0
66.112419261,842358516522900933,842358517656326792,158,33,46443546000000,2026-09-10T12:27:52.963657+00:00,interpolated,90.0,715.0,-724.0
66.131309692,842358516541791364,842358517656326792,158,34,46443546000000,2026-09-10T12:27:52.963657+00:00,interpolated,81.0,727.0,-728.0
66.150200123,842358516560681795,842358517656326792,158,35,46443546000000,2026-09-10T12:27:52.963657+00:00,interpolated,81.0,726.0,-734.0
66.169090554,842358516579572226,842358517656326792,158,36,46443546000000,2026-09-10T12:27:52.963657+00:00,interpolated,86.0,733.0,-731.0
66.187980985,842358516598462657,842358517656326792,158,37,46443546000000,2026-09-10T12:27:52.963657+00:00,interpolated,82.0,734.0,-723.0
66.206871416,842358516617353088,842358517656326792,158,38,46443546000000,2026-09-10T12:27:52.963657+00:00,interpolated,78.0,736.0,-717.0
66.225761847,842358516636243519,842358517656326792,158,39,46443546000000,2026-09-10T12:27:52.963657+00:00,interpolated,59.0,753.0,-709.0
66.244652278,842358516655133950,842358517656326792,158,40,46443546000000,2026-09-10T12:27:52.963657+00:00,interpolated,51.0,767.0,-704.0
66.263542709,842358516674024381,842358517656326792,158,41,46443546000000,2026-09-10T12:27:52.963657+00:00,interpolated,35.0,776.0,-700.0
66.28243314,842358516692914812,842358517656326792,158,42,46443546000000,2026-09-10T12:27:52.963657+00:00,interpolated,14.0,780.0,-697.0
66.301323571,842358516711805243,842358517656326792,158,43,46443546000000,2026-09-10T12:27:52.963657+00:00,interpolated,-4.0,777.0,-699.0
66.320214002,842358516730695674,842358517656326792,158,44,46443546000000,2026-09-10T12:27:52.963657+00:00,interpolated,-1.0,783.0,-692.0
66.339104433,842358516749586105,842358517656326792,158,45,46443546000000,2026-09-10T12:27:52.963657+00:00,interpolated,8.0,774.0,-694.0
66.357994864,842358516768476536,842358517656326792,158,46,46443546000000,2026-09-10T12:27:52.963657+00:00,interpolated,21.0,774.0,-687.0
66.376885295,842358516787366967,842358517656326792,158,47,46443546000000,2026-09-10T12:27:52.963657+00:00,interpolated,28.0,772.0,-686.0
66.395775726,842358516806257398,842358517656326792,158,48,46443546000000,2026-09-10T12:27:52.963657+00:00,interpolated,42.0,770.0,-689.0
66.414666157,842358516825147829,842358517656326792,158,49,46443546000000,2026-09-10T12:27:52.963657+00:00,interpolated,48.0,772.0,-693.0
66.433556588,842358516844038260,842358517656326792,158,50,46443546000000,2026-09-10T12:27:52.963657+00:00,interpolated,65.0,772.0,-688.0
66.452447019,842358516862928691,842358517656326792,158,51,46443546000000,2026-09-10T12:27:52.963657+00:00,interpolated,69.0,768.0,-682.0
66.47133745,842358516881819122,842358517656326792,158,52,46443546000000,2026-09-10T12:27:52.963657+00:00,interpolated,66.0,770.0,-679.0
66.490227881,842358516900709553,842358517656326792,158,53,46443546000000,2026-09-10T12:27:52.963657+00:00,interpolated,67.0,773.0,-677.0
66.509118312,842358516919599984,842358517656326792,158,54,46443546000000,2026-09-10T12:27:52.963657+00:00,interpolated,74.0,776.0,-674.0
66.528008743,842358516938490415,842358517656326792,158,55,46443546000000,2026-09-10T12:27:52.963657+00:00,interpolated,83.0,772.0,-672.0
66.546899174,842358516957380846,842358517656326792,158,56,46443546000000,2026-09-10T12:27:52.963657+00:00,interpolated,88.0,770.0,-678.0
66.565789605,842358516976271277,842358517656326792,158,57,46443546000000,2026-09-10T12:27:52.963657+00:00,interpolated,88.0,767.0,-680.0
66.584680036,842358516995161708,842358517656326792,158,58,46443546000000,2026-09-10T12:27:52.963657+00:00,interpolated,86.0,772.0,-683.0
66.603570467,842358517014052139,842358517656326792,158,59,46443546000000,2026-09-10T12:27:52.963657+00:00,interpolated,90.0,772.0,-681.0
66.622460898,842358517032942570,842358517656326792,158,60,46443546000000,2026-09-10T12:27:52.963657+00:00,interpolated,90.0,773.0,-684.0
66.641351329,842358517051833001,842358517656326792,158,61,46443546000000,2026-09-10T12:27:52.963657+00:00,interpolated,91.0,771.0,-682.0
66.66024176,842358517070723432,842358517656326792,158,62,46443546000000,2026-09-10T12:27:52.963657+00:00,interpolated,87.0,770.0,-682.0
66.679132191,842358517089613863,842358517656326792,158,63,46443546000000,2026-09-10T12:27:52.963657+00:00,interpolated,82.0,765.0,-689.0
66.698022622,842358517108504294,842358517656326792,158,64,46443546000000,2026-09-10T12:27:52.963657+00:00,interpolated,85.0,767.0,-689.0
66.716913053,842358517127394725,842358517656326792,158,65,46443546000000,2026-09-10T12:27:52.963657+00:00,interpolated,84.0,761.0,-692.0
66.735803484,842358517146285156,842358517656326792,158,66,46443546000000,2026-09-10T12:27:52.963657+00:00,interpolated,95.0,763.0,-701.0
66.754693915,842358517165175587,842358517656326792,158,67,46443546000000,2026-09-10T12:27:52.963657+00:00,interpolated,107.0,760.0,-702.0
66.773584346,842358517184066018,842358517656326792,158,68,46443546000000,2026-09-10T12:27:52.963657+00:00,interpolated,111.0,755.0,-700.0
66.792474777,842358517202956449,842358517656326792,158,69,46443546000000,2026-09-10T12:27:52.963657+00:00,interpolated,115.0,753.0,-708.0
66.811365207,842358517221846879,842358517656326792,158,70,46443546000000,2026-09-10T12:27:52.963657+00:00,interpolated,120.0,747.0,-705.0
66.830255638,842358517240737310,842358517656326792,158,71,46443546000000,2026-09-10T12:27:52.963657+00:00,interpolated,116.0,741.0,-704.0
66.849146069,842358517259627741,842358517656326792,158,72,46443546000000,2026-09-10T12:27:52.963657+00:00,interpolated,121.0,747.0,-708.0
66.8680365,842358517278518172,842358517656326792,158,73,46443546000000,2026-09-10T12:27:52.963657+00:00,interpolated,121.0,743.0,-705.0
66.886926931,842358517297408603,842358517656326792,158,74,46443546000000,2026-09-10T12:27:52.963657+00:00,interpolated,117.0,747.0,-706.0
66.905817362,842358517316299034,842358517656326792,158,75,46443546000000,2026-09-10T12:27:52.963657+00:00,interpolated,109.0,749.0,-706.0
66.924707793,842358517335189465,842358517656326792,158,76,46443546000000,2026-09-10T12:27:52.963657+00:00,interpolated,111.0,742.0,-707.0
66.943598224,842358517354079896,842358517656326792,158,77,46443546000000,2026-09-10T12:27:52.963657+00:00,interpolated,109.0,745.0,-705.0
66.962488655,842358517372970327,842358517656326792,158,78,46443546000000,2026-09-10T12:27:52.963657+00:00,interpolated,100.0,748.0,-705.0
66.981379086,842358517391860758,842358517656326792,158,79,46443546000000,2026-09-10T12:27:52.963657+00:00,interpolated,99.0,751.0,-707.0
67.000269517,842358517410751189,842358517656326792,158,80,46443546000000,2026-09-10T12:27:52.963657+00:00,interpolated,101.0,756.0,-702.0
67.019159948,842358517429641620,842358517656326792,158,81,46443546000000,2026-09-10T12:27:52.963657+00:00,interpolated,107.0,757.0,-701.0
67.038050379,842358517448532051,842358517656326792,158,82,46443546000000,2026-09-10T12:27:52.963657+00:00,interpolated,107.0,754.0,-700.0
67.05694081,842358517467422482,842358517656326792,158,83,46443546000000,2026-09-10T12:27:52.963657+00:00,interpolated,101.0,760.0,-700.0
67.075831241,842358517486312913,842358517656326792,158,84,46443546000000,2026-09-10T12:27:52.963657+00:00,interpolated,99.0,758.0,-700.0
67.094721672,842358517505203344,842358517656326792,158,85,46443546000000,2026-09-10T12:27:52.963657+00:00,interpolated,94.0,755.0,-698.0
67.113612103,842358517524093775,842358517656326792,158,86,46443546000000,2026-09-10T12:27:52.963657+00:00,interpolated,96.0,756.0,-700.0
67.132502534,842358517542984206,842358517656326792,158,87,46443546000000,2026-09-10T12:27:52.963657+00:00,interpolated,104.0,761.0,-696.0
67.151392965,842358517561874637,842358517656326792,158,88,46443546000000,2026-09-10T12:27:52.963657+00:00,interpolated,113.0,755.0,-689.0
67.170283396,842358517580765068,842358517656326792,158,89,46443546000000,2026-09-10T12:27:52.963657+00:00,interpolated,107.0,765.0,-691.0
67.189173827,842358517599655499,842358517656326792,158,90,46443546000000,2026-09-10T12:27:52.963657+00:00,interpolated,99.0,764.0,-692.0
67.208064258,842358517618545930,842358517656326792,158,91,46443546000000,2026-09-10T12:27:52.963657+00:00,interpolated,100.0,760.0,-695.0
67.226954689,842358517637436361,842358517656326792,158,92,46443546000000,2026-09-10T12:27:52.963657+00:00,interpolated,113.0,751.0,-701.0
67.24584512,842358517656326792,842358517656326792,158,93,46443546000000,2026-09-10T12:27:52.963657+00:00,interpolated,110.0,756.0,-693.0
67.264735762,842358517675217434,842358519394265856,161,0,46445078000000,2026-09-10T12:27:54.494192+00:00,interpolated,117.0,760.0,-689.0
67.283626404,842358517694108076,842358519394265856,161,1,46445078000000,2026-09-10T12:27:54.494192+00:00,interpolated,124.0,756.0,-690.0
67.302517046,842358517712998718,842358519394265856,161,2,46445078000000,2026-09-10T12:27:54.494192+00:00,interpolated,132.0,749.0,-690.0
67.321407688,842358517731889360,842358519394265856,161,3,46445078000000,2026-09-10T12:27:54.494192+00:00,interpolated,134.0,756.0,-692.0
67.34029833,842358517750780002,842358519394265856,161,4,46445078000000,2026-09-10T12:27:54.494192+00:00,interpolated,134.0,753.0,-691.0
67.359188972,842358517769670644,842358519394265856,161,5,46445078000000,2026-09-10T12:27:54.494192+00:00,interpolated,125.0,760.0,-691.0
67.378079614,842358517788561286,842358519394265856,161,6,46445078000000,2026-09-10T12:27:54.494192+00:00,interpolated,121.0,758.0,-687.0
67.396970256,842358517807451928,842358519394265856,161,7,46445078000000,2026-09-10T12:27:54.494192+00:00,interpolated,124.0,759.0,-690.0
67.415860898,842358517826342570,842358519394265856,161,8,46445078000000,2026-09-10T12:27:54.494192+00:00,interpolated,121.0,757.0,-690.0
67.43475154,842358517845233212,842358519394265856,161,9,46445078000000,2026-09-10T12:27:54.494192+00:00,interpolated,117.0,760.0,-697.0
67.453642182,842358517864123854,842358519394265856,161,10,46445078000000,2026-09-10T12:27:54.494192+00:00,interpolated,114.0,762.0,-695.0
67.472532824,842358517883014496,842358519394265856,161,11,46445078000000,2026-09-10T12:27:54.494192+00:00,interpolated,115.0,764.0,-688.0
67.491423466,842358517901905138,842358519394265856,161,12,46445078000000,2026-09-10T12:27:54.494192+00:00,interpolated,113.0,760.0,-690.0
67.510314108,842358517920795780,842358519394265856,161,13,46445078000000,2026-09-10T12:27:54.494192+00:00,interpolated,117.0,760.0,-690.0
67.52920475,842358517939686422,842358519394265856,161,14,46445078000000,2026-09-10T12:27:54.494192+00:00,interpolated,118.0,763.0,-691.0
67.548095392,842358517958577064,842358519394265856,161,15,46445078000000,2026-09-10T12:27:54.494192+00:00,interpolated,120.0,760.0,-688.0
67.566986034,842358517977467706,842358519394265856,161,16,46445078000000,2026-09-10T12:27:54.494192+00:00,interpolated,111.0,764.0,-688.0
67.585876676,842358517996358348,842358519394265856,161,17,46445078000000,2026-09-10T12:27:54.494192+00:00,interpolated,112.0,760.0,-688.0
67.604767318,842358518015248990,842358519394265856,161,18,46445078000000,2026-09-10T12:27:54.494192+00:00,interpolated,113.0,764.0,-687.0
67.62365796,842358518034139632,842358519394265856,161,19,46445078000000,2026-09-10T12:27:54.494192+00:00,interpolated,122.0,761.0,-683.0
67.642548602,842358518053030274,842358519394265856,161,20,46445078000000,2026-09-10T12:27:54.494192+00:00,interpolated,116.0,762.0,-689.0
67.661439244,842358518071920916,842358519394265856,161,21,46445078000000,2026-09-10T12:27:54.494192+00:00,interpolated,113.0,763.0,-694.0
67.680329886,842358518090811558,842358519394265856,161,22,46445078000000,2026-09-10T12:27:54.494192+00:00,interpolated,114.0,764.0,-692.0
67.699220528,842358518109702200,842358519394265856,161,23,46445078000000,2026-09-10T12:27:54.494192+00:00,interpolated,108.0,760.0,-689.0
67.71811117,842358518128592842,842358519394265856,161,24,46445078000000,2026-09-10T12:27:54.494192+00:00,interpolated,111.0,760.0,-684.0
67.737001812,842358518147483484,842358519394265856,161,25,46445078000000,2026-09-10T12:27:54.494192+00:00,interpolated,110.0,757.0,-691.0
67.755892454,842358518166374126,842358519394265856,161,26,46445078000000,2026-09-10T12:27:54.494192+00:00,interpolated,114.0,764.0,-688.0
67.774783096,842358518185264768,842358519394265856,161,27,46445078000000,2026-09-10T12:27:54.494192+00:00,interpolated,113.0,765.0,-690.0
67.793673738,842358518204155410,842358519394265856,161,28,46445078000000,2026-09-10T12:27:54.494192+00:00,interpolated,118.0,757.0,-690.0
67.81256438,842358518223046052,842358519394265856,161,29,46445078000000,2026-09-10T12:27:54.494192+00:00,interpolated,116.0,762.0,-686.0
67.831455022,842358518241936694,842358519394265856,161,30,46445078000000,2026-09-10T12:27:54.494192+00:00,interpolated,114.0,761.0,-686.0
67.850345664,842358518260827336,842358519394265856,161,31,46445078000000,2026-09-10T12:27:54.494192+00:00,interpolated,116.0,766.0,-681.0
67.869236306,842358518279717978,842358519394265856,161,32,46445078000000,2026-09-10T12:27:54.494192+00:00,interpolated,115.0,762.0,-686.0
67.888126948,842358518298608620,842358519394265856,161,33,46445078000000,2026-09-10T12:27:54.494192+00:00,interpolated,115.0,761.0,-690.0
67.90701759,842358518317499262,842358519394265856,161,34,46445078000000,2026-09-10T12:27:54.494192+00:00,interpolated,119.0,757.0,-695.0
67.925908232,842358518336389904,842358519394265856,161,35,46445078000000,2026-09-10T12:27:54.494192+00:00,interpolated,118.0,771.0,-680.0
67.944798874,842358518355280546,842358519394265856,161,36,46445078000000,2026-09-10T12:27:54.494192+00:00,interpolated,117.0,764.0,-680.0
67.963689516,842358518374171188,842358519394265856,161,37,46445078000000,2026-09-10T12:27:54.494192+00:00,interpolated,120.0,755.0,-691.0
67.982580158,842358518393061830,842358519394265856,161,38,46445078000000,2026-09-10T12:27:54.494192+00:00,interpolated,105.0,774.0,-688.0
68.0014708,842358518411952472,842358519394265856,161,39,46445078000000,2026-09-10T12:27:54.494192+00:00,interpolated,101.0,782.0,-682.0
68.020361442,842358518430843114,842358519394265856,161,40,46445078000000,2026-09-10T12:27:54.494192+00:00,interpolated,102.0,770.0,-689.0
68.039252084,842358518449733756,842358519394265856,161,41,46445078000000,2026-09-10T12:27:54.494192+00:00,interpolated,114.0,762.0,-686.0
68.058142726,842358518468624398,842358519394265856,161,42,46445078000000,2026-09-10T12:27:54.494192+00:00,interpolated,120.0,760.0,-688.0
68.077033368,842358518487515040,842358519394265856,161,43,46445078000000,2026-09-10T12:27:54.494192+00:00,interpolated,121.0,761.0,-690.0
68.09592401,842358518506405682,842358519394265856,161,44,46445078000000,2026-09-10T12:27:54.494192+00:00,interpolated,120.0,759.0,-681.0
68.114814652,842358518525296324,842358519394265856,161,45,46445078000000,2026-09-10T12:27:54.494192+00:00,interpolated,120.0,762.0,-683.0
68.133705294,842358518544186966,842358519394265856,161,46,46445078000000,2026-09-10T12:27:54.494192+00:00,interpolated,123.0,772.0,-681.0
68.152595936,842358518563077608,842358519394265856,161,47,46445078000000,2026-09-10T12:27:54.494192+00:00,interpolated,118.0,769.0,-677.0
68.171486578,842358518581968250,842358519394265856,161,48,46445078000000,2026-09-10T12:27:54.494192+00:00,interpolated,110.0,770.0,-676.0
68.19037722,842358518600858892,842358519394265856,161,49,46445078000000,2026-09-10T12:27:54.494192+00:00,interpolated,109.0,768.0,-681.0
68.209267862,842358518619749534,842358519394265856,161,50,46445078000000,2026-09-10T12:27:54.494192+00:00,interpolated,116.0,761.0,-686.0
68.228158504,842358518638640176,842358519394265856,161,51,46445078000000,2026-09-10T12:27:54.494192+00:00,interpolated,122.0,759.0,-691.0
68.247049146,842358518657530818,842358519394265856,161,52,46445078000000,2026-09-10T12:27:54.494192+00:00,interpolated,127.0,766.0,-685.0
68.265939788,842358518676421460,842358519394265856,161,53,46445078000000,2026-09-10T12:27:54.494192+00:00,interpolated,123.0,770.0,-672.0
68.28483043,842358518695312102,842358519394265856,161,54,46445078000000,2026-09-10T12:27:54.494192+00:00,interpolated,120.0,764.0,-680.0
68.303721072,842358518714202744,842358519394265856,161,55,46445078000000,2026-09-10T12:27:54.494192+00:00,interpolated,128.0,766.0,-681.0
68.322611714,842358518733093386,842358519394265856,161,56,46445078000000,2026-09-10T12:27:54.494192+00:00,interpolated,132.0,767.0,-680.0
68.341502356,842358518751984028,842358519394265856,161,57,46445078000000,2026-09-10T12:27:54.494192+00:00,interpolated,132.0,770.0,-682.0
68.360392998,842358518770874670,842358519394265856,161,58,46445078000000,2026-09-10T12:27:54.494192+00:00,interpolated,130.0,776.0,-676.0
68.37928364,842358518789765312,842358519394265856,161,59,46445078000000,2026-09-10T12:27:54.494192+00:00,interpolated,128.0,771.0,-670.0
68.398174282,842358518808655954,842358519394265856,161,60,46445078000000,2026-09-10T12:27:54.494192+00:00,interpolated,124.0,769.0,-675.0
68.417064924,842358518827546596,842358519394265856,161,61,46445078000000,2026-09-10T12:27:54.494192+00:00,interpolated,127.0,767.0,-671.0
68.435955566,842358518846437238,842358519394265856,161,62,46445078000000,2026-09-10T12:27:54.494192+00:00,interpolated,128.0,765.0,-678.0
68.454846208,842358518865327880,842358519394265856,161,63,46445078000000,2026-09-10T12:27:54.494192+00:00,interpolated,127.0,767.0,-676.0
68.47373685,842358518884218522,842358519394265856,161,64,46445078000000,2026-09-10T12:27:54.494192+00:00,interpolated,126.0,758.0,-685.0
68.492627492,842358518903109164,842358519394265856,161,65,46445078000000,2026-09-10T12:27:54.494192+00:00,interpolated,131.0,760.0,-685.0
68.511518134,842358518921999806,842358519394265856,161,66,46445078000000,2026-09-10T12:27:54.494192+00:00,interpolated,128.0,771.0,-687.0
68.530408776,842358518940890448,842358519394265856,161,67,46445078000000,2026-09-10T12:27:54.494192+00:00,interpolated,127.0,771.0,-681.0
68.549299418,842358518959781090,842358519394265856,161,68,46445078000000,2026-09-10T12:27:54.494192+00:00,interpolated,121.0,767.0,-677.0
68.56819006,842358518978671732,842358519394265856,161,69,46445078000000,2026-09-10T12:27:54.494192+00:00,interpolated,111.0,759.0,-685.0
68.587080702,842358518997562374,842358519394265856,161,70,46445078000000,2026-09-10T12:27:54.494192+00:00,interpolated,114.0,757.0,-697.0
68.605971344,842358519016453016,842358519394265856,161,71,46445078000000,2026-09-10T12:27:54.494192+00:00,interpolated,110.0,762.0,-691.0
68.624861986,842358519035343658,842358519394265856,161,72,46445078000000,2026-09-10T12:27:54.494192+00:00,interpolated,120.0,773.0,-693.0
68.643752628,842358519054234300,842358519394265856,161,73,46445078000000,2026-09-10T12:27:54.494192+00:00,interpolated,132.0,768.0,-682.0
68.66264327,842358519073124942,842358519394265856,161,74,46445078000000,2026-09-10T12:27:54.494192+00:00,interpolated,143.0,767.0,-677.0
68.681533912,842358519092015584,842358519394265856,161,75,46445078000000,2026-09-10T12:27:54.494192+00:00,interpolated,154.0,760.0,-675.0
68.700424554,842358519110906226,842358519394265856,161,76,46445078000000,2026-09-10T12:27:54.494192+00:00,interpolated,151.0,765.0,-670.0
68.719315196,842358519129796868,842358519394265856,161,77,46445078000000,2026-09-10T12:27:54.494192+00:00,interpolated,155.0,768.0,-667.0
68.738205838,842358519148687510,842358519394265856,161,78,46445078000000,2026-09-10T12:27:54.494192+00:00,interpolated,169.0,752.0,-673.0
68.75709648,842358519167578152,842358519394265856,161,79,46445078000000,2026-09-10T12:27:54.494192+00:00,interpolated,168.0,760.0,-675.0
68.775987122,842358519186468794,842358519394265856,161,80,46445078000000,2026-09-10T12:27:54.494192+00:00,interpolated,156.0,781.0,-670.0
68.794877764,842358519205359436,842358519394265856,161,81,46445078000000,2026-09-10T12:27:54.494192+00:00,interpolated,145.0,779.0,-669.0
68.813768406,842358519224250078,842358519394265856,161,82,46445078000000,2026-09-10T12:27:54.494192+00:00,interpolated,143.0,767.0,-671.0
68.832659048,842358519243140720,842358519394265856,161,83,46445078000000,2026-09-10T12:27:54.494192+00:00,interpolated,142.0,760.0,-679.0
68.85154969,842358519262031362,842358519394265856,161,84,46445078000000,2026-09-10T12:27:54.494192+00:00,interpolated,134.0,753.0,-677.0
68.870440332,842358519280922004,842358519394265856,161,85,46445078000000,2026-09-10T12:27:54.494192+00:00,interpolated,136.0,749.0,-682.0
68.889330974,842358519299812646,842358519394265856,161,86,46445078000000,2026-09-10T12:27:54.494192+00:00,interpolated,146.0,750.0,-684.0
68.908221616,842358519318703288,842358519394265856,161,87,46445078000000,2026-09-10T12:27:54.494192+00:00,interpolated,138.0,762.0,-678.0
68.927112258,842358519337593930,842358519394265856,161,88,46445078000000,2026-09-10T12:27:54.494192+00:00,interpolated,134.0,765.0,-686.0
68.9460029,842358519356484572,842358519394265856,161,89,46445078000000,2026-09-10T12:27:54.494192+00:00,interpolated,129.0,770.0,-689.0
68.964893542,842358519375375214,842358519394265856,161,90,46445078000000,2026-09-10T12:27:54.494192+00:00,interpolated,141.0,764.0,-682.0
68.983784184,842358519394265856,842358519394265856,161,91,46445078000000,2026-09-10T12:27:54.494192+00:00,interpolated,146.0,760.0,-681.0
69.002674487,842358519413156159,842358521094393118,165,0,46447000000000,2026-09-10T12:27:56.413605+00:00,interpolated,144.0,758.0,-686.0
69.02156479,842358519432046462,842358521094393118,165,1,46447000000000,2026-09-10T12:27:56.413605+00:00,interpolated,124.0,759.0,-699.0
69.040455093,842358519450936765,842358521094393118,165,2,46447000000000,2026-09-10T12:27:56.413605+00:00,interpolated,112.0,753.0,-689.0
69.059345396,842358519469827068,842358521094393118,165,3,46447000000000,2026-09-10T12:27:56.413605+00:00,interpolated,96.0,763.0,-685.0
69.078235699,842358519488717371,842358521094393118,165,4,46447000000000,2026-09-10T12:27:56.413605+00:00,interpolated,125.0,759.0,-691.0
69.097126001,842358519507607673,842358521094393118,165,5,46447000000000,2026-09-10T12:27:56.413605+00:00,interpolated,164.0,759.0,-689.0
69.116016304,842358519526497976,842358521094393118,165,6,46447000000000,2026-09-10T12:27:56.413605+00:00,interpolated,159.0,763.0,-677.0
69.134906607,842358519545388279,842358521094393118,165,7,46447000000000,2026-09-10T12:27:56.413605+00:00,interpolated,144.0,760.0,-683.0
69.15379691,842358519564278582,842358521094393118,165,8,46447000000000,2026-09-10T12:27:56.413605+00:00,interpolated,131.0,752.0,-686.0
69.172687213,842358519583168885,842358521094393118,165,9,46447000000000,2026-09-10T12:27:56.413605+00:00,interpolated,128.0,753.0,-690.0
69.191577516,842358519602059188,842358521094393118,165,10,46447000000000,2026-09-10T12:27:56.413605+00:00,interpolated,136.0,754.0,-695.0
69.210467819,842358519620949491,842358521094393118,165,11,46447000000000,2026-09-10T12:27:56.413605+00:00,interpolated,141.0,753.0,-692.0
69.229358122,842358519639839794,842358521094393118,165,12,46447000000000,2026-09-10T12:27:56.413605+00:00,interpolated,133.0,761.0,-686.0
69.248248425,842358519658730097,842358521094393118,165,13,46447000000000,2026-09-10T12:27:56.413605+00:00,interpolated,128.0,762.0,-683.0
69.267138728,842358519677620400,842358521094393118,165,14,46447000000000,2026-09-10T12:27:56.413605+00:00,interpolated,126.0,764.0,-688.0
69.286029031,842358519696510703,842358521094393118,165,15,46447000000000,2026-09-10T12:27:56.413605+00:00,interpolated,127.0,754.0,-687.0
69.304919333,842358519715401005,842358521094393118,165,16,46447000000000,2026-09-10T12:27:56.413605+00:00,interpolated,134.0,765.0,-685.0
69.323809636,842358519734291308,842358521094393118,165,17,46447000000000,2026-09-10T12:27:56.413605+00:00,interpolated,132.0,756.0,-685.0
69.342699939,842358519753181611,842358521094393118,165,18,46447000000000,2026-09-10T12:27:56.413605+00:00,interpolated,138.0,761.0,-690.0
69.361590242,842358519772071914,842358521094393118,165,19,46447000000000,2026-09-10T12:27:56.413605+00:00,interpolated,131.0,766.0,-680.0
69.380480545,842358519790962217,842358521094393118,165,20,46447000000000,2026-09-10T12:27:56.413605+00:00,interpolated,133.0,760.0,-682.0
69.399370848,842358519809852520,842358521094393118,165,21,46447000000000,2026-09-10T12:27:56.413605+00:00,interpolated,130.0,762.0,-686.0
69.418261151,842358519828742823,842358521094393118,165,22,46447000000000,2026-09-10T12:27:56.413605+00:00,interpolated,126.0,760.0,-683.0
69.437151454,842358519847633126,842358521094393118,165,23,46447000000000,2026-09-10T12:27:56.413605+00:00,interpolated,129.0,758.0,-687.0
69.456041757,842358519866523429,842358521094393118,165,24,46447000000000,2026-09-10T12:27:56.413605+00:00,interpolated,129.0,755.0,-691.0
69.47493206,842358519885413732,842358521094393118,165,25,46447000000000,2026-09-10T12:27:56.413605+00:00,interpolated,126.0,759.0,-686.0
69.493822363,842358519904304035,842358521094393118,165,26,46447000000000,2026-09-10T12:27:56.413605+00:00,interpolated,124.0,762.0,-689.0
69.512712666,842358519923194338,842358521094393118,165,27,46447000000000,2026-09-10T12:27:56.413605+00:00,interpolated,122.0,759.0,-681.0
69.531602968,842358519942084640,842358521094393118,165,28,46447000000000,2026-09-10T12:27:56.413605+00:00,interpolated,132.0,755.0,-682.0
69.550493271,842358519960974943,842358521094393118,165,29,46447000000000,2026-09-10T12:27:56.413605+00:00,interpolated,131.0,753.0,-693.0
69.569383574,842358519979865246,842358521094393118,165,30,46447000000000,2026-09-10T12:27:56.413605+00:00,interpolated,127.0,774.0,-685.0
69.588273877,842358519998755549,842358521094393118,165,31,46447000000000,2026-09-10T12:27:56.413605+00:00,interpolated,124.0,766.0,-685.0
69.60716418,842358520017645852,842358521094393118,165,32,46447000000000,2026-09-10T12:27:56.413605+00:00,interpolated,126.0,755.0,-689.0
69.626054483,842358520036536155,842358521094393118,165,33,46447000000000,2026-09-10T12:27:56.413605+00:00,interpolated,119.0,755.0,-695.0
69.644944786,842358520055426458,842358521094393118,165,34,46447000000000,2026-09-10T12:27:56.413605+00:00,interpolated,112.0,759.0,-693.0
69.663835089,842358520074316761,842358521094393118,165,35,46447000000000,2026-09-10T12:27:56.413605+00:00,interpolated,117.0,756.0,-694.0
69.682725392,842358520093207064,842358521094393118,165,36,46447000000000,2026-09-10T12:27:56.413605+00:00,interpolated,121.0,752.0,-695.0
69.701615695,842358520112097367,842358521094393118,165,37,46447000000000,2026-09-10T12:27:56.413605+00:00,interpolated,131.0,755.0,-690.0
69.720505998,842358520130987670,842358521094393118,165,38,46447000000000,2026-09-10T12:27:56.413605+00:00,interpolated,126.0,753.0,-692.0
69.7393963,842358520149877972,842358521094393118,165,39,46447000000000,2026-09-10T12:27:56.413605+00:00,interpolated,126.0,755.0,-687.0
69.758286603,842358520168768275,842358521094393118,165,40,46447000000000,2026-09-10T12:27:56.413605+00:00,interpolated,127.0,754.0,-690.0
69.777176906,842358520187658578,842358521094393118,165,41,46447000000000,2026-09-10T12:27:56.413605+00:00,interpolated,126.0,752.0,-687.0
69.796067209,842358520206548881,842358521094393118,165,42,46447000000000,2026-09-10T12:27:56.413605+00:00,interpolated,124.0,758.0,-696.0
69.814957512,842358520225439184,842358521094393118,165,43,46447000000000,2026-09-10T12:27:56.413605+00:00,interpolated,118.0,763.0,-693.0
69.833847815,842358520244329487,842358521094393118,165,44,46447000000000,2026-09-10T12:27:56.413605+00:00,interpolated,121.0,757.0,-696.0
69.852738118,842358520263219790,842358521094393118,165,45,46447000000000,2026-09-10T12:27:56.413605+00:00,interpolated,125.0,754.0,-695.0
69.871628421,842358520282110093,842358521094393118,165,46,46447000000000,2026-09-10T12:27:56.413605+00:00,interpolated,121.0,760.0,-695.0
69.890518724,842358520301000396,842358521094393118,165,47,46447000000000,2026-09-10T12:27:56.413605+00:00,interpolated,117.0,759.0,-687.0
69.909409027,842358520319890699,842358521094393118,165,48,46447000000000,2026-09-10T12:27:56.413605+00:00,interpolated,118.0,760.0,-693.0
69.92829933,842358520338781002,842358521094393118,165,49,46447000000000,2026-09-10T12:27:56.413605+00:00,interpolated,117.0,756.0,-692.0
69.947189632,842358520357671304,842358521094393118,165,50,46447000000000,2026-09-10T12:27:56.413605+00:00,interpolated,123.0,757.0,-691.0
69.966079935,842358520376561607,842358521094393118,165,51,46447000000000,2026-09-10T12:27:56.413605+00:00,interpolated,122.0,760.0,-695.0
69.984970238,842358520395451910,842358521094393118,165,52,46447000000000,2026-09-10T12:27:56.413605+00:00,interpolated,127.0,757.0,-693.0
70.003860541,842358520414342213,842358521094393118,165,53,46447000000000,2026-09-10T12:27:56.413605+00:00,interpolated,117.0,756.0,-692.0
70.022750844,842358520433232516,842358521094393118,165,54,46447000000000,2026-09-10T12:27:56.413605+00:00,interpolated,122.0,756.0,-695.0
70.041641147,842358520452122819,842358521094393118,165,55,46447000000000,2026-09-10T12:27:56.413605+00:00,interpolated,122.0,753.0,-693.0
70.06053145,842358520471013122,842358521094393118,165,56,46447000000000,2026-09-10T12:27:56.413605+00:00,interpolated,128.0,754.0,-695.0
70.079421753,842358520489903425,842358521094393118,165,57,46447000000000,2026-09-10T12:27:56.413605+00:00,interpolated,125.0,757.0,-688.0
70.098312056,842358520508793728,842358521094393118,165,58,46447000000000,2026-09-10T12:27:56.413605+00:00,interpolated,124.0,756.0,-686.0
70.117202359,842358520527684031,842358521094393118,165,59,46447000000000,2026-09-10T12:27:56.413605+00:00,interpolated,123.0,754.0,-690.0
70.136092662,842358520546574334,842358521094393118,165,60,46447000000000,2026-09-10T12:27:56.413605+00:00,interpolated,127.0,757.0,-696.0
70.154982964,842358520565464636,842358521094393118,165,61,46447000000000,2026-09-10T12:27:56.413605+00:00,interpolated,130.0,758.0,-691.0
70.173873267,842358520584354939,842358521094393118,165,62,46447000000000,2026-09-10T12:27:56.413605+00:00,interpolated,134.0,751.0,-687.0
70.19276357,842358520603245242,842358521094393118,165,63,46447000000000,2026-09-10T12:27:56.413605+00:00,interpolated,132.0,761.0,-688.0
70.211653873,842358520622135545,842358521094393118,165,64,46447000000000,2026-09-10T12:27:56.413605+00:00,interpolated,125.0,760.0,-691.0
70.230544176,842358520641025848,842358521094393118,165,65,46447000000000,2026-09-10T12:27:56.413605+00:00,interpolated,119.0,759.0,-691.0
70.249434479,842358520659916151,842358521094393118,165,66,46447000000000,2026-09-10T12:27:56.413605+00:00,interpolated,121.0,754.0,-692.0
70.268324782,842358520678806454,842358521094393118,165,67,46447000000000,2026-09-10T12:27:56.413605+00:00,interpolated,125.0,748.0,-695.0
70.287215085,842358520697696757,842358521094393118,165,68,46447000000000,2026-09-10T12:27:56.413605+00:00,interpolated,129.0,757.0,-691.0
70.306105388,842358520716587060,842358521094393118,165,69,46447000000000,2026-09-10T12:27:56.413605+00:00,interpolated,136.0,762.0,-685.0
70.324995691,842358520735477363,842358521094393118,165,70,46447000000000,2026-09-10T12:27:56.413605+00:00,interpolated,128.0,754.0,-696.0
70.343885994,842358520754367666,842358521094393118,165,71,46447000000000,2026-09-10T12:27:56.413605+00:00,interpolated,117.0,754.0,-693.0
70.362776297,842358520773257969,842358521094393118,165,72,46447000000000,2026-09-10T12:27:56.413605+00:00,interpolated,122.0,770.0,-693.0
70.381666599,842358520792148271,842358521094393118,165,73,46447000000000,2026-09-10T12:27:56.413605+00:00,interpolated,116.0,757.0,-702.0
70.400556902,842358520811038574,842358521094393118,165,74,46447000000000,2026-09-10T12:27:56.413605+00:00,interpolated,119.0,756.0,-706.0
70.419447205,842358520829928877,842358521094393118,165,75,46447000000000,2026-09-10T12:27:56.413605+00:00,interpolated,124.0,762.0,-701.0
70.438337508,842358520848819180,842358521094393118,165,76,46447000000000,2026-09-10T12:27:56.413605+00:00,interpolated,116.0,750.0,-693.0
70.457227811,842358520867709483,842358521094393118,165,77,46447000000000,2026-09-10T12:27:56.413605+00:00,interpolated,121.0,747.0,-689.0
70.476118114,842358520886599786,842358521094393118,165,78,46447000000000,2026-09-10T12:27:56.413605+00:00,interpolated,125.0,749.0,-696.0
70.495008417,842358520905490089,842358521094393118,165,79,46447000000000,2026-09-10T12:27:56.413605+00:00,interpolated,143.0,750.0,-709.0
70.51389872,842358520924380392,842358521094393118,165,80,46447000000000,2026-09-10T12:27:56.413605+00:00,interpolated,160.0,749.0,-706.0
70.532789023,842358520943270695,842358521094393118,165,81,46447000000000,2026-09-10T12:27:56.413605+00:00,interpolated,158.0,755.0,-707.0
70.551679326,842358520962160998,842358521094393118,165,82,46447000000000,2026-09-10T12:27:56.413605+00:00,interpolated,134.0,769.0,-687.0
70.570569629,842358520981051301,842358521094393118,165,83,46447000000000,2026-09-10T12:27:56.413605+00:00,interpolated,122.0,771.0,-674.0
70.589459931,842358520999941603,842358521094393118,165,84,46447000000000,2026-09-10T12:27:56.413605+00:00,interpolated,116.0,750.0,-675.0
70.608350234,842358521018831906,842358521094393118,165,85,46447000000000,2026-09-10T12:27:56.413605+00:00,interpolated,124.0,753.0,-681.0
70.627240537,842358521037722209,842358521094393118,165,86,46447000000000,2026-09-10T12:27:56.413605+00:00,interpolated,133.0,764.0,-676.0
70.64613084,842358521056612512,842358521094393118,165,87,46447000000000,2026-09-10T12:27:56.413605+00:00,interpolated,121.0,778.0,-668.0
70.665021143,842358521075502815,842358521094393118,165,88,46447000000000,2026-09-10T12:27:56.413605+00:00,interpolated,104.0,775.0,-662.0
70.683911446,842358521094393118,842358521094393118,165,89,46447000000000,2026-09-10T12:27:56.413605+00:00,interpolated,104.0,748.0,-675.0
70.702802088,842358521113283760,842358522624535120,169,0,46448468000000,2026-09-10T12:27:57.883654+00:00,interpolated,140.0,739.0,-686.0
70.72169273,842358521132174402,842358522624535120,169,1,46448468000000,2026-09-10T12:27:57.883654+00:00,interpolated,182.0,748.0,-675.0
70.740583372,842358521151065044,842358522624535120,169,2,46448468000000,2026-09-10T12:27:57.883654+00:00,interpolated,204.0,757.0,-658.0
70.759474014,842358521169955686,842358522624535120,169,3,46448468000000,2026-09-10T12:27:57.883654+00:00,interpolated,204.0,766.0,-650.0
70.778364656,842358521188846328,842358522624535120,169,4,46448468000000,2026-09-10T12:27:57.883654+00:00,interpolated,207.0,753.0,-655.0
70.797255298,842358521207736970,842358522624535120,169,5,46448468000000,2026-09-10T12:27:57.883654+00:00,interpolated,231.0,747.0,-662.0
70.81614594,842358521226627612,842358522624535120,169,6,46448468000000,2026-09-10T12:27:57.883654+00:00,interpolated,249.0,758.0,-652.0
70.835036582,842358521245518254,842358522624535120,169,7,46448468000000,2026-09-10T12:27:57.883654+00:00,interpolated,246.0,758.0,-638.0
70.853927224,842358521264408896,842358522624535120,169,8,46448468000000,2026-09-10T12:27:57.883654+00:00,interpolated,251.0,755.0,-647.0
70.872817866,842358521283299538,842358522624535120,169,9,46448468000000,2026-09-10T12:27:57.883654+00:00,interpolated,261.0,755.0,-635.0
70.891708508,842358521302190180,842358522624535120,169,10,46448468000000,2026-09-10T12:27:57.883654+00:00,interpolated,264.0,780.0,-630.0
70.91059915,842358521321080822,842358522624535120,169,11,46448468000000,2026-09-10T12:27:57.883654+00:00,interpolated,248.0,771.0,-640.0
70.929489792,842358521339971464,842358522624535120,169,12,46448468000000,2026-09-10T12:27:57.883654+00:00,interpolated,263.0,750.0,-664.0
70.948380434,842358521358862106,842358522624535120,169,13,46448468000000,2026-09-10T12:27:57.883654+00:00,interpolated,289.0,733.0,-667.0
70.967271076,842358521377752748,842358522624535120,169,14,46448468000000,2026-09-10T12:27:57.883654+00:00,interpolated,322.0,722.0,-685.0
70.986161718,842358521396643390,842358522624535120,169,15,46448468000000,2026-09-10T12:27:57.883654+00:00,interpolated,375.0,726.0,-679.0
71.00505236,842358521415534032,842358522624535120,169,16,46448468000000,2026-09-10T12:27:57.883654+00:00,interpolated,402.0,723.0,-650.0
71.023943002,842358521434424674,842358522624535120,169,17,46448468000000,2026-09-10T12:27:57.883654+00:00,interpolated,386.0,743.0,-611.0
71.042833644,842358521453315316,842358522624535120,169,18,46448468000000,2026-09-10T12:27:57.883654+00:00,interpolated,323.0,752.0,-602.0
71.061724286,842358521472205958,842358522624535120,169,19,46448468000000,2026-09-10T12:27:57.883654+00:00,interpolated,296.0,745.0,-623.0
71.080614928,842358521491096600,842358522624535120,169,20,46448468000000,2026-09-10T12:27:57.883654+00:00,interpolated,274.0,733.0,-614.0
71.09950557,842358521509987242,842358522624535120,169,21,46448468000000,2026-09-10T12:27:57.883654+00:00,interpolated,299.0,734.0,-604.0
71.118396212,842358521528877884,842358522624535120,169,22,46448468000000,2026-09-10T12:27:57.883654+00:00,interpolated,307.0,745.0,-605.0
71.137286854,842358521547768526,842358522624535120,169,23,46448468000000,2026-09-10T12:27:57.883654+00:00,interpolated,303.0,737.0,-598.0
71.156177496,842358521566659168,842358522624535120,169,24,46448468000000,2026-09-10T12:27:57.883654+00:00,interpolated,270.0,758.0,-602.0
71.175068138,842358521585549810,842358522624535120,169,25,46448468000000,2026-09-10T12:27:57.883654+00:00,interpolated,253.0,777.0,-620.0
71.19395878,842358521604440452,842358522624535120,169,26,46448468000000,2026-09-10T12:27:57.883654+00:00,interpolated,253.0,774.0,-629.0
71.212849422,842358521623331094,842358522624535120,169,27,46448468000000,2026-09-10T12:27:57.883654+00:00,interpolated,265.0,777.0,-627.0
71.231740064,842358521642221736,842358522624535120,169,28,46448468000000,2026-09-10T12:27:57.883654+00:00,interpolated,276.0,784.0,-618.0
71.250630706,842358521661112378,842358522624535120,169,29,46448468000000,2026-09-10T12:27:57.883654+00:00,interpolated,273.0,785.0,-615.0
71.269521348,842358521680003020,842358522624535120,169,30,46448468000000,2026-09-10T12:27:57.883654+00:00,interpolated,278.0,773.0,-613.0
71.28841199,842358521698893662,842358522624535120,169,31,46448468000000,2026-09-10T12:27:57.883654+00:00,interpolated,288.0,770.0,-604.0
71.307302632,842358521717784304,842358522624535120,169,32,46448468000000,2026-09-10T12:27:57.883654+00:00,interpolated,314.0,756.0,-600.0
71.326193274,842358521736674946,842358522624535120,169,33,46448468000000,2026-09-10T12:27:57.883654+00:00,interpolated,330.0,757.0,-603.0
71.345083916,842358521755565588,842358522624535120,169,34,46448468000000,2026-09-10T12:27:57.883654+00:00,interpolated,332.0,754.0,-602.0
71.363974558,842358521774456230,842358522624535120,169,35,46448468000000,2026-09-10T12:27:57.883654+00:00,interpolated,325.0,748.0,-608.0
71.3828652,842358521793346872,842358522624535120,169,36,46448468000000,2026-09-10T12:27:57.883654+00:00,interpolated,318.0,748.0,-610.0
71.401755842,842358521812237514,842358522624535120,169,37,46448468000000,2026-09-10T12:27:57.883654+00:00,interpolated,319.0,756.0,-614.0
71.420646484,842358521831128156,842358522624535120,169,38,46448468000000,2026-09-10T12:27:57.883654+00:00,interpolated,316.0,754.0,-611.0
71.439537126,842358521850018798,842358522624535120,169,39,46448468000000,2026-09-10T12:27:57.883654+00:00,interpolated,318.0,748.0,-615.0
71.458427768,842358521868909440,842358522624535120,169,40,46448468000000,2026-09-10T12:27:57.883654+00:00,interpolated,325.0,745.0,-616.0
71.47731841,842358521887800082,842358522624535120,169,41,46448468000000,2026-09-10T12:27:57.883654+00:00,interpolated,315.0,759.0,-611.0
71.496209052,842358521906690724,842358522624535120,169,42,46448468000000,2026-09-10T12:27:57.883654+00:00,interpolated,310.0,754.0,-620.0
71.515099694,842358521925581366,842358522624535120,169,43,46448468000000,2026-09-10T12:27:57.883654+00:00,interpolated,309.0,754.0,-626.0
71.533990336,842358521944472008,842358522624535120,169,44,46448468000000,2026-09-10T12:27:57.883654+00:00,interpolated,322.0,750.0,-624.0
71.552880978,842358521963362650,842358522624535120,169,45,46448468000000,2026-09-10T12:27:57.883654+00:00,interpolated,333.0,745.0,-622.0
71.57177162,842358521982253292,842358522624535120,169,46,46448468000000,2026-09-10T12:27:57.883654+00:00,interpolated,336.0,741.0,-617.0
71.590662262,842358522001143934,842358522624535120,169,47,46448468000000,2026-09-10T12:27:57.883654+00:00,interpolated,345.0,747.0,-612.0
71.609552904,842358522020034576,842358522624535120,169,48,46448468000000,2026-09-10T12:27:57.883654+00:00,interpolated,337.0,749.0,-618.0
71.628443546,842358522038925218,842358522624535120,169,49,46448468000000,2026-09-10T12:27:57.883654+00:00,interpolated,329.0,749.0,-615.0
71.647334188,842358522057815860,842358522624535120,169,50,46448468000000,2026-09-10T12:27:57.883654+00:00,interpolated,330.0,751.0,-623.0
71.66622483,842358522076706502,842358522624535120,169,51,46448468000000,2026-09-10T12:27:57.883654+00:00,interpolated,316.0,747.0,-619.0
71.685115472,842358522095597144,842358522624535120,169,52,46448468000000,2026-09-10T12:27:57.883654+00:00,interpolated,306.0,749.0,-623.0
71.704006114,842358522114487786,842358522624535120,169,53,46448468000000,2026-09-10T12:27:57.883654+00:00,interpolated,304.0,751.0,-622.0
71.722896756,842358522133378428,842358522624535120,169,54,46448468000000,2026-09-10T12:27:57.883654+00:00,interpolated,298.0,749.0,-616.0
71.741787398,842358522152269070,842358522624535120,169,55,46448468000000,2026-09-10T12:27:57.883654+00:00,interpolated,304.0,752.0,-615.0
71.76067804,842358522171159712,842358522624535120,169,56,46448468000000,2026-09-10T12:27:57.883654+00:00,interpolated,299.0,759.0,-617.0
71.779568682,842358522190050354,842358522624535120,169,57,46448468000000,2026-09-10T12:27:57.883654+00:00,interpolated,294.0,758.0,-626.0
71.798459324,842358522208940996,842358522624535120,169,58,46448468000000,2026-09-10T12:27:57.883654+00:00,interpolated,299.0,758.0,-625.0
71.817349966,842358522227831638,842358522624535120,169,59,46448468000000,2026-09-10T12:27:57.883654+00:00,interpolated,296.0,751.0,-617.0
71.836240608,842358522246722280,842358522624535120,169,60,46448468000000,2026-09-10T12:27:57.883654+00:00,interpolated,291.0,758.0,-619.0
71.85513125,842358522265612922,842358522624535120,169,61,46448468000000,2026-09-10T12:27:57.883654+00:00,interpolated,295.0,760.0,-611.0
71.874021892,842358522284503564,842358522624535120,169,62,46448468000000,2026-09-10T12:27:57.883654+00:00,interpolated,293.0,745.0,-629.0
71.892912534,842358522303394206,842358522624535120,169,63,46448468000000,2026-09-10T12:27:57.883654+00:00,interpolated,289.0,759.0,-627.0
71.911803176,842358522322284848,842358522624535120,169,64,46448468000000,2026-09-10T12:27:57.883654+00:00,interpolated,296.0,762.0,-622.0
71.930693818,842358522341175490,842358522624535120,169,65,46448468000000,2026-09-10T12:27:57.883654+00:00,interpolated,303.0,757.0,-619.0
71.94958446,842358522360066132,842358522624535120,169,66,46448468000000,2026-09-10T12:27:57.883654+00:00,interpolated,302.0,752.0,-624.0
71.968475102,842358522378956774,842358522624535120,169,67,46448468000000,2026-09-10T12:27:57.883654+00:00,interpolated,298.0,752.0,-632.0
71.987365744,842358522397847416,842358522624535120,169,68,46448468000000,2026-09-10T12:27:57.883654+00:00,interpolated,298.0,751.0,-623.0
72.006256386,842358522416738058,842358522624535120,169,69,46448468000000,2026-09-10T12:27:57.883654+00:00,interpolated,303.0,746.0,-628.0
72.025147028,842358522435628700,842358522624535120,169,70,46448468000000,2026-09-10T12:27:57.883654+00:00,interpolated,299.0,747.0,-625.0
72.04403767,842358522454519342,842358522624535120,169,71,46448468000000,2026-09-10T12:27:57.883654+00:00,interpolated,295.0,760.0,-622.0
72.062928312,842358522473409984,842358522624535120,169,72,46448468000000,2026-09-10T12:27:57.883654+00:00,interpolated,288.0,759.0,-624.0
72.081818954,842358522492300626,842358522624535120,169,73,46448468000000,2026-09-10T12:27:57.883654+00:00,interpolated,295.0,757.0,-623.0
72.100709596,842358522511191268,842358522624535120,169,74,46448468000000,2026-09-10T12:27:57.883654+00:00,interpolated,299.0,754.0,-626.0
72.119600238,842358522530081910,842358522624535120,169,75,46448468000000,2026-09-10T12:27:57.883654+00:00,interpolated,300.0,755.0,-624.0
72.13849088,842358522548972552,842358522624535120,169,76,46448468000000,2026-09-10T12:27:57.883654+00:00,interpolated,290.0,762.0,-624.0
72.157381522,842358522567863194,842358522624535120,169,77,46448468000000,2026-09-10T12:27:57.883654+00:00,interpolated,288.0,754.0,-621.0
72.176272164,842358522586753836,842358522624535120,169,78,46448468000000,2026-09-10T12:27:57.883654+00:00,interpolated,293.0,751.0,-622.0
72.195162806,842358522605644478,842358522624535120,169,79,46448468000000,2026-09-10T12:27:57.883654+00:00,interpolated,285.0,756.0,-620.0
72.214053448,842358522624535120,842358522624535120,169,80,46448468000000,2026-09-10T12:27:57.883654+00:00,interpolated,291.0,760.0,-625.0
72.232943287,842358522643424959,842358524060162876,173,0,46450000000000,2026-09-10T12:27:59.414820+00:00,interpolated,295.0,756.0,-623.0
72.251833126,842358522662314798,842358524060162876,173,1,46450000000000,2026-09-10T12:27:59.414820+00:00,interpolated,301.0,753.0,-623.0
72.270722965,842358522681204637,842358524060162876,173,2,46450000000000,2026-09-10T12:27:59.414820+00:00,interpolated,302.0,756.0,-621.0
72.289612804,842358522700094476,842358524060162876,173,3,46450000000000,2026-09-10T12:27:59.414820+00:00,interpolated,296.0,757.0,-624.0
72.308502642,842358522718984314,842358524060162876,173,4,46450000000000,2026-09-10T12:27:59.414820+00:00,interpolated,294.0,751.0,-621.0
72.327392481,842358522737874153,842358524060162876,173,5,46450000000000,2026-09-10T12:27:59.414820+00:00,interpolated,293.0,751.0,-630.0
72.34628232,842358522756763992,842358524060162876,173,6,46450000000000,2026-09-10T12:27:59.414820+00:00,interpolated,292.0,753.0,-621.0
72.365172159,842358522775653831,842358524060162876,173,7,46450000000000,2026-09-10T12:27:59.414820+00:00,interpolated,296.0,755.0,-625.0
72.384061998,842358522794543670,842358524060162876,173,8,46450000000000,2026-09-10T12:27:59.414820+00:00,interpolated,297.0,755.0,-626.0
72.402951837,842358522813433509,842358524060162876,173,9,46450000000000,2026-09-10T12:27:59.414820+00:00,interpolated,291.0,759.0,-625.0
72.421841676,842358522832323348,842358524060162876,173,10,46450000000000,2026-09-10T12:27:59.414820+00:00,interpolated,296.0,756.0,-625.0
72.440731515,842358522851213187,842358524060162876,173,11,46450000000000,2026-09-10T12:27:59.414820+00:00,interpolated,294.0,755.0,-629.0
72.459621354,842358522870103026,842358524060162876,173,12,46450000000000,2026-09-10T12:27:59.414820+00:00,interpolated,289.0,756.0,-624.0
72.478511193,842358522888992865,842358524060162876,173,13,46450000000000,2026-09-10T12:27:59.414820+00:00,interpolated,285.0,756.0,-621.0
72.497401031,842358522907882703,842358524060162876,173,14,46450000000000,2026-09-10T12:27:59.414820+00:00,interpolated,288.0,763.0,-621.0
72.51629087,842358522926772542,842358524060162876,173,15,46450000000000,2026-09-10T12:27:59.414820+00:00,interpolated,287.0,757.0,-626.0
72.535180709,842358522945662381,842358524060162876,173,16,46450000000000,2026-09-10T12:27:59.414820+00:00,interpolated,288.0,757.0,-621.0
72.554070548,842358522964552220,842358524060162876,173,17,46450000000000,2026-09-10T12:27:59.414820+00:00,interpolated,292.0,760.0,-629.0
72.572960387,842358522983442059,842358524060162876,173,18,46450000000000,2026-09-10T12:27:59.414820+00:00,interpolated,294.0,754.0,-627.0
72.591850226,842358523002331898,842358524060162876,173,19,46450000000000,2026-09-10T12:27:59.414820+00:00,interpolated,295.0,755.0,-623.0
72.610740065,842358523021221737,842358524060162876,173,20,46450000000000,2026-09-10T12:27:59.414820+00:00,interpolated,295.0,757.0,-619.0
72.629629904,842358523040111576,842358524060162876,173,21,46450000000000,2026-09-10T12:27:59.414820+00:00,interpolated,298.0,750.0,-623.0
72.648519743,842358523059001415,842358524060162876,173,22,46450000000000,2026-09-10T12:27:59.414820+00:00,interpolated,283.0,757.0,-632.0
72.667409581,842358523077891253,842358524060162876,173,23,46450000000000,2026-09-10T12:27:59.414820+00:00,interpolated,284.0,760.0,-625.0
72.68629942,842358523096781092,842358524060162876,173,24,46450000000000,2026-09-10T12:27:59.414820+00:00,interpolated,293.0,758.0,-627.0
72.705189259,842358523115670931,842358524060162876,173,25,46450000000000,2026-09-10T12:27:59.414820+00:00,interpolated,297.0,750.0,-623.0
72.724079098,842358523134560770,842358524060162876,173,26,46450000000000,2026-09-10T12:27:59.414820+00:00,interpolated,294.0,756.0,-620.0
72.742968937,842358523153450609,842358524060162876,173,27,46450000000000,2026-09-10T12:27:59.414820+00:00,interpolated,294.0,756.0,-627.0
72.761858776,842358523172340448,842358524060162876,173,28,46450000000000,2026-09-10T12:27:59.414820+00:00,interpolated,298.0,757.0,-629.0
72.780748615,842358523191230287,842358524060162876,173,29,46450000000000,2026-09-10T12:27:59.414820+00:00,interpolated,293.0,751.0,-619.0
72.799638454,842358523210120126,842358524060162876,173,30,46450000000000,2026-09-10T12:27:59.414820+00:00,interpolated,287.0,760.0,-614.0
72.818528293,842358523229009965,842358524060162876,173,31,46450000000000,2026-09-10T12:27:59.414820+00:00,interpolated,273.0,761.0,-625.0
72.837418132,842358523247899804,842358524060162876,173,32,46450000000000,2026-09-10T12:27:59.414820+00:00,interpolated,286.0,765.0,-630.0
72.85630797,842358523266789642,842358524060162876,173,33,46450000000000,2026-09-10T12:27:59.414820+00:00,interpolated,289.0,759.0,-627.0
72.875197809,842358523285679481,842358524060162876,173,34,46450000000000,2026-09-10T12:27:59.414820+00:00,interpolated,297.0,753.0,-628.0
72.894087648,842358523304569320,842358524060162876,173,35,46450000000000,2026-09-10T12:27:59.414820+00:00,interpolated,305.0,752.0,-624.0
72.912977487,842358523323459159,842358524060162876,173,36,46450000000000,2026-09-10T12:27:59.414820+00:00,interpolated,303.0,750.0,-621.0
72.931867326,842358523342348998,842358524060162876,173,37,46450000000000,2026-09-10T12:27:59.414820+00:00,interpolated,306.0,749.0,-622.0
72.950757165,842358523361238837,842358524060162876,173,38,46450000000000,2026-09-10T12:27:59.414820+00:00,interpolated,302.0,755.0,-618.0
72.969647004,842358523380128676,842358524060162876,173,39,46450000000000,2026-09-10T12:27:59.414820+00:00,interpolated,301.0,757.0,-615.0
72.988536843,842358523399018515,842358524060162876,173,40,46450000000000,2026-09-10T12:27:59.414820+00:00,interpolated,297.0,757.0,-619.0
73.007426682,842358523417908354,842358524060162876,173,41,46450000000000,2026-09-10T12:27:59.414820+00:00,interpolated,290.0,761.0,-621.0
73.02631652,842358523436798192,842358524060162876,173,42,46450000000000,2026-09-10T12:27:59.414820+00:00,interpolated,288.0,762.0,-620.0
73.045206359,842358523455688031,842358524060162876,173,43,46450000000000,2026-09-10T12:27:59.414820+00:00,interpolated,296.0,756.0,-615.0
73.064096198,842358523474577870,842358524060162876,173,44,46450000000000,2026-09-10T12:27:59.414820+00:00,interpolated,292.0,758.0,-619.0
73.082986037,842358523493467709,842358524060162876,173,45,46450000000000,2026-09-10T12:27:59.414820+00:00,interpolated,290.0,757.0,-628.0
73.101875876,842358523512357548,842358524060162876,173,46,46450000000000,2026-09-10T12:27:59.414820+00:00,interpolated,293.0,761.0,-624.0
73.120765715,842358523531247387,842358524060162876,173,47,46450000000000,2026-09-10T12:27:59.414820+00:00,interpolated,294.0,752.0,-620.0
73.139655554,842358523550137226,842358524060162876,173,48,46450000000000,2026-09-10T12:27:59.414820+00:00,interpolated,294.0,757.0,-621.0
73.158545393,842358523569027065,842358524060162876,173,49,46450000000000,2026-09-10T12:27:59.414820+00:00,interpolated,292.0,761.0,-624.0
73.177435232,842358523587916904,842358524060162876,173,50,46450000000000,2026-09-10T12:27:59.414820+00:00,interpolated,295.0,756.0,-621.0
73.196325071,842358523606806743,842358524060162876,173,51,46450000000000,2026-09-10T12:27:59.414820+00:00,interpolated,289.0,759.0,-621.0
73.215214909,842358523625696581,842358524060162876,173,52,46450000000000,2026-09-10T12:27:59.414820+00:00,interpolated,281.0,759.0,-618.0
73.234104748,842358523644586420,842358524060162876,173,53,46450000000000,2026-09-10T12:27:59.414820+00:00,interpolated,288.0,759.0,-618.0
73.252994587,842358523663476259,842358524060162876,173,54,46450000000000,2026-09-10T12:27:59.414820+00:00,interpolated,280.0,759.0,-627.0
73.271884426,842358523682366098,842358524060162876,173,55,46450000000000,2026-09-10T12:27:59.414820+00:00,interpolated,287.0,758.0,-627.0
73.290774265,842358523701255937,842358524060162876,173,56,46450000000000,2026-09-10T12:27:59.414820+00:00,interpolated,284.0,758.0,-630.0
73.309664104,842358523720145776,842358524060162876,173,57,46450000000000,2026-09-10T12:27:59.414820+00:00,interpolated,283.0,755.0,-626.0
73.328553943,842358523739035615,842358524060162876,173,58,46450000000000,2026-09-10T12:27:59.414820+00:00,interpolated,287.0,754.0,-631.0
73.347443782,842358523757925454,842358524060162876,173,59,46450000000000,2026-09-10T12:27:59.414820+00:00,interpolated,291.0,758.0,-625.0
73.366333621,842358523776815293,842358524060162876,173,60,46450000000000,2026-09-10T12:27:59.414820+00:00,interpolated,286.0,764.0,-621.0
73.385223459,842358523795705131,842358524060162876,173,61,46450000000000,2026-09-10T12:27:59.414820+00:00,interpolated,282.0,749.0,-630.0
73.404113298,842358523814594970,842358524060162876,173,62,46450000000000,2026-09-10T12:27:59.414820+00:00,interpolated,281.0,754.0,-631.0
73.423003137,842358523833484809,842358524060162876,173,63,46450000000000,2026-09-10T12:27:59.414820+00:00,interpolated,285.0,761.0,-628.0
73.441892976,842358523852374648,842358524060162876,173,64,46450000000000,2026-09-10T12:27:59.414820+00:00,interpolated,285.0,765.0,-627.0
73.460782815,842358523871264487,842358524060162876,173,65,46450000000000,2026-09-10T12:27:59.414820+00:00,interpolated,282.0,751.0,-626.0
73.479672654,842358523890154326,842358524060162876,173,66,46450000000000,2026-09-10T12:27:59.414820+00:00,interpolated,287.0,753.0,-628.0
73.498562493,842358523909044165,842358524060162876,173,67,46450000000000,2026-09-10T12:27:59.414820+00:00,interpolated,284.0,755.0,-627.0
73.517452332,842358523927934004,842358524060162876,173,68,46450000000000,2026-09-10T12:27:59.414820+00:00,interpolated,285.0,756.0,-630.0
73.536342171,842358523946823843,842358524060162876,173,69,46450000000000,2026-09-10T12:27:59.414820+00:00,interpolated,291.0,747.0,-629.0
73.55523201,842358523965713682,842358524060162876,173,70,46450000000000,2026-09-10T12:27:59.414820+00:00,interpolated,295.0,758.0,-625.0
73.574121848,842358523984603520,842358524060162876,173,71,46450000000000,2026-09-10T12:27:59.414820+00:00,interpolated,290.0,762.0,-630.0
73.593011687,842358524003493359,842358524060162876,173,72,46450000000000,2026-09-10T12:27:59.414820+00:00,interpolated,284.0,758.0,-632.0
73.611901526,842358524022383198,842358524060162876,173,73,46450000000000,2026-09-10T12:27:59.414820+00:00,interpolated,282.0,758.0,-632.0
73.630791365,842358524041273037,842358524060162876,173,74,46450000000000,2026-09-10T12:27:59.414820+00:00,interpolated,283.0,754.0,-630.0
73.649681204,842358524060162876,842358524060162876,173,75,46450000000000,2026-09-10T12:27:59.414820+00:00,interpolated,278.0,759.0,-630.0
