time_s,device_timestamp_ns,packet_timestamp_ns,packet_id,sample_index,host_monotonic_ns,host_time_utc,timestamp_method,acc_x_mg,acc_y_mg,acc_z_mg
0.005832519,842370072779072977,842370075048303746,1,0,,,nominal_first,-249.0,-463.0,-865.0
0.025063288,842370072798303746,842370075048303746,1,1,,,nominal_first,-250.0,-465.0,-859.0
0.044294057,842370072817534515,842370075048303746,1,2,,,nominal_first,-256.0,-468.0,-856.0
0.063524826,842370072836765284,842370075048303746,1,3,,,nominal_first,-259.0,-463.0,-862.0
0.082755596,842370072855996054,842370075048303746,1,4,,,nominal_first,-250.0,-465.0,-857.0
0.101986365,842370072875226823,842370075048303746,1,5,,,nominal_first,-242.0,-463.0,-863.0
0.121217134,842370072894457592,842370075048303746,1,6,,,nominal_first,-245.0,-459.0,-861.0
0.140447903,842370072913688361,842370075048303746,1,7,,,nominal_first,-262.0,-457.0,-853.0
0.159678673,842370072932919131,842370075048303746,1,8,,,nominal_first,-266.0,-463.0,-861.0
0.178909442,842370072952149900,842370075048303746,1,9,,,nominal_first,-261.0,-462.0,-863.0
0.198140211,842370072971380669,842370075048303746,1,10,,,nominal_first,-245.0,-462.0,-866.0
0.21737098,842370072990611438,842370075048303746,1,11,,,nominal_first,-243.0,-457.0,-859.0
0.23660175,842370073009842208,842370075048303746,1,12,,,nominal_first,-244.0,-464.0,-863.0
0.255832519,842370073029072977,842370075048303746,1,13,,,nominal_first,-254.0,-465.0,-863.0
0.275063288,842370073048303746,842370075048303746,1,14,,,nominal_first,-251.0,-464.0,-861.0
0.294294057,842370073067534515,842370075048303746,1,15,,,nominal_first,-246.0,-465.0,-865.0
0.313524826,842370073086765284,842370075048303746,1,16,,,nominal_first,-248.0,-464.0,-864.0
0.332755596,842370073105996054,842370075048303746,1,17,,,nominal_first,-254.0,-464.0,-863.0
0.351986365,842370073125226823,842370075048303746,1,18,,,nominal_first,-252.0,-464.0,-860.0
0.371217134,842370073144457592,842370075048303746,1,19,,,nominal_first,-252.0,-466.0,-861.0
0.390447903,842370073163688361,842370075048303746,1,20,,,nominal_first,-250.0,-461.0,-861.0
0.409678673,842370073182919131,842370075048303746,1,21,,,nominal_first,-247.0,-458.0,-855.0
0.428909442,842370073202149900,842370075048303746,1,22,,,nominal_first,-247.0,-466.0,-862.0
0.448140211,842370073221380669,842370075048303746,1,23,,,nominal_first,-250.0,-465.0,-862.0
0.46737098,842370073240611438,842370075048303746,1,24,,,nominal_first,-255.0,-462.0,-866.0
0.48660175,842370073259842208,842370075048303746,1,25,,,nominal_first,-253.0,-460.0,-864.0
0.505832519,842370073279072977,842370075048303746,1,26,,,nominal_first,-251.0,-465.0,-863.0
0.525063288,842370073298303746,842370075048303746,1,27,,,nominal_first,-251.0,-466.0,-860.0
0.544294057,842370073317534515,842370075048303746,1,28,,,nominal_first,-252.0,-463.0,-857.0
0.563524826,842370073336765284,842370075048303746,1,29,,,nominal_first,-250.0,-461.0,-863.0
0.582755596,842370073355996054,842370075048303746,1,30,,,nominal_first,-250.0,-465.0,-859.0
0.601986365,842370073375226823,842370075048303746,1,31,,,nominal_first,-253.0,-464.0,-855.0
0.621217134,842370073394457592,842370075048303746,1,32,,,nominal_first,-254.0,-462.0,-854.0
0.640447903,842370073413688361,842370075048303746,1,33,,,nominal_first,-246.0,-465.0,-861.0
0.659678673,842370073432919131,842370075048303746,1,34,,,nominal_first,-251.0,-461.0,-869.0
0.678909442,842370073452149900,842370075048303746,1,35,,,nominal_first,-247.0,-467.0,-872.0
0.698140211,842370073471380669,842370075048303746,1,36,,,nominal_first,-254.0,-462.0,-862.0
0.71737098,842370073490611438,842370075048303746,1,37,,,nominal_first,-247.0,-459.0,-861.0
0.73660175,842370073509842208,842370075048303746,1,38,,,nominal_first,-246.0,-463.0,-855.0
0.755832519,842370073529072977,842370075048303746,1,39,,,nominal_first,-249.0,-466.0,-857.0
0.775063288,842370073548303746,842370075048303746,1,40,,,nominal_first,-246.0,-462.0,-859.0
0.794294057,842370073567534515,842370075048303746,1,41,,,nominal_first,-246.0,-465.0,-862.0
0.813524826,842370073586765284,842370075048303746,1,42,,,nominal_first,-249.0,-464.0,-864.0
0.832755596,842370073605996054,842370075048303746,1,43,,,nominal_first,-254.0,-463.0,-861.0
0.851986365,842370073625226823,842370075048303746,1,44,,,nominal_first,-254.0,-464.0,-860.0
0.871217134,842370073644457592,842370075048303746,1,45,,,nominal_first,-250.0,-467.0,-857.0
0.890447903,842370073663688361,842370075048303746,1,46,,,nominal_first,-246.0,-468.0,-863.0
0.909678673,842370073682919131,842370075048303746,1,47,,,nominal_first,-247.0,-467.0,-862.0
0.928909442,842370073702149900,842370075048303746,1,48,,,nominal_first,-257.0,-461.0,-863.0
0.948140211,842370073721380669,842370075048303746,1,49,,,nominal_first,-261.0,-460.0,-861.0
0.96737098,842370073740611438,842370075048303746,1,50,,,nominal_first,-256.0,-459.0,-858.0
0.98660175,842370073759842208,842370075048303746,1,51,,,nominal_first,-245.0,-460.0,-863.0
1.005832519,842370073779072977,842370075048303746,1,52,,,nominal_first,-243.0,-462.0,-861.0
1.025063288,842370073798303746,842370075048303746,1,53,,,nominal_first,-247.0,-468.0,-859.0
1.044294057,842370073817534515,842370075048303746,1,54,,,nominal_first,-245.0,-471.0,-857.0
1.063524826,842370073836765284,842370075048303746,1,55,,,nominal_first,-250.0,-467.0,-854.0
1.082755596,842370073855996054,842370075048303746,1,56,,,nominal_first,-248.0,-466.0,-859.0
1.101986365,842370073875226823,842370075048303746,1,57,,,nominal_first,-249.0,-463.0,-855.0
1.121217134,842370073894457592,842370075048303746,1,58,,,nominal_first,-248.0,-459.0,-860.0
1.140447903,842370073913688361,842370075048303746,1,59,,,nominal_first,-250.0,-460.0,-863.0
1.159678673,842370073932919131,842370075048303746,1,60,,,nominal_first,-249.0,-461.0,-861.0
1.178909442,842370073952149900,842370075048303746,1,61,,,nominal_first,-250.0,-463.0,-865.0
1.198140211,842370073971380669,842370075048303746,1,62,,,nominal_first,-249.0,-464.0,-863.0
1.21737098,842370073990611438,842370075048303746,1,63,,,nominal_first,-250.0,-466.0,-859.0
1.23660175,842370074009842208,842370075048303746,1,64,,,nominal_first,-250.0,-464.0,-863.0
1.255832519,842370074029072977,842370075048303746,1,65,,,nominal_first,-253.0,-467.0,-858.0
1.275063288,842370074048303746,842370075048303746,1,66,,,nominal_first,-252.0,-464.0,-864.0
1.294294057,842370074067534515,842370075048303746,1,67,,,nominal_first,-252.0,-465.0,-864.0
1.313524826,842370074086765284,842370075048303746,1,68,,,nominal_first,-247.0,-464.0,-862.0
1.332755596,842370074105996054,842370075048303746,1,69,,,nominal_first,-249.0,-463.0,-858.0
1.351986365,842370074125226823,842370075048303746,1,70,,,nominal_first,-247.0,-462.0,-861.0
1.371217134,842370074144457592,842370075048303746,1,71,,,nominal_first,-255.0,-460.0,-860.0
1.390447903,842370074163688361,842370075048303746,1,72,,,nominal_first,-247.0,-464.0,-857.0
1.409678673,842370074182919131,842370075048303746,1,73,,,nominal_first,-251.0,-464.0,-861.0
1.428909442,842370074202149900,842370075048303746,1,74,,,nominal_first,-251.0,-464.0,-863.0
1.448140211,842370074221380669,842370075048303746,1,75,,,nominal_first,-251.0,-460.0,-861.0
1.46737098,842370074240611438,842370075048303746,1,76,,,nominal_first,-251.0,-462.0,-861.0
1.48660175,842370074259842208,842370075048303746,1,77,,,nominal_first,-253.0,-463.0,-863.0
1.505832519,842370074279072977,842370075048303746,1,78,,,nominal_first,-254.0,-466.0,-858.0
1.525063288,842370074298303746,842370075048303746,1,79,,,nominal_first,-251.0,-462.0,-863.0
1.544294057,842370074317534515,842370075048303746,1,80,,,nominal_first,-249.0,-465.0,-858.0
1.563524826,842370074336765284,842370075048303746,1,81,,,nominal_first,-253.0,-464.0,-854.0
1.582755596,842370074355996054,842370075048303746,1,82,,,nominal_first,-251.0,-465.0,-860.0
1.601986365,842370074375226823,842370075048303746,1,83,,,nominal_first,-252.0,-467.0,-859.0
1.621217134,842370074394457592,842370075048303746,1,84,,,nominal_first,-252.0,-464.0,-858.0
1.640447903,842370074413688361,842370075048303746,1,85,,,nominal_first,-247.0,-463.0,-862.0
1.659678673,842370074432919131,842370075048303746,1,86,,,nominal_first,-253.0,-466.0,-860.0
1.678909442,842370074452149900,842370075048303746,1,87,,,nominal_first,-256.0,-461.0,-854.0
1.698140211,842370074471380669,842370075048303746,1,88,,,nominal_first,-254.0,-455.0,-858.0
1.71737098,842370074490611438,842370075048303746,1,89,,,nominal_first,-249.0,-458.0,-861.0
1.73660175,842370074509842208,842370075048303746,1,90,,,nominal_first,-255.0,-462.0,-865.0
1.755832519,842370074529072977,842370075048303746,1,91,,,nominal_first,-251.0,-469.0,-869.0
1.775063288,842370074548303746,842370075048303746,1,92,,,nominal_first,-252.0,-464.0,-860.0
1.794294057,842370074567534515,842370075048303746,1,93,,,nominal_first,-254.0,-464.0,-856.0
1.813524826,842370074586765284,842370075048303746,1,94,,,nominal_first,-251.0,-464.0,-854.0
1.832755596,842370074605996054,842370075048303746,1,95,,,nominal_first,-248.0,-463.0,-855.0
1.851986365,842370074625226823,842370075048303746,1,96,,,nominal_first,-253.0,-467.0,-861.0
1.871217134,842370074644457592,842370075048303746,1,97,,,nominal_first,-252.0,-461.0,-866.0
1.890447903,842370074663688361,842370075048303746,1,98,,,nominal_first,-257.0,-460.0,-862.0
1.909678673,842370074682919131,842370075048303746,1,99,,,nominal_first,-261.0,-465.0,-860.0
1.928909442,842370074702149900,842370075048303746,1,100,,,nominal_first,-263.0,-460.0,-858.0
1.948140211,842370074721380669,842370075048303746,1,101,,,nominal_first,-252.0,-463.0,-860.0
1.96737098,842370074740611438,842370075048303746,1,102,,,nominal_first,-255.0,-463.0,-858.0
1.98660175,842370074759842208,842370075048303746,1,103,,,nominal_first,-256.0,-459.0,-861.0
2.005832519,842370074779072977,842370075048303746,1,104,,,nominal_first,-256.0,-460.0,-862.0
2.025063288,842370074798303746,842370075048303746,1,105,,,nominal_first,-257.0,-463.0,-862.0
2.044294057,842370074817534515,842370075048303746,1,106,,,nominal_first,-255.0,-464.0,-860.0
2.063524826,842370074836765284,842370075048303746,1,107,,,nominal_first,-252.0,-465.0,-857.0
2.082755596,842370074855996054,842370075048303746,1,108,,,nominal_first,-254.0,-461.0,-860.0
2.101986365,842370074875226823,842370075048303746,1,109,,,nominal_first,-252.0,-465.0,-856.0
2.121217134,842370074894457592,842370075048303746,1,110,,,nominal_first,-257.0,-466.0,-861.0
2.140447903,842370074913688361,842370075048303746,1,111,,,nominal_first,-255.0,-468.0,-859.0
2.159678673,842370074932919131,842370075048303746,1,112,,,nominal_first,-256.0,-460.0,-863.0
2.178909442,842370074952149900,842370075048303746,1,113,,,nominal_first,-253.0,-460.0,-860.0
2.198140211,842370074971380669,842370075048303746,1,114,,,nominal_first,-258.0,-461.0,-860.0
2.21737098,842370074990611438,842370075048303746,1,115,,,nominal_first,-255.0,-458.0,-859.0
2.23660175,842370075009842208,842370075048303746,1,116,,,nominal_first,-254.0,-464.0,-859.0
2.255832519,842370075029072977,842370075048303746,1,117,,,nominal_first,-256.0,-464.0,-859.0
2.275063288,842370075048303746,842370075048303746,1,118,,,nominal_first,-258.0,-462.0,-860.0
2.293953366,842370075067193824,842370077145102448,2,0,,,interpolated,-255.0,-465.0,-862.0
2.312843445,842370075086083903,842370077145102448,2,1,,,interpolated,-260.0,-463.0,-857.0
2.331733523,842370075104973981,842370077145102448,2,2,,,interpolated,-257.0,-464.0,-858.0
2.350623602,842370075123864060,842370077145102448,2,3,,,interpolated,-258.0,-463.0,-856.0
2.36951368,842370075142754138,842370077145102448,2,4,,,interpolated,-256.0,-464.0,-863.0
2.388403758,842370075161644216,842370077145102448,2,5,,,interpolated,-258.0,-465.0,-862.0
2.407293837,842370075180534295,842370077145102448,2,6,,,interpolated,-258.0,-464.0,-859.0
2.426183915,842370075199424373,842370077145102448,2,7,,,interpolated,-260.0,-457.0,-860.0
2.445073994,842370075218314452,842370077145102448,2,8,,,interpolated,-257.0,-461.0,-856.0
2.463964072,842370075237204530,842370077145102448,2,9,,,interpolated,-256.0,-463.0,-863.0
2.48285415,842370075256094608,842370077145102448,2,10,,,interpolated,-257.0,-462.0,-859.0
2.501744229,842370075274984687,842370077145102448,2,11,,,interpolated,-259.0,-463.0,-860.0
2.520634307,842370075293874765,842370077145102448,2,12,,,interpolated,-258.0,-464.0,-866.0
2.539524386,842370075312764844,842370077145102448,2,13,,,interpolated,-257.0,-463.0,-862.0
2.558414464,842370075331654922,842370077145102448,2,14,,,interpolated,-259.0,-465.0,-859.0
2.577304542,842370075350545000,842370077145102448,2,15,,,interpolated,-256.0,-465.0,-864.0
2.596194621,842370075369435079,842370077145102448,2,16,,,interpolated,-254.0,-460.0,-858.0
2.615084699,842370075388325157,842370077145102448,2,17,,,interpolated,-258.0,-461.0,-857.0
2.633974778,842370075407215236,842370077145102448,2,18,,,interpolated,-257.0,-465.0,-858.0
2.652864856,842370075426105314,842370077145102448,2,19,,,interpolated,-257.0,-465.0,-856.0
2.671754934,842370075444995392,842370077145102448,2,20,,,interpolated,-254.0,-463.0,-864.0
2.690645013,842370075463885471,842370077145102448,2,21,,,interpolated,-257.0,-460.0,-860.0
2.709535091,842370075482775549,842370077145102448,2,22,,,interpolated,-260.0,-461.0,-861.0
2.72842517,842370075501665628,842370077145102448,2,23,,,interpolated,-257.0,-463.0,-859.0
2.747315248,842370075520555706,842370077145102448,2,24,,,interpolated,-254.0,-459.0,-865.0
2.766205326,842370075539445784,842370077145102448,2,25,,,interpolated,-253.0,-467.0,-869.0
2.785095405,842370075558335863,842370077145102448,2,26,,,interpolated,-255.0,-463.0,-865.0
2.803985483,842370075577225941,842370077145102448,2,27,,,interpolated,-258.0,-465.0,-860.0
2.822875561,842370075596116019,842370077145102448,2,28,,,interpolated,-255.0,-462.0,-853.0
2.84176564,842370075615006098,842370077145102448,2,29,,,interpolated,-256.0,-465.0,-851.0
2.860655718,842370075633896176,842370077145102448,2,30,,,interpolated,-246.0,-465.0,-860.0
2.879545797,842370075652786255,842370077145102448,2,31,,,interpolated,-252.0,-463.0,-860.0
2.898435875,842370075671676333,842370077145102448,2,32,,,interpolated,-255.0,-468.0,-861.0
2.917325953,842370075690566411,842370077145102448,2,33,,,interpolated,-261.0,-467.0,-860.0
2.936216032,842370075709456490,842370077145102448,2,34,,,interpolated,-258.0,-463.0,-866.0
2.95510611,842370075728346568,842370077145102448,2,35,,,interpolated,-256.0,-464.0,-859.0
2.973996189,842370075747236647,842370077145102448,2,36,,,interpolated,-251.0,-465.0,-862.0
2.992886267,842370075766126725,842370077145102448,2,37,,,interpolated,-253.0,-466.0,-859.0
3.011776345,842370075785016803,842370077145102448,2,38,,,interpolated,-252.0,-456.0,-861.0
3.030666424,842370075803906882,842370077145102448,2,39,,,interpolated,-255.0,-460.0,-859.0
3.049556502,842370075822796960,842370077145102448,2,40,,,interpolated,-255.0,-464.0,-863.0
3.068446581,842370075841687039,842370077145102448,2,41,,,interpolated,-252.0,-459.0,-865.0
3.087336659,842370075860577117,842370077145102448,2,42,,,interpolated,-249.0,-463.0,-861.0
3.106226737,842370075879467195,842370077145102448,2,43,,,interpolated,-247.0,-468.0,-863.0
3.125116816,842370075898357274,842370077145102448,2,44,,,interpolated,-246.0,-466.0,-858.0
3.144006894,842370075917247352,842370077145102448,2,45,,,interpolated,-255.0,-466.0,-859.0
3.162896973,842370075936137431,842370077145102448,2,46,,,interpolated,-249.0,-467.0,-860.0
3.181787051,842370075955027509,842370077145102448,2,47,,,interpolated,-252.0,-464.0,-858.0
3.200677129,842370075973917587,842370077145102448,2,48,,,interpolated,-250.0,-464.0,-858.0
3.219567208,842370075992807666,842370077145102448,2,49,,,interpolated,-246.0,-464.0,-862.0
3.238457286,842370076011697744,842370077145102448,2,50,,,interpolated,-252.0,-460.0,-864.0
3.257347365,842370076030587823,842370077145102448,2,51,,,interpolated,-252.0,-461.0,-858.0
3.276237443,842370076049477901,842370077145102448,2,52,,,interpolated,-254.0,-466.0,-861.0
3.295127521,842370076068367979,842370077145102448,2,53,,,interpolated,-248.0,-463.0,-865.0
3.3140176,842370076087258058,842370077145102448,2,54,,,interpolated,-251.0,-458.0,-869.0
3.332907678,842370076106148136,842370077145102448,2,55,,,interpolated,-251.0,-461.0,-860.0
3.351797757,842370076125038215,842370077145102448,2,56,,,interpolated,-253.0,-463.0,-867.0
3.370687835,842370076143928293,842370077145102448,2,57,,,interpolated,-253.0,-462.0,-857.0
3.389577913,842370076162818371,842370077145102448,2,58,,,interpolated,-251.0,-467.0,-858.0
3.408467992,842370076181708450,842370077145102448,2,59,,,interpolated,-249.0,-464.0,-860.0
3.42735807,842370076200598528,842370077145102448,2,60,,,interpolated,-249.0,-463.0,-863.0
3.446248149,842370076219488607,842370077145102448,2,61,,,interpolated,-251.0,-462.0,-862.0
3.465138227,842370076238378685,842370077145102448,2,62,,,interpolated,-249.0,-468.0,-863.0
3.484028305,842370076257268763,842370077145102448,2,63,,,interpolated,-248.0,-463.0,-859.0
3.502918384,842370076276158842,842370077145102448,2,64,,,interpolated,-252.0,-463.0,-863.0
3.521808462,842370076295048920,842370077145102448,2,65,,,interpolated,-249.0,-465.0,-859.0
3.540698541,842370076313938999,842370077145102448,2,66,,,interpolated,-250.0,-463.0,-864.0
3.559588619,842370076332829077,842370077145102448,2,67,,,interpolated,-249.0,-465.0,-860.0
3.578478697,842370076351719155,842370077145102448,2,68,,,interpolated,-250.0,-464.0,-863.0
3.597368776,842370076370609234,842370077145102448,2,69,,,interpolated,-249.0,-465.0,-864.0
3.616258854,842370076389499312,842370077145102448,2,70,,,interpolated,-252.0,-463.0,-862.0
3.635148933,842370076408389391,842370077145102448,2,71,,,interpolated,-248.0,-464.0,-861.0
3.654039011,842370076427279469,842370077145102448,2,72,,,interpolated,-249.0,-464.0,-862.0
3.672929089,842370076446169547,842370077145102448,2,73,,,interpolated,-249.0,-461.0,-858.0
3.691819168,842370076465059626,842370077145102448,2,74,,,interpolated,-251.0,-465.0,-864.0
3.710709246,842370076483949704,842370077145102448,2,75,,,interpolated,-251.0,-467.0,-861.0
3.729599325,842370076502839783,842370077145102448,2,76,,,interpolated,-249.0,-464.0,-858.0
3.748489403,842370076521729861,842370077145102448,2,77,,,interpolated,-246.0,-461.0,-860.0
3.767379481,842370076540619939,842370077145102448,2,78,,,interpolated,-248.0,-462.0,-862.0
3.78626956,842370076559510018,842370077145102448,2,79,,,interpolated,-247.0,-467.0,-866.0
3.805159638,842370076578400096,842370077145102448,2,80,,,interpolated,-246.0,-467.0,-866.0
3.824049717,842370076597290175,842370077145102448,2,81,,,interpolated,-247.0,-462.0,-861.0
3.842939795,842370076616180253,842370077145102448,2,82,,,interpolated,-251.0,-460.0,-863.0
3.861829873,842370076635070331,842370077145102448,2,83,,,interpolated,-250.0,-468.0,-854.0
3.880719952,842370076653960410,842370077145102448,2,84,,,interpolated,-245.0,-465.0,-860.0
3.89961003,842370076672850488,842370077145102448,2,85,,,interpolated,-246.0,-462.0,-862.0
3.918500108,842370076691740566,842370077145102448,2,86,,,interpolated,-245.0,-462.0,-866.0
3.937390187,842370076710630645,842370077145102448,2,87,,,interpolated,-257.0,-465.0,-862.0
3.956280265,842370076729520723,842370077145102448,2,88,,,interpolated,-251.0,-469.0,-859.0
3.975170344,842370076748410802,842370077145102448,2,89,,,interpolated,-247.0,-477.0,-852.0
3.994060422,842370076767300880,842370077145102448,2,90,,,interpolated,-247.0,-487.0,-860.0
4.0129505,842370076786190958,842370077145102448,2,91,,,interpolated,-250.0,-511.0,-855.0
4.031840579,842370076805081037,842370077145102448,2,92,,,interpolated,-228.0,-496.0,-892.0
4.050730657,842370076823971115,842370077145102448,2,93,,,interpolated,-301.0,-512.0,-903.0
4.069620736,842370076842861194,842370077145102448,2,94,,,interpolated,-253.0,-487.0,-941.0
4.088510814,842370076861751272,842370077145102448,2,95,,,interpolated,-174.0,-463.0,-971.0
4.107400892,842370076880641350,842370077145102448,2,96,,,interpolated,-123.0,-458.0,-960.0
4.126290971,842370076899531429,842370077145102448,2,97,,,interpolated,-118.0,-454.0,-924.0
4.145181049,842370076918421507,842370077145102448,2,98,,,interpolated,-136.0,-448.0,-880.0
4.164071128,842370076937311586,842370077145102448,2,99,,,interpolated,-182.0,-444.0,-847.0
4.182961206,842370076956201664,842370077145102448,2,100,,,interpolated,-213.0,-436.0,-833.0
4.201851284,842370076975091742,842370077145102448,2,101,,,interpolated,-224.0,-443.0,-837.0
4.220741363,842370076993981821,842370077145102448,2,102,,,interpolated,-252.0,-433.0,-859.0
4.239631441,842370077012871899,842370077145102448,2,103,,,interpolated,-198.0,-456.0,-805.0
4.25852152,842370077031761978,842370077145102448,2,104,,,interpolated,-67.0,-506.0,-835.0
4.277411598,842370077050652056,842370077145102448,2,105,,,interpolated,1.0,-513.0,-877.0
4.296301676,842370077069542134,842370077145102448,2,106,,,interpolated,-7.0,-524.0,-877.0
4.315191755,842370077088432213,842370077145102448,2,107,,,interpolated,-68.0,-522.0,-852.0
4.334081833,842370077107322291,842370077145102448,2,108,,,interpolated,-76.0,-522.0,-841.0
4.352971912,842370077126212370,842370077145102448,2,109,,,interpolated,-71.0,-523.0,-851.0
4.37186199,842370077145102448,842370077145102448,2,110,,,interpolated,-74.0,-521.0,-845.0
4.390752004,842370077163992462,842370078750753610,3,0,,,interpolated,-74.0,-520.0,-841.0
4.409642017,842370077182882475,842370078750753610,3,1,,,interpolated,-81.0,-531.0,-832.0
4.428532031,842370077201772489,842370078750753610,3,2,,,interpolated,-66.0,-522.0,-841.0
4.447422045,842370077220662503,842370078750753610,3,3,,,interpolated,-79.0,-524.0,-837.0
4.466312058,842370077239552516,842370078750753610,3,4,,,interpolated,-75.0,-542.0,-844.0
4.485202072,842370077258442530,842370078750753610,3,5,,,interpolated,-86.0,-536.0,-868.0
4.504092086,842370077277332544,842370078750753610,3,6,,,interpolated,-99.0,-513.0,-890.0
4.522982099,842370077296222557,842370078750753610,3,7,,,interpolated,-118.0,-484.0,-911.0
4.541872113,842370077315112571,842370078750753610,3,8,,,interpolated,-138.0,-499.0,-920.0
4.560762127,842370077334002585,842370078750753610,3,9,,,interpolated,-148.0,-507.0,-945.0
4.57965214,842370077352892598,842370078750753610,3,10,,,interpolated,-154.0,-462.0,-951.0
4.598542154,842370077371782612,842370078750753610,3,11,,,interpolated,-174.0,-454.0,-939.0
4.617432168,842370077390672626,842370078750753610,3,12,,,interpolated,-205.0,-460.0,-931.0
4.636322181,842370077409562639,842370078750753610,3,13,,,interpolated,-242.0,-415.0,-921.0
4.655212195,842370077428452653,842370078750753610,3,14,,,interpolated,-276.0,-348.0,-877.0
4.674102209,842370077447342667,842370078750753610,3,15,,,interpolated,-293.0,-327.0,-807.0
4.692992222,842370077466232680,842370078750753610,3,16,,,interpolated,-278.0,-312.0,-785.0
4.711882236,842370077485122694,842370078750753610,3,17,,,interpolated,-291.0,-301.0,-782.0
4.73077225,842370077504012708,842370078750753610,3,18,,,interpolated,-299.0,-288.0,-776.0
4.749662263,842370077522902721,842370078750753610,3,19,,,interpolated,-331.0,-270.0,-747.0
4.768552277,842370077541792735,842370078750753610,3,20,,,interpolated,-369.0,-281.0,-729.0
4.787442291,842370077560682749,842370078750753610,3,21,,,interpolated,-334.0,-352.0,-763.0
4.806332304,842370077579572762,842370078750753610,3,22,,,interpolated,-226.0,-416.0,-820.0
4.825222318,842370077598462776,842370078750753610,3,23,,,interpolated,-57.0,-489.0,-874.0
4.844112332,842370077617352790,842370078750753610,3,24,,,interpolated,115.0,-519.0,-919.0
4.863002345,842370077636242803,842370078750753610,3,25,,,interpolated,181.0,-529.0,-947.0
4.881892359,842370077655132817,842370078750753610,3,26,,,interpolated,125.0,-520.0,-938.0
4.900782373,842370077674022831,842370078750753610,3,27,,,interpolated,6.0,-513.0,-945.0
4.919672386,842370077692912844,842370078750753610,3,28,,,interpolated,-123.0,-480.0,-939.0
4.9385624,842370077711802858,842370078750753610,3,29,,,interpolated,-179.0,-451.0,-961.0
4.957452414,842370077730692872,842370078750753610,3,30,,,interpolated,-150.0,-478.0,-952.0
4.976342427,842370077749582885,842370078750753610,3,31,,,interpolated,-83.0,-499.0,-961.0
4.995232441,842370077768472899,842370078750753610,3,32,,,interpolated,-54.0,-504.0,-949.0
5.014122455,842370077787362913,842370078750753610,3,33,,,interpolated,-51.0,-497.0,-884.0
5.033012468,842370077806252926,842370078750753610,3,34,,,interpolated,-55.0,-505.0,-857.0
5.051902482,842370077825142940,842370078750753610,3,35,,,interpolated,-57.0,-521.0,-839.0
5.070792496,842370077844032954,842370078750753610,3,36,,,interpolated,-25.0,-529.0,-815.0
5.089682509,842370077862922967,842370078750753610,3,37,,,interpolated,-11.0,-524.0,-809.0
5.108572523,842370077881812981,842370078750753610,3,38,,,interpolated,-26.0,-511.0,-810.0
5.127462537,842370077900702995,842370078750753610,3,39,,,interpolated,-56.0,-510.0,-803.0
5.14635255,842370077919593008,842370078750753610,3,40,,,interpolated,-81.0,-519.0,-798.0
5.165242564,842370077938483022,842370078750753610,3,41,,,interpolated,-77.0,-527.0,-807.0
5.184132578,842370077957373036,842370078750753610,3,42,,,interpolated,-75.0,-536.0,-822.0
5.203022592,842370077976263050,842370078750753610,3,43,,,interpolated,-78.0,-546.0,-826.0
5.221912605,842370077995153063,842370078750753610,3,44,,,interpolated,-85.0,-562.0,-831.0
5.240802619,842370078014043077,842370078750753610,3,45,,,interpolated,-80.0,-562.0,-832.0
5.259692633,842370078032933091,842370078750753610,3,46,,,interpolated,-100.0,-565.0,-844.0
5.278582646,842370078051823104,842370078750753610,3,47,,,interpolated,-130.0,-552.0,-862.0
5.29747266,842370078070713118,842370078750753610,3,48,,,interpolated,-138.0,-553.0,-864.0
5.316362674,842370078089603132,842370078750753610,3,49,,,interpolated,-140.0,-569.0,-861.0
5.335252687,842370078108493145,842370078750753610,3,50,,,interpolated,-123.0,-594.0,-883.0
5.354142701,842370078127383159,842370078750753610,3,51,,,interpolated,-136.0,-582.0,-883.0
5.373032715,842370078146273173,842370078750753610,3,52,,,interpolated,-150.0,-574.0,-864.0
5.391922728,842370078165163186,842370078750753610,3,53,,,interpolated,-158.0,-601.0,-851.0
5.410812742,842370078184053200,842370078750753610,3,54,,,interpolated,-161.0,-585.0,-838.0
5.429702756,842370078202943214,842370078750753610,3,55,,,interpolated,-156.0,-580.0,-833.0
5.448592769,842370078221833227,842370078750753610,3,56,,,interpolated,-145.0,-586.0,-826.0
5.467482783,842370078240723241,842370078750753610,3,57,,,interpolated,-134.0,-583.0,-815.0
5.486372797,842370078259613255,842370078750753610,3,58,,,interpolated,-187.0,-592.0,-791.0
5.50526281,842370078278503268,842370078750753610,3,59,,,interpolated,-256.0,-577.0,-775.0
5.524152824,842370078297393282,842370078750753610,3,60,,,interpolated,-287.0,-573.0,-777.0
5.543042838,842370078316283296,842370078750753610,3,61,,,interpolated,-331.0,-564.0,-801.0
5.561932851,842370078335173309,842370078750753610,3,62,,,interpolated,-380.0,-533.0,-816.0
5.580822865,842370078354063323,842370078750753610,3,63,,,interpolated,-389.0,-562.0,-875.0
5.599712879,842370078372953337,842370078750753610,3,64,,,interpolated,-440.0,-562.0,-909.0
5.618602892,842370078391843350,842370078750753610,3,65,,,interpolated,-501.0,-570.0,-939.0
5.637492906,842370078410733364,842370078750753610,3,66,,,interpolated,-497.0,-568.0,-965.0
5.65638292,842370078429623378,842370078750753610,3,67,,,interpolated,-534.0,-578.0,-995.0
5.675272933,842370078448513391,842370078750753610,3,68,,,interpolated,-506.0,-536.0,-1014.0
5.694162947,842370078467403405,842370078750753610,3,69,,,interpolated,-432.0,-490.0,-989.0
5.713052961,842370078486293419,842370078750753610,3,70,,,interpolated,-336.0,-475.0,-924.0
5.731942974,842370078505183432,842370078750753610,3,71,,,interpolated,-230.0,-479.0,-855.0
5.750832988,842370078524073446,842370078750753610,3,72,,,interpolated,-146.0,-501.0,-800.0
5.769723002,842370078542963460,842370078750753610,3,73,,,interpolated,-95.0,-510.0,-775.0
5.788613015,842370078561853473,842370078750753610,3,74,,,interpolated,-92.0,-528.0,-766.0
5.807503029,842370078580743487,842370078750753610,3,75,,,interpolated,-106.0,-530.0,-711.0
5.826393043,842370078599633501,842370078750753610,3,76,,,interpolated,-77.0,-531.0,-659.0
5.845283056,842370078618523514,842370078750753610,3,77,,,interpolated,-27.0,-533.0,-659.0
5.86417307,842370078637413528,842370078750753610,3,78,,,interpolated,14.0,-553.0,-684.0
5.883063084,842370078656303542,842370078750753610,3,79,,,interpolated,33.0,-564.0,-715.0
5.901953097,842370078675193555,842370078750753610,3,80,,,interpolated,-34.0,-555.0,-736.0
5.920843111,842370078694083569,842370078750753610,3,81,,,interpolated,-97.0,-539.0,-768.0
5.939733125,842370078712973583,842370078750753610,3,82,,,interpolated,-114.0,-536.0,-812.0
5.958623138,842370078731863596,842370078750753610,3,83,,,interpolated,-113.0,-519.0,-870.0
5.977513152,842370078750753610,842370078750753610,3,84,,,interpolated,-117.0,-514.0,-860.0
5.996403311,842370078769643769,842370080243076182,4,0,,,interpolated,-84.0,-548.0,-832.0
6.01529347,842370078788533928,842370080243076182,4,1,,,interpolated,-10.0,-556.0,-846.0
6.034183629,842370078807424087,842370080243076182,4,2,,,interpolated,72.0,-601.0,-872.0
6.053073789,842370078826314247,842370080243076182,4,3,,,interpolated,148.0,-622.0,-868.0
6.071963948,842370078845204406,842370080243076182,4,4,,,interpolated,132.0,-634.0,-802.0
6.090854107,842370078864094565,842370080243076182,4,5,,,interpolated,30.0,-605.0,-812.0
6.109744266,842370078882984724,842370080243076182,4,6,,,interpolated,-76.0,-578.0,-789.0
6.128634425,842370078901874883,842370080243076182,4,7,,,interpolated,-113.0,-533.0,-793.0
6.147524584,842370078920765042,842370080243076182,4,8,,,interpolated,-133.0,-494.0,-819.0
6.166414743,842370078939655201,842370080243076182,4,9,,,interpolated,-143.0,-502.0,-809.0
6.185304903,842370078958545361,842370080243076182,4,10,,,interpolated,-127.0,-515.0,-777.0
6.204195062,842370078977435520,842370080243076182,4,11,,,interpolated,-110.0,-547.0,-745.0
6.223085221,842370078996325679,842370080243076182,4,12,,,interpolated,-67.0,-575.0,-751.0
6.24197538,842370079015215838,842370080243076182,4,13,,,interpolated,-49.0,-581.0,-741.0
6.260865539,842370079034105997,842370080243076182,4,14,,,interpolated,-55.0,-595.0,-708.0
6.279755698,842370079052996156,842370080243076182,4,15,,,interpolated,-73.0,-593.0,-677.0
6.298645857,842370079071886315,842370080243076182,4,16,,,interpolated,-58.0,-604.0,-667.0
6.317536017,842370079090776475,842370080243076182,4,17,,,interpolated,-63.0,-589.0,-638.0
6.336426176,842370079109666634,842370080243076182,4,18,,,interpolated,-38.0,-624.0,-570.0
6.355316335,842370079128556793,842370080243076182,4,19,,,interpolated,49.0,-666.0,-505.0
6.374206494,842370079147446952,842370080243076182,4,20,,,interpolated,168.0,-709.0,-497.0
6.393096653,842370079166337111,842370080243076182,4,21,,,interpolated,313.0,-758.0,-514.0
6.411986812,842370079185227270,842370080243076182,4,22,,,interpolated,446.0,-794.0,-558.0
6.430876971,842370079204117429,842370080243076182,4,23,,,interpolated,511.0,-817.0,-619.0
6.44976713,842370079223007588,842370080243076182,4,24,,,interpolated,549.0,-813.0,-608.0
6.46865729,842370079241897748,842370080243076182,4,25,,,interpolated,610.0,-811.0,-611.0
6.487547449,842370079260787907,842370080243076182,4,26,,,interpolated,658.0,-816.0,-616.0
6.506437608,842370079279678066,842370080243076182,4,27,,,interpolated,641.0,-827.0,-614.0
6.525327767,842370079298568225,842370080243076182,4,28,,,interpolated,588.0,-847.0,-610.0
6.544217926,842370079317458384,842370080243076182,4,29,,,interpolated,503.0,-822.0,-577.0
6.563108085,842370079336348543,842370080243076182,4,30,,,interpolated,436.0,-786.0,-534.0
6.581998244,842370079355238702,842370080243076182,4,31,,,interpolated,390.0,-812.0,-493.0
6.600888404,842370079374128862,842370080243076182,4,32,,,interpolated,362.0,-823.0,-485.0
6.619778563,842370079393019021,842370080243076182,4,33,,,interpolated,321.0,-750.0,-511.0
6.638668722,842370079411909180,842370080243076182,4,34,,,interpolated,158.0,-693.0,-535.0
6.657558881,842370079430799339,842370080243076182,4,35,,,interpolated,-103.0,-702.0,-507.0
6.67644904,842370079449689498,842370080243076182,4,36,,,interpolated,-159.0,-672.0,-430.0
6.695339199,842370079468579657,842370080243076182,4,37,,,interpolated,-45.0,-657.0,-403.0
6.714229358,842370079487469816,842370080243076182,4,38,,,interpolated,149.0,-708.0,-371.0
6.733119518,842370079506359976,842370080243076182,4,39,,,interpolated,416.0,-704.0,-402.0
6.752009677,842370079525250135,842370080243076182,4,40,,,interpolated,619.0,-766.0,-446.0
6.770899836,842370079544140294,842370080243076182,4,41,,,interpolated,722.0,-840.0,-476.0
6.789789995,842370079563030453,842370080243076182,4,42,,,interpolated,716.0,-903.0,-476.0
6.808680154,842370079581920612,842370080243076182,4,43,,,interpolated,640.0,-875.0,-385.0
6.827570313,842370079600810771,842370080243076182,4,44,,,interpolated,547.0,-810.0,-336.0
6.846460472,842370079619700930,842370080243076182,4,45,,,interpolated,481.0,-773.0,-271.0
6.865350632,842370079638591090,842370080243076182,4,46,,,interpolated,452.0,-740.0,-252.0
6.884240791,842370079657481249,842370080243076182,4,47,,,interpolated,443.0,-723.0,-241.0
6.90313095,842370079676371408,842370080243076182,4,48,,,interpolated,448.0,-723.0,-218.0
6.922021109,842370079695261567,842370080243076182,4,49,,,interpolated,512.0,-730.0,-216.0
6.940911268,842370079714151726,842370080243076182,4,50,,,interpolated,557.0,-740.0,-245.0
6.959801427,842370079733041885,842370080243076182,4,51,,,interpolated,585.0,-771.0,-262.0
6.978691586,842370079751932044,842370080243076182,4,52,,,interpolated,584.0,-798.0,-252.0
6.997581746,842370079770822204,842370080243076182,4,53,,,interpolated,596.0,-802.0,-231.0
7.016471905,842370079789712363,842370080243076182,4,54,,,interpolated,626.0,-815.0,-229.0
7.035362064,842370079808602522,842370080243076182,4,55,,,interpolated,634.0,-829.0,-234.0
7.054252223,842370079827492681,842370080243076182,4,56,,,interpolated,611.0,-837.0,-232.0
7.073142382,842370079846382840,842370080243076182,4,57,,,interpolated,581.0,-826.0,-212.0
7.092032541,842370079865272999,842370080243076182,4,58,,,interpolated,626.0,-826.0,-236.0
7.1109227,842370079884163158,842370080243076182,4,59,,,interpolated,589.0,-809.0,-266.0
7.129812859,842370079903053317,842370080243076182,4,60,,,interpolated,579.0,-809.0,-241.0
7.148703019,842370079921943477,842370080243076182,4,61,,,interpolated,634.0,-848.0,-220.0
7.167593178,842370079940833636,842370080243076182,4,62,,,interpolated,678.0,-849.0,-225.0
7.186483337,842370079959723795,842370080243076182,4,63,,,interpolated,688.0,-821.0,-272.0
7.205373496,842370079978613954,842370080243076182,4,64,,,interpolated,671.0,-786.0,-275.0
7.224263655,842370079997504113,842370080243076182,4,65,,,interpolated,619.0,-759.0,-263.0
7.243153814,842370080016394272,842370080243076182,4,66,,,interpolated,603.0,-753.0,-253.0
7.262043973,842370080035284431,842370080243076182,4,67,,,interpolated,582.0,-752.0,-245.0
7.280934133,842370080054174591,842370080243076182,4,68,,,interpolated,577.0,-757.0,-217.0
7.299824292,842370080073064750,842370080243076182,4,69,,,interpolated,564.0,-723.0,-214.0
7.318714451,842370080091954909,842370080243076182,4,70,,,interpolated,572.0,-687.0,-219.0
7.33760461,842370080110845068,842370080243076182,4,71,,,interpolated,579.0,-664.0,-248.0
7.356494769,842370080129735227,842370080243076182,4,72,,,interpolated,582.0,-695.0,-265.0
7.375384928,842370080148625386,842370080243076182,4,73,,,interpolated,606.0,-715.0,-286.0
7.394275087,842370080167515545,842370080243076182,4,74,,,interpolated,621.0,-732.0,-295.0
7.413165247,842370080186405705,842370080243076182,4,75,,,interpolated,614.0,-741.0,-300.0
7.432055406,842370080205295864,842370080243076182,4,76,,,interpolated,590.0,-726.0,-287.0
7.450945565,842370080224186023,842370080243076182,4,77,,,interpolated,578.0,-714.0,-291.0
7.469835724,842370080243076182,842370080243076182,4,78,,,interpolated,590.0,-699.0,-295.0
7.488725764,842370080261966222,842370081678719196,5,0,,,interpolated,577.0,-665.0,-263.0
7.507615803,842370080280856261,842370081678719196,5,1,,,interpolated,599.0,-649.0,-220.0
7.526505843,842370080299746301,842370081678719196,5,2,,,interpolated,668.0,-612.0,-175.0
7.545395883,842370080318636341,842370081678719196,5,3,,,interpolated,764.0,-623.0,-120.0
7.564285922,842370080337526380,842370081678719196,5,4,,,interpolated,770.0,-654.0,-83.0
7.583175962,842370080356416420,842370081678719196,5,5,,,interpolated,771.0,-671.0,-47.0
7.602066002,842370080375306460,842370081678719196,5,6,,,interpolated,764.0,-630.0,7.0
7.620956041,842370080394196499,842370081678719196,5,7,,,interpolated,752.0,-578.0,42.0
7.639846081,842370080413086539,842370081678719196,5,8,,,interpolated,784.0,-562.0,56.0
7.658736121,842370080431976579,842370081678719196,5,9,,,interpolated,813.0,-643.0,27.0
7.67762616,842370080450866618,842370081678719196,5,10,,,interpolated,842.0,-883.0,96.0
7.6965162,842370080469756658,842370081678719196,5,11,,,interpolated,988.0,-1178.0,132.0
7.71540624,842370080488646698,842370081678719196,5,12,,,interpolated,1046.0,-1029.0,115.0
7.734296279,842370080507536737,842370081678719196,5,13,,,interpolated,871.0,-825.0,147.0
7.753186319,842370080526426777,842370081678719196,5,14,,,interpolated,741.0,-747.0,316.0
7.772076359,842370080545316817,842370081678719196,5,15,,,interpolated,728.0,-706.0,420.0
7.790966398,842370080564206856,842370081678719196,5,16,,,interpolated,802.0,-815.0,321.0
7.809856438,842370080583096896,842370081678719196,5,17,,,interpolated,948.0,-887.0,222.0
7.828746478,842370080601986936,842370081678719196,5,18,,,interpolated,1063.0,-918.0,208.0
7.847636517,842370080620876975,842370081678719196,5,19,,,interpolated,1127.0,-937.0,133.0
7.866526557,842370080639767015,842370081678719196,5,20,,,interpolated,1060.0,-905.0,22.0
7.885416596,842370080658657054,842370081678719196,5,21,,,interpolated,817.0,-817.0,-37.0
7.904306636,842370080677547094,842370081678719196,5,22,,,interpolated,538.0,-775.0,-17.0
7.923196676,842370080696437134,842370081678719196,5,23,,,interpolated,427.0,-638.0,26.0
7.942086715,842370080715327173,842370081678719196,5,24,,,interpolated,433.0,-545.0,2.0
7.960976755,842370080734217213,842370081678719196,5,25,,,interpolated,404.0,-484.0,18.0
7.979866795,842370080753107253,842370081678719196,5,26,,,interpolated,370.0,-463.0,42.0
7.998756834,842370080771997292,842370081678719196,5,27,,,interpolated,391.0,-442.0,53.0
8.017646874,842370080790887332,842370081678719196,5,28,,,interpolated,458.0,-388.0,14.0
8.036536914,842370080809777372,842370081678719196,5,29,,,interpolated,456.0,-349.0,-33.0
8.055426953,842370080828667411,842370081678719196,5,30,,,interpolated,409.0,-317.0,-30.0
8.074316993,842370080847557451,842370081678719196,5,31,,,interpolated,363.0,-372.0,13.0
8.093207033,842370080866447491,842370081678719196,5,32,,,interpolated,328.0,-470.0,51.0
8.112097072,842370080885337530,842370081678719196,5,33,,,interpolated,314.0,-522.0,41.0
8.130987112,842370080904227570,842370081678719196,5,34,,,interpolated,308.0,-574.0,32.0
8.149877152,842370080923117610,842370081678719196,5,35,,,interpolated,375.0,-550.0,68.0
8.168767191,842370080942007649,842370081678719196,5,36,,,interpolated,480.0,-531.0,58.0
8.187657231,842370080960897689,842370081678719196,5,37,,,interpolated,519.0,-536.0,50.0
8.206547271,842370080979787729,842370081678719196,5,38,,,interpolated,467.0,-565.0,57.0
8.22543731,842370080998677768,842370081678719196,5,39,,,interpolated,420.0,-604.0,95.0
8.24432735,842370081017567808,842370081678719196,5,40,,,interpolated,414.0,-640.0,101.0
8.26321739,842370081036457848,842370081678719196,5,41,,,interpolated,421.0,-682.0,95.0
8.282107429,842370081055347887,842370081678719196,5,42,,,interpolated,415.0,-722.0,73.0
8.300997469,842370081074237927,842370081678719196,5,43,,,interpolated,407.0,-785.0,70.0
8.319887509,842370081093127967,842370081678719196,5,44,,,interpolated,429.0,-844.0,33.0
8.338777548,842370081112018006,842370081678719196,5,45,,,interpolated,446.0,-876.0,-28.0
8.357667588,842370081130908046,842370081678719196,5,46,,,interpolated,449.0,-897.0,-60.0
8.376557628,842370081149798086,842370081678719196,5,47,,,interpolated,450.0,-912.0,-59.0
8.395447667,842370081168688125,842370081678719196,5,48,,,interpolated,449.0,-928.0,-39.0
8.414337707,842370081187578165,842370081678719196,5,49,,,interpolated,430.0,-860.0,-49.0
8.433227747,842370081206468205,842370081678719196,5,50,,,interpolated,434.0,-837.0,-49.0
8.452117786,842370081225358244,842370081678719196,5,51,,,interpolated,410.0,-834.0,-68.0
8.471007826,842370081244248284,842370081678719196,5,52,,,interpolated,381.0,-831.0,-61.0
8.489897866,842370081263138324,842370081678719196,5,53,,,interpolated,385.0,-836.0,-57.0
8.508787905,842370081282028363,842370081678719196,5,54,,,interpolated,365.0,-836.0,-60.0
8.527677945,842370081300918403,842370081678719196,5,55,,,interpolated,327.0,-856.0,-71.0
8.546567985,842370081319808443,842370081678719196,5,56,,,interpolated,299.0,-876.0,-70.0
8.565458024,842370081338698482,842370081678719196,5,57,,,interpolated,294.0,-919.0,-51.0
8.584348064,842370081357588522,842370081678719196,5,58,,,interpolated,292.0,-978.0,-52.0
8.603238103,842370081376478561,842370081678719196,5,59,,,interpolated,313.0,-1036.0,-73.0
8.622128143,842370081395368601,842370081678719196,5,60,,,interpolated,340.0,-1034.0,-89.0
8.641018183,842370081414258641,842370081678719196,5,61,,,interpolated,320.0,-1218.0,-61.0
8.659908222,842370081433148680,842370081678719196,5,62,,,interpolated,162.0,-1363.0,12.0
8.678798262,842370081452038720,842370081678719196,5,63,,,interpolated,6.0,-1616.0,77.0
8.697688302,842370081470928760,842370081678719196,5,64,,,interpolated,65.0,-1576.0,76.0
8.716578341,842370081489818799,842370081678719196,5,65,,,interpolated,270.0,-1475.0,-19.0
8.735468381,842370081508708839,842370081678719196,5,66,,,interpolated,367.0,-1225.0,-45.0
8.754358421,842370081527598879,842370081678719196,5,67,,,interpolated,297.0,-1111.0,38.0
8.77324846,842370081546488918,842370081678719196,5,68,,,interpolated,254.0,-1085.0,109.0
8.7921385,842370081565378958,842370081678719196,5,69,,,interpolated,292.0,-1053.0,124.0
8.81102854,842370081584268998,842370081678719196,5,70,,,interpolated,354.0,-988.0,104.0
8.829918579,842370081603159037,842370081678719196,5,71,,,interpolated,343.0,-930.0,70.0
8.848808619,842370081622049077,842370081678719196,5,72,,,interpolated,299.0,-851.0,25.0
8.867698659,842370081640939117,842370081678719196,5,73,,,interpolated,251.0,-775.0,-20.0
8.886588698,842370081659829156,842370081678719196,5,74,,,interpolated,219.0,-751.0,-39.0
8.905478738,842370081678719196,842370081678719196,5,75,,,interpolated,213.0,-716.0,-49.0
8.924368744,842370081697609202,842370083038799644,6,0,,,interpolated,204.0,-700.0,-42.0
8.94325875,842370081716499208,842370083038799644,6,1,,,interpolated,198.0,-688.0,-33.0
8.962148757,842370081735389215,842370083038799644,6,2,,,interpolated,194.0,-694.0,-43.0
8.981038763,842370081754279221,842370083038799644,6,3,,,interpolated,169.0,-717.0,-56.0
8.999928769,842370081773169227,842370083038799644,6,4,,,interpolated,132.0,-750.0,-79.0
9.018818775,842370081792059233,842370083038799644,6,5,,,interpolated,100.0,-810.0,-106.0
9.037708782,842370081810949240,842370083038799644,6,6,,,interpolated,73.0,-849.0,-125.0
9.056598788,842370081829839246,842370083038799644,6,7,,,interpolated,54.0,-875.0,-145.0
9.075488794,842370081848729252,842370083038799644,6,8,,,interpolated,60.0,-908.0,-161.0
9.0943788,842370081867619258,842370083038799644,6,9,,,interpolated,64.0,-965.0,-165.0
9.113268806,842370081886509264,842370083038799644,6,10,,,interpolated,72.0,-997.0,-178.0
9.132158813,842370081905399271,842370083038799644,6,11,,,interpolated,86.0,-1004.0,-181.0
9.151048819,842370081924289277,842370083038799644,6,12,,,interpolated,119.0,-1019.0,-181.0
9.169938825,842370081943179283,842370083038799644,6,13,,,interpolated,192.0,-1009.0,-168.0
9.188828831,842370081962069289,842370083038799644,6,14,,,interpolated,282.0,-985.0,-136.0
9.207718838,842370081980959296,842370083038799644,6,15,,,interpolated,371.0,-1063.0,-98.0
9.226608844,842370081999849302,842370083038799644,6,16,,,interpolated,391.0,-1345.0,-126.0
9.24549885,842370082018739308,842370083038799644,6,17,,,interpolated,375.0,-1246.0,-127.0
9.264388856,842370082037629314,842370083038799644,6,18,,,interpolated,440.0,-985.0,-216.0
9.283278862,842370082056519320,842370083038799644,6,19,,,interpolated,533.0,-877.0,-351.0
9.302168869,842370082075409327,842370083038799644,6,20,,,interpolated,497.0,-932.0,-323.0
9.321058875,842370082094299333,842370083038799644,6,21,,,interpolated,415.0,-1025.0,-144.0
9.339948881,842370082113189339,842370083038799644,6,22,,,interpolated,436.0,-1050.0,69.0
9.358838887,842370082132079345,842370083038799644,6,23,,,interpolated,446.0,-1093.0,109.0
9.377728894,842370082150969352,842370083038799644,6,24,,,interpolated,378.0,-1042.0,-7.0
9.3966189,842370082169859358,842370083038799644,6,25,,,interpolated,261.0,-953.0,-124.0
9.415508906,842370082188749364,842370083038799644,6,26,,,interpolated,87.0,-830.0,-160.0
9.434398912,842370082207639370,842370083038799644,6,27,,,interpolated,-60.0,-742.0,-155.0
9.453288918,842370082226529376,842370083038799644,6,28,,,interpolated,-144.0,-659.0,-154.0
9.472178925,842370082245419383,842370083038799644,6,29,,,interpolated,-178.0,-611.0,-170.0
9.491068931,842370082264309389,842370083038799644,6,30,,,interpolated,-173.0,-630.0,-173.0
9.509958937,842370082283199395,842370083038799644,6,31,,,interpolated,-148.0,-661.0,-173.0
9.528848943,842370082302089401,842370083038799644,6,32,,,interpolated,-114.0,-726.0,-186.0
9.54773895,842370082320979408,842370083038799644,6,33,,,interpolated,-67.0,-781.0,-223.0
9.566628956,842370082339869414,842370083038799644,6,34,,,interpolated,-34.0,-832.0,-295.0
9.585518962,842370082358759420,842370083038799644,6,35,,,interpolated,-21.0,-901.0,-360.0
9.604408968,842370082377649426,842370083038799644,6,36,,,interpolated,-53.0,-922.0,-425.0
9.623298974,842370082396539432,842370083038799644,6,37,,,interpolated,-95.0,-943.0,-483.0
9.642188981,842370082415429439,842370083038799644,6,38,,,interpolated,-109.0,-955.0,-526.0
9.661078987,842370082434319445,842370083038799644,6,39,,,interpolated,-67.0,-957.0,-536.0
9.679968993,842370082453209451,842370083038799644,6,40,,,interpolated,14.0,-976.0,-512.0
9.698858999,842370082472099457,842370083038799644,6,41,,,interpolated,103.0,-999.0,-461.0
9.717749006,842370082490989464,842370083038799644,6,42,,,interpolated,180.0,-1285.0,-364.0
9.736639012,842370082509879470,842370083038799644,6,43,,,interpolated,166.0,-1446.0,-252.0
9.755529018,842370082528769476,842370083038799644,6,44,,,interpolated,185.0,-1404.0,-195.0
9.774419024,842370082547659482,842370083038799644,6,45,,,interpolated,280.0,-1219.0,-223.0
9.79330903,842370082566549488,842370083038799644,6,46,,,interpolated,316.0,-995.0,-235.0
9.812199037,842370082585439495,842370083038799644,6,47,,,interpolated,325.0,-916.0,-237.0
9.831089043,842370082604329501,842370083038799644,6,48,,,interpolated,377.0,-976.0,-218.0
9.849979049,842370082623219507,842370083038799644,6,49,,,interpolated,485.0,-1115.0,-123.0
9.868869055,842370082642109513,842370083038799644,6,50,,,interpolated,608.0,-1177.0,-15.0
9.887759062,842370082660999520,842370083038799644,6,51,,,interpolated,668.0,-1156.0,10.0
9.906649068,842370082679889526,842370083038799644,6,52,,,interpolated,606.0,-1048.0,-55.0
9.925539074,842370082698779532,842370083038799644,6,53,,,interpolated,477.0,-920.0,-136.0
9.94442908,842370082717669538,842370083038799644,6,54,,,interpolated,331.0,-809.0,-179.0
9.963319086,842370082736559544,842370083038799644,6,55,,,interpolated,212.0,-737.0,-214.0
9.982209093,842370082755449551,842370083038799644,6,56,,,interpolated,120.0,-702.0,-215.0
10.001099099,842370082774339557,842370083038799644,6,57,,,interpolated,61.0,-699.0,-216.0
10.019989105,842370082793229563,842370083038799644,6,58,,,interpolated,43.0,-722.0,-224.0
10.038879111,842370082812119569,842370083038799644,6,59,,,interpolated,39.0,-789.0,-221.0
10.057769118,842370082831009576,842370083038799644,6,60,,,interpolated,39.0,-823.0,-225.0
10.076659124,842370082849899582,842370083038799644,6,61,,,interpolated,81.0,-863.0,-249.0
10.09554913,842370082868789588,842370083038799644,6,62,,,interpolated,105.0,-859.0,-279.0
10.114439136,842370082887679594,842370083038799644,6,63,,,interpolated,90.0,-859.0,-273.0
10.133329142,842370082906569600,842370083038799644,6,64,,,interpolated,58.0,-827.0,-262.0
10.152219149,842370082925459607,842370083038799644,6,65,,,interpolated,49.0,-820.0,-265.0
10.171109155,842370082944349613,842370083038799644,6,66,,,interpolated,48.0,-851.0,-257.0
10.189999161,842370082963239619,842370083038799644,6,67,,,interpolated,62.0,-922.0,-266.0
10.208889167,842370082982129625,842370083038799644,6,68,,,interpolated,95.0,-964.0,-282.0
10.227779174,842370083001019632,842370083038799644,6,69,,,interpolated,126.0,-974.0,-315.0
10.24666918,842370083019909638,842370083038799644,6,70,,,interpolated,173.0,-974.0,-359.0
10.265559186,842370083038799644,842370083038799644,6,71,,,interpolated,249.0,-1093.0,-414.0
10.284449392,842370083057689850,842370084361114066,7,0,,,interpolated,308.0,-1211.0,-456.0
10.303339598,842370083076580056,842370084361114066,7,1,,,interpolated,301.0,-1167.0,-519.0
10.322229804,842370083095470262,842370084361114066,7,2,,,interpolated,311.0,-963.0,-601.0
10.34112001,842370083114360468,842370084361114066,7,3,,,interpolated,392.0,-716.0,-635.0
10.360010216,842370083133250674,842370084361114066,7,4,,,interpolated,485.0,-607.0,-624.0
10.378900422,842370083152140880,842370084361114066,7,5,,,interpolated,537.0,-717.0,-522.0
10.397790628,842370083171031086,842370084361114066,7,6,,,interpolated,505.0,-897.0,-360.0
10.416680834,842370083189921292,842370084361114066,7,7,,,interpolated,455.0,-952.0,-254.0
10.43557104,842370083208811498,842370084361114066,7,8,,,interpolated,427.0,-952.0,-256.0
10.454461246,842370083227701704,842370084361114066,7,9,,,interpolated,442.0,-912.0,-279.0
10.473351452,842370083246591910,842370084361114066,7,10,,,interpolated,383.0,-826.0,-303.0
10.492241658,842370083265482116,842370084361114066,7,11,,,interpolated,238.0,-750.0,-297.0
10.511131864,842370083284372322,842370084361114066,7,12,,,interpolated,84.0,-706.0,-268.0
10.53002207,842370083303262528,842370084361114066,7,13,,,interpolated,-6.0,-665.0,-252.0
10.548912276,842370083322152734,842370084361114066,7,14,,,interpolated,-19.0,-661.0,-268.0
10.567802482,842370083341042940,842370084361114066,7,15,,,interpolated,10.0,-678.0,-271.0
10.586692688,842370083359933146,842370084361114066,7,16,,,interpolated,49.0,-712.0,-287.0
10.605582895,842370083378823353,842370084361114066,7,17,,,interpolated,87.0,-752.0,-312.0
10.624473101,842370083397713559,842370084361114066,7,18,,,interpolated,119.0,-801.0,-358.0
10.643363307,842370083416603765,842370084361114066,7,19,,,interpolated,150.0,-827.0,-405.0
10.662253513,842370083435493971,842370084361114066,7,20,,,interpolated,160.0,-812.0,-449.0
10.681143719,842370083454384177,842370084361114066,7,21,,,interpolated,147.0,-810.0,-464.0
10.700033925,842370083473274383,842370084361114066,7,22,,,interpolated,125.0,-786.0,-475.0
10.718924131,842370083492164589,842370084361114066,7,23,,,interpolated,108.0,-816.0,-473.0
10.737814337,842370083511054795,842370084361114066,7,24,,,interpolated,102.0,-864.0,-446.0
10.756704543,842370083529945001,842370084361114066,7,25,,,interpolated,157.0,-897.0,-402.0
10.775594749,842370083548835207,842370084361114066,7,26,,,interpolated,216.0,-965.0,-364.0
10.794484955,842370083567725413,842370084361114066,7,27,,,interpolated,212.0,-1269.0,-325.0
10.813375161,842370083586615619,842370084361114066,7,28,,,interpolated,206.0,-1416.0,-254.0
10.832265367,842370083605505825,842370084361114066,7,29,,,interpolated,294.0,-1343.0,-223.0
10.851155573,842370083624396031,842370084361114066,7,30,,,interpolated,371.0,-1124.0,-257.0
10.870045779,842370083643286237,842370084361114066,7,31,,,interpolated,350.0,-899.0,-300.0
10.888935985,842370083662176443,842370084361114066,7,32,,,interpolated,323.0,-880.0,-307.0
10.907826191,842370083681066649,842370084361114066,7,33,,,interpolated,350.0,-1011.0,-264.0
10.926716397,842370083699956855,842370084361114066,7,34,,,interpolated,418.0,-1154.0,-212.0
10.945606603,842370083718847061,842370084361114066,7,35,,,interpolated,501.0,-1227.0,-136.0
10.964496809,842370083737737267,842370084361114066,7,36,,,interpolated,521.0,-1175.0,-108.0
10.983387015,842370083756627473,842370084361114066,7,37,,,interpolated,487.0,-1039.0,-154.0
11.002277221,842370083775517679,842370084361114066,7,38,,,interpolated,395.0,-898.0,-223.0
11.021167427,842370083794407885,842370084361114066,7,39,,,interpolated,291.0,-783.0,-267.0
11.040057633,842370083813298091,842370084361114066,7,40,,,interpolated,202.0,-697.0,-275.0
11.058947839,842370083832188297,842370084361114066,7,41,,,interpolated,130.0,-657.0,-282.0
11.077838045,842370083851078503,842370084361114066,7,42,,,interpolated,78.0,-654.0,-266.0
11.096728251,842370083869968709,842370084361114066,7,43,,,interpolated,61.0,-686.0,-256.0
11.115618457,842370083888858915,842370084361114066,7,44,,,interpolated,65.0,-747.0,-238.0
11.134508663,842370083907749121,842370084361114066,7,45,,,interpolated,74.0,-788.0,-227.0
11.153398869,842370083926639327,842370084361114066,7,46,,,interpolated,89.0,-849.0,-234.0
11.172289075,842370083945529533,842370084361114066,7,47,,,interpolated,97.0,-847.0,-235.0
11.191179281,842370083964419739,842370084361114066,7,48,,,interpolated,93.0,-829.0,-259.0
11.210069487,842370083983309945,842370084361114066,7,49,,,interpolated,73.0,-819.0,-269.0
11.228959693,842370084002200151,842370084361114066,7,50,,,interpolated,62.0,-816.0,-284.0
11.247849899,842370084021090357,842370084361114066,7,51,,,interpolated,64.0,-873.0,-294.0
11.266740106,842370084039980564,842370084361114066,7,52,,,interpolated,96.0,-930.0,-314.0
11.285630312,842370084058870770,842370084361114066,7,53,,,interpolated,165.0,-965.0,-358.0
11.304520518,842370084077760976,842370084361114066,7,54,,,interpolated,221.0,-981.0,-418.0
11.323410724,842370084096651182,842370084361114066,7,55,,,interpolated,271.0,-1043.0,-464.0
11.34230093,842370084115541388,842370084361114066,7,56,,,interpolated,291.0,-1237.0,-493.0
11.361191136,842370084134431594,842370084361114066,7,57,,,interpolated,247.0,-1261.0,-530.0
11.380081342,842370084153321800,842370084361114066,7,58,,,interpolated,237.0,-1078.0,-617.0
11.398971548,842370084172212006,842370084361114066,7,59,,,interpolated,336.0,-911.0,-685.0
11.417861754,842370084191102212,842370084361114066,7,60,,,interpolated,446.0,-759.0,-672.0
11.43675196,842370084209992418,842370084361114066,7,61,,,interpolated,525.0,-634.0,-576.0
11.455642166,842370084228882624,842370084361114066,7,62,,,interpolated,601.0,-698.0,-394.0
11.474532372,842370084247772830,842370084361114066,7,63,,,interpolated,635.0,-794.0,-229.0
11.493422578,842370084266663036,842370084361114066,7,64,,,interpolated,649.0,-864.0,-172.0
11.512312784,842370084285553242,842370084361114066,7,65,,,interpolated,628.0,-868.0,-165.0
11.53120299,842370084304443448,842370084361114066,7,66,,,interpolated,547.0,-838.0,-201.0
11.550093196,842370084323333654,842370084361114066,7,67,,,interpolated,394.0,-785.0,-244.0
11.568983402,842370084342223860,842370084361114066,7,68,,,interpolated,221.0,-720.0,-260.0
11.587873608,842370084361114066,842370084361114066,7,69,,,interpolated,68.0,-668.0,-264.0
11.606763741,842370084380004199,842370085721203668,8,0,,,interpolated,-20.0,-639.0,-275.0
11.625653875,842370084398894333,842370085721203668,8,1,,,interpolated,-60.0,-631.0,-299.0
11.644544008,842370084417784466,842370085721203668,8,2,,,interpolated,-55.0,-650.0,-327.0
11.663434141,842370084436674599,842370085721203668,8,3,,,interpolated,-25.0,-667.0,-363.0
11.682324275,842370084455564733,842370085721203668,8,4,,,interpolated,7.0,-716.0,-390.0
11.701214408,842370084474454866,842370085721203668,8,5,,,interpolated,31.0,-754.0,-430.0
11.720104542,842370084493345000,842370085721203668,8,6,,,interpolated,48.0,-773.0,-464.0
11.738994675,842370084512235133,842370085721203668,8,7,,,interpolated,54.0,-789.0,-493.0
11.757884808,842370084531125266,842370085721203668,8,8,,,interpolated,67.0,-774.0,-517.0
11.776774942,842370084550015400,842370085721203668,8,9,,,interpolated,66.0,-779.0,-534.0
11.795665075,842370084568905533,842370085721203668,8,10,,,interpolated,57.0,-804.0,-532.0
11.814555208,842370084587795666,842370085721203668,8,11,,,interpolated,84.0,-859.0,-516.0
11.833445342,842370084606685800,842370085721203668,8,12,,,interpolated,141.0,-899.0,-463.0
11.852335475,842370084625575933,842370085721203668,8,13,,,interpolated,203.0,-1022.0,-409.0
11.871225608,842370084644466066,842370085721203668,8,14,,,interpolated,224.0,-1401.0,-328.0
11.890115742,842370084663356200,842370085721203668,8,15,,,interpolated,264.0,-1487.0,-251.0
11.909005875,842370084682246333,842370085721203668,8,16,,,interpolated,396.0,-1403.0,-230.0
11.927896009,842370084701136467,842370085721203668,8,17,,,interpolated,491.0,-1157.0,-248.0
11.946786142,842370084720026600,842370085721203668,8,18,,,interpolated,495.0,-918.0,-276.0
11.965676275,842370084738916733,842370085721203668,8,19,,,interpolated,461.0,-861.0,-256.0
11.984566409,842370084757806867,842370085721203668,8,20,,,interpolated,428.0,-984.0,-194.0
12.003456542,842370084776697000,842370085721203668,8,21,,,interpolated,440.0,-1097.0,-128.0
12.022346675,842370084795587133,842370085721203668,8,22,,,interpolated,480.0,-1161.0,-72.0
12.041236809,842370084814477267,842370085721203668,8,23,,,interpolated,488.0,-1121.0,-69.0
12.060126942,842370084833367400,842370085721203668,8,24,,,interpolated,448.0,-1025.0,-125.0
12.079017075,842370084852257533,842370085721203668,8,25,,,interpolated,365.0,-909.0,-202.0
12.097907209,842370084871147667,842370085721203668,8,26,,,interpolated,285.0,-793.0,-251.0
12.116797342,842370084890037800,842370085721203668,8,27,,,interpolated,223.0,-721.0,-274.0
12.135687475,842370084908927933,842370085721203668,8,28,,,interpolated,176.0,-691.0,-273.0
12.154577609,842370084927818067,842370085721203668,8,29,,,interpolated,137.0,-702.0,-250.0
12.173467742,842370084946708200,842370085721203668,8,30,,,interpolated,129.0,-728.0,-213.0
12.192357876,842370084965598334,842370085721203668,8,31,,,interpolated,140.0,-775.0,-186.0
12.211248009,842370084984488467,842370085721203668,8,32,,,interpolated,149.0,-826.0,-195.0
12.230138142,842370085003378600,842370085721203668,8,33,,,interpolated,149.0,-844.0,-228.0
12.249028276,842370085022268734,842370085721203668,8,34,,,interpolated,109.0,-869.0,-255.0
12.267918409,842370085041158867,842370085721203668,8,35,,,interpolated,60.0,-878.0,-271.0
12.286808542,842370085060049000,842370085721203668,8,36,,,interpolated,46.0,-866.0,-290.0
12.305698676,842370085078939134,842370085721203668,8,37,,,interpolated,43.0,-856.0,-299.0
12.324588809,842370085097829267,842370085721203668,8,38,,,interpolated,45.0,-861.0,-297.0
12.343478942,842370085116719400,842370085721203668,8,39,,,interpolated,60.0,-891.0,-278.0
12.362369076,842370085135609534,842370085721203668,8,40,,,interpolated,88.0,-953.0,-296.0
12.381259209,842370085154499667,842370085721203668,8,41,,,interpolated,129.0,-969.0,-325.0
12.400149343,842370085173389801,842370085721203668,8,42,,,interpolated,177.0,-963.0,-322.0
12.419039476,842370085192279934,842370085721203668,8,43,,,interpolated,229.0,-967.0,-285.0
12.437929609,842370085211170067,842370085721203668,8,44,,,interpolated,291.0,-1182.0,-266.0
12.456819743,842370085230060201,842370085721203668,8,45,,,interpolated,312.0,-1231.0,-297.0
12.475709876,842370085248950334,842370085721203668,8,46,,,interpolated,402.0,-1141.0,-396.0
12.494600009,842370085267840467,842370085721203668,8,47,,,interpolated,539.0,-997.0,-500.0
12.513490143,842370085286730601,842370085721203668,8,48,,,interpolated,664.0,-835.0,-572.0
12.532380276,842370085305620734,842370085721203668,8,49,,,interpolated,719.0,-744.0,-468.0
12.551270409,842370085324510867,842370085721203668,8,50,,,interpolated,731.0,-799.0,-216.0
12.570160543,842370085343401001,842370085721203668,8,51,,,interpolated,698.0,-859.0,-40.0
12.589050676,842370085362291134,842370085721203668,8,52,,,interpolated,667.0,-892.0,-5.0
12.60794081,842370085381181268,842370085721203668,8,53,,,interpolated,593.0,-917.0,-55.0
12.626830943,842370085400071401,842370085721203668,8,54,,,interpolated,451.0,-879.0,-116.0
12.645721076,842370085418961534,842370085721203668,8,55,,,interpolated,290.0,-815.0,-151.0
12.66461121,842370085437851668,842370085721203668,8,56,,,interpolated,146.0,-738.0,-169.0
12.683501343,842370085456741801,842370085721203668,8,57,,,interpolated,57.0,-668.0,-188.0
12.702391476,842370085475631934,842370085721203668,8,58,,,interpolated,0.0,-643.0,-193.0
12.72128161,842370085494522068,842370085721203668,8,59,,,interpolated,-20.0,-636.0,-202.0
12.740171743,842370085513412201,842370085721203668,8,60,,,interpolated,-21.0,-660.0,-217.0
12.759061876,842370085532302334,842370085721203668,8,61,,,interpolated,-19.0,-687.0,-239.0
12.77795201,842370085551192468,842370085721203668,8,62,,,interpolated,-34.0,-743.0,-280.0
12.796842143,842370085570082601,842370085721203668,8,63,,,interpolated,-44.0,-806.0,-321.0
12.815732276,842370085588972734,842370085721203668,8,64,,,interpolated,-29.0,-833.0,-374.0
12.83462241,842370085607862868,842370085721203668,8,65,,,interpolated,-4.0,-841.0,-402.0
12.853512543,842370085626753001,842370085721203668,8,66,,,interpolated,24.0,-824.0,-418.0
12.872402677,842370085645643135,842370085721203668,8,67,,,interpolated,49.0,-835.0,-458.0
12.89129281,842370085664533268,842370085721203668,8,68,,,interpolated,64.0,-862.0,-503.0
12.910182943,842370085683423401,842370085721203668,8,69,,,interpolated,90.0,-893.0,-537.0
12.929073077,842370085702313535,842370085721203668,8,70,,,interpolated,119.0,-930.0,-514.0
12.94796321,842370085721203668,842370085721203668,8,71,,,interpolated,137.0,-962.0,-458.0
12.966852541,842370085740092999,842370087062346166,9,0,,,interpolated,119.0,-1210.0,-380.0
12.985741872,842370085758982330,842370087062346166,9,1,,,interpolated,87.0,-1443.0,-274.0
13.004631203,842370085777871661,842370087062346166,9,2,,,interpolated,141.0,-1481.0,-191.0
13.023520534,842370085796760992,842370087062346166,9,3,,,interpolated,305.0,-1359.0,-179.0
13.042409865,842370085815650323,842370087062346166,9,4,,,interpolated,399.0,-1150.0,-278.0
13.061299196,842370085834539654,842370087062346166,9,5,,,interpolated,365.0,-917.0,-336.0
13.080188527,842370085853428985,842370087062346166,9,6,,,interpolated,307.0,-900.0,-292.0
13.099077858,842370085872318316,842370087062346166,9,7,,,interpolated,249.0,-1001.0,-222.0
13.117967189,842370085891207647,842370087062346166,9,8,,,interpolated,269.0,-1094.0,-128.0
13.13685652,842370085910096978,842370087062346166,9,9,,,interpolated,348.0,-1118.0,-41.0
13.155745851,842370085928986309,842370087062346166,9,10,,,interpolated,375.0,-1110.0,-35.0
13.174635181,842370085947875639,842370087062346166,9,11,,,interpolated,353.0,-1063.0,-88.0
13.193524512,842370085966764970,842370087062346166,9,12,,,interpolated,288.0,-991.0,-170.0
13.212413843,842370085985654301,842370087062346166,9,13,,,interpolated,220.0,-911.0,-201.0
13.231303174,842370086004543632,842370087062346166,9,14,,,interpolated,152.0,-838.0,-226.0
13.250192505,842370086023432963,842370087062346166,9,15,,,interpolated,108.0,-793.0,-231.0
13.269081836,842370086042322294,842370087062346166,9,16,,,interpolated,68.0,-809.0,-209.0
13.287971167,842370086061211625,842370087062346166,9,17,,,interpolated,78.0,-796.0,-185.0
13.306860498,842370086080100956,842370087062346166,9,18,,,interpolated,100.0,-794.0,-188.0
13.325749829,842370086098990287,842370087062346166,9,19,,,interpolated,109.0,-813.0,-183.0
13.34463916,842370086117879618,842370087062346166,9,20,,,interpolated,106.0,-832.0,-196.0
13.363528491,842370086136768949,842370087062346166,9,21,,,interpolated,91.0,-873.0,-202.0
13.382417822,842370086155658280,842370087062346166,9,22,,,interpolated,76.0,-892.0,-210.0
13.401307153,842370086174547611,842370087062346166,9,23,,,interpolated,70.0,-884.0,-229.0
13.420196484,842370086193436942,842370087062346166,9,24,,,interpolated,61.0,-881.0,-235.0
13.439085815,842370086212326273,842370087062346166,9,25,,,interpolated,56.0,-857.0,-230.0
13.457975146,842370086231215604,842370087062346166,9,26,,,interpolated,68.0,-893.0,-224.0
13.476864477,842370086250104935,842370087062346166,9,27,,,interpolated,97.0,-935.0,-225.0
13.495753808,842370086268994266,842370087062346166,9,28,,,interpolated,135.0,-988.0,-250.0
13.514643139,842370086287883597,842370087062346166,9,29,,,interpolated,184.0,-1005.0,-278.0
13.53353247,842370086306772928,842370087062346166,9,30,,,interpolated,213.0,-1026.0,-310.0
13.552421801,842370086325662259,842370087062346166,9,31,,,interpolated,222.0,-1204.0,-363.0
13.571311132,842370086344551590,842370087062346166,9,32,,,interpolated,158.0,-1266.0,-399.0
13.590200463,842370086363440921,842370087062346166,9,33,,,interpolated,142.0,-1236.0,-490.0
13.609089794,842370086382330252,842370087062346166,9,34,,,interpolated,182.0,-1093.0,-561.0
13.627979124,842370086401219582,842370087062346166,9,35,,,interpolated,246.0,-919.0,-600.0
13.646868455,842370086420108913,842370087062346166,9,36,,,interpolated,343.0,-753.0,-555.0
13.665757786,842370086438998244,842370087062346166,9,37,,,interpolated,413.0,-714.0,-430.0
13.684647117,842370086457887575,842370087062346166,9,38,,,interpolated,451.0,-750.0,-265.0
13.703536448,842370086476776906,842370087062346166,9,39,,,interpolated,489.0,-807.0,-163.0
13.722425779,842370086495666237,842370087062346166,9,40,,,interpolated,491.0,-848.0,-125.0
13.74131511,842370086514555568,842370087062346166,9,41,,,interpolated,437.0,-881.0,-156.0
13.760204441,842370086533444899,842370087062346166,9,42,,,interpolated,333.0,-886.0,-194.0
13.779093772,842370086552334230,842370087062346166,9,43,,,interpolated,192.0,-846.0,-224.0
13.797983103,842370086571223561,842370087062346166,9,44,,,interpolated,46.0,-794.0,-246.0
13.816872434,842370086590112892,842370087062346166,9,45,,,interpolated,-70.0,-747.0,-275.0
13.835761765,842370086609002223,842370087062346166,9,46,,,interpolated,-146.0,-720.0,-301.0
13.854651096,842370086627891554,842370087062346166,9,47,,,interpolated,-188.0,-722.0,-325.0
13.873540427,842370086646780885,842370087062346166,9,48,,,interpolated,-203.0,-741.0,-357.0
13.892429758,842370086665670216,842370087062346166,9,49,,,interpolated,-168.0,-751.0,-395.0
13.911319089,842370086684559547,842370087062346166,9,50,,,interpolated,-130.0,-763.0,-435.0
13.93020842,842370086703448878,842370087062346166,9,51,,,interpolated,-84.0,-790.0,-464.0
13.949097751,842370086722338209,842370087062346166,9,52,,,interpolated,-43.0,-813.0,-487.0
13.967987082,842370086741227540,842370087062346166,9,53,,,interpolated,-11.0,-824.0,-491.0
13.986876413,842370086760116871,842370087062346166,9,54,,,interpolated,15.0,-819.0,-481.0
14.005765744,842370086779006202,842370087062346166,9,55,,,interpolated,36.0,-820.0,-454.0
14.024655075,842370086797895533,842370087062346166,9,56,,,interpolated,21.0,-823.0,-439.0
14.043544406,842370086816784864,842370087062346166,9,57,,,interpolated,0.0,-860.0,-472.0
14.062433737,842370086835674195,842370087062346166,9,58,,,interpolated,22.0,-915.0,-471.0
14.081323067,842370086854563525,842370087062346166,9,59,,,interpolated,39.0,-948.0,-440.0
14.100212398,842370086873452856,842370087062346166,9,60,,,interpolated,43.0,-959.0,-434.0
14.119101729,842370086892342187,842370087062346166,9,61,,,interpolated,21.0,-1107.0,-485.0
14.13799106,842370086911231518,842370087062346166,9,62,,,interpolated,-33.0,-1364.0,-519.0
14.156880391,842370086930120849,842370087062346166,9,63,,,interpolated,-48.0,-1324.0,-571.0
14.175769722,842370086949010180,842370087062346166,9,64,,,interpolated,-46.0,-1165.0,-555.0
14.194659053,842370086967899511,842370087062346166,9,65,,,interpolated,-74.0,-947.0,-486.0
14.213548384,842370086986788842,842370087062346166,9,66,,,interpolated,-134.0,-835.0,-504.0
14.232437715,842370087005678173,842370087062346166,9,67,,,interpolated,-187.0,-911.0,-546.0
14.251327046,842370087024567504,842370087062346166,9,68,,,interpolated,-244.0,-1078.0,-566.0
14.270216377,842370087043456835,842370087062346166,9,69,,,interpolated,-217.0,-1183.0,-558.0
14.289105708,842370087062346166,842370087062346166,9,70,,,interpolated,-155.0,-1207.0,-566.0
14.307996452,842370087081236910,842370088479151950,10,0,,,interpolated,-94.0,-1185.0,-555.0
14.326887196,842370087100127654,842370088479151950,10,1,,,interpolated,-98.0,-1130.0,-546.0
14.345777939,842370087119018397,842370088479151950,10,2,,,interpolated,-124.0,-1049.0,-517.0
14.364668683,842370087137909141,842370088479151950,10,3,,,interpolated,-172.0,-942.0,-514.0
14.383559427,842370087156799885,842370088479151950,10,4,,,interpolated,-228.0,-837.0,-550.0
14.402450171,842370087175690629,842370088479151950,10,5,,,interpolated,-245.0,-796.0,-580.0
14.421340915,842370087194581373,842370088479151950,10,6,,,interpolated,-283.0,-753.0,-569.0
14.440231658,842370087213472116,842370088479151950,10,7,,,interpolated,-335.0,-699.0,-539.0
14.459122402,842370087232362860,842370088479151950,10,8,,,interpolated,-425.0,-646.0,-568.0
14.478013146,842370087251253604,842370088479151950,10,9,,,interpolated,-475.0,-671.0,-595.0
14.49690389,842370087270144348,842370088479151950,10,10,,,interpolated,-513.0,-701.0,-593.0
14.515794633,842370087289035091,842370088479151950,10,11,,,interpolated,-522.0,-642.0,-621.0
14.534685377,842370087307925835,842370088479151950,10,12,,,interpolated,-528.0,-612.0,-666.0
14.553576121,842370087326816579,842370088479151950,10,13,,,interpolated,-555.0,-589.0,-695.0
14.572466865,842370087345707323,842370088479151950,10,14,,,interpolated,-572.0,-503.0,-716.0
14.591357609,842370087364598067,842370088479151950,10,15,,,interpolated,-589.0,-457.0,-739.0
14.610248352,842370087383488810,842370088479151950,10,16,,,interpolated,-622.0,-415.0,-722.0
14.629139096,842370087402379554,842370088479151950,10,17,,,interpolated,-651.0,-378.0,-703.0
14.64802984,842370087421270298,842370088479151950,10,18,,,interpolated,-666.0,-361.0,-713.0
14.666920584,842370087440161042,842370088479151950,10,19,,,interpolated,-662.0,-332.0,-752.0
14.685811328,842370087459051786,842370088479151950,10,20,,,interpolated,-693.0,-267.0,-778.0
14.704702071,842370087477942529,842370088479151950,10,21,,,interpolated,-723.0,-185.0,-799.0
14.723592815,842370087496833273,842370088479151950,10,22,,,interpolated,-749.0,-138.0,-815.0
14.742483559,842370087515724017,842370088479151950,10,23,,,interpolated,-715.0,-147.0,-863.0
14.761374303,842370087534614761,842370088479151950,10,24,,,interpolated,-687.0,-171.0,-885.0
14.780265046,842370087553505504,842370088479151950,10,25,,,interpolated,-744.0,-8.0,-955.0
14.79915579,842370087572396248,842370088479151950,10,26,,,interpolated,-774.0,101.0,-959.0
14.818046534,842370087591286992,842370088479151950,10,27,,,interpolated,-770.0,183.0,-941.0
14.836937278,842370087610177736,842370088479151950,10,28,,,interpolated,-727.0,106.0,-902.0
14.855828022,842370087629068480,842370088479151950,10,29,,,interpolated,-698.0,-43.0,-865.0
14.874718765,842370087647959223,842370088479151950,10,30,,,interpolated,-676.0,-81.0,-832.0
14.893609509,842370087666849967,842370088479151950,10,31,,,interpolated,-647.0,-44.0,-802.0
14.912500253,842370087685740711,842370088479151950,10,32,,,interpolated,-610.0,47.0,-767.0
14.931390997,842370087704631455,842370088479151950,10,33,,,interpolated,-545.0,158.0,-807.0
14.950281741,842370087723522199,842370088479151950,10,34,,,interpolated,-487.0,266.0,-808.0
14.969172484,842370087742412942,842370088479151950,10,35,,,interpolated,-455.0,311.0,-803.0
14.988063228,842370087761303686,842370088479151950,10,36,,,interpolated,-437.0,365.0,-788.0
15.006953972,842370087780194430,842370088479151950,10,37,,,interpolated,-437.0,388.0,-805.0
15.025844716,842370087799085174,842370088479151950,10,38,,,interpolated,-475.0,413.0,-811.0
15.044735459,842370087817975917,842370088479151950,10,39,,,interpolated,-507.0,460.0,-745.0
15.063626203,842370087836866661,842370088479151950,10,40,,,interpolated,-479.0,496.0,-670.0
15.082516947,842370087855757405,842370088479151950,10,41,,,interpolated,-450.0,511.0,-639.0
15.101407691,842370087874648149,842370088479151950,10,42,,,interpolated,-455.0,542.0,-628.0
15.120298435,842370087893538893,842370088479151950,10,43,,,interpolated,-444.0,593.0,-574.0
15.139189178,842370087912429636,842370088479151950,10,44,,,interpolated,-425.0,603.0,-582.0
15.158079922,842370087931320380,842370088479151950,10,45,,,interpolated,-421.0,617.0,-619.0
15.176970666,842370087950211124,842370088479151950,10,46,,,interpolated,-378.0,642.0,-686.0
15.19586141,842370087969101868,842370088479151950,10,47,,,interpolated,-356.0,649.0,-610.0
15.214752154,842370087987992612,842370088479151950,10,48,,,interpolated,-378.0,681.0,-574.0
15.233642897,842370088006883355,842370088479151950,10,49,,,interpolated,-370.0,715.0,-642.0
15.252533641,842370088025774099,842370088479151950,10,50,,,interpolated,-344.0,754.0,-586.0
15.271424385,842370088044664843,842370088479151950,10,51,,,interpolated,-320.0,811.0,-533.0
15.290315129,842370088063555587,842370088479151950,10,52,,,interpolated,-343.0,852.0,-544.0
15.309205872,842370088082446330,842370088479151950,10,53,,,interpolated,-354.0,892.0,-469.0
15.328096616,842370088101337074,842370088479151950,10,54,,,interpolated,-272.0,885.0,-467.0
15.34698736,842370088120227818,842370088479151950,10,55,,,interpolated,-240.0,869.0,-573.0
15.365878104,842370088139118562,842370088479151950,10,56,,,interpolated,-290.0,866.0,-558.0
15.384768848,842370088158009306,842370088479151950,10,57,,,interpolated,-309.0,863.0,-494.0
15.403659591,842370088176900049,842370088479151950,10,58,,,interpolated,-255.0,807.0,-503.0
15.422550335,842370088195790793,842370088479151950,10,59,,,interpolated,-212.0,803.0,-458.0
15.441441079,842370088214681537,842370088479151950,10,60,,,interpolated,-205.0,798.0,-415.0
15.460331823,842370088233572281,842370088479151950,10,61,,,interpolated,-155.0,765.0,-332.0
15.479222567,842370088252463025,842370088479151950,10,62,,,interpolated,-27.0,740.0,-336.0
15.49811331,842370088271353768,842370088479151950,10,63,,,interpolated,-44.0,755.0,-303.0
15.517004054,842370088290244512,842370088479151950,10,64,,,interpolated,-64.0,739.0,-464.0
15.535894798,842370088309135256,842370088479151950,10,65,,,interpolated,-106.0,767.0,-632.0
15.554785542,842370088328026000,842370088479151950,10,66,,,interpolated,-208.0,807.0,-626.0
15.573676285,842370088346916743,842370088479151950,10,67,,,interpolated,-352.0,813.0,-587.0
15.592567029,842370088365807487,842370088479151950,10,68,,,interpolated,-436.0,889.0,-554.0
15.611457773,842370088384698231,842370088479151950,10,69,,,interpolated,-387.0,923.0,-511.0
15.630348517,842370088403588975,842370088479151950,10,70,,,interpolated,-268.0,929.0,-468.0
15.649239261,842370088422479719,842370088479151950,10,71,,,interpolated,-234.0,951.0,-475.0
15.668130004,842370088441370462,842370088479151950,10,72,,,interpolated,-266.0,969.0,-484.0
15.687020748,842370088460261206,842370088479151950,10,73,,,interpolated,-351.0,970.0,-484.0
15.705911492,842370088479151950,842370088479151950,10,74,,,interpolated,-392.0,986.0,-414.0
15.72480155,842370088498042008,842370090009246648,11,0,,,interpolated,-361.0,925.0,-379.0
15.743691608,842370088516932066,842370090009246648,11,1,,,interpolated,-280.0,893.0,-326.0
15.762581666,842370088535822124,842370090009246648,11,2,,,interpolated,-235.0,907.0,-332.0
15.781471724,842370088554712182,842370090009246648,11,3,,,interpolated,-287.0,913.0,-278.0
15.800361782,842370088573602240,842370090009246648,11,4,,,interpolated,-318.0,905.0,-226.0
15.81925184,842370088592492298,842370090009246648,11,5,,,interpolated,-268.0,904.0,-217.0
15.838141898,842370088611382356,842370090009246648,11,6,,,interpolated,-190.0,925.0,-229.0
15.857031956,842370088630272414,842370090009246648,11,7,,,interpolated,-205.0,961.0,-269.0
15.875922014,842370088649162472,842370090009246648,11,8,,,interpolated,-295.0,934.0,-316.0
15.894812072,842370088668052530,842370090009246648,11,9,,,interpolated,-380.0,946.0,-351.0
15.91370213,842370088686942588,842370090009246648,11,10,,,interpolated,-436.0,971.0,-400.0
15.932592188,842370088705832646,842370090009246648,11,11,,,interpolated,-502.0,941.0,-431.0
15.951482246,842370088724722704,842370090009246648,11,12,,,interpolated,-535.0,902.0,-436.0
15.970372304,842370088743612762,842370090009246648,11,13,,,interpolated,-522.0,896.0,-383.0
15.989262362,842370088762502820,842370090009246648,11,14,,,interpolated,-460.0,905.0,-350.0
16.00815242,842370088781392878,842370090009246648,11,15,,,interpolated,-417.0,888.0,-333.0
16.027042478,842370088800282936,842370090009246648,11,16,,,interpolated,-431.0,916.0,-345.0
16.045932536,842370088819172994,842370090009246648,11,17,,,interpolated,-446.0,918.0,-387.0
16.064822594,842370088838063052,842370090009246648,11,18,,,interpolated,-444.0,938.0,-442.0
16.083712652,842370088856953110,842370090009246648,11,19,,,interpolated,-453.0,957.0,-420.0
16.10260271,842370088875843168,842370090009246648,11,20,,,interpolated,-405.0,937.0,-394.0
16.121492768,842370088894733226,842370090009246648,11,21,,,interpolated,-409.0,929.0,-458.0
16.140382826,842370088913623284,842370090009246648,11,22,,,interpolated,-399.0,1007.0,-438.0
16.159272884,842370088932513342,842370090009246648,11,23,,,interpolated,-376.0,988.0,-427.0
16.178162942,842370088951403400,842370090009246648,11,24,,,interpolated,-320.0,994.0,-379.0
16.197053,842370088970293458,842370090009246648,11,25,,,interpolated,-322.0,974.0,-418.0
16.215943058,842370088989183516,842370090009246648,11,26,,,interpolated,-343.0,952.0,-463.0
16.234833116,842370089008073574,842370090009246648,11,27,,,interpolated,-356.0,931.0,-387.0
16.253723174,842370089026963632,842370090009246648,11,28,,,interpolated,-281.0,941.0,-360.0
16.272613232,842370089045853690,842370090009246648,11,29,,,interpolated,-278.0,928.0,-321.0
16.29150329,842370089064743748,842370090009246648,11,30,,,interpolated,-270.0,929.0,-188.0
16.310393348,842370089083633806,842370090009246648,11,31,,,interpolated,-222.0,935.0,-234.0
16.329283406,842370089102523864,842370090009246648,11,32,,,interpolated,-265.0,912.0,-314.0
16.348173464,842370089121413922,842370090009246648,11,33,,,interpolated,-272.0,952.0,-336.0
16.367063522,842370089140303980,842370090009246648,11,34,,,interpolated,-239.0,932.0,-296.0
16.38595358,842370089159194038,842370090009246648,11,35,,,interpolated,-212.0,933.0,-273.0
16.404843638,842370089178084096,842370090009246648,11,36,,,interpolated,-182.0,962.0,-259.0
16.423733696,842370089196974154,842370090009246648,11,37,,,interpolated,-176.0,913.0,-238.0
16.442623754,842370089215864212,842370090009246648,11,38,,,interpolated,-123.0,930.0,-220.0
16.461513812,842370089234754270,842370090009246648,11,39,,,interpolated,-119.0,919.0,-202.0
16.48040387,842370089253644328,842370090009246648,11,40,,,interpolated,-229.0,960.0,-214.0
16.499293928,842370089272534386,842370090009246648,11,41,,,interpolated,-257.0,954.0,-236.0
16.518183986,842370089291424444,842370090009246648,11,42,,,interpolated,-232.0,967.0,-304.0
16.537074044,842370089310314502,842370090009246648,11,43,,,interpolated,-212.0,937.0,-320.0
16.555964102,842370089329204560,842370090009246648,11,44,,,interpolated,-263.0,963.0,-275.0
16.57485416,842370089348094618,842370090009246648,11,45,,,interpolated,-239.0,963.0,-329.0
16.593744218,842370089366984676,842370090009246648,11,46,,,interpolated,-234.0,1000.0,-337.0
16.612634276,842370089385874734,842370090009246648,11,47,,,interpolated,-252.0,970.0,-275.0
16.631524334,842370089404764792,842370090009246648,11,48,,,interpolated,-288.0,977.0,-143.0
16.650414392,842370089423654850,842370090009246648,11,49,,,interpolated,-266.0,1012.0,-62.0
16.66930445,842370089442544908,842370090009246648,11,50,,,interpolated,-269.0,984.0,-111.0
16.688194508,842370089461434966,842370090009246648,11,51,,,interpolated,-284.0,965.0,-180.0
16.707084566,842370089480325024,842370090009246648,11,52,,,interpolated,-292.0,982.0,-220.0
16.725974624,842370089499215082,842370090009246648,11,53,,,interpolated,-307.0,1012.0,-231.0
16.744864682,842370089518105140,842370090009246648,11,54,,,interpolated,-306.0,956.0,-351.0
16.76375474,842370089536995198,842370090009246648,11,55,,,interpolated,-322.0,958.0,-427.0
16.782644798,842370089555885256,842370090009246648,11,56,,,interpolated,-308.0,972.0,-355.0
16.801534856,842370089574775314,842370090009246648,11,57,,,interpolated,-287.0,1002.0,-325.0
16.820424914,842370089593665372,842370090009246648,11,58,,,interpolated,-255.0,1018.0,-319.0
16.839314972,842370089612555430,842370090009246648,11,59,,,interpolated,-249.0,1016.0,-314.0
16.85820503,842370089631445488,842370090009246648,11,60,,,interpolated,-214.0,976.0,-300.0
16.877095088,842370089650335546,842370090009246648,11,61,,,interpolated,-186.0,1006.0,-278.0
16.895985146,842370089669225604,842370090009246648,11,62,,,interpolated,-194.0,1003.0,-261.0
16.914875204,842370089688115662,842370090009246648,11,63,,,interpolated,-222.0,1012.0,-259.0
16.933765262,842370089707005720,842370090009246648,11,64,,,interpolated,-221.0,1000.0,-261.0
16.95265532,842370089725895778,842370090009246648,11,65,,,interpolated,-246.0,1016.0,-247.0
16.971545378,842370089744785836,842370090009246648,11,66,,,interpolated,-251.0,993.0,-239.0
16.990435436,842370089763675894,842370090009246648,11,67,,,interpolated,-220.0,996.0,-267.0
17.009325494,842370089782565952,842370090009246648,11,68,,,interpolated,-193.0,976.0,-230.0
17.028215552,842370089801456010,842370090009246648,11,69,,,interpolated,-214.0,1015.0,-229.0
17.04710561,842370089820346068,842370090009246648,11,70,,,interpolated,-234.0,1001.0,-264.0
17.065995668,842370089839236126,842370090009246648,11,71,,,interpolated,-199.0,1016.0,-255.0
17.084885726,842370089858126184,842370090009246648,11,72,,,interpolated,-228.0,967.0,-192.0
17.103775784,842370089877016242,842370090009246648,11,73,,,interpolated,-242.0,1041.0,-193.0
17.122665842,842370089895906300,842370090009246648,11,74,,,interpolated,-257.0,999.0,-223.0
17.1415559,842370089914796358,842370090009246648,11,75,,,interpolated,-218.0,1011.0,-222.0
17.160445958,842370089933686416,842370090009246648,11,76,,,interpolated,-212.0,988.0,-240.0
17.179336016,842370089952576474,842370090009246648,11,77,,,interpolated,-220.0,984.0,-237.0
17.198226074,842370089971466532,842370090009246648,11,78,,,interpolated,-222.0,1030.0,-274.0
17.217116132,842370089990356590,842370090009246648,11,79,,,interpolated,-228.0,983.0,-254.0
17.23600619,842370090009246648,842370090009246648,11,80,,,interpolated,-193.0,994.0,-224.0
17.254895916,842370090028136374,842370091803770658,12,0,,,interpolated,-186.0,994.0,-232.0
17.273785643,842370090047026101,842370091803770658,12,1,,,interpolated,-177.0,981.0,-260.0
17.292675369,842370090065915827,842370091803770658,12,2,,,interpolated,-184.0,988.0,-277.0
17.311565096,842370090084805554,842370091803770658,12,3,,,interpolated,-209.0,996.0,-258.0
17.330454822,842370090103695280,842370091803770658,12,4,,,interpolated,-215.0,987.0,-260.0
17.349344549,842370090122585007,842370091803770658,12,5,,,interpolated,-223.0,977.0,-254.0
17.368234275,842370090141474733,842370091803770658,12,6,,,interpolated,-230.0,978.0,-267.0
17.387124001,842370090160364459,842370091803770658,12,7,,,interpolated,-232.0,984.0,-265.0
17.406013728,842370090179254186,842370091803770658,12,8,,,interpolated,-244.0,993.0,-265.0
17.424903454,842370090198143912,842370091803770658,12,9,,,interpolated,-253.0,995.0,-246.0
17.443793181,842370090217033639,842370091803770658,12,10,,,interpolated,-258.0,1000.0,-237.0
17.462682907,842370090235923365,842370091803770658,12,11,,,interpolated,-257.0,995.0,-239.0
17.481572633,842370090254813091,842370091803770658,12,12,,,interpolated,-266.0,993.0,-246.0
17.50046236,842370090273702818,842370091803770658,12,13,,,interpolated,-269.0,994.0,-255.0
17.519352086,842370090292592544,842370091803770658,12,14,,,interpolated,-268.0,991.0,-268.0
17.538241813,842370090311482271,842370091803770658,12,15,,,interpolated,-266.0,997.0,-267.0
17.557131539,842370090330371997,842370091803770658,12,16,,,interpolated,-273.0,986.0,-255.0
17.576021266,842370090349261724,842370091803770658,12,17,,,interpolated,-288.0,993.0,-271.0
17.594910992,842370090368151450,842370091803770658,12,18,,,interpolated,-306.0,998.0,-283.0
17.613800718,842370090387041176,842370091803770658,12,19,,,interpolated,-311.0,995.0,-265.0
17.632690445,842370090405930903,842370091803770658,12,20,,,interpolated,-290.0,977.0,-258.0
17.651580171,842370090424820629,842370091803770658,12,21,,,interpolated,-298.0,979.0,-262.0
17.670469898,842370090443710356,842370091803770658,12,22,,,interpolated,-314.0,978.0,-261.0
17.689359624,842370090462600082,842370091803770658,12,23,,,interpolated,-317.0,969.0,-253.0
17.708249351,842370090481489809,842370091803770658,12,24,,,interpolated,-330.0,960.0,-256.0
17.727139077,842370090500379535,842370091803770658,12,25,,,interpolated,-345.0,954.0,-261.0
17.746028803,842370090519269261,842370091803770658,12,26,,,interpolated,-348.0,951.0,-238.0
17.76491853,842370090538158988,842370091803770658,12,27,,,interpolated,-350.0,948.0,-233.0
17.783808256,842370090557048714,842370091803770658,12,28,,,interpolated,-348.0,956.0,-253.0
17.802697983,842370090575938441,842370091803770658,12,29,,,interpolated,-376.0,970.0,-266.0
17.821587709,842370090594828167,842370091803770658,12,30,,,interpolated,-382.0,977.0,-266.0
17.840477435,842370090613717893,842370091803770658,12,31,,,interpolated,-349.0,961.0,-278.0
17.859367162,842370090632607620,842370091803770658,12,32,,,interpolated,-308.0,969.0,-289.0
17.878256888,842370090651497346,842370091803770658,12,33,,,interpolated,-293.0,971.0,-285.0
17.897146615,842370090670387073,842370091803770658,12,34,,,interpolated,-294.0,969.0,-294.0
17.916036341,842370090689276799,842370091803770658,12,35,,,interpolated,-294.0,968.0,-299.0
17.934926068,842370090708166526,842370091803770658,12,36,,,interpolated,-296.0,989.0,-281.0
17.953815794,842370090727056252,842370091803770658,12,37,,,interpolated,-292.0,965.0,-266.0
17.97270552,842370090745945978,842370091803770658,12,38,,,interpolated,-304.0,950.0,-284.0
17.991595247,842370090764835705,842370091803770658,12,39,,,interpolated,-325.0,967.0,-290.0
18.010484973,842370090783725431,842370091803770658,12,40,,,interpolated,-320.0,976.0,-256.0
18.0293747,842370090802615158,842370091803770658,12,41,,,interpolated,-290.0,970.0,-250.0
18.048264426,842370090821504884,842370091803770658,12,42,,,interpolated,-282.0,960.0,-265.0
18.067154153,842370090840394611,842370091803770658,12,43,,,interpolated,-301.0,959.0,-274.0
18.086043879,842370090859284337,842370091803770658,12,44,,,interpolated,-298.0,957.0,-272.0
18.104933605,842370090878174063,842370091803770658,12,45,,,interpolated,-289.0,974.0,-278.0
18.123823332,842370090897063790,842370091803770658,12,46,,,interpolated,-272.0,981.0,-267.0
18.142713058,842370090915953516,842370091803770658,12,47,,,interpolated,-237.0,1007.0,-260.0
18.161602785,842370090934843243,842370091803770658,12,48,,,interpolated,-204.0,1022.0,-264.0
18.180492511,842370090953732969,842370091803770658,12,49,,,interpolated,-181.0,1031.0,-276.0
18.199382237,842370090972622695,842370091803770658,12,50,,,interpolated,-189.0,1013.0,-288.0
18.218271964,842370090991512422,842370091803770658,12,51,,,interpolated,-190.0,987.0,-298.0
18.23716169,842370091010402148,842370091803770658,12,52,,,interpolated,-212.0,995.0,-294.0
18.256051417,842370091029291875,842370091803770658,12,53,,,interpolated,-247.0,967.0,-310.0
18.274941143,842370091048181601,842370091803770658,12,54,,,interpolated,-290.0,1010.0,-301.0
18.29383087,842370091067071328,842370091803770658,12,55,,,interpolated,-335.0,960.0,-251.0
18.312720596,842370091085961054,842370091803770658,12,56,,,interpolated,-302.0,1030.0,-223.0
18.331610322,842370091104850780,842370091803770658,12,57,,,interpolated,-306.0,1000.0,-204.0
18.350500049,842370091123740507,842370091803770658,12,58,,,interpolated,-267.0,1012.0,-192.0
18.369389775,842370091142630233,842370091803770658,12,59,,,interpolated,-238.0,1014.0,-172.0
18.388279502,842370091161519960,842370091803770658,12,60,,,interpolated,-224.0,1039.0,-179.0
18.407169228,842370091180409686,842370091803770658,12,61,,,interpolated,-204.0,992.0,-211.0
18.426058955,842370091199299413,842370091803770658,12,62,,,interpolated,-197.0,996.0,-229.0
18.444948681,842370091218189139,842370091803770658,12,63,,,interpolated,-205.0,985.0,-225.0
18.463838407,842370091237078865,842370091803770658,12,64,,,interpolated,-207.0,1001.0,-237.0
18.482728134,842370091255968592,842370091803770658,12,65,,,interpolated,-213.0,976.0,-240.0
18.50161786,842370091274858318,842370091803770658,12,66,,,interpolated,-214.0,988.0,-218.0
18.520507587,842370091293748045,842370091803770658,12,67,,,interpolated,-209.0,991.0,-202.0
18.539397313,842370091312637771,842370091803770658,12,68,,,interpolated,-210.0,1007.0,-183.0
18.558287039,842370091331527497,842370091803770658,12,69,,,interpolated,-224.0,1011.0,-188.0
18.577176766,842370091350417224,842370091803770658,12,70,,,interpolated,-199.0,1012.0,-188.0
18.596066492,842370091369306950,842370091803770658,12,71,,,interpolated,-182.0,1004.0,-194.0
18.614956219,842370091388196677,842370091803770658,12,72,,,interpolated,-193.0,979.0,-229.0
18.633845945,842370091407086403,842370091803770658,12,73,,,interpolated,-225.0,981.0,-237.0
18.652735672,842370091425976130,842370091803770658,12,74,,,interpolated,-251.0,1030.0,-246.0
18.671625398,842370091444865856,842370091803770658,12,75,,,interpolated,-273.0,1037.0,-239.0
18.690515124,842370091463755582,842370091803770658,12,76,,,interpolated,-266.0,1008.0,-231.0
18.709404851,842370091482645309,842370091803770658,12,77,,,interpolated,-278.0,1019.0,-228.0
18.728294577,842370091501535035,842370091803770658,12,78,,,interpolated,-288.0,1003.0,-209.0
18.747184304,842370091520424762,842370091803770658,12,79,,,interpolated,-266.0,996.0,-191.0
18.76607403,842370091539314488,842370091803770658,12,80,,,interpolated,-248.0,986.0,-189.0
18.784963757,842370091558204215,842370091803770658,12,81,,,interpolated,-260.0,1007.0,-195.0
18.803853483,842370091577093941,842370091803770658,12,82,,,interpolated,-263.0,990.0,-213.0
18.822743209,842370091595983667,842370091803770658,12,83,,,interpolated,-266.0,996.0,-214.0
18.841632936,842370091614873394,842370091803770658,12,84,,,interpolated,-292.0,1003.0,-189.0
18.860522662,842370091633763120,842370091803770658,12,85,,,interpolated,-295.0,1005.0,-178.0
18.879412389,842370091652652847,842370091803770658,12,86,,,interpolated,-280.0,999.0,-190.0
18.898302115,842370091671542573,842370091803770658,12,87,,,interpolated,-248.0,986.0,-187.0
18.917191841,842370091690432299,842370091803770658,12,88,,,interpolated,-230.0,982.0,-187.0
18.936081568,842370091709322026,842370091803770658,12,89,,,interpolated,-233.0,995.0,-211.0
18.954971294,842370091728211752,842370091803770658,12,90,,,interpolated,-260.0,999.0,-219.0
18.973861021,842370091747101479,842370091803770658,12,91,,,interpolated,-280.0,989.0,-206.0
18.992750747,842370091765991205,842370091803770658,12,92,,,interpolated,-286.0,1002.0,-187.0
19.011640474,842370091784880932,842370091803770658,12,93,,,interpolated,-289.0,1020.0,-193.0
19.0305302,842370091803770658,842370091803770658,12,94,,,interpolated,-281.0,996.0,-196.0
19.049420691,842370091822661149,842370093522805350,13,0,,,interpolated,-264.0,985.0,-203.0
19.068311182,842370091841551640,842370093522805350,13,1,,,interpolated,-264.0,994.0,-205.0
19.087201673,842370091860442131,842370093522805350,13,2,,,interpolated,-268.0,996.0,-207.0
19.106092164,842370091879332622,842370093522805350,13,3,,,interpolated,-264.0,1005.0,-223.0
19.124982656,842370091898223114,842370093522805350,13,4,,,interpolated,-252.0,1006.0,-228.0
19.143873147,842370091917113605,842370093522805350,13,5,,,interpolated,-255.0,1002.0,-211.0
19.162763638,842370091936004096,842370093522805350,13,6,,,interpolated,-263.0,1036.0,-186.0
19.181654129,842370091954894587,842370093522805350,13,7,,,interpolated,-263.0,1018.0,-160.0
19.20054462,842370091973785078,842370093522805350,13,8,,,interpolated,-250.0,1004.0,-151.0
19.219435111,842370091992675569,842370093522805350,13,9,,,interpolated,-244.0,1002.0,-163.0
19.238325602,842370092011566060,842370093522805350,13,10,,,interpolated,-256.0,984.0,-191.0
19.257216093,842370092030456551,842370093522805350,13,11,,,interpolated,-276.0,984.0,-219.0
19.276106585,842370092049347043,842370093522805350,13,12,,,interpolated,-294.0,997.0,-232.0
19.294997076,842370092068237534,842370093522805350,13,13,,,interpolated,-284.0,1006.0,-212.0
19.313887567,842370092087128025,842370093522805350,13,14,,,interpolated,-262.0,1007.0,-187.0
19.332778058,842370092106018516,842370093522805350,13,15,,,interpolated,-247.0,1007.0,-174.0
19.351668549,842370092124909007,842370093522805350,13,16,,,interpolated,-233.0,1005.0,-165.0
19.37055904,842370092143799498,842370093522805350,13,17,,,interpolated,-231.0,1022.0,-160.0
19.389449531,842370092162689989,842370093522805350,13,18,,,interpolated,-241.0,1013.0,-174.0
19.408340022,842370092181580480,842370093522805350,13,19,,,interpolated,-257.0,1002.0,-178.0
19.427230514,842370092200470972,842370093522805350,13,20,,,interpolated,-259.0,1004.0,-169.0
19.446121005,842370092219361463,842370093522805350,13,21,,,interpolated,-259.0,1010.0,-156.0
19.465011496,842370092238251954,842370093522805350,13,22,,,interpolated,-260.0,1009.0,-142.0
19.483901987,842370092257142445,842370093522805350,13,23,,,interpolated,-265.0,1010.0,-153.0
19.502792478,842370092276032936,842370093522805350,13,24,,,interpolated,-265.0,1004.0,-176.0
19.521682969,842370092294923427,842370093522805350,13,25,,,interpolated,-261.0,1009.0,-179.0
19.54057346,842370092313813918,842370093522805350,13,26,,,interpolated,-253.0,1004.0,-178.0
19.559463951,842370092332704409,842370093522805350,13,27,,,interpolated,-249.0,1003.0,-165.0
19.578354443,842370092351594901,842370093522805350,13,28,,,interpolated,-254.0,1004.0,-153.0
19.597244934,842370092370485392,842370093522805350,13,29,,,interpolated,-252.0,1009.0,-161.0
19.616135425,842370092389375883,842370093522805350,13,30,,,interpolated,-243.0,1009.0,-163.0
19.635025916,842370092408266374,842370093522805350,13,31,,,interpolated,-240.0,1006.0,-164.0
19.653916407,842370092427156865,842370093522805350,13,32,,,interpolated,-241.0,1005.0,-158.0
19.672806898,842370092446047356,842370093522805350,13,33,,,interpolated,-245.0,1006.0,-168.0
19.691697389,842370092464937847,842370093522805350,13,34,,,interpolated,-252.0,1017.0,-172.0
19.71058788,842370092483828338,842370093522805350,13,35,,,interpolated,-248.0,1006.0,-157.0
19.729478371,842370092502718829,842370093522805350,13,36,,,interpolated,-254.0,1030.0,-156.0
19.748368863,842370092521609321,842370093522805350,13,37,,,interpolated,-244.0,1021.0,-152.0
19.767259354,842370092540499812,842370093522805350,13,38,,,interpolated,-249.0,999.0,-172.0
19.786149845,842370092559390303,842370093522805350,13,39,,,interpolated,-276.0,992.0,-185.0
19.805040336,842370092578280794,842370093522805350,13,40,,,interpolated,-299.0,987.0,-207.0
19.823930827,842370092597171285,842370093522805350,13,41,,,interpolated,-288.0,981.0,-225.0
19.842821318,842370092616061776,842370093522805350,13,42,,,interpolated,-271.0,990.0,-219.0
19.861711809,842370092634952267,842370093522805350,13,43,,,interpolated,-255.0,1001.0,-187.0
19.8806023,842370092653842758,842370093522805350,13,44,,,interpolated,-229.0,1019.0,-171.0
19.899492792,842370092672733250,842370093522805350,13,45,,,interpolated,-231.0,1016.0,-163.0
19.918383283,842370092691623741,842370093522805350,13,46,,,interpolated,-244.0,1018.0,-154.0
19.937273774,842370092710514232,842370093522805350,13,47,,,interpolated,-257.0,1021.0,-157.0
19.956164265,842370092729404723,842370093522805350,13,48,,,interpolated,-255.0,997.0,-164.0
19.975054756,842370092748295214,842370093522805350,13,49,,,interpolated,-251.0,998.0,-163.0
19.993945247,842370092767185705,842370093522805350,13,50,,,interpolated,-258.0,996.0,-174.0
20.012835738,842370092786076196,842370093522805350,13,51,,,interpolated,-258.0,993.0,-188.0
20.031726229,842370092804966687,842370093522805350,13,52,,,interpolated,-255.0,1010.0,-185.0
20.050616721,842370092823857179,842370093522805350,13,53,,,interpolated,-266.0,1006.0,-179.0
20.069507212,842370092842747670,842370093522805350,13,54,,,interpolated,-254.0,1013.0,-147.0
20.088397703,842370092861638161,842370093522805350,13,55,,,interpolated,-254.0,1027.0,-145.0
20.107288194,842370092880528652,842370093522805350,13,56,,,interpolated,-254.0,1008.0,-148.0
20.126178685,842370092899419143,842370093522805350,13,57,,,interpolated,-238.0,1016.0,-158.0
20.145069176,842370092918309634,842370093522805350,13,58,,,interpolated,-234.0,1020.0,-168.0
20.163959667,842370092937200125,842370093522805350,13,59,,,interpolated,-233.0,1001.0,-180.0
20.182850158,842370092956090616,842370093522805350,13,60,,,interpolated,-238.0,1003.0,-180.0
20.201740649,842370092974981107,842370093522805350,13,61,,,interpolated,-242.0,1008.0,-174.0
20.220631141,842370092993871599,842370093522805350,13,62,,,interpolated,-237.0,1004.0,-169.0
20.239521632,842370093012762090,842370093522805350,13,63,,,interpolated,-248.0,1011.0,-180.0
20.258412123,842370093031652581,842370093522805350,13,64,,,interpolated,-258.0,1011.0,-183.0
20.277302614,842370093050543072,842370093522805350,13,65,,,interpolated,-256.0,1020.0,-164.0
20.296193105,842370093069433563,842370093522805350,13,66,,,interpolated,-248.0,1017.0,-171.0
20.315083596,842370093088324054,842370093522805350,13,67,,,interpolated,-251.0,995.0,-181.0
20.333974087,842370093107214545,842370093522805350,13,68,,,interpolated,-261.0,983.0,-192.0
20.352864578,842370093126105036,842370093522805350,13,69,,,interpolated,-275.0,989.0,-202.0
20.37175507,842370093144995528,842370093522805350,13,70,,,interpolated,-273.0,991.0,-204.0
20.390645561,842370093163886019,842370093522805350,13,71,,,interpolated,-266.0,995.0,-203.0
20.409536052,842370093182776510,842370093522805350,13,72,,,interpolated,-254.0,1019.0,-168.0
20.428426543,842370093201667001,842370093522805350,13,73,,,interpolated,-235.0,1023.0,-151.0
20.447317034,842370093220557492,842370093522805350,13,74,,,interpolated,-230.0,1004.0,-145.0
20.466207525,842370093239447983,842370093522805350,13,75,,,interpolated,-231.0,1027.0,-140.0
20.485098016,842370093258338474,842370093522805350,13,76,,,interpolated,-240.0,1008.0,-150.0
20.503988507,842370093277228965,842370093522805350,13,77,,,interpolated,-238.0,995.0,-181.0
20.522878999,842370093296119457,842370093522805350,13,78,,,interpolated,-262.0,1005.0,-195.0
20.54176949,842370093315009948,842370093522805350,13,79,,,interpolated,-253.0,983.0,-172.0
20.560659981,842370093333900439,842370093522805350,13,80,,,interpolated,-234.0,983.0,-182.0
20.579550472,842370093352790930,842370093522805350,13,81,,,interpolated,-255.0,977.0,-168.0
20.598440963,842370093371681421,842370093522805350,13,82,,,interpolated,-252.0,962.0,-155.0
20.617331454,842370093390571912,842370093522805350,13,83,,,interpolated,-219.0,938.0,-138.0
20.636221945,842370093409462403,842370093522805350,13,84,,,interpolated,-337.0,997.0,-101.0
20.655112436,842370093428352894,842370093522805350,13,85,,,interpolated,-402.0,1048.0,-165.0
20.674002928,842370093447243386,842370093522805350,13,86,,,interpolated,-296.0,1049.0,-212.0
20.692893419,842370093466133877,842370093522805350,13,87,,,interpolated,-267.0,1045.0,-156.0
20.71178391,842370093485024368,842370093522805350,13,88,,,interpolated,-193.0,1063.0,-154.0
20.730674401,842370093503914859,842370093522805350,13,89,,,interpolated,-184.0,1046.0,-222.0
20.749564892,842370093522805350,842370093522805350,13,90,,,interpolated,-186.0,1056.0,-275.0
20.76845506,842370093541695518,842370094920677764,14,0,,,interpolated,-225.0,1017.0,-232.0
20.787345228,842370093560585686,842370094920677764,14,1,,,interpolated,-239.0,1007.0,-176.0
20.806235395,842370093579475853,842370094920677764,14,2,,,interpolated,-228.0,992.0,-162.0
20.825125563,842370093598366021,842370094920677764,14,3,,,interpolated,-229.0,980.0,-154.0
20.844015731,842370093617256189,842370094920677764,14,4,,,interpolated,-247.0,1013.0,-141.0
20.862905899,842370093636146357,842370094920677764,14,5,,,interpolated,-260.0,979.0,-109.0
20.881796066,842370093655036524,842370094920677764,14,6,,,interpolated,-292.0,1014.0,-83.0
20.900686234,842370093673926692,842370094920677764,14,7,,,interpolated,-247.0,963.0,-71.0
20.919576402,842370093692816860,842370094920677764,14,8,,,interpolated,-214.0,999.0,-119.0
20.93846657,842370093711707028,842370094920677764,14,9,,,interpolated,-176.0,1010.0,-141.0
20.957356737,842370093730597195,842370094920677764,14,10,,,interpolated,-161.0,1030.0,-88.0
20.976246905,842370093749487363,842370094920677764,14,11,,,interpolated,-170.0,1029.0,-58.0
20.995137073,842370093768377531,842370094920677764,14,12,,,interpolated,-224.0,1062.0,-74.0
21.014027241,842370093787267699,842370094920677764,14,13,,,interpolated,-235.0,1025.0,-113.0
21.032917408,842370093806157866,842370094920677764,14,14,,,interpolated,-223.0,1062.0,-67.0
21.051807576,842370093825048034,842370094920677764,14,15,,,interpolated,-228.0,998.0,-8.0
21.070697744,842370093843938202,842370094920677764,14,16,,,interpolated,-215.0,1034.0,-10.0
21.089587912,842370093862828370,842370094920677764,14,17,,,interpolated,-243.0,1013.0,-46.0
21.108478079,842370093881718537,842370094920677764,14,18,,,interpolated,-285.0,982.0,-33.0
21.127368247,842370093900608705,842370094920677764,14,19,,,interpolated,-293.0,992.0,-31.0
21.146258415,842370093919498873,842370094920677764,14,20,,,interpolated,-256.0,1007.0,-77.0
21.165148583,842370093938389041,842370094920677764,14,21,,,interpolated,-230.0,1031.0,-113.0
21.18403875,842370093957279208,842370094920677764,14,22,,,interpolated,-183.0,1036.0,-92.0
21.202928918,842370093976169376,842370094920677764,14,23,,,interpolated,-126.0,1021.0,-81.0
21.221819086,842370093995059544,842370094920677764,14,24,,,interpolated,-179.0,1006.0,-143.0
21.240709254,842370094013949712,842370094920677764,14,25,,,interpolated,-180.0,1005.0,-198.0
21.259599421,842370094032839879,842370094920677764,14,26,,,interpolated,-84.0,1084.0,-178.0
21.278489589,842370094051730047,842370094920677764,14,27,,,interpolated,-105.0,1072.0,-123.0
21.297379757,842370094070620215,842370094920677764,14,28,,,interpolated,-266.0,1053.0,-358.0
21.316269925,842370094089510383,842370094920677764,14,29,,,interpolated,-268.0,996.0,-414.0
21.335160092,842370094108400550,842370094920677764,14,30,,,interpolated,-290.0,1133.0,-476.0
21.35405026,842370094127290718,842370094920677764,14,31,,,interpolated,-136.0,1034.0,-428.0
21.372940428,842370094146180886,842370094920677764,14,32,,,interpolated,-337.0,1009.0,-375.0
21.391830596,842370094165071054,842370094920677764,14,33,,,interpolated,-427.0,1092.0,-237.0
21.410720763,842370094183961221,842370094920677764,14,34,,,interpolated,-409.0,1046.0,-93.0
21.429610931,842370094202851389,842370094920677764,14,35,,,interpolated,-372.0,956.0,83.0
21.448501099,842370094221741557,842370094920677764,14,36,,,interpolated,-330.0,1120.0,162.0
21.467391267,842370094240631725,842370094920677764,14,37,,,interpolated,-268.0,1080.0,207.0
21.486281435,842370094259521893,842370094920677764,14,38,,,interpolated,-322.0,1048.0,195.0
21.505171602,842370094278412060,842370094920677764,14,39,,,interpolated,-444.0,990.0,232.0
21.52406177,842370094297302228,842370094920677764,14,40,,,interpolated,-489.0,979.0,102.0
21.542951938,842370094316192396,842370094920677764,14,41,,,interpolated,-390.0,1020.0,49.0
21.561842106,842370094335082564,842370094920677764,14,42,,,interpolated,-536.0,943.0,66.0
21.580732273,842370094353972731,842370094920677764,14,43,,,interpolated,-540.0,911.0,26.0
21.599622441,842370094372862899,842370094920677764,14,44,,,interpolated,-392.0,987.0,-18.0
21.618512609,842370094391753067,842370094920677764,14,45,,,interpolated,-417.0,1002.0,-97.0
21.637402777,842370094410643235,842370094920677764,14,46,,,interpolated,-557.0,931.0,-105.0
21.656292944,842370094429533402,842370094920677764,14,47,,,interpolated,-646.0,857.0,-73.0
21.675183112,842370094448423570,842370094920677764,14,48,,,interpolated,-500.0,855.0,-61.0
21.69407328,842370094467313738,842370094920677764,14,49,,,interpolated,-416.0,967.0,-48.0
21.712963448,842370094486203906,842370094920677764,14,50,,,interpolated,-444.0,969.0,-106.0
21.731853615,842370094505094073,842370094920677764,14,51,,,interpolated,-505.0,917.0,-145.0
21.750743783,842370094523984241,842370094920677764,14,52,,,interpolated,-541.0,909.0,-139.0
21.769633951,842370094542874409,842370094920677764,14,53,,,interpolated,-528.0,930.0,-180.0
21.788524119,842370094561764577,842370094920677764,14,54,,,interpolated,-507.0,904.0,-119.0
21.807414286,842370094580654744,842370094920677764,14,55,,,interpolated,-574.0,903.0,-68.0
21.826304454,842370094599544912,842370094920677764,14,56,,,interpolated,-512.0,931.0,-97.0
21.845194622,842370094618435080,842370094920677764,14,57,,,interpolated,-507.0,906.0,-122.0
21.86408479,842370094637325248,842370094920677764,14,58,,,interpolated,-571.0,898.0,-100.0
21.882974957,842370094656215415,842370094920677764,14,59,,,interpolated,-573.0,920.0,-120.0
21.901865125,842370094675105583,842370094920677764,14,60,,,interpolated,-580.0,915.0,-106.0
21.920755293,842370094693995751,842370094920677764,14,61,,,interpolated,-600.0,880.0,-40.0
21.939645461,842370094712885919,842370094920677764,14,62,,,interpolated,-580.0,892.0,-85.0
21.958535628,842370094731776086,842370094920677764,14,63,,,interpolated,-544.0,924.0,-162.0
21.977425796,842370094750666254,842370094920677764,14,64,,,interpolated,-607.0,917.0,-108.0
21.996315964,842370094769556422,842370094920677764,14,65,,,interpolated,-634.0,849.0,-83.0
22.015206132,842370094788446590,842370094920677764,14,66,,,interpolated,-652.0,792.0,-126.0
22.034096299,842370094807336757,842370094920677764,14,67,,,interpolated,-678.0,849.0,-168.0
22.052986467,842370094826226925,842370094920677764,14,68,,,interpolated,-702.0,868.0,-91.0
22.071876635,842370094845117093,842370094920677764,14,69,,,interpolated,-753.0,856.0,-20.0
22.090766803,842370094864007261,842370094920677764,14,70,,,interpolated,-645.0,795.0,-114.0
22.10965697,842370094882897428,842370094920677764,14,71,,,interpolated,-613.0,741.0,-298.0
22.128547138,842370094901787596,842370094920677764,14,72,,,interpolated,-788.0,758.0,-237.0
22.147437306,842370094920677764,842370094920677764,14,73,,,interpolated,-840.0,712.0,-139.0
22.166327499,842370094939567957,842370096205210902,15,0,,,interpolated,-780.0,715.0,-134.0
22.185217692,842370094958458150,842370096205210902,15,1,,,interpolated,-705.0,750.0,-175.0
22.204107886,842370094977348344,842370096205210902,15,2,,,interpolated,-770.0,689.0,-152.0
22.222998079,842370094996238537,842370096205210902,15,3,,,interpolated,-792.0,679.0,-214.0
22.241888272,842370095015128730,842370096205210902,15,4,,,interpolated,-855.0,678.0,-163.0
22.260778465,842370095034018923,842370096205210902,15,5,,,interpolated,-869.0,725.0,-16.0
22.279668658,842370095052909116,842370096205210902,15,6,,,interpolated,-798.0,704.0,-51.0
22.298558852,842370095071799310,842370096205210902,15,7,,,interpolated,-776.0,608.0,-157.0
22.317449045,842370095090689503,842370096205210902,15,8,,,interpolated,-890.0,560.0,-207.0
22.336339238,842370095109579696,842370096205210902,15,9,,,interpolated,-929.0,534.0,-196.0
22.355229431,842370095128469889,842370096205210902,15,10,,,interpolated,-900.0,517.0,-138.0
22.374119624,842370095147360082,842370096205210902,15,11,,,interpolated,-960.0,558.0,10.0
22.393009818,842370095166250276,842370096205210902,15,12,,,interpolated,-874.0,482.0,-19.0
22.411900011,842370095185140469,842370096205210902,15,13,,,interpolated,-873.0,471.0,-193.0
22.430790204,842370095204030662,842370096205210902,15,14,,,interpolated,-990.0,449.0,-244.0
22.449680397,842370095222920855,842370096205210902,15,15,,,interpolated,-989.0,423.0,-204.0
22.468570591,842370095241811049,842370096205210902,15,16,,,interpolated,-895.0,382.0,-222.0
22.487460784,842370095260701242,842370096205210902,15,17,,,interpolated,-832.0,318.0,-411.0
22.506350977,842370095279591435,842370096205210902,15,18,,,interpolated,-974.0,347.0,-344.0
22.52524117,842370095298481628,842370096205210902,15,19,,,interpolated,-983.0,392.0,-313.0
22.544131363,842370095317371821,842370096205210902,15,20,,,interpolated,-995.0,395.0,-228.0
22.563021557,842370095336262015,842370096205210902,15,21,,,interpolated,-890.0,352.0,-297.0
22.58191175,842370095355152208,842370096205210902,15,22,,,interpolated,-988.0,308.0,-211.0
22.600801943,842370095374042401,842370096205210902,15,23,,,interpolated,-978.0,292.0,-204.0
22.619692136,842370095392932594,842370096205210902,15,24,,,interpolated,-865.0,356.0,-376.0
22.638582329,842370095411822787,842370096205210902,15,25,,,interpolated,-1028.0,397.0,-241.0
22.657472523,842370095430712981,842370096205210902,15,26,,,interpolated,-1055.0,338.0,-128.0
22.676362716,842370095449603174,842370096205210902,15,27,,,interpolated,-958.0,354.0,-144.0
22.695252909,842370095468493367,842370096205210902,15,28,,,interpolated,-934.0,383.0,-482.0
22.714143102,842370095487383560,842370096205210902,15,29,,,interpolated,-1042.0,300.0,-289.0
22.733033295,842370095506273753,842370096205210902,15,30,,,interpolated,-1191.0,305.0,14.0
22.751923489,842370095525163947,842370096205210902,15,31,,,interpolated,-922.0,324.0,-210.0
22.770813682,842370095544054140,842370096205210902,15,32,,,interpolated,-905.0,258.0,-543.0
22.789703875,842370095562944333,842370096205210902,15,33,,,interpolated,-1199.0,161.0,-302.0
22.808594068,842370095581834526,842370096205210902,15,34,,,interpolated,-1201.0,303.0,-39.0
22.827484261,842370095600724719,842370096205210902,15,35,,,interpolated,-929.0,249.0,-358.0
22.846374455,842370095619614913,842370096205210902,15,36,,,interpolated,-950.0,156.0,-538.0
22.865264648,842370095638505106,842370096205210902,15,37,,,interpolated,-1321.0,327.0,-91.0
22.884154841,842370095657395299,842370096205210902,15,38,,,interpolated,-1152.0,386.0,-1.0
22.903045034,842370095676285492,842370096205210902,15,39,,,interpolated,-902.0,140.0,-316.0
22.921935227,842370095695175685,842370096205210902,15,40,,,interpolated,-939.0,-21.0,-294.0
22.940825421,842370095714065879,842370096205210902,15,41,,,interpolated,-1103.0,49.0,91.0
22.959715614,842370095732956072,842370096205210902,15,42,,,interpolated,-951.0,8.0,-2.0
22.978605807,842370095751846265,842370096205210902,15,43,,,interpolated,-882.0,-97.0,-416.0
22.997496,842370095770736458,842370096205210902,15,44,,,interpolated,-969.0,-186.0,-144.0
23.016386193,842370095789626651,842370096205210902,15,45,,,interpolated,-1002.0,-133.0,28.0
23.035276387,842370095808516845,842370096205210902,15,46,,,interpolated,-852.0,-178.0,-385.0
23.05416658,842370095827407038,842370096205210902,15,47,,,interpolated,-892.0,-211.0,-609.0
23.073056773,842370095846297231,842370096205210902,15,48,,,interpolated,-865.0,-204.0,-387.0
23.091946966,842370095865187424,842370096205210902,15,49,,,interpolated,-868.0,-284.0,-250.0
23.11083716,842370095884077618,842370096205210902,15,50,,,interpolated,-959.0,-302.0,-297.0
23.129727353,842370095902967811,842370096205210902,15,51,,,interpolated,-832.0,-308.0,-258.0
23.148617546,842370095921858004,842370096205210902,15,52,,,interpolated,-753.0,-291.0,-189.0
23.167507739,842370095940748197,842370096205210902,15,53,,,interpolated,-810.0,-106.0,-313.0
23.186397932,842370095959638390,842370096205210902,15,54,,,interpolated,-959.0,-29.0,-394.0
23.205288126,842370095978528584,842370096205210902,15,55,,,interpolated,-780.0,-398.0,-203.0
23.224178319,842370095997418777,842370096205210902,15,56,,,interpolated,-1035.0,-353.0,-227.0
23.243068512,842370096016308970,842370096205210902,15,57,,,interpolated,-900.0,75.0,-191.0
23.261958705,842370096035199163,842370096205210902,15,58,,,interpolated,-736.0,-24.0,-165.0
23.280848898,842370096054089356,842370096205210902,15,59,,,interpolated,-1014.0,2.0,-318.0
23.299739092,842370096072979550,842370096205210902,15,60,,,interpolated,-1089.0,-32.0,-343.0
23.318629285,842370096091869743,842370096205210902,15,61,,,interpolated,-860.0,-90.0,-210.0
23.337519478,842370096110759936,842370096205210902,15,62,,,interpolated,-1065.0,-86.0,9.0
23.356409671,842370096129650129,842370096205210902,15,63,,,interpolated,-948.0,34.0,-161.0
23.375299864,842370096148540322,842370096205210902,15,64,,,interpolated,-939.0,267.0,-356.0
23.394190058,842370096167430516,842370096205210902,15,65,,,interpolated,-1094.0,117.0,-74.0
23.413080251,842370096186320709,842370096205210902,15,66,,,interpolated,-1030.0,-281.0,-144.0
23.431970444,842370096205210902,842370096205210902,15,67,,,interpolated,-1046.0,-249.0,-405.0
23.450860594,842370096224101052,842370097376400188,16,0,,,interpolated,-921.0,306.0,-134.0
23.469750744,842370096242991202,842370097376400188,16,1,,,interpolated,-1008.0,293.0,109.0
23.488640893,842370096261881351,842370097376400188,16,2,,,interpolated,-1075.0,-291.0,-206.0
23.507531043,842370096280771501,842370097376400188,16,3,,,interpolated,-1032.0,12.0,-324.0
23.526421193,842370096299661651,842370097376400188,16,4,,,interpolated,-1186.0,329.0,-30.0
23.545311343,842370096318551801,842370097376400188,16,5,,,interpolated,-1028.0,120.0,-74.0
23.564201492,842370096337441950,842370097376400188,16,6,,,interpolated,-943.0,-65.0,-450.0
23.583091642,842370096356332100,842370097376400188,16,7,,,interpolated,-912.0,533.0,-230.0
23.601981792,842370096375222250,842370097376400188,16,8,,,interpolated,-1204.0,447.0,113.0
23.620871942,842370096394112400,842370097376400188,16,9,,,interpolated,-1039.0,54.0,-419.0
23.639762092,842370096413002550,842370097376400188,16,10,,,interpolated,-878.0,84.0,-330.0
23.658652241,842370096431892699,842370097376400188,16,11,,,interpolated,-1218.0,382.0,146.0
23.677542391,842370096450782849,842370097376400188,16,12,,,interpolated,-844.0,355.0,-18.0
23.696432541,842370096469672999,842370097376400188,16,13,,,interpolated,-881.0,121.0,-477.0
23.715322691,842370096488563149,842370097376400188,16,14,,,interpolated,-955.0,288.0,-459.0
23.73421284,842370096507453298,842370097376400188,16,15,,,interpolated,-1113.0,495.0,-19.0
23.75310299,842370096526343448,842370097376400188,16,16,,,interpolated,-1113.0,303.0,-3.0
23.77199314,842370096545233598,842370097376400188,16,17,,,interpolated,-923.0,119.0,-258.0
23.79088329,842370096564123748,842370097376400188,16,18,,,interpolated,-807.0,297.0,-132.0
23.809773439,842370096583013897,842370097376400188,16,19,,,interpolated,-989.0,594.0,86.0
23.828663589,842370096601904047,842370097376400188,16,20,,,interpolated,-1017.0,510.0,-322.0
23.847553739,842370096620794197,842370097376400188,16,21,,,interpolated,-956.0,398.0,-444.0
23.866443889,842370096639684347,842370097376400188,16,22,,,interpolated,-955.0,495.0,10.0
23.885334039,842370096658574497,842370097376400188,16,23,,,interpolated,-987.0,653.0,382.0
23.904224188,842370096677464646,842370097376400188,16,24,,,interpolated,-758.0,578.0,-159.0
23.923114338,842370096696354796,842370097376400188,16,25,,,interpolated,-731.0,501.0,-296.0
23.942004488,842370096715244946,842370097376400188,16,26,,,interpolated,-837.0,554.0,-44.0
23.960894638,842370096734135096,842370097376400188,16,27,,,interpolated,-1151.0,566.0,187.0
23.979784787,842370096753025245,842370097376400188,16,28,,,interpolated,-966.0,717.0,96.0
23.998674937,842370096771915395,842370097376400188,16,29,,,interpolated,-657.0,774.0,-114.0
24.017565087,842370096790805545,842370097376400188,16,30,,,interpolated,-610.0,698.0,-244.0
24.036455237,842370096809695695,842370097376400188,16,31,,,interpolated,-972.0,550.0,-206.0
24.055345387,842370096828585845,842370097376400188,16,32,,,interpolated,-759.0,590.0,-273.0
24.074235536,842370096847475994,842370097376400188,16,33,,,interpolated,-708.0,790.0,-107.0
24.093125686,842370096866366144,842370097376400188,16,34,,,interpolated,-764.0,859.0,-16.0
24.112015836,842370096885256294,842370097376400188,16,35,,,interpolated,-828.0,705.0,-159.0
24.130905986,842370096904146444,842370097376400188,16,36,,,interpolated,-625.0,674.0,-287.0
24.149796135,842370096923036593,842370097376400188,16,37,,,interpolated,-723.0,850.0,-263.0
24.168686285,842370096941926743,842370097376400188,16,38,,,interpolated,-753.0,1011.0,-202.0
24.187576435,842370096960816893,842370097376400188,16,39,,,interpolated,-713.0,1029.0,10.0
24.206466585,842370096979707043,842370097376400188,16,40,,,interpolated,-675.0,747.0,39.0
24.225356735,842370096998597193,842370097376400188,16,41,,,interpolated,-471.0,714.0,81.0
24.244246884,842370097017487342,842370097376400188,16,42,,,interpolated,-628.0,947.0,201.0
24.263137034,842370097036377492,842370097376400188,16,43,,,interpolated,-630.0,994.0,198.0
24.282027184,842370097055267642,842370097376400188,16,44,,,interpolated,-764.0,810.0,60.0
24.300917334,842370097074157792,842370097376400188,16,45,,,interpolated,-617.0,859.0,-156.0
24.319807483,842370097093047941,842370097376400188,16,46,,,interpolated,-536.0,843.0,-141.0
24.338697633,842370097111938091,842370097376400188,16,47,,,interpolated,-705.0,796.0,-165.0
24.357587783,842370097130828241,842370097376400188,16,48,,,interpolated,-653.0,828.0,-170.0
24.376477933,842370097149718391,842370097376400188,16,49,,,interpolated,-605.0,834.0,-121.0
24.395368082,842370097168608540,842370097376400188,16,50,,,interpolated,-645.0,927.0,-121.0
24.414258232,842370097187498690,842370097376400188,16,51,,,interpolated,-615.0,903.0,-70.0
24.433148382,842370097206388840,842370097376400188,16,52,,,interpolated,-550.0,922.0,6.0
24.452038532,842370097225278990,842370097376400188,16,53,,,interpolated,-537.0,900.0,11.0
24.470928682,842370097244169140,842370097376400188,16,54,,,interpolated,-516.0,920.0,-84.0
24.489818831,842370097263059289,842370097376400188,16,55,,,interpolated,-505.0,945.0,-146.0
24.508708981,842370097281949439,842370097376400188,16,56,,,interpolated,-510.0,978.0,-165.0
24.527599131,842370097300839589,842370097376400188,16,57,,,interpolated,-583.0,961.0,-152.0
24.546489281,842370097319729739,842370097376400188,16,58,,,interpolated,-591.0,908.0,-166.0
24.56537943,842370097338619888,842370097376400188,16,59,,,interpolated,-443.0,936.0,-163.0
24.58426958,842370097357510038,842370097376400188,16,60,,,interpolated,-508.0,950.0,-179.0
24.60315973,842370097376400188,842370097376400188,16,61,,,interpolated,-476.0,997.0,-240.0
24.622049976,842370097395290434,842370098830949104,17,0,,,interpolated,-444.0,977.0,-227.0
24.640940221,842370097414180679,842370098830949104,17,1,,,interpolated,-497.0,1043.0,-206.0
24.659830467,842370097433070925,842370098830949104,17,2,,,interpolated,-500.0,1123.0,-205.0
24.678720713,842370097451961171,842370098830949104,17,3,,,interpolated,-317.0,1091.0,-135.0
24.697610958,842370097470851416,842370098830949104,17,4,,,interpolated,-117.0,1069.0,-70.0
24.716501204,842370097489741662,842370098830949104,17,5,,,interpolated,-2.0,1095.0,-74.0
24.73539145,842370097508631908,842370098830949104,17,6,,,interpolated,-55.0,1187.0,-13.0
24.754281695,842370097527522153,842370098830949104,17,7,,,interpolated,-142.0,1100.0,-9.0
24.773171941,842370097546412399,842370098830949104,17,8,,,interpolated,-168.0,1089.0,-81.0
24.792062187,842370097565302645,842370098830949104,17,9,,,interpolated,-173.0,1041.0,-148.0
24.810952432,842370097584192890,842370098830949104,17,10,,,interpolated,-151.0,1011.0,-186.0
24.829842678,842370097603083136,842370098830949104,17,11,,,interpolated,-135.0,977.0,-132.0
24.848732924,842370097621973382,842370098830949104,17,12,,,interpolated,-127.0,986.0,-128.0
24.867623169,842370097640863627,842370098830949104,17,13,,,interpolated,-208.0,981.0,-179.0
24.886513415,842370097659753873,842370098830949104,17,14,,,interpolated,-293.0,956.0,-193.0
24.905403661,842370097678644119,842370098830949104,17,15,,,interpolated,-331.0,1017.0,-124.0
24.924293906,842370097697534364,842370098830949104,17,16,,,interpolated,-297.0,963.0,-82.0
24.943184152,842370097716424610,842370098830949104,17,17,,,interpolated,-233.0,1009.0,-146.0
24.962074398,842370097735314856,842370098830949104,17,18,,,interpolated,-188.0,961.0,-160.0
24.980964643,842370097754205101,842370098830949104,17,19,,,interpolated,-184.0,1007.0,-148.0
24.999854889,842370097773095347,842370098830949104,17,20,,,interpolated,-192.0,1028.0,-168.0
25.018745135,842370097791985593,842370098830949104,17,21,,,interpolated,-225.0,993.0,-210.0
25.03763538,842370097810875838,842370098830949104,17,22,,,interpolated,-275.0,1020.0,-189.0
25.056525626,842370097829766084,842370098830949104,17,23,,,interpolated,-306.0,962.0,-160.0
25.075415872,842370097848656330,842370098830949104,17,24,,,interpolated,-256.0,993.0,-222.0
25.094306117,842370097867546575,842370098830949104,17,25,,,interpolated,-231.0,991.0,-254.0
25.113196363,842370097886436821,842370098830949104,17,26,,,interpolated,-233.0,1014.0,-255.0
25.132086609,842370097905327067,842370098830949104,17,27,,,interpolated,-296.0,1017.0,-207.0
25.150976854,842370097924217312,842370098830949104,17,28,,,interpolated,-313.0,995.0,-215.0
25.1698671,842370097943107558,842370098830949104,17,29,,,interpolated,-291.0,1010.0,-191.0
25.188757346,842370097961997804,842370098830949104,17,30,,,interpolated,-269.0,988.0,-162.0
25.207647591,842370097980888049,842370098830949104,17,31,,,interpolated,-260.0,1007.0,-162.0
25.226537837,842370097999778295,842370098830949104,17,32,,,interpolated,-270.0,982.0,-162.0
25.245428083,842370098018668541,842370098830949104,17,33,,,interpolated,-262.0,1013.0,-129.0
25.264318328,842370098037558786,842370098830949104,17,34,,,interpolated,-266.0,1013.0,-134.0
25.283208574,842370098056449032,842370098830949104,17,35,,,interpolated,-244.0,1000.0,-163.0
25.30209882,842370098075339278,842370098830949104,17,36,,,interpolated,-262.0,1003.0,-145.0
25.320989065,842370098094229523,842370098830949104,17,37,,,interpolated,-268.0,1019.0,-112.0
25.339879311,842370098113119769,842370098830949104,17,38,,,interpolated,-225.0,1009.0,-108.0
25.358769556,842370098132010014,842370098830949104,17,39,,,interpolated,-241.0,1043.0,-120.0
25.377659802,842370098150900260,842370098830949104,17,40,,,interpolated,-239.0,1004.0,-105.0
25.396550048,842370098169790506,842370098830949104,17,41,,,interpolated,-265.0,1050.0,-69.0
25.415440293,842370098188680751,842370098830949104,17,42,,,interpolated,-238.0,997.0,-90.0
25.434330539,842370098207570997,842370098830949104,17,43,,,interpolated,-242.0,1044.0,-115.0
25.453220785,842370098226461243,842370098830949104,17,44,,,interpolated,-275.0,1009.0,-118.0
25.47211103,842370098245351488,842370098830949104,17,45,,,interpolated,-291.0,1024.0,-163.0
25.491001276,842370098264241734,842370098830949104,17,46,,,interpolated,-286.0,994.0,-162.0
25.509891522,842370098283131980,842370098830949104,17,47,,,interpolated,-287.0,1006.0,-128.0
25.528781767,842370098302022225,842370098830949104,17,48,,,interpolated,-255.0,1000.0,-67.0
25.547672013,842370098320912471,842370098830949104,17,49,,,interpolated,-236.0,1041.0,-25.0
25.566562259,842370098339802717,842370098830949104,17,50,,,interpolated,-240.0,1036.0,-37.0
25.585452504,842370098358692962,842370098830949104,17,51,,,interpolated,-246.0,1025.0,-69.0
25.60434275,842370098377583208,842370098830949104,17,52,,,interpolated,-298.0,1019.0,-85.0
25.623232996,842370098396473454,842370098830949104,17,53,,,interpolated,-250.0,1039.0,-51.0
25.642123241,842370098415363699,842370098830949104,17,54,,,interpolated,-164.0,1000.0,-38.0
25.661013487,842370098434253945,842370098830949104,17,55,,,interpolated,-153.0,1046.0,-72.0
25.679903733,842370098453144191,842370098830949104,17,56,,,interpolated,-206.0,995.0,-128.0
25.698793978,842370098472034436,842370098830949104,17,57,,,interpolated,-300.0,1052.0,-152.0
25.717684224,842370098490924682,842370098830949104,17,58,,,interpolated,-287.0,977.0,-154.0
25.73657447,842370098509814928,842370098830949104,17,59,,,interpolated,-298.0,1008.0,-157.0
25.755464715,842370098528705173,842370098830949104,17,60,,,interpolated,-207.0,1067.0,-284.0
25.774354961,842370098547595419,842370098830949104,17,61,,,interpolated,0.0,949.0,-381.0
25.793245207,842370098566485665,842370098830949104,17,62,,,interpolated,-90.0,951.0,-576.0
25.812135452,842370098585375910,842370098830949104,17,63,,,interpolated,-120.0,1024.0,-671.0
25.831025698,842370098604266156,842370098830949104,17,64,,,interpolated,-157.0,1160.0,-586.0
25.849915944,842370098623156402,842370098830949104,17,65,,,interpolated,-128.0,1066.0,-347.0
25.868806189,842370098642046647,842370098830949104,17,66,,,interpolated,-257.0,1139.0,28.0
25.887696435,842370098660936893,842370098830949104,17,67,,,interpolated,-313.0,1093.0,243.0
25.906586681,842370098679827139,842370098830949104,17,68,,,interpolated,-235.0,1066.0,320.0
25.925476926,842370098698717384,842370098830949104,17,69,,,interpolated,-97.0,1090.0,272.0
25.944367172,842370098717607630,842370098830949104,17,70,,,interpolated,-144.0,1082.0,262.0
25.963257418,842370098736497876,842370098830949104,17,71,,,interpolated,-507.0,1073.0,230.0
25.982147663,842370098755388121,842370098830949104,17,72,,,interpolated,-557.0,1001.0,183.0
26.001037909,842370098774278367,842370098830949104,17,73,,,interpolated,-297.0,1030.0,183.0
26.019928155,842370098793168613,842370098830949104,17,74,,,interpolated,-432.0,956.0,113.0
26.0388184,842370098812058858,842370098830949104,17,75,,,interpolated,-696.0,934.0,-5.0
26.057708646,842370098830949104,842370098830949104,17,76,,,interpolated,-601.0,894.0,-76.0
26.076598852,842370098849839310,842370100153263526,18,0,,,interpolated,-488.0,858.0,-138.0
26.095489058,842370098868729516,842370100153263526,18,1,,,interpolated,-532.0,834.0,-172.0
26.114379264,842370098887619722,842370100153263526,18,2,,,interpolated,-599.0,901.0,-174.0
26.13326947,842370098906509928,842370100153263526,18,3,,,interpolated,-515.0,964.0,-101.0
26.152159676,842370098925400134,842370100153263526,18,4,,,interpolated,-365.0,960.0,-102.0
26.171049882,842370098944290340,842370100153263526,18,5,,,interpolated,-400.0,947.0,-106.0
26.189940088,842370098963180546,842370100153263526,18,6,,,interpolated,-426.0,979.0,-154.0
26.208830294,842370098982070752,842370100153263526,18,7,,,interpolated,-513.0,916.0,-150.0
26.2277205,842370099000960958,842370100153263526,18,8,,,interpolated,-456.0,940.0,-145.0
26.246610706,842370099019851164,842370100153263526,18,9,,,interpolated,-411.0,1012.0,-185.0
26.265500912,842370099038741370,842370100153263526,18,10,,,interpolated,-537.0,979.0,-133.0
26.284391118,842370099057631576,842370100153263526,18,11,,,interpolated,-630.0,919.0,-57.0
26.303281324,842370099076521782,842370100153263526,18,12,,,interpolated,-537.0,903.0,10.0
26.32217153,842370099095411988,842370100153263526,18,13,,,interpolated,-429.0,981.0,-96.0
26.341061736,842370099114302194,842370100153263526,18,14,,,interpolated,-451.0,937.0,-186.0
26.359951942,842370099133192400,842370100153263526,18,15,,,interpolated,-600.0,896.0,-126.0
26.378842148,842370099152082606,842370100153263526,18,16,,,interpolated,-651.0,867.0,-84.0
26.397732355,842370099170972813,842370100153263526,18,17,,,interpolated,-574.0,866.0,-70.0
26.416622561,842370099189863019,842370100153263526,18,18,,,interpolated,-577.0,895.0,-53.0
26.435512767,842370099208753225,842370100153263526,18,19,,,interpolated,-552.0,922.0,-102.0
26.454402973,842370099227643431,842370100153263526,18,20,,,interpolated,-553.0,891.0,-137.0
26.473293179,842370099246533637,842370100153263526,18,21,,,interpolated,-666.0,851.0,-142.0
26.492183385,842370099265423843,842370100153263526,18,22,,,interpolated,-676.0,865.0,-121.0
26.511073591,842370099284314049,842370100153263526,18,23,,,interpolated,-676.0,843.0,-81.0
26.529963797,842370099303204255,842370100153263526,18,24,,,interpolated,-613.0,832.0,-107.0
26.548854003,842370099322094461,842370100153263526,18,25,,,interpolated,-632.0,852.0,-130.0
26.567744209,842370099340984667,842370100153263526,18,26,,,interpolated,-671.0,860.0,-137.0
26.586634415,842370099359874873,842370100153263526,18,27,,,interpolated,-741.0,806.0,-91.0
26.605524621,842370099378765079,842370100153263526,18,28,,,interpolated,-758.0,774.0,-39.0
26.624414827,842370099397655285,842370100153263526,18,29,,,interpolated,-678.0,776.0,-170.0
26.643305033,842370099416545491,842370100153263526,18,30,,,interpolated,-680.0,758.0,-179.0
26.662195239,842370099435435697,842370100153263526,18,31,,,interpolated,-835.0,740.0,-110.0
26.681085445,842370099454325903,842370100153263526,18,32,,,interpolated,-740.0,698.0,-141.0
26.699975651,842370099473216109,842370100153263526,18,33,,,interpolated,-747.0,669.0,-290.0
26.718865857,842370099492106315,842370100153263526,18,34,,,interpolated,-770.0,673.0,-191.0
26.737756063,842370099510996521,842370100153263526,18,35,,,interpolated,-914.0,693.0,23.0
26.756646269,842370099529886727,842370100153263526,18,36,,,interpolated,-793.0,682.0,-85.0
26.775536475,842370099548776933,842370100153263526,18,37,,,interpolated,-645.0,678.0,-339.0
26.794426681,842370099567667139,842370100153263526,18,38,,,interpolated,-781.0,632.0,-278.0
26.813316887,842370099586557345,842370100153263526,18,39,,,interpolated,-974.0,674.0,-66.0
26.832207093,842370099605447551,842370100153263526,18,40,,,interpolated,-828.0,637.0,-125.0
26.851097299,842370099624337757,842370100153263526,18,41,,,interpolated,-719.0,559.0,-235.0
26.869987505,842370099643227963,842370100153263526,18,42,,,interpolated,-874.0,523.0,-200.0
26.888877711,842370099662118169,842370100153263526,18,43,,,interpolated,-948.0,573.0,-184.0
26.907767917,842370099681008375,842370100153263526,18,44,,,interpolated,-846.0,572.0,-192.0
26.926658123,842370099699898581,842370100153263526,18,45,,,interpolated,-905.0,592.0,-97.0
26.945548329,842370099718788787,842370100153263526,18,46,,,interpolated,-844.0,581.0,-197.0
26.964438535,842370099737678993,842370100153263526,18,47,,,interpolated,-800.0,501.0,-367.0
26.983328741,842370099756569199,842370100153263526,18,48,,,interpolated,-913.0,443.0,-458.0
27.002218947,842370099775459405,842370100153263526,18,49,,,interpolated,-1021.0,491.0,-238.0
27.021109153,842370099794349611,842370100153263526,18,50,,,interpolated,-1067.0,491.0,31.0
27.039999359,842370099813239817,842370100153263526,18,51,,,interpolated,-783.0,451.0,-93.0
27.058889566,842370099832130024,842370100153263526,18,52,,,interpolated,-798.0,412.0,-315.0
27.077779772,842370099851020230,842370100153263526,18,53,,,interpolated,-1013.0,460.0,-148.0
27.096669978,842370099869910436,842370100153263526,18,54,,,interpolated,-1024.0,442.0,-68.0
27.115560184,842370099888800642,842370100153263526,18,55,,,interpolated,-907.0,435.0,-166.0
27.13445039,842370099907690848,842370100153263526,18,56,,,interpolated,-857.0,411.0,-278.0
27.153340596,842370099926581054,842370100153263526,18,57,,,interpolated,-989.0,412.0,-219.0
27.172230802,842370099945471260,842370100153263526,18,58,,,interpolated,-991.0,384.0,-138.0
27.191121008,842370099964361466,842370100153263526,18,59,,,interpolated,-956.0,384.0,-214.0
27.210011214,842370099983251672,842370100153263526,18,60,,,interpolated,-932.0,370.0,-210.0
27.22890142,842370100002141878,842370100153263526,18,61,,,interpolated,-1037.0,301.0,-151.0
27.247791626,842370100021032084,842370100153263526,18,62,,,interpolated,-967.0,274.0,-275.0
27.266681832,842370100039922290,842370100153263526,18,63,,,interpolated,-963.0,337.0,-360.0
27.285572038,842370100058812496,842370100153263526,18,64,,,interpolated,-1018.0,362.0,-193.0
27.304462244,842370100077702702,842370100153263526,18,65,,,interpolated,-1029.0,314.0,-134.0
27.32335245,842370100096592908,842370100153263526,18,66,,,interpolated,-918.0,283.0,-194.0
27.342242656,842370100115483114,842370100153263526,18,67,,,interpolated,-1026.0,314.0,-135.0
27.361132862,842370100134373320,842370100153263526,18,68,,,interpolated,-1005.0,323.0,-166.0
27.380023068,842370100153263526,842370100153263526,18,69,,,interpolated,-1005.0,235.0,-214.0
27.398913261,842370100172153719,842370101437796664,19,0,,,interpolated,-1046.0,221.0,-124.0
27.417803454,842370100191043912,842370101437796664,19,1,,,interpolated,-982.0,215.0,-117.0
27.436693648,842370100209934106,842370101437796664,19,2,,,interpolated,-942.0,194.0,-284.0
27.455583841,842370100228824299,842370101437796664,19,3,,,interpolated,-981.0,131.0,-330.0
27.474474034,842370100247714492,842370101437796664,19,4,,,interpolated,-1064.0,174.0,-125.0
27.493364227,842370100266604685,842370101437796664,19,5,,,interpolated,-958.0,165.0,-188.0
27.51225442,842370100285494878,842370101437796664,19,6,,,interpolated,-1006.0,96.0,-368.0
27.531144614,842370100304385072,842370101437796664,19,7,,,interpolated,-1037.0,94.0,-212.0
27.550034807,842370100323275265,842370101437796664,19,8,,,interpolated,-1024.0,219.0,-154.0
27.568925,842370100342165458,842370101437796664,19,9,,,interpolated,-979.0,212.0,-223.0
27.587815193,842370100361055651,842370101437796664,19,10,,,interpolated,-1021.0,81.0,-216.0
27.606705386,842370100379945844,842370101437796664,19,11,,,interpolated,-954.0,46.0,-355.0
27.62559558,842370100398836038,842370101437796664,19,12,,,interpolated,-1025.0,245.0,-172.0
27.644485773,842370100417726231,842370101437796664,19,13,,,interpolated,-1006.0,224.0,-112.0
27.663375966,842370100436616424,842370101437796664,19,14,,,interpolated,-996.0,195.0,-255.0
27.682266159,842370100455506617,842370101437796664,19,15,,,interpolated,-1112.0,85.0,-316.0
27.701156353,842370100474396811,842370101437796664,19,16,,,interpolated,-1129.0,95.0,-27.0
27.720046546,842370100493287004,842370101437796664,19,17,,,interpolated,-981.0,198.0,-7.0
27.738936739,842370100512177197,842370101437796664,19,18,,,interpolated,-905.0,164.0,-342.0
27.757826932,842370100531067390,842370101437796664,19,19,,,interpolated,-1042.0,59.0,-533.0
27.776717125,842370100549957583,842370101437796664,19,20,,,interpolated,-1240.0,59.0,-63.0
27.795607319,842370100568847777,842370101437796664,19,21,,,interpolated,-1024.0,220.0,69.0
27.814497512,842370100587737970,842370101437796664,19,22,,,interpolated,-890.0,196.0,-292.0
27.833387705,842370100606628163,842370101437796664,19,23,,,interpolated,-1070.0,165.0,-460.0
27.852277898,842370100625518356,842370101437796664,19,24,,,interpolated,-1234.0,119.0,-25.0
27.871168091,842370100644408549,842370101437796664,19,25,,,interpolated,-1115.0,192.0,325.0
27.890058285,842370100663298743,842370101437796664,19,26,,,interpolated,-895.0,140.0,210.0
27.908948478,842370100682188936,842370101437796664,19,27,,,interpolated,-1004.0,-60.0,-267.0
27.927838671,842370100701079129,842370101437796664,19,28,,,interpolated,-1184.0,-129.0,-396.0
27.946728864,842370100719969322,842370101437796664,19,29,,,interpolated,-966.0,-75.0,-348.0
27.965619057,842370100738859515,842370101437796664,19,30,,,interpolated,-921.0,-195.0,-310.0
27.984509251,842370100757749709,842370101437796664,19,31,,,interpolated,-932.0,-272.0,-347.0
28.003399444,842370100776639902,842370101437796664,19,32,,,interpolated,-977.0,-202.0,-203.0
28.022289637,842370100795530095,842370101437796664,19,33,,,interpolated,-953.0,-140.0,-105.0
28.04117983,842370100814420288,842370101437796664,19,34,,,interpolated,-819.0,-196.0,-240.0
28.060070023,842370100833310481,842370101437796664,19,35,,,interpolated,-930.0,-88.0,-318.0
28.078960217,842370100852200675,842370101437796664,19,36,,,interpolated,-1101.0,-23.0,-111.0
28.09785041,842370100871090868,842370101437796664,19,37,,,interpolated,-872.0,-95.0,-112.0
28.116740603,842370100889981061,842370101437796664,19,38,,,interpolated,-751.0,6.0,-253.0
28.135630796,842370100908871254,842370101437796664,19,39,,,interpolated,-967.0,-44.0,-151.0
28.154520989,842370100927761447,842370101437796664,19,40,,,interpolated,-1060.0,-116.0,-56.0
28.173411183,842370100946651641,842370101437796664,19,41,,,interpolated,-1040.0,87.0,-58.0
28.192301376,842370100965541834,842370101437796664,19,42,,,interpolated,-904.0,364.0,-50.0
28.211191569,842370100984432027,842370101437796664,19,43,,,interpolated,-926.0,-66.0,-194.0
28.230081762,842370101003322220,842370101437796664,19,44,,,interpolated,-989.0,19.0,-244.0
28.248971955,842370101022212413,842370101437796664,19,45,,,interpolated,-1125.0,209.0,-115.0
28.267862149,842370101041102607,842370101437796664,19,46,,,interpolated,-1110.0,320.0,-26.0
28.286752342,842370101059992800,842370101437796664,19,47,,,interpolated,-978.0,199.0,-223.0
28.305642535,842370101078882993,842370101437796664,19,48,,,interpolated,-1030.0,170.0,-58.0
28.324532728,842370101097773186,842370101437796664,19,49,,,interpolated,-1065.0,185.0,155.0
28.343422922,842370101116663380,842370101437796664,19,50,,,interpolated,-935.0,56.0,-126.0
28.362313115,842370101135553573,842370101437796664,19,51,,,interpolated,-1018.0,-3.0,-449.0
28.381203308,842370101154443766,842370101437796664,19,52,,,interpolated,-1135.0,403.0,-141.0
28.400093501,842370101173333959,842370101437796664,19,53,,,interpolated,-1028.0,446.0,144.0
28.418983694,842370101192224152,842370101437796664,19,54,,,interpolated,-988.0,-49.0,-156.0
28.437873888,842370101211114346,842370101437796664,19,55,,,interpolated,-1102.0,60.0,-437.0
28.456764081,842370101230004539,842370101437796664,19,56,,,interpolated,-1132.0,248.0,68.0
28.475654274,842370101248894732,842370101437796664,19,57,,,interpolated,-1095.0,297.0,7.0
28.494544467,842370101267784925,842370101437796664,19,58,,,interpolated,-751.0,327.0,-337.0
28.51343466,842370101286675118,842370101437796664,19,59,,,interpolated,-828.0,513.0,-192.0
28.532324854,842370101305565312,842370101437796664,19,60,,,interpolated,-1208.0,437.0,-37.0
28.551215047,842370101324455505,842370101437796664,19,61,,,interpolated,-1086.0,248.0,-189.0
28.57010524,842370101343345698,842370101437796664,19,62,,,interpolated,-981.0,427.0,102.0
28.588995433,842370101362235891,842370101437796664,19,63,,,interpolated,-1032.0,501.0,254.0
28.607885626,842370101381126084,842370101437796664,19,64,,,interpolated,-815.0,402.0,-266.0
28.62677582,842370101400016278,842370101437796664,19,65,,,interpolated,-985.0,143.0,-535.0
28.645666013,842370101418906471,842370101437796664,19,66,,,interpolated,-1124.0,180.0,-416.0
28.664556206,842370101437796664,842370101437796664,19,67,,,interpolated,-808.0,558.0,-364.0
28.683445443,842370101456685901,842370102627818604,20,0,,,interpolated,-764.0,626.0,100.0
28.70233468,842370101475575138,842370102627818604,20,1,,,interpolated,-1077.0,428.0,299.0
28.721223917,842370101494464375,842370102627818604,20,2,,,interpolated,-997.0,309.0,75.0
28.740113155,842370101513353613,842370102627818604,20,3,,,interpolated,-863.0,197.0,-317.0
28.759002392,842370101532242850,842370102627818604,20,4,,,interpolated,-738.0,385.0,-557.0
28.777891629,842370101551132087,842370102627818604,20,5,,,interpolated,-936.0,658.0,-211.0
28.796780866,842370101570021324,842370102627818604,20,6,,,interpolated,-1046.0,718.0,-74.0
28.815670103,842370101588910561,842370102627818604,20,7,,,interpolated,-846.0,510.0,-224.0
28.83455934,842370101607799798,842370102627818604,20,8,,,interpolated,-687.0,363.0,-190.0
28.853448577,842370101626689035,842370102627818604,20,9,,,interpolated,-774.0,399.0,-104.0
28.872337815,842370101645578273,842370102627818604,20,10,,,interpolated,-748.0,589.0,-81.0
28.891227052,842370101664467510,842370102627818604,20,11,,,interpolated,-707.0,597.0,-63.0
28.910116289,842370101683356747,842370102627818604,20,12,,,interpolated,-594.0,359.0,-93.0
28.929005526,842370101702245984,842370102627818604,20,13,,,interpolated,-465.0,204.0,-133.0
28.947894763,842370101721135221,842370102627818604,20,14,,,interpolated,-406.0,171.0,68.0
28.966784,842370101740024458,842370102627818604,20,15,,,interpolated,-195.0,39.0,255.0
28.985673237,842370101758913695,842370102627818604,20,16,,,interpolated,-334.0,-64.0,299.0
29.004562475,842370101777802933,842370102627818604,20,17,,,interpolated,-382.0,9.0,-13.0
29.023451712,842370101796692170,842370102627818604,20,18,,,interpolated,432.0,145.0,12.0
29.042340949,842370101815581407,842370102627818604,20,19,,,interpolated,1328.0,405.0,487.0
29.061230186,842370101834470644,842370102627818604,20,20,,,interpolated,1023.0,414.0,-33.0
29.080119423,842370101853359881,842370102627818604,20,21,,,interpolated,312.0,1070.0,-224.0
29.09900866,842370101872249118,842370102627818604,20,22,,,interpolated,-102.0,1614.0,-226.0
29.117897897,842370101891138355,842370102627818604,20,23,,,interpolated,-597.0,1173.0,-530.0
29.136787135,842370101910027593,842370102627818604,20,24,,,interpolated,-1592.0,739.0,-886.0
29.155676372,842370101928916830,842370102627818604,20,25,,,interpolated,-1430.0,762.0,-507.0
29.174565609,842370101947806067,842370102627818604,20,26,,,interpolated,-758.0,310.0,-721.0
29.193454846,842370101966695304,842370102627818604,20,27,,,interpolated,-557.0,-232.0,-822.0
29.212344083,842370101985584541,842370102627818604,20,28,,,interpolated,-741.0,-856.0,-1171.0
29.23123332,842370102004473778,842370102627818604,20,29,,,interpolated,-1201.0,-1428.0,-1443.0
29.250122557,842370102023363015,842370102627818604,20,30,,,interpolated,-1218.0,-1111.0,-1813.0
29.269011795,842370102042252253,842370102627818604,20,31,,,interpolated,-1289.0,-620.0,-1347.0
29.287901032,842370102061141490,842370102627818604,20,32,,,interpolated,-1267.0,-734.0,-1044.0
29.306790269,842370102080030727,842370102627818604,20,33,,,interpolated,-1413.0,-782.0,-1580.0
29.325679506,842370102098919964,842370102627818604,20,34,,,interpolated,-596.0,-639.0,-1552.0
29.344568743,842370102117809201,842370102627818604,20,35,,,interpolated,33.0,-504.0,-995.0
29.36345798,842370102136698438,842370102627818604,20,36,,,interpolated,-9.0,-1193.0,-820.0
29.382347217,842370102155587675,842370102627818604,20,37,,,interpolated,-353.0,-1623.0,-836.0
29.401236455,842370102174476913,842370102627818604,20,38,,,interpolated,-92.0,-1455.0,-749.0
29.420125692,842370102193366150,842370102627818604,20,39,,,interpolated,-119.0,-1436.0,-558.0
29.439014929,842370102212255387,842370102627818604,20,40,,,interpolated,-10.0,-1387.0,-495.0
29.457904166,842370102231144624,842370102627818604,20,41,,,interpolated,33.0,-1525.0,-452.0
29.476793403,842370102250033861,842370102627818604,20,42,,,interpolated,-19.0,-1500.0,-396.0
29.49568264,842370102268923098,842370102627818604,20,43,,,interpolated,-38.0,-1419.0,-410.0
29.514571877,842370102287812335,842370102627818604,20,44,,,interpolated,-46.0,-1370.0,-416.0
29.533461115,842370102306701573,842370102627818604,20,45,,,interpolated,-44.0,-1245.0,-403.0
29.552350352,842370102325590810,842370102627818604,20,46,,,interpolated,-82.0,-1124.0,-420.0
29.571239589,842370102344480047,842370102627818604,20,47,,,interpolated,-133.0,-996.0,-464.0
29.590128826,842370102363369284,842370102627818604,20,48,,,interpolated,-259.0,-825.0,-480.0
29.609018063,842370102382258521,842370102627818604,20,49,,,interpolated,-344.0,-629.0,-515.0
29.6279073,842370102401147758,842370102627818604,20,50,,,interpolated,-326.0,-495.0,-544.0
29.646796537,842370102420036995,842370102627818604,20,51,,,interpolated,-246.0,-473.0,-548.0
29.665685775,842370102438926233,842370102627818604,20,52,,,interpolated,-119.0,-549.0,-527.0
29.684575012,842370102457815470,842370102627818604,20,53,,,interpolated,16.0,-610.0,-493.0
29.703464249,842370102476704707,842370102627818604,20,54,,,interpolated,141.0,-674.0,-469.0
29.722353486,842370102495593944,842370102627818604,20,55,,,interpolated,301.0,-735.0,-494.0
29.741242723,842370102514483181,842370102627818604,20,56,,,interpolated,447.0,-757.0,-577.0
29.76013196,842370102533372418,842370102627818604,20,57,,,interpolated,532.0,-799.0,-682.0
29.779021197,842370102552261655,842370102627818604,20,58,,,interpolated,526.0,-793.0,-792.0
29.797910435,842370102571150893,842370102627818604,20,59,,,interpolated,449.0,-767.0,-834.0
29.816799672,842370102590040130,842370102627818604,20,60,,,interpolated,344.0,-774.0,-797.0
29.835688909,842370102608929367,842370102627818604,20,61,,,interpolated,267.0,-741.0,-718.0
29.854578146,842370102627818604,842370102627818604,20,62,,,interpolated,241.0,-727.0,-611.0
29.873469145,842370102646709603,842370104082425508,21,0,,,interpolated,247.0,-683.0,-510.0
29.892360144,842370102665600602,842370104082425508,21,1,,,interpolated,296.0,-626.0,-429.0
29.911251142,842370102684491600,842370104082425508,21,2,,,interpolated,338.0,-606.0,-375.0
29.930142141,842370102703382599,842370104082425508,21,3,,,interpolated,365.0,-629.0,-315.0
29.94903314,842370102722273598,842370104082425508,21,4,,,interpolated,389.0,-646.0,-276.0
29.967924139,842370102741164597,842370104082425508,21,5,,,interpolated,417.0,-659.0,-253.0
29.986815137,842370102760055595,842370104082425508,21,6,,,interpolated,430.0,-668.0,-249.0
30.005706136,842370102778946594,842370104082425508,21,7,,,interpolated,435.0,-717.0,-264.0
30.024597135,842370102797837593,842370104082425508,21,8,,,interpolated,446.0,-753.0,-281.0
30.043488134,842370102816728592,842370104082425508,21,9,,,interpolated,467.0,-734.0,-297.0
30.062379132,842370102835619590,842370104082425508,21,10,,,interpolated,444.0,-741.0,-314.0
30.081270131,842370102854510589,842370104082425508,21,11,,,interpolated,389.0,-781.0,-309.0
30.10016113,842370102873401588,842370104082425508,21,12,,,interpolated,327.0,-802.0,-298.0
30.119052129,842370102892292587,842370104082425508,21,13,,,interpolated,259.0,-811.0,-294.0
30.137943127,842370102911183585,842370104082425508,21,14,,,interpolated,194.0,-808.0,-297.0
30.156834126,842370102930074584,842370104082425508,21,15,,,interpolated,119.0,-826.0,-300.0
30.175725125,842370102948965583,842370104082425508,21,16,,,interpolated,62.0,-896.0,-303.0
30.194616124,842370102967856582,842370104082425508,21,17,,,interpolated,24.0,-934.0,-307.0
30.213507122,842370102986747580,842370104082425508,21,18,,,interpolated,45.0,-892.0,-338.0
30.232398121,842370103005638579,842370104082425508,21,19,,,interpolated,74.0,-899.0,-386.0
30.25128912,842370103024529578,842370104082425508,21,20,,,interpolated,106.0,-912.0,-438.0
30.270180119,842370103043420577,842370104082425508,21,21,,,interpolated,132.0,-948.0,-466.0
30.289071117,842370103062311575,842370104082425508,21,22,,,interpolated,167.0,-954.0,-457.0
30.307962116,842370103081202574,842370104082425508,21,23,,,interpolated,199.0,-985.0,-430.0
30.326853115,842370103100093573,842370104082425508,21,24,,,interpolated,219.0,-1166.0,-372.0
30.345744114,842370103118984572,842370104082425508,21,25,,,interpolated,185.0,-1369.0,-303.0
30.364635112,842370103137875570,842370104082425508,21,26,,,interpolated,195.0,-1382.0,-218.0
30.383526111,842370103156766569,842370104082425508,21,27,,,interpolated,251.0,-1255.0,-165.0
30.40241711,842370103175657568,842370104082425508,21,28,,,interpolated,324.0,-1144.0,-217.0
30.421308109,842370103194548567,842370104082425508,21,29,,,interpolated,327.0,-1027.0,-318.0
30.440199107,842370103213439565,842370104082425508,21,30,,,interpolated,258.0,-939.0,-373.0
30.459090106,842370103232330564,842370104082425508,21,31,,,interpolated,163.0,-905.0,-346.0
30.477981105,842370103251221563,842370104082425508,21,32,,,interpolated,97.0,-882.0,-284.0
30.496872104,842370103270112562,842370104082425508,21,33,,,interpolated,67.0,-912.0,-202.0
30.515763102,842370103289003560,842370104082425508,21,34,,,interpolated,48.0,-998.0,-119.0
30.534654101,842370103307894559,842370104082425508,21,35,,,interpolated,28.0,-1069.0,-43.0
30.5535451,842370103326785558,842370104082425508,21,36,,,interpolated,50.0,-1087.0,17.0
30.572436099,842370103345676557,842370104082425508,21,37,,,interpolated,139.0,-1038.0,27.0
30.591327097,842370103364567555,842370104082425508,21,38,,,interpolated,240.0,-963.0,2.0
30.610218096,842370103383458554,842370104082425508,21,39,,,interpolated,325.0,-901.0,-25.0
30.629109095,842370103402349553,842370104082425508,21,40,,,interpolated,334.0,-843.0,-44.0
30.648000094,842370103421240552,842370104082425508,21,41,,,interpolated,292.0,-820.0,-62.0
30.666891092,842370103440131550,842370104082425508,21,42,,,interpolated,227.0,-816.0,-78.0
30.685782091,842370103459022549,842370104082425508,21,43,,,interpolated,157.0,-817.0,-82.0
30.70467309,842370103477913548,842370104082425508,21,44,,,interpolated,90.0,-845.0,-108.0
30.723564089,842370103496804547,842370104082425508,21,45,,,interpolated,62.0,-866.0,-139.0
30.742455087,842370103515695545,842370104082425508,21,46,,,interpolated,28.0,-890.0,-181.0
30.761346086,842370103534586544,842370104082425508,21,47,,,interpolated,0.0,-915.0,-208.0
30.780237085,842370103553477543,842370104082425508,21,48,,,interpolated,-8.0,-955.0,-242.0
30.799128084,842370103572368542,842370104082425508,21,49,,,interpolated,-4.0,-984.0,-272.0
30.818019082,842370103591259540,842370104082425508,21,50,,,interpolated,-8.0,-992.0,-300.0
30.836910081,842370103610150539,842370104082425508,21,51,,,interpolated,-11.0,-992.0,-319.0
30.85580108,842370103629041538,842370104082425508,21,52,,,interpolated,-14.0,-975.0,-344.0
30.874692079,842370103647932537,842370104082425508,21,53,,,interpolated,-8.0,-958.0,-361.0
30.893583077,842370103666823535,842370104082425508,21,54,,,interpolated,-8.0,-959.0,-369.0
30.912474076,842370103685714534,842370104082425508,21,55,,,interpolated,-7.0,-951.0,-371.0
30.931365075,842370103704605533,842370104082425508,21,56,,,interpolated,-16.0,-936.0,-357.0
30.950256074,842370103723496532,842370104082425508,21,57,,,interpolated,-35.0,-965.0,-343.0
30.969147072,842370103742387530,842370104082425508,21,58,,,interpolated,-37.0,-1016.0,-327.0
30.988038071,842370103761278529,842370104082425508,21,59,,,interpolated,-32.0,-1069.0,-322.0
31.00692907,842370103780169528,842370104082425508,21,60,,,interpolated,-4.0,-1051.0,-330.0
31.025820069,842370103799060527,842370104082425508,21,61,,,interpolated,30.0,-1023.0,-332.0
31.044711067,842370103817951525,842370104082425508,21,62,,,interpolated,69.0,-1073.0,-346.0
31.063602066,842370103836842524,842370104082425508,21,63,,,interpolated,109.0,-1212.0,-367.0
31.082493065,842370103855733523,842370104082425508,21,64,,,interpolated,182.0,-1253.0,-412.0
31.101384064,842370103874624522,842370104082425508,21,65,,,interpolated,276.0,-1165.0,-493.0
31.120275062,842370103893515520,842370104082425508,21,66,,,interpolated,378.0,-983.0,-557.0
31.139166061,842370103912406519,842370104082425508,21,67,,,interpolated,472.0,-756.0,-569.0
31.15805706,842370103931297518,842370104082425508,21,68,,,interpolated,493.0,-550.0,-507.0
31.176948059,842370103950188517,842370104082425508,21,69,,,interpolated,471.0,-533.0,-403.0
31.195839057,842370103969079515,842370104082425508,21,70,,,interpolated,423.0,-730.0,-294.0
31.214730056,842370103987970514,842370104082425508,21,71,,,interpolated,437.0,-839.0,-227.0
31.233621055,842370104006861513,842370104082425508,21,72,,,interpolated,466.0,-881.0,-197.0
31.252512054,842370104025752512,842370104082425508,21,73,,,interpolated,458.0,-908.0,-194.0
31.271403052,842370104044643510,842370104082425508,21,74,,,interpolated,383.0,-881.0,-222.0
31.290294051,842370104063534509,842370104082425508,21,75,,,interpolated,249.0,-822.0,-226.0
31.30918505,842370104082425508,842370104082425508,21,76,,,interpolated,123.0,-770.0,-202.0
31.328074867,842370104101315325,842370105480271978,22,0,,,interpolated,44.0,-740.0,-204.0
31.346964684,842370104120205142,842370105480271978,22,1,,,interpolated,6.0,-724.0,-210.0
31.365854501,842370104139094959,842370105480271978,22,2,,,interpolated,-25.0,-737.0,-240.0
31.384744319,842370104157984777,842370105480271978,22,3,,,interpolated,-44.0,-726.0,-275.0
31.403634136,842370104176874594,842370105480271978,22,4,,,interpolated,-31.0,-727.0,-292.0
31.422523953,842370104195764411,842370105480271978,22,5,,,interpolated,-3.0,-766.0,-334.0
31.44141377,842370104214654228,842370105480271978,22,6,,,interpolated,23.0,-797.0,-384.0
31.460303587,842370104233544045,842370105480271978,22,7,,,interpolated,36.0,-852.0,-423.0
31.479193404,842370104252433862,842370105480271978,22,8,,,interpolated,51.0,-892.0,-477.0
31.498083222,842370104271323680,842370105480271978,22,9,,,interpolated,62.0,-925.0,-514.0
31.516973039,842370104290213497,842370105480271978,22,10,,,interpolated,83.0,-919.0,-524.0
31.535862856,842370104309103314,842370105480271978,22,11,,,interpolated,112.0,-869.0,-541.0
31.554752673,842370104327993131,842370105480271978,22,12,,,interpolated,131.0,-822.0,-526.0
31.57364249,842370104346882948,842370105480271978,22,13,,,interpolated,121.0,-824.0,-506.0
31.592532307,842370104365772765,842370105480271978,22,14,,,interpolated,99.0,-857.0,-491.0
31.611422125,842370104384662583,842370105480271978,22,15,,,interpolated,84.0,-888.0,-479.0
31.630311942,842370104403552400,842370105480271978,22,16,,,interpolated,90.0,-967.0,-436.0
31.649201759,842370104422442217,842370105480271978,22,17,,,interpolated,87.0,-1272.0,-330.0
31.668091576,842370104441332034,842370105480271978,22,18,,,interpolated,104.0,-1393.0,-195.0
31.686981393,842370104460221851,842370105480271978,22,19,,,interpolated,185.0,-1364.0,-125.0
31.70587121,842370104479111668,842370105480271978,22,20,,,interpolated,258.0,-1242.0,-145.0
31.724761028,842370104498001486,842370105480271978,22,21,,,interpolated,298.0,-1040.0,-177.0
31.743650845,842370104516891303,842370105480271978,22,22,,,interpolated,316.0,-879.0,-169.0
31.762540662,842370104535781120,842370105480271978,22,23,,,interpolated,314.0,-864.0,-125.0
31.781430479,842370104554670937,842370105480271978,22,24,,,interpolated,330.0,-970.0,-40.0
31.800320296,842370104573560754,842370105480271978,22,25,,,interpolated,390.0,-1020.0,34.0
31.819210113,842370104592450571,842370105480271978,22,26,,,interpolated,430.0,-1069.0,61.0
31.838099931,842370104611340389,842370105480271978,22,27,,,interpolated,454.0,-1101.0,51.0
31.856989748,842370104630230206,842370105480271978,22,28,,,interpolated,467.0,-1076.0,30.0
31.875879565,842370104649120023,842370105480271978,22,29,,,interpolated,457.0,-1007.0,-7.0
31.894769382,842370104668009840,842370105480271978,22,30,,,interpolated,391.0,-948.0,-63.0
31.913659199,842370104686899657,842370105480271978,22,31,,,interpolated,302.0,-928.0,-86.0
31.932549016,842370104705789474,842370105480271978,22,32,,,interpolated,231.0,-895.0,-129.0
31.951438834,842370104724679292,842370105480271978,22,33,,,interpolated,197.0,-878.0,-170.0
31.970328651,842370104743569109,842370105480271978,22,34,,,interpolated,181.0,-871.0,-206.0
31.989218468,842370104762458926,842370105480271978,22,35,,,interpolated,177.0,-859.0,-212.0
32.008108285,842370104781348743,842370105480271978,22,36,,,interpolated,169.0,-858.0,-220.0
32.026998102,842370104800238560,842370105480271978,22,37,,,interpolated,152.0,-865.0,-205.0
32.045887919,842370104819128377,842370105480271978,22,38,,,interpolated,138.0,-858.0,-199.0
32.064777736,842370104838018194,842370105480271978,22,39,,,interpolated,127.0,-848.0,-187.0
32.083667554,842370104856908012,842370105480271978,22,40,,,interpolated,114.0,-840.0,-180.0
32.102557371,842370104875797829,842370105480271978,22,41,,,interpolated,89.0,-833.0,-178.0
32.121447188,842370104894687646,842370105480271978,22,42,,,interpolated,82.0,-835.0,-170.0
32.140337005,842370104913577463,842370105480271978,22,43,,,interpolated,86.0,-841.0,-170.0
32.159226822,842370104932467280,842370105480271978,22,44,,,interpolated,108.0,-867.0,-177.0
32.178116639,842370104951357097,842370105480271978,22,45,,,interpolated,152.0,-879.0,-204.0
32.197006457,842370104970246915,842370105480271978,22,46,,,interpolated,192.0,-917.0,-249.0
32.215896274,842370104989136732,842370105480271978,22,47,,,interpolated,254.0,-940.0,-303.0
32.234786091,842370105008026549,842370105480271978,22,48,,,interpolated,320.0,-1117.0,-394.0
32.253675908,842370105026916366,842370105480271978,22,49,,,interpolated,364.0,-1247.0,-490.0
32.272565725,842370105045806183,842370105480271978,22,50,,,interpolated,398.0,-1199.0,-605.0
32.291455542,842370105064696000,842370105480271978,22,51,,,interpolated,370.0,-1041.0,-687.0
32.31034536,842370105083585818,842370105480271978,22,52,,,interpolated,360.0,-826.0,-674.0
32.329235177,842370105102475635,842370105480271978,22,53,,,interpolated,379.0,-657.0,-570.0
32.348124994,842370105121365452,842370105480271978,22,54,,,interpolated,396.0,-610.0,-440.0
32.367014811,842370105140255269,842370105480271978,22,55,,,interpolated,379.0,-741.0,-293.0
32.385904628,842370105159145086,842370105480271978,22,56,,,interpolated,402.0,-846.0,-169.0
32.404794445,842370105178034903,842370105480271978,22,57,,,interpolated,440.0,-884.0,-127.0
32.423684263,842370105196924721,842370105480271978,22,58,,,interpolated,439.0,-891.0,-133.0
32.44257408,842370105215814538,842370105480271978,22,59,,,interpolated,366.0,-873.0,-156.0
32.461463897,842370105234704355,842370105480271978,22,60,,,interpolated,242.0,-829.0,-199.0
32.480353714,842370105253594172,842370105480271978,22,61,,,interpolated,151.0,-772.0,-231.0
32.499243531,842370105272483989,842370105480271978,22,62,,,interpolated,131.0,-737.0,-247.0
32.518133348,842370105291373806,842370105480271978,22,63,,,interpolated,128.0,-723.0,-281.0
32.537023166,842370105310263624,842370105480271978,22,64,,,interpolated,121.0,-721.0,-312.0
32.555912983,842370105329153441,842370105480271978,22,65,,,interpolated,83.0,-731.0,-332.0
32.5748028,842370105348043258,842370105480271978,22,66,,,interpolated,57.0,-740.0,-350.0
32.593692617,842370105366933075,842370105480271978,22,67,,,interpolated,43.0,-767.0,-361.0
32.612582434,842370105385822892,842370105480271978,22,68,,,interpolated,30.0,-798.0,-371.0
32.631472251,842370105404712709,842370105480271978,22,69,,,interpolated,19.0,-818.0,-383.0
32.650362069,842370105423602527,842370105480271978,22,70,,,interpolated,8.0,-833.0,-392.0
32.669251886,842370105442492344,842370105480271978,22,71,,,interpolated,11.0,-842.0,-393.0
32.688141703,842370105461382161,842370105480271978,22,72,,,interpolated,18.0,-851.0,-398.0
32.70703152,842370105480271978,842370105480271978,22,73,,,interpolated,29.0,-856.0,-406.0
32.725922141,842370105499162599,842370106821506036,23,0,,,interpolated,34.0,-904.0,-403.0
32.744812761,842370105518053219,842370106821506036,23,1,,,interpolated,46.0,-974.0,-384.0
32.763703382,842370105536943840,842370106821506036,23,2,,,interpolated,63.0,-1038.0,-347.0
32.782594002,842370105555834460,842370106821506036,23,3,,,interpolated,93.0,-1081.0,-341.0
32.801484623,842370105574725081,842370106821506036,23,4,,,interpolated,72.0,-1277.0,-350.0
32.820375243,842370105593615701,842370106821506036,23,5,,,interpolated,32.0,-1298.0,-327.0
32.839265864,842370105612506322,842370106821506036,23,6,,,interpolated,-6.0,-1319.0,-306.0
32.858156484,842370105631396942,842370106821506036,23,7,,,interpolated,-43.0,-1290.0,-264.0
32.877047105,842370105650287563,842370106821506036,23,8,,,interpolated,-53.0,-1132.0,-202.0
32.895937725,842370105669178183,842370106821506036,23,9,,,interpolated,-40.0,-1051.0,-146.0
32.914828346,842370105688068804,842370106821506036,23,10,,,interpolated,24.0,-1063.0,-95.0
32.933718966,842370105706959424,842370106821506036,23,11,,,interpolated,168.0,-1108.0,-40.0
32.952609587,842370105725850045,842370106821506036,23,12,,,interpolated,338.0,-1128.0,-13.0
32.971500207,842370105744740665,842370106821506036,23,13,,,interpolated,459.0,-1133.0,5.0
32.990390828,842370105763631286,842370106821506036,23,14,,,interpolated,488.0,-1116.0,16.0
33.009281449,842370105782521907,842370106821506036,23,15,,,interpolated,463.0,-1046.0,3.0
33.028172069,842370105801412527,842370106821506036,23,16,,,interpolated,394.0,-974.0,-35.0
33.04706269,842370105820303148,842370106821506036,23,17,,,interpolated,304.0,-933.0,-63.0
33.06595331,842370105839193768,842370106821506036,23,18,,,interpolated,219.0,-898.0,-93.0
33.084843931,842370105858084389,842370106821506036,23,19,,,interpolated,146.0,-871.0,-105.0
33.103734551,842370105876975009,842370106821506036,23,20,,,interpolated,101.0,-851.0,-130.0
33.122625172,842370105895865630,842370106821506036,23,21,,,interpolated,70.0,-863.0,-146.0
33.141515792,842370105914756250,842370106821506036,23,22,,,interpolated,59.0,-881.0,-153.0
33.160406413,842370105933646871,842370106821506036,23,23,,,interpolated,72.0,-886.0,-165.0
33.179297033,842370105952537491,842370106821506036,23,24,,,interpolated,69.0,-901.0,-165.0
33.198187654,842370105971428112,842370106821506036,23,25,,,interpolated,70.0,-904.0,-163.0
33.217078274,842370105990318732,842370106821506036,23,26,,,interpolated,77.0,-899.0,-170.0
33.235968895,842370106009209353,842370106821506036,23,27,,,interpolated,84.0,-904.0,-169.0
33.254859516,842370106028099974,842370106821506036,23,28,,,interpolated,99.0,-943.0,-177.0
33.273750136,842370106046990594,842370106821506036,23,29,,,interpolated,146.0,-971.0,-194.0
33.292640757,842370106065881215,842370106821506036,23,30,,,interpolated,205.0,-978.0,-236.0
33.311531377,842370106084771835,842370106821506036,23,31,,,interpolated,240.0,-1030.0,-292.0
33.330421998,842370106103662456,842370106821506036,23,32,,,interpolated,266.0,-1224.0,-404.0
33.349312618,842370106122553076,842370106821506036,23,33,,,interpolated,264.0,-1242.0,-489.0
33.368203239,842370106141443697,842370106821506036,23,34,,,interpolated,251.0,-1089.0,-614.0
33.387093859,842370106160334317,842370106821506036,23,35,,,interpolated,217.0,-889.0,-688.0
33.40598448,842370106179224938,842370106821506036,23,36,,,interpolated,203.0,-741.0,-687.0
33.4248751,842370106198115558,842370106821506036,23,37,,,interpolated,194.0,-651.0,-590.0
33.443765721,842370106217006179,842370106821506036,23,38,,,interpolated,220.0,-583.0,-465.0
33.462656341,842370106235896799,842370106821506036,23,39,,,interpolated,238.0,-645.0,-365.0
33.481546962,842370106254787420,842370106821506036,23,40,,,interpolated,260.0,-766.0,-261.0
33.500437582,842370106273678040,842370106821506036,23,41,,,interpolated,278.0,-823.0,-203.0
33.519328203,842370106292568661,842370106821506036,23,42,,,interpolated,309.0,-861.0,-150.0
33.538218824,842370106311459282,842370106821506036,23,43,,,interpolated,272.0,-908.0,-160.0
33.557109444,842370106330349902,842370106821506036,23,44,,,interpolated,184.0,-913.0,-270.0
33.576000065,842370106349240523,842370106821506036,23,45,,,interpolated,91.0,-827.0,-342.0
33.594890685,842370106368131143,842370106821506036,23,46,,,interpolated,105.0,-771.0,-362.0
33.613781306,842370106387021764,842370106821506036,23,47,,,interpolated,113.0,-737.0,-366.0
33.632671926,842370106405912384,842370106821506036,23,48,,,interpolated,103.0,-725.0,-360.0
33.651562547,842370106424803005,842370106821506036,23,49,,,interpolated,73.0,-734.0,-328.0
33.670453167,842370106443693625,842370106821506036,23,50,,,interpolated,60.0,-760.0,-291.0
33.689343788,842370106462584246,842370106821506036,23,51,,,interpolated,76.0,-802.0,-295.0
33.708234408,842370106481474866,842370106821506036,23,52,,,interpolated,96.0,-866.0,-311.0
33.727125029,842370106500365487,842370106821506036,23,53,,,interpolated,120.0,-923.0,-308.0
33.746015649,842370106519256107,842370106821506036,23,54,,,interpolated,130.0,-958.0,-298.0
33.76490627,842370106538146728,842370106821506036,23,55,,,interpolated,137.0,-954.0,-261.0
33.783796891,842370106557037349,842370106821506036,23,56,,,interpolated,156.0,-919.0,-230.0
33.802687511,842370106575927969,842370106821506036,23,57,,,interpolated,167.0,-871.0,-204.0
33.821578132,842370106594818590,842370106821506036,23,58,,,interpolated,162.0,-826.0,-214.0
33.840468752,842370106613709210,842370106821506036,23,59,,,interpolated,126.0,-832.0,-229.0
33.859359373,842370106632599831,842370106821506036,23,60,,,interpolated,85.0,-883.0,-235.0
33.878249993,842370106651490451,842370106821506036,23,61,,,interpolated,64.0,-915.0,-249.0
33.897140614,842370106670381072,842370106821506036,23,62,,,interpolated,55.0,-971.0,-248.0
33.916031234,842370106689271692,842370106821506036,23,63,,,interpolated,41.0,-1108.0,-252.0
33.934921855,842370106708162313,842370106821506036,23,64,,,interpolated,-6.0,-1366.0,-257.0
33.953812475,842370106727052933,842370106821506036,23,65,,,interpolated,17.0,-1323.0,-251.0
33.972703096,842370106745943554,842370106821506036,23,66,,,interpolated,14.0,-1329.0,-220.0
33.991593716,842370106764834174,842370106821506036,23,67,,,interpolated,-10.0,-1190.0,-209.0
34.010484337,842370106783724795,842370106821506036,23,68,,,interpolated,-36.0,-1108.0,-187.0
34.029374957,842370106802615415,842370106821506036,23,69,,,interpolated,-22.0,-1182.0,-185.0
34.048265578,842370106821506036,842370106821506036,23,70,,,interpolated,141.0,-1196.0,-165.0
34.067155828,842370106840396286,842370108219384552,24,0,,,interpolated,348.0,-1179.0,-151.0
34.086046078,842370106859286536,842370108219384552,24,1,,,interpolated,473.0,-1144.0,-167.0
34.104936329,842370106878176787,842370108219384552,24,2,,,interpolated,471.0,-1051.0,-160.0
34.123826579,842370106897067037,842370108219384552,24,3,,,interpolated,393.0,-949.0,-161.0
34.142716829,842370106915957287,842370108219384552,24,4,,,interpolated,286.0,-867.0,-168.0
34.161607079,842370106934847537,842370108219384552,24,5,,,interpolated,190.0,-840.0,-173.0
34.18049733,842370106953737788,842370108219384552,24,6,,,interpolated,122.0,-848.0,-174.0
34.19938758,842370106972628038,842370108219384552,24,7,,,interpolated,81.0,-853.0,-168.0
34.21827783,842370106991518288,842370108219384552,24,8,,,interpolated,78.0,-872.0,-175.0
34.23716808,842370107010408538,842370108219384552,24,9,,,interpolated,80.0,-885.0,-175.0
34.25605833,842370107029298788,842370108219384552,24,10,,,interpolated,82.0,-894.0,-186.0
34.274948581,842370107048189039,842370108219384552,24,11,,,interpolated,77.0,-895.0,-183.0
34.293838831,842370107067079289,842370108219384552,24,12,,,interpolated,70.0,-884.0,-182.0
34.312729081,842370107085969539,842370108219384552,24,13,,,interpolated,66.0,-875.0,-178.0
34.331619331,842370107104859789,842370108219384552,24,14,,,interpolated,64.0,-853.0,-170.0
34.350509581,842370107123750039,842370108219384552,24,15,,,interpolated,66.0,-844.0,-168.0
34.369399832,842370107142640290,842370108219384552,24,16,,,interpolated,66.0,-829.0,-164.0
34.388290082,842370107161530540,842370108219384552,24,17,,,interpolated,76.0,-882.0,-171.0
34.407180332,842370107180420790,842370108219384552,24,18,,,interpolated,106.0,-936.0,-172.0
34.426070582,842370107199311040,842370108219384552,24,19,,,interpolated,172.0,-955.0,-182.0
34.444960833,842370107218201291,842370108219384552,24,20,,,interpolated,255.0,-1016.0,-223.0
34.463851083,842370107237091541,842370108219384552,24,21,,,interpolated,309.0,-1240.0,-292.0
34.482741333,842370107255981791,842370108219384552,24,22,,,interpolated,356.0,-1227.0,-360.0
34.501631583,842370107274872041,842370108219384552,24,23,,,interpolated,353.0,-1130.0,-506.0
34.520521833,842370107293762291,842370108219384552,24,24,,,interpolated,338.0,-965.0,-634.0
34.539412084,842370107312652542,842370108219384552,24,25,,,interpolated,359.0,-808.0,-680.0
34.558302334,842370107331542792,842370108219384552,24,26,,,interpolated,312.0,-676.0,-612.0
34.577192584,842370107350433042,842370108219384552,24,27,,,interpolated,297.0,-642.0,-489.0
34.596082834,842370107369323292,842370108219384552,24,28,,,interpolated,270.0,-775.0,-382.0
34.614973084,842370107388213542,842370108219384552,24,29,,,interpolated,286.0,-887.0,-319.0
34.633863335,842370107407103793,842370108219384552,24,30,,,interpolated,337.0,-914.0,-320.0
34.652753585,842370107425994043,842370108219384552,24,31,,,interpolated,328.0,-935.0,-324.0
34.671643835,842370107444884293,842370108219384552,24,32,,,interpolated,227.0,-930.0,-334.0
34.690534085,842370107463774543,842370108219384552,24,33,,,interpolated,75.0,-881.0,-332.0
34.709424336,842370107482664794,842370108219384552,24,34,,,interpolated,-36.0,-820.0,-327.0
34.728314586,842370107501555044,842370108219384552,24,35,,,interpolated,-93.0,-756.0,-309.0
34.747204836,842370107520445294,842370108219384552,24,36,,,interpolated,-100.0,-699.0,-290.0
34.766095086,842370107539335544,842370108219384552,24,37,,,interpolated,-58.0,-676.0,-248.0
34.784985336,842370107558225794,842370108219384552,24,38,,,interpolated,5.0,-682.0,-229.0
34.803875587,842370107577116045,842370108219384552,24,39,,,interpolated,73.0,-706.0,-213.0
34.822765837,842370107596006295,842370108219384552,24,40,,,interpolated,135.0,-753.0,-204.0
34.841656087,842370107614896545,842370108219384552,24,41,,,interpolated,170.0,-817.0,-205.0
34.860546337,842370107633786795,842370108219384552,24,42,,,interpolated,184.0,-867.0,-216.0
34.879436588,842370107652677046,842370108219384552,24,43,,,interpolated,192.0,-890.0,-235.0
34.898326838,842370107671567296,842370108219384552,24,44,,,interpolated,181.0,-904.0,-272.0
34.917217088,842370107690457546,842370108219384552,24,45,,,interpolated,164.0,-895.0,-305.0
34.936107338,842370107709347796,842370108219384552,24,46,,,interpolated,151.0,-879.0,-337.0
34.954997588,842370107728238046,842370108219384552,24,47,,,interpolated,135.0,-901.0,-362.0
34.973887839,842370107747128297,842370108219384552,24,48,,,interpolated,120.0,-957.0,-354.0
34.992778089,842370107766018547,842370108219384552,24,49,,,interpolated,120.0,-990.0,-317.0
35.011668339,842370107784908797,842370108219384552,24,50,,,interpolated,104.0,-1089.0,-304.0
35.030558589,842370107803799047,842370108219384552,24,51,,,interpolated,80.0,-1348.0,-281.0
35.049448839,842370107822689297,842370108219384552,24,52,,,interpolated,130.0,-1416.0,-242.0
35.06833909,842370107841579548,842370108219384552,24,53,,,interpolated,190.0,-1398.0,-224.0
35.08722934,842370107860469798,842370108219384552,24,54,,,interpolated,207.0,-1267.0,-249.0
35.10611959,842370107879360048,842370108219384552,24,55,,,interpolated,156.0,-1036.0,-254.0
35.12500984,842370107898250298,842370108219384552,24,56,,,interpolated,93.0,-929.0,-252.0
35.143900091,842370107917140549,842370108219384552,24,57,,,interpolated,80.0,-973.0,-221.0
35.162790341,842370107936030799,842370108219384552,24,58,,,interpolated,215.0,-1019.0,-184.0
35.181680591,842370107954921049,842370108219384552,24,59,,,interpolated,364.0,-1026.0,-138.0
35.200570841,842370107973811299,842370108219384552,24,60,,,interpolated,458.0,-1040.0,-119.0
35.219461091,842370107992701549,842370108219384552,24,61,,,interpolated,461.0,-1023.0,-132.0
35.238351342,842370108011591800,842370108219384552,24,62,,,interpolated,402.0,-961.0,-167.0
35.257241592,842370108030482050,842370108219384552,24,63,,,interpolated,299.0,-910.0,-201.0
35.276131842,842370108049372300,842370108219384552,24,64,,,interpolated,199.0,-893.0,-228.0
35.295022092,842370108068262550,842370108219384552,24,65,,,interpolated,124.0,-874.0,-253.0
35.313912342,842370108087152800,842370108219384552,24,66,,,interpolated,68.0,-853.0,-283.0
35.332802593,842370108106043051,842370108219384552,24,67,,,interpolated,50.0,-848.0,-301.0
35.351692843,842370108124933301,842370108219384552,24,68,,,interpolated,65.0,-849.0,-310.0
35.370583093,842370108143823551,842370108219384552,24,69,,,interpolated,91.0,-843.0,-311.0
35.389473343,842370108162713801,842370108219384552,24,70,,,interpolated,118.0,-854.0,-314.0
35.408363594,842370108181604052,842370108219384552,24,71,,,interpolated,131.0,-842.0,-305.0
35.427253844,842370108200494302,842370108219384552,24,72,,,interpolated,132.0,-840.0,-289.0
35.446144094,842370108219384552,842370108219384552,24,73,,,interpolated,126.0,-835.0,-265.0
35.465034306,842370108238274764,842370109560589616,25,0,,,interpolated,139.0,-846.0,-243.0
35.483924518,842370108257164976,842370109560589616,25,1,,,interpolated,143.0,-873.0,-228.0
35.502814731,842370108276055189,842370109560589616,25,2,,,interpolated,155.0,-914.0,-222.0
35.521704943,842370108294945401,842370109560589616,25,3,,,interpolated,183.0,-970.0,-217.0
35.540595155,842370108313835613,842370109560589616,25,4,,,interpolated,241.0,-956.0,-215.0
35.559485367,842370108332725825,842370109560589616,25,5,,,interpolated,317.0,-973.0,-242.0
35.578375579,842370108351616037,842370109560589616,25,6,,,interpolated,367.0,-1174.0,-307.0
35.597265791,842370108370506249,842370109560589616,25,7,,,interpolated,370.0,-1143.0,-376.0
35.616156004,842370108389396462,842370109560589616,25,8,,,interpolated,366.0,-1014.0,-499.0
35.635046216,842370108408286674,842370109560589616,25,9,,,interpolated,364.0,-860.0,-594.0
35.653936428,842370108427176886,842370109560589616,25,10,,,interpolated,378.0,-690.0,-611.0
35.67282664,842370108446067098,842370109560589616,25,11,,,interpolated,371.0,-564.0,-582.0
35.691716852,842370108464957310,842370109560589616,25,12,,,interpolated,362.0,-623.0,-508.0
35.710607064,842370108483847522,842370109560589616,25,13,,,interpolated,338.0,-816.0,-414.0
35.729497277,842370108502737735,842370109560589616,25,14,,,interpolated,358.0,-911.0,-373.0
35.748387489,842370108521627947,842370109560589616,25,15,,,interpolated,360.0,-921.0,-365.0
35.767277701,842370108540518159,842370109560589616,25,16,,,interpolated,305.0,-903.0,-342.0
35.786167913,842370108559408371,842370109560589616,25,17,,,interpolated,181.0,-866.0,-336.0
35.805058125,842370108578298583,842370109560589616,25,18,,,interpolated,57.0,-805.0,-334.0
35.823948337,842370108597188795,842370109560589616,25,19,,,interpolated,-7.0,-754.0,-331.0
35.84283855,842370108616079008,842370109560589616,25,20,,,interpolated,-32.0,-715.0,-321.0
35.861728762,842370108634969220,842370109560589616,25,21,,,interpolated,-33.0,-690.0,-300.0
35.880618974,842370108653859432,842370109560589616,25,22,,,interpolated,-10.0,-691.0,-284.0
35.899509186,842370108672749644,842370109560589616,25,23,,,interpolated,14.0,-696.0,-278.0
35.918399398,842370108691639856,842370109560589616,25,24,,,interpolated,35.0,-724.0,-293.0
35.93728961,842370108710530068,842370109560589616,25,25,,,interpolated,42.0,-763.0,-306.0
35.956179823,842370108729420281,842370109560589616,25,26,,,interpolated,55.0,-804.0,-335.0
35.975070035,842370108748310493,842370109560589616,25,27,,,interpolated,65.0,-835.0,-358.0
35.993960247,842370108767200705,842370109560589616,25,28,,,interpolated,67.0,-852.0,-390.0
36.012850459,842370108786090917,842370109560589616,25,29,,,interpolated,63.0,-865.0,-412.0
36.031740671,842370108804981129,842370109560589616,25,30,,,interpolated,50.0,-868.0,-451.0
36.050630883,842370108823871341,842370109560589616,25,31,,,interpolated,28.0,-909.0,-481.0
36.069521096,842370108842761554,842370109560589616,25,32,,,interpolated,11.0,-970.0,-491.0
36.088411308,842370108861651766,842370109560589616,25,33,,,interpolated,41.0,-998.0,-459.0
36.10730152,842370108880541978,842370109560589616,25,34,,,interpolated,86.0,-1010.0,-425.0
36.126191732,842370108899432190,842370109560589616,25,35,,,interpolated,82.0,-1188.0,-423.0
36.145081944,842370108918322402,842370109560589616,25,36,,,interpolated,63.0,-1392.0,-376.0
36.163972156,842370108937212614,842370109560589616,25,37,,,interpolated,111.0,-1371.0,-321.0
36.182862369,842370108956102827,842370109560589616,25,38,,,interpolated,131.0,-1308.0,-320.0
36.201752581,842370108974993039,842370109560589616,25,39,,,interpolated,104.0,-1136.0,-342.0
36.220642793,842370108993883251,842370109560589616,25,40,,,interpolated,46.0,-890.0,-346.0
36.239533005,842370109012773463,842370109560589616,25,41,,,interpolated,-5.0,-818.0,-299.0
36.258423217,842370109031663675,842370109560589616,25,42,,,interpolated,-34.0,-907.0,-243.0
36.277313429,842370109050553887,842370109560589616,25,43,,,interpolated,76.0,-994.0,-183.0
36.296203642,842370109069444100,842370109560589616,25,44,,,interpolated,243.0,-1065.0,-96.0
36.315093854,842370109088334312,842370109560589616,25,45,,,interpolated,403.0,-1102.0,-47.0
36.333984066,842370109107224524,842370109560589616,25,46,,,interpolated,469.0,-1079.0,-58.0
36.352874278,842370109126114736,842370109560589616,25,47,,,interpolated,449.0,-1009.0,-91.0
36.37176449,842370109145004948,842370109560589616,25,48,,,interpolated,380.0,-932.0,-140.0
36.390654702,842370109163895160,842370109560589616,25,49,,,interpolated,314.0,-870.0,-179.0
36.409544915,842370109182785373,842370109560589616,25,50,,,interpolated,240.0,-840.0,-208.0
36.428435127,842370109201675585,842370109560589616,25,51,,,interpolated,172.0,-822.0,-224.0
36.447325339,842370109220565797,842370109560589616,25,52,,,interpolated,128.0,-810.0,-243.0
36.466215551,842370109239456009,842370109560589616,25,53,,,interpolated,117.0,-808.0,-254.0
36.485105763,842370109258346221,842370109560589616,25,54,,,interpolated,110.0,-803.0,-252.0
36.503995975,842370109277236433,842370109560589616,25,55,,,interpolated,112.0,-806.0,-241.0
36.522886188,842370109296126646,842370109560589616,25,56,,,interpolated,105.0,-797.0,-233.0
36.5417764,842370109315016858,842370109560589616,25,57,,,interpolated,87.0,-791.0,-224.0
36.560666612,842370109333907070,842370109560589616,25,58,,,interpolated,68.0,-811.0,-213.0
36.579556824,842370109352797282,842370109560589616,25,59,,,interpolated,56.0,-829.0,-196.0
36.598447036,842370109371687494,842370109560589616,25,60,,,interpolated,48.0,-859.0,-202.0
36.617337248,842370109390577706,842370109560589616,25,61,,,interpolated,57.0,-889.0,-210.0
36.636227461,842370109409467919,842370109560589616,25,62,,,interpolated,80.0,-875.0,-248.0
36.655117673,842370109428358131,842370109560589616,25,63,,,interpolated,100.0,-894.0,-286.0
36.674007885,842370109447248343,842370109560589616,25,64,,,interpolated,123.0,-1029.0,-340.0
36.692898097,842370109466138555,842370109560589616,25,65,,,interpolated,124.0,-1288.0,-415.0
36.711788309,842370109485028767,842370109560589616,25,66,,,interpolated,125.0,-1262.0,-487.0
36.730678521,842370109503918979,842370109560589616,25,67,,,interpolated,109.0,-1191.0,-624.0
36.749568734,842370109522809192,842370109560589616,25,68,,,interpolated,134.0,-1040.0,-692.0
36.768458946,842370109541699404,842370109560589616,25,69,,,interpolated,172.0,-872.0,-651.0
36.787349158,842370109560589616,842370109560589616,25,70,,,interpolated,210.0,-684.0,-531.0
36.80623937,842370109579479828,842370110901794680,26,0,,,interpolated,259.0,-599.0,-385.0
36.825129582,842370109598370040,842370110901794680,26,1,,,interpolated,293.0,-663.0,-263.0
36.844019795,842370109617260253,842370110901794680,26,2,,,interpolated,346.0,-763.0,-196.0
36.862910007,842370109636150465,842370110901794680,26,3,,,interpolated,419.0,-851.0,-175.0
36.881800219,842370109655040677,842370110901794680,26,4,,,interpolated,457.0,-928.0,-165.0
36.900690431,842370109673930889,842370110901794680,26,5,,,interpolated,413.0,-976.0,-169.0
36.919580643,842370109692821101,842370110901794680,26,6,,,interpolated,269.0,-979.0,-185.0
36.938470855,842370109711711313,842370110901794680,26,7,,,interpolated,108.0,-942.0,-212.0
36.957361068,842370109730601526,842370110901794680,26,8,,,interpolated,1.0,-888.0,-231.0
36.97625128,842370109749491738,842370110901794680,26,9,,,interpolated,-40.0,-835.0,-241.0
36.995141492,842370109768381950,842370110901794680,26,10,,,interpolated,-64.0,-810.0,-242.0
37.014031704,842370109787272162,842370110901794680,26,11,,,interpolated,-72.0,-800.0,-247.0
37.032921916,842370109806162374,842370110901794680,26,12,,,interpolated,-43.0,-822.0,-240.0
37.051812128,842370109825052586,842370110901794680,26,13,,,interpolated,4.0,-854.0,-241.0
37.070702341,842370109843942799,842370110901794680,26,14,,,interpolated,47.0,-892.0,-248.0
37.089592553,842370109862833011,842370110901794680,26,15,,,interpolated,62.0,-923.0,-254.0
37.108482765,842370109881723223,842370110901794680,26,16,,,interpolated,55.0,-963.0,-260.0
37.127372977,842370109900613435,842370110901794680,26,17,,,interpolated,59.0,-964.0,-270.0
37.146263189,842370109919503647,842370110901794680,26,18,,,interpolated,69.0,-953.0,-284.0
37.165153401,842370109938393859,842370110901794680,26,19,,,interpolated,70.0,-940.0,-289.0
37.184043614,842370109957284072,842370110901794680,26,20,,,interpolated,77.0,-919.0,-297.0
37.202933826,842370109976174284,842370110901794680,26,21,,,interpolated,77.0,-938.0,-289.0
37.221824038,842370109995064496,842370110901794680,26,22,,,interpolated,84.0,-988.0,-262.0
37.24071425,842370110013954708,842370110901794680,26,23,,,interpolated,100.0,-1030.0,-227.0
37.259604462,842370110032844920,842370110901794680,26,24,,,interpolated,131.0,-1075.0,-191.0
37.278494674,842370110051735132,842370110901794680,26,25,,,interpolated,143.0,-1244.0,-182.0
37.297384887,842370110070625345,842370110901794680,26,26,,,interpolated,177.0,-1248.0,-186.0
37.316275099,842370110089515557,842370110901794680,26,27,,,interpolated,155.0,-1273.0,-193.0
37.335165311,842370110108405769,842370110901794680,26,28,,,interpolated,79.0,-1298.0,-196.0
37.354055523,842370110127295981,842370110901794680,26,29,,,interpolated,-6.0,-1133.0,-185.0
37.372945735,842370110146186193,842370110901794680,26,30,,,interpolated,-56.0,-998.0,-149.0
37.391835947,842370110165076405,842370110901794680,26,31,,,interpolated,-110.0,-1026.0,-98.0
37.41072616,842370110183966618,842370110901794680,26,32,,,interpolated,-69.0,-1039.0,-83.0
37.429616372,842370110202856830,842370110901794680,26,33,,,interpolated,96.0,-1038.0,-91.0
37.448506584,842370110221747042,842370110901794680,26,34,,,interpolated,239.0,-1054.0,-94.0
37.467396796,842370110240637254,842370110901794680,26,35,,,interpolated,306.0,-1082.0,-69.0
37.486287008,842370110259527466,842370110901794680,26,36,,,interpolated,274.0,-1038.0,-17.0
37.50517722,842370110278417678,842370110901794680,26,37,,,interpolated,202.0,-972.0,15.0
37.524067433,842370110297307891,842370110901794680,26,38,,,interpolated,133.0,-917.0,35.0
37.542957645,842370110316198103,842370110901794680,26,39,,,interpolated,102.0,-886.0,36.0
37.561847857,842370110335088315,842370110901794680,26,40,,,interpolated,97.0,-860.0,33.0
37.580738069,842370110353978527,842370110901794680,26,41,,,interpolated,118.0,-840.0,18.0
37.599628281,842370110372868739,842370110901794680,26,42,,,interpolated,145.0,-832.0,19.0
37.618518493,842370110391758951,842370110901794680,26,43,,,interpolated,163.0,-845.0,12.0
37.637408706,842370110410649164,842370110901794680,26,44,,,interpolated,166.0,-877.0,-10.0
37.656298918,842370110429539376,842370110901794680,26,45,,,interpolated,157.0,-900.0,-25.0
37.67518913,842370110448429588,842370110901794680,26,46,,,interpolated,137.0,-890.0,-52.0
37.694079342,842370110467319800,842370110901794680,26,47,,,interpolated,110.0,-886.0,-70.0
37.712969554,842370110486210012,842370110901794680,26,48,,,interpolated,84.0,-884.0,-83.0
37.731859766,842370110505100224,842370110901794680,26,49,,,interpolated,69.0,-907.0,-96.0
37.750749979,842370110523990437,842370110901794680,26,50,,,interpolated,79.0,-935.0,-103.0
37.769640191,842370110542880649,842370110901794680,26,51,,,interpolated,110.0,-945.0,-110.0
37.788530403,842370110561770861,842370110901794680,26,52,,,interpolated,161.0,-995.0,-123.0
37.807420615,842370110580661073,842370110901794680,26,53,,,interpolated,220.0,-1099.0,-151.0
37.826310827,842370110599551285,842370110901794680,26,54,,,interpolated,259.0,-1260.0,-205.0
37.845201039,842370110618441497,842370110901794680,26,55,,,interpolated,301.0,-1273.0,-263.0
37.864091252,842370110637331710,842370110901794680,26,56,,,interpolated,336.0,-1196.0,-358.0
37.882981464,842370110656221922,842370110901794680,26,57,,,interpolated,347.0,-1072.0,-457.0
37.901871676,842370110675112134,842370110901794680,26,58,,,interpolated,305.0,-957.0,-484.0
37.920761888,842370110694002346,842370110901794680,26,59,,,interpolated,268.0,-828.0,-432.0
37.9396521,842370110712892558,842370110901794680,26,60,,,interpolated,287.0,-717.0,-334.0
37.958542312,842370110731782770,842370110901794680,26,61,,,interpolated,349.0,-721.0,-262.0
37.977432525,842370110750672983,842370110901794680,26,62,,,interpolated,388.0,-793.0,-196.0
37.996322737,842370110769563195,842370110901794680,26,63,,,interpolated,401.0,-867.0,-155.0
38.015212949,842370110788453407,842370110901794680,26,64,,,interpolated,411.0,-921.0,-124.0
38.034103161,842370110807343619,842370110901794680,26,65,,,interpolated,403.0,-926.0,-124.0
38.052993373,842370110826233831,842370110901794680,26,66,,,interpolated,352.0,-909.0,-157.0
38.071883585,842370110845124043,842370110901794680,26,67,,,interpolated,243.0,-861.0,-205.0
38.090773798,842370110864014256,842370110901794680,26,68,,,interpolated,142.0,-814.0,-240.0
38.10966401,842370110882904468,842370110901794680,26,69,,,interpolated,71.0,-787.0,-263.0
38.128554222,842370110901794680,842370110901794680,26,70,,,interpolated,27.0,-780.0,-287.0
38.147444452,842370110920684910,842370112299671670,27,0,,,interpolated,-13.0,-798.0,-298.0
38.166334681,842370110939575139,842370112299671670,27,1,,,interpolated,-55.0,-829.0,-309.0
38.185224911,842370110958465369,842370112299671670,27,2,,,interpolated,-91.0,-870.0,-310.0
38.20411514,842370110977355598,842370112299671670,27,3,,,interpolated,-103.0,-913.0,-337.0
38.22300537,842370110996245828,842370112299671670,27,4,,,interpolated,-104.0,-937.0,-340.0
38.2418956,842370111015136058,842370112299671670,27,5,,,interpolated,-84.0,-950.0,-335.0
38.260785829,842370111034026287,842370112299671670,27,6,,,interpolated,-61.0,-948.0,-326.0
38.279676059,842370111052916517,842370112299671670,27,7,,,interpolated,-32.0,-947.0,-319.0
38.298566288,842370111071806746,842370112299671670,27,8,,,interpolated,2.0,-961.0,-311.0
38.317456518,842370111090696976,842370112299671670,27,9,,,interpolated,31.0,-980.0,-303.0
38.336346748,842370111109587206,842370112299671670,27,10,,,interpolated,75.0,-978.0,-282.0
38.355236977,842370111128477435,842370112299671670,27,11,,,interpolated,122.0,-975.0,-261.0
38.374127207,842370111147367665,842370112299671670,27,12,,,interpolated,172.0,-946.0,-248.0
38.393017436,842370111166257894,842370112299671670,27,13,,,interpolated,212.0,-923.0,-232.0
38.411907666,842370111185148124,842370112299671670,27,14,,,interpolated,238.0,-899.0,-236.0
38.430797896,842370111204038354,842370112299671670,27,15,,,interpolated,228.0,-881.0,-246.0
38.449688125,842370111222928583,842370112299671670,27,16,,,interpolated,178.0,-891.0,-274.0
38.468578355,842370111241818813,842370112299671670,27,17,,,interpolated,112.0,-916.0,-287.0
38.487468584,842370111260709042,842370112299671670,27,18,,,interpolated,55.0,-972.0,-286.0
38.506358814,842370111279599272,842370112299671670,27,19,,,interpolated,23.0,-1050.0,-283.0
38.525249043,842370111298489501,842370112299671670,27,20,,,interpolated,9.0,-1138.0,-270.0
38.544139273,842370111317379731,842370112299671670,27,21,,,interpolated,23.0,-1182.0,-260.0
38.563029503,842370111336269961,842370112299671670,27,22,,,interpolated,72.0,-1201.0,-227.0
38.581919732,842370111355160190,842370112299671670,27,23,,,interpolated,87.0,-1238.0,-237.0
38.600809962,842370111374050420,842370112299671670,27,24,,,interpolated,142.0,-1156.0,-197.0
38.619700191,842370111392940649,842370112299671670,27,25,,,interpolated,228.0,-1057.0,-127.0
38.638590421,842370111411830879,842370112299671670,27,26,,,interpolated,290.0,-1008.0,-118.0
38.657480651,842370111430721109,842370112299671670,27,27,,,interpolated,298.0,-948.0,-144.0
38.67637088,842370111449611338,842370112299671670,27,28,,,interpolated,290.0,-862.0,-156.0
38.69526111,842370111468501568,842370112299671670,27,29,,,interpolated,257.0,-779.0,-117.0
38.714151339,842370111487391797,842370112299671670,27,30,,,interpolated,215.0,-719.0,-65.0
38.733041569,842370111506282027,842370112299671670,27,31,,,interpolated,175.0,-684.0,-11.0
38.751931799,842370111525172257,842370112299671670,27,32,,,interpolated,135.0,-662.0,47.0
38.770822028,842370111544062486,842370112299671670,27,33,,,interpolated,125.0,-653.0,130.0
38.789712258,842370111562952716,842370112299671670,27,34,,,interpolated,143.0,-658.0,209.0
38.808602487,842370111581842945,842370112299671670,27,35,,,interpolated,152.0,-679.0,264.0
38.827492717,842370111600733175,842370112299671670,27,36,,,interpolated,227.0,-647.0,280.0
38.846382947,842370111619623405,842370112299671670,27,37,,,interpolated,242.0,-631.0,225.0
38.865273176,842370111638513634,842370112299671670,27,38,,,interpolated,280.0,-643.0,216.0
38.884163406,842370111657403864,842370112299671670,27,39,,,interpolated,345.0,-676.0,274.0
38.903053635,842370111676294093,842370112299671670,27,40,,,interpolated,519.0,-662.0,254.0
38.921943865,842370111695184323,842370112299671670,27,41,,,interpolated,652.0,-763.0,198.0
38.940834095,842370111714074553,842370112299671670,27,42,,,interpolated,688.0,-823.0,81.0
38.959724324,842370111732964782,842370112299671670,27,43,,,interpolated,649.0,-821.0,-4.0
38.978614554,842370111751855012,842370112299671670,27,44,,,interpolated,645.0,-862.0,-19.0
38.997504783,842370111770745241,842370112299671670,27,45,,,interpolated,622.0,-834.0,8.0
39.016395013,842370111789635471,842370112299671670,27,46,,,interpolated,593.0,-827.0,95.0
39.035285243,842370111808525701,842370112299671670,27,47,,,interpolated,552.0,-801.0,161.0
39.054175472,842370111827415930,842370112299671670,27,48,,,interpolated,612.0,-810.0,113.0
39.073065702,842370111846306160,842370112299671670,27,49,,,interpolated,630.0,-807.0,46.0
39.091955931,842370111865196389,842370112299671670,27,50,,,interpolated,636.0,-776.0,48.0
39.110846161,842370111884086619,842370112299671670,27,51,,,interpolated,596.0,-770.0,23.0
39.129736391,842370111902976849,842370112299671670,27,52,,,interpolated,539.0,-731.0,8.0
39.14862662,842370111921867078,842370112299671670,27,53,,,interpolated,461.0,-711.0,26.0
39.16751685,842370111940757308,842370112299671670,27,54,,,interpolated,423.0,-684.0,107.0
39.186407079,842370111959647537,842370112299671670,27,55,,,interpolated,475.0,-658.0,165.0
39.205297309,842370111978537767,842370112299671670,27,56,,,interpolated,589.0,-653.0,193.0
39.224187538,842370111997427996,842370112299671670,27,57,,,interpolated,726.0,-734.0,168.0
39.243077768,842370112016318226,842370112299671670,27,58,,,interpolated,855.0,-865.0,155.0
39.261967998,842370112035208456,842370112299671670,27,59,,,interpolated,1022.0,-977.0,192.0
39.280858227,842370112054098685,842370112299671670,27,60,,,interpolated,1271.0,-993.0,213.0
39.299748457,842370112072988915,842370112299671670,27,61,,,interpolated,1442.0,-983.0,126.0
39.318638686,842370112091879144,842370112299671670,27,62,,,interpolated,1404.0,-894.0,49.0
39.337528916,842370112110769374,842370112299671670,27,63,,,interpolated,1054.0,-712.0,75.0
39.356419146,842370112129659604,842370112299671670,27,64,,,interpolated,543.0,-454.0,147.0
39.375309375,842370112148549833,842370112299671670,27,65,,,interpolated,80.0,-382.0,507.0
39.394199605,842370112167440063,842370112299671670,27,66,,,interpolated,87.0,-278.0,834.0
39.413089834,842370112186330292,842370112299671670,27,67,,,interpolated,435.0,-347.0,614.0
39.431980064,842370112205220522,842370112299671670,27,68,,,interpolated,779.0,-633.0,204.0
39.450870294,842370112224110752,842370112299671670,27,69,,,interpolated,1342.0,-968.0,-78.0
39.469760523,842370112243000981,842370112299671670,27,70,,,interpolated,1522.0,-983.0,-324.0
39.488650753,842370112261891211,842370112299671670,27,71,,,interpolated,1155.0,-651.0,-152.0
39.507540982,842370112280781440,842370112299671670,27,72,,,interpolated,793.0,-513.0,147.0
39.526431212,842370112299671670,842370112299671670,27,73,,,interpolated,694.0,-345.0,376.0
39.545321468,842370112318561926,842370113792001870,28,0,,,interpolated,526.0,-328.0,131.0
39.564211723,842370112337452181,842370113792001870,28,1,,,interpolated,304.0,-375.0,79.0
39.583101979,842370112356342437,842370113792001870,28,2,,,interpolated,456.0,-494.0,-89.0
39.601992235,842370112375232693,842370113792001870,28,3,,,interpolated,616.0,-639.0,-134.0
39.62088249,842370112394122948,842370113792001870,28,4,,,interpolated,873.0,-668.0,-192.0
39.639772746,842370112413013204,842370113792001870,28,5,,,interpolated,937.0,-683.0,-222.0
39.658663002,842370112431903460,842370113792001870,28,6,,,interpolated,732.0,-745.0,-185.0
39.677553258,842370112450793716,842370113792001870,28,7,,,interpolated,531.0,-726.0,-82.0
39.696443513,842370112469683971,842370113792001870,28,8,,,interpolated,454.0,-682.0,-75.0
39.715333769,842370112488574227,842370113792001870,28,9,,,interpolated,396.0,-592.0,-62.0
39.734224025,842370112507464483,842370113792001870,28,10,,,interpolated,367.0,-552.0,-126.0
39.75311428,842370112526354738,842370113792001870,28,11,,,interpolated,368.0,-584.0,-209.0
39.772004536,842370112545244994,842370113792001870,28,12,,,interpolated,483.0,-719.0,-288.0
39.790894792,842370112564135250,842370113792001870,28,13,,,interpolated,630.0,-937.0,-390.0
39.809785047,842370112583025505,842370113792001870,28,14,,,interpolated,762.0,-1168.0,-447.0
39.828675303,842370112601915761,842370113792001870,28,15,,,interpolated,851.0,-1265.0,-460.0
39.847565559,842370112620806017,842370113792001870,28,16,,,interpolated,816.0,-1118.0,-458.0
39.866455815,842370112639696273,842370113792001870,28,17,,,interpolated,679.0,-885.0,-391.0
39.88534607,842370112658586528,842370113792001870,28,18,,,interpolated,498.0,-734.0,-268.0
39.904236326,842370112677476784,842370113792001870,28,19,,,interpolated,424.0,-652.0,-191.0
39.923126582,842370112696367040,842370113792001870,28,20,,,interpolated,377.0,-645.0,-170.0
39.942016837,842370112715257295,842370113792001870,28,21,,,interpolated,317.0,-644.0,-129.0
39.960907093,842370112734147551,842370113792001870,28,22,,,interpolated,335.0,-653.0,-103.0
39.979797349,842370112753037807,842370113792001870,28,23,,,interpolated,414.0,-694.0,-96.0
39.998687604,842370112771928062,842370113792001870,28,24,,,interpolated,504.0,-770.0,-118.0
40.01757786,842370112790818318,842370113792001870,28,25,,,interpolated,523.0,-839.0,-153.0
40.036468116,842370112809708574,842370113792001870,28,26,,,interpolated,497.0,-856.0,-147.0
40.055358371,842370112828598829,842370113792001870,28,27,,,interpolated,468.0,-858.0,-172.0
40.074248627,842370112847489085,842370113792001870,28,28,,,interpolated,449.0,-845.0,-215.0
40.093138883,842370112866379341,842370113792001870,28,29,,,interpolated,409.0,-833.0,-293.0
40.112029139,842370112885269597,842370113792001870,28,30,,,interpolated,369.0,-819.0,-356.0
40.130919394,842370112904159852,842370113792001870,28,31,,,interpolated,372.0,-835.0,-419.0
40.14980965,842370112923050108,842370113792001870,28,32,,,interpolated,382.0,-848.0,-457.0
40.168699906,842370112941940364,842370113792001870,28,33,,,interpolated,390.0,-884.0,-486.0
40.187590161,842370112960830619,842370113792001870,28,34,,,interpolated,356.0,-905.0,-540.0
40.206480417,842370112979720875,842370113792001870,28,35,,,interpolated,339.0,-897.0,-546.0
40.225370673,842370112998611131,842370113792001870,28,36,,,interpolated,301.0,-892.0,-600.0
40.244260928,842370113017501386,842370113792001870,28,37,,,interpolated,327.0,-820.0,-619.0
40.263151184,842370113036391642,842370113792001870,28,38,,,interpolated,378.0,-809.0,-678.0
40.28204144,842370113055281898,842370113792001870,28,39,,,interpolated,361.0,-859.0,-700.0
40.300931696,842370113074172154,842370113792001870,28,40,,,interpolated,352.0,-831.0,-660.0
40.319821951,842370113093062409,842370113792001870,28,41,,,interpolated,343.0,-787.0,-596.0
40.338712207,842370113111952665,842370113792001870,28,42,,,interpolated,358.0,-724.0,-508.0
40.357602463,842370113130842921,842370113792001870,28,43,,,interpolated,354.0,-662.0,-457.0
40.376492718,842370113149733176,842370113792001870,28,44,,,interpolated,396.0,-627.0,-432.0
40.395382974,842370113168623432,842370113792001870,28,45,,,interpolated,466.0,-669.0,-427.0
40.41427323,842370113187513688,842370113792001870,28,46,,,interpolated,495.0,-680.0,-421.0
40.433163485,842370113206403943,842370113792001870,28,47,,,interpolated,435.0,-654.0,-367.0
40.452053741,842370113225294199,842370113792001870,28,48,,,interpolated,363.0,-649.0,-312.0
40.470943997,842370113244184455,842370113792001870,28,49,,,interpolated,310.0,-647.0,-336.0
40.489834253,842370113263074711,842370113792001870,28,50,,,interpolated,260.0,-626.0,-401.0
40.508724508,842370113281964966,842370113792001870,28,51,,,interpolated,230.0,-592.0,-470.0
40.527614764,842370113300855222,842370113792001870,28,52,,,interpolated,233.0,-553.0,-547.0
40.54650502,842370113319745478,842370113792001870,28,53,,,interpolated,253.0,-606.0,-622.0
40.565395275,842370113338635733,842370113792001870,28,54,,,interpolated,292.0,-673.0,-687.0
40.584285531,842370113357525989,842370113792001870,28,55,,,interpolated,249.0,-676.0,-761.0
40.603175787,842370113376416245,842370113792001870,28,56,,,interpolated,199.0,-647.0,-784.0
40.622066042,842370113395306500,842370113792001870,28,57,,,interpolated,172.0,-675.0,-771.0
40.640956298,842370113414196756,842370113792001870,28,58,,,interpolated,202.0,-709.0,-729.0
40.659846554,842370113433087012,842370113792001870,28,59,,,interpolated,211.0,-681.0,-745.0
40.678736809,842370113451977267,842370113792001870,28,60,,,interpolated,262.0,-679.0,-706.0
40.697627065,842370113470867523,842370113792001870,28,61,,,interpolated,310.0,-719.0,-637.0
40.716517321,842370113489757779,842370113792001870,28,62,,,interpolated,311.0,-695.0,-628.0
40.735407577,842370113508648035,842370113792001870,28,63,,,interpolated,339.0,-712.0,-623.0
40.754297832,842370113527538290,842370113792001870,28,64,,,interpolated,367.0,-810.0,-619.0
40.773188088,842370113546428546,842370113792001870,28,65,,,interpolated,345.0,-802.0,-652.0
40.792078344,842370113565318802,842370113792001870,28,66,,,interpolated,340.0,-759.0,-681.0
40.810968599,842370113584209057,842370113792001870,28,67,,,interpolated,333.0,-734.0,-675.0
40.829858855,842370113603099313,842370113792001870,28,68,,,interpolated,311.0,-724.0,-648.0
40.848749111,842370113621989569,842370113792001870,28,69,,,interpolated,260.0,-732.0,-636.0
40.867639366,842370113640879824,842370113792001870,28,70,,,interpolated,189.0,-766.0,-616.0
40.886529622,842370113659770080,842370113792001870,28,71,,,interpolated,151.0,-806.0,-619.0
40.905419878,842370113678660336,842370113792001870,28,72,,,interpolated,79.0,-776.0,-650.0
40.924310134,842370113697550592,842370113792001870,28,73,,,interpolated,41.0,-742.0,-666.0
40.943200389,842370113716440847,842370113792001870,28,74,,,interpolated,44.0,-736.0,-657.0
40.962090645,842370113735331103,842370113792001870,28,75,,,interpolated,16.0,-734.0,-644.0
40.980980901,842370113754221359,842370113792001870,28,76,,,interpolated,11.0,-745.0,-648.0
40.999871156,842370113773111614,842370113792001870,28,77,,,interpolated,-9.0,-739.0,-663.0
41.018761412,842370113792001870,842370113792001870,28,78,,,interpolated,40.0,-740.0,-666.0
41.037651677,842370113810892135,842370115548796480,29,0,,,interpolated,168.0,-806.0,-675.0
41.056541941,842370113829782399,842370115548796480,29,1,,,interpolated,152.0,-863.0,-759.0
41.075432206,842370113848672664,842370115548796480,29,2,,,interpolated,91.0,-822.0,-757.0
41.09432247,842370113867562928,842370115548796480,29,3,,,interpolated,56.0,-822.0,-678.0
41.113212735,842370113886453193,842370115548796480,29,4,,,interpolated,27.0,-831.0,-636.0
41.132103,842370113905343458,842370115548796480,29,5,,,interpolated,9.0,-825.0,-633.0
41.150993264,842370113924233722,842370115548796480,29,6,,,interpolated,18.0,-829.0,-631.0
41.169883529,842370113943123987,842370115548796480,29,7,,,interpolated,27.0,-837.0,-605.0
41.188773794,842370113962014252,842370115548796480,29,8,,,interpolated,20.0,-786.0,-557.0
41.207664058,842370113980904516,842370115548796480,29,9,,,interpolated,3.0,-770.0,-518.0
41.226554323,842370113999794781,842370115548796480,29,10,,,interpolated,8.0,-770.0,-497.0
41.245444587,842370114018685045,842370115548796480,29,11,,,interpolated,-6.0,-780.0,-511.0
41.264334852,842370114037575310,842370115548796480,29,12,,,interpolated,-2.0,-784.0,-537.0
41.283225117,842370114056465575,842370115548796480,29,13,,,interpolated,6.0,-788.0,-570.0
41.302115381,842370114075355839,842370115548796480,29,14,,,interpolated,24.0,-773.0,-607.0
41.321005646,842370114094246104,842370115548796480,29,15,,,interpolated,28.0,-778.0,-625.0
41.339895911,842370114113136369,842370115548796480,29,16,,,interpolated,15.0,-795.0,-627.0
41.358786175,842370114132026633,842370115548796480,29,17,,,interpolated,-21.0,-788.0,-619.0
41.37767644,842370114150916898,842370115548796480,29,18,,,interpolated,-52.0,-788.0,-606.0
41.396566704,842370114169807162,842370115548796480,29,19,,,interpolated,-61.0,-791.0,-585.0
41.415456969,842370114188697427,842370115548796480,29,20,,,interpolated,-41.0,-783.0,-564.0
41.434347234,842370114207587692,842370115548796480,29,21,,,interpolated,2.0,-772.0,-550.0
41.453237498,842370114226477956,842370115548796480,29,22,,,interpolated,52.0,-780.0,-540.0
41.472127763,842370114245368221,842370115548796480,29,23,,,interpolated,79.0,-781.0,-543.0
41.491018028,842370114264258486,842370115548796480,29,24,,,interpolated,97.0,-773.0,-542.0
41.509908292,842370114283148750,842370115548796480,29,25,,,interpolated,91.0,-768.0,-537.0
41.528798557,842370114302039015,842370115548796480,29,26,,,interpolated,107.0,-773.0,-532.0
41.547688821,842370114320929279,842370115548796480,29,27,,,interpolated,111.0,-758.0,-543.0
41.566579086,842370114339819544,842370115548796480,29,28,,,interpolated,100.0,-750.0,-567.0
41.585469351,842370114358709809,842370115548796480,29,29,,,interpolated,60.0,-736.0,-593.0
41.604359615,842370114377600073,842370115548796480,29,30,,,interpolated,37.0,-713.0,-571.0
41.62324988,842370114396490338,842370115548796480,29,31,,,interpolated,41.0,-711.0,-562.0
41.642140145,842370114415380603,842370115548796480,29,32,,,interpolated,79.0,-718.0,-550.0
41.661030409,842370114434270867,842370115548796480,29,33,,,interpolated,110.0,-789.0,-587.0
41.679920674,842370114453161132,842370115548796480,29,34,,,interpolated,90.0,-833.0,-596.0
41.698810938,842370114472051396,842370115548796480,29,35,,,interpolated,109.0,-879.0,-599.0
41.717701203,842370114490941661,842370115548796480,29,36,,,interpolated,70.0,-858.0,-633.0
41.736591468,842370114509831926,842370115548796480,29,37,,,interpolated,27.0,-815.0,-589.0
41.755481732,842370114528722190,842370115548796480,29,38,,,interpolated,62.0,-807.0,-592.0
41.774371997,842370114547612455,842370115548796480,29,39,,,interpolated,71.0,-779.0,-628.0
41.793262262,842370114566502720,842370115548796480,29,40,,,interpolated,84.0,-791.0,-661.0
41.812152526,842370114585392984,842370115548796480,29,41,,,interpolated,100.0,-788.0,-700.0
41.831042791,842370114604283249,842370115548796480,29,42,,,interpolated,137.0,-772.0,-707.0
41.849933055,842370114623173513,842370115548796480,29,43,,,interpolated,154.0,-785.0,-731.0
41.86882332,842370114642063778,842370115548796480,29,44,,,interpolated,155.0,-786.0,-718.0
41.887713585,842370114660954043,842370115548796480,29,45,,,interpolated,139.0,-781.0,-681.0
41.906603849,842370114679844307,842370115548796480,29,46,,,interpolated,162.0,-768.0,-673.0
41.925494114,842370114698734572,842370115548796480,29,47,,,interpolated,165.0,-764.0,-680.0
41.944384379,842370114717624837,842370115548796480,29,48,,,interpolated,137.0,-763.0,-645.0
41.963274643,842370114736515101,842370115548796480,29,49,,,interpolated,144.0,-750.0,-606.0
41.982164908,842370114755405366,842370115548796480,29,50,,,interpolated,134.0,-726.0,-584.0
42.001055172,842370114774295630,842370115548796480,29,51,,,interpolated,122.0,-697.0,-572.0
42.019945437,842370114793185895,842370115548796480,29,52,,,interpolated,155.0,-711.0,-560.0
42.038835702,842370114812076160,842370115548796480,29,53,,,interpolated,156.0,-696.0,-567.0
42.057725966,842370114830966424,842370115548796480,29,54,,,interpolated,168.0,-699.0,-559.0
42.076616231,842370114849856689,842370115548796480,29,55,,,interpolated,169.0,-707.0,-547.0
42.095506496,842370114868746954,842370115548796480,29,56,,,interpolated,189.0,-709.0,-546.0
42.11439676,842370114887637218,842370115548796480,29,57,,,interpolated,200.0,-725.0,-576.0
42.133287025,842370114906527483,842370115548796480,29,58,,,interpolated,183.0,-728.0,-576.0
42.152177289,842370114925417747,842370115548796480,29,59,,,interpolated,172.0,-724.0,-602.0
42.171067554,842370114944308012,842370115548796480,29,60,,,interpolated,152.0,-739.0,-611.0
42.189957819,842370114963198277,842370115548796480,29,61,,,interpolated,133.0,-756.0,-619.0
42.208848083,842370114982088541,842370115548796480,29,62,,,interpolated,145.0,-755.0,-636.0
42.227738348,842370115000978806,842370115548796480,29,63,,,interpolated,156.0,-765.0,-676.0
42.246628613,842370115019869071,842370115548796480,29,64,,,interpolated,148.0,-767.0,-677.0
42.265518877,842370115038759335,842370115548796480,29,65,,,interpolated,100.0,-757.0,-716.0
42.284409142,842370115057649600,842370115548796480,29,66,,,interpolated,60.0,-750.0,-701.0
42.303299406,842370115076539864,842370115548796480,29,67,,,interpolated,27.0,-758.0,-699.0
42.322189671,842370115095430129,842370115548796480,29,68,,,interpolated,10.0,-777.0,-690.0
42.341079936,842370115114320394,842370115548796480,29,69,,,interpolated,47.0,-796.0,-676.0
42.3599702,842370115133210658,842370115548796480,29,70,,,interpolated,71.0,-790.0,-672.0
42.378860465,842370115152100923,842370115548796480,29,71,,,interpolated,65.0,-789.0,-656.0
42.39775073,842370115170991188,842370115548796480,29,72,,,interpolated,54.0,-766.0,-659.0
42.416640994,842370115189881452,842370115548796480,29,73,,,interpolated,32.0,-756.0,-640.0
42.435531259,842370115208771717,842370115548796480,29,74,,,interpolated,8.0,-777.0,-636.0
42.454421523,842370115227661981,842370115548796480,29,75,,,interpolated,3.0,-766.0,-649.0
42.473311788,842370115246552246,842370115548796480,29,76,,,interpolated,19.0,-756.0,-676.0
42.492202053,842370115265442511,842370115548796480,29,77,,,interpolated,33.0,-762.0,-693.0
42.511092317,842370115284332775,842370115548796480,29,78,,,interpolated,51.0,-759.0,-699.0
42.529982582,842370115303223040,842370115548796480,29,79,,,interpolated,54.0,-736.0,-692.0
42.548872847,842370115322113305,842370115548796480,29,80,,,interpolated,43.0,-721.0,-679.0
42.567763111,842370115341003569,842370115548796480,29,81,,,interpolated,47.0,-712.0,-656.0
42.586653376,842370115359893834,842370115548796480,29,82,,,interpolated,56.0,-719.0,-637.0
42.60554364,842370115378784098,842370115548796480,29,83,,,interpolated,58.0,-716.0,-621.0
42.624433905,842370115397674363,842370115548796480,29,84,,,interpolated,55.0,-711.0,-608.0
42.64332417,842370115416564628,842370115548796480,29,85,,,interpolated,37.0,-707.0,-598.0
42.662214434,842370115435454892,842370115548796480,29,86,,,interpolated,37.0,-700.0,-608.0
42.681104699,842370115454345157,842370115548796480,29,87,,,interpolated,44.0,-708.0,-613.0
42.699994964,842370115473235422,842370115548796480,29,88,,,interpolated,72.0,-704.0,-629.0
42.718885228,842370115492125686,842370115548796480,29,89,,,interpolated,75.0,-689.0,-652.0
42.737775493,842370115511015951,842370115548796480,29,90,,,interpolated,78.0,-688.0,-677.0
42.756665757,842370115529906215,842370115548796480,29,91,,,interpolated,61.0,-697.0,-686.0
42.775556022,842370115548796480,842370115548796480,29,92,,,interpolated,58.0,-703.0,-699.0
42.794446155,842370115567686613,842370117645601284,30,0,,,interpolated,56.0,-704.0,-714.0
42.813336289,842370115586576747,842370117645601284,30,1,,,interpolated,50.0,-703.0,-703.0
42.832226422,842370115605466880,842370117645601284,30,2,,,interpolated,60.0,-712.0,-706.0
42.851116555,842370115624357013,842370117645601284,30,3,,,interpolated,59.0,-717.0,-709.0
42.870006689,842370115643247147,842370117645601284,30,4,,,interpolated,68.0,-720.0,-715.0
42.888896822,842370115662137280,842370117645601284,30,5,,,interpolated,59.0,-723.0,-716.0
42.907786956,842370115681027414,842370117645601284,30,6,,,interpolated,55.0,-733.0,-722.0
42.926677089,842370115699917547,842370117645601284,30,7,,,interpolated,52.0,-726.0,-718.0
42.945567222,842370115718807680,842370117645601284,30,8,,,interpolated,60.0,-708.0,-711.0
42.964457356,842370115737697814,842370117645601284,30,9,,,interpolated,65.0,-698.0,-711.0
42.983347489,842370115756587947,842370117645601284,30,10,,,interpolated,65.0,-687.0,-709.0
43.002237622,842370115775478080,842370117645601284,30,11,,,interpolated,62.0,-685.0,-717.0
43.021127756,842370115794368214,842370117645601284,30,12,,,interpolated,67.0,-678.0,-716.0
43.040017889,842370115813258347,842370117645601284,30,13,,,interpolated,74.0,-679.0,-723.0
43.058908023,842370115832148481,842370117645601284,30,14,,,interpolated,76.0,-676.0,-722.0
43.077798156,842370115851038614,842370117645601284,30,15,,,interpolated,75.0,-680.0,-725.0
43.096688289,842370115869928747,842370117645601284,30,16,,,interpolated,74.0,-664.0,-717.0
43.115578423,842370115888818881,842370117645601284,30,17,,,interpolated,78.0,-663.0,-720.0
43.134468556,842370115907709014,842370117645601284,30,18,,,interpolated,83.0,-663.0,-707.0
43.153358689,842370115926599147,842370117645601284,30,19,,,interpolated,81.0,-659.0,-706.0
43.172248823,842370115945489281,842370117645601284,30,20,,,interpolated,76.0,-668.0,-704.0
43.191138956,842370115964379414,842370117645601284,30,21,,,interpolated,71.0,-663.0,-698.0
43.210029089,842370115983269547,842370117645601284,30,22,,,interpolated,72.0,-666.0,-697.0
43.228919223,842370116002159681,842370117645601284,30,23,,,interpolated,79.0,-672.0,-696.0
43.247809356,842370116021049814,842370117645601284,30,24,,,interpolated,85.0,-673.0,-699.0
43.26669949,842370116039939948,842370117645601284,30,25,,,interpolated,99.0,-672.0,-700.0
43.285589623,842370116058830081,842370117645601284,30,26,,,interpolated,108.0,-686.0,-709.0
43.304479756,842370116077720214,842370117645601284,30,27,,,interpolated,109.0,-684.0,-715.0
43.32336989,842370116096610348,842370117645601284,30,28,,,interpolated,110.0,-675.0,-710.0
43.342260023,842370116115500481,842370117645601284,30,29,,,interpolated,106.0,-674.0,-719.0
43.361150156,842370116134390614,842370117645601284,30,30,,,interpolated,84.0,-699.0,-717.0
43.38004029,842370116153280748,842370117645601284,30,31,,,interpolated,91.0,-713.0,-702.0
43.398930423,842370116172170881,842370117645601284,30,32,,,interpolated,99.0,-725.0,-708.0
43.417820557,842370116191061015,842370117645601284,30,33,,,interpolated,96.0,-712.0,-702.0
43.43671069,842370116209951148,842370117645601284,30,34,,,interpolated,91.0,-688.0,-712.0
43.455600823,842370116228841281,842370117645601284,30,35,,,interpolated,94.0,-692.0,-708.0
43.474490957,842370116247731415,842370117645601284,30,36,,,interpolated,105.0,-705.0,-706.0
43.49338109,842370116266621548,842370117645601284,30,37,,,interpolated,109.0,-714.0,-721.0
43.512271223,842370116285511681,842370117645601284,30,38,,,interpolated,105.0,-716.0,-733.0
43.531161357,842370116304401815,842370117645601284,30,39,,,interpolated,117.0,-729.0,-740.0
43.55005149,842370116323291948,842370117645601284,30,40,,,interpolated,115.0,-723.0,-725.0
43.568941624,842370116342182082,842370117645601284,30,41,,,interpolated,104.0,-728.0,-711.0
43.587831757,842370116361072215,842370117645601284,30,42,,,interpolated,107.0,-730.0,-694.0
43.60672189,842370116379962348,842370117645601284,30,43,,,interpolated,134.0,-722.0,-667.0
43.625612024,842370116398852482,842370117645601284,30,44,,,interpolated,160.0,-705.0,-677.0
43.644502157,842370116417742615,842370117645601284,30,45,,,interpolated,162.0,-700.0,-685.0
43.66339229,842370116436632748,842370117645601284,30,46,,,interpolated,158.0,-693.0,-673.0
43.682282424,842370116455522882,842370117645601284,30,47,,,interpolated,162.0,-683.0,-654.0
43.701172557,842370116474413015,842370117645601284,30,48,,,interpolated,154.0,-673.0,-651.0
43.72006269,842370116493303148,842370117645601284,30,49,,,interpolated,133.0,-657.0,-652.0
43.738952824,842370116512193282,842370117645601284,30,50,,,interpolated,92.0,-645.0,-655.0
43.757842957,842370116531083415,842370117645601284,30,51,,,interpolated,68.0,-644.0,-655.0
43.776733091,842370116549973549,842370117645601284,30,52,,,interpolated,45.0,-663.0,-679.0
43.795623224,842370116568863682,842370117645601284,30,53,,,interpolated,31.0,-679.0,-699.0
43.814513357,842370116587753815,842370117645601284,30,54,,,interpolated,36.0,-680.0,-716.0
43.833403491,842370116606643949,842370117645601284,30,55,,,interpolated,27.0,-688.0,-750.0
43.852293624,842370116625534082,842370117645601284,30,56,,,interpolated,26.0,-701.0,-758.0
43.871183757,842370116644424215,842370117645601284,30,57,,,interpolated,17.0,-687.0,-764.0
43.890073891,842370116663314349,842370117645601284,30,58,,,interpolated,11.0,-662.0,-763.0
43.908964024,842370116682204482,842370117645601284,30,59,,,interpolated,-3.0,-644.0,-760.0
43.927854158,842370116701094616,842370117645601284,30,60,,,interpolated,-11.0,-644.0,-749.0
43.946744291,842370116719984749,842370117645601284,30,61,,,interpolated,-21.0,-645.0,-727.0
43.965634424,842370116738874882,842370117645601284,30,62,,,interpolated,-3.0,-639.0,-735.0
43.984524558,842370116757765016,842370117645601284,30,63,,,interpolated,10.0,-647.0,-725.0
44.003414691,842370116776655149,842370117645601284,30,64,,,interpolated,9.0,-641.0,-732.0
44.022304824,842370116795545282,842370117645601284,30,65,,,interpolated,5.0,-637.0,-737.0
44.041194958,842370116814435416,842370117645601284,30,66,,,interpolated,-11.0,-624.0,-762.0
44.060085091,842370116833325549,842370117645601284,30,67,,,interpolated,-40.0,-638.0,-753.0
44.078975224,842370116852215682,842370117645601284,30,68,,,interpolated,-54.0,-653.0,-754.0
44.097865358,842370116871105816,842370117645601284,30,69,,,interpolated,-33.0,-663.0,-761.0
44.116755491,842370116889995949,842370117645601284,30,70,,,interpolated,-3.0,-656.0,-775.0
44.135645625,842370116908886083,842370117645601284,30,71,,,interpolated,2.0,-652.0,-771.0
44.154535758,842370116927776216,842370117645601284,30,72,,,interpolated,-2.0,-651.0,-760.0
44.173425891,842370116946666349,842370117645601284,30,73,,,interpolated,-3.0,-642.0,-736.0
44.192316025,842370116965556483,842370117645601284,30,74,,,interpolated,0.0,-648.0,-734.0
44.211206158,842370116984446616,842370117645601284,30,75,,,interpolated,11.0,-648.0,-738.0
44.230096291,842370117003336749,842370117645601284,30,76,,,interpolated,9.0,-649.0,-739.0
44.248986425,842370117022226883,842370117645601284,30,77,,,interpolated,14.0,-639.0,-741.0
44.267876558,842370117041117016,842370117645601284,30,78,,,interpolated,16.0,-649.0,-734.0
44.286766692,842370117060007150,842370117645601284,30,79,,,interpolated,13.0,-649.0,-738.0
44.305656825,842370117078897283,842370117645601284,30,80,,,interpolated,15.0,-654.0,-747.0
44.324546958,842370117097787416,842370117645601284,30,81,,,interpolated,8.0,-663.0,-751.0
44.343437092,842370117116677550,842370117645601284,30,82,,,interpolated,0.0,-669.0,-752.0
44.362327225,842370117135567683,842370117645601284,30,83,,,interpolated,1.0,-665.0,-748.0
44.381217358,842370117154457816,842370117645601284,30,84,,,interpolated,1.0,-649.0,-753.0
44.400107492,842370117173347950,842370117645601284,30,85,,,interpolated,-8.0,-648.0,-772.0
44.418997625,842370117192238083,842370117645601284,30,86,,,interpolated,-7.0,-655.0,-761.0
44.437887759,842370117211128217,842370117645601284,30,87,,,interpolated,0.0,-659.0,-757.0
44.456777892,842370117230018350,842370117645601284,30,88,,,interpolated,9.0,-654.0,-745.0
44.475668025,842370117248908483,842370117645601284,30,89,,,interpolated,23.0,-655.0,-753.0
44.494558159,842370117267798617,842370117645601284,30,90,,,interpolated,27.0,-650.0,-748.0
44.513448292,842370117286688750,842370117645601284,30,91,,,interpolated,28.0,-635.0,-745.0
44.532338425,842370117305578883,842370117645601284,30,92,,,interpolated,35.0,-628.0,-732.0
44.551228559,842370117324469017,842370117645601284,30,93,,,interpolated,28.0,-631.0,-740.0
44.570118692,842370117343359150,842370117645601284,30,94,,,interpolated,19.0,-633.0,-733.0
44.589008825,842370117362249283,842370117645601284,30,95,,,interpolated,15.0,-642.0,-730.0
44.607898959,842370117381139417,842370117645601284,30,96,,,interpolated,34.0,-651.0,-733.0
44.626789092,842370117400029550,842370117645601284,30,97,,,interpolated,30.0,-662.0,-744.0
44.645679226,842370117418919684,842370117645601284,30,98,,,interpolated,7.0,-666.0,-749.0
44.664569359,842370117437809817,842370117645601284,30,99,,,interpolated,-1.0,-659.0,-742.0
44.683459492,842370117456699950,842370117645601284,30,100,,,interpolated,-5.0,-657.0,-745.0
44.702349626,842370117475590084,842370117645601284,30,101,,,interpolated,-15.0,-657.0,-751.0
44.721239759,842370117494480217,842370117645601284,30,102,,,interpolated,-18.0,-655.0,-745.0
44.740129892,842370117513370350,842370117645601284,30,103,,,interpolated,5.0,-656.0,-750.0
44.759020026,842370117532260484,842370117645601284,30,104,,,interpolated,4.0,-655.0,-753.0
44.777910159,842370117551150617,842370117645601284,30,105,,,interpolated,-2.0,-666.0,-748.0
44.796800293,842370117570040751,842370117645601284,30,106,,,interpolated,-5.0,-672.0,-750.0
44.815690426,842370117588930884,842370117645601284,30,107,,,interpolated,-11.0,-674.0,-734.0
44.834580559,842370117607821017,842370117645601284,30,108,,,interpolated,-12.0,-677.0,-745.0
44.853470693,842370117626711151,842370117645601284,30,109,,,interpolated,-14.0,-690.0,-756.0
44.872360826,842370117645601284,842370117645601284,30,110,,,interpolated,-10.0,-698.0,-746.0
44.891251129,842370117664491587,842370119685753998,31,0,,,interpolated,-2.0,-688.0,-744.0
44.910141432,842370117683381890,842370119685753998,31,1,,,interpolated,4.0,-673.0,-742.0
44.929031735,842370117702272193,842370119685753998,31,2,,,interpolated,8.0,-671.0,-737.0
44.947922038,842370117721162496,842370119685753998,31,3,,,interpolated,1.0,-668.0,-734.0
44.966812341,842370117740052799,842370119685753998,31,4,,,interpolated,8.0,-663.0,-727.0
44.985702643,842370117758943101,842370119685753998,31,5,,,interpolated,12.0,-652.0,-723.0
45.004592946,842370117777833404,842370119685753998,31,6,,,interpolated,3.0,-660.0,-730.0
45.023483249,842370117796723707,842370119685753998,31,7,,,interpolated,3.0,-679.0,-717.0
45.042373552,842370117815614010,842370119685753998,31,8,,,interpolated,12.0,-685.0,-717.0
45.061263855,842370117834504313,842370119685753998,31,9,,,interpolated,17.0,-675.0,-727.0
45.080154158,842370117853394616,842370119685753998,31,10,,,interpolated,25.0,-673.0,-740.0
45.099044461,842370117872284919,842370119685753998,31,11,,,interpolated,29.0,-677.0,-752.0
45.117934764,842370117891175222,842370119685753998,31,12,,,interpolated,40.0,-676.0,-749.0
45.136825067,842370117910065525,842370119685753998,31,13,,,interpolated,31.0,-672.0,-734.0
45.15571537,842370117928955828,842370119685753998,31,14,,,interpolated,35.0,-671.0,-723.0
45.174605673,842370117947846131,842370119685753998,31,15,,,interpolated,31.0,-664.0,-715.0
45.193495975,842370117966736433,842370119685753998,31,16,,,interpolated,23.0,-657.0,-710.0
45.212386278,842370117985626736,842370119685753998,31,17,,,interpolated,23.0,-649.0,-716.0
45.231276581,842370118004517039,842370119685753998,31,18,,,interpolated,17.0,-648.0,-719.0
45.250166884,842370118023407342,842370119685753998,31,19,,,interpolated,13.0,-659.0,-721.0
45.269057187,842370118042297645,842370119685753998,31,20,,,interpolated,16.0,-666.0,-731.0
45.28794749,842370118061187948,842370119685753998,31,21,,,interpolated,37.0,-667.0,-757.0
45.306837793,842370118080078251,842370119685753998,31,22,,,interpolated,38.0,-682.0,-772.0
45.325728096,842370118098968554,842370119685753998,31,23,,,interpolated,36.0,-677.0,-764.0
45.344618399,842370118117858857,842370119685753998,31,24,,,interpolated,25.0,-672.0,-753.0
45.363508702,842370118136749160,842370119685753998,31,25,,,interpolated,17.0,-665.0,-748.0
45.382399005,842370118155639463,842370119685753998,31,26,,,interpolated,22.0,-661.0,-746.0
45.401289307,842370118174529765,842370119685753998,31,27,,,interpolated,34.0,-671.0,-751.0
45.42017961,842370118193420068,842370119685753998,31,28,,,interpolated,42.0,-654.0,-747.0
45.439069913,842370118212310371,842370119685753998,31,29,,,interpolated,47.0,-651.0,-744.0
45.457960216,842370118231200674,842370119685753998,31,30,,,interpolated,34.0,-646.0,-747.0
45.476850519,842370118250090977,842370119685753998,31,31,,,interpolated,28.0,-644.0,-742.0
45.495740822,842370118268981280,842370119685753998,31,32,,,interpolated,23.0,-635.0,-746.0
45.514631125,842370118287871583,842370119685753998,31,33,,,interpolated,38.0,-635.0,-740.0
45.533521428,842370118306761886,842370119685753998,31,34,,,interpolated,74.0,-644.0,-743.0
45.552411731,842370118325652189,842370119685753998,31,35,,,interpolated,86.0,-657.0,-760.0
45.571302034,842370118344542492,842370119685753998,31,36,,,interpolated,83.0,-659.0,-767.0
45.590192336,842370118363432794,842370119685753998,31,37,,,interpolated,65.0,-654.0,-760.0
45.609082639,842370118382323097,842370119685753998,31,38,,,interpolated,60.0,-646.0,-748.0
45.627972942,842370118401213400,842370119685753998,31,39,,,interpolated,68.0,-641.0,-740.0
45.646863245,842370118420103703,842370119685753998,31,40,,,interpolated,74.0,-637.0,-748.0
45.665753548,842370118438994006,842370119685753998,31,41,,,interpolated,64.0,-638.0,-746.0
45.684643851,842370118457884309,842370119685753998,31,42,,,interpolated,60.0,-646.0,-735.0
45.703534154,842370118476774612,842370119685753998,31,43,,,interpolated,64.0,-639.0,-735.0
45.722424457,842370118495664915,842370119685753998,31,44,,,interpolated,65.0,-640.0,-734.0
45.74131476,842370118514555218,842370119685753998,31,45,,,interpolated,69.0,-637.0,-733.0
45.760205063,842370118533445521,842370119685753998,31,46,,,interpolated,73.0,-634.0,-721.0
45.779095366,842370118552335824,842370119685753998,31,47,,,interpolated,67.0,-629.0,-714.0
45.797985668,842370118571226126,842370119685753998,31,48,,,interpolated,71.0,-624.0,-705.0
45.816875971,842370118590116429,842370119685753998,31,49,,,interpolated,79.0,-620.0,-712.0
45.835766274,842370118609006732,842370119685753998,31,50,,,interpolated,79.0,-630.0,-727.0
45.854656577,842370118627897035,842370119685753998,31,51,,,interpolated,92.0,-643.0,-754.0
45.87354688,842370118646787338,842370119685753998,31,52,,,interpolated,92.0,-655.0,-780.0
45.892437183,842370118665677641,842370119685753998,31,53,,,interpolated,86.0,-664.0,-782.0
45.911327486,842370118684567944,842370119685753998,31,54,,,interpolated,94.0,-670.0,-770.0
45.930217789,842370118703458247,842370119685753998,31,55,,,interpolated,85.0,-677.0,-767.0
45.949108092,842370118722348550,842370119685753998,31,56,,,interpolated,68.0,-671.0,-751.0
45.967998395,842370118741238853,842370119685753998,31,57,,,interpolated,58.0,-663.0,-744.0
45.986888698,842370118760129156,842370119685753998,31,58,,,interpolated,66.0,-665.0,-737.0
46.005779,842370118779019458,842370119685753998,31,59,,,interpolated,77.0,-660.0,-721.0
46.024669303,842370118797909761,842370119685753998,31,60,,,interpolated,74.0,-646.0,-731.0
46.043559606,842370118816800064,842370119685753998,31,61,,,interpolated,76.0,-633.0,-732.0
46.062449909,842370118835690367,842370119685753998,31,62,,,interpolated,84.0,-641.0,-729.0
46.081340212,842370118854580670,842370119685753998,31,63,,,interpolated,92.0,-647.0,-726.0
46.100230515,842370118873470973,842370119685753998,31,64,,,interpolated,97.0,-650.0,-738.0
46.119120818,842370118892361276,842370119685753998,31,65,,,interpolated,68.0,-654.0,-743.0
46.138011121,842370118911251579,842370119685753998,31,66,,,interpolated,73.0,-653.0,-742.0
46.156901424,842370118930141882,842370119685753998,31,67,,,interpolated,89.0,-650.0,-744.0
46.175791727,842370118949032185,842370119685753998,31,68,,,interpolated,77.0,-652.0,-741.0
46.19468203,842370118967922488,842370119685753998,31,69,,,interpolated,77.0,-656.0,-746.0
46.213572332,842370118986812790,842370119685753998,31,70,,,interpolated,78.0,-661.0,-743.0
46.232462635,842370119005703093,842370119685753998,31,71,,,interpolated,80.0,-656.0,-739.0
46.251352938,842370119024593396,842370119685753998,31,72,,,interpolated,79.0,-654.0,-736.0
46.270243241,842370119043483699,842370119685753998,31,73,,,interpolated,83.0,-653.0,-730.0
46.289133544,842370119062374002,842370119685753998,31,74,,,interpolated,79.0,-654.0,-733.0
46.308023847,842370119081264305,842370119685753998,31,75,,,interpolated,83.0,-648.0,-737.0
46.32691415,842370119100154608,842370119685753998,31,76,,,interpolated,86.0,-649.0,-740.0
46.345804453,842370119119044911,842370119685753998,31,77,,,interpolated,77.0,-649.0,-738.0
46.364694756,842370119137935214,842370119685753998,31,78,,,interpolated,80.0,-649.0,-738.0
46.383585059,842370119156825517,842370119685753998,31,79,,,interpolated,86.0,-651.0,-745.0
46.402475362,842370119175715820,842370119685753998,31,80,,,interpolated,80.0,-648.0,-744.0
46.421365664,842370119194606122,842370119685753998,31,81,,,interpolated,76.0,-649.0,-745.0
46.440255967,842370119213496425,842370119685753998,31,82,,,interpolated,75.0,-647.0,-738.0
46.45914627,842370119232386728,842370119685753998,31,83,,,interpolated,82.0,-654.0,-732.0
46.478036573,842370119251277031,842370119685753998,31,84,,,interpolated,72.0,-653.0,-739.0
46.496926876,842370119270167334,842370119685753998,31,85,,,interpolated,68.0,-651.0,-734.0
46.515817179,842370119289057637,842370119685753998,31,86,,,interpolated,74.0,-644.0,-736.0
46.534707482,842370119307947940,842370119685753998,31,87,,,interpolated,78.0,-651.0,-744.0
46.553597785,842370119326838243,842370119685753998,31,88,,,interpolated,76.0,-650.0,-749.0
46.572488088,842370119345728546,842370119685753998,31,89,,,interpolated,76.0,-653.0,-742.0
46.591378391,842370119364618849,842370119685753998,31,90,,,interpolated,78.0,-651.0,-743.0
46.610268693,842370119383509151,842370119685753998,31,91,,,interpolated,73.0,-656.0,-739.0
46.629158996,842370119402399454,842370119685753998,31,92,,,interpolated,69.0,-650.0,-738.0
46.648049299,842370119421289757,842370119685753998,31,93,,,interpolated,66.0,-652.0,-740.0
46.666939602,842370119440180060,842370119685753998,31,94,,,interpolated,67.0,-658.0,-740.0
46.685829905,842370119459070363,842370119685753998,31,95,,,interpolated,75.0,-655.0,-740.0
46.704720208,842370119477960666,842370119685753998,31,96,,,interpolated,74.0,-649.0,-739.0
46.723610511,842370119496850969,842370119685753998,31,97,,,interpolated,69.0,-650.0,-740.0
46.742500814,842370119515741272,842370119685753998,31,98,,,interpolated,68.0,-653.0,-737.0
46.761391117,842370119534631575,842370119685753998,31,99,,,interpolated,69.0,-653.0,-742.0
46.78028142,842370119553521878,842370119685753998,31,100,,,interpolated,76.0,-652.0,-742.0
46.799171723,842370119572412181,842370119685753998,31,101,,,interpolated,71.0,-652.0,-739.0
46.818062025,842370119591302483,842370119685753998,31,102,,,interpolated,66.0,-651.0,-744.0
46.836952328,842370119610192786,842370119685753998,31,103,,,interpolated,74.0,-652.0,-747.0
46.855842631,842370119629083089,842370119685753998,31,104,,,interpolated,68.0,-657.0,-741.0
46.874732934,842370119647973392,842370119685753998,31,105,,,interpolated,56.0,-647.0,-743.0
46.893623237,842370119666863695,842370119685753998,31,106,,,interpolated,55.0,-646.0,-738.0
46.91251354,842370119685753998,842370119685753998,31,107,,,interpolated,71.0,-646.0,-739.0
46.931403478,842370119704643936,842370121895876710,32,0,,,interpolated,80.0,-654.0,-742.0
46.950293415,842370119723533873,842370121895876710,32,1,,,interpolated,78.0,-652.0,-735.0
46.969183353,842370119742423811,842370121895876710,32,2,,,interpolated,65.0,-654.0,-735.0
46.988073291,842370119761313749,842370121895876710,32,3,,,interpolated,60.0,-653.0,-737.0
47.006963229,842370119780203687,842370121895876710,32,4,,,interpolated,56.0,-651.0,-741.0
47.025853166,842370119799093624,842370121895876710,32,5,,,interpolated,60.0,-654.0,-737.0
47.044743104,842370119817983562,842370121895876710,32,6,,,interpolated,75.0,-657.0,-741.0
47.063633042,842370119836873500,842370121895876710,32,7,,,interpolated,76.0,-656.0,-735.0
47.082522979,842370119855763437,842370121895876710,32,8,,,interpolated,67.0,-652.0,-735.0
47.101412917,842370119874653375,842370121895876710,32,9,,,interpolated,63.0,-653.0,-745.0
47.120302855,842370119893543313,842370121895876710,32,10,,,interpolated,68.0,-661.0,-745.0
47.139192793,842370119912433251,842370121895876710,32,11,,,interpolated,66.0,-671.0,-749.0
47.15808273,842370119931323188,842370121895876710,32,12,,,interpolated,63.0,-665.0,-744.0
47.176972668,842370119950213126,842370121895876710,32,13,,,interpolated,63.0,-658.0,-745.0
47.195862606,842370119969103064,842370121895876710,32,14,,,interpolated,72.0,-660.0,-757.0
47.214752543,842370119987993001,842370121895876710,32,15,,,interpolated,69.0,-664.0,-747.0
47.233642481,842370120006882939,842370121895876710,32,16,,,interpolated,70.0,-657.0,-745.0
47.252532419,842370120025772877,842370121895876710,32,17,,,interpolated,72.0,-650.0,-743.0
47.271422356,842370120044662814,842370121895876710,32,18,,,interpolated,69.0,-647.0,-732.0
47.290312294,842370120063552752,842370121895876710,32,19,,,interpolated,70.0,-642.0,-731.0
47.309202232,842370120082442690,842370121895876710,32,20,,,interpolated,74.0,-637.0,-728.0
47.32809217,842370120101332628,842370121895876710,32,21,,,interpolated,80.0,-636.0,-733.0
47.346982107,842370120120222565,842370121895876710,32,22,,,interpolated,73.0,-637.0,-734.0
47.365872045,842370120139112503,842370121895876710,32,23,,,interpolated,68.0,-638.0,-740.0
47.384761983,842370120158002441,842370121895876710,32,24,,,interpolated,80.0,-644.0,-745.0
47.40365192,842370120176892378,842370121895876710,32,25,,,interpolated,78.0,-648.0,-753.0
47.422541858,842370120195782316,842370121895876710,32,26,,,interpolated,70.0,-644.0,-751.0
47.441431796,842370120214672254,842370121895876710,32,27,,,interpolated,63.0,-653.0,-748.0
47.460321734,842370120233562192,842370121895876710,32,28,,,interpolated,67.0,-651.0,-747.0
47.479211671,842370120252452129,842370121895876710,32,29,,,interpolated,66.0,-654.0,-750.0
47.498101609,842370120271342067,842370121895876710,32,30,,,interpolated,69.0,-649.0,-752.0
47.516991547,842370120290232005,842370121895876710,32,31,,,interpolated,73.0,-646.0,-746.0
47.535881484,842370120309121942,842370121895876710,32,32,,,interpolated,72.0,-640.0,-746.0
47.554771422,842370120328011880,842370121895876710,32,33,,,interpolated,73.0,-645.0,-751.0
47.57366136,842370120346901818,842370121895876710,32,34,,,interpolated,73.0,-647.0,-751.0
47.592551298,842370120365791756,842370121895876710,32,35,,,interpolated,74.0,-643.0,-754.0
47.611441235,842370120384681693,842370121895876710,32,36,,,interpolated,76.0,-636.0,-751.0
47.630331173,842370120403571631,842370121895876710,32,37,,,interpolated,75.0,-646.0,-752.0
47.649221111,842370120422461569,842370121895876710,32,38,,,interpolated,76.0,-653.0,-755.0
47.668111048,842370120441351506,842370121895876710,32,39,,,interpolated,71.0,-645.0,-751.0
47.687000986,842370120460241444,842370121895876710,32,40,,,interpolated,76.0,-648.0,-751.0
47.705890924,842370120479131382,842370121895876710,32,41,,,interpolated,80.0,-643.0,-753.0
47.724780862,842370120498021320,842370121895876710,32,42,,,interpolated,70.0,-636.0,-762.0
47.743670799,842370120516911257,842370121895876710,32,43,,,interpolated,69.0,-630.0,-759.0
47.762560737,842370120535801195,842370121895876710,32,44,,,interpolated,73.0,-629.0,-751.0
47.781450675,842370120554691133,842370121895876710,32,45,,,interpolated,79.0,-634.0,-745.0
47.800340612,842370120573581070,842370121895876710,32,46,,,interpolated,74.0,-636.0,-741.0
47.81923055,842370120592471008,842370121895876710,32,47,,,interpolated,80.0,-635.0,-743.0
47.838120488,842370120611360946,842370121895876710,32,48,,,interpolated,82.0,-635.0,-736.0
47.857010425,842370120630250883,842370121895876710,32,49,,,interpolated,83.0,-638.0,-739.0
47.875900363,842370120649140821,842370121895876710,32,50,,,interpolated,79.0,-642.0,-743.0
47.894790301,842370120668030759,842370121895876710,32,51,,,interpolated,75.0,-643.0,-750.0
47.913680239,842370120686920697,842370121895876710,32,52,,,interpolated,82.0,-639.0,-751.0
47.932570176,842370120705810634,842370121895876710,32,53,,,interpolated,84.0,-644.0,-753.0
47.951460114,842370120724700572,842370121895876710,32,54,,,interpolated,81.0,-641.0,-755.0
47.970350052,842370120743590510,842370121895876710,32,55,,,interpolated,81.0,-648.0,-754.0
47.989239989,842370120762480447,842370121895876710,32,56,,,interpolated,83.0,-647.0,-759.0
48.008129927,842370120781370385,842370121895876710,32,57,,,interpolated,87.0,-646.0,-761.0
48.027019865,842370120800260323,842370121895876710,32,58,,,interpolated,83.0,-644.0,-762.0
48.045909803,842370120819150261,842370121895876710,32,59,,,interpolated,78.0,-646.0,-767.0
48.06479974,842370120838040198,842370121895876710,32,60,,,interpolated,76.0,-645.0,-766.0
48.083689678,842370120856930136,842370121895876710,32,61,,,interpolated,84.0,-642.0,-764.0
48.102579616,842370120875820074,842370121895876710,32,62,,,interpolated,89.0,-639.0,-754.0
48.121469553,842370120894710011,842370121895876710,32,63,,,interpolated,89.0,-634.0,-750.0
48.140359491,842370120913599949,842370121895876710,32,64,,,interpolated,83.0,-639.0,-743.0
48.159249429,842370120932489887,842370121895876710,32,65,,,interpolated,81.0,-633.0,-737.0
48.178139367,842370120951379825,842370121895876710,32,66,,,interpolated,91.0,-627.0,-737.0
48.197029304,842370120970269762,842370121895876710,32,67,,,interpolated,89.0,-629.0,-748.0
48.215919242,842370120989159700,842370121895876710,32,68,,,interpolated,90.0,-634.0,-742.0
48.23480918,842370121008049638,842370121895876710,32,69,,,interpolated,95.0,-626.0,-741.0
48.253699117,842370121026939575,842370121895876710,32,70,,,interpolated,95.0,-628.0,-733.0
48.272589055,842370121045829513,842370121895876710,32,71,,,interpolated,94.0,-629.0,-749.0
48.291478993,842370121064719451,842370121895876710,32,72,,,interpolated,91.0,-633.0,-752.0
48.31036893,842370121083609388,842370121895876710,32,73,,,interpolated,96.0,-629.0,-744.0
48.329258868,842370121102499326,842370121895876710,32,74,,,interpolated,98.0,-629.0,-745.0
48.348148806,842370121121389264,842370121895876710,32,75,,,interpolated,89.0,-633.0,-746.0
48.367038744,842370121140279202,842370121895876710,32,76,,,interpolated,84.0,-633.0,-753.0
48.385928681,842370121159169139,842370121895876710,32,77,,,interpolated,91.0,-636.0,-753.0
48.404818619,842370121178059077,842370121895876710,32,78,,,interpolated,96.0,-643.0,-757.0
48.423708557,842370121196949015,842370121895876710,32,79,,,interpolated,94.0,-643.0,-757.0
48.442598494,842370121215838952,842370121895876710,32,80,,,interpolated,100.0,-638.0,-755.0
48.461488432,842370121234728890,842370121895876710,32,81,,,interpolated,98.0,-639.0,-759.0
48.48037837,842370121253618828,842370121895876710,32,82,,,interpolated,92.0,-638.0,-753.0
48.499268308,842370121272508766,842370121895876710,32,83,,,interpolated,92.0,-633.0,-749.0
48.518158245,842370121291398703,842370121895876710,32,84,,,interpolated,97.0,-630.0,-747.0
48.537048183,842370121310288641,842370121895876710,32,85,,,interpolated,101.0,-636.0,-748.0
48.555938121,842370121329178579,842370121895876710,32,86,,,interpolated,103.0,-635.0,-741.0
48.574828058,842370121348068516,842370121895876710,32,87,,,interpolated,109.0,-634.0,-750.0
48.593717996,842370121366958454,842370121895876710,32,88,,,interpolated,103.0,-637.0,-751.0
48.612607934,842370121385848392,842370121895876710,32,89,,,interpolated,106.0,-632.0,-751.0
48.631497872,842370121404738330,842370121895876710,32,90,,,interpolated,105.0,-631.0,-752.0
48.650387809,842370121423628267,842370121895876710,32,91,,,interpolated,96.0,-630.0,-757.0
48.669277747,842370121442518205,842370121895876710,32,92,,,interpolated,99.0,-638.0,-750.0
48.688167685,842370121461408143,842370121895876710,32,93,,,interpolated,99.0,-642.0,-749.0
48.707057622,842370121480298080,842370121895876710,32,94,,,interpolated,104.0,-637.0,-746.0
48.72594756,842370121499188018,842370121895876710,32,95,,,interpolated,105.0,-634.0,-748.0
48.744837498,842370121518077956,842370121895876710,32,96,,,interpolated,99.0,-637.0,-749.0
48.763727436,842370121536967894,842370121895876710,32,97,,,interpolated,93.0,-634.0,-746.0
48.782617373,842370121555857831,842370121895876710,32,98,,,interpolated,98.0,-628.0,-758.0
48.801507311,842370121574747769,842370121895876710,32,99,,,interpolated,101.0,-626.0,-751.0
48.820397249,842370121593637707,842370121895876710,32,100,,,interpolated,91.0,-629.0,-762.0
48.839287186,842370121612527644,842370121895876710,32,101,,,interpolated,89.0,-630.0,-760.0
48.858177124,842370121631417582,842370121895876710,32,102,,,interpolated,87.0,-633.0,-756.0
48.877067062,842370121650307520,842370121895876710,32,103,,,interpolated,97.0,-633.0,-751.0
48.895956999,842370121669197457,842370121895876710,32,104,,,interpolated,103.0,-631.0,-754.0
48.914846937,842370121688087395,842370121895876710,32,105,,,interpolated,92.0,-627.0,-755.0
48.933736875,842370121706977333,842370121895876710,32,106,,,interpolated,89.0,-623.0,-753.0
48.952626813,842370121725867271,842370121895876710,32,107,,,interpolated,94.0,-628.0,-749.0
48.97151675,842370121744757208,842370121895876710,32,108,,,interpolated,98.0,-633.0,-753.0
48.990406688,842370121763647146,842370121895876710,32,109,,,interpolated,92.0,-638.0,-744.0
49.009296626,842370121782537084,842370121895876710,32,110,,,interpolated,90.0,-641.0,-747.0
49.028186563,842370121801427021,842370121895876710,32,111,,,interpolated,92.0,-636.0,-752.0
49.047076501,842370121820316959,842370121895876710,32,112,,,interpolated,85.0,-643.0,-753.0
49.065966439,842370121839206897,842370121895876710,32,113,,,interpolated,90.0,-647.0,-749.0
49.084856377,842370121858096835,842370121895876710,32,114,,,interpolated,97.0,-651.0,-758.0
49.103746314,842370121876986772,842370121895876710,32,115,,,interpolated,88.0,-651.0,-761.0
49.122636252,842370121895876710,842370121895876710,32,116,,,interpolated,86.0,-652.0,-761.0
49.141526868,842370121914767326,842370124106078776,33,0,,,interpolated,83.0,-642.0,-748.0
49.160417484,842370121933657942,842370124106078776,33,1,,,interpolated,79.0,-637.0,-736.0
49.1793081,842370121952548558,842370124106078776,33,2,,,interpolated,80.0,-636.0,-744.0
49.198198716,842370121971439174,842370124106078776,33,3,,,interpolated,81.0,-643.0,-745.0
49.217089332,842370121990329790,842370124106078776,33,4,,,interpolated,87.0,-640.0,-751.0
49.235979948,842370122009220406,842370124106078776,33,5,,,interpolated,85.0,-641.0,-750.0
49.254870564,842370122028111022,842370124106078776,33,6,,,interpolated,90.0,-630.0,-745.0
49.27376118,842370122047001638,842370124106078776,33,7,,,interpolated,86.0,-633.0,-747.0
49.292651796,842370122065892254,842370124106078776,33,8,,,interpolated,83.0,-641.0,-750.0
49.311542411,842370122084782869,842370124106078776,33,9,,,interpolated,82.0,-634.0,-748.0
49.330433027,842370122103673485,842370124106078776,33,10,,,interpolated,86.0,-632.0,-750.0
49.349323643,842370122122564101,842370124106078776,33,11,,,interpolated,84.0,-638.0,-756.0
49.368214259,842370122141454717,842370124106078776,33,12,,,interpolated,83.0,-643.0,-755.0
49.387104875,842370122160345333,842370124106078776,33,13,,,interpolated,85.0,-651.0,-765.0
49.405995491,842370122179235949,842370124106078776,33,14,,,interpolated,84.0,-651.0,-767.0
49.424886107,842370122198126565,842370124106078776,33,15,,,interpolated,81.0,-640.0,-760.0
49.443776723,842370122217017181,842370124106078776,33,16,,,interpolated,89.0,-636.0,-757.0
49.462667339,842370122235907797,842370124106078776,33,17,,,interpolated,92.0,-632.0,-747.0
49.481557955,842370122254798413,842370124106078776,33,18,,,interpolated,94.0,-624.0,-742.0
49.500448571,842370122273689029,842370124106078776,33,19,,,interpolated,95.0,-621.0,-735.0
49.519339187,842370122292579645,842370124106078776,33,20,,,interpolated,92.0,-629.0,-738.0
49.538229803,842370122311470261,842370124106078776,33,21,,,interpolated,93.0,-633.0,-750.0
49.557120419,842370122330360877,842370124106078776,33,22,,,interpolated,100.0,-632.0,-757.0
49.576011035,842370122349251493,842370124106078776,33,23,,,interpolated,90.0,-625.0,-753.0
49.594901651,842370122368142109,842370124106078776,33,24,,,interpolated,99.0,-633.0,-746.0
49.613792267,842370122387032725,842370124106078776,33,25,,,interpolated,94.0,-631.0,-752.0
49.632682883,842370122405923341,842370124106078776,33,26,,,interpolated,88.0,-640.0,-752.0
49.651573499,842370122424813957,842370124106078776,33,27,,,interpolated,89.0,-639.0,-757.0
49.670464115,842370122443704573,842370124106078776,33,28,,,interpolated,90.0,-640.0,-754.0
49.68935473,842370122462595188,842370124106078776,33,29,,,interpolated,92.0,-638.0,-756.0
49.708245346,842370122481485804,842370124106078776,33,30,,,interpolated,93.0,-630.0,-751.0
49.727135962,842370122500376420,842370124106078776,33,31,,,interpolated,90.0,-632.0,-746.0
49.746026578,842370122519267036,842370124106078776,33,32,,,interpolated,88.0,-635.0,-749.0
49.764917194,842370122538157652,842370124106078776,33,33,,,interpolated,90.0,-630.0,-752.0
49.78380781,842370122557048268,842370124106078776,33,34,,,interpolated,93.0,-628.0,-747.0
49.802698426,842370122575938884,842370124106078776,33,35,,,interpolated,100.0,-628.0,-760.0
49.821589042,842370122594829500,842370124106078776,33,36,,,interpolated,90.0,-639.0,-761.0
49.840479658,842370122613720116,842370124106078776,33,37,,,interpolated,88.0,-638.0,-757.0
49.859370274,842370122632610732,842370124106078776,33,38,,,interpolated,84.0,-643.0,-752.0
49.87826089,842370122651501348,842370124106078776,33,39,,,interpolated,90.0,-643.0,-751.0
49.897151506,842370122670391964,842370124106078776,33,40,,,interpolated,83.0,-640.0,-758.0
49.916042122,842370122689282580,842370124106078776,33,41,,,interpolated,80.0,-641.0,-752.0
49.934932738,842370122708173196,842370124106078776,33,42,,,interpolated,86.0,-628.0,-739.0
49.953823354,842370122727063812,842370124106078776,33,43,,,interpolated,89.0,-629.0,-745.0
49.97271397,842370122745954428,842370124106078776,33,44,,,interpolated,87.0,-631.0,-749.0
49.991604586,842370122764845044,842370124106078776,33,45,,,interpolated,92.0,-635.0,-757.0
50.010495202,842370122783735660,842370124106078776,33,46,,,interpolated,98.0,-636.0,-755.0
50.029385818,842370122802626276,842370124106078776,33,47,,,interpolated,89.0,-634.0,-748.0
50.048276433,842370122821516891,842370124106078776,33,48,,,interpolated,86.0,-623.0,-752.0
50.067167049,842370122840407507,842370124106078776,33,49,,,interpolated,87.0,-628.0,-746.0
50.086057665,842370122859298123,842370124106078776,33,50,,,interpolated,92.0,-637.0,-750.0
50.104948281,842370122878188739,842370124106078776,33,51,,,interpolated,98.0,-642.0,-750.0
50.123838897,842370122897079355,842370124106078776,33,52,,,interpolated,95.0,-639.0,-754.0
50.142729513,842370122915969971,842370124106078776,33,53,,,interpolated,87.0,-638.0,-750.0
50.161620129,842370122934860587,842370124106078776,33,54,,,interpolated,82.0,-647.0,-761.0
50.180510745,842370122953751203,842370124106078776,33,55,,,interpolated,78.0,-643.0,-760.0
50.199401361,842370122972641819,842370124106078776,33,56,,,interpolated,89.0,-642.0,-756.0
50.218291977,842370122991532435,842370124106078776,33,57,,,interpolated,90.0,-637.0,-753.0
50.237182593,842370123010423051,842370124106078776,33,58,,,interpolated,89.0,-634.0,-749.0
50.256073209,842370123029313667,842370124106078776,33,59,,,interpolated,77.0,-635.0,-768.0
50.274963825,842370123048204283,842370124106078776,33,60,,,interpolated,84.0,-628.0,-763.0
50.293854441,842370123067094899,842370124106078776,33,61,,,interpolated,90.0,-621.0,-754.0
50.312745057,842370123085985515,842370124106078776,33,62,,,interpolated,87.0,-616.0,-747.0
50.331635673,842370123104876131,842370124106078776,33,63,,,interpolated,86.0,-627.0,-749.0
50.350526289,842370123123766747,842370124106078776,33,64,,,interpolated,81.0,-627.0,-757.0
50.369416905,842370123142657363,842370124106078776,33,65,,,interpolated,82.0,-626.0,-756.0
50.388307521,842370123161547979,842370124106078776,33,66,,,interpolated,90.0,-630.0,-756.0
50.407198137,842370123180438595,842370124106078776,33,67,,,interpolated,90.0,-635.0,-757.0
50.426088752,842370123199329210,842370124106078776,33,68,,,interpolated,98.0,-635.0,-759.0
50.444979368,842370123218219826,842370124106078776,33,69,,,interpolated,92.0,-631.0,-752.0
50.463869984,842370123237110442,842370124106078776,33,70,,,interpolated,86.0,-630.0,-749.0
50.4827606,842370123256001058,842370124106078776,33,71,,,interpolated,81.0,-628.0,-747.0
50.501651216,842370123274891674,842370124106078776,33,72,,,interpolated,79.0,-629.0,-750.0
50.520541832,842370123293782290,842370124106078776,33,73,,,interpolated,87.0,-637.0,-756.0
50.539432448,842370123312672906,842370124106078776,33,74,,,interpolated,85.0,-637.0,-756.0
50.558323064,842370123331563522,842370124106078776,33,75,,,interpolated,85.0,-635.0,-757.0
50.57721368,842370123350454138,842370124106078776,33,76,,,interpolated,85.0,-631.0,-756.0
50.596104296,842370123369344754,842370124106078776,33,77,,,interpolated,88.0,-637.0,-767.0
50.614994912,842370123388235370,842370124106078776,33,78,,,interpolated,92.0,-643.0,-771.0
50.633885528,842370123407125986,842370124106078776,33,79,,,interpolated,79.0,-639.0,-763.0
50.652776144,842370123426016602,842370124106078776,33,80,,,interpolated,83.0,-638.0,-764.0
50.67166676,842370123444907218,842370124106078776,33,81,,,interpolated,84.0,-632.0,-750.0
50.690557376,842370123463797834,842370124106078776,33,82,,,interpolated,79.0,-630.0,-757.0
50.709447992,842370123482688450,842370124106078776,33,83,,,interpolated,84.0,-637.0,-748.0
50.728338608,842370123501579066,842370124106078776,33,84,,,interpolated,90.0,-634.0,-747.0
50.747229224,842370123520469682,842370124106078776,33,85,,,interpolated,85.0,-631.0,-750.0
50.76611984,842370123539360298,842370124106078776,33,86,,,interpolated,85.0,-631.0,-744.0
50.785010455,842370123558250913,842370124106078776,33,87,,,interpolated,80.0,-637.0,-748.0
50.803901071,842370123577141529,842370124106078776,33,88,,,interpolated,78.0,-637.0,-757.0
50.822791687,842370123596032145,842370124106078776,33,89,,,interpolated,83.0,-629.0,-756.0
50.841682303,842370123614922761,842370124106078776,33,90,,,interpolated,79.0,-634.0,-756.0
50.860572919,842370123633813377,842370124106078776,33,91,,,interpolated,82.0,-630.0,-759.0
50.879463535,842370123652703993,842370124106078776,33,92,,,interpolated,85.0,-634.0,-761.0
50.898354151,842370123671594609,842370124106078776,33,93,,,interpolated,85.0,-637.0,-753.0
50.917244767,842370123690485225,842370124106078776,33,94,,,interpolated,87.0,-633.0,-757.0
50.936135383,842370123709375841,842370124106078776,33,95,,,interpolated,78.0,-632.0,-756.0
50.955025999,842370123728266457,842370124106078776,33,96,,,interpolated,80.0,-629.0,-750.0
50.973916615,842370123747157073,842370124106078776,33,97,,,interpolated,90.0,-634.0,-751.0
50.992807231,842370123766047689,842370124106078776,33,98,,,interpolated,89.0,-635.0,-751.0
51.011697847,842370123784938305,842370124106078776,33,99,,,interpolated,90.0,-642.0,-760.0
51.030588463,842370123803828921,842370124106078776,33,100,,,interpolated,82.0,-636.0,-758.0
51.049479079,842370123822719537,842370124106078776,33,101,,,interpolated,80.0,-641.0,-752.0
51.068369695,842370123841610153,842370124106078776,33,102,,,interpolated,75.0,-635.0,-756.0
51.087260311,842370123860500769,842370124106078776,33,103,,,interpolated,78.0,-631.0,-755.0
51.106150927,842370123879391385,842370124106078776,33,104,,,interpolated,90.0,-633.0,-756.0
51.125041543,842370123898282001,842370124106078776,33,105,,,interpolated,91.0,-641.0,-748.0
51.143932159,842370123917172617,842370124106078776,33,106,,,interpolated,88.0,-641.0,-756.0
51.162822774,842370123936063232,842370124106078776,33,107,,,interpolated,86.0,-628.0,-752.0
51.18171339,842370123954953848,842370124106078776,33,108,,,interpolated,81.0,-631.0,-758.0
51.200604006,842370123973844464,842370124106078776,33,109,,,interpolated,80.0,-639.0,-757.0
51.219494622,842370123992735080,842370124106078776,33,110,,,interpolated,87.0,-633.0,-762.0
51.238385238,842370124011625696,842370124106078776,33,111,,,interpolated,88.0,-629.0,-757.0
51.257275854,842370124030516312,842370124106078776,33,112,,,interpolated,76.0,-631.0,-752.0
51.27616647,842370124049406928,842370124106078776,33,113,,,interpolated,88.0,-634.0,-752.0
51.295057086,842370124068297544,842370124106078776,33,114,,,interpolated,94.0,-631.0,-750.0
51.313947702,842370124087188160,842370124106078776,33,115,,,interpolated,90.0,-635.0,-751.0
51.332838318,842370124106078776,842370124106078776,33,116,,,interpolated,80.0,-632.0,-745.0
51.351728699,842370124124969157,842370126316253372,34,0,,,interpolated,73.0,-628.0,-736.0
51.37061908,842370124143859538,842370126316253372,34,1,,,interpolated,83.0,-628.0,-734.0
51.389509461,842370124162749919,842370126316253372,34,2,,,interpolated,90.0,-625.0,-741.0
51.408399843,842370124181640301,842370126316253372,34,3,,,interpolated,91.0,-637.0,-755.0
51.427290224,842370124200530682,842370126316253372,34,4,,,interpolated,81.0,-642.0,-764.0
51.446180605,842370124219421063,842370126316253372,34,5,,,interpolated,85.0,-644.0,-767.0
51.465070986,842370124238311444,842370126316253372,34,6,,,interpolated,86.0,-638.0,-763.0
51.483961367,842370124257201825,842370126316253372,34,7,,,interpolated,73.0,-636.0,-762.0
51.502851748,842370124276092206,842370126316253372,34,8,,,interpolated,79.0,-641.0,-758.0
51.52174213,842370124294982588,842370126316253372,34,9,,,interpolated,77.0,-641.0,-754.0
51.540632511,842370124313872969,842370126316253372,34,10,,,interpolated,79.0,-638.0,-760.0
51.559522892,842370124332763350,842370126316253372,34,11,,,interpolated,86.0,-635.0,-752.0
51.578413273,842370124351653731,842370126316253372,34,12,,,interpolated,86.0,-631.0,-752.0
51.597303654,842370124370544112,842370126316253372,34,13,,,interpolated,86.0,-635.0,-749.0
51.616194035,842370124389434493,842370126316253372,34,14,,,interpolated,81.0,-640.0,-754.0
51.635084417,842370124408324875,842370126316253372,34,15,,,interpolated,78.0,-637.0,-752.0
51.653974798,842370124427215256,842370126316253372,34,16,,,interpolated,77.0,-634.0,-753.0
51.672865179,842370124446105637,842370126316253372,34,17,,,interpolated,79.0,-636.0,-753.0
51.69175556,842370124464996018,842370126316253372,34,18,,,interpolated,81.0,-632.0,-760.0
51.710645941,842370124483886399,842370126316253372,34,19,,,interpolated,82.0,-635.0,-758.0
51.729536322,842370124502776780,842370126316253372,34,20,,,interpolated,80.0,-637.0,-755.0
51.748426704,842370124521667162,842370126316253372,34,21,,,interpolated,82.0,-640.0,-762.0
51.767317085,842370124540557543,842370126316253372,34,22,,,interpolated,77.0,-635.0,-762.0
51.786207466,842370124559447924,842370126316253372,34,23,,,interpolated,77.0,-632.0,-756.0
51.805097847,842370124578338305,842370126316253372,34,24,,,interpolated,86.0,-639.0,-755.0
51.823988228,842370124597228686,842370126316253372,34,25,,,interpolated,76.0,-638.0,-756.0
51.842878609,842370124616119067,842370126316253372,34,26,,,interpolated,67.0,-636.0,-757.0
51.861768991,842370124635009449,842370126316253372,34,27,,,interpolated,81.0,-634.0,-756.0
51.880659372,842370124653899830,842370126316253372,34,28,,,interpolated,90.0,-629.0,-757.0
51.899549753,842370124672790211,842370126316253372,34,29,,,interpolated,96.0,-626.0,-757.0
51.918440134,842370124691680592,842370126316253372,34,30,,,interpolated,90.0,-625.0,-746.0
51.937330515,842370124710570973,842370126316253372,34,31,,,interpolated,82.0,-629.0,-754.0
51.956220896,842370124729461354,842370126316253372,34,32,,,interpolated,81.0,-633.0,-756.0
51.975111278,842370124748351736,842370126316253372,34,33,,,interpolated,89.0,-629.0,-752.0
51.994001659,842370124767242117,842370126316253372,34,34,,,interpolated,87.0,-629.0,-755.0
52.01289204,842370124786132498,842370126316253372,34,35,,,interpolated,88.0,-630.0,-753.0
52.031782421,842370124805022879,842370126316253372,34,36,,,interpolated,86.0,-628.0,-753.0
52.050672802,842370124823913260,842370126316253372,34,37,,,interpolated,85.0,-631.0,-754.0
52.069563183,842370124842803641,842370126316253372,34,38,,,interpolated,80.0,-637.0,-756.0
52.088453564,842370124861694022,842370126316253372,34,39,,,interpolated,79.0,-633.0,-756.0
52.107343946,842370124880584404,842370126316253372,34,40,,,interpolated,81.0,-635.0,-753.0
52.126234327,842370124899474785,842370126316253372,34,41,,,interpolated,83.0,-640.0,-754.0
52.145124708,842370124918365166,842370126316253372,34,42,,,interpolated,89.0,-638.0,-760.0
52.164015089,842370124937255547,842370126316253372,34,43,,,interpolated,85.0,-646.0,-753.0
52.18290547,842370124956145928,842370126316253372,34,44,,,interpolated,81.0,-645.0,-751.0
52.201795851,842370124975036309,842370126316253372,34,45,,,interpolated,80.0,-646.0,-757.0
52.220686233,842370124993926691,842370126316253372,34,46,,,interpolated,75.0,-642.0,-756.0
52.239576614,842370125012817072,842370126316253372,34,47,,,interpolated,76.0,-638.0,-757.0
52.258466995,842370125031707453,842370126316253372,34,48,,,interpolated,81.0,-635.0,-753.0
52.277357376,842370125050597834,842370126316253372,34,49,,,interpolated,84.0,-639.0,-751.0
52.296247757,842370125069488215,842370126316253372,34,50,,,interpolated,90.0,-640.0,-752.0
52.315138138,842370125088378596,842370126316253372,34,51,,,interpolated,84.0,-632.0,-747.0
52.33402852,842370125107268978,842370126316253372,34,52,,,interpolated,78.0,-632.0,-752.0
52.352918901,842370125126159359,842370126316253372,34,53,,,interpolated,75.0,-640.0,-749.0
52.371809282,842370125145049740,842370126316253372,34,54,,,interpolated,81.0,-637.0,-750.0
52.390699663,842370125163940121,842370126316253372,34,55,,,interpolated,82.0,-641.0,-753.0
52.409590044,842370125182830502,842370126316253372,34,56,,,interpolated,77.0,-638.0,-753.0
52.428480425,842370125201720883,842370126316253372,34,57,,,interpolated,74.0,-636.0,-756.0
52.447370807,842370125220611265,842370126316253372,34,58,,,interpolated,76.0,-636.0,-753.0
52.466261188,842370125239501646,842370126316253372,34,59,,,interpolated,82.0,-638.0,-752.0
52.485151569,842370125258392027,842370126316253372,34,60,,,interpolated,82.0,-634.0,-752.0
52.50404195,842370125277282408,842370126316253372,34,61,,,interpolated,88.0,-639.0,-744.0
52.522932331,842370125296172789,842370126316253372,34,62,,,interpolated,77.0,-644.0,-750.0
52.541822712,842370125315063170,842370126316253372,34,63,,,interpolated,80.0,-638.0,-750.0
52.560713094,842370125333953552,842370126316253372,34,64,,,interpolated,76.0,-636.0,-753.0
52.579603475,842370125352843933,842370126316253372,34,65,,,interpolated,81.0,-634.0,-753.0
52.598493856,842370125371734314,842370126316253372,34,66,,,interpolated,75.0,-640.0,-752.0
52.617384237,842370125390624695,842370126316253372,34,67,,,interpolated,84.0,-640.0,-756.0
52.636274618,842370125409515076,842370126316253372,34,68,,,interpolated,83.0,-640.0,-759.0
52.655164999,842370125428405457,842370126316253372,34,69,,,interpolated,78.0,-645.0,-753.0
52.674055381,842370125447295839,842370126316253372,34,70,,,interpolated,84.0,-647.0,-754.0
52.692945762,842370125466186220,842370126316253372,34,71,,,interpolated,79.0,-635.0,-751.0
52.711836143,842370125485076601,842370126316253372,34,72,,,interpolated,87.0,-641.0,-748.0
52.730726524,842370125503966982,842370126316253372,34,73,,,interpolated,90.0,-626.0,-744.0
52.749616905,842370125522857363,842370126316253372,34,74,,,interpolated,87.0,-627.0,-741.0
52.768507286,842370125541747744,842370126316253372,34,75,,,interpolated,83.0,-631.0,-744.0
52.787397668,842370125560638126,842370126316253372,34,76,,,interpolated,83.0,-632.0,-752.0
52.806288049,842370125579528507,842370126316253372,34,77,,,interpolated,84.0,-635.0,-746.0
52.82517843,842370125598418888,842370126316253372,34,78,,,interpolated,78.0,-630.0,-750.0
52.844068811,842370125617309269,842370126316253372,34,79,,,interpolated,84.0,-639.0,-749.0
52.862959192,842370125636199650,842370126316253372,34,80,,,interpolated,76.0,-633.0,-756.0
52.881849573,842370125655090031,842370126316253372,34,81,,,interpolated,71.0,-633.0,-761.0
52.900739954,842370125673980412,842370126316253372,34,82,,,interpolated,74.0,-644.0,-755.0
52.919630336,842370125692870794,842370126316253372,34,83,,,interpolated,77.0,-646.0,-761.0
52.938520717,842370125711761175,842370126316253372,34,84,,,interpolated,78.0,-627.0,-761.0
52.957411098,842370125730651556,842370126316253372,34,85,,,interpolated,78.0,-631.0,-743.0
52.976301479,842370125749541937,842370126316253372,34,86,,,interpolated,85.0,-634.0,-749.0
52.99519186,842370125768432318,842370126316253372,34,87,,,interpolated,83.0,-648.0,-751.0
53.014082241,842370125787322699,842370126316253372,34,88,,,interpolated,83.0,-653.0,-755.0
53.032972623,842370125806213081,842370126316253372,34,89,,,interpolated,79.0,-645.0,-755.0
53.051863004,842370125825103462,842370126316253372,34,90,,,interpolated,74.0,-635.0,-749.0
53.070753385,842370125843993843,842370126316253372,34,91,,,interpolated,66.0,-630.0,-750.0
53.089643766,842370125862884224,842370126316253372,34,92,,,interpolated,72.0,-633.0,-745.0
53.108534147,842370125881774605,842370126316253372,34,93,,,interpolated,78.0,-638.0,-748.0
53.127424528,842370125900664986,842370126316253372,34,94,,,interpolated,78.0,-642.0,-745.0
53.14631491,842370125919555368,842370126316253372,34,95,,,interpolated,79.0,-635.0,-752.0
53.165205291,842370125938445749,842370126316253372,34,96,,,interpolated,79.0,-639.0,-747.0
53.184095672,842370125957336130,842370126316253372,34,97,,,interpolated,76.0,-639.0,-749.0
53.202986053,842370125976226511,842370126316253372,34,98,,,interpolated,75.0,-644.0,-749.0
53.221876434,842370125995116892,842370126316253372,34,99,,,interpolated,72.0,-643.0,-750.0
53.240766815,842370126014007273,842370126316253372,34,100,,,interpolated,78.0,-644.0,-747.0
53.259657197,842370126032897655,842370126316253372,34,101,,,interpolated,83.0,-638.0,-758.0
53.278547578,842370126051788036,842370126316253372,34,102,,,interpolated,76.0,-639.0,-752.0
53.297437959,842370126070678417,842370126316253372,34,103,,,interpolated,82.0,-642.0,-749.0
53.31632834,842370126089568798,842370126316253372,34,104,,,interpolated,86.0,-639.0,-752.0
53.335218721,842370126108459179,842370126316253372,34,105,,,interpolated,74.0,-638.0,-746.0
53.354109102,842370126127349560,842370126316253372,34,106,,,interpolated,76.0,-638.0,-748.0
53.372999484,842370126146239942,842370126316253372,34,107,,,interpolated,76.0,-642.0,-749.0
53.391889865,842370126165130323,842370126316253372,34,108,,,interpolated,78.0,-638.0,-756.0
53.410780246,842370126184020704,842370126316253372,34,109,,,interpolated,80.0,-643.0,-758.0
53.429670627,842370126202911085,842370126316253372,34,110,,,interpolated,78.0,-644.0,-757.0
53.448561008,842370126221801466,842370126316253372,34,111,,,interpolated,81.0,-642.0,-754.0
53.467451389,842370126240691847,842370126316253372,34,112,,,interpolated,75.0,-643.0,-755.0
53.486341771,842370126259582229,842370126316253372,34,113,,,interpolated,78.0,-644.0,-755.0
53.505232152,842370126278472610,842370126316253372,34,114,,,interpolated,75.0,-639.0,-752.0
53.524122533,842370126297362991,842370126316253372,34,115,,,interpolated,81.0,-632.0,-751.0
53.543012914,842370126316253372,842370126316253372,34,116,,,interpolated,81.0,-637.0,-748.0
53.561903295,842370126335143753,842370128526427968,35,0,,,interpolated,77.0,-639.0,-751.0
53.580793676,842370126354034134,842370128526427968,35,1,,,interpolated,88.0,-635.0,-756.0
53.599684057,842370126372924515,842370128526427968,35,2,,,interpolated,87.0,-636.0,-752.0
53.618574439,842370126391814897,842370128526427968,35,3,,,interpolated,87.0,-640.0,-753.0
53.63746482,842370126410705278,842370128526427968,35,4,,,interpolated,83.0,-635.0,-750.0
53.656355201,842370126429595659,842370128526427968,35,5,,,interpolated,81.0,-641.0,-750.0
53.675245582,842370126448486040,842370128526427968,35,6,,,interpolated,81.0,-636.0,-749.0
53.694135963,842370126467376421,842370128526427968,35,7,,,interpolated,85.0,-634.0,-749.0
53.713026344,842370126486266802,842370128526427968,35,8,,,interpolated,88.0,-637.0,-755.0
53.731916726,842370126505157184,842370128526427968,35,9,,,interpolated,81.0,-640.0,-754.0
53.750807107,842370126524047565,842370128526427968,35,10,,,interpolated,87.0,-646.0,-756.0
53.769697488,842370126542937946,842370128526427968,35,11,,,interpolated,87.0,-636.0,-757.0
53.788587869,842370126561828327,842370128526427968,35,12,,,interpolated,76.0,-633.0,-759.0
53.80747825,842370126580718708,842370128526427968,35,13,,,interpolated,76.0,-635.0,-761.0
53.826368631,842370126599609089,842370128526427968,35,14,,,interpolated,88.0,-637.0,-760.0
53.845259013,842370126618499471,842370128526427968,35,15,,,interpolated,86.0,-634.0,-755.0
53.864149394,842370126637389852,842370128526427968,35,16,,,interpolated,85.0,-639.0,-752.0
53.883039775,842370126656280233,842370128526427968,35,17,,,interpolated,86.0,-630.0,-750.0
53.901930156,842370126675170614,842370128526427968,35,18,,,interpolated,81.0,-628.0,-751.0
53.920820537,842370126694060995,842370128526427968,35,19,,,interpolated,85.0,-629.0,-749.0
53.939710918,842370126712951376,842370128526427968,35,20,,,interpolated,89.0,-629.0,-746.0
53.9586013,842370126731841758,842370128526427968,35,21,,,interpolated,83.0,-633.0,-751.0
53.977491681,842370126750732139,842370128526427968,35,22,,,interpolated,84.0,-633.0,-756.0
53.996382062,842370126769622520,842370128526427968,35,23,,,interpolated,80.0,-638.0,-758.0
54.015272443,842370126788512901,842370128526427968,35,24,,,interpolated,79.0,-635.0,-761.0
54.034162824,842370126807403282,842370128526427968,35,25,,,interpolated,86.0,-641.0,-761.0
54.053053205,842370126826293663,842370128526427968,35,26,,,interpolated,78.0,-640.0,-754.0
54.071943587,842370126845184045,842370128526427968,35,27,,,interpolated,83.0,-637.0,-758.0
54.090833968,842370126864074426,842370128526427968,35,28,,,interpolated,83.0,-630.0,-757.0
54.109724349,842370126882964807,842370128526427968,35,29,,,interpolated,79.0,-630.0,-756.0
54.12861473,842370126901855188,842370128526427968,35,30,,,interpolated,86.0,-633.0,-757.0
54.147505111,842370126920745569,842370128526427968,35,31,,,interpolated,89.0,-631.0,-755.0
54.166395492,842370126939635950,842370128526427968,35,32,,,interpolated,87.0,-628.0,-753.0
54.185285874,842370126958526332,842370128526427968,35,33,,,interpolated,83.0,-630.0,-750.0
54.204176255,842370126977416713,842370128526427968,35,34,,,interpolated,74.0,-629.0,-751.0
54.223066636,842370126996307094,842370128526427968,35,35,,,interpolated,75.0,-631.0,-755.0
54.241957017,842370127015197475,842370128526427968,35,36,,,interpolated,83.0,-628.0,-756.0
54.260847398,842370127034087856,842370128526427968,35,37,,,interpolated,85.0,-628.0,-761.0
54.279737779,842370127052978237,842370128526427968,35,38,,,interpolated,78.0,-633.0,-756.0
54.29862816,842370127071868618,842370128526427968,35,39,,,interpolated,81.0,-635.0,-757.0
54.317518542,842370127090759000,842370128526427968,35,40,,,interpolated,79.0,-637.0,-758.0
54.336408923,842370127109649381,842370128526427968,35,41,,,interpolated,74.0,-640.0,-761.0
54.355299304,842370127128539762,842370128526427968,35,42,,,interpolated,80.0,-633.0,-760.0
54.374189685,842370127147430143,842370128526427968,35,43,,,interpolated,81.0,-632.0,-758.0
54.393080066,842370127166320524,842370128526427968,35,44,,,interpolated,86.0,-631.0,-760.0
54.411970447,842370127185210905,842370128526427968,35,45,,,interpolated,74.0,-632.0,-759.0
54.430860829,842370127204101287,842370128526427968,35,46,,,interpolated,75.0,-633.0,-754.0
54.44975121,842370127222991668,842370128526427968,35,47,,,interpolated,81.0,-636.0,-757.0
54.468641591,842370127241882049,842370128526427968,35,48,,,interpolated,85.0,-632.0,-756.0
54.487531972,842370127260772430,842370128526427968,35,49,,,interpolated,83.0,-631.0,-761.0
54.506422353,842370127279662811,842370128526427968,35,50,,,interpolated,80.0,-632.0,-763.0
54.525312734,842370127298553192,842370128526427968,35,51,,,interpolated,79.0,-638.0,-764.0
54.544203116,842370127317443574,842370128526427968,35,52,,,interpolated,81.0,-637.0,-757.0
54.563093497,842370127336333955,842370128526427968,35,53,,,interpolated,86.0,-635.0,-752.0
54.581983878,842370127355224336,842370128526427968,35,54,,,interpolated,77.0,-627.0,-750.0
54.600874259,842370127374114717,842370128526427968,35,55,,,interpolated,82.0,-625.0,-751.0
54.61976464,842370127393005098,842370128526427968,35,56,,,interpolated,80.0,-628.0,-755.0
54.638655021,842370127411895479,842370128526427968,35,57,,,interpolated,83.0,-632.0,-758.0
54.657545403,842370127430785861,842370128526427968,35,58,,,interpolated,88.0,-627.0,-759.0
54.676435784,842370127449676242,842370128526427968,35,59,,,interpolated,93.0,-631.0,-753.0
54.695326165,842370127468566623,842370128526427968,35,60,,,interpolated,82.0,-636.0,-757.0
54.714216546,842370127487457004,842370128526427968,35,61,,,interpolated,79.0,-639.0,-756.0
54.733106927,842370127506347385,842370128526427968,35,62,,,interpolated,87.0,-635.0,-754.0
54.751997308,842370127525237766,842370128526427968,35,63,,,interpolated,86.0,-638.0,-756.0
54.77088769,842370127544128148,842370128526427968,35,64,,,interpolated,84.0,-634.0,-754.0
54.789778071,842370127563018529,842370128526427968,35,65,,,interpolated,90.0,-628.0,-759.0
54.808668452,842370127581908910,842370128526427968,35,66,,,interpolated,84.0,-630.0,-762.0
54.827558833,842370127600799291,842370128526427968,35,67,,,interpolated,94.0,-633.0,-765.0
54.846449214,842370127619689672,842370128526427968,35,68,,,interpolated,85.0,-636.0,-762.0
54.865339595,842370127638580053,842370128526427968,35,69,,,interpolated,80.0,-631.0,-753.0
54.884229977,842370127657470435,842370128526427968,35,70,,,interpolated,79.0,-631.0,-753.0
54.903120358,842370127676360816,842370128526427968,35,71,,,interpolated,88.0,-631.0,-750.0
54.922010739,842370127695251197,842370128526427968,35,72,,,interpolated,89.0,-631.0,-751.0
54.94090112,842370127714141578,842370128526427968,35,73,,,interpolated,86.0,-626.0,-753.0
54.959791501,842370127733031959,842370128526427968,35,74,,,interpolated,86.0,-630.0,-756.0
54.978681882,842370127751922340,842370128526427968,35,75,,,interpolated,83.0,-633.0,-755.0
54.997572264,842370127770812722,842370128526427968,35,76,,,interpolated,86.0,-632.0,-762.0
55.016462645,842370127789703103,842370128526427968,35,77,,,interpolated,91.0,-631.0,-763.0
55.035353026,842370127808593484,842370128526427968,35,78,,,interpolated,85.0,-629.0,-761.0
55.054243407,842370127827483865,842370128526427968,35,79,,,interpolated,81.0,-632.0,-760.0
55.073133788,842370127846374246,842370128526427968,35,80,,,interpolated,90.0,-634.0,-762.0
55.092024169,842370127865264627,842370128526427968,35,81,,,interpolated,85.0,-637.0,-762.0
55.11091455,842370127884155008,842370128526427968,35,82,,,interpolated,85.0,-627.0,-756.0
55.129804932,842370127903045390,842370128526427968,35,83,,,interpolated,90.0,-621.0,-749.0
55.148695313,842370127921935771,842370128526427968,35,84,,,interpolated,91.0,-625.0,-755.0
55.167585694,842370127940826152,842370128526427968,35,85,,,interpolated,87.0,-625.0,-755.0
55.186476075,842370127959716533,842370128526427968,35,86,,,interpolated,86.0,-632.0,-759.0
55.205366456,842370127978606914,842370128526427968,35,87,,,interpolated,92.0,-630.0,-760.0
55.224256837,842370127997497295,842370128526427968,35,88,,,interpolated,90.0,-629.0,-764.0
55.243147219,842370128016387677,842370128526427968,35,89,,,interpolated,88.0,-624.0,-759.0
55.2620376,842370128035278058,842370128526427968,35,90,,,interpolated,86.0,-628.0,-763.0
55.280927981,842370128054168439,842370128526427968,35,91,,,interpolated,87.0,-629.0,-762.0
55.299818362,842370128073058820,842370128526427968,35,92,,,interpolated,90.0,-630.0,-756.0
55.318708743,842370128091949201,842370128526427968,35,93,,,interpolated,91.0,-635.0,-756.0
55.337599124,842370128110839582,842370128526427968,35,94,,,interpolated,89.0,-633.0,-754.0
55.356489506,842370128129729964,842370128526427968,35,95,,,interpolated,98.0,-636.0,-753.0
55.375379887,842370128148620345,842370128526427968,35,96,,,interpolated,99.0,-636.0,-756.0
55.394270268,842370128167510726,842370128526427968,35,97,,,interpolated,94.0,-636.0,-756.0
55.413160649,842370128186401107,842370128526427968,35,98,,,interpolated,102.0,-628.0,-752.0
55.43205103,842370128205291488,842370128526427968,35,99,,,interpolated,97.0,-628.0,-756.0
55.450941411,842370128224181869,842370128526427968,35,100,,,interpolated,99.0,-632.0,-755.0
55.469831793,842370128243072251,842370128526427968,35,101,,,interpolated,99.0,-630.0,-759.0
55.488722174,842370128261962632,842370128526427968,35,102,,,interpolated,94.0,-634.0,-751.0
55.507612555,842370128280853013,842370128526427968,35,103,,,interpolated,88.0,-624.0,-753.0
55.526502936,842370128299743394,842370128526427968,35,104,,,interpolated,95.0,-615.0,-753.0
55.545393317,842370128318633775,842370128526427968,35,105,,,interpolated,108.0,-625.0,-758.0
55.564283698,842370128337524156,842370128526427968,35,106,,,interpolated,110.0,-627.0,-759.0
55.58317408,842370128356414538,842370128526427968,35,107,,,interpolated,110.0,-630.0,-766.0
55.602064461,842370128375304919,842370128526427968,35,108,,,interpolated,103.0,-627.0,-756.0
55.620954842,842370128394195300,842370128526427968,35,109,,,interpolated,104.0,-628.0,-753.0
55.639845223,842370128413085681,842370128526427968,35,110,,,interpolated,98.0,-623.0,-759.0
55.658735604,842370128431976062,842370128526427968,35,111,,,interpolated,95.0,-628.0,-764.0
55.677625985,842370128450866443,842370128526427968,35,112,,,interpolated,105.0,-628.0,-759.0
55.696516367,842370128469756825,842370128526427968,35,113,,,interpolated,111.0,-631.0,-758.0
55.715406748,842370128488647206,842370128526427968,35,114,,,interpolated,118.0,-631.0,-754.0
55.734297129,842370128507537587,842370128526427968,35,115,,,interpolated,116.0,-633.0,-756.0
55.75318751,842370128526427968,842370128526427968,35,116,,,interpolated,113.0,-632.0,-754.0
55.772077278,842370128545317736,842370130736530846,36,0,,,interpolated,113.0,-635.0,-758.0
55.790967046,842370128564207504,842370130736530846,36,1,,,interpolated,111.0,-630.0,-749.0
55.809856815,842370128583097273,842370130736530846,36,2,,,interpolated,109.0,-630.0,-744.0
55.828746583,842370128601987041,842370130736530846,36,3,,,interpolated,111.0,-628.0,-744.0
55.847636351,842370128620876809,842370130736530846,36,4,,,interpolated,117.0,-629.0,-755.0
55.866526119,842370128639766577,842370130736530846,36,5,,,interpolated,112.0,-624.0,-748.0
55.885415887,842370128658656345,842370130736530846,36,6,,,interpolated,114.0,-623.0,-760.0
55.904305656,842370128677546114,842370130736530846,36,7,,,interpolated,110.0,-627.0,-761.0
55.923195424,842370128696435882,842370130736530846,36,8,,,interpolated,107.0,-626.0,-758.0
55.942085192,842370128715325650,842370130736530846,36,9,,,interpolated,103.0,-632.0,-761.0
55.96097496,842370128734215418,842370130736530846,36,10,,,interpolated,105.0,-629.0,-756.0
55.979864728,842370128753105186,842370130736530846,36,11,,,interpolated,109.0,-625.0,-756.0
55.998754496,842370128771994954,842370130736530846,36,12,,,interpolated,114.0,-629.0,-763.0
56.017644265,842370128790884723,842370130736530846,36,13,,,interpolated,115.0,-624.0,-761.0
56.036534033,842370128809774491,842370130736530846,36,14,,,interpolated,117.0,-627.0,-762.0
56.055423801,842370128828664259,842370130736530846,36,15,,,interpolated,106.0,-629.0,-758.0
56.074313569,842370128847554027,842370130736530846,36,16,,,interpolated,97.0,-621.0,-751.0
56.093203337,842370128866443795,842370130736530846,36,17,,,interpolated,98.0,-621.0,-745.0
56.112093106,842370128885333564,842370130736530846,36,18,,,interpolated,108.0,-625.0,-749.0
56.130982874,842370128904223332,842370130736530846,36,19,,,interpolated,111.0,-630.0,-747.0
56.149872642,842370128923113100,842370130736530846,36,20,,,interpolated,104.0,-630.0,-754.0
56.16876241,842370128942002868,842370130736530846,36,21,,,interpolated,109.0,-627.0,-762.0
56.187652178,842370128960892636,842370130736530846,36,22,,,interpolated,106.0,-631.0,-762.0
56.206541947,842370128979782405,842370130736530846,36,23,,,interpolated,107.0,-630.0,-760.0
56.225431715,842370128998672173,842370130736530846,36,24,,,interpolated,108.0,-630.0,-756.0
56.244321483,842370129017561941,842370130736530846,36,25,,,interpolated,103.0,-631.0,-749.0
56.263211251,842370129036451709,842370130736530846,36,26,,,interpolated,101.0,-629.0,-749.0
56.282101019,842370129055341477,842370130736530846,36,27,,,interpolated,107.0,-628.0,-749.0
56.300990787,842370129074231245,842370130736530846,36,28,,,interpolated,113.0,-631.0,-758.0
56.319880556,842370129093121014,842370130736530846,36,29,,,interpolated,117.0,-627.0,-755.0
56.338770324,842370129112010782,842370130736530846,36,30,,,interpolated,105.0,-629.0,-756.0
56.357660092,842370129130900550,842370130736530846,36,31,,,interpolated,98.0,-631.0,-754.0
56.37654986,842370129149790318,842370130736530846,36,32,,,interpolated,113.0,-626.0,-755.0
56.395439628,842370129168680086,842370130736530846,36,33,,,interpolated,111.0,-616.0,-756.0
56.414329397,842370129187569855,842370130736530846,36,34,,,interpolated,111.0,-633.0,-753.0
56.433219165,842370129206459623,842370130736530846,36,35,,,interpolated,109.0,-632.0,-751.0
56.452108933,842370129225349391,842370130736530846,36,36,,,interpolated,109.0,-633.0,-755.0
56.470998701,842370129244239159,842370130736530846,36,37,,,interpolated,101.0,-632.0,-745.0
56.489888469,842370129263128927,842370130736530846,36,38,,,interpolated,98.0,-632.0,-752.0
56.508778238,842370129282018696,842370130736530846,36,39,,,interpolated,107.0,-630.0,-759.0
56.527668006,842370129300908464,842370130736530846,36,40,,,interpolated,110.0,-631.0,-769.0
56.546557774,842370129319798232,842370130736530846,36,41,,,interpolated,106.0,-633.0,-761.0
56.565447542,842370129338688000,842370130736530846,36,42,,,interpolated,106.0,-638.0,-761.0
56.58433731,842370129357577768,842370130736530846,36,43,,,interpolated,105.0,-630.0,-752.0
56.603227078,842370129376467536,842370130736530846,36,44,,,interpolated,102.0,-631.0,-749.0
56.622116847,842370129395357305,842370130736530846,36,45,,,interpolated,113.0,-630.0,-751.0
56.641006615,842370129414247073,842370130736530846,36,46,,,interpolated,109.0,-628.0,-747.0
56.659896383,842370129433136841,842370130736530846,36,47,,,interpolated,107.0,-627.0,-746.0
56.678786151,842370129452026609,842370130736530846,36,48,,,interpolated,108.0,-632.0,-751.0
56.697675919,842370129470916377,842370130736530846,36,49,,,interpolated,106.0,-627.0,-750.0
56.716565688,842370129489806146,842370130736530846,36,50,,,interpolated,107.0,-631.0,-758.0
56.735455456,842370129508695914,842370130736530846,36,51,,,interpolated,109.0,-628.0,-756.0
56.754345224,842370129527585682,842370130736530846,36,52,,,interpolated,113.0,-630.0,-753.0
56.773234992,842370129546475450,842370130736530846,36,53,,,interpolated,112.0,-626.0,-752.0
56.79212476,842370129565365218,842370130736530846,36,54,,,interpolated,107.0,-632.0,-756.0
56.811014529,842370129584254987,842370130736530846,36,55,,,interpolated,102.0,-634.0,-755.0
56.829904297,842370129603144755,842370130736530846,36,56,,,interpolated,100.0,-629.0,-760.0
56.848794065,842370129622034523,842370130736530846,36,57,,,interpolated,102.0,-631.0,-757.0
56.867683833,842370129640924291,842370130736530846,36,58,,,interpolated,109.0,-625.0,-762.0
56.886573601,842370129659814059,842370130736530846,36,59,,,interpolated,103.0,-628.0,-758.0
56.905463369,842370129678703827,842370130736530846,36,60,,,interpolated,110.0,-626.0,-756.0
56.924353138,842370129697593596,842370130736530846,36,61,,,interpolated,107.0,-628.0,-752.0
56.943242906,842370129716483364,842370130736530846,36,62,,,interpolated,110.0,-626.0,-749.0
56.962132674,842370129735373132,842370130736530846,36,63,,,interpolated,111.0,-627.0,-748.0
56.981022442,842370129754262900,842370130736530846,36,64,,,interpolated,105.0,-624.0,-753.0
56.99991221,842370129773152668,842370130736530846,36,65,,,interpolated,107.0,-628.0,-752.0
57.018801979,842370129792042437,842370130736530846,36,66,,,interpolated,107.0,-630.0,-751.0
57.037691747,842370129810932205,842370130736530846,36,67,,,interpolated,112.0,-635.0,-756.0
57.056581515,842370129829821973,842370130736530846,36,68,,,interpolated,113.0,-634.0,-756.0
57.075471283,842370129848711741,842370130736530846,36,69,,,interpolated,109.0,-631.0,-748.0
57.094361051,842370129867601509,842370130736530846,36,70,,,interpolated,104.0,-629.0,-755.0
57.11325082,842370129886491278,842370130736530846,36,71,,,interpolated,104.0,-632.0,-752.0
57.132140588,842370129905381046,842370130736530846,36,72,,,interpolated,109.0,-632.0,-757.0
57.151030356,842370129924270814,842370130736530846,36,73,,,interpolated,104.0,-634.0,-756.0
57.169920124,842370129943160582,842370130736530846,36,74,,,interpolated,103.0,-624.0,-754.0
57.188809892,842370129962050350,842370130736530846,36,75,,,interpolated,103.0,-629.0,-754.0
57.20769966,842370129980940118,842370130736530846,36,76,,,interpolated,105.0,-630.0,-755.0
57.226589429,842370129999829887,842370130736530846,36,77,,,interpolated,111.0,-626.0,-754.0
57.245479197,842370130018719655,842370130736530846,36,78,,,interpolated,107.0,-620.0,-754.0
57.264368965,842370130037609423,842370130736530846,36,79,,,interpolated,102.0,-629.0,-759.0
57.283258733,842370130056499191,842370130736530846,36,80,,,interpolated,104.0,-636.0,-762.0
57.302148501,842370130075388959,842370130736530846,36,81,,,interpolated,108.0,-631.0,-762.0
57.32103827,842370130094278728,842370130736530846,36,82,,,interpolated,106.0,-632.0,-759.0
57.339928038,842370130113168496,842370130736530846,36,83,,,interpolated,107.0,-631.0,-750.0
57.358817806,842370130132058264,842370130736530846,36,84,,,interpolated,103.0,-623.0,-752.0
57.377707574,842370130150948032,842370130736530846,36,85,,,interpolated,100.0,-626.0,-754.0
57.396597342,842370130169837800,842370130736530846,36,86,,,interpolated,106.0,-626.0,-756.0
57.415487111,842370130188727569,842370130736530846,36,87,,,interpolated,111.0,-633.0,-757.0
57.434376879,842370130207617337,842370130736530846,36,88,,,interpolated,111.0,-633.0,-761.0
57.453266647,842370130226507105,842370130736530846,36,89,,,interpolated,111.0,-626.0,-754.0
57.472156415,842370130245396873,842370130736530846,36,90,,,interpolated,105.0,-626.0,-757.0
57.491046183,842370130264286641,842370130736530846,36,91,,,interpolated,106.0,-631.0,-757.0
57.509935951,842370130283176409,842370130736530846,36,92,,,interpolated,103.0,-629.0,-761.0
57.52882572,842370130302066178,842370130736530846,36,93,,,interpolated,109.0,-620.0,-760.0
57.547715488,842370130320955946,842370130736530846,36,94,,,interpolated,112.0,-629.0,-759.0
57.566605256,842370130339845714,842370130736530846,36,95,,,interpolated,109.0,-622.0,-757.0
57.585495024,842370130358735482,842370130736530846,36,96,,,interpolated,106.0,-620.0,-757.0
57.604384792,842370130377625250,842370130736530846,36,97,,,interpolated,104.0,-627.0,-757.0
57.623274561,842370130396515019,842370130736530846,36,98,,,interpolated,102.0,-631.0,-759.0
57.642164329,842370130415404787,842370130736530846,36,99,,,interpolated,105.0,-631.0,-757.0
57.661054097,842370130434294555,842370130736530846,36,100,,,interpolated,99.0,-627.0,-760.0
57.679943865,842370130453184323,842370130736530846,36,101,,,interpolated,102.0,-629.0,-761.0
57.698833633,842370130472074091,842370130736530846,36,102,,,interpolated,110.0,-628.0,-762.0
57.717723402,842370130490963860,842370130736530846,36,103,,,interpolated,107.0,-626.0,-758.0
57.73661317,842370130509853628,842370130736530846,36,104,,,interpolated,106.0,-618.0,-759.0
57.755502938,842370130528743396,842370130736530846,36,105,,,interpolated,106.0,-626.0,-761.0
57.774392706,842370130547633164,842370130736530846,36,106,,,interpolated,107.0,-626.0,-761.0
57.793282474,842370130566522932,842370130736530846,36,107,,,interpolated,112.0,-624.0,-758.0
57.812172242,842370130585412700,842370130736530846,36,108,,,interpolated,109.0,-620.0,-752.0
57.831062011,842370130604302469,842370130736530846,36,109,,,interpolated,102.0,-619.0,-757.0
57.849951779,842370130623192237,842370130736530846,36,110,,,interpolated,102.0,-625.0,-758.0
57.868841547,842370130642082005,842370130736530846,36,111,,,interpolated,107.0,-626.0,-758.0
57.887731315,842370130660971773,842370130736530846,36,112,,,interpolated,108.0,-627.0,-759.0
57.906621083,842370130679861541,842370130736530846,36,113,,,interpolated,108.0,-627.0,-759.0
57.925510852,842370130698751310,842370130736530846,36,114,,,interpolated,109.0,-625.0,-760.0
57.94440062,842370130717641078,842370130736530846,36,115,,,interpolated,101.0,-631.0,-762.0
57.963290388,842370130736530846,842370130736530846,36,116,,,interpolated,104.0,-626.0,-760.0
57.982181121,842370130755421579,842370132946746642,37,0,,,interpolated,103.0,-632.0,-760.0
58.001071855,842370130774312313,842370132946746642,37,1,,,interpolated,104.0,-633.0,-760.0
58.019962588,842370130793203046,842370132946746642,37,2,,,interpolated,106.0,-627.0,-762.0
58.038853321,842370130812093779,842370132946746642,37,3,,,interpolated,105.0,-630.0,-765.0
58.057744054,842370130830984512,842370132946746642,37,4,,,interpolated,111.0,-620.0,-758.0
58.076634788,842370130849875246,842370132946746642,37,5,,,interpolated,110.0,-622.0,-766.0
58.095525521,842370130868765979,842370132946746642,37,6,,,interpolated,102.0,-625.0,-761.0
58.114416254,842370130887656712,842370132946746642,37,7,,,interpolated,102.0,-616.0,-755.0
58.133306988,842370130906547446,842370132946746642,37,8,,,interpolated,109.0,-614.0,-750.0
58.152197721,842370130925438179,842370132946746642,37,9,,,interpolated,108.0,-620.0,-753.0
58.171088454,842370130944328912,842370132946746642,37,10,,,interpolated,112.0,-618.0,-759.0
58.189979188,842370130963219646,842370132946746642,37,11,,,interpolated,113.0,-624.0,-763.0
58.208869921,842370130982110379,842370132946746642,37,12,,,interpolated,110.0,-628.0,-761.0
58.227760654,842370131001001112,842370132946746642,37,13,,,interpolated,101.0,-628.0,-760.0
58.246651387,842370131019891845,842370132946746642,37,14,,,interpolated,106.0,-627.0,-763.0
58.265542121,842370131038782579,842370132946746642,37,15,,,interpolated,99.0,-633.0,-760.0
58.284432854,842370131057673312,842370132946746642,37,16,,,interpolated,101.0,-628.0,-756.0
58.303323587,842370131076564045,842370132946746642,37,17,,,interpolated,104.0,-629.0,-764.0
58.322214321,842370131095454779,842370132946746642,37,18,,,interpolated,102.0,-630.0,-760.0
58.341105054,842370131114345512,842370132946746642,37,19,,,interpolated,101.0,-627.0,-754.0
58.359995787,842370131133236245,842370132946746642,37,20,,,interpolated,103.0,-632.0,-755.0
58.378886521,842370131152126979,842370132946746642,37,21,,,interpolated,105.0,-628.0,-761.0
58.397777254,842370131171017712,842370132946746642,37,22,,,interpolated,98.0,-623.0,-756.0
58.416667987,842370131189908445,842370132946746642,37,23,,,interpolated,100.0,-615.0,-760.0
58.43555872,842370131208799178,842370132946746642,37,24,,,interpolated,102.0,-619.0,-751.0
58.454449454,842370131227689912,842370132946746642,37,25,,,interpolated,114.0,-626.0,-767.0
58.473340187,842370131246580645,842370132946746642,37,26,,,interpolated,113.0,-628.0,-764.0
58.49223092,842370131265471378,842370132946746642,37,27,,,interpolated,103.0,-628.0,-763.0
58.511121654,842370131284362112,842370132946746642,37,28,,,interpolated,95.0,-633.0,-755.0
58.530012387,842370131303252845,842370132946746642,37,29,,,interpolated,94.0,-631.0,-755.0
58.54890312,842370131322143578,842370132946746642,37,30,,,interpolated,102.0,-628.0,-765.0
58.567793854,842370131341034312,842370132946746642,37,31,,,interpolated,105.0,-629.0,-761.0
58.586684587,842370131359925045,842370132946746642,37,32,,,interpolated,111.0,-628.0,-761.0
58.60557532,842370131378815778,842370132946746642,37,33,,,interpolated,111.0,-625.0,-754.0
58.624466053,842370131397706511,842370132946746642,37,34,,,interpolated,97.0,-627.0,-749.0
58.643356787,842370131416597245,842370132946746642,37,35,,,interpolated,101.0,-626.0,-757.0
58.66224752,842370131435487978,842370132946746642,37,36,,,interpolated,97.0,-627.0,-756.0
58.681138253,842370131454378711,842370132946746642,37,37,,,interpolated,107.0,-623.0,-755.0
58.700028987,842370131473269445,842370132946746642,37,38,,,interpolated,104.0,-630.0,-762.0
58.71891972,842370131492160178,842370132946746642,37,39,,,interpolated,103.0,-625.0,-757.0
58.737810453,842370131511050911,842370132946746642,37,40,,,interpolated,106.0,-625.0,-759.0
58.756701187,842370131529941645,842370132946746642,37,41,,,interpolated,103.0,-627.0,-759.0
58.77559192,842370131548832378,842370132946746642,37,42,,,interpolated,104.0,-628.0,-754.0
58.794482653,842370131567723111,842370132946746642,37,43,,,interpolated,104.0,-624.0,-760.0
58.813373386,842370131586613844,842370132946746642,37,44,,,interpolated,107.0,-627.0,-760.0
58.83226412,842370131605504578,842370132946746642,37,45,,,interpolated,109.0,-625.0,-760.0
58.851154853,842370131624395311,842370132946746642,37,46,,,interpolated,102.0,-631.0,-758.0
58.870045586,842370131643286044,842370132946746642,37,47,,,interpolated,101.0,-626.0,-756.0
58.88893632,842370131662176778,842370132946746642,37,48,,,interpolated,107.0,-626.0,-760.0
58.907827053,842370131681067511,842370132946746642,37,49,,,interpolated,102.0,-625.0,-763.0
58.926717786,842370131699958244,842370132946746642,37,50,,,interpolated,104.0,-621.0,-760.0
58.94560852,842370131718848978,842370132946746642,37,51,,,interpolated,102.0,-627.0,-755.0
58.964499253,842370131737739711,842370132946746642,37,52,,,interpolated,104.0,-628.0,-754.0
58.983389986,842370131756630444,842370132946746642,37,53,,,interpolated,105.0,-630.0,-754.0
59.002280719,842370131775521177,842370132946746642,37,54,,,interpolated,102.0,-617.0,-758.0
59.021171453,842370131794411911,842370132946746642,37,55,,,interpolated,108.0,-624.0,-756.0
59.040062186,842370131813302644,842370132946746642,37,56,,,interpolated,112.0,-629.0,-757.0
59.058952919,842370131832193377,842370132946746642,37,57,,,interpolated,104.0,-627.0,-754.0
59.077843653,842370131851084111,842370132946746642,37,58,,,interpolated,109.0,-625.0,-755.0
59.096734386,842370131869974844,842370132946746642,37,59,,,interpolated,104.0,-623.0,-754.0
59.115625119,842370131888865577,842370132946746642,37,60,,,interpolated,102.0,-623.0,-756.0
59.134515853,842370131907756311,842370132946746642,37,61,,,interpolated,101.0,-628.0,-749.0
59.153406586,842370131926647044,842370132946746642,37,62,,,interpolated,101.0,-625.0,-756.0
59.172297319,842370131945537777,842370132946746642,37,63,,,interpolated,110.0,-630.0,-754.0
59.191188052,842370131964428510,842370132946746642,37,64,,,interpolated,108.0,-630.0,-763.0
59.210078786,842370131983319244,842370132946746642,37,65,,,interpolated,100.0,-626.0,-761.0
59.228969519,842370132002209977,842370132946746642,37,66,,,interpolated,103.0,-628.0,-763.0
59.247860252,842370132021100710,842370132946746642,37,67,,,interpolated,100.0,-635.0,-765.0
59.266750986,842370132039991444,842370132946746642,37,68,,,interpolated,101.0,-635.0,-764.0
59.285641719,842370132058882177,842370132946746642,37,69,,,interpolated,94.0,-628.0,-758.0
59.304532452,842370132077772910,842370132946746642,37,70,,,interpolated,97.0,-627.0,-763.0
59.323423186,842370132096663644,842370132946746642,37,71,,,interpolated,103.0,-629.0,-760.0
59.342313919,842370132115554377,842370132946746642,37,72,,,interpolated,110.0,-627.0,-760.0
59.361204652,842370132134445110,842370132946746642,37,73,,,interpolated,111.0,-625.0,-757.0
59.380095385,842370132153335843,842370132946746642,37,74,,,interpolated,104.0,-623.0,-752.0
59.398986119,842370132172226577,842370132946746642,37,75,,,interpolated,108.0,-623.0,-751.0
59.417876852,842370132191117310,842370132946746642,37,76,,,interpolated,101.0,-623.0,-758.0
59.436767585,842370132210008043,842370132946746642,37,77,,,interpolated,102.0,-626.0,-761.0
59.455658319,842370132228898777,842370132946746642,37,78,,,interpolated,111.0,-625.0,-760.0
59.474549052,842370132247789510,842370132946746642,37,79,,,interpolated,113.0,-628.0,-757.0
59.493439785,842370132266680243,842370132946746642,37,80,,,interpolated,106.0,-631.0,-760.0
59.512330519,842370132285570977,842370132946746642,37,81,,,interpolated,99.0,-624.0,-758.0
59.531221252,842370132304461710,842370132946746642,37,82,,,interpolated,97.0,-623.0,-758.0
59.550111985,842370132323352443,842370132946746642,37,83,,,interpolated,103.0,-624.0,-758.0
59.569002718,842370132342243176,842370132946746642,37,84,,,interpolated,103.0,-625.0,-761.0
59.587893452,842370132361133910,842370132946746642,37,85,,,interpolated,105.0,-629.0,-752.0
59.606784185,842370132380024643,842370132946746642,37,86,,,interpolated,106.0,-627.0,-744.0
59.625674918,842370132398915376,842370132946746642,37,87,,,interpolated,103.0,-628.0,-748.0
59.644565652,842370132417806110,842370132946746642,37,88,,,interpolated,104.0,-622.0,-756.0
59.663456385,842370132436696843,842370132946746642,37,89,,,interpolated,104.0,-628.0,-754.0
59.682347118,842370132455587576,842370132946746642,37,90,,,interpolated,100.0,-623.0,-755.0
59.701237852,842370132474478310,842370132946746642,37,91,,,interpolated,101.0,-625.0,-757.0
59.720128585,842370132493369043,842370132946746642,37,92,,,interpolated,100.0,-630.0,-761.0
59.739019318,842370132512259776,842370132946746642,37,93,,,interpolated,102.0,-630.0,-760.0
59.757910051,842370132531150509,842370132946746642,37,94,,,interpolated,102.0,-630.0,-765.0
59.776800785,842370132550041243,842370132946746642,37,95,,,interpolated,99.0,-631.0,-758.0
59.795691518,842370132568931976,842370132946746642,37,96,,,interpolated,105.0,-624.0,-766.0
59.814582251,842370132587822709,842370132946746642,37,97,,,interpolated,95.0,-624.0,-763.0
59.833472985,842370132606713443,842370132946746642,37,98,,,interpolated,96.0,-620.0,-756.0
59.852363718,842370132625604176,842370132946746642,37,99,,,interpolated,97.0,-623.0,-756.0
59.871254451,842370132644494909,842370132946746642,37,100,,,interpolated,104.0,-633.0,-755.0
59.890145185,842370132663385643,842370132946746642,37,101,,,interpolated,101.0,-623.0,-755.0
59.909035918,842370132682276376,842370132946746642,37,102,,,interpolated,98.0,-622.0,-752.0
59.927926651,842370132701167109,842370132946746642,37,103,,,interpolated,97.0,-630.0,-757.0
59.946817384,842370132720057842,842370132946746642,37,104,,,interpolated,105.0,-633.0,-755.0
59.965708118,842370132738948576,842370132946746642,37,105,,,interpolated,102.0,-635.0,-762.0
59.984598851,842370132757839309,842370132946746642,37,106,,,interpolated,100.0,-632.0,-759.0
60.003489584,842370132776730042,842370132946746642,37,107,,,interpolated,97.0,-629.0,-759.0
60.022380318,842370132795620776,842370132946746642,37,108,,,interpolated,95.0,-627.0,-762.0
60.041271051,842370132814511509,842370132946746642,37,109,,,interpolated,94.0,-629.0,-750.0
60.060161784,842370132833402242,842370132946746642,37,110,,,interpolated,92.0,-631.0,-755.0
60.079052518,842370132852292976,842370132946746642,37,111,,,interpolated,100.0,-629.0,-747.0
60.097943251,842370132871183709,842370132946746642,37,112,,,interpolated,101.0,-631.0,-751.0
60.116833984,842370132890074442,842370132946746642,37,113,,,interpolated,103.0,-620.0,-751.0
60.135724717,842370132908965175,842370132946746642,37,114,,,interpolated,94.0,-622.0,-750.0
60.154615451,842370132927855909,842370132946746642,37,115,,,interpolated,96.0,-629.0,-749.0
60.173506184,842370132946746642,842370132946746642,37,116,,,interpolated,98.0,-628.0,-757.0
60.192395131,842370132965635589,842370133626748718,38,0,,,interpolated,100.0,-631.0,-758.0
60.211284077,842370132984524535,842370133626748718,38,1,,,interpolated,95.0,-630.0,-760.0
60.230173024,842370133003413482,842370133626748718,38,2,,,interpolated,92.0,-632.0,-769.0
60.24906197,842370133022302428,842370133626748718,38,3,,,interpolated,93.0,-631.0,-764.0
60.267950917,842370133041191375,842370133626748718,38,4,,,interpolated,98.0,-627.0,-756.0
60.286839863,842370133060080321,842370133626748718,38,5,,,interpolated,97.0,-623.0,-749.0
60.30572881,842370133078969268,842370133626748718,38,6,,,interpolated,89.0,-623.0,-755.0
60.324617756,842370133097858214,842370133626748718,38,7,,,interpolated,94.0,-629.0,-758.0
60.343506703,842370133116747161,842370133626748718,38,8,,,interpolated,96.0,-628.0,-753.0
60.36239565,842370133135636108,842370133626748718,38,9,,,interpolated,99.0,-633.0,-752.0
60.381284596,842370133154525054,842370133626748718,38,10,,,interpolated,98.0,-632.0,-756.0
60.400173543,842370133173414001,842370133626748718,38,11,,,interpolated,93.0,-630.0,-759.0
60.419062489,842370133192302947,842370133626748718,38,12,,,interpolated,94.0,-633.0,-758.0
60.437951436,842370133211191894,842370133626748718,38,13,,,interpolated,98.0,-631.0,-761.0
60.456840382,842370133230080840,842370133626748718,38,14,,,interpolated,95.0,-631.0,-756.0
60.475729329,842370133248969787,842370133626748718,38,15,,,interpolated,93.0,-629.0,-758.0
60.494618275,842370133267858733,842370133626748718,38,16,,,interpolated,96.0,-631.0,-762.0
60.513507222,842370133286747680,842370133626748718,38,17,,,interpolated,95.0,-637.0,-758.0
60.532396169,842370133305636627,842370133626748718,38,18,,,interpolated,92.0,-632.0,-756.0
60.551285115,842370133324525573,842370133626748718,38,19,,,interpolated,95.0,-631.0,-750.0
60.570174062,842370133343414520,842370133626748718,38,20,,,interpolated,94.0,-625.0,-750.0
60.589063008,842370133362303466,842370133626748718,38,21,,,interpolated,93.0,-627.0,-753.0
60.607951955,842370133381192413,842370133626748718,38,22,,,interpolated,99.0,-631.0,-748.0
60.626840901,842370133400081359,842370133626748718,38,23,,,interpolated,94.0,-629.0,-752.0
60.645729848,842370133418970306,842370133626748718,38,24,,,interpolated,96.0,-627.0,-757.0
60.664618794,842370133437859252,842370133626748718,38,25,,,interpolated,97.0,-633.0,-761.0
60.683507741,842370133456748199,842370133626748718,38,26,,,interpolated,93.0,-630.0,-764.0
60.702396688,842370133475637146,842370133626748718,38,27,,,interpolated,97.0,-633.0,-756.0
60.721285634,842370133494526092,842370133626748718,38,28,,,interpolated,91.0,-631.0,-754.0
60.740174581,842370133513415039,842370133626748718,38,29,,,interpolated,90.0,-635.0,-754.0
60.759063527,842370133532303985,842370133626748718,38,30,,,interpolated,96.0,-633.0,-753.0
60.777952474,842370133551192932,842370133626748718,38,31,,,interpolated,94.0,-626.0,-757.0
60.79684142,842370133570081878,842370133626748718,38,32,,,interpolated,92.0,-622.0,-750.0
60.815730367,842370133588970825,842370133626748718,38,33,,,interpolated,94.0,-626.0,-746.0
60.834619313,842370133607859771,842370133626748718,38,34,,,interpolated,100.0,-632.0,-753.0
60.85350826,842370133626748718,842370133626748718,38,35,,,interpolated,98.0,-635.0,-761.0
