time_s,device_timestamp_ns,packet_timestamp_ns,packet_id,sample_index,host_monotonic_ns,host_time_utc,timestamp_method,acc_x_mg,acc_y_mg,acc_z_mg
9.930538462,842358327899943944,842358329688405482,3,0,46255406000000,2026-09-10T12:24:44.822913+00:00,nominal_first,271.0,795.0,-577.0
9.949769231,842358327919174713,842358329688405482,3,1,46255406000000,2026-09-10T12:24:44.822913+00:00,nominal_first,270.0,792.0,-588.0
9.969,842358327938405482,842358329688405482,3,2,46255406000000,2026-09-10T12:24:44.822913+00:00,nominal_first,279.0,789.0,-591.0
9.988230769,842358327957636251,842358329688405482,3,3,46255406000000,2026-09-10T12:24:44.822913+00:00,nominal_first,285.0,792.0,-595.0
10.007461538,842358327976867020,842358329688405482,3,4,46255406000000,2026-09-10T12:24:44.822913+00:00,nominal_first,276.0,791.0,-590.0
10.026692308,842358327996097790,842358329688405482,3,5,46255406000000,2026-09-10T12:24:44.822913+00:00,nominal_first,269.0,788.0,-597.0
10.045923077,842358328015328559,842358329688405482,3,6,46255406000000,2026-09-10T12:24:44.822913+00:00,nominal_first,270.0,784.0,-598.0
10.065153846,842358328034559328,842358329688405482,3,7,46255406000000,2026-09-10T12:24:44.822913+00:00,nominal_first,261.0,791.0,-594.0
10.084384615,842358328053790097,842358329688405482,3,8,46255406000000,2026-09-10T12:24:44.822913+00:00,nominal_first,263.0,795.0,-595.0
10.103615385,842358328073020867,842358329688405482,3,9,46255406000000,2026-09-10T12:24:44.822913+00:00,nominal_first,269.0,794.0,-595.0
10.122846154,842358328092251636,842358329688405482,3,10,46255406000000,2026-09-10T12:24:44.822913+00:00,nominal_first,266.0,789.0,-599.0
10.142076923,842358328111482405,842358329688405482,3,11,46255406000000,2026-09-10T12:24:44.822913+00:00,nominal_first,267.0,788.0,-600.0
10.161307692,842358328130713174,842358329688405482,3,12,46255406000000,2026-09-10T12:24:44.822913+00:00,nominal_first,270.0,785.0,-600.0
10.180538462,842358328149943944,842358329688405482,3,13,46255406000000,2026-09-10T12:24:44.822913+00:00,nominal_first,269.0,786.0,-604.0
10.199769231,842358328169174713,842358329688405482,3,14,46255406000000,2026-09-10T12:24:44.822913+00:00,nominal_first,269.0,790.0,-605.0
10.219,842358328188405482,842358329688405482,3,15,46255406000000,2026-09-10T12:24:44.822913+00:00,nominal_first,267.0,788.0,-601.0
10.238230769,842358328207636251,842358329688405482,3,16,46255406000000,2026-09-10T12:24:44.822913+00:00,nominal_first,271.0,790.0,-601.0
10.257461538,842358328226867020,842358329688405482,3,17,46255406000000,2026-09-10T12:24:44.822913+00:00,nominal_first,273.0,782.0,-600.0
10.276692308,842358328246097790,842358329688405482,3,18,46255406000000,2026-09-10T12:24:44.822913+00:00,nominal_first,268.0,785.0,-606.0
10.295923077,842358328265328559,842358329688405482,3,19,46255406000000,2026-09-10T12:24:44.822913+00:00,nominal_first,266.0,785.0,-597.0
10.315153846,842358328284559328,842358329688405482,3,20,46255406000000,2026-09-10T12:24:44.822913+00:00,nominal_first,273.0,787.0,-599.0
10.334384615,842358328303790097,842358329688405482,3,21,46255406000000,2026-09-10T12:24:44.822913+00:00,nominal_first,274.0,782.0,-602.0
10.353615385,842358328323020867,842358329688405482,3,22,46255406000000,2026-09-10T12:24:44.822913+00:00,nominal_first,276.0,783.0,-600.0
10.372846154,842358328342251636,842358329688405482,3,23,46255406000000,2026-09-10T12:24:44.822913+00:00,nominal_first,271.0,776.0,-601.0
10.392076923,842358328361482405,842358329688405482,3,24,46255406000000,2026-09-10T12:24:44.822913+00:00,nominal_first,267.0,772.0,-615.0
10.411307692,842358328380713174,842358329688405482,3,25,46255406000000,2026-09-10T12:24:44.822913+00:00,nominal_first,264.0,779.0,-610.0
10.430538462,842358328399943944,842358329688405482,3,26,46255406000000,2026-09-10T12:24:44.822913+00:00,nominal_first,256.0,798.0,-601.0
10.449769231,842358328419174713,842358329688405482,3,27,46255406000000,2026-09-10T12:24:44.822913+00:00,nominal_first,250.0,804.0,-593.0
10.469,842358328438405482,842358329688405482,3,28,46255406000000,2026-09-10T12:24:44.822913+00:00,nominal_first,242.0,797.0,-591.0
10.488230769,842358328457636251,842358329688405482,3,29,46255406000000,2026-09-10T12:24:44.822913+00:00,nominal_first,245.0,800.0,-595.0
10.507461538,842358328476867020,842358329688405482,3,30,46255406000000,2026-09-10T12:24:44.822913+00:00,nominal_first,257.0,793.0,-598.0
10.526692308,842358328496097790,842358329688405482,3,31,46255406000000,2026-09-10T12:24:44.822913+00:00,nominal_first,262.0,793.0,-594.0
10.545923077,842358328515328559,842358329688405482,3,32,46255406000000,2026-09-10T12:24:44.822913+00:00,nominal_first,260.0,787.0,-595.0
10.565153846,842358328534559328,842358329688405482,3,33,46255406000000,2026-09-10T12:24:44.822913+00:00,nominal_first,255.0,793.0,-594.0
10.584384615,842358328553790097,842358329688405482,3,34,46255406000000,2026-09-10T12:24:44.822913+00:00,nominal_first,252.0,798.0,-593.0
10.603615385,842358328573020867,842358329688405482,3,35,46255406000000,2026-09-10T12:24:44.822913+00:00,nominal_first,246.0,801.0,-593.0
10.622846154,842358328592251636,842358329688405482,3,36,46255406000000,2026-09-10T12:24:44.822913+00:00,nominal_first,244.0,797.0,-588.0
10.642076923,842358328611482405,842358329688405482,3,37,46255406000000,2026-09-10T12:24:44.822913+00:00,nominal_first,246.0,800.0,-589.0
10.661307692,842358328630713174,842358329688405482,3,38,46255406000000,2026-09-10T12:24:44.822913+00:00,nominal_first,247.0,808.0,-580.0
10.680538462,842358328649943944,842358329688405482,3,39,46255406000000,2026-09-10T12:24:44.822913+00:00,nominal_first,248.0,807.0,-578.0
10.699769231,842358328669174713,842358329688405482,3,40,46255406000000,2026-09-10T12:24:44.822913+00:00,nominal_first,246.0,802.0,-590.0
10.719,842358328688405482,842358329688405482,3,41,46255406000000,2026-09-10T12:24:44.822913+00:00,nominal_first,244.0,802.0,-588.0
10.738230769,842358328707636251,842358329688405482,3,42,46255406000000,2026-09-10T12:24:44.822913+00:00,nominal_first,248.0,804.0,-586.0
10.757461538,842358328726867020,842358329688405482,3,43,46255406000000,2026-09-10T12:24:44.822913+00:00,nominal_first,251.0,807.0,-586.0
10.776692308,842358328746097790,842358329688405482,3,44,46255406000000,2026-09-10T12:24:44.822913+00:00,nominal_first,248.0,807.0,-581.0
10.795923077,842358328765328559,842358329688405482,3,45,46255406000000,2026-09-10T12:24:44.822913+00:00,nominal_first,250.0,807.0,-576.0
10.815153846,842358328784559328,842358329688405482,3,46,46255406000000,2026-09-10T12:24:44.822913+00:00,nominal_first,254.0,806.0,-577.0
10.834384615,842358328803790097,842358329688405482,3,47,46255406000000,2026-09-10T12:24:44.822913+00:00,nominal_first,253.0,806.0,-579.0
10.853615385,842358328823020867,842358329688405482,3,48,46255406000000,2026-09-10T12:24:44.822913+00:00,nominal_first,244.0,808.0,-575.0
10.872846154,842358328842251636,842358329688405482,3,49,46255406000000,2026-09-10T12:24:44.822913+00:00,nominal_first,238.0,805.0,-581.0
10.892076923,842358328861482405,842358329688405482,3,50,46255406000000,2026-09-10T12:24:44.822913+00:00,nominal_first,245.0,810.0,-584.0
10.911307692,842358328880713174,842358329688405482,3,51,46255406000000,2026-09-10T12:24:44.822913+00:00,nominal_first,245.0,808.0,-584.0
10.930538462,842358328899943944,842358329688405482,3,52,46255406000000,2026-09-10T12:24:44.822913+00:00,nominal_first,243.0,812.0,-579.0
10.949769231,842358328919174713,842358329688405482,3,53,46255406000000,2026-09-10T12:24:44.822913+00:00,nominal_first,240.0,814.0,-579.0
10.969,842358328938405482,842358329688405482,3,54,46255406000000,2026-09-10T12:24:44.822913+00:00,nominal_first,235.0,811.0,-584.0
10.988230769,842358328957636251,842358329688405482,3,55,46255406000000,2026-09-10T12:24:44.822913+00:00,nominal_first,240.0,819.0,-575.0
11.007461538,842358328976867020,842358329688405482,3,56,46255406000000,2026-09-10T12:24:44.822913+00:00,nominal_first,239.0,811.0,-576.0
11.026692308,842358328996097790,842358329688405482,3,57,46255406000000,2026-09-10T12:24:44.822913+00:00,nominal_first,239.0,812.0,-574.0
11.045923077,842358329015328559,842358329688405482,3,58,46255406000000,2026-09-10T12:24:44.822913+00:00,nominal_first,241.0,818.0,-573.0
11.065153846,842358329034559328,842358329688405482,3,59,46255406000000,2026-09-10T12:24:44.822913+00:00,nominal_first,247.0,814.0,-577.0
11.084384615,842358329053790097,842358329688405482,3,60,46255406000000,2026-09-10T12:24:44.822913+00:00,nominal_first,241.0,817.0,-567.0
11.103615385,842358329073020867,842358329688405482,3,61,46255406000000,2026-09-10T12:24:44.822913+00:00,nominal_first,236.0,823.0,-566.0
11.122846154,842358329092251636,842358329688405482,3,62,46255406000000,2026-09-10T12:24:44.822913+00:00,nominal_first,232.0,822.0,-565.0
11.142076923,842358329111482405,842358329688405482,3,63,46255406000000,2026-09-10T12:24:44.822913+00:00,nominal_first,239.0,815.0,-570.0
11.161307692,842358329130713174,842358329688405482,3,64,46255406000000,2026-09-10T12:24:44.822913+00:00,nominal_first,242.0,819.0,-565.0
11.180538462,842358329149943944,842358329688405482,3,65,46255406000000,2026-09-10T12:24:44.822913+00:00,nominal_first,238.0,826.0,-564.0
11.199769231,842358329169174713,842358329688405482,3,66,46255406000000,2026-09-10T12:24:44.822913+00:00,nominal_first,232.0,829.0,-567.0
11.219,842358329188405482,842358329688405482,3,67,46255406000000,2026-09-10T12:24:44.822913+00:00,nominal_first,233.0,824.0,-567.0
11.238230769,842358329207636251,842358329688405482,3,68,46255406000000,2026-09-10T12:24:44.822913+00:00,nominal_first,234.0,827.0,-567.0
11.257461538,842358329226867020,842358329688405482,3,69,46255406000000,2026-09-10T12:24:44.822913+00:00,nominal_first,234.0,831.0,-562.0
11.276692308,842358329246097790,842358329688405482,3,70,46255406000000,2026-09-10T12:24:44.822913+00:00,nominal_first,236.0,825.0,-567.0
11.295923077,842358329265328559,842358329688405482,3,71,46255406000000,2026-09-10T12:24:44.822913+00:00,nominal_first,235.0,824.0,-566.0
11.315153846,842358329284559328,842358329688405482,3,72,46255406000000,2026-09-10T12:24:44.822913+00:00,nominal_first,231.0,829.0,-560.0
11.334384615,842358329303790097,842358329688405482,3,73,46255406000000,2026-09-10T12:24:44.822913+00:00,nominal_first,228.0,833.0,-558.0
11.353615385,842358329323020867,842358329688405482,3,74,46255406000000,2026-09-10T12:24:44.822913+00:00,nominal_first,226.0,831.0,-557.0
11.372846154,842358329342251636,842358329688405482,3,75,46255406000000,2026-09-10T12:24:44.822913+00:00,nominal_first,230.0,832.0,-554.0
11.392076923,842358329361482405,842358329688405482,3,76,46255406000000,2026-09-10T12:24:44.822913+00:00,nominal_first,230.0,835.0,-552.0
11.411307692,842358329380713174,842358329688405482,3,77,46255406000000,2026-09-10T12:24:44.822913+00:00,nominal_first,228.0,837.0,-548.0
11.430538462,842358329399943944,842358329688405482,3,78,46255406000000,2026-09-10T12:24:44.822913+00:00,nominal_first,225.0,841.0,-552.0
11.449769231,842358329419174713,842358329688405482,3,79,46255406000000,2026-09-10T12:24:44.822913+00:00,nominal_first,226.0,838.0,-548.0
11.469,842358329438405482,842358329688405482,3,80,46255406000000,2026-09-10T12:24:44.822913+00:00,nominal_first,223.0,833.0,-545.0
11.488230769,842358329457636251,842358329688405482,3,81,46255406000000,2026-09-10T12:24:44.822913+00:00,nominal_first,218.0,841.0,-544.0
11.507461538,842358329476867020,842358329688405482,3,82,46255406000000,2026-09-10T12:24:44.822913+00:00,nominal_first,210.0,847.0,-540.0
11.526692308,842358329496097790,842358329688405482,3,83,46255406000000,2026-09-10T12:24:44.822913+00:00,nominal_first,210.0,852.0,-539.0
11.545923077,842358329515328559,842358329688405482,3,84,46255406000000,2026-09-10T12:24:44.822913+00:00,nominal_first,210.0,847.0,-537.0
11.565153846,842358329534559328,842358329688405482,3,85,46255406000000,2026-09-10T12:24:44.822913+00:00,nominal_first,213.0,849.0,-540.0
11.584384615,842358329553790097,842358329688405482,3,86,46255406000000,2026-09-10T12:24:44.822913+00:00,nominal_first,208.0,851.0,-534.0
11.603615385,842358329573020867,842358329688405482,3,87,46255406000000,2026-09-10T12:24:44.822913+00:00,nominal_first,204.0,851.0,-540.0
11.622846154,842358329592251636,842358329688405482,3,88,46255406000000,2026-09-10T12:24:44.822913+00:00,nominal_first,209.0,854.0,-537.0
11.642076923,842358329611482405,842358329688405482,3,89,46255406000000,2026-09-10T12:24:44.822913+00:00,nominal_first,207.0,856.0,-535.0
11.661307692,842358329630713174,842358329688405482,3,90,46255406000000,2026-09-10T12:24:44.822913+00:00,nominal_first,208.0,855.0,-537.0
11.680538462,842358329649943944,842358329688405482,3,91,46255406000000,2026-09-10T12:24:44.822913+00:00,nominal_first,203.0,854.0,-531.0
11.699769231,842358329669174713,842358329688405482,3,92,46255406000000,2026-09-10T12:24:44.822913+00:00,nominal_first,206.0,857.0,-538.0
11.719,842358329688405482,842358329688405482,3,93,46255406000000,2026-09-10T12:24:44.822913+00:00,nominal_first,208.0,852.0,-534.0
11.737889116,842358329707294598,842358331463982396,7,0,46257234000000,2026-09-10T12:24:46.652699+00:00,interpolated,204.0,859.0,-529.0
11.756778232,842358329726183714,842358331463982396,7,1,46257234000000,2026-09-10T12:24:46.652699+00:00,interpolated,204.0,857.0,-526.0
11.775667348,842358329745072830,842358331463982396,7,2,46257234000000,2026-09-10T12:24:46.652699+00:00,interpolated,201.0,861.0,-533.0
11.794556464,842358329763961946,842358331463982396,7,3,46257234000000,2026-09-10T12:24:46.652699+00:00,interpolated,216.0,854.0,-519.0
11.813445581,842358329782851063,842358331463982396,7,4,46257234000000,2026-09-10T12:24:46.652699+00:00,interpolated,220.0,862.0,-518.0
11.832334697,842358329801740179,842358331463982396,7,5,46257234000000,2026-09-10T12:24:46.652699+00:00,interpolated,206.0,861.0,-519.0
11.851223813,842358329820629295,842358331463982396,7,6,46257234000000,2026-09-10T12:24:46.652699+00:00,interpolated,201.0,872.0,-528.0
11.870112929,842358329839518411,842358331463982396,7,7,46257234000000,2026-09-10T12:24:46.652699+00:00,interpolated,202.0,868.0,-519.0
11.889002045,842358329858407527,842358331463982396,7,8,46257234000000,2026-09-10T12:24:46.652699+00:00,interpolated,206.0,863.0,-512.0
11.907891161,842358329877296643,842358331463982396,7,9,46257234000000,2026-09-10T12:24:46.652699+00:00,interpolated,207.0,864.0,-515.0
11.926780277,842358329896185759,842358331463982396,7,10,46257234000000,2026-09-10T12:24:46.652699+00:00,interpolated,205.0,873.0,-510.0
11.945669393,842358329915074875,842358331463982396,7,11,46257234000000,2026-09-10T12:24:46.652699+00:00,interpolated,202.0,870.0,-507.0
11.964558509,842358329933963991,842358331463982396,7,12,46257234000000,2026-09-10T12:24:46.652699+00:00,interpolated,199.0,876.0,-507.0
11.983447625,842358329952853107,842358331463982396,7,13,46257234000000,2026-09-10T12:24:46.652699+00:00,interpolated,189.0,875.0,-507.0
12.002336742,842358329971742224,842358331463982396,7,14,46257234000000,2026-09-10T12:24:46.652699+00:00,interpolated,191.0,874.0,-504.0
12.021225858,842358329990631340,842358331463982396,7,15,46257234000000,2026-09-10T12:24:46.652699+00:00,interpolated,189.0,875.0,-505.0
12.040114974,842358330009520456,842358331463982396,7,16,46257234000000,2026-09-10T12:24:46.652699+00:00,interpolated,189.0,886.0,-507.0
12.05900409,842358330028409572,842358331463982396,7,17,46257234000000,2026-09-10T12:24:46.652699+00:00,interpolated,192.0,878.0,-503.0
12.077893206,842358330047298688,842358331463982396,7,18,46257234000000,2026-09-10T12:24:46.652699+00:00,interpolated,187.0,878.0,-507.0
12.096782322,842358330066187804,842358331463982396,7,19,46257234000000,2026-09-10T12:24:46.652699+00:00,interpolated,187.0,875.0,-502.0
12.115671438,842358330085076920,842358331463982396,7,20,46257234000000,2026-09-10T12:24:46.652699+00:00,interpolated,180.0,880.0,-501.0
12.134560554,842358330103966036,842358331463982396,7,21,46257234000000,2026-09-10T12:24:46.652699+00:00,interpolated,179.0,880.0,-508.0
12.15344967,842358330122855152,842358331463982396,7,22,46257234000000,2026-09-10T12:24:46.652699+00:00,interpolated,186.0,878.0,-506.0
12.172338787,842358330141744269,842358331463982396,7,23,46257234000000,2026-09-10T12:24:46.652699+00:00,interpolated,186.0,878.0,-499.0
12.191227903,842358330160633385,842358331463982396,7,24,46257234000000,2026-09-10T12:24:46.652699+00:00,interpolated,180.0,880.0,-501.0
12.210117019,842358330179522501,842358331463982396,7,25,46257234000000,2026-09-10T12:24:46.652699+00:00,interpolated,177.0,876.0,-503.0
12.229006135,842358330198411617,842358331463982396,7,26,46257234000000,2026-09-10T12:24:46.652699+00:00,interpolated,173.0,882.0,-509.0
12.247895251,842358330217300733,842358331463982396,7,27,46257234000000,2026-09-10T12:24:46.652699+00:00,interpolated,176.0,880.0,-508.0
12.266784367,842358330236189849,842358331463982396,7,28,46257234000000,2026-09-10T12:24:46.652699+00:00,interpolated,179.0,880.0,-510.0
12.285673483,842358330255078965,842358331463982396,7,29,46257234000000,2026-09-10T12:24:46.652699+00:00,interpolated,182.0,876.0,-506.0
12.304562599,842358330273968081,842358331463982396,7,30,46257234000000,2026-09-10T12:24:46.652699+00:00,interpolated,180.0,881.0,-510.0
12.323451715,842358330292857197,842358331463982396,7,31,46257234000000,2026-09-10T12:24:46.652699+00:00,interpolated,186.0,884.0,-502.0
12.342340832,842358330311746314,842358331463982396,7,32,46257234000000,2026-09-10T12:24:46.652699+00:00,interpolated,179.0,876.0,-502.0
12.361229948,842358330330635430,842358331463982396,7,33,46257234000000,2026-09-10T12:24:46.652699+00:00,interpolated,185.0,874.0,-506.0
12.380119064,842358330349524546,842358331463982396,7,34,46257234000000,2026-09-10T12:24:46.652699+00:00,interpolated,181.0,876.0,-511.0
12.39900818,842358330368413662,842358331463982396,7,35,46257234000000,2026-09-10T12:24:46.652699+00:00,interpolated,180.0,882.0,-507.0
12.417897296,842358330387302778,842358331463982396,7,36,46257234000000,2026-09-10T12:24:46.652699+00:00,interpolated,172.0,876.0,-506.0
12.436786412,842358330406191894,842358331463982396,7,37,46257234000000,2026-09-10T12:24:46.652699+00:00,interpolated,166.0,876.0,-507.0
12.455675528,842358330425081010,842358331463982396,7,38,46257234000000,2026-09-10T12:24:46.652699+00:00,interpolated,174.0,881.0,-504.0
12.474564644,842358330443970126,842358331463982396,7,39,46257234000000,2026-09-10T12:24:46.652699+00:00,interpolated,168.0,881.0,-509.0
12.49345376,842358330462859242,842358331463982396,7,40,46257234000000,2026-09-10T12:24:46.652699+00:00,interpolated,173.0,880.0,-509.0
12.512342876,842358330481748358,842358331463982396,7,41,46257234000000,2026-09-10T12:24:46.652699+00:00,interpolated,174.0,877.0,-511.0
12.531231993,842358330500637475,842358331463982396,7,42,46257234000000,2026-09-10T12:24:46.652699+00:00,interpolated,190.0,869.0,-521.0
12.550121109,842358330519526591,842358331463982396,7,43,46257234000000,2026-09-10T12:24:46.652699+00:00,interpolated,199.0,866.0,-514.0
12.569010225,842358330538415707,842358331463982396,7,44,46257234000000,2026-09-10T12:24:46.652699+00:00,interpolated,197.0,868.0,-515.0
12.587899341,842358330557304823,842358331463982396,7,45,46257234000000,2026-09-10T12:24:46.652699+00:00,interpolated,192.0,870.0,-519.0
12.606788457,842358330576193939,842358331463982396,7,46,46257234000000,2026-09-10T12:24:46.652699+00:00,interpolated,183.0,869.0,-515.0
12.625677573,842358330595083055,842358331463982396,7,47,46257234000000,2026-09-10T12:24:46.652699+00:00,interpolated,186.0,873.0,-525.0
12.644566689,842358330613972171,842358331463982396,7,48,46257234000000,2026-09-10T12:24:46.652699+00:00,interpolated,203.0,859.0,-533.0
12.663455805,842358330632861287,842358331463982396,7,49,46257234000000,2026-09-10T12:24:46.652699+00:00,interpolated,210.0,853.0,-529.0
12.682344921,842358330651750403,842358331463982396,7,50,46257234000000,2026-09-10T12:24:46.652699+00:00,interpolated,205.0,857.0,-528.0
12.701234038,842358330670639520,842358331463982396,7,51,46257234000000,2026-09-10T12:24:46.652699+00:00,interpolated,192.0,866.0,-527.0
12.720123154,842358330689528636,842358331463982396,7,52,46257234000000,2026-09-10T12:24:46.652699+00:00,interpolated,190.0,856.0,-547.0
12.73901227,842358330708417752,842358331463982396,7,53,46257234000000,2026-09-10T12:24:46.652699+00:00,interpolated,208.0,839.0,-551.0
12.757901386,842358330727306868,842358331463982396,7,54,46257234000000,2026-09-10T12:24:46.652699+00:00,interpolated,205.0,850.0,-544.0
12.776790502,842358330746195984,842358331463982396,7,55,46257234000000,2026-09-10T12:24:46.652699+00:00,interpolated,204.0,855.0,-548.0
12.795679618,842358330765085100,842358331463982396,7,56,46257234000000,2026-09-10T12:24:46.652699+00:00,interpolated,199.0,849.0,-549.0
12.814568734,842358330783974216,842358331463982396,7,57,46257234000000,2026-09-10T12:24:46.652699+00:00,interpolated,202.0,847.0,-555.0
12.83345785,842358330802863332,842358331463982396,7,58,46257234000000,2026-09-10T12:24:46.652699+00:00,interpolated,210.0,839.0,-548.0
12.852346966,842358330821752448,842358331463982396,7,59,46257234000000,2026-09-10T12:24:46.652699+00:00,interpolated,213.0,841.0,-550.0
12.871236082,842358330840641564,842358331463982396,7,60,46257234000000,2026-09-10T12:24:46.652699+00:00,interpolated,217.0,842.0,-550.0
12.890125199,842358330859530681,842358331463982396,7,61,46257234000000,2026-09-10T12:24:46.652699+00:00,interpolated,208.0,845.0,-551.0
12.909014315,842358330878419797,842358331463982396,7,62,46257234000000,2026-09-10T12:24:46.652699+00:00,interpolated,214.0,845.0,-554.0
12.927903431,842358330897308913,842358331463982396,7,63,46257234000000,2026-09-10T12:24:46.652699+00:00,interpolated,223.0,840.0,-554.0
12.946792547,842358330916198029,842358331463982396,7,64,46257234000000,2026-09-10T12:24:46.652699+00:00,interpolated,226.0,836.0,-555.0
12.965681663,842358330935087145,842358331463982396,7,65,46257234000000,2026-09-10T12:24:46.652699+00:00,interpolated,230.0,835.0,-556.0
12.984570779,842358330953976261,842358331463982396,7,66,46257234000000,2026-09-10T12:24:46.652699+00:00,interpolated,231.0,829.0,-554.0
13.003459895,842358330972865377,842358331463982396,7,67,46257234000000,2026-09-10T12:24:46.652699+00:00,interpolated,233.0,830.0,-556.0
13.022349011,842358330991754493,842358331463982396,7,68,46257234000000,2026-09-10T12:24:46.652699+00:00,interpolated,229.0,832.0,-559.0
13.041238127,842358331010643609,842358331463982396,7,69,46257234000000,2026-09-10T12:24:46.652699+00:00,interpolated,233.0,838.0,-562.0
13.060127244,842358331029532726,842358331463982396,7,70,46257234000000,2026-09-10T12:24:46.652699+00:00,interpolated,239.0,831.0,-557.0
13.07901636,842358331048421842,842358331463982396,7,71,46257234000000,2026-09-10T12:24:46.652699+00:00,interpolated,235.0,828.0,-560.0
13.097905476,842358331067310958,842358331463982396,7,72,46257234000000,2026-09-10T12:24:46.652699+00:00,interpolated,241.0,827.0,-560.0
13.116794592,842358331086200074,842358331463982396,7,73,46257234000000,2026-09-10T12:24:46.652699+00:00,interpolated,247.0,831.0,-558.0
13.135683708,842358331105089190,842358331463982396,7,74,46257234000000,2026-09-10T12:24:46.652699+00:00,interpolated,252.0,821.0,-559.0
13.154572824,842358331123978306,842358331463982396,7,75,46257234000000,2026-09-10T12:24:46.652699+00:00,interpolated,254.0,825.0,-563.0
13.17346194,842358331142867422,842358331463982396,7,76,46257234000000,2026-09-10T12:24:46.652699+00:00,interpolated,243.0,826.0,-561.0
13.192351056,842358331161756538,842358331463982396,7,77,46257234000000,2026-09-10T12:24:46.652699+00:00,interpolated,242.0,824.0,-564.0
13.211240172,842358331180645654,842358331463982396,7,78,46257234000000,2026-09-10T12:24:46.652699+00:00,interpolated,245.0,824.0,-563.0
13.230129289,842358331199534771,842358331463982396,7,79,46257234000000,2026-09-10T12:24:46.652699+00:00,interpolated,235.0,827.0,-560.0
13.249018405,842358331218423887,842358331463982396,7,80,46257234000000,2026-09-10T12:24:46.652699+00:00,interpolated,231.0,829.0,-556.0
13.267907521,842358331237313003,842358331463982396,7,81,46257234000000,2026-09-10T12:24:46.652699+00:00,interpolated,229.0,824.0,-564.0
13.286796637,842358331256202119,842358331463982396,7,82,46257234000000,2026-09-10T12:24:46.652699+00:00,interpolated,231.0,825.0,-566.0
13.305685753,842358331275091235,842358331463982396,7,83,46257234000000,2026-09-10T12:24:46.652699+00:00,interpolated,231.0,830.0,-562.0
13.324574869,842358331293980351,842358331463982396,7,84,46257234000000,2026-09-10T12:24:46.652699+00:00,interpolated,230.0,830.0,-566.0
13.343463985,842358331312869467,842358331463982396,7,85,46257234000000,2026-09-10T12:24:46.652699+00:00,interpolated,228.0,826.0,-564.0
13.362353101,842358331331758583,842358331463982396,7,86,46257234000000,2026-09-10T12:24:46.652699+00:00,interpolated,235.0,821.0,-566.0
13.381242217,842358331350647699,842358331463982396,7,87,46257234000000,2026-09-10T12:24:46.652699+00:00,interpolated,238.0,823.0,-567.0
13.400131333,842358331369536815,842358331463982396,7,88,46257234000000,2026-09-10T12:24:46.652699+00:00,interpolated,235.0,823.0,-568.0
13.41902045,842358331388425932,842358331463982396,7,89,46257234000000,2026-09-10T12:24:46.652699+00:00,interpolated,218.0,833.0,-564.0
13.437909566,842358331407315048,842358331463982396,7,90,46257234000000,2026-09-10T12:24:46.652699+00:00,interpolated,217.0,831.0,-566.0
13.456798682,842358331426204164,842358331463982396,7,91,46257234000000,2026-09-10T12:24:46.652699+00:00,interpolated,219.0,833.0,-565.0
13.475687798,842358331445093280,842358331463982396,7,92,46257234000000,2026-09-10T12:24:46.652699+00:00,interpolated,229.0,829.0,-565.0
13.494576914,842358331463982396,842358331463982396,7,93,46257234000000,2026-09-10T12:24:46.652699+00:00,interpolated,231.0,821.0,-561.0
13.513465715,842358331482871197,842358333296196140,11,0,46259125000000,2026-09-10T12:24:48.543433+00:00,interpolated,230.0,828.0,-565.0
13.532354517,842358331501759999,842358333296196140,11,1,46259125000000,2026-09-10T12:24:48.543433+00:00,interpolated,227.0,830.0,-561.0
13.551243318,842358331520648800,842358333296196140,11,2,46259125000000,2026-09-10T12:24:48.543433+00:00,interpolated,220.0,827.0,-566.0
13.57013212,842358331539537602,842358333296196140,11,3,46259125000000,2026-09-10T12:24:48.543433+00:00,interpolated,217.0,832.0,-567.0
13.589020921,842358331558426403,842358333296196140,11,4,46259125000000,2026-09-10T12:24:48.543433+00:00,interpolated,208.0,836.0,-561.0
13.607909723,842358331577315205,842358333296196140,11,5,46259125000000,2026-09-10T12:24:48.543433+00:00,interpolated,214.0,832.0,-562.0
13.626798524,842358331596204006,842358333296196140,11,6,46259125000000,2026-09-10T12:24:48.543433+00:00,interpolated,219.0,829.0,-563.0
13.645687326,842358331615092808,842358333296196140,11,7,46259125000000,2026-09-10T12:24:48.543433+00:00,interpolated,219.0,834.0,-560.0
13.664576127,842358331633981609,842358333296196140,11,8,46259125000000,2026-09-10T12:24:48.543433+00:00,interpolated,218.0,829.0,-563.0
13.683464929,842358331652870411,842358333296196140,11,9,46259125000000,2026-09-10T12:24:48.543433+00:00,interpolated,219.0,833.0,-562.0
13.70235373,842358331671759212,842358333296196140,11,10,46259125000000,2026-09-10T12:24:48.543433+00:00,interpolated,216.0,834.0,-564.0
13.721242532,842358331690648014,842358333296196140,11,11,46259125000000,2026-09-10T12:24:48.543433+00:00,interpolated,216.0,826.0,-568.0
13.740131333,842358331709536815,842358333296196140,11,12,46259125000000,2026-09-10T12:24:48.543433+00:00,interpolated,223.0,831.0,-563.0
13.759020135,842358331728425617,842358333296196140,11,13,46259125000000,2026-09-10T12:24:48.543433+00:00,interpolated,217.0,834.0,-563.0
13.777908936,842358331747314418,842358333296196140,11,14,46259125000000,2026-09-10T12:24:48.543433+00:00,interpolated,222.0,835.0,-560.0
13.796797738,842358331766203220,842358333296196140,11,15,46259125000000,2026-09-10T12:24:48.543433+00:00,interpolated,224.0,830.0,-567.0
13.815686539,842358331785092021,842358333296196140,11,16,46259125000000,2026-09-10T12:24:48.543433+00:00,interpolated,221.0,828.0,-562.0
13.834575341,842358331803980823,842358333296196140,11,17,46259125000000,2026-09-10T12:24:48.543433+00:00,interpolated,221.0,831.0,-562.0
13.853464142,842358331822869624,842358333296196140,11,18,46259125000000,2026-09-10T12:24:48.543433+00:00,interpolated,220.0,830.0,-559.0
13.872352944,842358331841758426,842358333296196140,11,19,46259125000000,2026-09-10T12:24:48.543433+00:00,interpolated,224.0,830.0,-562.0
13.891241745,842358331860647227,842358333296196140,11,20,46259125000000,2026-09-10T12:24:48.543433+00:00,interpolated,221.0,831.0,-559.0
13.910130547,842358331879536029,842358333296196140,11,21,46259125000000,2026-09-10T12:24:48.543433+00:00,interpolated,220.0,834.0,-561.0
13.929019348,842358331898424830,842358333296196140,11,22,46259125000000,2026-09-10T12:24:48.543433+00:00,interpolated,226.0,833.0,-561.0
13.94790815,842358331917313632,842358333296196140,11,23,46259125000000,2026-09-10T12:24:48.543433+00:00,interpolated,224.0,833.0,-562.0
13.966796951,842358331936202433,842358333296196140,11,24,46259125000000,2026-09-10T12:24:48.543433+00:00,interpolated,215.0,835.0,-560.0
13.985685753,842358331955091235,842358333296196140,11,25,46259125000000,2026-09-10T12:24:48.543433+00:00,interpolated,216.0,832.0,-565.0
14.004574554,842358331973980036,842358333296196140,11,26,46259125000000,2026-09-10T12:24:48.543433+00:00,interpolated,221.0,834.0,-564.0
14.023463356,842358331992868838,842358333296196140,11,27,46259125000000,2026-09-10T12:24:48.543433+00:00,interpolated,223.0,832.0,-564.0
14.042352157,842358332011757639,842358333296196140,11,28,46259125000000,2026-09-10T12:24:48.543433+00:00,interpolated,219.0,832.0,-563.0
14.061240959,842358332030646441,842358333296196140,11,29,46259125000000,2026-09-10T12:24:48.543433+00:00,interpolated,224.0,835.0,-559.0
14.08012976,842358332049535242,842358333296196140,11,30,46259125000000,2026-09-10T12:24:48.543433+00:00,interpolated,217.0,834.0,-562.0
14.099018562,842358332068424044,842358333296196140,11,31,46259125000000,2026-09-10T12:24:48.543433+00:00,interpolated,217.0,840.0,-558.0
14.117907363,842358332087312845,842358333296196140,11,32,46259125000000,2026-09-10T12:24:48.543433+00:00,interpolated,221.0,833.0,-560.0
14.136796164,842358332106201646,842358333296196140,11,33,46259125000000,2026-09-10T12:24:48.543433+00:00,interpolated,218.0,839.0,-555.0
14.155684966,842358332125090448,842358333296196140,11,34,46259125000000,2026-09-10T12:24:48.543433+00:00,interpolated,218.0,834.0,-555.0
14.174573767,842358332143979249,842358333296196140,11,35,46259125000000,2026-09-10T12:24:48.543433+00:00,interpolated,217.0,838.0,-552.0
14.193462569,842358332162868051,842358333296196140,11,36,46259125000000,2026-09-10T12:24:48.543433+00:00,interpolated,220.0,837.0,-555.0
14.21235137,842358332181756852,842358333296196140,11,37,46259125000000,2026-09-10T12:24:48.543433+00:00,interpolated,214.0,838.0,-555.0
14.231240172,842358332200645654,842358333296196140,11,38,46259125000000,2026-09-10T12:24:48.543433+00:00,interpolated,216.0,838.0,-558.0
14.250128973,842358332219534455,842358333296196140,11,39,46259125000000,2026-09-10T12:24:48.543433+00:00,interpolated,216.0,837.0,-556.0
14.269017775,842358332238423257,842358333296196140,11,40,46259125000000,2026-09-10T12:24:48.543433+00:00,interpolated,216.0,837.0,-556.0
14.287906576,842358332257312058,842358333296196140,11,41,46259125000000,2026-09-10T12:24:48.543433+00:00,interpolated,217.0,842.0,-553.0
14.306795378,842358332276200860,842358333296196140,11,42,46259125000000,2026-09-10T12:24:48.543433+00:00,interpolated,215.0,842.0,-555.0
14.325684179,842358332295089661,842358333296196140,11,43,46259125000000,2026-09-10T12:24:48.543433+00:00,interpolated,205.0,848.0,-546.0
14.344572981,842358332313978463,842358333296196140,11,44,46259125000000,2026-09-10T12:24:48.543433+00:00,interpolated,205.0,845.0,-545.0
14.363461782,842358332332867264,842358333296196140,11,45,46259125000000,2026-09-10T12:24:48.543433+00:00,interpolated,212.0,845.0,-548.0
14.382350584,842358332351756066,842358333296196140,11,46,46259125000000,2026-09-10T12:24:48.543433+00:00,interpolated,207.0,850.0,-551.0
14.401239385,842358332370644867,842358333296196140,11,47,46259125000000,2026-09-10T12:24:48.543433+00:00,interpolated,210.0,852.0,-548.0
14.420128187,842358332389533669,842358333296196140,11,48,46259125000000,2026-09-10T12:24:48.543433+00:00,interpolated,208.0,853.0,-542.0
14.439016988,842358332408422470,842358333296196140,11,49,46259125000000,2026-09-10T12:24:48.543433+00:00,interpolated,192.0,853.0,-548.0
14.45790579,842358332427311272,842358333296196140,11,50,46259125000000,2026-09-10T12:24:48.543433+00:00,interpolated,192.0,852.0,-539.0
14.476794591,842358332446200073,842358333296196140,11,51,46259125000000,2026-09-10T12:24:48.543433+00:00,interpolated,198.0,854.0,-538.0
14.495683393,842358332465088875,842358333296196140,11,52,46259125000000,2026-09-10T12:24:48.543433+00:00,interpolated,199.0,851.0,-544.0
14.514572194,842358332483977676,842358333296196140,11,53,46259125000000,2026-09-10T12:24:48.543433+00:00,interpolated,200.0,850.0,-539.0
14.533460996,842358332502866478,842358333296196140,11,54,46259125000000,2026-09-10T12:24:48.543433+00:00,interpolated,199.0,853.0,-538.0
14.552349797,842358332521755279,842358333296196140,11,55,46259125000000,2026-09-10T12:24:48.543433+00:00,interpolated,199.0,857.0,-538.0
14.571238599,842358332540644081,842358333296196140,11,56,46259125000000,2026-09-10T12:24:48.543433+00:00,interpolated,194.0,853.0,-541.0
14.5901274,842358332559532882,842358333296196140,11,57,46259125000000,2026-09-10T12:24:48.543433+00:00,interpolated,193.0,857.0,-544.0
14.609016202,842358332578421684,842358333296196140,11,58,46259125000000,2026-09-10T12:24:48.543433+00:00,interpolated,196.0,861.0,-532.0
14.627905003,842358332597310485,842358333296196140,11,59,46259125000000,2026-09-10T12:24:48.543433+00:00,interpolated,193.0,864.0,-528.0
14.646793805,842358332616199287,842358333296196140,11,60,46259125000000,2026-09-10T12:24:48.543433+00:00,interpolated,187.0,867.0,-534.0
14.665682606,842358332635088088,842358333296196140,11,61,46259125000000,2026-09-10T12:24:48.543433+00:00,interpolated,190.0,859.0,-533.0
14.684571408,842358332653976890,842358333296196140,11,62,46259125000000,2026-09-10T12:24:48.543433+00:00,interpolated,192.0,863.0,-528.0
14.703460209,842358332672865691,842358333296196140,11,63,46259125000000,2026-09-10T12:24:48.543433+00:00,interpolated,190.0,863.0,-526.0
14.72234901,842358332691754492,842358333296196140,11,64,46259125000000,2026-09-10T12:24:48.543433+00:00,interpolated,189.0,866.0,-523.0
14.741237812,842358332710643294,842358333296196140,11,65,46259125000000,2026-09-10T12:24:48.543433+00:00,interpolated,180.0,872.0,-521.0
14.760126613,842358332729532095,842358333296196140,11,66,46259125000000,2026-09-10T12:24:48.543433+00:00,interpolated,177.0,868.0,-520.0
14.779015415,842358332748420897,842358333296196140,11,67,46259125000000,2026-09-10T12:24:48.543433+00:00,interpolated,181.0,871.0,-518.0
14.797904216,842358332767309698,842358333296196140,11,68,46259125000000,2026-09-10T12:24:48.543433+00:00,interpolated,186.0,870.0,-516.0
14.816793018,842358332786198500,842358333296196140,11,69,46259125000000,2026-09-10T12:24:48.543433+00:00,interpolated,189.0,877.0,-516.0
14.835681819,842358332805087301,842358333296196140,11,70,46259125000000,2026-09-10T12:24:48.543433+00:00,interpolated,183.0,870.0,-521.0
14.854570621,842358332823976103,842358333296196140,11,71,46259125000000,2026-09-10T12:24:48.543433+00:00,interpolated,181.0,874.0,-520.0
14.873459422,842358332842864904,842358333296196140,11,72,46259125000000,2026-09-10T12:24:48.543433+00:00,interpolated,184.0,867.0,-513.0
14.892348224,842358332861753706,842358333296196140,11,73,46259125000000,2026-09-10T12:24:48.543433+00:00,interpolated,178.0,878.0,-515.0
14.911237025,842358332880642507,842358333296196140,11,74,46259125000000,2026-09-10T12:24:48.543433+00:00,interpolated,175.0,872.0,-518.0
14.930125827,842358332899531309,842358333296196140,11,75,46259125000000,2026-09-10T12:24:48.543433+00:00,interpolated,182.0,875.0,-520.0
14.949014628,842358332918420110,842358333296196140,11,76,46259125000000,2026-09-10T12:24:48.543433+00:00,interpolated,177.0,879.0,-523.0
14.96790343,842358332937308912,842358333296196140,11,77,46259125000000,2026-09-10T12:24:48.543433+00:00,interpolated,170.0,877.0,-514.0
14.986792231,842358332956197713,842358333296196140,11,78,46259125000000,2026-09-10T12:24:48.543433+00:00,interpolated,167.0,873.0,-521.0
15.005681033,842358332975086515,842358333296196140,11,79,46259125000000,2026-09-10T12:24:48.543433+00:00,interpolated,165.0,881.0,-520.0
15.024569834,842358332993975316,842358333296196140,11,80,46259125000000,2026-09-10T12:24:48.543433+00:00,interpolated,164.0,875.0,-513.0
15.043458636,842358333012864118,842358333296196140,11,81,46259125000000,2026-09-10T12:24:48.543433+00:00,interpolated,167.0,874.0,-521.0
15.062347437,842358333031752919,842358333296196140,11,82,46259125000000,2026-09-10T12:24:48.543433+00:00,interpolated,169.0,876.0,-521.0
15.081236239,842358333050641721,842358333296196140,11,83,46259125000000,2026-09-10T12:24:48.543433+00:00,interpolated,164.0,873.0,-523.0
15.10012504,842358333069530522,842358333296196140,11,84,46259125000000,2026-09-10T12:24:48.543433+00:00,interpolated,163.0,876.0,-512.0
15.119013842,842358333088419324,842358333296196140,11,85,46259125000000,2026-09-10T12:24:48.543433+00:00,interpolated,158.0,878.0,-517.0
15.137902643,842358333107308125,842358333296196140,11,86,46259125000000,2026-09-10T12:24:48.543433+00:00,interpolated,169.0,871.0,-521.0
15.156791445,842358333126196927,842358333296196140,11,87,46259125000000,2026-09-10T12:24:48.543433+00:00,interpolated,172.0,870.0,-518.0
15.175680246,842358333145085728,842358333296196140,11,88,46259125000000,2026-09-10T12:24:48.543433+00:00,interpolated,170.0,879.0,-515.0
15.194569048,842358333163974530,842358333296196140,11,89,46259125000000,2026-09-10T12:24:48.543433+00:00,interpolated,165.0,874.0,-521.0
15.213457849,842358333182863331,842358333296196140,11,90,46259125000000,2026-09-10T12:24:48.543433+00:00,interpolated,167.0,868.0,-526.0
15.232346651,842358333201752133,842358333296196140,11,91,46259125000000,2026-09-10T12:24:48.543433+00:00,interpolated,172.0,873.0,-524.0
15.251235452,842358333220640934,842358333296196140,11,92,46259125000000,2026-09-10T12:24:48.543433+00:00,interpolated,169.0,874.0,-523.0
15.270124254,842358333239529736,842358333296196140,11,93,46259125000000,2026-09-10T12:24:48.543433+00:00,interpolated,172.0,873.0,-531.0
15.289013055,842358333258418537,842358333296196140,11,94,46259125000000,2026-09-10T12:24:48.543433+00:00,interpolated,169.0,873.0,-532.0
15.307901857,842358333277307339,842358333296196140,11,95,46259125000000,2026-09-10T12:24:48.543433+00:00,interpolated,168.0,871.0,-529.0
15.326790658,842358333296196140,842358333296196140,11,96,46259125000000,2026-09-10T12:24:48.543433+00:00,interpolated,173.0,868.0,-527.0
15.345679774,842358333315085256,842358335071773052,14,0,46260625000000,2026-09-10T12:24:50.043372+00:00,interpolated,176.0,870.0,-525.0
15.36456889,842358333333974372,842358335071773052,14,1,46260625000000,2026-09-10T12:24:50.043372+00:00,interpolated,177.0,864.0,-522.0
15.383458006,842358333352863488,842358335071773052,14,2,46260625000000,2026-09-10T12:24:50.043372+00:00,interpolated,183.0,858.0,-530.0
15.402347122,842358333371752604,842358335071773052,14,3,46260625000000,2026-09-10T12:24:50.043372+00:00,interpolated,180.0,862.0,-536.0
15.421236238,842358333390641720,842358335071773052,14,4,46260625000000,2026-09-10T12:24:50.043372+00:00,interpolated,184.0,866.0,-540.0
15.440125355,842358333409530837,842358335071773052,14,5,46260625000000,2026-09-10T12:24:50.043372+00:00,interpolated,183.0,860.0,-529.0
15.459014471,842358333428419953,842358335071773052,14,6,46260625000000,2026-09-10T12:24:50.043372+00:00,interpolated,177.0,861.0,-534.0
15.477903587,842358333447309069,842358335071773052,14,7,46260625000000,2026-09-10T12:24:50.043372+00:00,interpolated,183.0,857.0,-539.0
15.496792703,842358333466198185,842358335071773052,14,8,46260625000000,2026-09-10T12:24:50.043372+00:00,interpolated,181.0,859.0,-535.0
15.515681819,842358333485087301,842358335071773052,14,9,46260625000000,2026-09-10T12:24:50.043372+00:00,interpolated,184.0,864.0,-537.0
15.534570935,842358333503976417,842358335071773052,14,10,46260625000000,2026-09-10T12:24:50.043372+00:00,interpolated,187.0,860.0,-533.0
15.553460051,842358333522865533,842358335071773052,14,11,46260625000000,2026-09-10T12:24:50.043372+00:00,interpolated,181.0,861.0,-540.0
15.572349167,842358333541754649,842358335071773052,14,12,46260625000000,2026-09-10T12:24:50.043372+00:00,interpolated,176.0,862.0,-540.0
15.591238283,842358333560643765,842358335071773052,14,13,46260625000000,2026-09-10T12:24:50.043372+00:00,interpolated,174.0,862.0,-547.0
15.610127399,842358333579532881,842358335071773052,14,14,46260625000000,2026-09-10T12:24:50.043372+00:00,interpolated,182.0,857.0,-545.0
15.629016515,842358333598421997,842358335071773052,14,15,46260625000000,2026-09-10T12:24:50.043372+00:00,interpolated,184.0,854.0,-547.0
15.647905631,842358333617311113,842358335071773052,14,16,46260625000000,2026-09-10T12:24:50.043372+00:00,interpolated,182.0,861.0,-542.0
15.666794748,842358333636200230,842358335071773052,14,17,46260625000000,2026-09-10T12:24:50.043372+00:00,interpolated,182.0,857.0,-544.0
15.685683864,842358333655089346,842358335071773052,14,18,46260625000000,2026-09-10T12:24:50.043372+00:00,interpolated,185.0,849.0,-554.0
15.70457298,842358333673978462,842358335071773052,14,19,46260625000000,2026-09-10T12:24:50.043372+00:00,interpolated,186.0,847.0,-555.0
15.723462096,842358333692867578,842358335071773052,14,20,46260625000000,2026-09-10T12:24:50.043372+00:00,interpolated,187.0,852.0,-548.0
15.742351212,842358333711756694,842358335071773052,14,21,46260625000000,2026-09-10T12:24:50.043372+00:00,interpolated,181.0,853.0,-552.0
15.761240328,842358333730645810,842358335071773052,14,22,46260625000000,2026-09-10T12:24:50.043372+00:00,interpolated,177.0,848.0,-558.0
15.780129444,842358333749534926,842358335071773052,14,23,46260625000000,2026-09-10T12:24:50.043372+00:00,interpolated,180.0,849.0,-561.0
15.79901856,842358333768424042,842358335071773052,14,24,46260625000000,2026-09-10T12:24:50.043372+00:00,interpolated,183.0,845.0,-557.0
15.817907676,842358333787313158,842358335071773052,14,25,46260625000000,2026-09-10T12:24:50.043372+00:00,interpolated,191.0,843.0,-555.0
15.836796792,842358333806202274,842358335071773052,14,26,46260625000000,2026-09-10T12:24:50.043372+00:00,interpolated,184.0,845.0,-551.0
15.855685908,842358333825091390,842358335071773052,14,27,46260625000000,2026-09-10T12:24:50.043372+00:00,interpolated,186.0,850.0,-558.0
15.874575024,842358333843980506,842358335071773052,14,28,46260625000000,2026-09-10T12:24:50.043372+00:00,interpolated,185.0,845.0,-568.0
15.893464141,842358333862869623,842358335071773052,14,29,46260625000000,2026-09-10T12:24:50.043372+00:00,interpolated,202.0,841.0,-561.0
15.912353257,842358333881758739,842358335071773052,14,30,46260625000000,2026-09-10T12:24:50.043372+00:00,interpolated,198.0,840.0,-564.0
15.931242373,842358333900647855,842358335071773052,14,31,46260625000000,2026-09-10T12:24:50.043372+00:00,interpolated,190.0,841.0,-564.0
15.950131489,842358333919536971,842358335071773052,14,32,46260625000000,2026-09-10T12:24:50.043372+00:00,interpolated,190.0,841.0,-566.0
15.969020605,842358333938426087,842358335071773052,14,33,46260625000000,2026-09-10T12:24:50.043372+00:00,interpolated,195.0,838.0,-564.0
15.987909721,842358333957315203,842358335071773052,14,34,46260625000000,2026-09-10T12:24:50.043372+00:00,interpolated,197.0,836.0,-568.0
16.006798837,842358333976204319,842358335071773052,14,35,46260625000000,2026-09-10T12:24:50.043372+00:00,interpolated,194.0,834.0,-566.0
16.025687953,842358333995093435,842358335071773052,14,36,46260625000000,2026-09-10T12:24:50.043372+00:00,interpolated,203.0,836.0,-568.0
16.044577069,842358334013982551,842358335071773052,14,37,46260625000000,2026-09-10T12:24:50.043372+00:00,interpolated,205.0,832.0,-568.0
16.063466185,842358334032871667,842358335071773052,14,38,46260625000000,2026-09-10T12:24:50.043372+00:00,interpolated,206.0,834.0,-572.0
16.082355301,842358334051760783,842358335071773052,14,39,46260625000000,2026-09-10T12:24:50.043372+00:00,interpolated,204.0,831.0,-566.0
16.101244417,842358334070649899,842358335071773052,14,40,46260625000000,2026-09-10T12:24:50.043372+00:00,interpolated,203.0,837.0,-571.0
16.120133534,842358334089539016,842358335071773052,14,41,46260625000000,2026-09-10T12:24:50.043372+00:00,interpolated,206.0,829.0,-573.0
16.13902265,842358334108428132,842358335071773052,14,42,46260625000000,2026-09-10T12:24:50.043372+00:00,interpolated,210.0,828.0,-571.0
16.157911766,842358334127317248,842358335071773052,14,43,46260625000000,2026-09-10T12:24:50.043372+00:00,interpolated,203.0,829.0,-572.0
16.176800882,842358334146206364,842358335071773052,14,44,46260625000000,2026-09-10T12:24:50.043372+00:00,interpolated,199.0,831.0,-574.0
16.195689998,842358334165095480,842358335071773052,14,45,46260625000000,2026-09-10T12:24:50.043372+00:00,interpolated,200.0,826.0,-579.0
16.214579114,842358334183984596,842358335071773052,14,46,46260625000000,2026-09-10T12:24:50.043372+00:00,interpolated,208.0,828.0,-582.0
16.23346823,842358334202873712,842358335071773052,14,47,46260625000000,2026-09-10T12:24:50.043372+00:00,interpolated,212.0,825.0,-577.0
16.252357346,842358334221762828,842358335071773052,14,48,46260625000000,2026-09-10T12:24:50.043372+00:00,interpolated,206.0,831.0,-573.0
16.271246462,842358334240651944,842358335071773052,14,49,46260625000000,2026-09-10T12:24:50.043372+00:00,interpolated,200.0,829.0,-579.0
16.290135578,842358334259541060,842358335071773052,14,50,46260625000000,2026-09-10T12:24:50.043372+00:00,interpolated,204.0,826.0,-576.0
16.309024694,842358334278430176,842358335071773052,14,51,46260625000000,2026-09-10T12:24:50.043372+00:00,interpolated,206.0,825.0,-575.0
16.327913811,842358334297319293,842358335071773052,14,52,46260625000000,2026-09-10T12:24:50.043372+00:00,interpolated,206.0,828.0,-577.0
16.346802927,842358334316208409,842358335071773052,14,53,46260625000000,2026-09-10T12:24:50.043372+00:00,interpolated,202.0,827.0,-577.0
16.365692043,842358334335097525,842358335071773052,14,54,46260625000000,2026-09-10T12:24:50.043372+00:00,interpolated,206.0,829.0,-576.0
16.384581159,842358334353986641,842358335071773052,14,55,46260625000000,2026-09-10T12:24:50.043372+00:00,interpolated,201.0,828.0,-579.0
16.403470275,842358334372875757,842358335071773052,14,56,46260625000000,2026-09-10T12:24:50.043372+00:00,interpolated,203.0,823.0,-584.0
16.422359391,842358334391764873,842358335071773052,14,57,46260625000000,2026-09-10T12:24:50.043372+00:00,interpolated,208.0,822.0,-581.0
16.441248507,842358334410653989,842358335071773052,14,58,46260625000000,2026-09-10T12:24:50.043372+00:00,interpolated,201.0,822.0,-586.0
16.460137623,842358334429543105,842358335071773052,14,59,46260625000000,2026-09-10T12:24:50.043372+00:00,interpolated,198.0,825.0,-583.0
16.479026739,842358334448432221,842358335071773052,14,60,46260625000000,2026-09-10T12:24:50.043372+00:00,interpolated,198.0,829.0,-582.0
16.497915855,842358334467321337,842358335071773052,14,61,46260625000000,2026-09-10T12:24:50.043372+00:00,interpolated,201.0,828.0,-578.0
16.516804971,842358334486210453,842358335071773052,14,62,46260625000000,2026-09-10T12:24:50.043372+00:00,interpolated,205.0,823.0,-578.0
16.535694087,842358334505099569,842358335071773052,14,63,46260625000000,2026-09-10T12:24:50.043372+00:00,interpolated,212.0,825.0,-577.0
16.554583204,842358334523988686,842358335071773052,14,64,46260625000000,2026-09-10T12:24:50.043372+00:00,interpolated,201.0,823.0,-583.0
16.57347232,842358334542877802,842358335071773052,14,65,46260625000000,2026-09-10T12:24:50.043372+00:00,interpolated,205.0,825.0,-581.0
16.592361436,842358334561766918,842358335071773052,14,66,46260625000000,2026-09-10T12:24:50.043372+00:00,interpolated,203.0,824.0,-579.0
16.611250552,842358334580656034,842358335071773052,14,67,46260625000000,2026-09-10T12:24:50.043372+00:00,interpolated,201.0,827.0,-576.0
16.630139668,842358334599545150,842358335071773052,14,68,46260625000000,2026-09-10T12:24:50.043372+00:00,interpolated,201.0,825.0,-577.0
16.649028784,842358334618434266,842358335071773052,14,69,46260625000000,2026-09-10T12:24:50.043372+00:00,interpolated,202.0,827.0,-579.0
16.6679179,842358334637323382,842358335071773052,14,70,46260625000000,2026-09-10T12:24:50.043372+00:00,interpolated,200.0,828.0,-580.0
16.686807016,842358334656212498,842358335071773052,14,71,46260625000000,2026-09-10T12:24:50.043372+00:00,interpolated,207.0,828.0,-576.0
16.705696132,842358334675101614,842358335071773052,14,72,46260625000000,2026-09-10T12:24:50.043372+00:00,interpolated,201.0,824.0,-578.0
16.724585248,842358334693990730,842358335071773052,14,73,46260625000000,2026-09-10T12:24:50.043372+00:00,interpolated,202.0,830.0,-574.0
16.743474364,842358334712879846,842358335071773052,14,74,46260625000000,2026-09-10T12:24:50.043372+00:00,interpolated,198.0,832.0,-578.0
16.76236348,842358334731768962,842358335071773052,14,75,46260625000000,2026-09-10T12:24:50.043372+00:00,interpolated,193.0,830.0,-572.0
16.781252597,842358334750658079,842358335071773052,14,76,46260625000000,2026-09-10T12:24:50.043372+00:00,interpolated,201.0,830.0,-578.0
16.800141713,842358334769547195,842358335071773052,14,77,46260625000000,2026-09-10T12:24:50.043372+00:00,interpolated,204.0,830.0,-575.0
16.819030829,842358334788436311,842358335071773052,14,78,46260625000000,2026-09-10T12:24:50.043372+00:00,interpolated,210.0,833.0,-571.0
16.837919945,842358334807325427,842358335071773052,14,79,46260625000000,2026-09-10T12:24:50.043372+00:00,interpolated,205.0,832.0,-569.0
16.856809061,842358334826214543,842358335071773052,14,80,46260625000000,2026-09-10T12:24:50.043372+00:00,interpolated,208.0,834.0,-571.0
16.875698177,842358334845103659,842358335071773052,14,81,46260625000000,2026-09-10T12:24:50.043372+00:00,interpolated,206.0,832.0,-570.0
16.894587293,842358334863992775,842358335071773052,14,82,46260625000000,2026-09-10T12:24:50.043372+00:00,interpolated,200.0,831.0,-573.0
16.913476409,842358334882881891,842358335071773052,14,83,46260625000000,2026-09-10T12:24:50.043372+00:00,interpolated,202.0,839.0,-572.0
16.932365525,842358334901771007,842358335071773052,14,84,46260625000000,2026-09-10T12:24:50.043372+00:00,interpolated,203.0,831.0,-567.0
16.951254641,842358334920660123,842358335071773052,14,85,46260625000000,2026-09-10T12:24:50.043372+00:00,interpolated,202.0,831.0,-567.0
16.970143757,842358334939549239,842358335071773052,14,86,46260625000000,2026-09-10T12:24:50.043372+00:00,interpolated,206.0,833.0,-568.0
16.989032873,842358334958438355,842358335071773052,14,87,46260625000000,2026-09-10T12:24:50.043372+00:00,interpolated,204.0,838.0,-561.0
17.00792199,842358334977327472,842358335071773052,14,88,46260625000000,2026-09-10T12:24:50.043372+00:00,interpolated,200.0,836.0,-563.0
17.026811106,842358334996216588,842358335071773052,14,89,46260625000000,2026-09-10T12:24:50.043372+00:00,interpolated,199.0,837.0,-568.0
17.045700222,842358335015105704,842358335071773052,14,90,46260625000000,2026-09-10T12:24:50.043372+00:00,interpolated,206.0,833.0,-560.0
17.064589338,842358335033994820,842358335071773052,14,91,46260625000000,2026-09-10T12:24:50.043372+00:00,interpolated,205.0,838.0,-558.0
17.083478454,842358335052883936,842358335071773052,14,92,46260625000000,2026-09-10T12:24:50.043372+00:00,interpolated,207.0,843.0,-559.0
17.10236757,842358335071773052,842358335071773052,14,93,46260625000000,2026-09-10T12:24:50.043372+00:00,interpolated,201.0,835.0,-562.0
17.121257011,842358335090662493,842358336847380484,18,0,46262578000000,2026-09-10T12:24:51.992991+00:00,interpolated,201.0,840.0,-562.0
17.140146452,842358335109551934,842358336847380484,18,1,46262578000000,2026-09-10T12:24:51.992991+00:00,interpolated,202.0,842.0,-558.0
17.159035892,842358335128441374,842358336847380484,18,2,46262578000000,2026-09-10T12:24:51.992991+00:00,interpolated,199.0,844.0,-555.0
17.177925333,842358335147330815,842358336847380484,18,3,46262578000000,2026-09-10T12:24:51.992991+00:00,interpolated,198.0,844.0,-557.0
17.196814774,842358335166220256,842358336847380484,18,4,46262578000000,2026-09-10T12:24:51.992991+00:00,interpolated,195.0,844.0,-551.0
17.215704215,842358335185109697,842358336847380484,18,5,46262578000000,2026-09-10T12:24:51.992991+00:00,interpolated,197.0,842.0,-549.0
17.234593655,842358335203999137,842358336847380484,18,6,46262578000000,2026-09-10T12:24:51.992991+00:00,interpolated,203.0,848.0,-553.0
17.253483096,842358335222888578,842358336847380484,18,7,46262578000000,2026-09-10T12:24:51.992991+00:00,interpolated,200.0,845.0,-548.0
17.272372537,842358335241778019,842358336847380484,18,8,46262578000000,2026-09-10T12:24:51.992991+00:00,interpolated,194.0,844.0,-550.0
17.291261978,842358335260667460,842358336847380484,18,9,46262578000000,2026-09-10T12:24:51.992991+00:00,interpolated,187.0,852.0,-547.0
17.310151418,842358335279556900,842358336847380484,18,10,46262578000000,2026-09-10T12:24:51.992991+00:00,interpolated,194.0,846.0,-553.0
17.329040859,842358335298446341,842358336847380484,18,11,46262578000000,2026-09-10T12:24:51.992991+00:00,interpolated,196.0,848.0,-547.0
17.3479303,842358335317335782,842358336847380484,18,12,46262578000000,2026-09-10T12:24:51.992991+00:00,interpolated,195.0,852.0,-541.0
17.366819741,842358335336225223,842358336847380484,18,13,46262578000000,2026-09-10T12:24:51.992991+00:00,interpolated,189.0,853.0,-542.0
17.385709181,842358335355114663,842358336847380484,18,14,46262578000000,2026-09-10T12:24:51.992991+00:00,interpolated,188.0,851.0,-549.0
17.404598622,842358335374004104,842358336847380484,18,15,46262578000000,2026-09-10T12:24:51.992991+00:00,interpolated,191.0,852.0,-543.0
17.423488063,842358335392893545,842358336847380484,18,16,46262578000000,2026-09-10T12:24:51.992991+00:00,interpolated,194.0,851.0,-551.0
17.442377504,842358335411782986,842358336847380484,18,17,46262578000000,2026-09-10T12:24:51.992991+00:00,interpolated,194.0,845.0,-548.0
17.461266945,842358335430672427,842358336847380484,18,18,46262578000000,2026-09-10T12:24:51.992991+00:00,interpolated,193.0,859.0,-542.0
17.480156385,842358335449561867,842358336847380484,18,19,46262578000000,2026-09-10T12:24:51.992991+00:00,interpolated,191.0,858.0,-545.0
17.499045826,842358335468451308,842358336847380484,18,20,46262578000000,2026-09-10T12:24:51.992991+00:00,interpolated,185.0,852.0,-547.0
17.517935267,842358335487340749,842358336847380484,18,21,46262578000000,2026-09-10T12:24:51.992991+00:00,interpolated,185.0,857.0,-548.0
17.536824708,842358335506230190,842358336847380484,18,22,46262578000000,2026-09-10T12:24:51.992991+00:00,interpolated,185.0,858.0,-538.0
17.555714148,842358335525119630,842358336847380484,18,23,46262578000000,2026-09-10T12:24:51.992991+00:00,interpolated,189.0,855.0,-542.0
17.574603589,842358335544009071,842358336847380484,18,24,46262578000000,2026-09-10T12:24:51.992991+00:00,interpolated,188.0,853.0,-540.0
17.59349303,842358335562898512,842358336847380484,18,25,46262578000000,2026-09-10T12:24:51.992991+00:00,interpolated,186.0,858.0,-536.0
17.612382471,842358335581787953,842358336847380484,18,26,46262578000000,2026-09-10T12:24:51.992991+00:00,interpolated,184.0,858.0,-535.0
17.631271911,842358335600677393,842358336847380484,18,27,46262578000000,2026-09-10T12:24:51.992991+00:00,interpolated,177.0,861.0,-540.0
17.650161352,842358335619566834,842358336847380484,18,28,46262578000000,2026-09-10T12:24:51.992991+00:00,interpolated,177.0,858.0,-539.0
17.669050793,842358335638456275,842358336847380484,18,29,46262578000000,2026-09-10T12:24:51.992991+00:00,interpolated,183.0,862.0,-541.0
17.687940234,842358335657345716,842358336847380484,18,30,46262578000000,2026-09-10T12:24:51.992991+00:00,interpolated,177.0,862.0,-539.0
17.706829675,842358335676235157,842358336847380484,18,31,46262578000000,2026-09-10T12:24:51.992991+00:00,interpolated,185.0,858.0,-538.0
17.725719115,842358335695124597,842358336847380484,18,32,46262578000000,2026-09-10T12:24:51.992991+00:00,interpolated,190.0,860.0,-541.0
17.744608556,842358335714014038,842358336847380484,18,33,46262578000000,2026-09-10T12:24:51.992991+00:00,interpolated,190.0,856.0,-537.0
17.763497997,842358335732903479,842358336847380484,18,34,46262578000000,2026-09-10T12:24:51.992991+00:00,interpolated,184.0,859.0,-538.0
17.782387438,842358335751792920,842358336847380484,18,35,46262578000000,2026-09-10T12:24:51.992991+00:00,interpolated,182.0,852.0,-537.0
17.801276878,842358335770682360,842358336847380484,18,36,46262578000000,2026-09-10T12:24:51.992991+00:00,interpolated,184.0,855.0,-539.0
17.820166319,842358335789571801,842358336847380484,18,37,46262578000000,2026-09-10T12:24:51.992991+00:00,interpolated,186.0,856.0,-538.0
17.83905576,842358335808461242,842358336847380484,18,38,46262578000000,2026-09-10T12:24:51.992991+00:00,interpolated,185.0,862.0,-543.0
17.857945201,842358335827350683,842358336847380484,18,39,46262578000000,2026-09-10T12:24:51.992991+00:00,interpolated,191.0,855.0,-546.0
17.876834641,842358335846240123,842358336847380484,18,40,46262578000000,2026-09-10T12:24:51.992991+00:00,interpolated,189.0,851.0,-541.0
17.895724082,842358335865129564,842358336847380484,18,41,46262578000000,2026-09-10T12:24:51.992991+00:00,interpolated,181.0,858.0,-542.0
17.914613523,842358335884019005,842358336847380484,18,42,46262578000000,2026-09-10T12:24:51.992991+00:00,interpolated,179.0,855.0,-540.0
17.933502964,842358335902908446,842358336847380484,18,43,46262578000000,2026-09-10T12:24:51.992991+00:00,interpolated,181.0,855.0,-536.0
17.952392404,842358335921797886,842358336847380484,18,44,46262578000000,2026-09-10T12:24:51.992991+00:00,interpolated,188.0,861.0,-540.0
17.971281845,842358335940687327,842358336847380484,18,45,46262578000000,2026-09-10T12:24:51.992991+00:00,interpolated,189.0,855.0,-544.0
17.990171286,842358335959576768,842358336847380484,18,46,46262578000000,2026-09-10T12:24:51.992991+00:00,interpolated,188.0,861.0,-536.0
18.009060727,842358335978466209,842358336847380484,18,47,46262578000000,2026-09-10T12:24:51.992991+00:00,interpolated,182.0,863.0,-540.0
18.027950168,842358335997355650,842358336847380484,18,48,46262578000000,2026-09-10T12:24:51.992991+00:00,interpolated,177.0,858.0,-542.0
18.046839608,842358336016245090,842358336847380484,18,49,46262578000000,2026-09-10T12:24:51.992991+00:00,interpolated,190.0,855.0,-540.0
18.065729049,842358336035134531,842358336847380484,18,50,46262578000000,2026-09-10T12:24:51.992991+00:00,interpolated,191.0,853.0,-543.0
18.08461849,842358336054023972,842358336847380484,18,51,46262578000000,2026-09-10T12:24:51.992991+00:00,interpolated,183.0,859.0,-539.0
18.103507931,842358336072913413,842358336847380484,18,52,46262578000000,2026-09-10T12:24:51.992991+00:00,interpolated,184.0,862.0,-538.0
18.122397371,842358336091802853,842358336847380484,18,53,46262578000000,2026-09-10T12:24:51.992991+00:00,interpolated,183.0,862.0,-538.0
18.141286812,842358336110692294,842358336847380484,18,54,46262578000000,2026-09-10T12:24:51.992991+00:00,interpolated,185.0,858.0,-548.0
18.160176253,842358336129581735,842358336847380484,18,55,46262578000000,2026-09-10T12:24:51.992991+00:00,interpolated,192.0,854.0,-539.0
18.179065694,842358336148471176,842358336847380484,18,56,46262578000000,2026-09-10T12:24:51.992991+00:00,interpolated,191.0,852.0,-538.0
18.197955134,842358336167360616,842358336847380484,18,57,46262578000000,2026-09-10T12:24:51.992991+00:00,interpolated,185.0,861.0,-538.0
18.216844575,842358336186250057,842358336847380484,18,58,46262578000000,2026-09-10T12:24:51.992991+00:00,interpolated,184.0,853.0,-538.0
18.235734016,842358336205139498,842358336847380484,18,59,46262578000000,2026-09-10T12:24:51.992991+00:00,interpolated,184.0,857.0,-536.0
18.254623457,842358336224028939,842358336847380484,18,60,46262578000000,2026-09-10T12:24:51.992991+00:00,interpolated,180.0,861.0,-540.0
18.273512897,842358336242918379,842358336847380484,18,61,46262578000000,2026-09-10T12:24:51.992991+00:00,interpolated,181.0,860.0,-537.0
18.292402338,842358336261807820,842358336847380484,18,62,46262578000000,2026-09-10T12:24:51.992991+00:00,interpolated,192.0,853.0,-541.0
18.311291779,842358336280697261,842358336847380484,18,63,46262578000000,2026-09-10T12:24:51.992991+00:00,interpolated,192.0,852.0,-542.0
18.33018122,842358336299586702,842358336847380484,18,64,46262578000000,2026-09-10T12:24:51.992991+00:00,interpolated,188.0,857.0,-545.0
18.349070661,842358336318476143,842358336847380484,18,65,46262578000000,2026-09-10T12:24:51.992991+00:00,interpolated,183.0,857.0,-541.0
18.367960101,842358336337365583,842358336847380484,18,66,46262578000000,2026-09-10T12:24:51.992991+00:00,interpolated,188.0,856.0,-537.0
18.386849542,842358336356255024,842358336847380484,18,67,46262578000000,2026-09-10T12:24:51.992991+00:00,interpolated,189.0,850.0,-544.0
18.405738983,842358336375144465,842358336847380484,18,68,46262578000000,2026-09-10T12:24:51.992991+00:00,interpolated,194.0,849.0,-546.0
18.424628424,842358336394033906,842358336847380484,18,69,46262578000000,2026-09-10T12:24:51.992991+00:00,interpolated,198.0,851.0,-550.0
18.443517864,842358336412923346,842358336847380484,18,70,46262578000000,2026-09-10T12:24:51.992991+00:00,interpolated,202.0,844.0,-550.0
18.462407305,842358336431812787,842358336847380484,18,71,46262578000000,2026-09-10T12:24:51.992991+00:00,interpolated,198.0,850.0,-555.0
18.481296746,842358336450702228,842358336847380484,18,72,46262578000000,2026-09-10T12:24:51.992991+00:00,interpolated,201.0,844.0,-555.0
18.500186187,842358336469591669,842358336847380484,18,73,46262578000000,2026-09-10T12:24:51.992991+00:00,interpolated,196.0,843.0,-555.0
18.519075627,842358336488481109,842358336847380484,18,74,46262578000000,2026-09-10T12:24:51.992991+00:00,interpolated,208.0,843.0,-557.0
18.537965068,842358336507370550,842358336847380484,18,75,46262578000000,2026-09-10T12:24:51.992991+00:00,interpolated,206.0,839.0,-558.0
18.556854509,842358336526259991,842358336847380484,18,76,46262578000000,2026-09-10T12:24:51.992991+00:00,interpolated,206.0,838.0,-558.0
18.57574395,842358336545149432,842358336847380484,18,77,46262578000000,2026-09-10T12:24:51.992991+00:00,interpolated,211.0,840.0,-558.0
18.594633391,842358336564038873,842358336847380484,18,78,46262578000000,2026-09-10T12:24:51.992991+00:00,interpolated,212.0,835.0,-559.0
18.613522831,842358336582928313,842358336847380484,18,79,46262578000000,2026-09-10T12:24:51.992991+00:00,interpolated,211.0,834.0,-564.0
18.632412272,842358336601817754,842358336847380484,18,80,46262578000000,2026-09-10T12:24:51.992991+00:00,interpolated,209.0,836.0,-563.0
18.651301713,842358336620707195,842358336847380484,18,81,46262578000000,2026-09-10T12:24:51.992991+00:00,interpolated,212.0,837.0,-558.0
18.670191154,842358336639596636,842358336847380484,18,82,46262578000000,2026-09-10T12:24:51.992991+00:00,interpolated,214.0,836.0,-566.0
18.689080594,842358336658486076,842358336847380484,18,83,46262578000000,2026-09-10T12:24:51.992991+00:00,interpolated,216.0,830.0,-572.0
18.707970035,842358336677375517,842358336847380484,18,84,46262578000000,2026-09-10T12:24:51.992991+00:00,interpolated,216.0,831.0,-566.0
18.726859476,842358336696264958,842358336847380484,18,85,46262578000000,2026-09-10T12:24:51.992991+00:00,interpolated,213.0,834.0,-566.0
18.745748917,842358336715154399,842358336847380484,18,86,46262578000000,2026-09-10T12:24:51.992991+00:00,interpolated,207.0,832.0,-572.0
18.764638357,842358336734043839,842358336847380484,18,87,46262578000000,2026-09-10T12:24:51.992991+00:00,interpolated,215.0,828.0,-575.0
18.783527798,842358336752933280,842358336847380484,18,88,46262578000000,2026-09-10T12:24:51.992991+00:00,interpolated,216.0,824.0,-568.0
18.802417239,842358336771822721,842358336847380484,18,89,46262578000000,2026-09-10T12:24:51.992991+00:00,interpolated,214.0,826.0,-574.0
18.82130668,842358336790712162,842358336847380484,18,90,46262578000000,2026-09-10T12:24:51.992991+00:00,interpolated,214.0,828.0,-570.0
18.84019612,842358336809601602,842358336847380484,18,91,46262578000000,2026-09-10T12:24:51.992991+00:00,interpolated,214.0,831.0,-570.0
18.859085561,842358336828491043,842358336847380484,18,92,46262578000000,2026-09-10T12:24:51.992991+00:00,interpolated,218.0,830.0,-577.0
18.877975002,842358336847380484,842358336847380484,18,93,46262578000000,2026-09-10T12:24:51.992991+00:00,interpolated,227.0,821.0,-576.0
18.896864118,842358336866269600,842358338490733586,22,0,46264562000000,2026-09-10T12:24:53.973093+00:00,interpolated,224.0,823.0,-575.0
18.915753234,842358336885158716,842358338490733586,22,1,46264562000000,2026-09-10T12:24:53.973093+00:00,interpolated,226.0,822.0,-575.0
18.93464235,842358336904047832,842358338490733586,22,2,46264562000000,2026-09-10T12:24:53.973093+00:00,interpolated,226.0,823.0,-571.0
18.953531466,842358336922936948,842358338490733586,22,3,46264562000000,2026-09-10T12:24:53.973093+00:00,interpolated,225.0,826.0,-575.0
18.972420583,842358336941826065,842358338490733586,22,4,46264562000000,2026-09-10T12:24:53.973093+00:00,interpolated,225.0,822.0,-573.0
18.991309699,842358336960715181,842358338490733586,22,5,46264562000000,2026-09-10T12:24:53.973093+00:00,interpolated,226.0,823.0,-571.0
19.010198815,842358336979604297,842358338490733586,22,6,46264562000000,2026-09-10T12:24:53.973093+00:00,interpolated,225.0,824.0,-574.0
19.029087931,842358336998493413,842358338490733586,22,7,46264562000000,2026-09-10T12:24:53.973093+00:00,interpolated,227.0,828.0,-578.0
19.047977047,842358337017382529,842358338490733586,22,8,46264562000000,2026-09-10T12:24:53.973093+00:00,interpolated,223.0,823.0,-576.0
19.066866163,842358337036271645,842358338490733586,22,9,46264562000000,2026-09-10T12:24:53.973093+00:00,interpolated,224.0,825.0,-570.0
19.085755279,842358337055160761,842358338490733586,22,10,46264562000000,2026-09-10T12:24:53.973093+00:00,interpolated,220.0,827.0,-569.0
19.104644395,842358337074049877,842358338490733586,22,11,46264562000000,2026-09-10T12:24:53.973093+00:00,interpolated,224.0,828.0,-568.0
19.123533511,842358337092938993,842358338490733586,22,12,46264562000000,2026-09-10T12:24:53.973093+00:00,interpolated,223.0,831.0,-565.0
19.142422628,842358337111828110,842358338490733586,22,13,46264562000000,2026-09-10T12:24:53.973093+00:00,interpolated,223.0,823.0,-569.0
19.161311744,842358337130717226,842358338490733586,22,14,46264562000000,2026-09-10T12:24:53.973093+00:00,interpolated,224.0,821.0,-570.0
19.18020086,842358337149606342,842358338490733586,22,15,46264562000000,2026-09-10T12:24:53.973093+00:00,interpolated,223.0,831.0,-571.0
19.199089976,842358337168495458,842358338490733586,22,16,46264562000000,2026-09-10T12:24:53.973093+00:00,interpolated,224.0,828.0,-573.0
19.217979092,842358337187384574,842358338490733586,22,17,46264562000000,2026-09-10T12:24:53.973093+00:00,interpolated,222.0,830.0,-564.0
19.236868208,842358337206273690,842358338490733586,22,18,46264562000000,2026-09-10T12:24:53.973093+00:00,interpolated,216.0,828.0,-568.0
19.255757324,842358337225162806,842358338490733586,22,19,46264562000000,2026-09-10T12:24:53.973093+00:00,interpolated,220.0,831.0,-565.0
19.27464644,842358337244051922,842358338490733586,22,20,46264562000000,2026-09-10T12:24:53.973093+00:00,interpolated,214.0,833.0,-561.0
19.293535557,842358337262941039,842358338490733586,22,21,46264562000000,2026-09-10T12:24:53.973093+00:00,interpolated,216.0,828.0,-565.0
19.312424673,842358337281830155,842358338490733586,22,22,46264562000000,2026-09-10T12:24:53.973093+00:00,interpolated,219.0,832.0,-563.0
19.331313789,842358337300719271,842358338490733586,22,23,46264562000000,2026-09-10T12:24:53.973093+00:00,interpolated,213.0,832.0,-566.0
19.350202905,842358337319608387,842358338490733586,22,24,46264562000000,2026-09-10T12:24:53.973093+00:00,interpolated,205.0,841.0,-570.0
19.369092021,842358337338497503,842358338490733586,22,25,46264562000000,2026-09-10T12:24:53.973093+00:00,interpolated,204.0,833.0,-564.0
19.387981137,842358337357386619,842358338490733586,22,26,46264562000000,2026-09-10T12:24:53.973093+00:00,interpolated,213.0,833.0,-564.0
19.406870253,842358337376275735,842358338490733586,22,27,46264562000000,2026-09-10T12:24:53.973093+00:00,interpolated,218.0,830.0,-564.0
19.425759369,842358337395164851,842358338490733586,22,28,46264562000000,2026-09-10T12:24:53.973093+00:00,interpolated,217.0,832.0,-562.0
19.444648485,842358337414053967,842358338490733586,22,29,46264562000000,2026-09-10T12:24:53.973093+00:00,interpolated,209.0,836.0,-562.0
19.463537602,842358337432943084,842358338490733586,22,30,46264562000000,2026-09-10T12:24:53.973093+00:00,interpolated,212.0,836.0,-567.0
19.482426718,842358337451832200,842358338490733586,22,31,46264562000000,2026-09-10T12:24:53.973093+00:00,interpolated,210.0,828.0,-569.0
19.501315834,842358337470721316,842358338490733586,22,32,46264562000000,2026-09-10T12:24:53.973093+00:00,interpolated,210.0,824.0,-565.0
19.52020495,842358337489610432,842358338490733586,22,33,46264562000000,2026-09-10T12:24:53.973093+00:00,interpolated,205.0,832.0,-565.0
19.539094066,842358337508499548,842358338490733586,22,34,46264562000000,2026-09-10T12:24:53.973093+00:00,interpolated,207.0,834.0,-564.0
19.557983182,842358337527388664,842358338490733586,22,35,46264562000000,2026-09-10T12:24:53.973093+00:00,interpolated,203.0,839.0,-563.0
19.576872298,842358337546277780,842358338490733586,22,36,46264562000000,2026-09-10T12:24:53.973093+00:00,interpolated,214.0,831.0,-562.0
19.595761414,842358337565166896,842358338490733586,22,37,46264562000000,2026-09-10T12:24:53.973093+00:00,interpolated,208.0,838.0,-557.0
19.61465053,842358337584056012,842358338490733586,22,38,46264562000000,2026-09-10T12:24:53.973093+00:00,interpolated,212.0,837.0,-557.0
19.633539647,842358337602945129,842358338490733586,22,39,46264562000000,2026-09-10T12:24:53.973093+00:00,interpolated,208.0,836.0,-556.0
19.652428763,842358337621834245,842358338490733586,22,40,46264562000000,2026-09-10T12:24:53.973093+00:00,interpolated,203.0,841.0,-558.0
19.671317879,842358337640723361,842358338490733586,22,41,46264562000000,2026-09-10T12:24:53.973093+00:00,interpolated,206.0,839.0,-560.0
19.690206995,842358337659612477,842358338490733586,22,42,46264562000000,2026-09-10T12:24:53.973093+00:00,interpolated,205.0,836.0,-558.0
19.709096111,842358337678501593,842358338490733586,22,43,46264562000000,2026-09-10T12:24:53.973093+00:00,interpolated,209.0,839.0,-559.0
19.727985227,842358337697390709,842358338490733586,22,44,46264562000000,2026-09-10T12:24:53.973093+00:00,interpolated,208.0,836.0,-554.0
19.746874343,842358337716279825,842358338490733586,22,45,46264562000000,2026-09-10T12:24:53.973093+00:00,interpolated,205.0,842.0,-551.0
19.765763459,842358337735168941,842358338490733586,22,46,46264562000000,2026-09-10T12:24:53.973093+00:00,interpolated,207.0,838.0,-556.0
19.784652576,842358337754058058,842358338490733586,22,47,46264562000000,2026-09-10T12:24:53.973093+00:00,interpolated,208.0,838.0,-562.0
19.803541692,842358337772947174,842358338490733586,22,48,46264562000000,2026-09-10T12:24:53.973093+00:00,interpolated,208.0,842.0,-559.0
19.822430808,842358337791836290,842358338490733586,22,49,46264562000000,2026-09-10T12:24:53.973093+00:00,interpolated,206.0,841.0,-552.0
19.841319924,842358337810725406,842358338490733586,22,50,46264562000000,2026-09-10T12:24:53.973093+00:00,interpolated,204.0,842.0,-552.0
19.86020904,842358337829614522,842358338490733586,22,51,46264562000000,2026-09-10T12:24:53.973093+00:00,interpolated,211.0,847.0,-557.0
19.879098156,842358337848503638,842358338490733586,22,52,46264562000000,2026-09-10T12:24:53.973093+00:00,interpolated,217.0,844.0,-549.0
19.897987272,842358337867392754,842358338490733586,22,53,46264562000000,2026-09-10T12:24:53.973093+00:00,interpolated,213.0,844.0,-550.0
19.916876388,842358337886281870,842358338490733586,22,54,46264562000000,2026-09-10T12:24:53.973093+00:00,interpolated,212.0,840.0,-556.0
19.935765504,842358337905170986,842358338490733586,22,55,46264562000000,2026-09-10T12:24:53.973093+00:00,interpolated,203.0,846.0,-552.0
19.954654621,842358337924060103,842358338490733586,22,56,46264562000000,2026-09-10T12:24:53.973093+00:00,interpolated,208.0,841.0,-546.0
19.973543737,842358337942949219,842358338490733586,22,57,46264562000000,2026-09-10T12:24:53.973093+00:00,interpolated,209.0,844.0,-545.0
19.992432853,842358337961838335,842358338490733586,22,58,46264562000000,2026-09-10T12:24:53.973093+00:00,interpolated,204.0,851.0,-546.0
20.011321969,842358337980727451,842358338490733586,22,59,46264562000000,2026-09-10T12:24:53.973093+00:00,interpolated,203.0,849.0,-546.0
20.030211085,842358337999616567,842358338490733586,22,60,46264562000000,2026-09-10T12:24:53.973093+00:00,interpolated,204.0,844.0,-555.0
20.049100201,842358338018505683,842358338490733586,22,61,46264562000000,2026-09-10T12:24:53.973093+00:00,interpolated,207.0,847.0,-544.0
20.067989317,842358338037394799,842358338490733586,22,62,46264562000000,2026-09-10T12:24:53.973093+00:00,interpolated,204.0,851.0,-540.0
20.086878433,842358338056283915,842358338490733586,22,63,46264562000000,2026-09-10T12:24:53.973093+00:00,interpolated,200.0,857.0,-544.0
20.105767549,842358338075173031,842358338490733586,22,64,46264562000000,2026-09-10T12:24:53.973093+00:00,interpolated,194.0,853.0,-535.0
20.124656666,842358338094062148,842358338490733586,22,65,46264562000000,2026-09-10T12:24:53.973093+00:00,interpolated,191.0,856.0,-537.0
20.143545782,842358338112951264,842358338490733586,22,66,46264562000000,2026-09-10T12:24:53.973093+00:00,interpolated,197.0,857.0,-533.0
20.162434898,842358338131840380,842358338490733586,22,67,46264562000000,2026-09-10T12:24:53.973093+00:00,interpolated,188.0,861.0,-530.0
20.181324014,842358338150729496,842358338490733586,22,68,46264562000000,2026-09-10T12:24:53.973093+00:00,interpolated,185.0,862.0,-530.0
20.20021313,842358338169618612,842358338490733586,22,69,46264562000000,2026-09-10T12:24:53.973093+00:00,interpolated,180.0,864.0,-535.0
20.219102246,842358338188507728,842358338490733586,22,70,46264562000000,2026-09-10T12:24:53.973093+00:00,interpolated,180.0,864.0,-529.0
20.237991362,842358338207396844,842358338490733586,22,71,46264562000000,2026-09-10T12:24:53.973093+00:00,interpolated,181.0,862.0,-528.0
20.256880478,842358338226285960,842358338490733586,22,72,46264562000000,2026-09-10T12:24:53.973093+00:00,interpolated,179.0,856.0,-529.0
20.275769595,842358338245175077,842358338490733586,22,73,46264562000000,2026-09-10T12:24:53.973093+00:00,interpolated,181.0,867.0,-521.0
20.294658711,842358338264064193,842358338490733586,22,74,46264562000000,2026-09-10T12:24:53.973093+00:00,interpolated,174.0,863.0,-526.0
20.313547827,842358338282953309,842358338490733586,22,75,46264562000000,2026-09-10T12:24:53.973093+00:00,interpolated,164.0,858.0,-532.0
20.332436943,842358338301842425,842358338490733586,22,76,46264562000000,2026-09-10T12:24:53.973093+00:00,interpolated,177.0,856.0,-526.0
20.351326059,842358338320731541,842358338490733586,22,77,46264562000000,2026-09-10T12:24:53.973093+00:00,interpolated,183.0,863.0,-531.0
20.370215175,842358338339620657,842358338490733586,22,78,46264562000000,2026-09-10T12:24:53.973093+00:00,interpolated,173.0,862.0,-538.0
20.389104291,842358338358509773,842358338490733586,22,79,46264562000000,2026-09-10T12:24:53.973093+00:00,interpolated,155.0,869.0,-529.0
20.407993407,842358338377398889,842358338490733586,22,80,46264562000000,2026-09-10T12:24:53.973093+00:00,interpolated,161.0,868.0,-531.0
20.426882523,842358338396288005,842358338490733586,22,81,46264562000000,2026-09-10T12:24:53.973093+00:00,interpolated,160.0,876.0,-542.0
20.44577164,842358338415177122,842358338490733586,22,82,46264562000000,2026-09-10T12:24:53.973093+00:00,interpolated,157.0,870.0,-529.0
20.464660756,842358338434066238,842358338490733586,22,83,46264562000000,2026-09-10T12:24:53.973093+00:00,interpolated,177.0,913.0,-474.0
20.483549872,842358338452955354,842358338490733586,22,84,46264562000000,2026-09-10T12:24:53.973093+00:00,interpolated,214.0,947.0,-497.0
20.502438988,842358338471844470,842358338490733586,22,85,46264562000000,2026-09-10T12:24:53.973093+00:00,interpolated,247.0,964.0,-521.0
20.521328104,842358338490733586,842358338490733586,22,86,46264562000000,2026-09-10T12:24:53.973093+00:00,interpolated,271.0,989.0,-531.0
20.54021722,842358338509622702,842358339812971712,25,0,46265734000000,2026-09-10T12:24:55.142853+00:00,interpolated,298.0,984.0,-591.0
20.559106336,842358338528511818,842358339812971712,25,1,46265734000000,2026-09-10T12:24:55.142853+00:00,interpolated,256.0,881.0,-626.0
20.577995452,842358338547400934,842358339812971712,25,2,46265734000000,2026-09-10T12:24:55.142853+00:00,interpolated,253.0,753.0,-575.0
20.596884568,842358338566290050,842358339812971712,25,3,46265734000000,2026-09-10T12:24:55.142853+00:00,interpolated,280.0,709.0,-513.0
20.615773684,842358338585179166,842358339812971712,25,4,46265734000000,2026-09-10T12:24:55.142853+00:00,interpolated,248.0,718.0,-511.0
20.634662801,842358338604068283,842358339812971712,25,5,46265734000000,2026-09-10T12:24:55.142853+00:00,interpolated,227.0,739.0,-516.0
20.653551917,842358338622957399,842358339812971712,25,6,46265734000000,2026-09-10T12:24:55.142853+00:00,interpolated,223.0,757.0,-512.0
20.672441033,842358338641846515,842358339812971712,25,7,46265734000000,2026-09-10T12:24:55.142853+00:00,interpolated,185.0,775.0,-498.0
20.691330149,842358338660735631,842358339812971712,25,8,46265734000000,2026-09-10T12:24:55.142853+00:00,interpolated,174.0,786.0,-495.0
20.710219265,842358338679624747,842358339812971712,25,9,46265734000000,2026-09-10T12:24:55.142853+00:00,interpolated,186.0,799.0,-493.0
20.729108381,842358338698513863,842358339812971712,25,10,46265734000000,2026-09-10T12:24:55.142853+00:00,interpolated,243.0,815.0,-481.0
20.747997497,842358338717402979,842358339812971712,25,11,46265734000000,2026-09-10T12:24:55.142853+00:00,interpolated,359.0,815.0,-480.0
20.766886613,842358338736292095,842358339812971712,25,12,46265734000000,2026-09-10T12:24:55.142853+00:00,interpolated,482.0,792.0,-483.0
20.785775729,842358338755181211,842358339812971712,25,13,46265734000000,2026-09-10T12:24:55.142853+00:00,interpolated,592.0,760.0,-494.0
20.804664845,842358338774070327,842358339812971712,25,14,46265734000000,2026-09-10T12:24:55.142853+00:00,interpolated,687.0,738.0,-507.0
20.823553961,842358338792959443,842358339812971712,25,15,46265734000000,2026-09-10T12:24:55.142853+00:00,interpolated,737.0,719.0,-513.0
20.842443077,842358338811848559,842358339812971712,25,16,46265734000000,2026-09-10T12:24:55.142853+00:00,interpolated,743.0,695.0,-502.0
20.861332194,842358338830737676,842358339812971712,25,17,46265734000000,2026-09-10T12:24:55.142853+00:00,interpolated,729.0,697.0,-488.0
20.88022131,842358338849626792,842358339812971712,25,18,46265734000000,2026-09-10T12:24:55.142853+00:00,interpolated,702.0,715.0,-480.0
20.899110426,842358338868515908,842358339812971712,25,19,46265734000000,2026-09-10T12:24:55.142853+00:00,interpolated,646.0,733.0,-460.0
20.917999542,842358338887405024,842358339812971712,25,20,46265734000000,2026-09-10T12:24:55.142853+00:00,interpolated,597.0,715.0,-462.0
20.936888658,842358338906294140,842358339812971712,25,21,46265734000000,2026-09-10T12:24:55.142853+00:00,interpolated,573.0,703.0,-445.0
20.955777774,842358338925183256,842358339812971712,25,22,46265734000000,2026-09-10T12:24:55.142853+00:00,interpolated,552.0,702.0,-431.0
20.97466689,842358338944072372,842358339812971712,25,23,46265734000000,2026-09-10T12:24:55.142853+00:00,interpolated,533.0,698.0,-422.0
20.993556006,842358338962961488,842358339812971712,25,24,46265734000000,2026-09-10T12:24:55.142853+00:00,interpolated,516.0,688.0,-410.0
21.012445122,842358338981850604,842358339812971712,25,25,46265734000000,2026-09-10T12:24:55.142853+00:00,interpolated,497.0,683.0,-416.0
21.031334238,842358339000739720,842358339812971712,25,26,46265734000000,2026-09-10T12:24:55.142853+00:00,interpolated,468.0,693.0,-427.0
21.050223354,842358339019628836,842358339812971712,25,27,46265734000000,2026-09-10T12:24:55.142853+00:00,interpolated,468.0,710.0,-427.0
21.06911247,842358339038517952,842358339812971712,25,28,46265734000000,2026-09-10T12:24:55.142853+00:00,interpolated,468.0,703.0,-433.0
21.088001587,842358339057407069,842358339812971712,25,29,46265734000000,2026-09-10T12:24:55.142853+00:00,interpolated,462.0,710.0,-447.0
21.106890703,842358339076296185,842358339812971712,25,30,46265734000000,2026-09-10T12:24:55.142853+00:00,interpolated,476.0,722.0,-463.0
21.125779819,842358339095185301,842358339812971712,25,31,46265734000000,2026-09-10T12:24:55.142853+00:00,interpolated,484.0,719.0,-479.0
21.144668935,842358339114074417,842358339812971712,25,32,46265734000000,2026-09-10T12:24:55.142853+00:00,interpolated,473.0,737.0,-494.0
21.163558051,842358339132963533,842358339812971712,25,33,46265734000000,2026-09-10T12:24:55.142853+00:00,interpolated,485.0,735.0,-493.0
21.182447167,842358339151852649,842358339812971712,25,34,46265734000000,2026-09-10T12:24:55.142853+00:00,interpolated,512.0,724.0,-500.0
21.201336283,842358339170741765,842358339812971712,25,35,46265734000000,2026-09-10T12:24:55.142853+00:00,interpolated,528.0,711.0,-496.0
21.220225399,842358339189630881,842358339812971712,25,36,46265734000000,2026-09-10T12:24:55.142853+00:00,interpolated,531.0,714.0,-501.0
21.239114515,842358339208519997,842358339812971712,25,37,46265734000000,2026-09-10T12:24:55.142853+00:00,interpolated,529.0,711.0,-491.0
21.258003631,842358339227409113,842358339812971712,25,38,46265734000000,2026-09-10T12:24:55.142853+00:00,interpolated,536.0,722.0,-487.0
21.276892747,842358339246298229,842358339812971712,25,39,46265734000000,2026-09-10T12:24:55.142853+00:00,interpolated,532.0,733.0,-488.0
21.295781864,842358339265187346,842358339812971712,25,40,46265734000000,2026-09-10T12:24:55.142853+00:00,interpolated,528.0,736.0,-486.0
21.31467098,842358339284076462,842358339812971712,25,41,46265734000000,2026-09-10T12:24:55.142853+00:00,interpolated,519.0,732.0,-478.0
21.333560096,842358339302965578,842358339812971712,25,42,46265734000000,2026-09-10T12:24:55.142853+00:00,interpolated,521.0,731.0,-472.0
21.352449212,842358339321854694,842358339812971712,25,43,46265734000000,2026-09-10T12:24:55.142853+00:00,interpolated,528.0,715.0,-471.0
21.371338328,842358339340743810,842358339812971712,25,44,46265734000000,2026-09-10T12:24:55.142853+00:00,interpolated,525.0,711.0,-468.0
21.390227444,842358339359632926,842358339812971712,25,45,46265734000000,2026-09-10T12:24:55.142853+00:00,interpolated,522.0,715.0,-465.0
21.40911656,842358339378522042,842358339812971712,25,46,46265734000000,2026-09-10T12:24:55.142853+00:00,interpolated,517.0,714.0,-459.0
21.428005676,842358339397411158,842358339812971712,25,47,46265734000000,2026-09-10T12:24:55.142853+00:00,interpolated,508.0,715.0,-458.0
21.446894792,842358339416300274,842358339812971712,25,48,46265734000000,2026-09-10T12:24:55.142853+00:00,interpolated,501.0,730.0,-468.0
21.465783908,842358339435189390,842358339812971712,25,49,46265734000000,2026-09-10T12:24:55.142853+00:00,interpolated,490.0,722.0,-485.0
21.484673024,842358339454078506,842358339812971712,25,50,46265734000000,2026-09-10T12:24:55.142853+00:00,interpolated,471.0,715.0,-485.0
21.50356214,842358339472967622,842358339812971712,25,51,46265734000000,2026-09-10T12:24:55.142853+00:00,interpolated,457.0,725.0,-486.0
21.522451257,842358339491856739,842358339812971712,25,52,46265734000000,2026-09-10T12:24:55.142853+00:00,interpolated,447.0,734.0,-476.0
21.541340373,842358339510745855,842358339812971712,25,53,46265734000000,2026-09-10T12:24:55.142853+00:00,interpolated,438.0,739.0,-479.0
21.560229489,842358339529634971,842358339812971712,25,54,46265734000000,2026-09-10T12:24:55.142853+00:00,interpolated,444.0,753.0,-478.0
21.579118605,842358339548524087,842358339812971712,25,55,46265734000000,2026-09-10T12:24:55.142853+00:00,interpolated,449.0,751.0,-491.0
21.598007721,842358339567413203,842358339812971712,25,56,46265734000000,2026-09-10T12:24:55.142853+00:00,interpolated,438.0,736.0,-500.0
21.616896837,842358339586302319,842358339812971712,25,57,46265734000000,2026-09-10T12:24:55.142853+00:00,interpolated,418.0,744.0,-511.0
21.635785953,842358339605191435,842358339812971712,25,58,46265734000000,2026-09-10T12:24:55.142853+00:00,interpolated,414.0,764.0,-518.0
21.654675069,842358339624080551,842358339812971712,25,59,46265734000000,2026-09-10T12:24:55.142853+00:00,interpolated,419.0,771.0,-513.0
21.673564185,842358339642969667,842358339812971712,25,60,46265734000000,2026-09-10T12:24:55.142853+00:00,interpolated,445.0,779.0,-522.0
21.692453301,842358339661858783,842358339812971712,25,61,46265734000000,2026-09-10T12:24:55.142853+00:00,interpolated,446.0,777.0,-528.0
21.711342417,842358339680747899,842358339812971712,25,62,46265734000000,2026-09-10T12:24:55.142853+00:00,interpolated,429.0,780.0,-518.0
21.730231533,842358339699637015,842358339812971712,25,63,46265734000000,2026-09-10T12:24:55.142853+00:00,interpolated,426.0,787.0,-508.0
21.74912065,842358339718526132,842358339812971712,25,64,46265734000000,2026-09-10T12:24:55.142853+00:00,interpolated,434.0,795.0,-497.0
21.768009766,842358339737415248,842358339812971712,25,65,46265734000000,2026-09-10T12:24:55.142853+00:00,interpolated,441.0,785.0,-495.0
21.786898882,842358339756304364,842358339812971712,25,66,46265734000000,2026-09-10T12:24:55.142853+00:00,interpolated,428.0,775.0,-498.0
21.805787998,842358339775193480,842358339812971712,25,67,46265734000000,2026-09-10T12:24:55.142853+00:00,interpolated,434.0,778.0,-492.0
21.824677114,842358339794082596,842358339812971712,25,68,46265734000000,2026-09-10T12:24:55.142853+00:00,interpolated,433.0,775.0,-496.0
21.84356623,842358339812971712,842358339812971712,25,69,46265734000000,2026-09-10T12:24:55.142853+00:00,interpolated,441.0,771.0,-496.0
21.862455346,842358339831860828,842358341229655420,29,0,46267171000000,2026-09-10T12:24:56.583702+00:00,interpolated,456.0,766.0,-499.0
21.881344462,842358339850749944,842358341229655420,29,1,46267171000000,2026-09-10T12:24:56.583702+00:00,interpolated,473.0,766.0,-487.0
21.900233578,842358339869639060,842358341229655420,29,2,46267171000000,2026-09-10T12:24:56.583702+00:00,interpolated,473.0,750.0,-475.0
21.919122694,842358339888528176,842358341229655420,29,3,46267171000000,2026-09-10T12:24:56.583702+00:00,interpolated,474.0,748.0,-469.0
21.938011811,842358339907417293,842358341229655420,29,4,46267171000000,2026-09-10T12:24:56.583702+00:00,interpolated,482.0,739.0,-458.0
21.956900927,842358339926306409,842358341229655420,29,5,46267171000000,2026-09-10T12:24:56.583702+00:00,interpolated,480.0,742.0,-459.0
21.975790043,842358339945195525,842358341229655420,29,6,46267171000000,2026-09-10T12:24:56.583702+00:00,interpolated,471.0,758.0,-452.0
21.994679159,842358339964084641,842358341229655420,29,7,46267171000000,2026-09-10T12:24:56.583702+00:00,interpolated,498.0,775.0,-481.0
22.013568275,842358339982973757,842358341229655420,29,8,46267171000000,2026-09-10T12:24:56.583702+00:00,interpolated,505.0,770.0,-486.0
22.032457391,842358340001862873,842358341229655420,29,9,46267171000000,2026-09-10T12:24:56.583702+00:00,interpolated,539.0,764.0,-493.0
22.051346507,842358340020751989,842358341229655420,29,10,46267171000000,2026-09-10T12:24:56.583702+00:00,interpolated,538.0,753.0,-472.0
22.070235623,842358340039641105,842358341229655420,29,11,46267171000000,2026-09-10T12:24:56.583702+00:00,interpolated,461.0,757.0,-536.0
22.089124739,842358340058530221,842358341229655420,29,12,46267171000000,2026-09-10T12:24:56.583702+00:00,interpolated,371.0,792.0,-558.0
22.108013855,842358340077419337,842358341229655420,29,13,46267171000000,2026-09-10T12:24:56.583702+00:00,interpolated,308.0,830.0,-544.0
22.126902972,842358340096308454,842358341229655420,29,14,46267171000000,2026-09-10T12:24:56.583702+00:00,interpolated,262.0,855.0,-516.0
22.145792088,842358340115197570,842358341229655420,29,15,46267171000000,2026-09-10T12:24:56.583702+00:00,interpolated,231.0,858.0,-506.0
22.164681204,842358340134086686,842358341229655420,29,16,46267171000000,2026-09-10T12:24:56.583702+00:00,interpolated,245.0,831.0,-526.0
22.18357032,842358340152975802,842358341229655420,29,17,46267171000000,2026-09-10T12:24:56.583702+00:00,interpolated,274.0,810.0,-517.0
22.202459436,842358340171864918,842358341229655420,29,18,46267171000000,2026-09-10T12:24:56.583702+00:00,interpolated,316.0,808.0,-507.0
22.221348552,842358340190754034,842358341229655420,29,19,46267171000000,2026-09-10T12:24:56.583702+00:00,interpolated,342.0,817.0,-473.0
22.240237668,842358340209643150,842358341229655420,29,20,46267171000000,2026-09-10T12:24:56.583702+00:00,interpolated,322.0,829.0,-454.0
22.259126784,842358340228532266,842358341229655420,29,21,46267171000000,2026-09-10T12:24:56.583702+00:00,interpolated,299.0,850.0,-476.0
22.2780159,842358340247421382,842358341229655420,29,22,46267171000000,2026-09-10T12:24:56.583702+00:00,interpolated,301.0,842.0,-494.0
22.296905017,842358340266310499,842358341229655420,29,23,46267171000000,2026-09-10T12:24:56.583702+00:00,interpolated,299.0,847.0,-507.0
22.315794133,842358340285199615,842358341229655420,29,24,46267171000000,2026-09-10T12:24:56.583702+00:00,interpolated,299.0,841.0,-497.0
22.334683249,842358340304088731,842358341229655420,29,25,46267171000000,2026-09-10T12:24:56.583702+00:00,interpolated,300.0,852.0,-494.0
22.353572365,842358340322977847,842358341229655420,29,26,46267171000000,2026-09-10T12:24:56.583702+00:00,interpolated,302.0,853.0,-488.0
22.372461481,842358340341866963,842358341229655420,29,27,46267171000000,2026-09-10T12:24:56.583702+00:00,interpolated,306.0,853.0,-492.0
22.391350597,842358340360756079,842358341229655420,29,28,46267171000000,2026-09-10T12:24:56.583702+00:00,interpolated,309.0,866.0,-490.0
22.410239713,842358340379645195,842358341229655420,29,29,46267171000000,2026-09-10T12:24:56.583702+00:00,interpolated,312.0,865.0,-494.0
22.429128829,842358340398534311,842358341229655420,29,30,46267171000000,2026-09-10T12:24:56.583702+00:00,interpolated,308.0,871.0,-492.0
22.448017945,842358340417423427,842358341229655420,29,31,46267171000000,2026-09-10T12:24:56.583702+00:00,interpolated,311.0,859.0,-491.0
22.466907062,842358340436312544,842358341229655420,29,32,46267171000000,2026-09-10T12:24:56.583702+00:00,interpolated,312.0,855.0,-484.0
22.485796178,842358340455201660,842358341229655420,29,33,46267171000000,2026-09-10T12:24:56.583702+00:00,interpolated,313.0,854.0,-488.0
22.504685294,842358340474090776,842358341229655420,29,34,46267171000000,2026-09-10T12:24:56.583702+00:00,interpolated,313.0,843.0,-492.0
22.52357441,842358340492979892,842358341229655420,29,35,46267171000000,2026-09-10T12:24:56.583702+00:00,interpolated,308.0,845.0,-483.0
22.542463526,842358340511869008,842358341229655420,29,36,46267171000000,2026-09-10T12:24:56.583702+00:00,interpolated,302.0,849.0,-480.0
22.561352642,842358340530758124,842358341229655420,29,37,46267171000000,2026-09-10T12:24:56.583702+00:00,interpolated,293.0,854.0,-489.0
22.580241758,842358340549647240,842358341229655420,29,38,46267171000000,2026-09-10T12:24:56.583702+00:00,interpolated,288.0,851.0,-492.0
22.599130874,842358340568536356,842358341229655420,29,39,46267171000000,2026-09-10T12:24:56.583702+00:00,interpolated,295.0,847.0,-491.0
22.61801999,842358340587425472,842358341229655420,29,40,46267171000000,2026-09-10T12:24:56.583702+00:00,interpolated,289.0,847.0,-484.0
22.636909106,842358340606314588,842358341229655420,29,41,46267171000000,2026-09-10T12:24:56.583702+00:00,interpolated,285.0,853.0,-486.0
22.655798223,842358340625203705,842358341229655420,29,42,46267171000000,2026-09-10T12:24:56.583702+00:00,interpolated,279.0,851.0,-485.0
22.674687339,842358340644092821,842358341229655420,29,43,46267171000000,2026-09-10T12:24:56.583702+00:00,interpolated,282.0,850.0,-484.0
22.693576455,842358340662981937,842358341229655420,29,44,46267171000000,2026-09-10T12:24:56.583702+00:00,interpolated,290.0,852.0,-482.0
22.712465571,842358340681871053,842358341229655420,29,45,46267171000000,2026-09-10T12:24:56.583702+00:00,interpolated,287.0,864.0,-481.0
22.731354687,842358340700760169,842358341229655420,29,46,46267171000000,2026-09-10T12:24:56.583702+00:00,interpolated,288.0,861.0,-489.0
22.750243803,842358340719649285,842358341229655420,29,47,46267171000000,2026-09-10T12:24:56.583702+00:00,interpolated,288.0,860.0,-493.0
22.769132919,842358340738538401,842358341229655420,29,48,46267171000000,2026-09-10T12:24:56.583702+00:00,interpolated,284.0,860.0,-504.0
22.788022035,842358340757427517,842358341229655420,29,49,46267171000000,2026-09-10T12:24:56.583702+00:00,interpolated,294.0,867.0,-527.0
22.806911151,842358340776316633,842358341229655420,29,50,46267171000000,2026-09-10T12:24:56.583702+00:00,interpolated,290.0,861.0,-511.0
22.825800268,842358340795205750,842358341229655420,29,51,46267171000000,2026-09-10T12:24:56.583702+00:00,interpolated,281.0,858.0,-545.0
22.844689384,842358340814094866,842358341229655420,29,52,46267171000000,2026-09-10T12:24:56.583702+00:00,interpolated,289.0,860.0,-537.0
22.8635785,842358340832983982,842358341229655420,29,53,46267171000000,2026-09-10T12:24:56.583702+00:00,interpolated,313.0,875.0,-565.0
22.882467616,842358340851873098,842358341229655420,29,54,46267171000000,2026-09-10T12:24:56.583702+00:00,interpolated,350.0,888.0,-538.0
22.901356732,842358340870762214,842358341229655420,29,55,46267171000000,2026-09-10T12:24:56.583702+00:00,interpolated,299.0,899.0,-463.0
22.920245848,842358340889651330,842358341229655420,29,56,46267171000000,2026-09-10T12:24:56.583702+00:00,interpolated,275.0,914.0,-507.0
22.939134964,842358340908540446,842358341229655420,29,57,46267171000000,2026-09-10T12:24:56.583702+00:00,interpolated,289.0,909.0,-504.0
22.95802408,842358340927429562,842358341229655420,29,58,46267171000000,2026-09-10T12:24:56.583702+00:00,interpolated,255.0,909.0,-419.0
22.976913196,842358340946318678,842358341229655420,29,59,46267171000000,2026-09-10T12:24:56.583702+00:00,interpolated,228.0,918.0,-435.0
22.995802313,842358340965207795,842358341229655420,29,60,46267171000000,2026-09-10T12:24:56.583702+00:00,interpolated,178.0,929.0,-393.0
23.014691429,842358340984096911,842358341229655420,29,61,46267171000000,2026-09-10T12:24:56.583702+00:00,interpolated,186.0,922.0,-421.0
23.033580545,842358341002986027,842358341229655420,29,62,46267171000000,2026-09-10T12:24:56.583702+00:00,interpolated,207.0,913.0,-420.0
23.052469661,842358341021875143,842358341229655420,29,63,46267171000000,2026-09-10T12:24:56.583702+00:00,interpolated,244.0,902.0,-415.0
23.071358777,842358341040764259,842358341229655420,29,64,46267171000000,2026-09-10T12:24:56.583702+00:00,interpolated,287.0,881.0,-416.0
23.090247893,842358341059653375,842358341229655420,29,65,46267171000000,2026-09-10T12:24:56.583702+00:00,interpolated,308.0,883.0,-399.0
23.109137009,842358341078542491,842358341229655420,29,66,46267171000000,2026-09-10T12:24:56.583702+00:00,interpolated,308.0,882.0,-421.0
23.128026125,842358341097431607,842358341229655420,29,67,46267171000000,2026-09-10T12:24:56.583702+00:00,interpolated,324.0,865.0,-414.0
23.146915241,842358341116320723,842358341229655420,29,68,46267171000000,2026-09-10T12:24:56.583702+00:00,interpolated,328.0,851.0,-424.0
23.165804357,842358341135209839,842358341229655420,29,69,46267171000000,2026-09-10T12:24:56.583702+00:00,interpolated,330.0,861.0,-413.0
23.184693474,842358341154098956,842358341229655420,29,70,46267171000000,2026-09-10T12:24:56.583702+00:00,interpolated,333.0,856.0,-420.0
23.20358259,842358341172988072,842358341229655420,29,71,46267171000000,2026-09-10T12:24:56.583702+00:00,interpolated,335.0,836.0,-412.0
23.222471706,842358341191877188,842358341229655420,29,72,46267171000000,2026-09-10T12:24:56.583702+00:00,interpolated,331.0,843.0,-395.0
23.241360822,842358341210766304,842358341229655420,29,73,46267171000000,2026-09-10T12:24:56.583702+00:00,interpolated,329.0,856.0,-370.0
23.260249938,842358341229655420,842358341229655420,29,74,46267171000000,2026-09-10T12:24:56.583702+00:00,interpolated,358.0,855.0,-404.0
23.279139054,842358341248544536,842358342570782662,33,0,46268187000000,2026-09-10T12:24:57.602642+00:00,interpolated,398.0,852.0,-382.0
23.29802817,842358341267433652,842358342570782662,33,1,46268187000000,2026-09-10T12:24:57.602642+00:00,interpolated,431.0,842.0,-361.0
23.316917286,842358341286322768,842358342570782662,33,2,46268187000000,2026-09-10T12:24:57.602642+00:00,interpolated,433.0,849.0,-350.0
23.335806402,842358341305211884,842358342570782662,33,3,46268187000000,2026-09-10T12:24:57.602642+00:00,interpolated,440.0,851.0,-371.0
23.354695518,842358341324101000,842358342570782662,33,4,46268187000000,2026-09-10T12:24:57.602642+00:00,interpolated,450.0,841.0,-377.0
23.373584635,842358341342990117,842358342570782662,33,5,46268187000000,2026-09-10T12:24:57.602642+00:00,interpolated,442.0,835.0,-328.0
23.392473751,842358341361879233,842358342570782662,33,6,46268187000000,2026-09-10T12:24:57.602642+00:00,interpolated,444.0,807.0,-355.0
23.411362867,842358341380768349,842358342570782662,33,7,46268187000000,2026-09-10T12:24:57.602642+00:00,interpolated,451.0,773.0,-313.0
23.430251983,842358341399657465,842358342570782662,33,8,46268187000000,2026-09-10T12:24:57.602642+00:00,interpolated,458.0,742.0,-341.0
23.449141099,842358341418546581,842358342570782662,33,9,46268187000000,2026-09-10T12:24:57.602642+00:00,interpolated,453.0,740.0,-308.0
23.468030215,842358341437435697,842358342570782662,33,10,46268187000000,2026-09-10T12:24:57.602642+00:00,interpolated,462.0,732.0,-311.0
23.486919331,842358341456324813,842358342570782662,33,11,46268187000000,2026-09-10T12:24:57.602642+00:00,interpolated,478.0,725.0,-294.0
23.505808447,842358341475213929,842358342570782662,33,12,46268187000000,2026-09-10T12:24:57.602642+00:00,interpolated,533.0,711.0,-317.0
23.524697563,842358341494103045,842358342570782662,33,13,46268187000000,2026-09-10T12:24:57.602642+00:00,interpolated,599.0,689.0,-283.0
23.543586679,842358341512992161,842358342570782662,33,14,46268187000000,2026-09-10T12:24:57.602642+00:00,interpolated,620.0,680.0,-302.0
23.562475795,842358341531881277,842358342570782662,33,15,46268187000000,2026-09-10T12:24:57.602642+00:00,interpolated,625.0,693.0,-280.0
23.581364911,842358341550770393,842358342570782662,33,16,46268187000000,2026-09-10T12:24:57.602642+00:00,interpolated,624.0,699.0,-303.0
23.600254028,842358341569659510,842358342570782662,33,17,46268187000000,2026-09-10T12:24:57.602642+00:00,interpolated,605.0,696.0,-290.0
23.619143144,842358341588548626,842358342570782662,33,18,46268187000000,2026-09-10T12:24:57.602642+00:00,interpolated,572.0,689.0,-261.0
23.63803226,842358341607437742,842358342570782662,33,19,46268187000000,2026-09-10T12:24:57.602642+00:00,interpolated,583.0,692.0,-297.0
23.656921376,842358341626326858,842358342570782662,33,20,46268187000000,2026-09-10T12:24:57.602642+00:00,interpolated,600.0,700.0,-303.0
23.675810492,842358341645215974,842358342570782662,33,21,46268187000000,2026-09-10T12:24:57.602642+00:00,interpolated,609.0,670.0,-303.0
23.694699608,842358341664105090,842358342570782662,33,22,46268187000000,2026-09-10T12:24:57.602642+00:00,interpolated,581.0,669.0,-283.0
23.713588724,842358341682994206,842358342570782662,33,23,46268187000000,2026-09-10T12:24:57.602642+00:00,interpolated,577.0,696.0,-253.0
23.73247784,842358341701883322,842358342570782662,33,24,46268187000000,2026-09-10T12:24:57.602642+00:00,interpolated,600.0,738.0,-270.0
23.751366956,842358341720772438,842358342570782662,33,25,46268187000000,2026-09-10T12:24:57.602642+00:00,interpolated,628.0,782.0,-295.0
23.770256072,842358341739661554,842358342570782662,33,26,46268187000000,2026-09-10T12:24:57.602642+00:00,interpolated,644.0,780.0,-308.0
23.789145188,842358341758550670,842358342570782662,33,27,46268187000000,2026-09-10T12:24:57.602642+00:00,interpolated,653.0,780.0,-330.0
23.808034304,842358341777439786,842358342570782662,33,28,46268187000000,2026-09-10T12:24:57.602642+00:00,interpolated,581.0,816.0,-340.0
23.826923421,842358341796328903,842358342570782662,33,29,46268187000000,2026-09-10T12:24:57.602642+00:00,interpolated,535.0,809.0,-305.0
23.845812537,842358341815218019,842358342570782662,33,30,46268187000000,2026-09-10T12:24:57.602642+00:00,interpolated,524.0,840.0,-316.0
23.864701653,842358341834107135,842358342570782662,33,31,46268187000000,2026-09-10T12:24:57.602642+00:00,interpolated,511.0,872.0,-342.0
23.883590769,842358341852996251,842358342570782662,33,32,46268187000000,2026-09-10T12:24:57.602642+00:00,interpolated,573.0,919.0,-310.0
23.902479885,842358341871885367,842358342570782662,33,33,46268187000000,2026-09-10T12:24:57.602642+00:00,interpolated,654.0,913.0,-243.0
23.921369001,842358341890774483,842358342570782662,33,34,46268187000000,2026-09-10T12:24:57.602642+00:00,interpolated,733.0,960.0,-209.0
23.940258117,842358341909663599,842358342570782662,33,35,46268187000000,2026-09-10T12:24:57.602642+00:00,interpolated,759.0,928.0,-202.0
23.959147233,842358341928552715,842358342570782662,33,36,46268187000000,2026-09-10T12:24:57.602642+00:00,interpolated,714.0,818.0,-198.0
23.978036349,842358341947441831,842358342570782662,33,37,46268187000000,2026-09-10T12:24:57.602642+00:00,interpolated,728.0,818.0,-179.0
23.996925465,842358341966330947,842358342570782662,33,38,46268187000000,2026-09-10T12:24:57.602642+00:00,interpolated,739.0,844.0,-201.0
24.015814581,842358341985220063,842358342570782662,33,39,46268187000000,2026-09-10T12:24:57.602642+00:00,interpolated,669.0,733.0,-161.0
24.034703697,842358342004109179,842358342570782662,33,40,46268187000000,2026-09-10T12:24:57.602642+00:00,interpolated,625.0,684.0,-85.0
24.053592814,842358342022998296,842358342570782662,33,41,46268187000000,2026-09-10T12:24:57.602642+00:00,interpolated,573.0,715.0,-59.0
24.07248193,842358342041887412,842358342570782662,33,42,46268187000000,2026-09-10T12:24:57.602642+00:00,interpolated,555.0,818.0,-57.0
24.091371046,842358342060776528,842358342570782662,33,43,46268187000000,2026-09-10T12:24:57.602642+00:00,interpolated,475.0,804.0,-127.0
24.110260162,842358342079665644,842358342570782662,33,44,46268187000000,2026-09-10T12:24:57.602642+00:00,interpolated,361.0,824.0,-201.0
24.129149278,842358342098554760,842358342570782662,33,45,46268187000000,2026-09-10T12:24:57.602642+00:00,interpolated,278.0,858.0,-247.0
24.148038394,842358342117443876,842358342570782662,33,46,46268187000000,2026-09-10T12:24:57.602642+00:00,interpolated,268.0,903.0,-252.0
24.16692751,842358342136332992,842358342570782662,33,47,46268187000000,2026-09-10T12:24:57.602642+00:00,interpolated,353.0,947.0,-264.0
24.185816626,842358342155222108,842358342570782662,33,48,46268187000000,2026-09-10T12:24:57.602642+00:00,interpolated,407.0,941.0,-290.0
24.204705742,842358342174111224,842358342570782662,33,49,46268187000000,2026-09-10T12:24:57.602642+00:00,interpolated,390.0,935.0,-228.0
24.223594858,842358342193000340,842358342570782662,33,50,46268187000000,2026-09-10T12:24:57.602642+00:00,interpolated,317.0,1011.0,-174.0
24.242483974,842358342211889456,842358342570782662,33,51,46268187000000,2026-09-10T12:24:57.602642+00:00,interpolated,281.0,1069.0,-165.0
24.26137309,842358342230778572,842358342570782662,33,52,46268187000000,2026-09-10T12:24:57.602642+00:00,interpolated,212.0,1111.0,-166.0
24.280262207,842358342249667689,842358342570782662,33,53,46268187000000,2026-09-10T12:24:57.602642+00:00,interpolated,120.0,1099.0,-166.0
24.299151323,842358342268556805,842358342570782662,33,54,46268187000000,2026-09-10T12:24:57.602642+00:00,interpolated,60.0,1100.0,-169.0
24.318040439,842358342287445921,842358342570782662,33,55,46268187000000,2026-09-10T12:24:57.602642+00:00,interpolated,9.0,1104.0,-161.0
24.336929555,842358342306335037,842358342570782662,33,56,46268187000000,2026-09-10T12:24:57.602642+00:00,interpolated,16.0,1035.0,-156.0
24.355818671,842358342325224153,842358342570782662,33,57,46268187000000,2026-09-10T12:24:57.602642+00:00,interpolated,42.0,974.0,-149.0
24.374707787,842358342344113269,842358342570782662,33,58,46268187000000,2026-09-10T12:24:57.602642+00:00,interpolated,76.0,979.0,-126.0
24.393596903,842358342363002385,842358342570782662,33,59,46268187000000,2026-09-10T12:24:57.602642+00:00,interpolated,92.0,1000.0,-119.0
24.412486019,842358342381891501,842358342570782662,33,60,46268187000000,2026-09-10T12:24:57.602642+00:00,interpolated,105.0,1002.0,-113.0
24.431375135,842358342400780617,842358342570782662,33,61,46268187000000,2026-09-10T12:24:57.602642+00:00,interpolated,145.0,1006.0,-80.0
24.450264251,842358342419669733,842358342570782662,33,62,46268187000000,2026-09-10T12:24:57.602642+00:00,interpolated,199.0,974.0,-48.0
24.469153367,842358342438558849,842358342570782662,33,63,46268187000000,2026-09-10T12:24:57.602642+00:00,interpolated,223.0,917.0,-29.0
24.488042483,842358342457447965,842358342570782662,33,64,46268187000000,2026-09-10T12:24:57.602642+00:00,interpolated,258.0,909.0,73.0
24.5069316,842358342476337082,842358342570782662,33,65,46268187000000,2026-09-10T12:24:57.602642+00:00,interpolated,261.0,903.0,65.0
24.525820716,842358342495226198,842358342570782662,33,66,46268187000000,2026-09-10T12:24:57.602642+00:00,interpolated,224.0,933.0,50.0
24.544709832,842358342514115314,842358342570782662,33,67,46268187000000,2026-09-10T12:24:57.602642+00:00,interpolated,184.0,950.0,30.0
24.563598948,842358342533004430,842358342570782662,33,68,46268187000000,2026-09-10T12:24:57.602642+00:00,interpolated,147.0,951.0,9.0
24.582488064,842358342551893546,842358342570782662,33,69,46268187000000,2026-09-10T12:24:57.602642+00:00,interpolated,108.0,977.0,10.0
24.60137718,842358342570782662,842358342570782662,33,70,46268187000000,2026-09-10T12:24:57.602642+00:00,interpolated,78.0,1051.0,7.0
24.620266726,842358342589672208,842358343911940424,36,0,46269843000000,2026-09-10T12:24:59.253665+00:00,interpolated,90.0,1141.0,-22.0
24.639156272,842358342608561754,842358343911940424,36,1,46269843000000,2026-09-10T12:24:59.253665+00:00,interpolated,88.0,1140.0,-93.0
24.658045818,842358342627451300,842358343911940424,36,2,46269843000000,2026-09-10T12:24:59.253665+00:00,interpolated,57.0,1175.0,-96.0
24.676935364,842358342646340846,842358343911940424,36,3,46269843000000,2026-09-10T12:24:59.253665+00:00,interpolated,61.0,1207.0,-29.0
24.69582491,842358342665230392,842358343911940424,36,4,46269843000000,2026-09-10T12:24:59.253665+00:00,interpolated,85.0,1230.0,-15.0
24.714714456,842358342684119938,842358343911940424,36,5,46269843000000,2026-09-10T12:24:59.253665+00:00,interpolated,92.0,1251.0,-35.0
24.733604002,842358342703009484,842358343911940424,36,6,46269843000000,2026-09-10T12:24:59.253665+00:00,interpolated,67.0,1236.0,-58.0
24.752493548,842358342721899030,842358343911940424,36,7,46269843000000,2026-09-10T12:24:59.253665+00:00,interpolated,42.0,1225.0,-46.0
24.771383093,842358342740788575,842358343911940424,36,8,46269843000000,2026-09-10T12:24:59.253665+00:00,interpolated,22.0,1181.0,-43.0
24.790272639,842358342759678121,842358343911940424,36,9,46269843000000,2026-09-10T12:24:59.253665+00:00,interpolated,-7.0,1151.0,-27.0
24.809162185,842358342778567667,842358343911940424,36,10,46269843000000,2026-09-10T12:24:59.253665+00:00,interpolated,-10.0,1108.0,-41.0
24.828051731,842358342797457213,842358343911940424,36,11,46269843000000,2026-09-10T12:24:59.253665+00:00,interpolated,-18.0,1054.0,-37.0
24.846941277,842358342816346759,842358343911940424,36,12,46269843000000,2026-09-10T12:24:59.253665+00:00,interpolated,-6.0,1036.0,-26.0
24.865830823,842358342835236305,842358343911940424,36,13,46269843000000,2026-09-10T12:24:59.253665+00:00,interpolated,-21.0,983.0,-18.0
24.884720369,842358342854125851,842358343911940424,36,14,46269843000000,2026-09-10T12:24:59.253665+00:00,interpolated,-18.0,946.0,-13.0
24.903609915,842358342873015397,842358343911940424,36,15,46269843000000,2026-09-10T12:24:59.253665+00:00,interpolated,6.0,951.0,70.0
24.922499461,842358342891904943,842358343911940424,36,16,46269843000000,2026-09-10T12:24:59.253665+00:00,interpolated,15.0,952.0,101.0
24.941389007,842358342910794489,842358343911940424,36,17,46269843000000,2026-09-10T12:24:59.253665+00:00,interpolated,41.0,968.0,97.0
24.960278553,842358342929684035,842358343911940424,36,18,46269843000000,2026-09-10T12:24:59.253665+00:00,interpolated,77.0,974.0,83.0
24.979168099,842358342948573581,842358343911940424,36,19,46269843000000,2026-09-10T12:24:59.253665+00:00,interpolated,101.0,980.0,80.0
24.998057645,842358342967463127,842358343911940424,36,20,46269843000000,2026-09-10T12:24:59.253665+00:00,interpolated,109.0,1007.0,83.0
25.016947191,842358342986352673,842358343911940424,36,21,46269843000000,2026-09-10T12:24:59.253665+00:00,interpolated,76.0,1036.0,67.0
25.035836737,842358343005242219,842358343911940424,36,22,46269843000000,2026-09-10T12:24:59.253665+00:00,interpolated,58.0,1047.0,61.0
25.054726283,842358343024131765,842358343911940424,36,23,46269843000000,2026-09-10T12:24:59.253665+00:00,interpolated,38.0,1022.0,40.0
25.073615829,842358343043021311,842358343911940424,36,24,46269843000000,2026-09-10T12:24:59.253665+00:00,interpolated,10.0,987.0,12.0
25.092505375,842358343061910857,842358343911940424,36,25,46269843000000,2026-09-10T12:24:59.253665+00:00,interpolated,-4.0,993.0,-4.0
25.11139492,842358343080800402,842358343911940424,36,26,46269843000000,2026-09-10T12:24:59.253665+00:00,interpolated,4.0,976.0,-52.0
25.130284466,842358343099689948,842358343911940424,36,27,46269843000000,2026-09-10T12:24:59.253665+00:00,interpolated,27.0,982.0,-49.0
25.149174012,842358343118579494,842358343911940424,36,28,46269843000000,2026-09-10T12:24:59.253665+00:00,interpolated,58.0,1001.0,-39.0
25.168063558,842358343137469040,842358343911940424,36,29,46269843000000,2026-09-10T12:24:59.253665+00:00,interpolated,72.0,1008.0,-40.0
25.186953104,842358343156358586,842358343911940424,36,30,46269843000000,2026-09-10T12:24:59.253665+00:00,interpolated,83.0,1038.0,-52.0
25.20584265,842358343175248132,842358343911940424,36,31,46269843000000,2026-09-10T12:24:59.253665+00:00,interpolated,104.0,1084.0,-58.0
25.224732196,842358343194137678,842358343911940424,36,32,46269843000000,2026-09-10T12:24:59.253665+00:00,interpolated,127.0,1100.0,-76.0
25.243621742,842358343213027224,842358343911940424,36,33,46269843000000,2026-09-10T12:24:59.253665+00:00,interpolated,130.0,1126.0,-86.0
25.262511288,842358343231916770,842358343911940424,36,34,46269843000000,2026-09-10T12:24:59.253665+00:00,interpolated,134.0,1128.0,-106.0
25.281400834,842358343250806316,842358343911940424,36,35,46269843000000,2026-09-10T12:24:59.253665+00:00,interpolated,130.0,1122.0,-121.0
25.30029038,842358343269695862,842358343911940424,36,36,46269843000000,2026-09-10T12:24:59.253665+00:00,interpolated,120.0,1129.0,-138.0
25.319179926,842358343288585408,842358343911940424,36,37,46269843000000,2026-09-10T12:24:59.253665+00:00,interpolated,113.0,1126.0,-149.0
25.338069472,842358343307474954,842358343911940424,36,38,46269843000000,2026-09-10T12:24:59.253665+00:00,interpolated,101.0,1120.0,-163.0
25.356959018,842358343326364500,842358343911940424,36,39,46269843000000,2026-09-10T12:24:59.253665+00:00,interpolated,99.0,1102.0,-179.0
25.375848564,842358343345254046,842358343911940424,36,40,46269843000000,2026-09-10T12:24:59.253665+00:00,interpolated,111.0,1085.0,-178.0
25.39473811,842358343364143592,842358343911940424,36,41,46269843000000,2026-09-10T12:24:59.253665+00:00,interpolated,130.0,1071.0,-179.0
25.413627656,842358343383033138,842358343911940424,36,42,46269843000000,2026-09-10T12:24:59.253665+00:00,interpolated,135.0,1064.0,-180.0
25.432517202,842358343401922684,842358343911940424,36,43,46269843000000,2026-09-10T12:24:59.253665+00:00,interpolated,127.0,1059.0,-181.0
25.451406747,842358343420812229,842358343911940424,36,44,46269843000000,2026-09-10T12:24:59.253665+00:00,interpolated,128.0,1036.0,-191.0
25.470296293,842358343439701775,842358343911940424,36,45,46269843000000,2026-09-10T12:24:59.253665+00:00,interpolated,128.0,1025.0,-200.0
25.489185839,842358343458591321,842358343911940424,36,46,46269843000000,2026-09-10T12:24:59.253665+00:00,interpolated,107.0,1050.0,-214.0
25.508075385,842358343477480867,842358343911940424,36,47,46269843000000,2026-09-10T12:24:59.253665+00:00,interpolated,72.0,1064.0,-228.0
25.526964931,842358343496370413,842358343911940424,36,48,46269843000000,2026-09-10T12:24:59.253665+00:00,interpolated,27.0,1117.0,-238.0
25.545854477,842358343515259959,842358343911940424,36,49,46269843000000,2026-09-10T12:24:59.253665+00:00,interpolated,-13.0,1102.0,-239.0
25.564744023,842358343534149505,842358343911940424,36,50,46269843000000,2026-09-10T12:24:59.253665+00:00,interpolated,-38.0,1046.0,-291.0
25.583633569,842358343553039051,842358343911940424,36,51,46269843000000,2026-09-10T12:24:59.253665+00:00,interpolated,-58.0,1024.0,-325.0
25.602523115,842358343571928597,842358343911940424,36,52,46269843000000,2026-09-10T12:24:59.253665+00:00,interpolated,-62.0,1049.0,-312.0
25.621412661,842358343590818143,842358343911940424,36,53,46269843000000,2026-09-10T12:24:59.253665+00:00,interpolated,-69.0,1104.0,-290.0
25.640302207,842358343609707689,842358343911940424,36,54,46269843000000,2026-09-10T12:24:59.253665+00:00,interpolated,-96.0,1107.0,-302.0
25.659191753,842358343628597235,842358343911940424,36,55,46269843000000,2026-09-10T12:24:59.253665+00:00,interpolated,-107.0,1089.0,-356.0
25.678081299,842358343647486781,842358343911940424,36,56,46269843000000,2026-09-10T12:24:59.253665+00:00,interpolated,-79.0,1110.0,-381.0
25.696970845,842358343666376327,842358343911940424,36,57,46269843000000,2026-09-10T12:24:59.253665+00:00,interpolated,10.0,1109.0,-402.0
25.715860391,842358343685265873,842358343911940424,36,58,46269843000000,2026-09-10T12:24:59.253665+00:00,interpolated,74.0,1101.0,-389.0
25.734749937,842358343704155419,842358343911940424,36,59,46269843000000,2026-09-10T12:24:59.253665+00:00,interpolated,110.0,1065.0,-375.0
25.753639483,842358343723044965,842358343911940424,36,60,46269843000000,2026-09-10T12:24:59.253665+00:00,interpolated,132.0,1011.0,-403.0
25.772529029,842358343741934511,842358343911940424,36,61,46269843000000,2026-09-10T12:24:59.253665+00:00,interpolated,137.0,987.0,-420.0
25.791418574,842358343760824056,842358343911940424,36,62,46269843000000,2026-09-10T12:24:59.253665+00:00,interpolated,131.0,967.0,-425.0
25.81030812,842358343779713602,842358343911940424,36,63,46269843000000,2026-09-10T12:24:59.253665+00:00,interpolated,113.0,921.0,-424.0
25.829197666,842358343798603148,842358343911940424,36,64,46269843000000,2026-09-10T12:24:59.253665+00:00,interpolated,87.0,915.0,-430.0
25.848087212,842358343817492694,842358343911940424,36,65,46269843000000,2026-09-10T12:24:59.253665+00:00,interpolated,107.0,940.0,-445.0
25.866976758,842358343836382240,842358343911940424,36,66,46269843000000,2026-09-10T12:24:59.253665+00:00,interpolated,108.0,928.0,-473.0
25.885866304,842358343855271786,842358343911940424,36,67,46269843000000,2026-09-10T12:24:59.253665+00:00,interpolated,90.0,893.0,-505.0
25.90475585,842358343874161332,842358343911940424,36,68,46269843000000,2026-09-10T12:24:59.253665+00:00,interpolated,109.0,859.0,-539.0
25.923645396,842358343893050878,842358343911940424,36,69,46269843000000,2026-09-10T12:24:59.253665+00:00,interpolated,124.0,823.0,-583.0
25.942534942,842358343911940424,842358343911940424,36,70,46269843000000,2026-09-10T12:24:59.253665+00:00,interpolated,162.0,777.0,-606.0
25.961424058,842358343930829540,842358345026398274,39,0,46270890000000,2026-09-10T12:25:00.303406+00:00,interpolated,201.0,721.0,-612.0
25.980313174,842358343949718656,842358345026398274,39,1,46270890000000,2026-09-10T12:25:00.303406+00:00,interpolated,245.0,716.0,-619.0
25.99920229,842358343968607772,842358345026398274,39,2,46270890000000,2026-09-10T12:25:00.303406+00:00,interpolated,271.0,701.0,-654.0
26.018091406,842358343987496888,842358345026398274,39,3,46270890000000,2026-09-10T12:25:00.303406+00:00,interpolated,271.0,641.0,-689.0
26.036980523,842358344006386005,842358345026398274,39,4,46270890000000,2026-09-10T12:25:00.303406+00:00,interpolated,268.0,560.0,-699.0
26.055869639,842358344025275121,842358345026398274,39,5,46270890000000,2026-09-10T12:25:00.303406+00:00,interpolated,256.0,557.0,-723.0
26.074758755,842358344044164237,842358345026398274,39,6,46270890000000,2026-09-10T12:25:00.303406+00:00,interpolated,267.0,584.0,-733.0
26.093647871,842358344063053353,842358345026398274,39,7,46270890000000,2026-09-10T12:25:00.303406+00:00,interpolated,278.0,508.0,-741.0
26.112536987,842358344081942469,842358345026398274,39,8,46270890000000,2026-09-10T12:25:00.303406+00:00,interpolated,264.0,438.0,-755.0
26.131426103,842358344100831585,842358345026398274,39,9,46270890000000,2026-09-10T12:25:00.303406+00:00,interpolated,233.0,439.0,-747.0
26.150315219,842358344119720701,842358345026398274,39,10,46270890000000,2026-09-10T12:25:00.303406+00:00,interpolated,201.0,497.0,-754.0
26.169204335,842358344138609817,842358345026398274,39,11,46270890000000,2026-09-10T12:25:00.303406+00:00,interpolated,171.0,542.0,-779.0
26.188093451,842358344157498933,842358345026398274,39,12,46270890000000,2026-09-10T12:25:00.303406+00:00,interpolated,148.0,526.0,-832.0
26.206982567,842358344176388049,842358345026398274,39,13,46270890000000,2026-09-10T12:25:00.303406+00:00,interpolated,141.0,432.0,-872.0
26.225871684,842358344195277166,842358345026398274,39,14,46270890000000,2026-09-10T12:25:00.303406+00:00,interpolated,124.0,402.0,-845.0
26.2447608,842358344214166282,842358345026398274,39,15,46270890000000,2026-09-10T12:25:00.303406+00:00,interpolated,121.0,441.0,-831.0
26.263649916,842358344233055398,842358345026398274,39,16,46270890000000,2026-09-10T12:25:00.303406+00:00,interpolated,94.0,478.0,-853.0
26.282539032,842358344251944514,842358345026398274,39,17,46270890000000,2026-09-10T12:25:00.303406+00:00,interpolated,139.0,465.0,-894.0
26.301428148,842358344270833630,842358345026398274,39,18,46270890000000,2026-09-10T12:25:00.303406+00:00,interpolated,184.0,463.0,-908.0
26.320317264,842358344289722746,842358345026398274,39,19,46270890000000,2026-09-10T12:25:00.303406+00:00,interpolated,252.0,459.0,-940.0
26.33920638,842358344308611862,842358345026398274,39,20,46270890000000,2026-09-10T12:25:00.303406+00:00,interpolated,246.0,440.0,-820.0
26.358095496,842358344327500978,842358345026398274,39,21,46270890000000,2026-09-10T12:25:00.303406+00:00,interpolated,132.0,447.0,-632.0
26.376984612,842358344346390094,842358345026398274,39,22,46270890000000,2026-09-10T12:25:00.303406+00:00,interpolated,153.0,434.0,-663.0
26.395873728,842358344365279210,842358345026398274,39,23,46270890000000,2026-09-10T12:25:00.303406+00:00,interpolated,122.0,567.0,-1022.0
26.414762845,842358344384168327,842358345026398274,39,24,46270890000000,2026-09-10T12:25:00.303406+00:00,interpolated,-222.0,758.0,-1207.0
26.433651961,842358344403057443,842358345026398274,39,25,46270890000000,2026-09-10T12:25:00.303406+00:00,interpolated,-83.0,820.0,-875.0
26.452541077,842358344421946559,842358345026398274,39,26,46270890000000,2026-09-10T12:25:00.303406+00:00,interpolated,-90.0,897.0,-763.0
26.471430193,842358344440835675,842358345026398274,39,27,46270890000000,2026-09-10T12:25:00.303406+00:00,interpolated,-115.0,905.0,-584.0
26.490319309,842358344459724791,842358345026398274,39,28,46270890000000,2026-09-10T12:25:00.303406+00:00,interpolated,-229.0,698.0,-499.0
26.509208425,842358344478613907,842358345026398274,39,29,46270890000000,2026-09-10T12:25:00.303406+00:00,interpolated,-362.0,541.0,-509.0
26.528097541,842358344497503023,842358345026398274,39,30,46270890000000,2026-09-10T12:25:00.303406+00:00,interpolated,-456.0,589.0,-523.0
26.546986657,842358344516392139,842358345026398274,39,31,46270890000000,2026-09-10T12:25:00.303406+00:00,interpolated,-611.0,705.0,-528.0
26.565875773,842358344535281255,842358345026398274,39,32,46270890000000,2026-09-10T12:25:00.303406+00:00,interpolated,-746.0,768.0,-457.0
26.584764889,842358344554170371,842358345026398274,39,33,46270890000000,2026-09-10T12:25:00.303406+00:00,interpolated,-798.0,767.0,-468.0
26.603654006,842358344573059488,842358345026398274,39,34,46270890000000,2026-09-10T12:25:00.303406+00:00,interpolated,-693.0,733.0,-583.0
26.622543122,842358344591948604,842358345026398274,39,35,46270890000000,2026-09-10T12:25:00.303406+00:00,interpolated,-553.0,694.0,-587.0
26.641432238,842358344610837720,842358345026398274,39,36,46270890000000,2026-09-10T12:25:00.303406+00:00,interpolated,-536.0,735.0,-521.0
26.660321354,842358344629726836,842358345026398274,39,37,46270890000000,2026-09-10T12:25:00.303406+00:00,interpolated,-485.0,857.0,-578.0
26.67921047,842358344648615952,842358345026398274,39,38,46270890000000,2026-09-10T12:25:00.303406+00:00,interpolated,-445.0,873.0,-567.0
26.698099586,842358344667505068,842358345026398274,39,39,46270890000000,2026-09-10T12:25:00.303406+00:00,interpolated,-452.0,839.0,-572.0
26.716988702,842358344686394184,842358345026398274,39,40,46270890000000,2026-09-10T12:25:00.303406+00:00,interpolated,-478.0,791.0,-504.0
26.735877818,842358344705283300,842358345026398274,39,41,46270890000000,2026-09-10T12:25:00.303406+00:00,interpolated,-422.0,775.0,-458.0
26.754766934,842358344724172416,842358345026398274,39,42,46270890000000,2026-09-10T12:25:00.303406+00:00,interpolated,-401.0,776.0,-506.0
26.77365605,842358344743061532,842358345026398274,39,43,46270890000000,2026-09-10T12:25:00.303406+00:00,interpolated,-358.0,791.0,-553.0
26.792545167,842358344761950649,842358345026398274,39,44,46270890000000,2026-09-10T12:25:00.303406+00:00,interpolated,-383.0,757.0,-532.0
26.811434283,842358344780839765,842358345026398274,39,45,46270890000000,2026-09-10T12:25:00.303406+00:00,interpolated,-485.0,801.0,-526.0
26.830323399,842358344799728881,842358345026398274,39,46,46270890000000,2026-09-10T12:25:00.303406+00:00,interpolated,-556.0,786.0,-546.0
26.849212515,842358344818617997,842358345026398274,39,47,46270890000000,2026-09-10T12:25:00.303406+00:00,interpolated,-525.0,810.0,-417.0
26.868101631,842358344837507113,842358345026398274,39,48,46270890000000,2026-09-10T12:25:00.303406+00:00,interpolated,-568.0,754.0,-426.0
26.886990747,842358344856396229,842358345026398274,39,49,46270890000000,2026-09-10T12:25:00.303406+00:00,interpolated,-639.0,689.0,-437.0
26.905879863,842358344875285345,842358345026398274,39,50,46270890000000,2026-09-10T12:25:00.303406+00:00,interpolated,-625.0,707.0,-388.0
26.924768979,842358344894174461,842358345026398274,39,51,46270890000000,2026-09-10T12:25:00.303406+00:00,interpolated,-640.0,723.0,-445.0
26.943658095,842358344913063577,842358345026398274,39,52,46270890000000,2026-09-10T12:25:00.303406+00:00,interpolated,-647.0,723.0,-514.0
26.962547211,842358344931952693,842358345026398274,39,53,46270890000000,2026-09-10T12:25:00.303406+00:00,interpolated,-577.0,726.0,-470.0
26.981436328,842358344950841810,842358345026398274,39,54,46270890000000,2026-09-10T12:25:00.303406+00:00,interpolated,-651.0,744.0,-429.0
27.000325444,842358344969730926,842358345026398274,39,55,46270890000000,2026-09-10T12:25:00.303406+00:00,interpolated,-674.0,661.0,-446.0
27.01921456,842358344988620042,842358345026398274,39,56,46270890000000,2026-09-10T12:25:00.303406+00:00,interpolated,-657.0,627.0,-440.0
27.038103676,842358345007509158,842358345026398274,39,57,46270890000000,2026-09-10T12:25:00.303406+00:00,interpolated,-822.0,699.0,-477.0
27.056992792,842358345026398274,842358345026398274,39,58,46270890000000,2026-09-10T12:25:00.303406+00:00,interpolated,-758.0,744.0,-484.0
27.075882105,842358345045287587,842358346197535680,42,0,46271968000000,2026-09-10T12:25:01.383018+00:00,interpolated,-621.0,616.0,-421.0
27.094771418,842358345064176900,842358346197535680,42,1,46271968000000,2026-09-10T12:25:01.383018+00:00,interpolated,-693.0,557.0,-424.0
27.113660731,842358345083066213,842358346197535680,42,2,46271968000000,2026-09-10T12:25:01.383018+00:00,interpolated,-765.0,606.0,-521.0
27.132550044,842358345101955526,842358346197535680,42,3,46271968000000,2026-09-10T12:25:01.383018+00:00,interpolated,-629.0,654.0,-460.0
27.151439357,842358345120844839,842358346197535680,42,4,46271968000000,2026-09-10T12:25:01.383018+00:00,interpolated,-624.0,688.0,-421.0
27.17032867,842358345139734152,842358346197535680,42,5,46271968000000,2026-09-10T12:25:01.383018+00:00,interpolated,-730.0,666.0,-547.0
27.189217983,842358345158623465,842358346197535680,42,6,46271968000000,2026-09-10T12:25:01.383018+00:00,interpolated,-760.0,626.0,-622.0
27.208107296,842358345177512778,842358346197535680,42,7,46271968000000,2026-09-10T12:25:01.383018+00:00,interpolated,-691.0,601.0,-495.0
27.226996609,842358345196402091,842358346197535680,42,8,46271968000000,2026-09-10T12:25:01.383018+00:00,interpolated,-668.0,589.0,-424.0
27.245885922,842358345215291404,842358346197535680,42,9,46271968000000,2026-09-10T12:25:01.383018+00:00,interpolated,-709.0,543.0,-486.0
27.264775235,842358345234180717,842358346197535680,42,10,46271968000000,2026-09-10T12:25:01.383018+00:00,interpolated,-670.0,527.0,-503.0
27.283664548,842358345253070030,842358346197535680,42,11,46271968000000,2026-09-10T12:25:01.383018+00:00,interpolated,-659.0,581.0,-460.0
27.302553861,842358345271959343,842358346197535680,42,12,46271968000000,2026-09-10T12:25:01.383018+00:00,interpolated,-658.0,661.0,-534.0
27.321443174,842358345290848656,842358346197535680,42,13,46271968000000,2026-09-10T12:25:01.383018+00:00,interpolated,-655.0,693.0,-628.0
27.340332487,842358345309737969,842358346197535680,42,14,46271968000000,2026-09-10T12:25:01.383018+00:00,interpolated,-679.0,684.0,-639.0
27.3592218,842358345328627282,842358346197535680,42,15,46271968000000,2026-09-10T12:25:01.383018+00:00,interpolated,-542.0,705.0,-529.0
27.378111113,842358345347516595,842358346197535680,42,16,46271968000000,2026-09-10T12:25:01.383018+00:00,interpolated,-514.0,775.0,-465.0
27.397000426,842358345366405908,842358346197535680,42,17,46271968000000,2026-09-10T12:25:01.383018+00:00,interpolated,-575.0,720.0,-501.0
27.415889739,842358345385295221,842358346197535680,42,18,46271968000000,2026-09-10T12:25:01.383018+00:00,interpolated,-513.0,650.0,-586.0
27.434779052,842358345404184534,842358346197535680,42,19,46271968000000,2026-09-10T12:25:01.383018+00:00,interpolated,-457.0,645.0,-568.0
27.453668365,842358345423073847,842358346197535680,42,20,46271968000000,2026-09-10T12:25:01.383018+00:00,interpolated,-429.0,668.0,-545.0
27.472557678,842358345441963160,842358346197535680,42,21,46271968000000,2026-09-10T12:25:01.383018+00:00,interpolated,-523.0,690.0,-587.0
27.491446991,842358345460852473,842358346197535680,42,22,46271968000000,2026-09-10T12:25:01.383018+00:00,interpolated,-533.0,659.0,-660.0
27.510336304,842358345479741786,842358346197535680,42,23,46271968000000,2026-09-10T12:25:01.383018+00:00,interpolated,-465.0,639.0,-620.0
27.529225617,842358345498631099,842358346197535680,42,24,46271968000000,2026-09-10T12:25:01.383018+00:00,interpolated,-407.0,730.0,-609.0
27.54811493,842358345517520412,842358346197535680,42,25,46271968000000,2026-09-10T12:25:01.383018+00:00,interpolated,-351.0,777.0,-638.0
27.567004243,842358345536409725,842358346197535680,42,26,46271968000000,2026-09-10T12:25:01.383018+00:00,interpolated,-317.0,729.0,-643.0
27.585893556,842358345555299038,842358346197535680,42,27,46271968000000,2026-09-10T12:25:01.383018+00:00,interpolated,-320.0,680.0,-660.0
27.604782869,842358345574188351,842358346197535680,42,28,46271968000000,2026-09-10T12:25:01.383018+00:00,interpolated,-367.0,697.0,-630.0
27.623672182,842358345593077664,842358346197535680,42,29,46271968000000,2026-09-10T12:25:01.383018+00:00,interpolated,-358.0,738.0,-658.0
27.642561495,842358345611966977,842358346197535680,42,30,46271968000000,2026-09-10T12:25:01.383018+00:00,interpolated,-273.0,739.0,-732.0
27.661450808,842358345630856290,842358346197535680,42,31,46271968000000,2026-09-10T12:25:01.383018+00:00,interpolated,-209.0,705.0,-741.0
27.680340121,842358345649745603,842358346197535680,42,32,46271968000000,2026-09-10T12:25:01.383018+00:00,interpolated,-202.0,671.0,-711.0
27.699229434,842358345668634916,842358346197535680,42,33,46271968000000,2026-09-10T12:25:01.383018+00:00,interpolated,-276.0,710.0,-654.0
27.718118747,842358345687524229,842358346197535680,42,34,46271968000000,2026-09-10T12:25:01.383018+00:00,interpolated,-302.0,813.0,-659.0
27.73700806,842358345706413542,842358346197535680,42,35,46271968000000,2026-09-10T12:25:01.383018+00:00,interpolated,-288.0,818.0,-699.0
27.755897373,842358345725302855,842358346197535680,42,36,46271968000000,2026-09-10T12:25:01.383018+00:00,interpolated,-273.0,750.0,-701.0
27.774786686,842358345744192168,842358346197535680,42,37,46271968000000,2026-09-10T12:25:01.383018+00:00,interpolated,-267.0,755.0,-669.0
27.793675999,842358345763081481,842358346197535680,42,38,46271968000000,2026-09-10T12:25:01.383018+00:00,interpolated,-280.0,788.0,-642.0
27.812565312,842358345781970794,842358346197535680,42,39,46271968000000,2026-09-10T12:25:01.383018+00:00,interpolated,-286.0,776.0,-646.0
27.831454625,842358345800860107,842358346197535680,42,40,46271968000000,2026-09-10T12:25:01.383018+00:00,interpolated,-296.0,785.0,-681.0
27.850343938,842358345819749420,842358346197535680,42,41,46271968000000,2026-09-10T12:25:01.383018+00:00,interpolated,-257.0,772.0,-705.0
27.869233251,842358345838638733,842358346197535680,42,42,46271968000000,2026-09-10T12:25:01.383018+00:00,interpolated,-235.0,765.0,-661.0
27.888122564,842358345857528046,842358346197535680,42,43,46271968000000,2026-09-10T12:25:01.383018+00:00,interpolated,-185.0,736.0,-587.0
27.907011877,842358345876417359,842358346197535680,42,44,46271968000000,2026-09-10T12:25:01.383018+00:00,interpolated,-194.0,772.0,-645.0
27.92590119,842358345895306672,842358346197535680,42,45,46271968000000,2026-09-10T12:25:01.383018+00:00,interpolated,-205.0,769.0,-665.0
27.944790503,842358345914195985,842358346197535680,42,46,46271968000000,2026-09-10T12:25:01.383018+00:00,interpolated,-207.0,737.0,-666.0
27.963679816,842358345933085298,842358346197535680,42,47,46271968000000,2026-09-10T12:25:01.383018+00:00,interpolated,-138.0,721.0,-607.0
27.982569129,842358345951974611,842358346197535680,42,48,46271968000000,2026-09-10T12:25:01.383018+00:00,interpolated,-133.0,782.0,-613.0
28.001458442,842358345970863924,842358346197535680,42,49,46271968000000,2026-09-10T12:25:01.383018+00:00,interpolated,-74.0,811.0,-601.0
28.020347755,842358345989753237,842358346197535680,42,50,46271968000000,2026-09-10T12:25:01.383018+00:00,interpolated,-28.0,822.0,-623.0
28.039237068,842358346008642550,842358346197535680,42,51,46271968000000,2026-09-10T12:25:01.383018+00:00,interpolated,5.0,796.0,-639.0
28.058126381,842358346027531863,842358346197535680,42,52,46271968000000,2026-09-10T12:25:01.383018+00:00,interpolated,22.0,766.0,-642.0
28.077015694,842358346046421176,842358346197535680,42,53,46271968000000,2026-09-10T12:25:01.383018+00:00,interpolated,21.0,757.0,-638.0
28.095905007,842358346065310489,842358346197535680,42,54,46271968000000,2026-09-10T12:25:01.383018+00:00,interpolated,19.0,795.0,-614.0
28.11479432,842358346084199802,842358346197535680,42,55,46271968000000,2026-09-10T12:25:01.383018+00:00,interpolated,27.0,899.0,-598.0
28.133683633,842358346103089115,842358346197535680,42,56,46271968000000,2026-09-10T12:25:01.383018+00:00,interpolated,50.0,981.0,-591.0
28.152572946,842358346121978428,842358346197535680,42,57,46271968000000,2026-09-10T12:25:01.383018+00:00,interpolated,56.0,959.0,-629.0
28.171462259,842358346140867741,842358346197535680,42,58,46271968000000,2026-09-10T12:25:01.383018+00:00,interpolated,61.0,937.0,-629.0
28.190351572,842358346159757054,842358346197535680,42,59,46271968000000,2026-09-10T12:25:01.383018+00:00,interpolated,57.0,954.0,-639.0
28.209240885,842358346178646367,842358346197535680,42,60,46271968000000,2026-09-10T12:25:01.383018+00:00,interpolated,89.0,1003.0,-645.0
28.228130198,842358346197535680,842358346197535680,42,61,46271968000000,2026-09-10T12:25:01.383018+00:00,interpolated,142.0,1023.0,-639.0
28.247019596,842358346216425078,842358347425346536,45,0,46273171000000,2026-09-10T12:25:02.582875+00:00,interpolated,216.0,1029.0,-625.0
28.265908994,842358346235314476,842358347425346536,45,1,46273171000000,2026-09-10T12:25:02.582875+00:00,interpolated,199.0,993.0,-635.0
28.284798391,842358346254203873,842358347425346536,45,2,46273171000000,2026-09-10T12:25:02.582875+00:00,interpolated,176.0,967.0,-599.0
28.303687789,842358346273093271,842358347425346536,45,3,46273171000000,2026-09-10T12:25:02.582875+00:00,interpolated,158.0,961.0,-537.0
28.322577187,842358346291982669,842358347425346536,45,4,46273171000000,2026-09-10T12:25:02.582875+00:00,interpolated,155.0,984.0,-491.0
28.341466585,842358346310872067,842358347425346536,45,5,46273171000000,2026-09-10T12:25:02.582875+00:00,interpolated,159.0,991.0,-460.0
28.360355982,842358346329761464,842358347425346536,45,6,46273171000000,2026-09-10T12:25:02.582875+00:00,interpolated,151.0,974.0,-458.0
28.37924538,842358346348650862,842358347425346536,45,7,46273171000000,2026-09-10T12:25:02.582875+00:00,interpolated,173.0,965.0,-479.0
28.398134778,842358346367540260,842358347425346536,45,8,46273171000000,2026-09-10T12:25:02.582875+00:00,interpolated,251.0,929.0,-505.0
28.417024176,842358346386429658,842358347425346536,45,9,46273171000000,2026-09-10T12:25:02.582875+00:00,interpolated,290.0,934.0,-496.0
28.435913574,842358346405319056,842358347425346536,45,10,46273171000000,2026-09-10T12:25:02.582875+00:00,interpolated,338.0,930.0,-482.0
28.454802971,842358346424208453,842358347425346536,45,11,46273171000000,2026-09-10T12:25:02.582875+00:00,interpolated,393.0,888.0,-462.0
28.473692369,842358346443097851,842358347425346536,45,12,46273171000000,2026-09-10T12:25:02.582875+00:00,interpolated,360.0,846.0,-491.0
28.492581767,842358346461987249,842358347425346536,45,13,46273171000000,2026-09-10T12:25:02.582875+00:00,interpolated,334.0,877.0,-515.0
28.511471165,842358346480876647,842358347425346536,45,14,46273171000000,2026-09-10T12:25:02.582875+00:00,interpolated,310.0,852.0,-537.0
28.530360563,842358346499766045,842358347425346536,45,15,46273171000000,2026-09-10T12:25:02.582875+00:00,interpolated,289.0,817.0,-549.0
28.54924996,842358346518655442,842358347425346536,45,16,46273171000000,2026-09-10T12:25:02.582875+00:00,interpolated,250.0,794.0,-546.0
28.568139358,842358346537544840,842358347425346536,45,17,46273171000000,2026-09-10T12:25:02.582875+00:00,interpolated,219.0,776.0,-535.0
28.587028756,842358346556434238,842358347425346536,45,18,46273171000000,2026-09-10T12:25:02.582875+00:00,interpolated,179.0,789.0,-523.0
28.605918154,842358346575323636,842358347425346536,45,19,46273171000000,2026-09-10T12:25:02.582875+00:00,interpolated,158.0,798.0,-508.0
28.624807551,842358346594213033,842358347425346536,45,20,46273171000000,2026-09-10T12:25:02.582875+00:00,interpolated,195.0,788.0,-519.0
28.643696949,842358346613102431,842358347425346536,45,21,46273171000000,2026-09-10T12:25:02.582875+00:00,interpolated,247.0,786.0,-527.0
28.662586347,842358346631991829,842358347425346536,45,22,46273171000000,2026-09-10T12:25:02.582875+00:00,interpolated,297.0,768.0,-552.0
28.681475745,842358346650881227,842358347425346536,45,23,46273171000000,2026-09-10T12:25:02.582875+00:00,interpolated,281.0,740.0,-589.0
28.700365143,842358346669770625,842358347425346536,45,24,46273171000000,2026-09-10T12:25:02.582875+00:00,interpolated,291.0,766.0,-578.0
28.71925454,842358346688660022,842358347425346536,45,25,46273171000000,2026-09-10T12:25:02.582875+00:00,interpolated,302.0,786.0,-562.0
28.738143938,842358346707549420,842358347425346536,45,26,46273171000000,2026-09-10T12:25:02.582875+00:00,interpolated,294.0,808.0,-566.0
28.757033336,842358346726438818,842358347425346536,45,27,46273171000000,2026-09-10T12:25:02.582875+00:00,interpolated,255.0,806.0,-564.0
28.775922734,842358346745328216,842358347425346536,45,28,46273171000000,2026-09-10T12:25:02.582875+00:00,interpolated,221.0,813.0,-556.0
28.794812132,842358346764217614,842358347425346536,45,29,46273171000000,2026-09-10T12:25:02.582875+00:00,interpolated,216.0,842.0,-560.0
28.813701529,842358346783107011,842358347425346536,45,30,46273171000000,2026-09-10T12:25:02.582875+00:00,interpolated,213.0,843.0,-577.0
28.832590927,842358346801996409,842358347425346536,45,31,46273171000000,2026-09-10T12:25:02.582875+00:00,interpolated,192.0,852.0,-645.0
28.851480325,842358346820885807,842358347425346536,45,32,46273171000000,2026-09-10T12:25:02.582875+00:00,interpolated,229.0,873.0,-585.0
28.870369723,842358346839775205,842358347425346536,45,33,46273171000000,2026-09-10T12:25:02.582875+00:00,interpolated,371.0,895.0,-602.0
28.88925912,842358346858664602,842358347425346536,45,34,46273171000000,2026-09-10T12:25:02.582875+00:00,interpolated,446.0,857.0,-577.0
28.908148518,842358346877554000,842358347425346536,45,35,46273171000000,2026-09-10T12:25:02.582875+00:00,interpolated,475.0,834.0,-536.0
28.927037916,842358346896443398,842358347425346536,45,36,46273171000000,2026-09-10T12:25:02.582875+00:00,interpolated,508.0,834.0,-519.0
28.945927314,842358346915332796,842358347425346536,45,37,46273171000000,2026-09-10T12:25:02.582875+00:00,interpolated,545.0,837.0,-537.0
28.964816712,842358346934222194,842358347425346536,45,38,46273171000000,2026-09-10T12:25:02.582875+00:00,interpolated,502.0,828.0,-544.0
28.983706109,842358346953111591,842358347425346536,45,39,46273171000000,2026-09-10T12:25:02.582875+00:00,interpolated,419.0,797.0,-513.0
29.002595507,842358346972000989,842358347425346536,45,40,46273171000000,2026-09-10T12:25:02.582875+00:00,interpolated,352.0,777.0,-470.0
29.021484905,842358346990890387,842358347425346536,45,41,46273171000000,2026-09-10T12:25:02.582875+00:00,interpolated,347.0,775.0,-456.0
29.040374303,842358347009779785,842358347425346536,45,42,46273171000000,2026-09-10T12:25:02.582875+00:00,interpolated,375.0,790.0,-467.0
29.059263701,842358347028669183,842358347425346536,45,43,46273171000000,2026-09-10T12:25:02.582875+00:00,interpolated,389.0,821.0,-506.0
29.078153098,842358347047558580,842358347425346536,45,44,46273171000000,2026-09-10T12:25:02.582875+00:00,interpolated,363.0,848.0,-531.0
29.097042496,842358347066447978,842358347425346536,45,45,46273171000000,2026-09-10T12:25:02.582875+00:00,interpolated,337.0,837.0,-557.0
29.115931894,842358347085337376,842358347425346536,45,46,46273171000000,2026-09-10T12:25:02.582875+00:00,interpolated,348.0,835.0,-568.0
29.134821292,842358347104226774,842358347425346536,45,47,46273171000000,2026-09-10T12:25:02.582875+00:00,interpolated,365.0,829.0,-546.0
29.153710689,842358347123116171,842358347425346536,45,48,46273171000000,2026-09-10T12:25:02.582875+00:00,interpolated,361.0,809.0,-524.0
29.172600087,842358347142005569,842358347425346536,45,49,46273171000000,2026-09-10T12:25:02.582875+00:00,interpolated,359.0,786.0,-519.0
29.191489485,842358347160894967,842358347425346536,45,50,46273171000000,2026-09-10T12:25:02.582875+00:00,interpolated,358.0,776.0,-529.0
29.210378883,842358347179784365,842358347425346536,45,51,46273171000000,2026-09-10T12:25:02.582875+00:00,interpolated,363.0,791.0,-534.0
29.229268281,842358347198673763,842358347425346536,45,52,46273171000000,2026-09-10T12:25:02.582875+00:00,interpolated,333.0,808.0,-526.0
29.248157678,842358347217563160,842358347425346536,45,53,46273171000000,2026-09-10T12:25:02.582875+00:00,interpolated,306.0,808.0,-518.0
29.267047076,842358347236452558,842358347425346536,45,54,46273171000000,2026-09-10T12:25:02.582875+00:00,interpolated,298.0,801.0,-547.0
29.285936474,842358347255341956,842358347425346536,45,55,46273171000000,2026-09-10T12:25:02.582875+00:00,interpolated,321.0,795.0,-579.0
29.304825872,842358347274231354,842358347425346536,45,56,46273171000000,2026-09-10T12:25:02.582875+00:00,interpolated,334.0,789.0,-560.0
29.32371527,842358347293120752,842358347425346536,45,57,46273171000000,2026-09-10T12:25:02.582875+00:00,interpolated,330.0,796.0,-574.0
29.342604667,842358347312010149,842358347425346536,45,58,46273171000000,2026-09-10T12:25:02.582875+00:00,interpolated,319.0,803.0,-565.0
29.361494065,842358347330899547,842358347425346536,45,59,46273171000000,2026-09-10T12:25:02.582875+00:00,interpolated,299.0,797.0,-567.0
29.380383463,842358347349788945,842358347425346536,45,60,46273171000000,2026-09-10T12:25:02.582875+00:00,interpolated,295.0,811.0,-556.0
29.399272861,842358347368678343,842358347425346536,45,61,46273171000000,2026-09-10T12:25:02.582875+00:00,interpolated,266.0,837.0,-527.0
29.418162258,842358347387567740,842358347425346536,45,62,46273171000000,2026-09-10T12:25:02.582875+00:00,interpolated,273.0,824.0,-540.0
29.437051656,842358347406457138,842358347425346536,45,63,46273171000000,2026-09-10T12:25:02.582875+00:00,interpolated,280.0,812.0,-547.0
29.455941054,842358347425346536,842358347425346536,45,64,46273171000000,2026-09-10T12:25:02.582875+00:00,interpolated,286.0,813.0,-559.0
29.474830495,842358347444235977,842358349200953968,49,0,46275000000000,2026-09-10T12:25:04.413178+00:00,interpolated,274.0,815.0,-556.0
29.493719936,842358347463125418,842358349200953968,49,1,46275000000000,2026-09-10T12:25:04.413178+00:00,interpolated,282.0,815.0,-562.0
29.512609376,842358347482014858,842358349200953968,49,2,46275000000000,2026-09-10T12:25:04.413178+00:00,interpolated,286.0,811.0,-550.0
29.531498817,842358347500904299,842358349200953968,49,3,46275000000000,2026-09-10T12:25:04.413178+00:00,interpolated,293.0,814.0,-545.0
29.550388258,842358347519793740,842358349200953968,49,4,46275000000000,2026-09-10T12:25:04.413178+00:00,interpolated,286.0,825.0,-527.0
29.569277699,842358347538683181,842358349200953968,49,5,46275000000000,2026-09-10T12:25:04.413178+00:00,interpolated,285.0,836.0,-518.0
29.588167139,842358347557572621,842358349200953968,49,6,46275000000000,2026-09-10T12:25:04.413178+00:00,interpolated,286.0,832.0,-523.0
29.60705658,842358347576462062,842358349200953968,49,7,46275000000000,2026-09-10T12:25:04.413178+00:00,interpolated,299.0,821.0,-534.0
29.625946021,842358347595351503,842358349200953968,49,8,46275000000000,2026-09-10T12:25:04.413178+00:00,interpolated,307.0,821.0,-529.0
29.644835462,842358347614240944,842358349200953968,49,9,46275000000000,2026-09-10T12:25:04.413178+00:00,interpolated,304.0,837.0,-510.0
29.663724902,842358347633130384,842358349200953968,49,10,46275000000000,2026-09-10T12:25:04.413178+00:00,interpolated,286.0,850.0,-495.0
29.682614343,842358347652019825,842358349200953968,49,11,46275000000000,2026-09-10T12:25:04.413178+00:00,interpolated,278.0,847.0,-495.0
29.701503784,842358347670909266,842358349200953968,49,12,46275000000000,2026-09-10T12:25:04.413178+00:00,interpolated,288.0,831.0,-500.0
29.720393225,842358347689798707,842358349200953968,49,13,46275000000000,2026-09-10T12:25:04.413178+00:00,interpolated,292.0,829.0,-510.0
29.739282665,842358347708688147,842358349200953968,49,14,46275000000000,2026-09-10T12:25:04.413178+00:00,interpolated,293.0,843.0,-497.0
29.758172106,842358347727577588,842358349200953968,49,15,46275000000000,2026-09-10T12:25:04.413178+00:00,interpolated,284.0,842.0,-508.0
29.777061547,842358347746467029,842358349200953968,49,16,46275000000000,2026-09-10T12:25:04.413178+00:00,interpolated,276.0,841.0,-519.0
29.795950988,842358347765356470,842358349200953968,49,17,46275000000000,2026-09-10T12:25:04.413178+00:00,interpolated,270.0,835.0,-520.0
29.814840429,842358347784245911,842358349200953968,49,18,46275000000000,2026-09-10T12:25:04.413178+00:00,interpolated,255.0,840.0,-508.0
29.833729869,842358347803135351,842358349200953968,49,19,46275000000000,2026-09-10T12:25:04.413178+00:00,interpolated,252.0,843.0,-514.0
29.85261931,842358347822024792,842358349200953968,49,20,46275000000000,2026-09-10T12:25:04.413178+00:00,interpolated,264.0,846.0,-513.0
29.871508751,842358347840914233,842358349200953968,49,21,46275000000000,2026-09-10T12:25:04.413178+00:00,interpolated,279.0,846.0,-520.0
29.890398192,842358347859803674,842358349200953968,49,22,46275000000000,2026-09-10T12:25:04.413178+00:00,interpolated,279.0,834.0,-511.0
29.909287632,842358347878693114,842358349200953968,49,23,46275000000000,2026-09-10T12:25:04.413178+00:00,interpolated,291.0,827.0,-519.0
29.928177073,842358347897582555,842358349200953968,49,24,46275000000000,2026-09-10T12:25:04.413178+00:00,interpolated,319.0,828.0,-529.0
29.947066514,842358347916471996,842358349200953968,49,25,46275000000000,2026-09-10T12:25:04.413178+00:00,interpolated,301.0,830.0,-516.0
29.965955955,842358347935361437,842358349200953968,49,26,46275000000000,2026-09-10T12:25:04.413178+00:00,interpolated,283.0,831.0,-514.0
29.984845395,842358347954250877,842358349200953968,49,27,46275000000000,2026-09-10T12:25:04.413178+00:00,interpolated,266.0,826.0,-542.0
30.003734836,842358347973140318,842358349200953968,49,28,46275000000000,2026-09-10T12:25:04.413178+00:00,interpolated,258.0,826.0,-546.0
30.022624277,842358347992029759,842358349200953968,49,29,46275000000000,2026-09-10T12:25:04.413178+00:00,interpolated,265.0,827.0,-555.0
30.041513718,842358348010919200,842358349200953968,49,30,46275000000000,2026-09-10T12:25:04.413178+00:00,interpolated,267.0,831.0,-545.0
30.060403159,842358348029808641,842358349200953968,49,31,46275000000000,2026-09-10T12:25:04.413178+00:00,interpolated,269.0,819.0,-559.0
30.079292599,842358348048698081,842358349200953968,49,32,46275000000000,2026-09-10T12:25:04.413178+00:00,interpolated,281.0,813.0,-557.0
30.09818204,842358348067587522,842358349200953968,49,33,46275000000000,2026-09-10T12:25:04.413178+00:00,interpolated,276.0,807.0,-563.0
30.117071481,842358348086476963,842358349200953968,49,34,46275000000000,2026-09-10T12:25:04.413178+00:00,interpolated,275.0,806.0,-574.0
30.135960922,842358348105366404,842358349200953968,49,35,46275000000000,2026-09-10T12:25:04.413178+00:00,interpolated,277.0,804.0,-580.0
30.154850362,842358348124255844,842358349200953968,49,36,46275000000000,2026-09-10T12:25:04.413178+00:00,interpolated,281.0,791.0,-581.0
30.173739803,842358348143145285,842358349200953968,49,37,46275000000000,2026-09-10T12:25:04.413178+00:00,interpolated,279.0,799.0,-570.0
30.192629244,842358348162034726,842358349200953968,49,38,46275000000000,2026-09-10T12:25:04.413178+00:00,interpolated,278.0,811.0,-568.0
30.211518685,842358348180924167,842358349200953968,49,39,46275000000000,2026-09-10T12:25:04.413178+00:00,interpolated,273.0,809.0,-571.0
30.230408125,842358348199813607,842358349200953968,49,40,46275000000000,2026-09-10T12:25:04.413178+00:00,interpolated,291.0,800.0,-577.0
30.249297566,842358348218703048,842358349200953968,49,41,46275000000000,2026-09-10T12:25:04.413178+00:00,interpolated,307.0,789.0,-601.0
30.268187007,842358348237592489,842358349200953968,49,42,46275000000000,2026-09-10T12:25:04.413178+00:00,interpolated,297.0,790.0,-579.0
30.287076448,842358348256481930,842358349200953968,49,43,46275000000000,2026-09-10T12:25:04.413178+00:00,interpolated,284.0,790.0,-583.0
30.305965888,842358348275371370,842358349200953968,49,44,46275000000000,2026-09-10T12:25:04.413178+00:00,interpolated,273.0,798.0,-583.0
30.324855329,842358348294260811,842358349200953968,49,45,46275000000000,2026-09-10T12:25:04.413178+00:00,interpolated,272.0,808.0,-575.0
30.34374477,842358348313150252,842358349200953968,49,46,46275000000000,2026-09-10T12:25:04.413178+00:00,interpolated,272.0,806.0,-576.0
30.362634211,842358348332039693,842358349200953968,49,47,46275000000000,2026-09-10T12:25:04.413178+00:00,interpolated,278.0,803.0,-577.0
30.381523652,842358348350929134,842358349200953968,49,48,46275000000000,2026-09-10T12:25:04.413178+00:00,interpolated,278.0,799.0,-577.0
30.400413092,842358348369818574,842358349200953968,49,49,46275000000000,2026-09-10T12:25:04.413178+00:00,interpolated,279.0,790.0,-577.0
30.419302533,842358348388708015,842358349200953968,49,50,46275000000000,2026-09-10T12:25:04.413178+00:00,interpolated,271.0,799.0,-572.0
30.438191974,842358348407597456,842358349200953968,49,51,46275000000000,2026-09-10T12:25:04.413178+00:00,interpolated,264.0,814.0,-579.0
30.457081415,842358348426486897,842358349200953968,49,52,46275000000000,2026-09-10T12:25:04.413178+00:00,interpolated,262.0,819.0,-559.0
30.475970855,842358348445376337,842358349200953968,49,53,46275000000000,2026-09-10T12:25:04.413178+00:00,interpolated,251.0,818.0,-567.0
30.494860296,842358348464265778,842358349200953968,49,54,46275000000000,2026-09-10T12:25:04.413178+00:00,interpolated,251.0,813.0,-574.0
30.513749737,842358348483155219,842358349200953968,49,55,46275000000000,2026-09-10T12:25:04.413178+00:00,interpolated,252.0,816.0,-572.0
30.532639178,842358348502044660,842358349200953968,49,56,46275000000000,2026-09-10T12:25:04.413178+00:00,interpolated,253.0,810.0,-578.0
30.551528618,842358348520934100,842358349200953968,49,57,46275000000000,2026-09-10T12:25:04.413178+00:00,interpolated,253.0,803.0,-578.0
30.570418059,842358348539823541,842358349200953968,49,58,46275000000000,2026-09-10T12:25:04.413178+00:00,interpolated,253.0,806.0,-582.0
30.5893075,842358348558712982,842358349200953968,49,59,46275000000000,2026-09-10T12:25:04.413178+00:00,interpolated,259.0,802.0,-580.0
30.608196941,842358348577602423,842358349200953968,49,60,46275000000000,2026-09-10T12:25:04.413178+00:00,interpolated,255.0,807.0,-592.0
30.627086381,842358348596491863,842358349200953968,49,61,46275000000000,2026-09-10T12:25:04.413178+00:00,interpolated,254.0,807.0,-580.0
30.645975822,842358348615381304,842358349200953968,49,62,46275000000000,2026-09-10T12:25:04.413178+00:00,interpolated,247.0,811.0,-578.0
30.664865263,842358348634270745,842358349200953968,49,63,46275000000000,2026-09-10T12:25:04.413178+00:00,interpolated,245.0,803.0,-582.0
30.683754704,842358348653160186,842358349200953968,49,64,46275000000000,2026-09-10T12:25:04.413178+00:00,interpolated,246.0,810.0,-586.0
30.702644145,842358348672049627,842358349200953968,49,65,46275000000000,2026-09-10T12:25:04.413178+00:00,interpolated,243.0,808.0,-590.0
30.721533585,842358348690939067,842358349200953968,49,66,46275000000000,2026-09-10T12:25:04.413178+00:00,interpolated,242.0,804.0,-589.0
30.740423026,842358348709828508,842358349200953968,49,67,46275000000000,2026-09-10T12:25:04.413178+00:00,interpolated,237.0,807.0,-578.0
30.759312467,842358348728717949,842358349200953968,49,68,46275000000000,2026-09-10T12:25:04.413178+00:00,interpolated,236.0,809.0,-589.0
30.778201908,842358348747607390,842358349200953968,49,69,46275000000000,2026-09-10T12:25:04.413178+00:00,interpolated,242.0,808.0,-591.0
30.797091348,842358348766496830,842358349200953968,49,70,46275000000000,2026-09-10T12:25:04.413178+00:00,interpolated,239.0,807.0,-594.0
30.815980789,842358348785386271,842358349200953968,49,71,46275000000000,2026-09-10T12:25:04.413178+00:00,interpolated,243.0,797.0,-605.0
30.83487023,842358348804275712,842358349200953968,49,72,46275000000000,2026-09-10T12:25:04.413178+00:00,interpolated,253.0,797.0,-593.0
30.853759671,842358348823165153,842358349200953968,49,73,46275000000000,2026-09-10T12:25:04.413178+00:00,interpolated,241.0,799.0,-590.0
30.872649111,842358348842054593,842358349200953968,49,74,46275000000000,2026-09-10T12:25:04.413178+00:00,interpolated,234.0,800.0,-604.0
30.891538552,842358348860944034,842358349200953968,49,75,46275000000000,2026-09-10T12:25:04.413178+00:00,interpolated,236.0,800.0,-598.0
30.910427993,842358348879833475,842358349200953968,49,76,46275000000000,2026-09-10T12:25:04.413178+00:00,interpolated,247.0,798.0,-599.0
30.929317434,842358348898722916,842358349200953968,49,77,46275000000000,2026-09-10T12:25:04.413178+00:00,interpolated,249.0,794.0,-602.0
30.948206875,842358348917612357,842358349200953968,49,78,46275000000000,2026-09-10T12:25:04.413178+00:00,interpolated,248.0,784.0,-610.0
30.967096315,842358348936501797,842358349200953968,49,79,46275000000000,2026-09-10T12:25:04.413178+00:00,interpolated,253.0,783.0,-611.0
30.985985756,842358348955391238,842358349200953968,49,80,46275000000000,2026-09-10T12:25:04.413178+00:00,interpolated,249.0,790.0,-606.0
31.004875197,842358348974280679,842358349200953968,49,81,46275000000000,2026-09-10T12:25:04.413178+00:00,interpolated,233.0,800.0,-595.0
31.023764638,842358348993170120,842358349200953968,49,82,46275000000000,2026-09-10T12:25:04.413178+00:00,interpolated,234.0,799.0,-601.0
31.042654078,842358349012059560,842358349200953968,49,83,46275000000000,2026-09-10T12:25:04.413178+00:00,interpolated,237.0,795.0,-600.0
31.061543519,842358349030949001,842358349200953968,49,84,46275000000000,2026-09-10T12:25:04.413178+00:00,interpolated,249.0,791.0,-604.0
31.08043296,842358349049838442,842358349200953968,49,85,46275000000000,2026-09-10T12:25:04.413178+00:00,interpolated,255.0,797.0,-605.0
31.099322401,842358349068727883,842358349200953968,49,86,46275000000000,2026-09-10T12:25:04.413178+00:00,interpolated,250.0,796.0,-604.0
31.118211841,842358349087617323,842358349200953968,49,87,46275000000000,2026-09-10T12:25:04.413178+00:00,interpolated,246.0,789.0,-605.0
31.137101282,842358349106506764,842358349200953968,49,88,46275000000000,2026-09-10T12:25:04.413178+00:00,interpolated,255.0,791.0,-598.0
31.155990723,842358349125396205,842358349200953968,49,89,46275000000000,2026-09-10T12:25:04.413178+00:00,interpolated,245.0,797.0,-596.0
31.174880164,842358349144285646,842358349200953968,49,90,46275000000000,2026-09-10T12:25:04.413178+00:00,interpolated,248.0,799.0,-595.0
31.193769604,842358349163175086,842358349200953968,49,91,46275000000000,2026-09-10T12:25:04.413178+00:00,interpolated,245.0,806.0,-593.0
31.212659045,842358349182064527,842358349200953968,49,92,46275000000000,2026-09-10T12:25:04.413178+00:00,interpolated,245.0,796.0,-602.0
31.231548486,842358349200953968,842358349200953968,49,93,46275000000000,2026-09-10T12:25:04.413178+00:00,interpolated,260.0,787.0,-597.0
31.250437602,842358349219843084,842358350636526792,53,0,46276562000000,2026-09-10T12:25:05.972842+00:00,interpolated,262.0,791.0,-588.0
31.269326718,842358349238732200,842358350636526792,53,1,46276562000000,2026-09-10T12:25:05.972842+00:00,interpolated,247.0,811.0,-581.0
31.288215834,842358349257621316,842358350636526792,53,2,46276562000000,2026-09-10T12:25:05.972842+00:00,interpolated,242.0,815.0,-579.0
31.30710495,842358349276510432,842358350636526792,53,3,46276562000000,2026-09-10T12:25:05.972842+00:00,interpolated,255.0,801.0,-590.0
31.325994067,842358349295399549,842358350636526792,53,4,46276562000000,2026-09-10T12:25:05.972842+00:00,interpolated,272.0,783.0,-587.0
31.344883183,842358349314288665,842358350636526792,53,5,46276562000000,2026-09-10T12:25:05.972842+00:00,interpolated,283.0,786.0,-582.0
31.363772299,842358349333177781,842358350636526792,53,6,46276562000000,2026-09-10T12:25:05.972842+00:00,interpolated,289.0,795.0,-573.0
31.382661415,842358349352066897,842358350636526792,53,7,46276562000000,2026-09-10T12:25:05.972842+00:00,interpolated,270.0,810.0,-575.0
31.401550531,842358349370956013,842358350636526792,53,8,46276562000000,2026-09-10T12:25:05.972842+00:00,interpolated,275.0,801.0,-581.0
31.420439647,842358349389845129,842358350636526792,53,9,46276562000000,2026-09-10T12:25:05.972842+00:00,interpolated,290.0,784.0,-582.0
31.439328763,842358349408734245,842358350636526792,53,10,46276562000000,2026-09-10T12:25:05.972842+00:00,interpolated,299.0,785.0,-577.0
31.458217879,842358349427623361,842358350636526792,53,11,46276562000000,2026-09-10T12:25:05.972842+00:00,interpolated,295.0,803.0,-559.0
31.477106995,842358349446512477,842358350636526792,53,12,46276562000000,2026-09-10T12:25:05.972842+00:00,interpolated,296.0,808.0,-558.0
31.495996111,842358349465401593,842358350636526792,53,13,46276562000000,2026-09-10T12:25:05.972842+00:00,interpolated,300.0,800.0,-567.0
31.514885228,842358349484290710,842358350636526792,53,14,46276562000000,2026-09-10T12:25:05.972842+00:00,interpolated,300.0,800.0,-569.0
31.533774344,842358349503179826,842358350636526792,53,15,46276562000000,2026-09-10T12:25:05.972842+00:00,interpolated,300.0,788.0,-565.0
31.55266346,842358349522068942,842358350636526792,53,16,46276562000000,2026-09-10T12:25:05.972842+00:00,interpolated,307.0,793.0,-560.0
31.571552576,842358349540958058,842358350636526792,53,17,46276562000000,2026-09-10T12:25:05.972842+00:00,interpolated,319.0,795.0,-551.0
31.590441692,842358349559847174,842358350636526792,53,18,46276562000000,2026-09-10T12:25:05.972842+00:00,interpolated,341.0,784.0,-556.0
31.609330808,842358349578736290,842358350636526792,53,19,46276562000000,2026-09-10T12:25:05.972842+00:00,interpolated,368.0,775.0,-560.0
31.628219924,842358349597625406,842358350636526792,53,20,46276562000000,2026-09-10T12:25:05.972842+00:00,interpolated,379.0,769.0,-552.0
31.64710904,842358349616514522,842358350636526792,53,21,46276562000000,2026-09-10T12:25:05.972842+00:00,interpolated,371.0,777.0,-545.0
31.665998156,842358349635403638,842358350636526792,53,22,46276562000000,2026-09-10T12:25:05.972842+00:00,interpolated,362.0,788.0,-540.0
31.684887273,842358349654292755,842358350636526792,53,23,46276562000000,2026-09-10T12:25:05.972842+00:00,interpolated,349.0,787.0,-531.0
31.703776389,842358349673181871,842358350636526792,53,24,46276562000000,2026-09-10T12:25:05.972842+00:00,interpolated,358.0,791.0,-522.0
31.722665505,842358349692070987,842358350636526792,53,25,46276562000000,2026-09-10T12:25:05.972842+00:00,interpolated,370.0,796.0,-510.0
31.741554621,842358349710960103,842358350636526792,53,26,46276562000000,2026-09-10T12:25:05.972842+00:00,interpolated,383.0,786.0,-511.0
31.760443737,842358349729849219,842358350636526792,53,27,46276562000000,2026-09-10T12:25:05.972842+00:00,interpolated,375.0,788.0,-513.0
31.779332853,842358349748738335,842358350636526792,53,28,46276562000000,2026-09-10T12:25:05.972842+00:00,interpolated,366.0,806.0,-501.0
31.798221969,842358349767627451,842358350636526792,53,29,46276562000000,2026-09-10T12:25:05.972842+00:00,interpolated,370.0,807.0,-494.0
31.817111085,842358349786516567,842358350636526792,53,30,46276562000000,2026-09-10T12:25:05.972842+00:00,interpolated,409.0,801.0,-502.0
31.836000201,842358349805405683,842358350636526792,53,31,46276562000000,2026-09-10T12:25:05.972842+00:00,interpolated,433.0,800.0,-479.0
31.854889317,842358349824294799,842358350636526792,53,32,46276562000000,2026-09-10T12:25:05.972842+00:00,interpolated,410.0,795.0,-468.0
31.873778434,842358349843183916,842358350636526792,53,33,46276562000000,2026-09-10T12:25:05.972842+00:00,interpolated,401.0,785.0,-471.0
31.89266755,842358349862073032,842358350636526792,53,34,46276562000000,2026-09-10T12:25:05.972842+00:00,interpolated,412.0,795.0,-481.0
31.911556666,842358349880962148,842358350636526792,53,35,46276562000000,2026-09-10T12:25:05.972842+00:00,interpolated,446.0,785.0,-466.0
31.930445782,842358349899851264,842358350636526792,53,36,46276562000000,2026-09-10T12:25:05.972842+00:00,interpolated,456.0,785.0,-469.0
31.949334898,842358349918740380,842358350636526792,53,37,46276562000000,2026-09-10T12:25:05.972842+00:00,interpolated,460.0,783.0,-451.0
31.968224014,842358349937629496,842358350636526792,53,38,46276562000000,2026-09-10T12:25:05.972842+00:00,interpolated,449.0,781.0,-461.0
31.98711313,842358349956518612,842358350636526792,53,39,46276562000000,2026-09-10T12:25:05.972842+00:00,interpolated,464.0,779.0,-464.0
32.006002246,842358349975407728,842358350636526792,53,40,46276562000000,2026-09-10T12:25:05.972842+00:00,interpolated,498.0,771.0,-457.0
32.024891362,842358349994296844,842358350636526792,53,41,46276562000000,2026-09-10T12:25:05.972842+00:00,interpolated,486.0,780.0,-447.0
32.043780479,842358350013185961,842358350636526792,53,42,46276562000000,2026-09-10T12:25:05.972842+00:00,interpolated,465.0,780.0,-456.0
32.062669595,842358350032075077,842358350636526792,53,43,46276562000000,2026-09-10T12:25:05.972842+00:00,interpolated,491.0,786.0,-454.0
32.081558711,842358350050964193,842358350636526792,53,44,46276562000000,2026-09-10T12:25:05.972842+00:00,interpolated,510.0,785.0,-470.0
32.100447827,842358350069853309,842358350636526792,53,45,46276562000000,2026-09-10T12:25:05.972842+00:00,interpolated,483.0,786.0,-470.0
32.119336943,842358350088742425,842358350636526792,53,46,46276562000000,2026-09-10T12:25:05.972842+00:00,interpolated,474.0,789.0,-448.0
32.138226059,842358350107631541,842358350636526792,53,47,46276562000000,2026-09-10T12:25:05.972842+00:00,interpolated,496.0,787.0,-491.0
32.157115175,842358350126520657,842358350636526792,53,48,46276562000000,2026-09-10T12:25:05.972842+00:00,interpolated,495.0,779.0,-426.0
32.176004291,842358350145409773,842358350636526792,53,49,46276562000000,2026-09-10T12:25:05.972842+00:00,interpolated,442.0,768.0,-364.0
32.194893407,842358350164298889,842358350636526792,53,50,46276562000000,2026-09-10T12:25:05.972842+00:00,interpolated,452.0,760.0,-385.0
32.213782523,842358350183188005,842358350636526792,53,51,46276562000000,2026-09-10T12:25:05.972842+00:00,interpolated,459.0,776.0,-393.0
32.23267164,842358350202077122,842358350636526792,53,52,46276562000000,2026-09-10T12:25:05.972842+00:00,interpolated,483.0,786.0,-407.0
32.251560756,842358350220966238,842358350636526792,53,53,46276562000000,2026-09-10T12:25:05.972842+00:00,interpolated,490.0,778.0,-439.0
32.270449872,842358350239855354,842358350636526792,53,54,46276562000000,2026-09-10T12:25:05.972842+00:00,interpolated,502.0,774.0,-444.0
32.289338988,842358350258744470,842358350636526792,53,55,46276562000000,2026-09-10T12:25:05.972842+00:00,interpolated,504.0,771.0,-432.0
32.308228104,842358350277633586,842358350636526792,53,56,46276562000000,2026-09-10T12:25:05.972842+00:00,interpolated,507.0,764.0,-434.0
32.32711722,842358350296522702,842358350636526792,53,57,46276562000000,2026-09-10T12:25:05.972842+00:00,interpolated,459.0,774.0,-429.0
32.346006336,842358350315411818,842358350636526792,53,58,46276562000000,2026-09-10T12:25:05.972842+00:00,interpolated,454.0,782.0,-437.0
32.364895452,842358350334300934,842358350636526792,53,59,46276562000000,2026-09-10T12:25:05.972842+00:00,interpolated,457.0,791.0,-431.0
32.383784568,842358350353190050,842358350636526792,53,60,46276562000000,2026-09-10T12:25:05.972842+00:00,interpolated,464.0,795.0,-435.0
32.402673685,842358350372079167,842358350636526792,53,61,46276562000000,2026-09-10T12:25:05.972842+00:00,interpolated,463.0,790.0,-433.0
32.421562801,842358350390968283,842358350636526792,53,62,46276562000000,2026-09-10T12:25:05.972842+00:00,interpolated,463.0,786.0,-445.0
32.440451917,842358350409857399,842358350636526792,53,63,46276562000000,2026-09-10T12:25:05.972842+00:00,interpolated,458.0,787.0,-438.0
32.459341033,842358350428746515,842358350636526792,53,64,46276562000000,2026-09-10T12:25:05.972842+00:00,interpolated,460.0,783.0,-447.0
32.478230149,842358350447635631,842358350636526792,53,65,46276562000000,2026-09-10T12:25:05.972842+00:00,interpolated,452.0,764.0,-460.0
32.497119265,842358350466524747,842358350636526792,53,66,46276562000000,2026-09-10T12:25:05.972842+00:00,interpolated,469.0,776.0,-487.0
32.516008381,842358350485413863,842358350636526792,53,67,46276562000000,2026-09-10T12:25:05.972842+00:00,interpolated,462.0,774.0,-462.0
32.534897497,842358350504302979,842358350636526792,53,68,46276562000000,2026-09-10T12:25:05.972842+00:00,interpolated,441.0,786.0,-464.0
32.553786613,842358350523192095,842358350636526792,53,69,46276562000000,2026-09-10T12:25:05.972842+00:00,interpolated,457.0,772.0,-481.0
32.572675729,842358350542081211,842358350636526792,53,70,46276562000000,2026-09-10T12:25:05.972842+00:00,interpolated,465.0,776.0,-473.0
32.591564846,842358350560970328,842358350636526792,53,71,46276562000000,2026-09-10T12:25:05.972842+00:00,interpolated,441.0,794.0,-462.0
32.610453962,842358350579859444,842358350636526792,53,72,46276562000000,2026-09-10T12:25:05.972842+00:00,interpolated,431.0,791.0,-479.0
32.629343078,842358350598748560,842358350636526792,53,73,46276562000000,2026-09-10T12:25:05.972842+00:00,interpolated,438.0,782.0,-478.0
32.648232194,842358350617637676,842358350636526792,53,74,46276562000000,2026-09-10T12:25:05.972842+00:00,interpolated,442.0,787.0,-462.0
32.66712131,842358350636526792,842358350636526792,53,75,46276562000000,2026-09-10T12:25:05.972842+00:00,interpolated,436.0,793.0,-468.0
32.686010856,842358350655416338,842358351977684552,56,0,46277703000000,2026-09-10T12:25:07.113632+00:00,interpolated,437.0,804.0,-473.0
32.704900402,842358350674305884,842358351977684552,56,1,46277703000000,2026-09-10T12:25:07.113632+00:00,interpolated,432.0,802.0,-469.0
32.723789948,842358350693195430,842358351977684552,56,2,46277703000000,2026-09-10T12:25:07.113632+00:00,interpolated,436.0,799.0,-471.0
32.742679494,842358350712084976,842358351977684552,56,3,46277703000000,2026-09-10T12:25:07.113632+00:00,interpolated,413.0,813.0,-467.0
32.76156904,842358350730974522,842358351977684552,56,4,46277703000000,2026-09-10T12:25:07.113632+00:00,interpolated,388.0,814.0,-486.0
32.780458585,842358350749864067,842358351977684552,56,5,46277703000000,2026-09-10T12:25:07.113632+00:00,interpolated,391.0,794.0,-501.0
32.799348131,842358350768753613,842358351977684552,56,6,46277703000000,2026-09-10T12:25:07.113632+00:00,interpolated,410.0,786.0,-506.0
32.818237677,842358350787643159,842358351977684552,56,7,46277703000000,2026-09-10T12:25:07.113632+00:00,interpolated,411.0,803.0,-498.0
32.837127223,842358350806532705,842358351977684552,56,8,46277703000000,2026-09-10T12:25:07.113632+00:00,interpolated,384.0,804.0,-489.0
32.856016769,842358350825422251,842358351977684552,56,9,46277703000000,2026-09-10T12:25:07.113632+00:00,interpolated,379.0,772.0,-520.0
32.874906315,842358350844311797,842358351977684552,56,10,46277703000000,2026-09-10T12:25:07.113632+00:00,interpolated,419.0,748.0,-555.0
32.893795861,842358350863201343,842358351977684552,56,11,46277703000000,2026-09-10T12:25:07.113632+00:00,interpolated,433.0,740.0,-532.0
32.912685407,842358350882090889,842358351977684552,56,12,46277703000000,2026-09-10T12:25:07.113632+00:00,interpolated,413.0,759.0,-502.0
32.931574953,842358350900980435,842358351977684552,56,13,46277703000000,2026-09-10T12:25:07.113632+00:00,interpolated,385.0,770.0,-509.0
32.950464499,842358350919869981,842358351977684552,56,14,46277703000000,2026-09-10T12:25:07.113632+00:00,interpolated,384.0,779.0,-520.0
32.969354045,842358350938759527,842358351977684552,56,15,46277703000000,2026-09-10T12:25:07.113632+00:00,interpolated,420.0,772.0,-531.0
32.988243591,842358350957649073,842358351977684552,56,16,46277703000000,2026-09-10T12:25:07.113632+00:00,interpolated,419.0,757.0,-522.0
33.007133136,842358350976538618,842358351977684552,56,17,46277703000000,2026-09-10T12:25:07.113632+00:00,interpolated,398.0,786.0,-507.0
33.026022682,842358350995428164,842358351977684552,56,18,46277703000000,2026-09-10T12:25:07.113632+00:00,interpolated,401.0,788.0,-555.0
33.044912228,842358351014317710,842358351977684552,56,19,46277703000000,2026-09-10T12:25:07.113632+00:00,interpolated,406.0,760.0,-554.0
33.063801774,842358351033207256,842358351977684552,56,20,46277703000000,2026-09-10T12:25:07.113632+00:00,interpolated,371.0,794.0,-504.0
33.08269132,842358351052096802,842358351977684552,56,21,46277703000000,2026-09-10T12:25:07.113632+00:00,interpolated,368.0,816.0,-509.0
33.101580866,842358351070986348,842358351977684552,56,22,46277703000000,2026-09-10T12:25:07.113632+00:00,interpolated,380.0,844.0,-558.0
33.120470412,842358351089875894,842358351977684552,56,23,46277703000000,2026-09-10T12:25:07.113632+00:00,interpolated,392.0,816.0,-508.0
33.139359958,842358351108765440,842358351977684552,56,24,46277703000000,2026-09-10T12:25:07.113632+00:00,interpolated,385.0,819.0,-496.0
33.158249504,842358351127654986,842358351977684552,56,25,46277703000000,2026-09-10T12:25:07.113632+00:00,interpolated,392.0,863.0,-536.0
33.17713905,842358351146544532,842358351977684552,56,26,46277703000000,2026-09-10T12:25:07.113632+00:00,interpolated,306.0,872.0,-502.0
33.196028596,842358351165434078,842358351977684552,56,27,46277703000000,2026-09-10T12:25:07.113632+00:00,interpolated,304.0,870.0,-494.0
33.214918142,842358351184323624,842358351977684552,56,28,46277703000000,2026-09-10T12:25:07.113632+00:00,interpolated,297.0,858.0,-515.0
33.233807687,842358351203213169,842358351977684552,56,29,46277703000000,2026-09-10T12:25:07.113632+00:00,interpolated,252.0,831.0,-533.0
33.252697233,842358351222102715,842358351977684552,56,30,46277703000000,2026-09-10T12:25:07.113632+00:00,interpolated,247.0,810.0,-522.0
33.271586779,842358351240992261,842358351977684552,56,31,46277703000000,2026-09-10T12:25:07.113632+00:00,interpolated,260.0,821.0,-512.0
33.290476325,842358351259881807,842358351977684552,56,32,46277703000000,2026-09-10T12:25:07.113632+00:00,interpolated,279.0,834.0,-520.0
33.309365871,842358351278771353,842358351977684552,56,33,46277703000000,2026-09-10T12:25:07.113632+00:00,interpolated,310.0,822.0,-535.0
33.328255417,842358351297660899,842358351977684552,56,34,46277703000000,2026-09-10T12:25:07.113632+00:00,interpolated,358.0,830.0,-534.0
33.347144963,842358351316550445,842358351977684552,56,35,46277703000000,2026-09-10T12:25:07.113632+00:00,interpolated,387.0,856.0,-541.0
33.366034509,842358351335439991,842358351977684552,56,36,46277703000000,2026-09-10T12:25:07.113632+00:00,interpolated,408.0,846.0,-549.0
33.384924055,842358351354329537,842358351977684552,56,37,46277703000000,2026-09-10T12:25:07.113632+00:00,interpolated,396.0,829.0,-537.0
33.403813601,842358351373219083,842358351977684552,56,38,46277703000000,2026-09-10T12:25:07.113632+00:00,interpolated,358.0,817.0,-525.0
33.422703147,842358351392108629,842358351977684552,56,39,46277703000000,2026-09-10T12:25:07.113632+00:00,interpolated,314.0,799.0,-505.0
33.441592693,842358351410998175,842358351977684552,56,40,46277703000000,2026-09-10T12:25:07.113632+00:00,interpolated,304.0,778.0,-479.0
33.460482238,842358351429887720,842358351977684552,56,41,46277703000000,2026-09-10T12:25:07.113632+00:00,interpolated,320.0,793.0,-488.0
33.479371784,842358351448777266,842358351977684552,56,42,46277703000000,2026-09-10T12:25:07.113632+00:00,interpolated,349.0,800.0,-493.0
33.49826133,842358351467666812,842358351977684552,56,43,46277703000000,2026-09-10T12:25:07.113632+00:00,interpolated,351.0,791.0,-479.0
33.517150876,842358351486556358,842358351977684552,56,44,46277703000000,2026-09-10T12:25:07.113632+00:00,interpolated,378.0,774.0,-487.0
33.536040422,842358351505445904,842358351977684552,56,45,46277703000000,2026-09-10T12:25:07.113632+00:00,interpolated,393.0,763.0,-478.0
33.554929968,842358351524335450,842358351977684552,56,46,46277703000000,2026-09-10T12:25:07.113632+00:00,interpolated,406.0,768.0,-486.0
33.573819514,842358351543224996,842358351977684552,56,47,46277703000000,2026-09-10T12:25:07.113632+00:00,interpolated,405.0,798.0,-489.0
33.59270906,842358351562114542,842358351977684552,56,48,46277703000000,2026-09-10T12:25:07.113632+00:00,interpolated,402.0,800.0,-502.0
33.611598606,842358351581004088,842358351977684552,56,49,46277703000000,2026-09-10T12:25:07.113632+00:00,interpolated,411.0,783.0,-503.0
33.630488152,842358351599893634,842358351977684552,56,50,46277703000000,2026-09-10T12:25:07.113632+00:00,interpolated,432.0,776.0,-513.0
33.649377698,842358351618783180,842358351977684552,56,51,46277703000000,2026-09-10T12:25:07.113632+00:00,interpolated,433.0,803.0,-507.0
33.668267244,842358351637672726,842358351977684552,56,52,46277703000000,2026-09-10T12:25:07.113632+00:00,interpolated,431.0,784.0,-529.0
33.687156789,842358351656562271,842358351977684552,56,53,46277703000000,2026-09-10T12:25:07.113632+00:00,interpolated,453.0,785.0,-533.0
33.706046335,842358351675451817,842358351977684552,56,54,46277703000000,2026-09-10T12:25:07.113632+00:00,interpolated,477.0,772.0,-520.0
33.724935881,842358351694341363,842358351977684552,56,55,46277703000000,2026-09-10T12:25:07.113632+00:00,interpolated,485.0,746.0,-497.0
33.743825427,842358351713230909,842358351977684552,56,56,46277703000000,2026-09-10T12:25:07.113632+00:00,interpolated,485.0,725.0,-477.0
33.762714973,842358351732120455,842358351977684552,56,57,46277703000000,2026-09-10T12:25:07.113632+00:00,interpolated,477.0,709.0,-501.0
33.781604519,842358351751010001,842358351977684552,56,58,46277703000000,2026-09-10T12:25:07.113632+00:00,interpolated,481.0,708.0,-503.0
33.800494065,842358351769899547,842358351977684552,56,59,46277703000000,2026-09-10T12:25:07.113632+00:00,interpolated,487.0,714.0,-514.0
33.819383611,842358351788789093,842358351977684552,56,60,46277703000000,2026-09-10T12:25:07.113632+00:00,interpolated,469.0,734.0,-506.0
33.838273157,842358351807678639,842358351977684552,56,61,46277703000000,2026-09-10T12:25:07.113632+00:00,interpolated,458.0,758.0,-504.0
33.857162703,842358351826568185,842358351977684552,56,62,46277703000000,2026-09-10T12:25:07.113632+00:00,interpolated,477.0,743.0,-516.0
33.876052249,842358351845457731,842358351977684552,56,63,46277703000000,2026-09-10T12:25:07.113632+00:00,interpolated,492.0,721.0,-499.0
33.894941795,842358351864347277,842358351977684552,56,64,46277703000000,2026-09-10T12:25:07.113632+00:00,interpolated,487.0,714.0,-498.0
33.91383134,842358351883236822,842358351977684552,56,65,46277703000000,2026-09-10T12:25:07.113632+00:00,interpolated,480.0,738.0,-508.0
33.932720886,842358351902126368,842358351977684552,56,66,46277703000000,2026-09-10T12:25:07.113632+00:00,interpolated,437.0,748.0,-486.0
33.951610432,842358351921015914,842358351977684552,56,67,46277703000000,2026-09-10T12:25:07.113632+00:00,interpolated,410.0,764.0,-483.0
33.970499978,842358351939905460,842358351977684552,56,68,46277703000000,2026-09-10T12:25:07.113632+00:00,interpolated,415.0,749.0,-500.0
33.989389524,842358351958795006,842358351977684552,56,69,46277703000000,2026-09-10T12:25:07.113632+00:00,interpolated,462.0,736.0,-514.0
34.00827907,842358351977684552,842358351977684552,56,70,46277703000000,2026-09-10T12:25:07.113632+00:00,interpolated,481.0,723.0,-476.0
34.027168294,842358351996573776,842358353318819426,61,0,46279171000000,2026-09-10T12:25:08.583227+00:00,interpolated,465.0,716.0,-487.0
34.046057517,842358352015462999,842358353318819426,61,1,46279171000000,2026-09-10T12:25:08.583227+00:00,interpolated,449.0,721.0,-513.0
34.064946741,842358352034352223,842358353318819426,61,2,46279171000000,2026-09-10T12:25:08.583227+00:00,interpolated,450.0,729.0,-526.0
34.083835964,842358352053241446,842358353318819426,61,3,46279171000000,2026-09-10T12:25:08.583227+00:00,interpolated,428.0,748.0,-502.0
34.102725188,842358352072130670,842358353318819426,61,4,46279171000000,2026-09-10T12:25:08.583227+00:00,interpolated,401.0,750.0,-506.0
34.121614411,842358352091019893,842358353318819426,61,5,46279171000000,2026-09-10T12:25:08.583227+00:00,interpolated,431.0,759.0,-531.0
34.140503635,842358352109909117,842358353318819426,61,6,46279171000000,2026-09-10T12:25:08.583227+00:00,interpolated,462.0,760.0,-537.0
34.159392859,842358352128798341,842358353318819426,61,7,46279171000000,2026-09-10T12:25:08.583227+00:00,interpolated,470.0,726.0,-516.0
34.178282082,842358352147687564,842358353318819426,61,8,46279171000000,2026-09-10T12:25:08.583227+00:00,interpolated,461.0,719.0,-536.0
34.197171306,842358352166576788,842358353318819426,61,9,46279171000000,2026-09-10T12:25:08.583227+00:00,interpolated,478.0,731.0,-529.0
34.216060529,842358352185466011,842358353318819426,61,10,46279171000000,2026-09-10T12:25:08.583227+00:00,interpolated,464.0,734.0,-542.0
34.234949753,842358352204355235,842358353318819426,61,11,46279171000000,2026-09-10T12:25:08.583227+00:00,interpolated,440.0,722.0,-539.0
34.253838977,842358352223244459,842358353318819426,61,12,46279171000000,2026-09-10T12:25:08.583227+00:00,interpolated,398.0,710.0,-537.0
34.2727282,842358352242133682,842358353318819426,61,13,46279171000000,2026-09-10T12:25:08.583227+00:00,interpolated,400.0,700.0,-583.0
34.291617424,842358352261022906,842358353318819426,61,14,46279171000000,2026-09-10T12:25:08.583227+00:00,interpolated,440.0,705.0,-555.0
34.310506647,842358352279912129,842358353318819426,61,15,46279171000000,2026-09-10T12:25:08.583227+00:00,interpolated,456.0,725.0,-554.0
34.329395871,842358352298801353,842358353318819426,61,16,46279171000000,2026-09-10T12:25:08.583227+00:00,interpolated,472.0,737.0,-555.0
34.348285094,842358352317690576,842358353318819426,61,17,46279171000000,2026-09-10T12:25:08.583227+00:00,interpolated,481.0,725.0,-564.0
34.367174318,842358352336579800,842358353318819426,61,18,46279171000000,2026-09-10T12:25:08.583227+00:00,interpolated,474.0,719.0,-565.0
34.386063542,842358352355469024,842358353318819426,61,19,46279171000000,2026-09-10T12:25:08.583227+00:00,interpolated,456.0,733.0,-553.0
34.404952765,842358352374358247,842358353318819426,61,20,46279171000000,2026-09-10T12:25:08.583227+00:00,interpolated,437.0,745.0,-566.0
34.423841989,842358352393247471,842358353318819426,61,21,46279171000000,2026-09-10T12:25:08.583227+00:00,interpolated,436.0,747.0,-560.0
34.442731212,842358352412136694,842358353318819426,61,22,46279171000000,2026-09-10T12:25:08.583227+00:00,interpolated,416.0,734.0,-558.0
34.461620436,842358352431025918,842358353318819426,61,23,46279171000000,2026-09-10T12:25:08.583227+00:00,interpolated,443.0,719.0,-595.0
34.480509659,842358352449915141,842358353318819426,61,24,46279171000000,2026-09-10T12:25:08.583227+00:00,interpolated,446.0,724.0,-577.0
34.499398883,842358352468804365,842358353318819426,61,25,46279171000000,2026-09-10T12:25:08.583227+00:00,interpolated,438.0,732.0,-579.0
34.518288107,842358352487693589,842358353318819426,61,26,46279171000000,2026-09-10T12:25:08.583227+00:00,interpolated,443.0,744.0,-595.0
34.53717733,842358352506582812,842358353318819426,61,27,46279171000000,2026-09-10T12:25:08.583227+00:00,interpolated,440.0,733.0,-607.0
34.556066554,842358352525472036,842358353318819426,61,28,46279171000000,2026-09-10T12:25:08.583227+00:00,interpolated,427.0,730.0,-595.0
34.574955777,842358352544361259,842358353318819426,61,29,46279171000000,2026-09-10T12:25:08.583227+00:00,interpolated,420.0,735.0,-628.0
34.593845001,842358352563250483,842358353318819426,61,30,46279171000000,2026-09-10T12:25:08.583227+00:00,interpolated,417.0,729.0,-592.0
34.612734224,842358352582139706,842358353318819426,61,31,46279171000000,2026-09-10T12:25:08.583227+00:00,interpolated,387.0,714.0,-605.0
34.631623448,842358352601028930,842358353318819426,61,32,46279171000000,2026-09-10T12:25:08.583227+00:00,interpolated,368.0,711.0,-611.0
34.650512672,842358352619918154,842358353318819426,61,33,46279171000000,2026-09-10T12:25:08.583227+00:00,interpolated,346.0,704.0,-627.0
34.669401895,842358352638807377,842358353318819426,61,34,46279171000000,2026-09-10T12:25:08.583227+00:00,interpolated,355.0,720.0,-615.0
34.688291119,842358352657696601,842358353318819426,61,35,46279171000000,2026-09-10T12:25:08.583227+00:00,interpolated,337.0,745.0,-607.0
34.707180342,842358352676585824,842358353318819426,61,36,46279171000000,2026-09-10T12:25:08.583227+00:00,interpolated,327.0,754.0,-623.0
34.726069566,842358352695475048,842358353318819426,61,37,46279171000000,2026-09-10T12:25:08.583227+00:00,interpolated,338.0,743.0,-644.0
34.74495879,842358352714364272,842358353318819426,61,38,46279171000000,2026-09-10T12:25:08.583227+00:00,interpolated,360.0,747.0,-652.0
34.763848013,842358352733253495,842358353318819426,61,39,46279171000000,2026-09-10T12:25:08.583227+00:00,interpolated,360.0,751.0,-668.0
34.782737237,842358352752142719,842358353318819426,61,40,46279171000000,2026-09-10T12:25:08.583227+00:00,interpolated,313.0,721.0,-663.0
34.80162646,842358352771031942,842358353318819426,61,41,46279171000000,2026-09-10T12:25:08.583227+00:00,interpolated,291.0,702.0,-686.0
34.820515684,842358352789921166,842358353318819426,61,42,46279171000000,2026-09-10T12:25:08.583227+00:00,interpolated,281.0,703.0,-689.0
34.839404907,842358352808810389,842358353318819426,61,43,46279171000000,2026-09-10T12:25:08.583227+00:00,interpolated,281.0,711.0,-700.0
34.858294131,842358352827699613,842358353318819426,61,44,46279171000000,2026-09-10T12:25:08.583227+00:00,interpolated,265.0,698.0,-717.0
34.877183355,842358352846588837,842358353318819426,61,45,46279171000000,2026-09-10T12:25:08.583227+00:00,interpolated,247.0,692.0,-720.0
34.896072578,842358352865478060,842358353318819426,61,46,46279171000000,2026-09-10T12:25:08.583227+00:00,interpolated,254.0,692.0,-743.0
34.914961802,842358352884367284,842358353318819426,61,47,46279171000000,2026-09-10T12:25:08.583227+00:00,interpolated,238.0,681.0,-790.0
34.933851025,842358352903256507,842358353318819426,61,48,46279171000000,2026-09-10T12:25:08.583227+00:00,interpolated,226.0,686.0,-757.0
34.952740249,842358352922145731,842358353318819426,61,49,46279171000000,2026-09-10T12:25:08.583227+00:00,interpolated,229.0,690.0,-778.0
34.971629472,842358352941034954,842358353318819426,61,50,46279171000000,2026-09-10T12:25:08.583227+00:00,interpolated,209.0,685.0,-803.0
34.990518696,842358352959924178,842358353318819426,61,51,46279171000000,2026-09-10T12:25:08.583227+00:00,interpolated,176.0,673.0,-835.0
35.00940792,842358352978813402,842358353318819426,61,52,46279171000000,2026-09-10T12:25:08.583227+00:00,interpolated,165.0,657.0,-831.0
35.028297143,842358352997702625,842358353318819426,61,53,46279171000000,2026-09-10T12:25:08.583227+00:00,interpolated,126.0,639.0,-830.0
35.047186367,842358353016591849,842358353318819426,61,54,46279171000000,2026-09-10T12:25:08.583227+00:00,interpolated,82.0,640.0,-854.0
35.06607559,842358353035481072,842358353318819426,61,55,46279171000000,2026-09-10T12:25:08.583227+00:00,interpolated,43.0,637.0,-870.0
35.084964814,842358353054370296,842358353318819426,61,56,46279171000000,2026-09-10T12:25:08.583227+00:00,interpolated,4.0,608.0,-859.0
35.103854037,842358353073259519,842358353318819426,61,57,46279171000000,2026-09-10T12:25:08.583227+00:00,interpolated,-31.0,572.0,-888.0
35.122743261,842358353092148743,842358353318819426,61,58,46279171000000,2026-09-10T12:25:08.583227+00:00,interpolated,-68.0,545.0,-913.0
35.141632485,842358353111037967,842358353318819426,61,59,46279171000000,2026-09-10T12:25:08.583227+00:00,interpolated,-100.0,529.0,-903.0
35.160521708,842358353129927190,842358353318819426,61,60,46279171000000,2026-09-10T12:25:08.583227+00:00,interpolated,-138.0,536.0,-872.0
35.179410932,842358353148816414,842358353318819426,61,61,46279171000000,2026-09-10T12:25:08.583227+00:00,interpolated,-156.0,543.0,-890.0
35.198300155,842358353167705637,842358353318819426,61,62,46279171000000,2026-09-10T12:25:08.583227+00:00,interpolated,-201.0,536.0,-857.0
35.217189379,842358353186594861,842358353318819426,61,63,46279171000000,2026-09-10T12:25:08.583227+00:00,interpolated,-203.0,528.0,-881.0
35.236078603,842358353205484085,842358353318819426,61,64,46279171000000,2026-09-10T12:25:08.583227+00:00,interpolated,-209.0,532.0,-865.0
35.254967826,842358353224373308,842358353318819426,61,65,46279171000000,2026-09-10T12:25:08.583227+00:00,interpolated,-208.0,563.0,-867.0
35.27385705,842358353243262532,842358353318819426,61,66,46279171000000,2026-09-10T12:25:08.583227+00:00,interpolated,-212.0,592.0,-881.0
35.292746273,842358353262151755,842358353318819426,61,67,46279171000000,2026-09-10T12:25:08.583227+00:00,interpolated,-218.0,618.0,-900.0
35.311635497,842358353281040979,842358353318819426,61,68,46279171000000,2026-09-10T12:25:08.583227+00:00,interpolated,-214.0,626.0,-861.0
35.33052472,842358353299930202,842358353318819426,61,69,46279171000000,2026-09-10T12:25:08.583227+00:00,interpolated,-227.0,655.0,-872.0
35.349413944,842358353318819426,842358353318819426,61,70,46279171000000,2026-09-10T12:25:08.583227+00:00,interpolated,-266.0,683.0,-866.0
35.368303365,842358353337708847,842358354735526022,64,0,46280734000000,2026-09-10T12:25:10.143267+00:00,interpolated,-239.0,694.0,-827.0
35.387192787,842358353356598269,842358354735526022,64,1,46280734000000,2026-09-10T12:25:10.143267+00:00,interpolated,-243.0,720.0,-802.0
35.406082208,842358353375487690,842358354735526022,64,2,46280734000000,2026-09-10T12:25:10.143267+00:00,interpolated,-234.0,732.0,-821.0
35.424971629,842358353394377111,842358354735526022,64,3,46280734000000,2026-09-10T12:25:10.143267+00:00,interpolated,-222.0,740.0,-777.0
35.44386105,842358353413266532,842358354735526022,64,4,46280734000000,2026-09-10T12:25:10.143267+00:00,interpolated,-220.0,749.0,-758.0
35.462750472,842358353432155954,842358354735526022,64,5,46280734000000,2026-09-10T12:25:10.143267+00:00,interpolated,-232.0,765.0,-750.0
35.481639893,842358353451045375,842358354735526022,64,6,46280734000000,2026-09-10T12:25:10.143267+00:00,interpolated,-234.0,762.0,-758.0
35.500529314,842358353469934796,842358354735526022,64,7,46280734000000,2026-09-10T12:25:10.143267+00:00,interpolated,-252.0,743.0,-722.0
35.519418736,842358353488824218,842358354735526022,64,8,46280734000000,2026-09-10T12:25:10.143267+00:00,interpolated,-276.0,770.0,-705.0
35.538308157,842358353507713639,842358354735526022,64,9,46280734000000,2026-09-10T12:25:10.143267+00:00,interpolated,-302.0,789.0,-681.0
35.557197578,842358353526603060,842358354735526022,64,10,46280734000000,2026-09-10T12:25:10.143267+00:00,interpolated,-342.0,808.0,-684.0
35.576086999,842358353545492481,842358354735526022,64,11,46280734000000,2026-09-10T12:25:10.143267+00:00,interpolated,-366.0,804.0,-660.0
35.594976421,842358353564381903,842358354735526022,64,12,46280734000000,2026-09-10T12:25:10.143267+00:00,interpolated,-344.0,825.0,-601.0
35.613865842,842358353583271324,842358354735526022,64,13,46280734000000,2026-09-10T12:25:10.143267+00:00,interpolated,-299.0,831.0,-571.0
35.632755263,842358353602160745,842358354735526022,64,14,46280734000000,2026-09-10T12:25:10.143267+00:00,interpolated,-254.0,854.0,-574.0
35.651644684,842358353621050166,842358354735526022,64,15,46280734000000,2026-09-10T12:25:10.143267+00:00,interpolated,-186.0,908.0,-561.0
35.670534106,842358353639939588,842358354735526022,64,16,46280734000000,2026-09-10T12:25:10.143267+00:00,interpolated,-99.0,902.0,-528.0
35.689423527,842358353658829009,842358354735526022,64,17,46280734000000,2026-09-10T12:25:10.143267+00:00,interpolated,-22.0,900.0,-502.0
35.708312948,842358353677718430,842358354735526022,64,18,46280734000000,2026-09-10T12:25:10.143267+00:00,interpolated,26.0,940.0,-493.0
35.72720237,842358353696607852,842358354735526022,64,19,46280734000000,2026-09-10T12:25:10.143267+00:00,interpolated,84.0,968.0,-500.0
35.746091791,842358353715497273,842358354735526022,64,20,46280734000000,2026-09-10T12:25:10.143267+00:00,interpolated,115.0,974.0,-485.0
35.764981212,842358353734386694,842358354735526022,64,21,46280734000000,2026-09-10T12:25:10.143267+00:00,interpolated,134.0,960.0,-422.0
35.783870633,842358353753276115,842358354735526022,64,22,46280734000000,2026-09-10T12:25:10.143267+00:00,interpolated,103.0,964.0,-351.0
35.802760055,842358353772165537,842358354735526022,64,23,46280734000000,2026-09-10T12:25:10.143267+00:00,interpolated,30.0,985.0,-304.0
35.821649476,842358353791054958,842358354735526022,64,24,46280734000000,2026-09-10T12:25:10.143267+00:00,interpolated,-74.0,960.0,-260.0
35.840538897,842358353809944379,842358354735526022,64,25,46280734000000,2026-09-10T12:25:10.143267+00:00,interpolated,-178.0,937.0,-218.0
35.859428319,842358353828833801,842358354735526022,64,26,46280734000000,2026-09-10T12:25:10.143267+00:00,interpolated,-244.0,931.0,-165.0
35.87831774,842358353847723222,842358354735526022,64,27,46280734000000,2026-09-10T12:25:10.143267+00:00,interpolated,-282.0,939.0,-120.0
35.897207161,842358353866612643,842358354735526022,64,28,46280734000000,2026-09-10T12:25:10.143267+00:00,interpolated,-292.0,955.0,-114.0
35.916096582,842358353885502064,842358354735526022,64,29,46280734000000,2026-09-10T12:25:10.143267+00:00,interpolated,-278.0,984.0,-114.0
35.934986004,842358353904391486,842358354735526022,64,30,46280734000000,2026-09-10T12:25:10.143267+00:00,interpolated,-215.0,966.0,-130.0
35.953875425,842358353923280907,842358354735526022,64,31,46280734000000,2026-09-10T12:25:10.143267+00:00,interpolated,-127.0,954.0,-134.0
35.972764846,842358353942170328,842358354735526022,64,32,46280734000000,2026-09-10T12:25:10.143267+00:00,interpolated,-69.0,984.0,-117.0
35.991654268,842358353961059750,842358354735526022,64,33,46280734000000,2026-09-10T12:25:10.143267+00:00,interpolated,-48.0,1005.0,-119.0
36.010543689,842358353979949171,842358354735526022,64,34,46280734000000,2026-09-10T12:25:10.143267+00:00,interpolated,-58.0,1010.0,-135.0
36.02943311,842358353998838592,842358354735526022,64,35,46280734000000,2026-09-10T12:25:10.143267+00:00,interpolated,-79.0,1014.0,-175.0
36.048322531,842358354017728013,842358354735526022,64,36,46280734000000,2026-09-10T12:25:10.143267+00:00,interpolated,-78.0,1018.0,-211.0
36.067211953,842358354036617435,842358354735526022,64,37,46280734000000,2026-09-10T12:25:10.143267+00:00,interpolated,-62.0,1022.0,-256.0
36.086101374,842358354055506856,842358354735526022,64,38,46280734000000,2026-09-10T12:25:10.143267+00:00,interpolated,-28.0,1031.0,-302.0
36.104990795,842358354074396277,842358354735526022,64,39,46280734000000,2026-09-10T12:25:10.143267+00:00,interpolated,29.0,1019.0,-355.0
36.123880216,842358354093285698,842358354735526022,64,40,46280734000000,2026-09-10T12:25:10.143267+00:00,interpolated,78.0,992.0,-401.0
36.142769638,842358354112175120,842358354735526022,64,41,46280734000000,2026-09-10T12:25:10.143267+00:00,interpolated,108.0,926.0,-428.0
36.161659059,842358354131064541,842358354735526022,64,42,46280734000000,2026-09-10T12:25:10.143267+00:00,interpolated,137.0,846.0,-443.0
36.18054848,842358354149953962,842358354735526022,64,43,46280734000000,2026-09-10T12:25:10.143267+00:00,interpolated,131.0,808.0,-449.0
36.199437902,842358354168843384,842358354735526022,64,44,46280734000000,2026-09-10T12:25:10.143267+00:00,interpolated,107.0,786.0,-452.0
36.218327323,842358354187732805,842358354735526022,64,45,46280734000000,2026-09-10T12:25:10.143267+00:00,interpolated,76.0,793.0,-455.0
36.237216744,842358354206622226,842358354735526022,64,46,46280734000000,2026-09-10T12:25:10.143267+00:00,interpolated,60.0,809.0,-457.0
36.256106165,842358354225511647,842358354735526022,64,47,46280734000000,2026-09-10T12:25:10.143267+00:00,interpolated,65.0,832.0,-458.0
36.274995587,842358354244401069,842358354735526022,64,48,46280734000000,2026-09-10T12:25:10.143267+00:00,interpolated,66.0,864.0,-455.0
36.293885008,842358354263290490,842358354735526022,64,49,46280734000000,2026-09-10T12:25:10.143267+00:00,interpolated,81.0,897.0,-445.0
36.312774429,842358354282179911,842358354735526022,64,50,46280734000000,2026-09-10T12:25:10.143267+00:00,interpolated,100.0,903.0,-430.0
36.331663851,842358354301069333,842358354735526022,64,51,46280734000000,2026-09-10T12:25:10.143267+00:00,interpolated,109.0,899.0,-408.0
36.350553272,842358354319958754,842358354735526022,64,52,46280734000000,2026-09-10T12:25:10.143267+00:00,interpolated,121.0,892.0,-378.0
36.369442693,842358354338848175,842358354735526022,64,53,46280734000000,2026-09-10T12:25:10.143267+00:00,interpolated,117.0,896.0,-357.0
36.388332114,842358354357737596,842358354735526022,64,54,46280734000000,2026-09-10T12:25:10.143267+00:00,interpolated,97.0,926.0,-338.0
36.407221536,842358354376627018,842358354735526022,64,55,46280734000000,2026-09-10T12:25:10.143267+00:00,interpolated,80.0,930.0,-315.0
36.426110957,842358354395516439,842358354735526022,64,56,46280734000000,2026-09-10T12:25:10.143267+00:00,interpolated,70.0,930.0,-309.0
36.445000378,842358354414405860,842358354735526022,64,57,46280734000000,2026-09-10T12:25:10.143267+00:00,interpolated,57.0,941.0,-291.0
36.4638898,842358354433295282,842358354735526022,64,58,46280734000000,2026-09-10T12:25:10.143267+00:00,interpolated,45.0,940.0,-289.0
36.482779221,842358354452184703,842358354735526022,64,59,46280734000000,2026-09-10T12:25:10.143267+00:00,interpolated,25.0,958.0,-280.0
36.501668642,842358354471074124,842358354735526022,64,60,46280734000000,2026-09-10T12:25:10.143267+00:00,interpolated,16.0,974.0,-272.0
36.520558063,842358354489963545,842358354735526022,64,61,46280734000000,2026-09-10T12:25:10.143267+00:00,interpolated,10.0,999.0,-269.0
36.539447485,842358354508852967,842358354735526022,64,62,46280734000000,2026-09-10T12:25:10.143267+00:00,interpolated,8.0,1008.0,-267.0
36.558336906,842358354527742388,842358354735526022,64,63,46280734000000,2026-09-10T12:25:10.143267+00:00,interpolated,-4.0,1001.0,-269.0
36.577226327,842358354546631809,842358354735526022,64,64,46280734000000,2026-09-10T12:25:10.143267+00:00,interpolated,-13.0,993.0,-262.0
36.596115748,842358354565521230,842358354735526022,64,65,46280734000000,2026-09-10T12:25:10.143267+00:00,interpolated,-25.0,983.0,-233.0
36.61500517,842358354584410652,842358354735526022,64,66,46280734000000,2026-09-10T12:25:10.143267+00:00,interpolated,-31.0,973.0,-215.0
36.633894591,842358354603300073,842358354735526022,64,67,46280734000000,2026-09-10T12:25:10.143267+00:00,interpolated,-40.0,983.0,-198.0
36.652784012,842358354622189494,842358354735526022,64,68,46280734000000,2026-09-10T12:25:10.143267+00:00,interpolated,-39.0,984.0,-195.0
36.671673434,842358354641078916,842358354735526022,64,69,46280734000000,2026-09-10T12:25:10.143267+00:00,interpolated,-44.0,987.0,-197.0
36.690562855,842358354659968337,842358354735526022,64,70,46280734000000,2026-09-10T12:25:10.143267+00:00,interpolated,-46.0,984.0,-194.0
36.709452276,842358354678857758,842358354735526022,64,71,46280734000000,2026-09-10T12:25:10.143267+00:00,interpolated,-52.0,975.0,-189.0
36.728341697,842358354697747179,842358354735526022,64,72,46280734000000,2026-09-10T12:25:10.143267+00:00,interpolated,-61.0,977.0,-171.0
36.747231119,842358354716636601,842358354735526022,64,73,46280734000000,2026-09-10T12:25:10.143267+00:00,interpolated,-59.0,991.0,-160.0
36.76612054,842358354735526022,842358354735526022,64,74,46280734000000,2026-09-10T12:25:10.143267+00:00,interpolated,-42.0,1014.0,-173.0
36.785010086,842358354754415568,842358356076683782,67,0,46281781000000,2026-09-10T12:25:11.193791+00:00,interpolated,-29.0,1040.0,-172.0
36.803899632,842358354773305114,842358356076683782,67,1,46281781000000,2026-09-10T12:25:11.193791+00:00,interpolated,-27.0,1037.0,-185.0
36.822789178,842358354792194660,842358356076683782,67,2,46281781000000,2026-09-10T12:25:11.193791+00:00,interpolated,-22.0,1042.0,-196.0
36.841678724,842358354811084206,842358356076683782,67,3,46281781000000,2026-09-10T12:25:11.193791+00:00,interpolated,-22.0,1028.0,-203.0
36.86056827,842358354829973752,842358356076683782,67,4,46281781000000,2026-09-10T12:25:11.193791+00:00,interpolated,-20.0,1014.0,-201.0
36.879457815,842358354848863297,842358356076683782,67,5,46281781000000,2026-09-10T12:25:11.193791+00:00,interpolated,-17.0,976.0,-190.0
36.898347361,842358354867752843,842358356076683782,67,6,46281781000000,2026-09-10T12:25:11.193791+00:00,interpolated,13.0,1019.0,-141.0
36.917236907,842358354886642389,842358356076683782,67,7,46281781000000,2026-09-10T12:25:11.193791+00:00,interpolated,28.0,1112.0,-61.0
36.936126453,842358354905531935,842358356076683782,67,8,46281781000000,2026-09-10T12:25:11.193791+00:00,interpolated,75.0,1174.0,-10.0
36.955015999,842358354924421481,842358356076683782,67,9,46281781000000,2026-09-10T12:25:11.193791+00:00,interpolated,129.0,1171.0,22.0
36.973905545,842358354943311027,842358356076683782,67,10,46281781000000,2026-09-10T12:25:11.193791+00:00,interpolated,161.0,1121.0,22.0
36.992795091,842358354962200573,842358356076683782,67,11,46281781000000,2026-09-10T12:25:11.193791+00:00,interpolated,162.0,1045.0,6.0
37.011684637,842358354981090119,842358356076683782,67,12,46281781000000,2026-09-10T12:25:11.193791+00:00,interpolated,116.0,944.0,-2.0
37.030574183,842358354999979665,842358356076683782,67,13,46281781000000,2026-09-10T12:25:11.193791+00:00,interpolated,79.0,934.0,33.0
37.049463729,842358355018869211,842358356076683782,67,14,46281781000000,2026-09-10T12:25:11.193791+00:00,interpolated,-8.0,962.0,95.0
37.068353275,842358355037758757,842358356076683782,67,15,46281781000000,2026-09-10T12:25:11.193791+00:00,interpolated,-124.0,1054.0,133.0
37.087242821,842358355056648303,842358356076683782,67,16,46281781000000,2026-09-10T12:25:11.193791+00:00,interpolated,-222.0,1178.0,126.0
37.106132366,842358355075537848,842358356076683782,67,17,46281781000000,2026-09-10T12:25:11.193791+00:00,interpolated,-321.0,1268.0,93.0
37.125021912,842358355094427394,842358356076683782,67,18,46281781000000,2026-09-10T12:25:11.193791+00:00,interpolated,-389.0,1382.0,57.0
37.143911458,842358355113316940,842358356076683782,67,19,46281781000000,2026-09-10T12:25:11.193791+00:00,interpolated,-412.0,1422.0,22.0
37.162801004,842358355132206486,842358356076683782,67,20,46281781000000,2026-09-10T12:25:11.193791+00:00,interpolated,-348.0,1384.0,-3.0
37.18169055,842358355151096032,842358356076683782,67,21,46281781000000,2026-09-10T12:25:11.193791+00:00,interpolated,-250.0,1326.0,-36.0
37.200580096,842358355169985578,842358356076683782,67,22,46281781000000,2026-09-10T12:25:11.193791+00:00,interpolated,-183.0,1245.0,-61.0
37.219469642,842358355188875124,842358356076683782,67,23,46281781000000,2026-09-10T12:25:11.193791+00:00,interpolated,-110.0,1203.0,-116.0
37.238359188,842358355207764670,842358356076683782,67,24,46281781000000,2026-09-10T12:25:11.193791+00:00,interpolated,-25.0,1146.0,-131.0
37.257248734,842358355226654216,842358356076683782,67,25,46281781000000,2026-09-10T12:25:11.193791+00:00,interpolated,-2.0,1103.0,-121.0
37.27613828,842358355245543762,842358356076683782,67,26,46281781000000,2026-09-10T12:25:11.193791+00:00,interpolated,-21.0,1055.0,-92.0
37.295027826,842358355264433308,842358356076683782,67,27,46281781000000,2026-09-10T12:25:11.193791+00:00,interpolated,-51.0,1012.0,-65.0
37.313917372,842358355283322854,842358356076683782,67,28,46281781000000,2026-09-10T12:25:11.193791+00:00,interpolated,-77.0,992.0,-44.0
37.332806917,842358355302212399,842358356076683782,67,29,46281781000000,2026-09-10T12:25:11.193791+00:00,interpolated,-96.0,973.0,-43.0
37.351696463,842358355321101945,842358356076683782,67,30,46281781000000,2026-09-10T12:25:11.193791+00:00,interpolated,-93.0,958.0,-41.0
37.370586009,842358355339991491,842358356076683782,67,31,46281781000000,2026-09-10T12:25:11.193791+00:00,interpolated,-96.0,949.0,-46.0
37.389475555,842358355358881037,842358356076683782,67,32,46281781000000,2026-09-10T12:25:11.193791+00:00,interpolated,-100.0,939.0,-60.0
37.408365101,842358355377770583,842358356076683782,67,33,46281781000000,2026-09-10T12:25:11.193791+00:00,interpolated,-106.0,914.0,-67.0
37.427254647,842358355396660129,842358356076683782,67,34,46281781000000,2026-09-10T12:25:11.193791+00:00,interpolated,-116.0,889.0,-75.0
37.446144193,842358355415549675,842358356076683782,67,35,46281781000000,2026-09-10T12:25:11.193791+00:00,interpolated,-120.0,883.0,-78.0
37.465033739,842358355434439221,842358356076683782,67,36,46281781000000,2026-09-10T12:25:11.193791+00:00,interpolated,-117.0,869.0,-89.0
37.483923285,842358355453328767,842358356076683782,67,37,46281781000000,2026-09-10T12:25:11.193791+00:00,interpolated,-136.0,863.0,-109.0
37.502812831,842358355472218313,842358356076683782,67,38,46281781000000,2026-09-10T12:25:11.193791+00:00,interpolated,-133.0,865.0,-128.0
37.521702377,842358355491107859,842358356076683782,67,39,46281781000000,2026-09-10T12:25:11.193791+00:00,interpolated,-144.0,886.0,-153.0
37.540591923,842358355509997405,842358356076683782,67,40,46281781000000,2026-09-10T12:25:11.193791+00:00,interpolated,-138.0,898.0,-181.0
37.559481468,842358355528886950,842358356076683782,67,41,46281781000000,2026-09-10T12:25:11.193791+00:00,interpolated,-128.0,924.0,-216.0
37.578371014,842358355547776496,842358356076683782,67,42,46281781000000,2026-09-10T12:25:11.193791+00:00,interpolated,-117.0,957.0,-248.0
37.59726056,842358355566666042,842358356076683782,67,43,46281781000000,2026-09-10T12:25:11.193791+00:00,interpolated,-92.0,1058.0,-257.0
37.616150106,842358355585555588,842358356076683782,67,44,46281781000000,2026-09-10T12:25:11.193791+00:00,interpolated,-66.0,1160.0,-268.0
37.635039652,842358355604445134,842358356076683782,67,45,46281781000000,2026-09-10T12:25:11.193791+00:00,interpolated,-27.0,1189.0,-311.0
37.653929198,842358355623334680,842358356076683782,67,46,46281781000000,2026-09-10T12:25:11.193791+00:00,interpolated,4.0,1172.0,-341.0
37.672818744,842358355642224226,842358356076683782,67,47,46281781000000,2026-09-10T12:25:11.193791+00:00,interpolated,16.0,1129.0,-329.0
37.69170829,842358355661113772,842358356076683782,67,48,46281781000000,2026-09-10T12:25:11.193791+00:00,interpolated,7.0,1061.0,-300.0
37.710597836,842358355680003318,842358356076683782,67,49,46281781000000,2026-09-10T12:25:11.193791+00:00,interpolated,-32.0,987.0,-245.0
37.729487382,842358355698892864,842358356076683782,67,50,46281781000000,2026-09-10T12:25:11.193791+00:00,interpolated,-68.0,918.0,-196.0
37.748376928,842358355717782410,842358356076683782,67,51,46281781000000,2026-09-10T12:25:11.193791+00:00,interpolated,-108.0,874.0,-165.0
37.767266474,842358355736671956,842358356076683782,67,52,46281781000000,2026-09-10T12:25:11.193791+00:00,interpolated,-148.0,832.0,-143.0
37.786156019,842358355755561501,842358356076683782,67,53,46281781000000,2026-09-10T12:25:11.193791+00:00,interpolated,-177.0,842.0,-133.0
37.805045565,842358355774451047,842358356076683782,67,54,46281781000000,2026-09-10T12:25:11.193791+00:00,interpolated,-179.0,908.0,-110.0
37.823935111,842358355793340593,842358356076683782,67,55,46281781000000,2026-09-10T12:25:11.193791+00:00,interpolated,-163.0,972.0,-118.0
37.842824657,842358355812230139,842358356076683782,67,56,46281781000000,2026-09-10T12:25:11.193791+00:00,interpolated,-134.0,1062.0,-139.0
37.861714203,842358355831119685,842358356076683782,67,57,46281781000000,2026-09-10T12:25:11.193791+00:00,interpolated,-92.0,1167.0,-159.0
37.880603749,842358355850009231,842358356076683782,67,58,46281781000000,2026-09-10T12:25:11.193791+00:00,interpolated,-49.0,1227.0,-182.0
37.899493295,842358355868898777,842358356076683782,67,59,46281781000000,2026-09-10T12:25:11.193791+00:00,interpolated,3.0,1245.0,-198.0
37.918382841,842358355887788323,842358356076683782,67,60,46281781000000,2026-09-10T12:25:11.193791+00:00,interpolated,54.0,1226.0,-190.0
37.937272387,842358355906677869,842358356076683782,67,61,46281781000000,2026-09-10T12:25:11.193791+00:00,interpolated,91.0,1181.0,-184.0
37.956161933,842358355925567415,842358356076683782,67,62,46281781000000,2026-09-10T12:25:11.193791+00:00,interpolated,121.0,1129.0,-176.0
37.975051479,842358355944456961,842358356076683782,67,63,46281781000000,2026-09-10T12:25:11.193791+00:00,interpolated,143.0,1077.0,-165.0
37.993941025,842358355963346507,842358356076683782,67,64,46281781000000,2026-09-10T12:25:11.193791+00:00,interpolated,159.0,1039.0,-148.0
38.01283057,842358355982236052,842358356076683782,67,65,46281781000000,2026-09-10T12:25:11.193791+00:00,interpolated,165.0,1005.0,-129.0
38.031720116,842358356001125598,842358356076683782,67,66,46281781000000,2026-09-10T12:25:11.193791+00:00,interpolated,165.0,992.0,-118.0
38.050609662,842358356020015144,842358356076683782,67,67,46281781000000,2026-09-10T12:25:11.193791+00:00,interpolated,181.0,982.0,-111.0
38.069499208,842358356038904690,842358356076683782,67,68,46281781000000,2026-09-10T12:25:11.193791+00:00,interpolated,183.0,976.0,-106.0
38.088388754,842358356057794236,842358356076683782,67,69,46281781000000,2026-09-10T12:25:11.193791+00:00,interpolated,178.0,995.0,-125.0
38.1072783,842358356076683782,842358356076683782,67,70,46281781000000,2026-09-10T12:25:11.193791+00:00,interpolated,176.0,1006.0,-128.0
38.126167933,842358356095573415,842358357191172150,70,0,46283015000000,2026-09-10T12:25:12.423367+00:00,interpolated,168.0,1031.0,-127.0
38.145057567,842358356114463049,842358357191172150,70,1,46283015000000,2026-09-10T12:25:12.423367+00:00,interpolated,162.0,1038.0,-136.0
38.1639472,842358356133352682,842358357191172150,70,2,46283015000000,2026-09-10T12:25:12.423367+00:00,interpolated,154.0,1044.0,-159.0
38.182836833,842358356152242315,842358357191172150,70,3,46283015000000,2026-09-10T12:25:12.423367+00:00,interpolated,173.0,1032.0,-161.0
38.201726467,842358356171131949,842358357191172150,70,4,46283015000000,2026-09-10T12:25:12.423367+00:00,interpolated,190.0,1024.0,-182.0
38.2206161,842358356190021582,842358357191172150,70,5,46283015000000,2026-09-10T12:25:12.423367+00:00,interpolated,196.0,1034.0,-213.0
38.239505733,842358356208911215,842358357191172150,70,6,46283015000000,2026-09-10T12:25:12.423367+00:00,interpolated,207.0,1068.0,-206.0
38.258395367,842358356227800849,842358357191172150,70,7,46283015000000,2026-09-10T12:25:12.423367+00:00,interpolated,231.0,1113.0,-215.0
38.277285,842358356246690482,842358357191172150,70,8,46283015000000,2026-09-10T12:25:12.423367+00:00,interpolated,290.0,1200.0,-229.0
38.296174634,842358356265580116,842358357191172150,70,9,46283015000000,2026-09-10T12:25:12.423367+00:00,interpolated,302.0,1344.0,-196.0
38.315064267,842358356284469749,842358357191172150,70,10,46283015000000,2026-09-10T12:25:12.423367+00:00,interpolated,240.0,1314.0,-199.0
38.3339539,842358356303359382,842358357191172150,70,11,46283015000000,2026-09-10T12:25:12.423367+00:00,interpolated,186.0,1299.0,-206.0
38.352843534,842358356322249016,842358357191172150,70,12,46283015000000,2026-09-10T12:25:12.423367+00:00,interpolated,133.0,1241.0,-231.0
38.371733167,842358356341138649,842358357191172150,70,13,46283015000000,2026-09-10T12:25:12.423367+00:00,interpolated,125.0,1172.0,-284.0
38.3906228,842358356360028282,842358357191172150,70,14,46283015000000,2026-09-10T12:25:12.423367+00:00,interpolated,127.0,1086.0,-294.0
38.409512434,842358356378917916,842358357191172150,70,15,46283015000000,2026-09-10T12:25:12.423367+00:00,interpolated,132.0,993.0,-264.0
38.428402067,842358356397807549,842358357191172150,70,16,46283015000000,2026-09-10T12:25:12.423367+00:00,interpolated,117.0,914.0,-235.0
38.4472917,842358356416697182,842358357191172150,70,17,46283015000000,2026-09-10T12:25:12.423367+00:00,interpolated,91.0,867.0,-222.0
38.466181334,842358356435586816,842358357191172150,70,18,46283015000000,2026-09-10T12:25:12.423367+00:00,interpolated,59.0,853.0,-212.0
38.485070967,842358356454476449,842358357191172150,70,19,46283015000000,2026-09-10T12:25:12.423367+00:00,interpolated,34.0,921.0,-200.0
38.5039606,842358356473366082,842358357191172150,70,20,46283015000000,2026-09-10T12:25:12.423367+00:00,interpolated,7.0,1061.0,-173.0
38.522850234,842358356492255716,842358357191172150,70,21,46283015000000,2026-09-10T12:25:12.423367+00:00,interpolated,-48.0,1167.0,-164.0
38.541739867,842358356511145349,842358357191172150,70,22,46283015000000,2026-09-10T12:25:12.423367+00:00,interpolated,-90.0,1241.0,-195.0
38.560629501,842358356530034983,842358357191172150,70,23,46283015000000,2026-09-10T12:25:12.423367+00:00,interpolated,-125.0,1309.0,-223.0
38.579519134,842358356548924616,842358357191172150,70,24,46283015000000,2026-09-10T12:25:12.423367+00:00,interpolated,-178.0,1337.0,-246.0
38.598408767,842358356567814249,842358357191172150,70,25,46283015000000,2026-09-10T12:25:12.423367+00:00,interpolated,-203.0,1284.0,-263.0
38.617298401,842358356586703883,842358357191172150,70,26,46283015000000,2026-09-10T12:25:12.423367+00:00,interpolated,-200.0,1177.0,-301.0
38.636188034,842358356605593516,842358357191172150,70,27,46283015000000,2026-09-10T12:25:12.423367+00:00,interpolated,-140.0,1078.0,-330.0
38.655077667,842358356624483149,842358357191172150,70,28,46283015000000,2026-09-10T12:25:12.423367+00:00,interpolated,-76.0,963.0,-345.0
38.673967301,842358356643372783,842358357191172150,70,29,46283015000000,2026-09-10T12:25:12.423367+00:00,interpolated,-16.0,867.0,-354.0
38.692856934,842358356662262416,842358357191172150,70,30,46283015000000,2026-09-10T12:25:12.423367+00:00,interpolated,37.0,789.0,-336.0
38.711746567,842358356681152049,842358357191172150,70,31,46283015000000,2026-09-10T12:25:12.423367+00:00,interpolated,43.0,731.0,-333.0
38.730636201,842358356700041683,842358357191172150,70,32,46283015000000,2026-09-10T12:25:12.423367+00:00,interpolated,25.0,703.0,-312.0
38.749525834,842358356718931316,842358357191172150,70,33,46283015000000,2026-09-10T12:25:12.423367+00:00,interpolated,16.0,697.0,-303.0
38.768415467,842358356737820949,842358357191172150,70,34,46283015000000,2026-09-10T12:25:12.423367+00:00,interpolated,7.0,721.0,-299.0
38.787305101,842358356756710583,842358357191172150,70,35,46283015000000,2026-09-10T12:25:12.423367+00:00,interpolated,29.0,741.0,-293.0
38.806194734,842358356775600216,842358357191172150,70,36,46283015000000,2026-09-10T12:25:12.423367+00:00,interpolated,38.0,751.0,-328.0
38.825084368,842358356794489850,842358357191172150,70,37,46283015000000,2026-09-10T12:25:12.423367+00:00,interpolated,53.0,775.0,-339.0
38.843974001,842358356813379483,842358357191172150,70,38,46283015000000,2026-09-10T12:25:12.423367+00:00,interpolated,76.0,742.0,-371.0
38.862863634,842358356832269116,842358357191172150,70,39,46283015000000,2026-09-10T12:25:12.423367+00:00,interpolated,76.0,733.0,-394.0
38.881753268,842358356851158750,842358357191172150,70,40,46283015000000,2026-09-10T12:25:12.423367+00:00,interpolated,67.0,765.0,-396.0
38.900642901,842358356870048383,842358357191172150,70,41,46283015000000,2026-09-10T12:25:12.423367+00:00,interpolated,59.0,785.0,-402.0
38.919532534,842358356888938016,842358357191172150,70,42,46283015000000,2026-09-10T12:25:12.423367+00:00,interpolated,42.0,826.0,-415.0
38.938422168,842358356907827650,842358357191172150,70,43,46283015000000,2026-09-10T12:25:12.423367+00:00,interpolated,56.0,858.0,-413.0
38.957311801,842358356926717283,842358357191172150,70,44,46283015000000,2026-09-10T12:25:12.423367+00:00,interpolated,96.0,889.0,-433.0
38.976201434,842358356945606916,842358357191172150,70,45,46283015000000,2026-09-10T12:25:12.423367+00:00,interpolated,125.0,970.0,-491.0
38.995091068,842358356964496550,842358357191172150,70,46,46283015000000,2026-09-10T12:25:12.423367+00:00,interpolated,175.0,1168.0,-508.0
39.013980701,842358356983386183,842358357191172150,70,47,46283015000000,2026-09-10T12:25:12.423367+00:00,interpolated,228.0,1187.0,-545.0
39.032870334,842358357002275816,842358357191172150,70,48,46283015000000,2026-09-10T12:25:12.423367+00:00,interpolated,271.0,1130.0,-562.0
39.051759968,842358357021165450,842358357191172150,70,49,46283015000000,2026-09-10T12:25:12.423367+00:00,interpolated,265.0,1068.0,-532.0
39.070649601,842358357040055083,842358357191172150,70,50,46283015000000,2026-09-10T12:25:12.423367+00:00,interpolated,225.0,982.0,-505.0
39.089539235,842358357058944717,842358357191172150,70,51,46283015000000,2026-09-10T12:25:12.423367+00:00,interpolated,177.0,915.0,-456.0
39.108428868,842358357077834350,842358357191172150,70,52,46283015000000,2026-09-10T12:25:12.423367+00:00,interpolated,105.0,837.0,-389.0
39.127318501,842358357096723983,842358357191172150,70,53,46283015000000,2026-09-10T12:25:12.423367+00:00,interpolated,31.0,744.0,-318.0
39.146208135,842358357115613617,842358357191172150,70,54,46283015000000,2026-09-10T12:25:12.423367+00:00,interpolated,-30.0,724.0,-266.0
39.165097768,842358357134503250,842358357191172150,70,55,46283015000000,2026-09-10T12:25:12.423367+00:00,interpolated,-73.0,761.0,-253.0
39.183987401,842358357153392883,842358357191172150,70,56,46283015000000,2026-09-10T12:25:12.423367+00:00,interpolated,-132.0,870.0,-278.0
39.202877035,842358357172282517,842358357191172150,70,57,46283015000000,2026-09-10T12:25:12.423367+00:00,interpolated,-171.0,1033.0,-316.0
39.221766668,842358357191172150,842358357191172150,70,58,46283015000000,2026-09-10T12:25:12.423367+00:00,interpolated,-178.0,1164.0,-356.0
39.240655784,842358357210061266,842358358324519116,73,0,46284171000000,2026-09-10T12:25:13.593240+00:00,interpolated,-154.0,1268.0,-366.0
39.2595449,842358357228950382,842358358324519116,73,1,46284171000000,2026-09-10T12:25:13.593240+00:00,interpolated,-87.0,1328.0,-357.0
39.278434016,842358357247839498,842358358324519116,73,2,46284171000000,2026-09-10T12:25:13.593240+00:00,interpolated,-13.0,1312.0,-344.0
39.297323132,842358357266728614,842358358324519116,73,3,46284171000000,2026-09-10T12:25:13.593240+00:00,interpolated,71.0,1243.0,-321.0
39.316212249,842358357285617731,842358358324519116,73,4,46284171000000,2026-09-10T12:25:13.593240+00:00,interpolated,132.0,1166.0,-288.0
39.335101365,842358357304506847,842358358324519116,73,5,46284171000000,2026-09-10T12:25:13.593240+00:00,interpolated,156.0,1090.0,-238.0
39.353990481,842358357323395963,842358358324519116,73,6,46284171000000,2026-09-10T12:25:13.593240+00:00,interpolated,166.0,1025.0,-190.0
39.372879597,842358357342285079,842358358324519116,73,7,46284171000000,2026-09-10T12:25:13.593240+00:00,interpolated,155.0,967.0,-168.0
39.391768713,842358357361174195,842358358324519116,73,8,46284171000000,2026-09-10T12:25:13.593240+00:00,interpolated,145.0,946.0,-149.0
39.410657829,842358357380063311,842358358324519116,73,9,46284171000000,2026-09-10T12:25:13.593240+00:00,interpolated,146.0,954.0,-125.0
39.429546945,842358357398952427,842358358324519116,73,10,46284171000000,2026-09-10T12:25:13.593240+00:00,interpolated,133.0,972.0,-111.0
39.448436061,842358357417841543,842358358324519116,73,11,46284171000000,2026-09-10T12:25:13.593240+00:00,interpolated,143.0,1006.0,-106.0
39.467325177,842358357436730659,842358358324519116,73,12,46284171000000,2026-09-10T12:25:13.593240+00:00,interpolated,162.0,1028.0,-117.0
39.486214293,842358357455619775,842358358324519116,73,13,46284171000000,2026-09-10T12:25:13.593240+00:00,interpolated,185.0,1045.0,-134.0
39.50510341,842358357474508892,842358358324519116,73,14,46284171000000,2026-09-10T12:25:13.593240+00:00,interpolated,212.0,1042.0,-157.0
39.523992526,842358357493398008,842358358324519116,73,15,46284171000000,2026-09-10T12:25:13.593240+00:00,interpolated,233.0,1038.0,-181.0
39.542881642,842358357512287124,842358358324519116,73,16,46284171000000,2026-09-10T12:25:13.593240+00:00,interpolated,231.0,1009.0,-205.0
39.561770758,842358357531176240,842358358324519116,73,17,46284171000000,2026-09-10T12:25:13.593240+00:00,interpolated,214.0,994.0,-216.0
39.580659874,842358357550065356,842358358324519116,73,18,46284171000000,2026-09-10T12:25:13.593240+00:00,interpolated,207.0,1018.0,-222.0
39.59954899,842358357568954472,842358358324519116,73,19,46284171000000,2026-09-10T12:25:13.593240+00:00,interpolated,188.0,1063.0,-192.0
39.618438106,842358357587843588,842358358324519116,73,20,46284171000000,2026-09-10T12:25:13.593240+00:00,interpolated,168.0,1089.0,-176.0
39.637327222,842358357606732704,842358358324519116,73,21,46284171000000,2026-09-10T12:25:13.593240+00:00,interpolated,132.0,1115.0,-193.0
39.656216338,842358357625621820,842358358324519116,73,22,46284171000000,2026-09-10T12:25:13.593240+00:00,interpolated,108.0,1257.0,-207.0
39.675105454,842358357644510936,842358358324519116,73,23,46284171000000,2026-09-10T12:25:13.593240+00:00,interpolated,45.0,1380.0,-171.0
39.693994571,842358357663400053,842358358324519116,73,24,46284171000000,2026-09-10T12:25:13.593240+00:00,interpolated,38.0,1326.0,-214.0
39.712883687,842358357682289169,842358358324519116,73,25,46284171000000,2026-09-10T12:25:13.593240+00:00,interpolated,41.0,1301.0,-191.0
39.731772803,842358357701178285,842358358324519116,73,26,46284171000000,2026-09-10T12:25:13.593240+00:00,interpolated,52.0,1187.0,-206.0
39.750661919,842358357720067401,842358358324519116,73,27,46284171000000,2026-09-10T12:25:13.593240+00:00,interpolated,84.0,1079.0,-247.0
39.769551035,842358357738956517,842358358324519116,73,28,46284171000000,2026-09-10T12:25:13.593240+00:00,interpolated,101.0,995.0,-247.0
39.788440151,842358357757845633,842358358324519116,73,29,46284171000000,2026-09-10T12:25:13.593240+00:00,interpolated,95.0,917.0,-224.0
39.807329267,842358357776734749,842358358324519116,73,30,46284171000000,2026-09-10T12:25:13.593240+00:00,interpolated,60.0,847.0,-202.0
39.826218383,842358357795623865,842358358324519116,73,31,46284171000000,2026-09-10T12:25:13.593240+00:00,interpolated,45.0,885.0,-163.0
39.845107499,842358357814512981,842358358324519116,73,32,46284171000000,2026-09-10T12:25:13.593240+00:00,interpolated,10.0,1043.0,-113.0
39.863996615,842358357833402097,842358358324519116,73,33,46284171000000,2026-09-10T12:25:13.593240+00:00,interpolated,-67.0,1207.0,-66.0
39.882885732,842358357852291214,842358358324519116,73,34,46284171000000,2026-09-10T12:25:13.593240+00:00,interpolated,-170.0,1286.0,-56.0
39.901774848,842358357871180330,842358358324519116,73,35,46284171000000,2026-09-10T12:25:13.593240+00:00,interpolated,-226.0,1260.0,-84.0
39.920663964,842358357890069446,842358358324519116,73,36,46284171000000,2026-09-10T12:25:13.593240+00:00,interpolated,-225.0,1194.0,-122.0
39.93955308,842358357908958562,842358358324519116,73,37,46284171000000,2026-09-10T12:25:13.593240+00:00,interpolated,-187.0,1104.0,-159.0
39.958442196,842358357927847678,842358358324519116,73,38,46284171000000,2026-09-10T12:25:13.593240+00:00,interpolated,-131.0,1006.0,-226.0
39.977331312,842358357946736794,842358358324519116,73,39,46284171000000,2026-09-10T12:25:13.593240+00:00,interpolated,-70.0,936.0,-271.0
39.996220428,842358357965625910,842358358324519116,73,40,46284171000000,2026-09-10T12:25:13.593240+00:00,interpolated,-33.0,894.0,-297.0
40.015109544,842358357984515026,842358358324519116,73,41,46284171000000,2026-09-10T12:25:13.593240+00:00,interpolated,-13.0,871.0,-303.0
40.03399866,842358358003404142,842358358324519116,73,42,46284171000000,2026-09-10T12:25:13.593240+00:00,interpolated,-10.0,859.0,-288.0
40.052887776,842358358022293258,842358358324519116,73,43,46284171000000,2026-09-10T12:25:13.593240+00:00,interpolated,-19.0,853.0,-278.0
40.071776893,842358358041182375,842358358324519116,73,44,46284171000000,2026-09-10T12:25:13.593240+00:00,interpolated,-20.0,870.0,-264.0
40.090666009,842358358060071491,842358358324519116,73,45,46284171000000,2026-09-10T12:25:13.593240+00:00,interpolated,-17.0,858.0,-254.0
40.109555125,842358358078960607,842358358324519116,73,46,46284171000000,2026-09-10T12:25:13.593240+00:00,interpolated,-7.0,846.0,-244.0
40.128444241,842358358097849723,842358358324519116,73,47,46284171000000,2026-09-10T12:25:13.593240+00:00,interpolated,-2.0,865.0,-239.0
40.147333357,842358358116738839,842358358324519116,73,48,46284171000000,2026-09-10T12:25:13.593240+00:00,interpolated,-11.0,883.0,-230.0
40.166222473,842358358135627955,842358358324519116,73,49,46284171000000,2026-09-10T12:25:13.593240+00:00,interpolated,-37.0,904.0,-232.0
40.185111589,842358358154517071,842358358324519116,73,50,46284171000000,2026-09-10T12:25:13.593240+00:00,interpolated,-68.0,941.0,-234.0
40.204000705,842358358173406187,842358358324519116,73,51,46284171000000,2026-09-10T12:25:13.593240+00:00,interpolated,-99.0,975.0,-235.0
40.222889821,842358358192295303,842358358324519116,73,52,46284171000000,2026-09-10T12:25:13.593240+00:00,interpolated,-113.0,1013.0,-254.0
40.241778937,842358358211184419,842358358324519116,73,53,46284171000000,2026-09-10T12:25:13.593240+00:00,interpolated,-118.0,1048.0,-274.0
40.260668054,842358358230073536,842358358324519116,73,54,46284171000000,2026-09-10T12:25:13.593240+00:00,interpolated,-117.0,1067.0,-306.0
40.27955717,842358358248962652,842358358324519116,73,55,46284171000000,2026-09-10T12:25:13.593240+00:00,interpolated,-130.0,1119.0,-402.0
40.298446286,842358358267851768,842358358324519116,73,56,46284171000000,2026-09-10T12:25:13.593240+00:00,interpolated,-123.0,1280.0,-499.0
40.317335402,842358358286740884,842358358324519116,73,57,46284171000000,2026-09-10T12:25:13.593240+00:00,interpolated,-46.0,1289.0,-559.0
40.336224518,842358358305630000,842358358324519116,73,58,46284171000000,2026-09-10T12:25:13.593240+00:00,interpolated,67.0,1209.0,-639.0
40.355113634,842358358324519116,842358358324519116,73,59,46284171000000,2026-09-10T12:25:13.593240+00:00,interpolated,121.0,1120.0,-647.0
40.374003276,842358358343408758,842358359420118368,77,0,46285406000000,2026-09-10T12:25:14.823327+00:00,interpolated,127.0,978.0,-631.0
40.392892919,842358358362298401,842358359420118368,77,1,46285406000000,2026-09-10T12:25:14.823327+00:00,interpolated,102.0,841.0,-552.0
40.411782561,842358358381188043,842358359420118368,77,2,46285406000000,2026-09-10T12:25:14.823327+00:00,interpolated,33.0,687.0,-444.0
40.430672203,842358358400077685,842358359420118368,77,3,46285406000000,2026-09-10T12:25:14.823327+00:00,interpolated,-34.0,575.0,-346.0
40.449561845,842358358418967327,842358359420118368,77,4,46285406000000,2026-09-10T12:25:14.823327+00:00,interpolated,-92.0,537.0,-284.0
40.468451488,842358358437856970,842358359420118368,77,5,46285406000000,2026-09-10T12:25:14.823327+00:00,interpolated,-145.0,550.0,-247.0
40.48734113,842358358456746612,842358359420118368,77,6,46285406000000,2026-09-10T12:25:14.823327+00:00,interpolated,-148.0,878.0,-52.0
40.506230772,842358358475636254,842358359420118368,77,7,46285406000000,2026-09-10T12:25:14.823327+00:00,interpolated,61.0,1116.0,-534.0
40.525120414,842358358494525896,842358359420118368,77,8,46285406000000,2026-09-10T12:25:14.823327+00:00,interpolated,0.0,1270.0,-390.0
40.544010057,842358358513415539,842358359420118368,77,9,46285406000000,2026-09-10T12:25:14.823327+00:00,interpolated,-126.0,1362.0,-424.0
40.562899699,842358358532305181,842358359420118368,77,10,46285406000000,2026-09-10T12:25:14.823327+00:00,interpolated,-131.0,1338.0,-455.0
40.581789341,842358358551194823,842358359420118368,77,11,46285406000000,2026-09-10T12:25:14.823327+00:00,interpolated,-143.0,1230.0,-442.0
40.600678984,842358358570084466,842358359420118368,77,12,46285406000000,2026-09-10T12:25:14.823327+00:00,interpolated,-159.0,1100.0,-395.0
40.619568626,842358358588974108,842358359420118368,77,13,46285406000000,2026-09-10T12:25:14.823327+00:00,interpolated,-141.0,997.0,-315.0
40.638458268,842358358607863750,842358359420118368,77,14,46285406000000,2026-09-10T12:25:14.823327+00:00,interpolated,-121.0,920.0,-255.0
40.65734791,842358358626753392,842358359420118368,77,15,46285406000000,2026-09-10T12:25:14.823327+00:00,interpolated,-91.0,871.0,-226.0
40.676237553,842358358645643035,842358359420118368,77,16,46285406000000,2026-09-10T12:25:14.823327+00:00,interpolated,-82.0,849.0,-203.0
40.695127195,842358358664532677,842358359420118368,77,17,46285406000000,2026-09-10T12:25:14.823327+00:00,interpolated,-55.0,846.0,-197.0
40.714016837,842358358683422319,842358359420118368,77,18,46285406000000,2026-09-10T12:25:14.823327+00:00,interpolated,-28.0,861.0,-194.0
40.73290648,842358358702311962,842358359420118368,77,19,46285406000000,2026-09-10T12:25:14.823327+00:00,interpolated,-8.0,900.0,-210.0
40.751796122,842358358721201604,842358359420118368,77,20,46285406000000,2026-09-10T12:25:14.823327+00:00,interpolated,17.0,946.0,-232.0
40.770685764,842358358740091246,842358359420118368,77,21,46285406000000,2026-09-10T12:25:14.823327+00:00,interpolated,57.0,983.0,-229.0
40.789575406,842358358758980888,842358359420118368,77,22,46285406000000,2026-09-10T12:25:14.823327+00:00,interpolated,121.0,1001.0,-248.0
40.808465049,842358358777870531,842358359420118368,77,23,46285406000000,2026-09-10T12:25:14.823327+00:00,interpolated,169.0,994.0,-272.0
40.827354691,842358358796760173,842358359420118368,77,24,46285406000000,2026-09-10T12:25:14.823327+00:00,interpolated,198.0,977.0,-288.0
40.846244333,842358358815649815,842358359420118368,77,25,46285406000000,2026-09-10T12:25:14.823327+00:00,interpolated,202.0,962.0,-304.0
40.865133975,842358358834539457,842358359420118368,77,26,46285406000000,2026-09-10T12:25:14.823327+00:00,interpolated,162.0,953.0,-336.0
40.884023618,842358358853429100,842358359420118368,77,27,46285406000000,2026-09-10T12:25:14.823327+00:00,interpolated,104.0,983.0,-335.0
40.90291326,842358358872318742,842358359420118368,77,28,46285406000000,2026-09-10T12:25:14.823327+00:00,interpolated,57.0,1007.0,-306.0
40.921802902,842358358891208384,842358359420118368,77,29,46285406000000,2026-09-10T12:25:14.823327+00:00,interpolated,31.0,1033.0,-266.0
40.940692545,842358358910098027,842358359420118368,77,30,46285406000000,2026-09-10T12:25:14.823327+00:00,interpolated,34.0,1034.0,-253.0
40.959582187,842358358928987669,842358359420118368,77,31,46285406000000,2026-09-10T12:25:14.823327+00:00,interpolated,66.0,1186.0,-249.0
40.978471829,842358358947877311,842358359420118368,77,32,46285406000000,2026-09-10T12:25:14.823327+00:00,interpolated,90.0,1371.0,-191.0
40.997361471,842358358966766953,842358359420118368,77,33,46285406000000,2026-09-10T12:25:14.823327+00:00,interpolated,85.0,1329.0,-173.0
41.016251114,842358358985656596,842358359420118368,77,34,46285406000000,2026-09-10T12:25:14.823327+00:00,interpolated,77.0,1218.0,-164.0
41.035140756,842358359004546238,842358359420118368,77,35,46285406000000,2026-09-10T12:25:14.823327+00:00,interpolated,95.0,1064.0,-148.0
41.054030398,842358359023435880,842358359420118368,77,36,46285406000000,2026-09-10T12:25:14.823327+00:00,interpolated,73.0,948.0,-116.0
41.07292004,842358359042325522,842358359420118368,77,37,46285406000000,2026-09-10T12:25:14.823327+00:00,interpolated,12.0,872.0,-81.0
41.091809683,842358359061215165,842358359420118368,77,38,46285406000000,2026-09-10T12:25:14.823327+00:00,interpolated,-54.0,884.0,-33.0
41.110699325,842358359080104807,842358359420118368,77,39,46285406000000,2026-09-10T12:25:14.823327+00:00,interpolated,-111.0,990.0,11.0
41.129588967,842358359098994449,842358359420118368,77,40,46285406000000,2026-09-10T12:25:14.823327+00:00,interpolated,-169.0,1132.0,7.0
41.14847861,842358359117884092,842358359420118368,77,41,46285406000000,2026-09-10T12:25:14.823327+00:00,interpolated,-261.0,1260.0,-34.0
41.167368252,842358359136773734,842358359420118368,77,42,46285406000000,2026-09-10T12:25:14.823327+00:00,interpolated,-360.0,1372.0,-75.0
41.186257894,842358359155663376,842358359420118368,77,43,46285406000000,2026-09-10T12:25:14.823327+00:00,interpolated,-388.0,1375.0,-142.0
41.205147536,842358359174553018,842358359420118368,77,44,46285406000000,2026-09-10T12:25:14.823327+00:00,interpolated,-350.0,1309.0,-218.0
41.224037179,842358359193442661,842358359420118368,77,45,46285406000000,2026-09-10T12:25:14.823327+00:00,interpolated,-243.0,1213.0,-252.0
41.242926821,842358359212332303,842358359420118368,77,46,46285406000000,2026-09-10T12:25:14.823327+00:00,interpolated,-141.0,1108.0,-292.0
41.261816463,842358359231221945,842358359420118368,77,47,46285406000000,2026-09-10T12:25:14.823327+00:00,interpolated,-27.0,1024.0,-329.0
41.280706106,842358359250111588,842358359420118368,77,48,46285406000000,2026-09-10T12:25:14.823327+00:00,interpolated,42.0,971.0,-321.0
41.299595748,842358359269001230,842358359420118368,77,49,46285406000000,2026-09-10T12:25:14.823327+00:00,interpolated,105.0,958.0,-299.0
41.31848539,842358359287890872,842358359420118368,77,50,46285406000000,2026-09-10T12:25:14.823327+00:00,interpolated,134.0,963.0,-262.0
41.337375032,842358359306780514,842358359420118368,77,51,46285406000000,2026-09-10T12:25:14.823327+00:00,interpolated,143.0,959.0,-222.0
41.356264675,842358359325670157,842358359420118368,77,52,46285406000000,2026-09-10T12:25:14.823327+00:00,interpolated,106.0,974.0,-212.0
41.375154317,842358359344559799,842358359420118368,77,53,46285406000000,2026-09-10T12:25:14.823327+00:00,interpolated,75.0,979.0,-201.0
41.394043959,842358359363449441,842358359420118368,77,54,46285406000000,2026-09-10T12:25:14.823327+00:00,interpolated,63.0,964.0,-195.0
41.412933601,842358359382339083,842358359420118368,77,55,46285406000000,2026-09-10T12:25:14.823327+00:00,interpolated,52.0,935.0,-191.0
41.431823244,842358359401228726,842358359420118368,77,56,46285406000000,2026-09-10T12:25:14.823327+00:00,interpolated,56.0,904.0,-187.0
41.450712886,842358359420118368,842358359420118368,77,57,46285406000000,2026-09-10T12:25:14.823327+00:00,interpolated,58.0,887.0,-200.0
41.469602519,842358359439008001,842358360534606736,80,0,46286343000000,2026-09-10T12:25:15.753282+00:00,interpolated,64.0,890.0,-202.0
41.488492153,842358359457897635,842358360534606736,80,1,46286343000000,2026-09-10T12:25:15.753282+00:00,interpolated,73.0,908.0,-214.0
41.507381786,842358359476787268,842358360534606736,80,2,46286343000000,2026-09-10T12:25:15.753282+00:00,interpolated,68.0,917.0,-232.0
41.526271419,842358359495676901,842358360534606736,80,3,46286343000000,2026-09-10T12:25:15.753282+00:00,interpolated,67.0,961.0,-277.0
41.545161053,842358359514566535,842358360534606736,80,4,46286343000000,2026-09-10T12:25:15.753282+00:00,interpolated,40.0,992.0,-344.0
41.564050686,842358359533456168,842358360534606736,80,5,46286343000000,2026-09-10T12:25:15.753282+00:00,interpolated,45.0,960.0,-400.0
41.582940319,842358359552345801,842358360534606736,80,6,46286343000000,2026-09-10T12:25:15.753282+00:00,interpolated,37.0,1013.0,-452.0
41.601829953,842358359571235435,842358360534606736,80,7,46286343000000,2026-09-10T12:25:15.753282+00:00,interpolated,54.0,1035.0,-498.0
41.620719586,842358359590125068,842358360534606736,80,8,46286343000000,2026-09-10T12:25:15.753282+00:00,interpolated,60.0,1052.0,-565.0
41.63960922,842358359609014702,842358360534606736,80,9,46286343000000,2026-09-10T12:25:15.753282+00:00,interpolated,63.0,1010.0,-591.0
41.658498853,842358359627904335,842358360534606736,80,10,46286343000000,2026-09-10T12:25:15.753282+00:00,interpolated,64.0,919.0,-576.0
41.677388486,842358359646793968,842358360534606736,80,11,46286343000000,2026-09-10T12:25:15.753282+00:00,interpolated,57.0,863.0,-530.0
41.69627812,842358359665683602,842358360534606736,80,12,46286343000000,2026-09-10T12:25:15.753282+00:00,interpolated,58.0,801.0,-470.0
41.715167753,842358359684573235,842358360534606736,80,13,46286343000000,2026-09-10T12:25:15.753282+00:00,interpolated,29.0,746.0,-399.0
41.734057386,842358359703462868,842358360534606736,80,14,46286343000000,2026-09-10T12:25:15.753282+00:00,interpolated,10.0,695.0,-344.0
41.75294702,842358359722352502,842358360534606736,80,15,46286343000000,2026-09-10T12:25:15.753282+00:00,interpolated,18.0,691.0,-352.0
41.771836653,842358359741242135,842358360534606736,80,16,46286343000000,2026-09-10T12:25:15.753282+00:00,interpolated,83.0,731.0,-223.0
41.790726286,842358359760131768,842358360534606736,80,17,46286343000000,2026-09-10T12:25:15.753282+00:00,interpolated,-91.0,1053.0,-148.0
41.80961592,842358359779021402,842358360534606736,80,18,46286343000000,2026-09-10T12:25:15.753282+00:00,interpolated,-86.0,1279.0,-529.0
41.828505553,842358359797911035,842358360534606736,80,19,46286343000000,2026-09-10T12:25:15.753282+00:00,interpolated,-54.0,1363.0,-535.0
41.847395186,842358359816800668,842358360534606736,80,20,46286343000000,2026-09-10T12:25:15.753282+00:00,interpolated,-69.0,1356.0,-538.0
41.86628482,842358359835690302,842358360534606736,80,21,46286343000000,2026-09-10T12:25:15.753282+00:00,interpolated,-46.0,1277.0,-486.0
41.885174453,842358359854579935,842358360534606736,80,22,46286343000000,2026-09-10T12:25:15.753282+00:00,interpolated,-6.0,1155.0,-451.0
41.904064087,842358359873469569,842358360534606736,80,23,46286343000000,2026-09-10T12:25:15.753282+00:00,interpolated,18.0,1027.0,-388.0
41.92295372,842358359892359202,842358360534606736,80,24,46286343000000,2026-09-10T12:25:15.753282+00:00,interpolated,17.0,967.0,-304.0
41.941843353,842358359911248835,842358360534606736,80,25,46286343000000,2026-09-10T12:25:15.753282+00:00,interpolated,1.0,931.0,-244.0
41.960732987,842358359930138469,842358360534606736,80,26,46286343000000,2026-09-10T12:25:15.753282+00:00,interpolated,-32.0,935.0,-215.0
41.97962262,842358359949028102,842358360534606736,80,27,46286343000000,2026-09-10T12:25:15.753282+00:00,interpolated,-54.0,966.0,-192.0
41.998512253,842358359967917735,842358360534606736,80,28,46286343000000,2026-09-10T12:25:15.753282+00:00,interpolated,-52.0,1000.0,-161.0
42.017401887,842358359986807369,842358360534606736,80,29,46286343000000,2026-09-10T12:25:15.753282+00:00,interpolated,-7.0,997.0,-139.0
42.03629152,842358360005697002,842358360534606736,80,30,46286343000000,2026-09-10T12:25:15.753282+00:00,interpolated,47.0,966.0,-129.0
42.055181153,842358360024586635,842358360534606736,80,31,46286343000000,2026-09-10T12:25:15.753282+00:00,interpolated,76.0,971.0,-106.0
42.074070787,842358360043476269,842358360534606736,80,32,46286343000000,2026-09-10T12:25:15.753282+00:00,interpolated,81.0,990.0,-76.0
42.09296042,842358360062365902,842358360534606736,80,33,46286343000000,2026-09-10T12:25:15.753282+00:00,interpolated,59.0,954.0,-97.0
42.111850053,842358360081255535,842358360534606736,80,34,46286343000000,2026-09-10T12:25:15.753282+00:00,interpolated,29.0,951.0,-100.0
42.130739687,842358360100145169,842358360534606736,80,35,46286343000000,2026-09-10T12:25:15.753282+00:00,interpolated,-72.0,957.0,-111.0
42.14962932,842358360119034802,842358360534606736,80,36,46286343000000,2026-09-10T12:25:15.753282+00:00,interpolated,-107.0,973.0,-169.0
42.168518954,842358360137924436,842358360534606736,80,37,46286343000000,2026-09-10T12:25:15.753282+00:00,interpolated,-114.0,987.0,-210.0
42.187408587,842358360156814069,842358360534606736,80,38,46286343000000,2026-09-10T12:25:15.753282+00:00,interpolated,-107.0,1047.0,-236.0
42.20629822,842358360175703702,842358360534606736,80,39,46286343000000,2026-09-10T12:25:15.753282+00:00,interpolated,-114.0,1108.0,-262.0
42.225187854,842358360194593336,842358360534606736,80,40,46286343000000,2026-09-10T12:25:15.753282+00:00,interpolated,-139.0,1147.0,-255.0
42.244077487,842358360213482969,842358360534606736,80,41,46286343000000,2026-09-10T12:25:15.753282+00:00,interpolated,-119.0,1179.0,-252.0
42.26296712,842358360232372602,842358360534606736,80,42,46286343000000,2026-09-10T12:25:15.753282+00:00,interpolated,-102.0,1318.0,-247.0
42.281856754,842358360251262236,842358360534606736,80,43,46286343000000,2026-09-10T12:25:15.753282+00:00,interpolated,-141.0,1338.0,-222.0
42.300746387,842358360270151869,842358360534606736,80,44,46286343000000,2026-09-10T12:25:15.753282+00:00,interpolated,-113.0,1272.0,-175.0
42.31963602,842358360289041502,842358360534606736,80,45,46286343000000,2026-09-10T12:25:15.753282+00:00,interpolated,2.0,1157.0,-159.0
42.338525654,842358360307931136,842358360534606736,80,46,46286343000000,2026-09-10T12:25:15.753282+00:00,interpolated,129.0,1017.0,-154.0
42.357415287,842358360326820769,842358360534606736,80,47,46286343000000,2026-09-10T12:25:15.753282+00:00,interpolated,228.0,895.0,-114.0
42.37630492,842358360345710402,842358360534606736,80,48,46286343000000,2026-09-10T12:25:15.753282+00:00,interpolated,271.0,787.0,-70.0
42.395194554,842358360364600036,842358360534606736,80,49,46286343000000,2026-09-10T12:25:15.753282+00:00,interpolated,263.0,735.0,-51.0
42.414084187,842358360383489669,842358360534606736,80,50,46286343000000,2026-09-10T12:25:15.753282+00:00,interpolated,252.0,811.0,-19.0
42.432973821,842358360402379303,842358360534606736,80,51,46286343000000,2026-09-10T12:25:15.753282+00:00,interpolated,222.0,1069.0,24.0
42.451863454,842358360421268936,842358360534606736,80,52,46286343000000,2026-09-10T12:25:15.753282+00:00,interpolated,88.0,1325.0,18.0
42.470753087,842358360440158569,842358360534606736,80,53,46286343000000,2026-09-10T12:25:15.753282+00:00,interpolated,-161.0,1441.0,-45.0
42.489642721,842358360459048203,842358360534606736,80,54,46286343000000,2026-09-10T12:25:15.753282+00:00,interpolated,-296.0,1455.0,-154.0
42.508532354,842358360477937836,842358360534606736,80,55,46286343000000,2026-09-10T12:25:15.753282+00:00,interpolated,-292.0,1404.0,-255.0
42.527421987,842358360496827469,842358360534606736,80,56,46286343000000,2026-09-10T12:25:15.753282+00:00,interpolated,-263.0,1301.0,-310.0
42.546311621,842358360515717103,842358360534606736,80,57,46286343000000,2026-09-10T12:25:15.753282+00:00,interpolated,-227.0,1167.0,-338.0
42.565201254,842358360534606736,842358360534606736,80,58,46286343000000,2026-09-10T12:25:15.753282+00:00,interpolated,-156.0,1052.0,-366.0
42.584090689,842358360553496171,842358361800198878,83,0,46287718000000,2026-09-10T12:25:17.133357+00:00,interpolated,-86.0,972.0,-350.0
42.602980124,842358360572385606,842358361800198878,83,1,46287718000000,2026-09-10T12:25:17.133357+00:00,interpolated,-51.0,921.0,-292.0
42.621869559,842358360591275041,842358361800198878,83,2,46287718000000,2026-09-10T12:25:17.133357+00:00,interpolated,-58.0,889.0,-246.0
42.640758994,842358360610164476,842358361800198878,83,3,46287718000000,2026-09-10T12:25:17.133357+00:00,interpolated,-70.0,872.0,-218.0
42.659648429,842358360629053911,842358361800198878,83,4,46287718000000,2026-09-10T12:25:17.133357+00:00,interpolated,-75.0,862.0,-205.0
42.678537864,842358360647943346,842358361800198878,83,5,46287718000000,2026-09-10T12:25:17.133357+00:00,interpolated,-78.0,864.0,-202.0
42.697427299,842358360666832781,842358361800198878,83,6,46287718000000,2026-09-10T12:25:17.133357+00:00,interpolated,-75.0,872.0,-211.0
42.716316734,842358360685722216,842358361800198878,83,7,46287718000000,2026-09-10T12:25:17.133357+00:00,interpolated,-80.0,862.0,-221.0
42.735206169,842358360704611651,842358361800198878,83,8,46287718000000,2026-09-10T12:25:17.133357+00:00,interpolated,-53.0,875.0,-226.0
42.754095604,842358360723501086,842358361800198878,83,9,46287718000000,2026-09-10T12:25:17.133357+00:00,interpolated,-49.0,898.0,-234.0
42.772985039,842358360742390521,842358361800198878,83,10,46287718000000,2026-09-10T12:25:17.133357+00:00,interpolated,-40.0,908.0,-252.0
42.791874473,842358360761279955,842358361800198878,83,11,46287718000000,2026-09-10T12:25:17.133357+00:00,interpolated,-44.0,918.0,-281.0
42.810763908,842358360780169390,842358361800198878,83,12,46287718000000,2026-09-10T12:25:17.133357+00:00,interpolated,1.0,922.0,-295.0
42.829653343,842358360799058825,842358361800198878,83,13,46287718000000,2026-09-10T12:25:17.133357+00:00,interpolated,19.0,958.0,-334.0
42.848542778,842358360817948260,842358361800198878,83,14,46287718000000,2026-09-10T12:25:17.133357+00:00,interpolated,39.0,952.0,-374.0
42.867432213,842358360836837695,842358361800198878,83,15,46287718000000,2026-09-10T12:25:17.133357+00:00,interpolated,69.0,938.0,-395.0
42.886321648,842358360855727130,842358361800198878,83,16,46287718000000,2026-09-10T12:25:17.133357+00:00,interpolated,96.0,954.0,-416.0
42.905211083,842358360874616565,842358361800198878,83,17,46287718000000,2026-09-10T12:25:17.133357+00:00,interpolated,95.0,959.0,-437.0
42.924100518,842358360893506000,842358361800198878,83,18,46287718000000,2026-09-10T12:25:17.133357+00:00,interpolated,81.0,1022.0,-467.0
42.942989953,842358360912395435,842358361800198878,83,19,46287718000000,2026-09-10T12:25:17.133357+00:00,interpolated,78.0,1099.0,-446.0
42.961879388,842358360931284870,842358361800198878,83,20,46287718000000,2026-09-10T12:25:17.133357+00:00,interpolated,88.0,1081.0,-441.0
42.980768823,842358360950174305,842358361800198878,83,21,46287718000000,2026-09-10T12:25:17.133357+00:00,interpolated,91.0,1061.0,-421.0
42.999658258,842358360969063740,842358361800198878,83,22,46287718000000,2026-09-10T12:25:17.133357+00:00,interpolated,97.0,1003.0,-396.0
43.018547693,842358360987953175,842358361800198878,83,23,46287718000000,2026-09-10T12:25:17.133357+00:00,interpolated,95.0,964.0,-373.0
43.037437128,842358361006842610,842358361800198878,83,24,46287718000000,2026-09-10T12:25:17.133357+00:00,interpolated,89.0,910.0,-338.0
43.056326563,842358361025732045,842358361800198878,83,25,46287718000000,2026-09-10T12:25:17.133357+00:00,interpolated,65.0,889.0,-310.0
43.075215998,842358361044621480,842358361800198878,83,26,46287718000000,2026-09-10T12:25:17.133357+00:00,interpolated,22.0,866.0,-277.0
43.094105433,842358361063510915,842358361800198878,83,27,46287718000000,2026-09-10T12:25:17.133357+00:00,interpolated,-25.0,883.0,-262.0
43.112994868,842358361082400350,842358361800198878,83,28,46287718000000,2026-09-10T12:25:17.133357+00:00,interpolated,-76.0,895.0,-253.0
43.131884303,842358361101289785,842358361800198878,83,29,46287718000000,2026-09-10T12:25:17.133357+00:00,interpolated,-125.0,943.0,-277.0
43.150773738,842358361120179220,842358361800198878,83,30,46287718000000,2026-09-10T12:25:17.133357+00:00,interpolated,-181.0,1034.0,-316.0
43.169663173,842358361139068655,842358361800198878,83,31,46287718000000,2026-09-10T12:25:17.133357+00:00,interpolated,-205.0,1127.0,-354.0
43.188552608,842358361157958090,842358361800198878,83,32,46287718000000,2026-09-10T12:25:17.133357+00:00,interpolated,-200.0,1226.0,-373.0
43.207442042,842358361176847524,842358361800198878,83,33,46287718000000,2026-09-10T12:25:17.133357+00:00,interpolated,-168.0,1300.0,-360.0
43.226331477,842358361195736959,842358361800198878,83,34,46287718000000,2026-09-10T12:25:17.133357+00:00,interpolated,-94.0,1320.0,-331.0
43.245220912,842358361214626394,842358361800198878,83,35,46287718000000,2026-09-10T12:25:17.133357+00:00,interpolated,-12.0,1275.0,-296.0
43.264110347,842358361233515829,842358361800198878,83,36,46287718000000,2026-09-10T12:25:17.133357+00:00,interpolated,67.0,1192.0,-237.0
43.282999782,842358361252405264,842358361800198878,83,37,46287718000000,2026-09-10T12:25:17.133357+00:00,interpolated,122.0,1104.0,-184.0
43.301889217,842358361271294699,842358361800198878,83,38,46287718000000,2026-09-10T12:25:17.133357+00:00,interpolated,169.0,1042.0,-159.0
43.320778652,842358361290184134,842358361800198878,83,39,46287718000000,2026-09-10T12:25:17.133357+00:00,interpolated,217.0,1010.0,-140.0
43.339668087,842358361309073569,842358361800198878,83,40,46287718000000,2026-09-10T12:25:17.133357+00:00,interpolated,232.0,984.0,-128.0
43.358557522,842358361327963004,842358361800198878,83,41,46287718000000,2026-09-10T12:25:17.133357+00:00,interpolated,234.0,985.0,-121.0
43.377446957,842358361346852439,842358361800198878,83,42,46287718000000,2026-09-10T12:25:17.133357+00:00,interpolated,224.0,988.0,-119.0
43.396336392,842358361365741874,842358361800198878,83,43,46287718000000,2026-09-10T12:25:17.133357+00:00,interpolated,200.0,988.0,-126.0
43.415225827,842358361384631309,842358361800198878,83,44,46287718000000,2026-09-10T12:25:17.133357+00:00,interpolated,148.0,992.0,-127.0
43.434115262,842358361403520744,842358361800198878,83,45,46287718000000,2026-09-10T12:25:17.133357+00:00,interpolated,110.0,1007.0,-125.0
43.453004697,842358361422410179,842358361800198878,83,46,46287718000000,2026-09-10T12:25:17.133357+00:00,interpolated,69.0,1006.0,-132.0
43.471894132,842358361441299614,842358361800198878,83,47,46287718000000,2026-09-10T12:25:17.133357+00:00,interpolated,59.0,1001.0,-154.0
43.490783567,842358361460189049,842358361800198878,83,48,46287718000000,2026-09-10T12:25:17.133357+00:00,interpolated,75.0,978.0,-175.0
43.509673002,842358361479078484,842358361800198878,83,49,46287718000000,2026-09-10T12:25:17.133357+00:00,interpolated,103.0,979.0,-200.0
43.528562437,842358361497967919,842358361800198878,83,50,46287718000000,2026-09-10T12:25:17.133357+00:00,interpolated,129.0,1008.0,-199.0
43.547451872,842358361516857354,842358361800198878,83,51,46287718000000,2026-09-10T12:25:17.133357+00:00,interpolated,112.0,1043.0,-178.0
43.566341307,842358361535746789,842358361800198878,83,52,46287718000000,2026-09-10T12:25:17.133357+00:00,interpolated,78.0,1061.0,-146.0
43.585230742,842358361554636224,842358361800198878,83,53,46287718000000,2026-09-10T12:25:17.133357+00:00,interpolated,59.0,1127.0,-144.0
43.604120177,842358361573525659,842358361800198878,83,54,46287718000000,2026-09-10T12:25:17.133357+00:00,interpolated,32.0,1281.0,-117.0
43.623009611,842358361592415093,842358361800198878,83,55,46287718000000,2026-09-10T12:25:17.133357+00:00,interpolated,3.0,1261.0,-134.0
43.641899046,842358361611304528,842358361800198878,83,56,46287718000000,2026-09-10T12:25:17.133357+00:00,interpolated,-6.0,1260.0,-177.0
43.660788481,842358361630193963,842358361800198878,83,57,46287718000000,2026-09-10T12:25:17.133357+00:00,interpolated,-3.0,1176.0,-168.0
43.679677916,842358361649083398,842358361800198878,83,58,46287718000000,2026-09-10T12:25:17.133357+00:00,interpolated,25.0,1049.0,-192.0
43.698567351,842358361667972833,842358361800198878,83,59,46287718000000,2026-09-10T12:25:17.133357+00:00,interpolated,51.0,913.0,-219.0
43.717456786,842358361686862268,842358361800198878,83,60,46287718000000,2026-09-10T12:25:17.133357+00:00,interpolated,71.0,809.0,-214.0
43.736346221,842358361705751703,842358361800198878,83,61,46287718000000,2026-09-10T12:25:17.133357+00:00,interpolated,75.0,843.0,-160.0
43.755235656,842358361724641138,842358361800198878,83,62,46287718000000,2026-09-10T12:25:17.133357+00:00,interpolated,46.0,994.0,-90.0
43.774125091,842358361743530573,842358361800198878,83,63,46287718000000,2026-09-10T12:25:17.133357+00:00,interpolated,-68.0,1154.0,-71.0
43.793014526,842358361762420008,842358361800198878,83,64,46287718000000,2026-09-10T12:25:17.133357+00:00,interpolated,-244.0,1235.0,-88.0
43.811903961,842358361781309443,842358361800198878,83,65,46287718000000,2026-09-10T12:25:17.133357+00:00,interpolated,-340.0,1232.0,-133.0
43.830793396,842358361800198878,842358361800198878,83,66,46287718000000,2026-09-10T12:25:17.133357+00:00,interpolated,-349.0,1212.0,-179.0
43.849683037,842358361819088519,842358362952467004,87,0,46288656000000,2026-09-10T12:25:18.063782+00:00,interpolated,-302.0,1168.0,-213.0
43.868572679,842358361837978161,842358362952467004,87,1,46288656000000,2026-09-10T12:25:18.063782+00:00,interpolated,-225.0,1098.0,-266.0
43.88746232,842358361856867802,842358362952467004,87,2,46288656000000,2026-09-10T12:25:18.063782+00:00,interpolated,-137.0,1030.0,-301.0
43.906351962,842358361875757444,842358362952467004,87,3,46288656000000,2026-09-10T12:25:18.063782+00:00,interpolated,-40.0,950.0,-347.0
43.925241603,842358361894647085,842358362952467004,87,4,46288656000000,2026-09-10T12:25:18.063782+00:00,interpolated,-1.0,906.0,-350.0
43.944131244,842358361913536726,842358362952467004,87,5,46288656000000,2026-09-10T12:25:18.063782+00:00,interpolated,33.0,852.0,-363.0
43.963020886,842358361932426368,842358362952467004,87,6,46288656000000,2026-09-10T12:25:18.063782+00:00,interpolated,87.0,834.0,-336.0
43.981910527,842358361951316009,842358362952467004,87,7,46288656000000,2026-09-10T12:25:18.063782+00:00,interpolated,101.0,816.0,-315.0
44.000800169,842358361970205651,842358362952467004,87,8,46288656000000,2026-09-10T12:25:18.063782+00:00,interpolated,98.0,832.0,-293.0
44.01968981,842358361989095292,842358362952467004,87,9,46288656000000,2026-09-10T12:25:18.063782+00:00,interpolated,74.0,843.0,-273.0
44.038579452,842358362007984934,842358362952467004,87,10,46288656000000,2026-09-10T12:25:18.063782+00:00,interpolated,53.0,860.0,-251.0
44.057469093,842358362026874575,842358362952467004,87,11,46288656000000,2026-09-10T12:25:18.063782+00:00,interpolated,22.0,898.0,-237.0
44.076358734,842358362045764216,842358362952467004,87,12,46288656000000,2026-09-10T12:25:18.063782+00:00,interpolated,1.0,936.0,-218.0
44.095248376,842358362064653858,842358362952467004,87,13,46288656000000,2026-09-10T12:25:18.063782+00:00,interpolated,-13.0,979.0,-215.0
44.114138017,842358362083543499,842358362952467004,87,14,46288656000000,2026-09-10T12:25:18.063782+00:00,interpolated,-18.0,1010.0,-221.0
44.133027659,842358362102433141,842358362952467004,87,15,46288656000000,2026-09-10T12:25:18.063782+00:00,interpolated,-5.0,1010.0,-240.0
44.1519173,842358362121322782,842358362952467004,87,16,46288656000000,2026-09-10T12:25:18.063782+00:00,interpolated,-6.0,1013.0,-284.0
44.170806941,842358362140212423,842358362952467004,87,17,46288656000000,2026-09-10T12:25:18.063782+00:00,interpolated,27.0,1126.0,-346.0
44.189696583,842358362159102065,842358362952467004,87,18,46288656000000,2026-09-10T12:25:18.063782+00:00,interpolated,67.0,1230.0,-400.0
44.208586224,842358362177991706,842358362952467004,87,19,46288656000000,2026-09-10T12:25:18.063782+00:00,interpolated,102.0,1220.0,-467.0
44.227475866,842358362196881348,842358362952467004,87,20,46288656000000,2026-09-10T12:25:18.063782+00:00,interpolated,109.0,1196.0,-523.0
44.246365507,842358362215770989,842358362952467004,87,21,46288656000000,2026-09-10T12:25:18.063782+00:00,interpolated,110.0,1130.0,-559.0
44.265255148,842358362234660630,842358362952467004,87,22,46288656000000,2026-09-10T12:25:18.063782+00:00,interpolated,91.0,1047.0,-563.0
44.28414479,842358362253550272,842358362952467004,87,23,46288656000000,2026-09-10T12:25:18.063782+00:00,interpolated,35.0,925.0,-516.0
44.303034431,842358362272439913,842358362952467004,87,24,46288656000000,2026-09-10T12:25:18.063782+00:00,interpolated,1.0,814.0,-462.0
44.321924073,842358362291329555,842358362952467004,87,25,46288656000000,2026-09-10T12:25:18.063782+00:00,interpolated,-37.0,773.0,-399.0
44.340813714,842358362310219196,842358362952467004,87,26,46288656000000,2026-09-10T12:25:18.063782+00:00,interpolated,-164.0,909.0,-333.0
44.359703355,842358362329108837,842358362952467004,87,27,46288656000000,2026-09-10T12:25:18.063782+00:00,interpolated,-263.0,1058.0,-332.0
44.378592997,842358362347998479,842358362952467004,87,28,46288656000000,2026-09-10T12:25:18.063782+00:00,interpolated,-348.0,1120.0,-378.0
44.397482638,842358362366888120,842358362952467004,87,29,46288656000000,2026-09-10T12:25:18.063782+00:00,interpolated,-346.0,1168.0,-403.0
44.41637228,842358362385777762,842358362952467004,87,30,46288656000000,2026-09-10T12:25:18.063782+00:00,interpolated,-282.0,1167.0,-375.0
44.435261921,842358362404667403,842358362952467004,87,31,46288656000000,2026-09-10T12:25:18.063782+00:00,interpolated,-187.0,1092.0,-323.0
44.454151563,842358362423557045,842358362952467004,87,32,46288656000000,2026-09-10T12:25:18.063782+00:00,interpolated,-85.0,1016.0,-292.0
44.473041204,842358362442446686,842358362952467004,87,33,46288656000000,2026-09-10T12:25:18.063782+00:00,interpolated,-13.0,984.0,-255.0
44.491930845,842358362461336327,842358362952467004,87,34,46288656000000,2026-09-10T12:25:18.063782+00:00,interpolated,50.0,985.0,-238.0
44.510820487,842358362480225969,842358362952467004,87,35,46288656000000,2026-09-10T12:25:18.063782+00:00,interpolated,83.0,969.0,-222.0
44.529710128,842358362499115610,842358362952467004,87,36,46288656000000,2026-09-10T12:25:18.063782+00:00,interpolated,111.0,977.0,-215.0
44.54859977,842358362518005252,842358362952467004,87,37,46288656000000,2026-09-10T12:25:18.063782+00:00,interpolated,118.0,957.0,-212.0
44.567489411,842358362536894893,842358362952467004,87,38,46288656000000,2026-09-10T12:25:18.063782+00:00,interpolated,124.0,939.0,-231.0
44.586379052,842358362555784534,842358362952467004,87,39,46288656000000,2026-09-10T12:25:18.063782+00:00,interpolated,111.0,906.0,-249.0
44.605268694,842358362574674176,842358362952467004,87,40,46288656000000,2026-09-10T12:25:18.063782+00:00,interpolated,72.0,900.0,-273.0
44.624158335,842358362593563817,842358362952467004,87,41,46288656000000,2026-09-10T12:25:18.063782+00:00,interpolated,19.0,890.0,-273.0
44.643047977,842358362612453459,842358362952467004,87,42,46288656000000,2026-09-10T12:25:18.063782+00:00,interpolated,-5.0,894.0,-250.0
44.661937618,842358362631343100,842358362952467004,87,43,46288656000000,2026-09-10T12:25:18.063782+00:00,interpolated,4.0,902.0,-231.0
44.680827259,842358362650232741,842358362952467004,87,44,46288656000000,2026-09-10T12:25:18.063782+00:00,interpolated,47.0,922.0,-227.0
44.699716901,842358362669122383,842358362952467004,87,45,46288656000000,2026-09-10T12:25:18.063782+00:00,interpolated,88.0,953.0,-230.0
44.718606542,842358362688012024,842358362952467004,87,46,46288656000000,2026-09-10T12:25:18.063782+00:00,interpolated,123.0,972.0,-241.0
44.737496184,842358362706901666,842358362952467004,87,47,46288656000000,2026-09-10T12:25:18.063782+00:00,interpolated,144.0,970.0,-263.0
44.756385825,842358362725791307,842358362952467004,87,48,46288656000000,2026-09-10T12:25:18.063782+00:00,interpolated,164.0,955.0,-279.0
44.775275466,842358362744680948,842358362952467004,87,49,46288656000000,2026-09-10T12:25:18.063782+00:00,interpolated,182.0,968.0,-289.0
44.794165108,842358362763570590,842358362952467004,87,50,46288656000000,2026-09-10T12:25:18.063782+00:00,interpolated,186.0,996.0,-284.0
44.813054749,842358362782460231,842358362952467004,87,51,46288656000000,2026-09-10T12:25:18.063782+00:00,interpolated,190.0,1039.0,-275.0
44.831944391,842358362801349873,842358362952467004,87,52,46288656000000,2026-09-10T12:25:18.063782+00:00,interpolated,204.0,1128.0,-276.0
44.850834032,842358362820239514,842358362952467004,87,53,46288656000000,2026-09-10T12:25:18.063782+00:00,interpolated,181.0,1395.0,-259.0
44.869723674,842358362839129156,842358362952467004,87,54,46288656000000,2026-09-10T12:25:18.063782+00:00,interpolated,74.0,1419.0,-271.0
44.888613315,842358362858018797,842358362952467004,87,55,46288656000000,2026-09-10T12:25:18.063782+00:00,interpolated,-17.0,1373.0,-355.0
44.907502956,842358362876908438,842358362952467004,87,56,46288656000000,2026-09-10T12:25:18.063782+00:00,interpolated,-80.0,1235.0,-352.0
44.926392598,842358362895798080,842358362952467004,87,57,46288656000000,2026-09-10T12:25:18.063782+00:00,interpolated,-46.0,1074.0,-360.0
44.945282239,842358362914687721,842358362952467004,87,58,46288656000000,2026-09-10T12:25:18.063782+00:00,interpolated,2.0,962.0,-368.0
44.964171881,842358362933577363,842358362952467004,87,59,46288656000000,2026-09-10T12:25:18.063782+00:00,interpolated,67.0,880.0,-337.0
44.983061522,842358362952467004,842358362952467004,87,60,46288656000000,2026-09-10T12:25:18.063782+00:00,interpolated,107.0,819.0,-265.0
45.001950763,842358362971356245,842358364104710714,90,0,46289765000000,2026-09-10T12:25:19.174052+00:00,interpolated,120.0,793.0,-190.0
45.020840004,842358362990245486,842358364104710714,90,1,46289765000000,2026-09-10T12:25:19.174052+00:00,interpolated,109.0,838.0,-144.0
45.039729245,842358363009134727,842358364104710714,90,2,46289765000000,2026-09-10T12:25:19.174052+00:00,interpolated,103.0,970.0,-123.0
45.058618487,842358363028023969,842358364104710714,90,3,46289765000000,2026-09-10T12:25:19.174052+00:00,interpolated,44.0,1117.0,-138.0
45.077507728,842358363046913210,842358364104710714,90,4,46289765000000,2026-09-10T12:25:19.174052+00:00,interpolated,-31.0,1242.0,-151.0
45.096396969,842358363065802451,842358364104710714,90,5,46289765000000,2026-09-10T12:25:19.174052+00:00,interpolated,-99.0,1312.0,-172.0
45.11528621,842358363084691692,842358364104710714,90,6,46289765000000,2026-09-10T12:25:19.174052+00:00,interpolated,-138.0,1313.0,-212.0
45.134175451,842358363103580933,842358364104710714,90,7,46289765000000,2026-09-10T12:25:19.174052+00:00,interpolated,-152.0,1263.0,-251.0
45.153064692,842358363122470174,842358364104710714,90,8,46289765000000,2026-09-10T12:25:19.174052+00:00,interpolated,-170.0,1192.0,-320.0
45.171953933,842358363141359415,842358364104710714,90,9,46289765000000,2026-09-10T12:25:19.174052+00:00,interpolated,-106.0,1100.0,-354.0
45.190843175,842358363160248657,842358364104710714,90,10,46289765000000,2026-09-10T12:25:19.174052+00:00,interpolated,-87.0,1012.0,-392.0
45.209732416,842358363179137898,842358364104710714,90,11,46289765000000,2026-09-10T12:25:19.174052+00:00,interpolated,-68.0,945.0,-410.0
45.228621657,842358363198027139,842358364104710714,90,12,46289765000000,2026-09-10T12:25:19.174052+00:00,interpolated,-7.0,873.0,-399.0
45.247510898,842358363216916380,842358364104710714,90,13,46289765000000,2026-09-10T12:25:19.174052+00:00,interpolated,9.0,835.0,-409.0
45.266400139,842358363235805621,842358364104710714,90,14,46289765000000,2026-09-10T12:25:19.174052+00:00,interpolated,25.0,801.0,-385.0
45.28528938,842358363254694862,842358364104710714,90,15,46289765000000,2026-09-10T12:25:19.174052+00:00,interpolated,36.0,803.0,-371.0
45.304178622,842358363273584104,842358364104710714,90,16,46289765000000,2026-09-10T12:25:19.174052+00:00,interpolated,33.0,806.0,-359.0
45.323067863,842358363292473345,842358364104710714,90,17,46289765000000,2026-09-10T12:25:19.174052+00:00,interpolated,17.0,806.0,-356.0
45.341957104,842358363311362586,842358364104710714,90,18,46289765000000,2026-09-10T12:25:19.174052+00:00,interpolated,8.0,798.0,-351.0
45.360846345,842358363330251827,842358364104710714,90,19,46289765000000,2026-09-10T12:25:19.174052+00:00,interpolated,3.0,803.0,-340.0
45.379735586,842358363349141068,842358364104710714,90,20,46289765000000,2026-09-10T12:25:19.174052+00:00,interpolated,-1.0,783.0,-337.0
45.398624827,842358363368030309,842358364104710714,90,21,46289765000000,2026-09-10T12:25:19.174052+00:00,interpolated,-16.0,771.0,-346.0
45.417514068,842358363386919550,842358364104710714,90,22,46289765000000,2026-09-10T12:25:19.174052+00:00,interpolated,-31.0,769.0,-346.0
45.43640331,842358363405808792,842358364104710714,90,23,46289765000000,2026-09-10T12:25:19.174052+00:00,interpolated,-36.0,794.0,-343.0
45.455292551,842358363424698033,842358364104710714,90,24,46289765000000,2026-09-10T12:25:19.174052+00:00,interpolated,-41.0,864.0,-347.0
45.474181792,842358363443587274,842358364104710714,90,25,46289765000000,2026-09-10T12:25:19.174052+00:00,interpolated,-22.0,911.0,-354.0
45.493071033,842358363462476515,842358364104710714,90,26,46289765000000,2026-09-10T12:25:19.174052+00:00,interpolated,22.0,945.0,-377.0
45.511960274,842358363481365756,842358364104710714,90,27,46289765000000,2026-09-10T12:25:19.174052+00:00,interpolated,67.0,1015.0,-426.0
45.530849515,842358363500254997,842358364104710714,90,28,46289765000000,2026-09-10T12:25:19.174052+00:00,interpolated,119.0,1206.0,-466.0
45.549738756,842358363519144238,842358364104710714,90,29,46289765000000,2026-09-10T12:25:19.174052+00:00,interpolated,151.0,1220.0,-519.0
45.568627998,842358363538033480,842358364104710714,90,30,46289765000000,2026-09-10T12:25:19.174052+00:00,interpolated,169.0,1164.0,-545.0
45.587517239,842358363556922721,842358364104710714,90,31,46289765000000,2026-09-10T12:25:19.174052+00:00,interpolated,154.0,1138.0,-538.0
45.60640648,842358363575811962,842358364104710714,90,32,46289765000000,2026-09-10T12:25:19.174052+00:00,interpolated,122.0,1017.0,-516.0
45.625295721,842358363594701203,842358364104710714,90,33,46289765000000,2026-09-10T12:25:19.174052+00:00,interpolated,82.0,918.0,-484.0
45.644184962,842358363613590444,842358364104710714,90,34,46289765000000,2026-09-10T12:25:19.174052+00:00,interpolated,60.0,856.0,-443.0
45.663074203,842358363632479685,842358364104710714,90,35,46289765000000,2026-09-10T12:25:19.174052+00:00,interpolated,28.0,820.0,-382.0
45.681963444,842358363651368926,842358364104710714,90,36,46289765000000,2026-09-10T12:25:19.174052+00:00,interpolated,-11.0,798.0,-337.0
45.700852686,842358363670258168,842358364104710714,90,37,46289765000000,2026-09-10T12:25:19.174052+00:00,interpolated,-30.0,793.0,-320.0
45.719741927,842358363689147409,842358364104710714,90,38,46289765000000,2026-09-10T12:25:19.174052+00:00,interpolated,-64.0,881.0,-319.0
45.738631168,842358363708036650,842358364104710714,90,39,46289765000000,2026-09-10T12:25:19.174052+00:00,interpolated,-102.0,1002.0,-338.0
45.757520409,842358363726925891,842358364104710714,90,40,46289765000000,2026-09-10T12:25:19.174052+00:00,interpolated,-104.0,1110.0,-374.0
45.77640965,842358363745815132,842358364104710714,90,41,46289765000000,2026-09-10T12:25:19.174052+00:00,interpolated,-72.0,1208.0,-386.0
45.795298891,842358363764704373,842358364104710714,90,42,46289765000000,2026-09-10T12:25:19.174052+00:00,interpolated,-24.0,1287.0,-376.0
45.814188132,842358363783593614,842358364104710714,90,43,46289765000000,2026-09-10T12:25:19.174052+00:00,interpolated,36.0,1293.0,-333.0
45.833077374,842358363802482856,842358364104710714,90,44,46289765000000,2026-09-10T12:25:19.174052+00:00,interpolated,98.0,1243.0,-296.0
45.851966615,842358363821372097,842358364104710714,90,45,46289765000000,2026-09-10T12:25:19.174052+00:00,interpolated,152.0,1136.0,-255.0
45.870855856,842358363840261338,842358364104710714,90,46,46289765000000,2026-09-10T12:25:19.174052+00:00,interpolated,171.0,1041.0,-224.0
45.889745097,842358363859150579,842358364104710714,90,47,46289765000000,2026-09-10T12:25:19.174052+00:00,interpolated,185.0,976.0,-186.0
45.908634338,842358363878039820,842358364104710714,90,48,46289765000000,2026-09-10T12:25:19.174052+00:00,interpolated,194.0,952.0,-168.0
45.927523579,842358363896929061,842358364104710714,90,49,46289765000000,2026-09-10T12:25:19.174052+00:00,interpolated,192.0,952.0,-159.0
45.946412821,842358363915818303,842358364104710714,90,50,46289765000000,2026-09-10T12:25:19.174052+00:00,interpolated,187.0,961.0,-166.0
45.965302062,842358363934707544,842358364104710714,90,51,46289765000000,2026-09-10T12:25:19.174052+00:00,interpolated,199.0,993.0,-166.0
45.984191303,842358363953596785,842358364104710714,90,52,46289765000000,2026-09-10T12:25:19.174052+00:00,interpolated,185.0,994.0,-170.0
46.003080544,842358363972486026,842358364104710714,90,53,46289765000000,2026-09-10T12:25:19.174052+00:00,interpolated,177.0,1012.0,-178.0
46.021969785,842358363991375267,842358364104710714,90,54,46289765000000,2026-09-10T12:25:19.174052+00:00,interpolated,169.0,1020.0,-174.0
46.040859026,842358364010264508,842358364104710714,90,55,46289765000000,2026-09-10T12:25:19.174052+00:00,interpolated,164.0,1014.0,-174.0
46.059748267,842358364029153749,842358364104710714,90,56,46289765000000,2026-09-10T12:25:19.174052+00:00,interpolated,152.0,981.0,-179.0
46.078637509,842358364048042991,842358364104710714,90,57,46289765000000,2026-09-10T12:25:19.174052+00:00,interpolated,134.0,965.0,-186.0
46.09752675,842358364066932232,842358364104710714,90,58,46289765000000,2026-09-10T12:25:19.174052+00:00,interpolated,103.0,930.0,-193.0
46.116415991,842358364085821473,842358364104710714,90,59,46289765000000,2026-09-10T12:25:19.174052+00:00,interpolated,111.0,928.0,-184.0
46.135305232,842358364104710714,842358364104710714,90,60,46289765000000,2026-09-10T12:25:19.174052+00:00,interpolated,109.0,956.0,-178.0
46.154194825,842358364123600307,842358365313644664,94,0,46291265000000,2026-09-10T12:25:20.673675+00:00,interpolated,95.0,1023.0,-154.0
46.173084418,842358364142489900,842358365313644664,94,1,46291265000000,2026-09-10T12:25:20.673675+00:00,interpolated,71.0,1070.0,-137.0
46.191974011,842358364161379493,842358365313644664,94,2,46291265000000,2026-09-10T12:25:20.673675+00:00,interpolated,65.0,1174.0,-132.0
46.210863604,842358364180269086,842358365313644664,94,3,46291265000000,2026-09-10T12:25:20.673675+00:00,interpolated,39.0,1354.0,-99.0
46.229753197,842358364199158679,842358365313644664,94,4,46291265000000,2026-09-10T12:25:20.673675+00:00,interpolated,-4.0,1282.0,-137.0
46.24864279,842358364218048272,842358365313644664,94,5,46291265000000,2026-09-10T12:25:20.673675+00:00,interpolated,-37.0,1259.0,-152.0
46.267532383,842358364236937865,842358365313644664,94,6,46291265000000,2026-09-10T12:25:20.673675+00:00,interpolated,-39.0,1203.0,-150.0
46.286421976,842358364255827458,842358365313644664,94,7,46291265000000,2026-09-10T12:25:20.673675+00:00,interpolated,6.0,1114.0,-190.0
46.305311569,842358364274717051,842358365313644664,94,8,46291265000000,2026-09-10T12:25:20.673675+00:00,interpolated,65.0,1053.0,-188.0
46.324201162,842358364293606644,842358365313644664,94,9,46291265000000,2026-09-10T12:25:20.673675+00:00,interpolated,91.0,1004.0,-177.0
46.343090755,842358364312496237,842358365313644664,94,10,46291265000000,2026-09-10T12:25:20.673675+00:00,interpolated,109.0,917.0,-162.0
46.361980348,842358364331385830,842358365313644664,94,11,46291265000000,2026-09-10T12:25:20.673675+00:00,interpolated,111.0,829.0,-165.0
46.380869941,842358364350275423,842358365313644664,94,12,46291265000000,2026-09-10T12:25:20.673675+00:00,interpolated,124.0,824.0,-145.0
46.399759534,842358364369165016,842358365313644664,94,13,46291265000000,2026-09-10T12:25:20.673675+00:00,interpolated,135.0,968.0,-86.0
46.418649127,842358364388054609,842358365313644664,94,14,46291265000000,2026-09-10T12:25:20.673675+00:00,interpolated,109.0,1151.0,-28.0
46.43753872,842358364406944202,842358365313644664,94,15,46291265000000,2026-09-10T12:25:20.673675+00:00,interpolated,14.0,1274.0,-8.0
46.456428312,842358364425833794,842358365313644664,94,16,46291265000000,2026-09-10T12:25:20.673675+00:00,interpolated,-92.0,1290.0,-20.0
46.475317905,842358364444723387,842358365313644664,94,17,46291265000000,2026-09-10T12:25:20.673675+00:00,interpolated,-181.0,1298.0,-36.0
46.494207498,842358364463612980,842358365313644664,94,18,46291265000000,2026-09-10T12:25:20.673675+00:00,interpolated,-224.0,1260.0,-89.0
46.513097091,842358364482502573,842358365313644664,94,19,46291265000000,2026-09-10T12:25:20.673675+00:00,interpolated,-229.0,1196.0,-147.0
46.531986684,842358364501392166,842358365313644664,94,20,46291265000000,2026-09-10T12:25:20.673675+00:00,interpolated,-198.0,1114.0,-187.0
46.550876277,842358364520281759,842358365313644664,94,21,46291265000000,2026-09-10T12:25:20.673675+00:00,interpolated,-143.0,1026.0,-212.0
46.56976587,842358364539171352,842358365313644664,94,22,46291265000000,2026-09-10T12:25:20.673675+00:00,interpolated,-73.0,954.0,-227.0
46.588655463,842358364558060945,842358365313644664,94,23,46291265000000,2026-09-10T12:25:20.673675+00:00,interpolated,-28.0,896.0,-234.0
46.607545056,842358364576950538,842358365313644664,94,24,46291265000000,2026-09-10T12:25:20.673675+00:00,interpolated,1.0,868.0,-242.0
46.626434649,842358364595840131,842358365313644664,94,25,46291265000000,2026-09-10T12:25:20.673675+00:00,interpolated,3.0,853.0,-220.0
46.645324242,842358364614729724,842358365313644664,94,26,46291265000000,2026-09-10T12:25:20.673675+00:00,interpolated,-21.0,842.0,-202.0
46.664213835,842358364633619317,842358365313644664,94,27,46291265000000,2026-09-10T12:25:20.673675+00:00,interpolated,-33.0,845.0,-174.0
46.683103428,842358364652508910,842358365313644664,94,28,46291265000000,2026-09-10T12:25:20.673675+00:00,interpolated,-44.0,860.0,-144.0
46.701993021,842358364671398503,842358365313644664,94,29,46291265000000,2026-09-10T12:25:20.673675+00:00,interpolated,-55.0,862.0,-131.0
46.720882614,842358364690288096,842358365313644664,94,30,46291265000000,2026-09-10T12:25:20.673675+00:00,interpolated,-56.0,897.0,-118.0
46.739772207,842358364709177689,842358365313644664,94,31,46291265000000,2026-09-10T12:25:20.673675+00:00,interpolated,-59.0,937.0,-107.0
46.7586618,842358364728067282,842358365313644664,94,32,46291265000000,2026-09-10T12:25:20.673675+00:00,interpolated,-56.0,970.0,-117.0
46.777551393,842358364746956875,842358365313644664,94,33,46291265000000,2026-09-10T12:25:20.673675+00:00,interpolated,-70.0,1015.0,-131.0
46.796440986,842358364765846468,842358365313644664,94,34,46291265000000,2026-09-10T12:25:20.673675+00:00,interpolated,-74.0,1023.0,-166.0
46.815330579,842358364784736061,842358365313644664,94,35,46291265000000,2026-09-10T12:25:20.673675+00:00,interpolated,-71.0,1048.0,-192.0
46.834220172,842358364803625654,842358365313644664,94,36,46291265000000,2026-09-10T12:25:20.673675+00:00,interpolated,-52.0,1065.0,-209.0
46.853109765,842358364822515247,842358365313644664,94,37,46291265000000,2026-09-10T12:25:20.673675+00:00,interpolated,-22.0,1189.0,-225.0
46.871999358,842358364841404840,842358365313644664,94,38,46291265000000,2026-09-10T12:25:20.673675+00:00,interpolated,7.0,1218.0,-245.0
46.890888951,842358364860294433,842358365313644664,94,39,46291265000000,2026-09-10T12:25:20.673675+00:00,interpolated,23.0,1184.0,-310.0
46.909778544,842358364879184026,842358365313644664,94,40,46291265000000,2026-09-10T12:25:20.673675+00:00,interpolated,37.0,1193.0,-334.0
46.928668137,842358364898073619,842358365313644664,94,41,46291265000000,2026-09-10T12:25:20.673675+00:00,interpolated,57.0,1164.0,-355.0
46.94755773,842358364916963212,842358365313644664,94,42,46291265000000,2026-09-10T12:25:20.673675+00:00,interpolated,77.0,1119.0,-349.0
46.966447323,842358364935852805,842358365313644664,94,43,46291265000000,2026-09-10T12:25:20.673675+00:00,interpolated,40.0,1068.0,-291.0
46.985336916,842358364954742398,842358365313644664,94,44,46291265000000,2026-09-10T12:25:20.673675+00:00,interpolated,-15.0,1007.0,-223.0
47.004226509,842358364973631991,842358365313644664,94,45,46291265000000,2026-09-10T12:25:20.673675+00:00,interpolated,-64.0,938.0,-182.0
47.023116102,842358364992521584,842358365313644664,94,46,46291265000000,2026-09-10T12:25:20.673675+00:00,interpolated,-95.0,873.0,-148.0
47.042005695,842358365011411177,842358365313644664,94,47,46291265000000,2026-09-10T12:25:20.673675+00:00,interpolated,-123.0,875.0,-130.0
47.060895287,842358365030300769,842358365313644664,94,48,46291265000000,2026-09-10T12:25:20.673675+00:00,interpolated,-164.0,884.0,-136.0
47.07978488,842358365049190362,842358365313644664,94,49,46291265000000,2026-09-10T12:25:20.673675+00:00,interpolated,-214.0,924.0,-158.0
47.098674473,842358365068079955,842358365313644664,94,50,46291265000000,2026-09-10T12:25:20.673675+00:00,interpolated,-236.0,1004.0,-183.0
47.117564066,842358365086969548,842358365313644664,94,51,46291265000000,2026-09-10T12:25:20.673675+00:00,interpolated,-235.0,1073.0,-215.0
47.136453659,842358365105859141,842358365313644664,94,52,46291265000000,2026-09-10T12:25:20.673675+00:00,interpolated,-193.0,1125.0,-219.0
47.155343252,842358365124748734,842358365313644664,94,53,46291265000000,2026-09-10T12:25:20.673675+00:00,interpolated,-124.0,1185.0,-213.0
47.174232845,842358365143638327,842358365313644664,94,54,46291265000000,2026-09-10T12:25:20.673675+00:00,interpolated,-37.0,1214.0,-205.0
47.193122438,842358365162527920,842358365313644664,94,55,46291265000000,2026-09-10T12:25:20.673675+00:00,interpolated,66.0,1215.0,-206.0
47.212012031,842358365181417513,842358365313644664,94,56,46291265000000,2026-09-10T12:25:20.673675+00:00,interpolated,146.0,1170.0,-208.0
47.230901624,842358365200307106,842358365313644664,94,57,46291265000000,2026-09-10T12:25:20.673675+00:00,interpolated,216.0,1080.0,-216.0
47.249791217,842358365219196699,842358365313644664,94,58,46291265000000,2026-09-10T12:25:20.673675+00:00,interpolated,258.0,985.0,-210.0
47.26868081,842358365238086292,842358365313644664,94,59,46291265000000,2026-09-10T12:25:20.673675+00:00,interpolated,281.0,923.0,-186.0
47.287570403,842358365256975885,842358365313644664,94,60,46291265000000,2026-09-10T12:25:20.673675+00:00,interpolated,282.0,888.0,-169.0
47.306459996,842358365275865478,842358365313644664,94,61,46291265000000,2026-09-10T12:25:20.673675+00:00,interpolated,264.0,872.0,-159.0
47.325349589,842358365294755071,842358365313644664,94,62,46291265000000,2026-09-10T12:25:20.673675+00:00,interpolated,226.0,897.0,-166.0
47.344239182,842358365313644664,842358365313644664,94,63,46291265000000,2026-09-10T12:25:20.673675+00:00,interpolated,201.0,918.0,-177.0
47.363128964,842358365332534446,842358366654819210,97,0,46292375000000,2026-09-10T12:25:21.783995+00:00,interpolated,180.0,930.0,-189.0
47.382018747,842358365351424229,842358366654819210,97,1,46292375000000,2026-09-10T12:25:21.783995+00:00,interpolated,180.0,954.0,-201.0
47.400908529,842358365370314011,842358366654819210,97,2,46292375000000,2026-09-10T12:25:21.783995+00:00,interpolated,189.0,970.0,-206.0
47.419798311,842358365389203793,842358366654819210,97,3,46292375000000,2026-09-10T12:25:21.783995+00:00,interpolated,192.0,987.0,-226.0
47.438688094,842358365408093576,842358366654819210,97,4,46292375000000,2026-09-10T12:25:21.783995+00:00,interpolated,167.0,981.0,-235.0
47.457577876,842358365426983358,842358366654819210,97,5,46292375000000,2026-09-10T12:25:21.783995+00:00,interpolated,132.0,976.0,-264.0
47.476467658,842358365445873140,842358366654819210,97,6,46292375000000,2026-09-10T12:25:21.783995+00:00,interpolated,113.0,994.0,-285.0
47.495357441,842358365464762923,842358366654819210,97,7,46292375000000,2026-09-10T12:25:21.783995+00:00,interpolated,110.0,1033.0,-281.0
47.514247223,842358365483652705,842358366654819210,97,8,46292375000000,2026-09-10T12:25:21.783995+00:00,interpolated,115.0,1082.0,-257.0
47.533137005,842358365502542487,842358366654819210,97,9,46292375000000,2026-09-10T12:25:21.783995+00:00,interpolated,113.0,1176.0,-223.0
47.552026788,842358365521432270,842358366654819210,97,10,46292375000000,2026-09-10T12:25:21.783995+00:00,interpolated,78.0,1299.0,-158.0
47.57091657,842358365540322052,842358366654819210,97,11,46292375000000,2026-09-10T12:25:21.783995+00:00,interpolated,28.0,1258.0,-178.0
47.589806352,842358365559211834,842358366654819210,97,12,46292375000000,2026-09-10T12:25:21.783995+00:00,interpolated,-20.0,1243.0,-184.0
47.608696135,842358365578101617,842358366654819210,97,13,46292375000000,2026-09-10T12:25:21.783995+00:00,interpolated,-49.0,1193.0,-195.0
47.627585917,842358365596991399,842358366654819210,97,14,46292375000000,2026-09-10T12:25:21.783995+00:00,interpolated,-35.0,1122.0,-224.0
47.646475699,842358365615881181,842358366654819210,97,15,46292375000000,2026-09-10T12:25:21.783995+00:00,interpolated,-1.0,1075.0,-237.0
47.665365482,842358365634770964,842358366654819210,97,16,46292375000000,2026-09-10T12:25:21.783995+00:00,interpolated,26.0,1034.0,-213.0
47.684255264,842358365653660746,842358366654819210,97,17,46292375000000,2026-09-10T12:25:21.783995+00:00,interpolated,56.0,1003.0,-181.0
47.703145046,842358365672550528,842358366654819210,97,18,46292375000000,2026-09-10T12:25:21.783995+00:00,interpolated,61.0,972.0,-180.0
47.722034829,842358365691440311,842358366654819210,97,19,46292375000000,2026-09-10T12:25:21.783995+00:00,interpolated,61.0,991.0,-193.0
47.740924611,842358365710330093,842358366654819210,97,20,46292375000000,2026-09-10T12:25:21.783995+00:00,interpolated,52.0,999.0,-189.0
47.759814393,842358365729219875,842358366654819210,97,21,46292375000000,2026-09-10T12:25:21.783995+00:00,interpolated,40.0,1006.0,-172.0
47.778704176,842358365748109658,842358366654819210,97,22,46292375000000,2026-09-10T12:25:21.783995+00:00,interpolated,16.0,1047.0,-140.0
47.797593958,842358365766999440,842358366654819210,97,23,46292375000000,2026-09-10T12:25:21.783995+00:00,interpolated,-23.0,1124.0,-82.0
47.81648374,842358365785889222,842358366654819210,97,24,46292375000000,2026-09-10T12:25:21.783995+00:00,interpolated,-91.0,1196.0,-63.0
47.835373523,842358365804779005,842358366654819210,97,25,46292375000000,2026-09-10T12:25:21.783995+00:00,interpolated,-173.0,1230.0,-68.0
47.854263305,842358365823668787,842358366654819210,97,26,46292375000000,2026-09-10T12:25:21.783995+00:00,interpolated,-234.0,1244.0,-90.0
47.873153087,842358365842558569,842358366654819210,97,27,46292375000000,2026-09-10T12:25:21.783995+00:00,interpolated,-272.0,1211.0,-128.0
47.89204287,842358365861448352,842358366654819210,97,28,46292375000000,2026-09-10T12:25:21.783995+00:00,interpolated,-260.0,1156.0,-169.0
47.910932652,842358365880338134,842358366654819210,97,29,46292375000000,2026-09-10T12:25:21.783995+00:00,interpolated,-227.0,1073.0,-207.0
47.929822434,842358365899227916,842358366654819210,97,30,46292375000000,2026-09-10T12:25:21.783995+00:00,interpolated,-192.0,1011.0,-268.0
47.948712217,842358365918117699,842358366654819210,97,31,46292375000000,2026-09-10T12:25:21.783995+00:00,interpolated,-127.0,935.0,-301.0
47.967601999,842358365937007481,842358366654819210,97,32,46292375000000,2026-09-10T12:25:21.783995+00:00,interpolated,-105.0,898.0,-321.0
47.986491781,842358365955897263,842358366654819210,97,33,46292375000000,2026-09-10T12:25:21.783995+00:00,interpolated,-93.0,868.0,-339.0
48.005381564,842358365974787046,842358366654819210,97,34,46292375000000,2026-09-10T12:25:21.783995+00:00,interpolated,-59.0,843.0,-320.0
48.024271346,842358365993676828,842358366654819210,97,35,46292375000000,2026-09-10T12:25:21.783995+00:00,interpolated,-47.0,834.0,-304.0
48.043161129,842358366012566611,842358366654819210,97,36,46292375000000,2026-09-10T12:25:21.783995+00:00,interpolated,-58.0,841.0,-292.0
48.062050911,842358366031456393,842358366654819210,97,37,46292375000000,2026-09-10T12:25:21.783995+00:00,interpolated,-77.0,865.0,-292.0
48.080940693,842358366050346175,842358366654819210,97,38,46292375000000,2026-09-10T12:25:21.783995+00:00,interpolated,-75.0,862.0,-273.0
48.099830476,842358366069235958,842358366654819210,97,39,46292375000000,2026-09-10T12:25:21.783995+00:00,interpolated,-97.0,899.0,-274.0
48.118720258,842358366088125740,842358366654819210,97,40,46292375000000,2026-09-10T12:25:21.783995+00:00,interpolated,-110.0,928.0,-274.0
48.13761004,842358366107015522,842358366654819210,97,41,46292375000000,2026-09-10T12:25:21.783995+00:00,interpolated,-108.0,937.0,-286.0
48.156499823,842358366125905305,842358366654819210,97,42,46292375000000,2026-09-10T12:25:21.783995+00:00,interpolated,-96.0,944.0,-295.0
48.175389605,842358366144795087,842358366654819210,97,43,46292375000000,2026-09-10T12:25:21.783995+00:00,interpolated,-73.0,959.0,-312.0
48.194279387,842358366163684869,842358366654819210,97,44,46292375000000,2026-09-10T12:25:21.783995+00:00,interpolated,-54.0,975.0,-331.0
48.21316917,842358366182574652,842358366654819210,97,45,46292375000000,2026-09-10T12:25:21.783995+00:00,interpolated,-41.0,1073.0,-370.0
48.232058952,842358366201464434,842358366654819210,97,46,46292375000000,2026-09-10T12:25:21.783995+00:00,interpolated,-21.0,1096.0,-392.0
48.250948734,842358366220354216,842358366654819210,97,47,46292375000000,2026-09-10T12:25:21.783995+00:00,interpolated,3.0,1025.0,-452.0
48.269838517,842358366239243999,842358366654819210,97,48,46292375000000,2026-09-10T12:25:21.783995+00:00,interpolated,7.0,987.0,-479.0
48.288728299,842358366258133781,842358366654819210,97,49,46292375000000,2026-09-10T12:25:21.783995+00:00,interpolated,4.0,976.0,-500.0
48.307618081,842358366277023563,842358366654819210,97,50,46292375000000,2026-09-10T12:25:21.783995+00:00,interpolated,-8.0,978.0,-492.0
48.326507864,842358366295913346,842358366654819210,97,51,46292375000000,2026-09-10T12:25:21.783995+00:00,interpolated,-24.0,990.0,-453.0
48.345397646,842358366314803128,842358366654819210,97,52,46292375000000,2026-09-10T12:25:21.783995+00:00,interpolated,-39.0,980.0,-388.0
48.364287428,842358366333692910,842358366654819210,97,53,46292375000000,2026-09-10T12:25:21.783995+00:00,interpolated,-55.0,933.0,-314.0
48.383177211,842358366352582693,842358366654819210,97,54,46292375000000,2026-09-10T12:25:21.783995+00:00,interpolated,-77.0,900.0,-260.0
48.402066993,842358366371472475,842358366654819210,97,55,46292375000000,2026-09-10T12:25:21.783995+00:00,interpolated,-98.0,868.0,-229.0
48.420956775,842358366390362257,842358366654819210,97,56,46292375000000,2026-09-10T12:25:21.783995+00:00,interpolated,-125.0,872.0,-200.0
48.439846558,842358366409252040,842358366654819210,97,57,46292375000000,2026-09-10T12:25:21.783995+00:00,interpolated,-135.0,902.0,-176.0
48.45873634,842358366428141822,842358366654819210,97,58,46292375000000,2026-09-10T12:25:21.783995+00:00,interpolated,-144.0,917.0,-189.0
48.477626122,842358366447031604,842358366654819210,97,59,46292375000000,2026-09-10T12:25:21.783995+00:00,interpolated,-140.0,964.0,-202.0
48.496515905,842358366465921387,842358366654819210,97,60,46292375000000,2026-09-10T12:25:21.783995+00:00,interpolated,-132.0,1035.0,-236.0
48.515405687,842358366484811169,842358366654819210,97,61,46292375000000,2026-09-10T12:25:21.783995+00:00,interpolated,-105.0,1116.0,-264.0
48.534295469,842358366503700951,842358366654819210,97,62,46292375000000,2026-09-10T12:25:21.783995+00:00,interpolated,-82.0,1184.0,-288.0
48.553185252,842358366522590734,842358366654819210,97,63,46292375000000,2026-09-10T12:25:21.783995+00:00,interpolated,-48.0,1236.0,-282.0
48.572075034,842358366541480516,842358366654819210,97,64,46292375000000,2026-09-10T12:25:21.783995+00:00,interpolated,-7.0,1247.0,-251.0
48.590964816,842358366560370298,842358366654819210,97,65,46292375000000,2026-09-10T12:25:21.783995+00:00,interpolated,65.0,1224.0,-238.0
48.609854599,842358366579260081,842358366654819210,97,66,46292375000000,2026-09-10T12:25:21.783995+00:00,interpolated,125.0,1172.0,-250.0
48.628744381,842358366598149863,842358366654819210,97,67,46292375000000,2026-09-10T12:25:21.783995+00:00,interpolated,165.0,1108.0,-263.0
48.647634163,842358366617039645,842358366654819210,97,68,46292375000000,2026-09-10T12:25:21.783995+00:00,interpolated,169.0,1032.0,-282.0
48.666523946,842358366635929428,842358366654819210,97,69,46292375000000,2026-09-10T12:25:21.783995+00:00,interpolated,160.0,978.0,-283.0
48.685413728,842358366654819210,842358366654819210,97,70,46292375000000,2026-09-10T12:25:21.783995+00:00,interpolated,160.0,946.0,-278.0
48.704303098,842358366673708580,842358368014853880,100,0,46293906000000,2026-09-10T12:25:23.313602+00:00,interpolated,159.0,937.0,-258.0
48.723192469,842358366692597951,842358368014853880,100,1,46293906000000,2026-09-10T12:25:23.313602+00:00,interpolated,137.0,952.0,-236.0
48.742081839,842358366711487321,842358368014853880,100,2,46293906000000,2026-09-10T12:25:23.313602+00:00,interpolated,110.0,980.0,-236.0
48.76097121,842358366730376692,842358368014853880,100,3,46293906000000,2026-09-10T12:25:23.313602+00:00,interpolated,87.0,1013.0,-242.0
48.77986058,842358366749266062,842358368014853880,100,4,46293906000000,2026-09-10T12:25:23.313602+00:00,interpolated,85.0,1046.0,-252.0
48.798749951,842358366768155433,842358368014853880,100,5,46293906000000,2026-09-10T12:25:23.313602+00:00,interpolated,101.0,1065.0,-254.0
48.817639321,842358366787044803,842358368014853880,100,6,46293906000000,2026-09-10T12:25:23.313602+00:00,interpolated,96.0,1071.0,-279.0
48.836528691,842358366805934173,842358368014853880,100,7,46293906000000,2026-09-10T12:25:23.313602+00:00,interpolated,91.0,1055.0,-311.0
48.855418062,842358366824823544,842358368014853880,100,8,46293906000000,2026-09-10T12:25:23.313602+00:00,interpolated,87.0,1034.0,-321.0
48.874307432,842358366843712914,842358368014853880,100,9,46293906000000,2026-09-10T12:25:23.313602+00:00,interpolated,78.0,1024.0,-304.0
48.893196803,842358366862602285,842358368014853880,100,10,46293906000000,2026-09-10T12:25:23.313602+00:00,interpolated,77.0,1012.0,-287.0
48.912086173,842358366881491655,842358368014853880,100,11,46293906000000,2026-09-10T12:25:23.313602+00:00,interpolated,64.0,1002.0,-290.0
48.930975543,842358366900381025,842358368014853880,100,12,46293906000000,2026-09-10T12:25:23.313602+00:00,interpolated,56.0,993.0,-294.0
48.949864914,842358366919270396,842358368014853880,100,13,46293906000000,2026-09-10T12:25:23.313602+00:00,interpolated,80.0,1001.0,-293.0
48.968754284,842358366938159766,842358368014853880,100,14,46293906000000,2026-09-10T12:25:23.313602+00:00,interpolated,103.0,1010.0,-302.0
48.987643655,842358366957049137,842358368014853880,100,15,46293906000000,2026-09-10T12:25:23.313602+00:00,interpolated,103.0,1039.0,-265.0
49.006533025,842358366975938507,842358368014853880,100,16,46293906000000,2026-09-10T12:25:23.313602+00:00,interpolated,100.0,1118.0,-233.0
49.025422396,842358366994827878,842358368014853880,100,17,46293906000000,2026-09-10T12:25:23.313602+00:00,interpolated,83.0,1133.0,-210.0
49.044311766,842358367013717248,842358368014853880,100,18,46293906000000,2026-09-10T12:25:23.313602+00:00,interpolated,30.0,1061.0,-199.0
49.063201136,842358367032606618,842358368014853880,100,19,46293906000000,2026-09-10T12:25:23.313602+00:00,interpolated,-8.0,971.0,-218.0
49.082090507,842358367051495989,842358368014853880,100,20,46293906000000,2026-09-10T12:25:23.313602+00:00,interpolated,-23.0,920.0,-212.0
49.100979877,842358367070385359,842358368014853880,100,21,46293906000000,2026-09-10T12:25:23.313602+00:00,interpolated,-49.0,942.0,-163.0
49.119869248,842358367089274730,842358368014853880,100,22,46293906000000,2026-09-10T12:25:23.313602+00:00,interpolated,-106.0,948.0,-119.0
49.138758618,842358367108164100,842358368014853880,100,23,46293906000000,2026-09-10T12:25:23.313602+00:00,interpolated,-201.0,951.0,-70.0
49.157647988,842358367127053470,842358368014853880,100,24,46293906000000,2026-09-10T12:25:23.313602+00:00,interpolated,-283.0,944.0,-58.0
49.176537359,842358367145942841,842358368014853880,100,25,46293906000000,2026-09-10T12:25:23.313602+00:00,interpolated,-331.0,956.0,-41.0
49.195426729,842358367164832211,842358368014853880,100,26,46293906000000,2026-09-10T12:25:23.313602+00:00,interpolated,-360.0,943.0,-35.0
49.2143161,842358367183721582,842358368014853880,100,27,46293906000000,2026-09-10T12:25:23.313602+00:00,interpolated,-402.0,937.0,4.0
49.23320547,842358367202610952,842358368014853880,100,28,46293906000000,2026-09-10T12:25:23.313602+00:00,interpolated,-459.0,922.0,31.0
49.252094841,842358367221500323,842358368014853880,100,29,46293906000000,2026-09-10T12:25:23.313602+00:00,interpolated,-524.0,921.0,53.0
49.270984211,842358367240389693,842358368014853880,100,30,46293906000000,2026-09-10T12:25:23.313602+00:00,interpolated,-572.0,945.0,73.0
49.289873581,842358367259279063,842358368014853880,100,31,46293906000000,2026-09-10T12:25:23.313602+00:00,interpolated,-627.0,972.0,82.0
49.308762952,842358367278168434,842358368014853880,100,32,46293906000000,2026-09-10T12:25:23.313602+00:00,interpolated,-658.0,1001.0,64.0
49.327652322,842358367297057804,842358368014853880,100,33,46293906000000,2026-09-10T12:25:23.313602+00:00,interpolated,-680.0,1028.0,26.0
49.346541693,842358367315947175,842358368014853880,100,34,46293906000000,2026-09-10T12:25:23.313602+00:00,interpolated,-676.0,1026.0,1.0
49.365431063,842358367334836545,842358368014853880,100,35,46293906000000,2026-09-10T12:25:23.313602+00:00,interpolated,-664.0,1024.0,-10.0
49.384320433,842358367353725915,842358368014853880,100,36,46293906000000,2026-09-10T12:25:23.313602+00:00,interpolated,-632.0,1017.0,-45.0
49.403209804,842358367372615286,842358368014853880,100,37,46293906000000,2026-09-10T12:25:23.313602+00:00,interpolated,-576.0,997.0,-80.0
49.422099174,842358367391504656,842358368014853880,100,38,46293906000000,2026-09-10T12:25:23.313602+00:00,interpolated,-518.0,992.0,-90.0
49.440988545,842358367410394027,842358368014853880,100,39,46293906000000,2026-09-10T12:25:23.313602+00:00,interpolated,-471.0,1010.0,-81.0
49.459877915,842358367429283397,842358368014853880,100,40,46293906000000,2026-09-10T12:25:23.313602+00:00,interpolated,-437.0,1022.0,-77.0
49.478767286,842358367448172768,842358368014853880,100,41,46293906000000,2026-09-10T12:25:23.313602+00:00,interpolated,-404.0,1017.0,-94.0
49.497656656,842358367467062138,842358368014853880,100,42,46293906000000,2026-09-10T12:25:23.313602+00:00,interpolated,-389.0,981.0,-102.0
49.516546026,842358367485951508,842358368014853880,100,43,46293906000000,2026-09-10T12:25:23.313602+00:00,interpolated,-376.0,973.0,-99.0
49.535435397,842358367504840879,842358368014853880,100,44,46293906000000,2026-09-10T12:25:23.313602+00:00,interpolated,-379.0,970.0,-100.0
49.554324767,842358367523730249,842358368014853880,100,45,46293906000000,2026-09-10T12:25:23.313602+00:00,interpolated,-390.0,976.0,-81.0
49.573214138,842358367542619620,842358368014853880,100,46,46293906000000,2026-09-10T12:25:23.313602+00:00,interpolated,-399.0,975.0,-68.0
49.592103508,842358367561508990,842358368014853880,100,47,46293906000000,2026-09-10T12:25:23.313602+00:00,interpolated,-405.0,963.0,-61.0
49.610992878,842358367580398360,842358368014853880,100,48,46293906000000,2026-09-10T12:25:23.313602+00:00,interpolated,-401.0,948.0,-51.0
49.629882249,842358367599287731,842358368014853880,100,49,46293906000000,2026-09-10T12:25:23.313602+00:00,interpolated,-391.0,957.0,-37.0
49.648771619,842358367618177101,842358368014853880,100,50,46293906000000,2026-09-10T12:25:23.313602+00:00,interpolated,-396.0,980.0,-24.0
49.66766099,842358367637066472,842358368014853880,100,51,46293906000000,2026-09-10T12:25:23.313602+00:00,interpolated,-408.0,1009.0,-9.0
49.68655036,842358367655955842,842358368014853880,100,52,46293906000000,2026-09-10T12:25:23.313602+00:00,interpolated,-414.0,1014.0,-7.0
49.705439731,842358367674845213,842358368014853880,100,53,46293906000000,2026-09-10T12:25:23.313602+00:00,interpolated,-403.0,1017.0,-7.0
49.724329101,842358367693734583,842358368014853880,100,54,46293906000000,2026-09-10T12:25:23.313602+00:00,interpolated,-391.0,1021.0,-6.0
49.743218471,842358367712623953,842358368014853880,100,55,46293906000000,2026-09-10T12:25:23.313602+00:00,interpolated,-379.0,1021.0,-4.0
49.762107842,842358367731513324,842358368014853880,100,56,46293906000000,2026-09-10T12:25:23.313602+00:00,interpolated,-367.0,1019.0,-9.0
49.780997212,842358367750402694,842358368014853880,100,57,46293906000000,2026-09-10T12:25:23.313602+00:00,interpolated,-357.0,1018.0,-9.0
49.799886583,842358367769292065,842358368014853880,100,58,46293906000000,2026-09-10T12:25:23.313602+00:00,interpolated,-360.0,1004.0,-14.0
49.818775953,842358367788181435,842358368014853880,100,59,46293906000000,2026-09-10T12:25:23.313602+00:00,interpolated,-386.0,992.0,-22.0
49.837665323,842358367807070805,842358368014853880,100,60,46293906000000,2026-09-10T12:25:23.313602+00:00,interpolated,-407.0,988.0,-13.0
49.856554694,842358367825960176,842358368014853880,100,61,46293906000000,2026-09-10T12:25:23.313602+00:00,interpolated,-427.0,986.0,-13.0
49.875444064,842358367844849546,842358368014853880,100,62,46293906000000,2026-09-10T12:25:23.313602+00:00,interpolated,-447.0,981.0,-10.0
49.894333435,842358367863738917,842358368014853880,100,63,46293906000000,2026-09-10T12:25:23.313602+00:00,interpolated,-456.0,976.0,-2.0
49.913222805,842358367882628287,842358368014853880,100,64,46293906000000,2026-09-10T12:25:23.313602+00:00,interpolated,-446.0,1019.0,20.0
49.932112176,842358367901517658,842358368014853880,100,65,46293906000000,2026-09-10T12:25:23.313602+00:00,interpolated,-410.0,1077.0,16.0
49.951001546,842358367920407028,842358368014853880,100,66,46293906000000,2026-09-10T12:25:23.313602+00:00,interpolated,-337.0,1087.0,-43.0
49.969890916,842358367939296398,842358368014853880,100,67,46293906000000,2026-09-10T12:25:23.313602+00:00,interpolated,-248.0,1013.0,-145.0
49.988780287,842358367958185769,842358368014853880,100,68,46293906000000,2026-09-10T12:25:23.313602+00:00,interpolated,-165.0,939.0,-249.0
50.007669657,842358367977075139,842358368014853880,100,69,46293906000000,2026-09-10T12:25:23.313602+00:00,interpolated,-90.0,907.0,-334.0
50.026559028,842358367995964510,842358368014853880,100,70,46293906000000,2026-09-10T12:25:23.313602+00:00,interpolated,-25.0,950.0,-373.0
50.045448398,842358368014853880,842358368014853880,100,71,46293906000000,2026-09-10T12:25:23.313602+00:00,interpolated,51.0,974.0,-405.0
50.064338129,842358368033743611,842358369280465858,103,0,46295015000000,2026-09-10T12:25:24.424239+00:00,interpolated,135.0,998.0,-484.0
50.08322786,842358368052633342,842358369280465858,103,1,46295015000000,2026-09-10T12:25:24.424239+00:00,interpolated,195.0,1094.0,-531.0
50.102117591,842358368071523073,842358369280465858,103,2,46295015000000,2026-09-10T12:25:24.424239+00:00,interpolated,161.0,1105.0,-520.0
50.121007322,842358368090412804,842358369280465858,103,3,46295015000000,2026-09-10T12:25:24.424239+00:00,interpolated,77.0,1126.0,-448.0
50.139897053,842358368109302535,842358369280465858,103,4,46295015000000,2026-09-10T12:25:24.424239+00:00,interpolated,-33.0,1109.0,-333.0
50.158786784,842358368128192266,842358369280465858,103,5,46295015000000,2026-09-10T12:25:24.424239+00:00,interpolated,-91.0,1034.0,-352.0
50.177676515,842358368147081997,842358369280465858,103,6,46295015000000,2026-09-10T12:25:24.424239+00:00,interpolated,-107.0,1005.0,-373.0
50.196566246,842358368165971728,842358369280465858,103,7,46295015000000,2026-09-10T12:25:24.424239+00:00,interpolated,-120.0,960.0,-328.0
50.215455977,842358368184861459,842358369280465858,103,8,46295015000000,2026-09-10T12:25:24.424239+00:00,interpolated,-139.0,943.0,-283.0
50.234345708,842358368203751190,842358369280465858,103,9,46295015000000,2026-09-10T12:25:24.424239+00:00,interpolated,-152.0,933.0,-270.0
50.253235439,842358368222640921,842358369280465858,103,10,46295015000000,2026-09-10T12:25:24.424239+00:00,interpolated,-160.0,910.0,-277.0
50.27212517,842358368241530652,842358369280465858,103,11,46295015000000,2026-09-10T12:25:24.424239+00:00,interpolated,-178.0,920.0,-271.0
50.291014901,842358368260420383,842358369280465858,103,12,46295015000000,2026-09-10T12:25:24.424239+00:00,interpolated,-233.0,951.0,-243.0
50.309904632,842358368279310114,842358369280465858,103,13,46295015000000,2026-09-10T12:25:24.424239+00:00,interpolated,-335.0,933.0,-213.0
50.328794363,842358368298199845,842358369280465858,103,14,46295015000000,2026-09-10T12:25:24.424239+00:00,interpolated,-426.0,924.0,-223.0
50.347684094,842358368317089576,842358369280465858,103,15,46295015000000,2026-09-10T12:25:24.424239+00:00,interpolated,-449.0,946.0,-246.0
50.366573825,842358368335979307,842358369280465858,103,16,46295015000000,2026-09-10T12:25:24.424239+00:00,interpolated,-441.0,960.0,-251.0
50.385463556,842358368354869038,842358369280465858,103,17,46295015000000,2026-09-10T12:25:24.424239+00:00,interpolated,-408.0,966.0,-277.0
50.404353287,842358368373758769,842358369280465858,103,18,46295015000000,2026-09-10T12:25:24.424239+00:00,interpolated,-362.0,959.0,-303.0
50.423243018,842358368392648500,842358369280465858,103,19,46295015000000,2026-09-10T12:25:24.424239+00:00,interpolated,-287.0,948.0,-299.0
50.442132749,842358368411538231,842358369280465858,103,20,46295015000000,2026-09-10T12:25:24.424239+00:00,interpolated,-200.0,944.0,-289.0
50.46102248,842358368430427962,842358369280465858,103,21,46295015000000,2026-09-10T12:25:24.424239+00:00,interpolated,-130.0,939.0,-253.0
50.479912211,842358368449317693,842358369280465858,103,22,46295015000000,2026-09-10T12:25:24.424239+00:00,interpolated,-74.0,915.0,-233.0
50.498801942,842358368468207424,842358369280465858,103,23,46295015000000,2026-09-10T12:25:24.424239+00:00,interpolated,-59.0,889.0,-201.0
50.517691673,842358368487097155,842358369280465858,103,24,46295015000000,2026-09-10T12:25:24.424239+00:00,interpolated,-65.0,913.0,-157.0
50.536581404,842358368505986886,842358369280465858,103,25,46295015000000,2026-09-10T12:25:24.424239+00:00,interpolated,-80.0,976.0,-114.0
50.555471135,842358368524876617,842358369280465858,103,26,46295015000000,2026-09-10T12:25:24.424239+00:00,interpolated,-126.0,1013.0,-98.0
50.574360866,842358368543766348,842358369280465858,103,27,46295015000000,2026-09-10T12:25:24.424239+00:00,interpolated,-202.0,1009.0,-77.0
50.593250597,842358368562656079,842358369280465858,103,28,46295015000000,2026-09-10T12:25:24.424239+00:00,interpolated,-260.0,982.0,-47.0
50.612140328,842358368581545810,842358369280465858,103,29,46295015000000,2026-09-10T12:25:24.424239+00:00,interpolated,-262.0,965.0,-31.0
50.631030059,842358368600435541,842358369280465858,103,30,46295015000000,2026-09-10T12:25:24.424239+00:00,interpolated,-254.0,938.0,-9.0
50.64991979,842358368619325272,842358369280465858,103,31,46295015000000,2026-09-10T12:25:24.424239+00:00,interpolated,-304.0,925.0,35.0
50.668809521,842358368638215003,842358369280465858,103,32,46295015000000,2026-09-10T12:25:24.424239+00:00,interpolated,-377.0,938.0,70.0
50.687699253,842358368657104735,842358369280465858,103,33,46295015000000,2026-09-10T12:25:24.424239+00:00,interpolated,-432.0,946.0,118.0
50.706588984,842358368675994466,842358369280465858,103,34,46295015000000,2026-09-10T12:25:24.424239+00:00,interpolated,-473.0,974.0,187.0
50.725478715,842358368694884197,842358369280465858,103,35,46295015000000,2026-09-10T12:25:24.424239+00:00,interpolated,-468.0,1013.0,255.0
50.744368446,842358368713773928,842358369280465858,103,36,46295015000000,2026-09-10T12:25:24.424239+00:00,interpolated,-465.0,1027.0,285.0
50.763258177,842358368732663659,842358369280465858,103,37,46295015000000,2026-09-10T12:25:24.424239+00:00,interpolated,-488.0,1002.0,288.0
50.782147908,842358368751553390,842358369280465858,103,38,46295015000000,2026-09-10T12:25:24.424239+00:00,interpolated,-533.0,992.0,251.0
50.801037639,842358368770443121,842358369280465858,103,39,46295015000000,2026-09-10T12:25:24.424239+00:00,interpolated,-537.0,982.0,214.0
50.81992737,842358368789332852,842358369280465858,103,40,46295015000000,2026-09-10T12:25:24.424239+00:00,interpolated,-500.0,1000.0,199.0
50.838817101,842358368808222583,842358369280465858,103,41,46295015000000,2026-09-10T12:25:24.424239+00:00,interpolated,-467.0,1017.0,171.0
50.857706832,842358368827112314,842358369280465858,103,42,46295015000000,2026-09-10T12:25:24.424239+00:00,interpolated,-476.0,996.0,133.0
50.876596563,842358368846002045,842358369280465858,103,43,46295015000000,2026-09-10T12:25:24.424239+00:00,interpolated,-499.0,991.0,137.0
50.895486294,842358368864891776,842358369280465858,103,44,46295015000000,2026-09-10T12:25:24.424239+00:00,interpolated,-544.0,998.0,151.0
50.914376025,842358368883781507,842358369280465858,103,45,46295015000000,2026-09-10T12:25:24.424239+00:00,interpolated,-583.0,995.0,150.0
50.933265756,842358368902671238,842358369280465858,103,46,46295015000000,2026-09-10T12:25:24.424239+00:00,interpolated,-585.0,980.0,120.0
50.952155487,842358368921560969,842358369280465858,103,47,46295015000000,2026-09-10T12:25:24.424239+00:00,interpolated,-555.0,1000.0,118.0
50.971045218,842358368940450700,842358369280465858,103,48,46295015000000,2026-09-10T12:25:24.424239+00:00,interpolated,-523.0,1040.0,113.0
50.989934949,842358368959340431,842358369280465858,103,49,46295015000000,2026-09-10T12:25:24.424239+00:00,interpolated,-493.0,1071.0,90.0
51.00882468,842358368978230162,842358369280465858,103,50,46295015000000,2026-09-10T12:25:24.424239+00:00,interpolated,-469.0,1023.0,18.0
51.027714411,842358368997119893,842358369280465858,103,51,46295015000000,2026-09-10T12:25:24.424239+00:00,interpolated,-408.0,941.0,-40.0
51.046604142,842358369016009624,842358369280465858,103,52,46295015000000,2026-09-10T12:25:24.424239+00:00,interpolated,-305.0,878.0,-94.0
51.065493873,842358369034899355,842358369280465858,103,53,46295015000000,2026-09-10T12:25:24.424239+00:00,interpolated,-230.0,850.0,-169.0
51.084383604,842358369053789086,842358369280465858,103,54,46295015000000,2026-09-10T12:25:24.424239+00:00,interpolated,-193.0,800.0,-231.0
51.103273335,842358369072678817,842358369280465858,103,55,46295015000000,2026-09-10T12:25:24.424239+00:00,interpolated,-191.0,757.0,-259.0
51.122163066,842358369091568548,842358369280465858,103,56,46295015000000,2026-09-10T12:25:24.424239+00:00,interpolated,-221.0,750.0,-305.0
51.141052797,842358369110458279,842358369280465858,103,57,46295015000000,2026-09-10T12:25:24.424239+00:00,interpolated,-264.0,753.0,-322.0
51.159942528,842358369129348010,842358369280465858,103,58,46295015000000,2026-09-10T12:25:24.424239+00:00,interpolated,-295.0,745.0,-285.0
51.178832259,842358369148237741,842358369280465858,103,59,46295015000000,2026-09-10T12:25:24.424239+00:00,interpolated,-321.0,758.0,-226.0
51.19772199,842358369167127472,842358369280465858,103,60,46295015000000,2026-09-10T12:25:24.424239+00:00,interpolated,-369.0,767.0,-187.0
51.216611721,842358369186017203,842358369280465858,103,61,46295015000000,2026-09-10T12:25:24.424239+00:00,interpolated,-422.0,763.0,-161.0
51.235501452,842358369204906934,842358369280465858,103,62,46295015000000,2026-09-10T12:25:24.424239+00:00,interpolated,-437.0,747.0,-157.0
51.254391183,842358369223796665,842358369280465858,103,63,46295015000000,2026-09-10T12:25:24.424239+00:00,interpolated,-410.0,747.0,-148.0
51.273280914,842358369242686396,842358369280465858,103,64,46295015000000,2026-09-10T12:25:24.424239+00:00,interpolated,-527.0,784.0,-126.0
51.292170645,842358369261576127,842358369280465858,103,65,46295015000000,2026-09-10T12:25:24.424239+00:00,interpolated,-671.0,878.0,-135.0
51.311060376,842358369280465858,842358369280465858,103,66,46295015000000,2026-09-10T12:25:24.424239+00:00,interpolated,-771.0,871.0,-171.0
51.329950137,842358369299355619,842358370621638878,108,0,46296546000000,2026-09-10T12:25:25.953835+00:00,interpolated,-789.0,922.0,-155.0
51.348839898,842358369318245380,842358370621638878,108,1,46296546000000,2026-09-10T12:25:25.953835+00:00,interpolated,-720.0,979.0,-102.0
51.367729659,842358369337135141,842358370621638878,108,2,46296546000000,2026-09-10T12:25:25.953835+00:00,interpolated,-686.0,989.0,-70.0
51.386619419,842358369356024901,842358370621638878,108,3,46296546000000,2026-09-10T12:25:25.953835+00:00,interpolated,-663.0,909.0,-109.0
51.40550918,842358369374914662,842358370621638878,108,4,46296546000000,2026-09-10T12:25:25.953835+00:00,interpolated,-640.0,856.0,-160.0
51.424398941,842358369393804423,842358370621638878,108,5,46296546000000,2026-09-10T12:25:25.953835+00:00,interpolated,-621.0,885.0,-154.0
51.443288702,842358369412694184,842358370621638878,108,6,46296546000000,2026-09-10T12:25:25.953835+00:00,interpolated,-578.0,893.0,-116.0
51.462178463,842358369431583945,842358370621638878,108,7,46296546000000,2026-09-10T12:25:25.953835+00:00,interpolated,-631.0,885.0,-52.0
51.481068224,842358369450473706,842358370621638878,108,8,46296546000000,2026-09-10T12:25:25.953835+00:00,interpolated,-705.0,880.0,-19.0
51.499957984,842358369469363466,842358370621638878,108,9,46296546000000,2026-09-10T12:25:25.953835+00:00,interpolated,-759.0,855.0,-26.0
51.518847745,842358369488253227,842358370621638878,108,10,46296546000000,2026-09-10T12:25:25.953835+00:00,interpolated,-740.0,866.0,-62.0
51.537737506,842358369507142988,842358370621638878,108,11,46296546000000,2026-09-10T12:25:25.953835+00:00,interpolated,-709.0,861.0,-102.0
51.556627267,842358369526032749,842358370621638878,108,12,46296546000000,2026-09-10T12:25:25.953835+00:00,interpolated,-714.0,854.0,-83.0
51.575517028,842358369544922510,842358370621638878,108,13,46296546000000,2026-09-10T12:25:25.953835+00:00,interpolated,-721.0,863.0,-100.0
51.594406789,842358369563812271,842358370621638878,108,14,46296546000000,2026-09-10T12:25:25.953835+00:00,interpolated,-711.0,875.0,-89.0
51.61329655,842358369582702032,842358370621638878,108,15,46296546000000,2026-09-10T12:25:25.953835+00:00,interpolated,-750.0,865.0,-72.0
51.63218631,842358369601591792,842358370621638878,108,16,46296546000000,2026-09-10T12:25:25.953835+00:00,interpolated,-749.0,863.0,-85.0
51.651076071,842358369620481553,842358370621638878,108,17,46296546000000,2026-09-10T12:25:25.953835+00:00,interpolated,-718.0,859.0,-76.0
51.669965832,842358369639371314,842358370621638878,108,18,46296546000000,2026-09-10T12:25:25.953835+00:00,interpolated,-718.0,843.0,-85.0
51.688855593,842358369658261075,842358370621638878,108,19,46296546000000,2026-09-10T12:25:25.953835+00:00,interpolated,-702.0,845.0,-130.0
51.707745354,842358369677150836,842358370621638878,108,20,46296546000000,2026-09-10T12:25:25.953835+00:00,interpolated,-713.0,828.0,-121.0
51.726635115,842358369696040597,842358370621638878,108,21,46296546000000,2026-09-10T12:25:25.953835+00:00,interpolated,-773.0,829.0,-117.0
51.745524875,842358369714930357,842358370621638878,108,22,46296546000000,2026-09-10T12:25:25.953835+00:00,interpolated,-835.0,850.0,-100.0
51.764414636,842358369733820118,842358370621638878,108,23,46296546000000,2026-09-10T12:25:25.953835+00:00,interpolated,-860.0,842.0,-78.0
51.783304397,842358369752709879,842358370621638878,108,24,46296546000000,2026-09-10T12:25:25.953835+00:00,interpolated,-815.0,812.0,-110.0
51.802194158,842358369771599640,842358370621638878,108,25,46296546000000,2026-09-10T12:25:25.953835+00:00,interpolated,-763.0,782.0,-74.0
51.821083919,842358369790489401,842358370621638878,108,26,46296546000000,2026-09-10T12:25:25.953835+00:00,interpolated,-753.0,755.0,-53.0
51.83997368,842358369809379162,842358370621638878,108,27,46296546000000,2026-09-10T12:25:25.953835+00:00,interpolated,-774.0,753.0,-75.0
51.858863441,842358369828268923,842358370621638878,108,28,46296546000000,2026-09-10T12:25:25.953835+00:00,interpolated,-793.0,761.0,-89.0
51.877753201,842358369847158683,842358370621638878,108,29,46296546000000,2026-09-10T12:25:25.953835+00:00,interpolated,-765.0,768.0,-130.0
51.896642962,842358369866048444,842358370621638878,108,30,46296546000000,2026-09-10T12:25:25.953835+00:00,interpolated,-753.0,763.0,-128.0
51.915532723,842358369884938205,842358370621638878,108,31,46296546000000,2026-09-10T12:25:25.953835+00:00,interpolated,-786.0,743.0,-147.0
51.934422484,842358369903827966,842358370621638878,108,32,46296546000000,2026-09-10T12:25:25.953835+00:00,interpolated,-807.0,723.0,-185.0
51.953312245,842358369922717727,842358370621638878,108,33,46296546000000,2026-09-10T12:25:25.953835+00:00,interpolated,-788.0,698.0,-250.0
51.972202006,842358369941607488,842358370621638878,108,34,46296546000000,2026-09-10T12:25:25.953835+00:00,interpolated,-758.0,682.0,-243.0
51.991091766,842358369960497248,842358370621638878,108,35,46296546000000,2026-09-10T12:25:25.953835+00:00,interpolated,-772.0,667.0,-257.0
52.009981527,842358369979387009,842358370621638878,108,36,46296546000000,2026-09-10T12:25:25.953835+00:00,interpolated,-780.0,691.0,-243.0
52.028871288,842358369998276770,842358370621638878,108,37,46296546000000,2026-09-10T12:25:25.953835+00:00,interpolated,-785.0,696.0,-251.0
52.047761049,842358370017166531,842358370621638878,108,38,46296546000000,2026-09-10T12:25:25.953835+00:00,interpolated,-748.0,704.0,-292.0
52.06665081,842358370036056292,842358370621638878,108,39,46296546000000,2026-09-10T12:25:25.953835+00:00,interpolated,-714.0,702.0,-326.0
52.085540571,842358370054946053,842358370621638878,108,40,46296546000000,2026-09-10T12:25:25.953835+00:00,interpolated,-693.0,715.0,-341.0
52.104430331,842358370073835813,842358370621638878,108,41,46296546000000,2026-09-10T12:25:25.953835+00:00,interpolated,-681.0,721.0,-364.0
52.123320092,842358370092725574,842358370621638878,108,42,46296546000000,2026-09-10T12:25:25.953835+00:00,interpolated,-689.0,725.0,-359.0
52.142209853,842358370111615335,842358370621638878,108,43,46296546000000,2026-09-10T12:25:25.953835+00:00,interpolated,-697.0,757.0,-331.0
52.161099614,842358370130505096,842358370621638878,108,44,46296546000000,2026-09-10T12:25:25.953835+00:00,interpolated,-710.0,772.0,-318.0
52.179989375,842358370149394857,842358370621638878,108,45,46296546000000,2026-09-10T12:25:25.953835+00:00,interpolated,-690.0,779.0,-315.0
52.198879136,842358370168284618,842358370621638878,108,46,46296546000000,2026-09-10T12:25:25.953835+00:00,interpolated,-669.0,799.0,-294.0
52.217768897,842358370187174379,842358370621638878,108,47,46296546000000,2026-09-10T12:25:25.953835+00:00,interpolated,-632.0,821.0,-284.0
52.236658657,842358370206064139,842358370621638878,108,48,46296546000000,2026-09-10T12:25:25.953835+00:00,interpolated,-599.0,831.0,-268.0
52.255548418,842358370224953900,842358370621638878,108,49,46296546000000,2026-09-10T12:25:25.953835+00:00,interpolated,-557.0,864.0,-258.0
52.274438179,842358370243843661,842358370621638878,108,50,46296546000000,2026-09-10T12:25:25.953835+00:00,interpolated,-515.0,898.0,-242.0
52.29332794,842358370262733422,842358370621638878,108,51,46296546000000,2026-09-10T12:25:25.953835+00:00,interpolated,-465.0,923.0,-260.0
52.312217701,842358370281623183,842358370621638878,108,52,46296546000000,2026-09-10T12:25:25.953835+00:00,interpolated,-416.0,949.0,-263.0
52.331107462,842358370300512944,842358370621638878,108,53,46296546000000,2026-09-10T12:25:25.953835+00:00,interpolated,-358.0,982.0,-270.0
52.349997222,842358370319402704,842358370621638878,108,54,46296546000000,2026-09-10T12:25:25.953835+00:00,interpolated,-293.0,1019.0,-264.0
52.368886983,842358370338292465,842358370621638878,108,55,46296546000000,2026-09-10T12:25:25.953835+00:00,interpolated,-265.0,1060.0,-247.0
52.387776744,842358370357182226,842358370621638878,108,56,46296546000000,2026-09-10T12:25:25.953835+00:00,interpolated,-236.0,1089.0,-238.0
52.406666505,842358370376071987,842358370621638878,108,57,46296546000000,2026-09-10T12:25:25.953835+00:00,interpolated,-211.0,1137.0,-243.0
52.425556266,842358370394961748,842358370621638878,108,58,46296546000000,2026-09-10T12:25:25.953835+00:00,interpolated,-175.0,1174.0,-257.0
52.444446027,842358370413851509,842358370621638878,108,59,46296546000000,2026-09-10T12:25:25.953835+00:00,interpolated,-132.0,1158.0,-249.0
52.463335788,842358370432741270,842358370621638878,108,60,46296546000000,2026-09-10T12:25:25.953835+00:00,interpolated,-112.0,1125.0,-247.0
52.482225548,842358370451631030,842358370621638878,108,61,46296546000000,2026-09-10T12:25:25.953835+00:00,interpolated,-133.0,1084.0,-265.0
52.501115309,842358370470520791,842358370621638878,108,62,46296546000000,2026-09-10T12:25:25.953835+00:00,interpolated,-134.0,1063.0,-258.0
52.52000507,842358370489410552,842358370621638878,108,63,46296546000000,2026-09-10T12:25:25.953835+00:00,interpolated,-117.0,1082.0,-254.0
52.538894831,842358370508300313,842358370621638878,108,64,46296546000000,2026-09-10T12:25:25.953835+00:00,interpolated,-106.0,1075.0,-258.0
52.557784592,842358370527190074,842358370621638878,108,65,46296546000000,2026-09-10T12:25:25.953835+00:00,interpolated,-109.0,1055.0,-258.0
52.576674353,842358370546079835,842358370621638878,108,66,46296546000000,2026-09-10T12:25:25.953835+00:00,interpolated,-94.0,1037.0,-250.0
52.595564113,842358370564969595,842358370621638878,108,67,46296546000000,2026-09-10T12:25:25.953835+00:00,interpolated,-110.0,1041.0,-239.0
52.614453874,842358370583859356,842358370621638878,108,68,46296546000000,2026-09-10T12:25:25.953835+00:00,interpolated,-84.0,1040.0,-236.0
52.633343635,842358370602749117,842358370621638878,108,69,46296546000000,2026-09-10T12:25:25.953835+00:00,interpolated,-91.0,1032.0,-245.0
52.652233396,842358370621638878,842358370621638878,108,70,46296546000000,2026-09-10T12:25:25.953835+00:00,interpolated,-71.0,1001.0,-244.0
52.671122942,842358370640528424,842358371962796638,111,0,46297656000000,2026-09-10T12:25:27.063570+00:00,interpolated,-68.0,963.0,-251.0
52.690012488,842358370659417970,842358371962796638,111,1,46297656000000,2026-09-10T12:25:27.063570+00:00,interpolated,-59.0,942.0,-263.0
52.708902034,842358370678307516,842358371962796638,111,2,46297656000000,2026-09-10T12:25:27.063570+00:00,interpolated,-29.0,918.0,-292.0
52.72779158,842358370697197062,842358371962796638,111,3,46297656000000,2026-09-10T12:25:27.063570+00:00,interpolated,-6.0,874.0,-328.0
52.746681126,842358370716086608,842358371962796638,111,4,46297656000000,2026-09-10T12:25:27.063570+00:00,interpolated,45.0,846.0,-341.0
52.765570671,842358370734976153,842358371962796638,111,5,46297656000000,2026-09-10T12:25:27.063570+00:00,interpolated,78.0,847.0,-326.0
52.784460217,842358370753865699,842358371962796638,111,6,46297656000000,2026-09-10T12:25:27.063570+00:00,interpolated,114.0,863.0,-317.0
52.803349763,842358370772755245,842358371962796638,111,7,46297656000000,2026-09-10T12:25:27.063570+00:00,interpolated,139.0,877.0,-295.0
52.822239309,842358370791644791,842358371962796638,111,8,46297656000000,2026-09-10T12:25:27.063570+00:00,interpolated,168.0,891.0,-278.0
52.841128855,842358370810534337,842358371962796638,111,9,46297656000000,2026-09-10T12:25:27.063570+00:00,interpolated,203.0,882.0,-252.0
52.860018401,842358370829423883,842358371962796638,111,10,46297656000000,2026-09-10T12:25:27.063570+00:00,interpolated,234.0,893.0,-288.0
52.878907947,842358370848313429,842358371962796638,111,11,46297656000000,2026-09-10T12:25:27.063570+00:00,interpolated,228.0,901.0,-298.0
52.897797493,842358370867202975,842358371962796638,111,12,46297656000000,2026-09-10T12:25:27.063570+00:00,interpolated,250.0,898.0,-290.0
52.916687039,842358370886092521,842358371962796638,111,13,46297656000000,2026-09-10T12:25:27.063570+00:00,interpolated,290.0,881.0,-284.0
52.935576585,842358370904982067,842358371962796638,111,14,46297656000000,2026-09-10T12:25:27.063570+00:00,interpolated,352.0,900.0,-290.0
52.954466131,842358370923871613,842358371962796638,111,15,46297656000000,2026-09-10T12:25:27.063570+00:00,interpolated,374.0,887.0,-324.0
52.973355677,842358370942761159,842358371962796638,111,16,46297656000000,2026-09-10T12:25:27.063570+00:00,interpolated,379.0,897.0,-339.0
52.992245222,842358370961650704,842358371962796638,111,17,46297656000000,2026-09-10T12:25:27.063570+00:00,interpolated,395.0,949.0,-368.0
53.011134768,842358370980540250,842358371962796638,111,18,46297656000000,2026-09-10T12:25:27.063570+00:00,interpolated,427.0,939.0,-375.0
53.030024314,842358370999429796,842358371962796638,111,19,46297656000000,2026-09-10T12:25:27.063570+00:00,interpolated,435.0,956.0,-368.0
53.04891386,842358371018319342,842358371962796638,111,20,46297656000000,2026-09-10T12:25:27.063570+00:00,interpolated,416.0,984.0,-361.0
53.067803406,842358371037208888,842358371962796638,111,21,46297656000000,2026-09-10T12:25:27.063570+00:00,interpolated,411.0,1007.0,-342.0
53.086692952,842358371056098434,842358371962796638,111,22,46297656000000,2026-09-10T12:25:27.063570+00:00,interpolated,406.0,974.0,-349.0
53.105582498,842358371074987980,842358371962796638,111,23,46297656000000,2026-09-10T12:25:27.063570+00:00,interpolated,344.0,963.0,-354.0
53.124472044,842358371093877526,842358371962796638,111,24,46297656000000,2026-09-10T12:25:27.063570+00:00,interpolated,266.0,989.0,-364.0
53.14336159,842358371112767072,842358371962796638,111,25,46297656000000,2026-09-10T12:25:27.063570+00:00,interpolated,253.0,1003.0,-355.0
53.162251136,842358371131656618,842358371962796638,111,26,46297656000000,2026-09-10T12:25:27.063570+00:00,interpolated,293.0,971.0,-316.0
53.181140682,842358371150546164,842358371962796638,111,27,46297656000000,2026-09-10T12:25:27.063570+00:00,interpolated,349.0,977.0,-305.0
53.200030228,842358371169435710,842358371962796638,111,28,46297656000000,2026-09-10T12:25:27.063570+00:00,interpolated,446.0,962.0,-322.0
53.218919773,842358371188325255,842358371962796638,111,29,46297656000000,2026-09-10T12:25:27.063570+00:00,interpolated,513.0,915.0,-379.0
53.237809319,842358371207214801,842358371962796638,111,30,46297656000000,2026-09-10T12:25:27.063570+00:00,interpolated,529.0,883.0,-423.0
53.256698865,842358371226104347,842358371962796638,111,31,46297656000000,2026-09-10T12:25:27.063570+00:00,interpolated,534.0,863.0,-426.0
53.275588411,842358371244993893,842358371962796638,111,32,46297656000000,2026-09-10T12:25:27.063570+00:00,interpolated,559.0,854.0,-425.0
53.294477957,842358371263883439,842358371962796638,111,33,46297656000000,2026-09-10T12:25:27.063570+00:00,interpolated,575.0,862.0,-381.0
53.313367503,842358371282772985,842358371962796638,111,34,46297656000000,2026-09-10T12:25:27.063570+00:00,interpolated,585.0,831.0,-375.0
53.332257049,842358371301662531,842358371962796638,111,35,46297656000000,2026-09-10T12:25:27.063570+00:00,interpolated,580.0,788.0,-385.0
53.351146595,842358371320552077,842358371962796638,111,36,46297656000000,2026-09-10T12:25:27.063570+00:00,interpolated,548.0,758.0,-427.0
53.370036141,842358371339441623,842358371962796638,111,37,46297656000000,2026-09-10T12:25:27.063570+00:00,interpolated,526.0,746.0,-444.0
53.388925687,842358371358331169,842358371962796638,111,38,46297656000000,2026-09-10T12:25:27.063570+00:00,interpolated,518.0,740.0,-438.0
53.407815233,842358371377220715,842358371962796638,111,39,46297656000000,2026-09-10T12:25:27.063570+00:00,interpolated,541.0,735.0,-436.0
53.426704779,842358371396110261,842358371962796638,111,40,46297656000000,2026-09-10T12:25:27.063570+00:00,interpolated,570.0,704.0,-467.0
53.445594324,842358371414999806,842358371962796638,111,41,46297656000000,2026-09-10T12:25:27.063570+00:00,interpolated,575.0,671.0,-515.0
53.46448387,842358371433889352,842358371962796638,111,42,46297656000000,2026-09-10T12:25:27.063570+00:00,interpolated,585.0,648.0,-553.0
53.483373416,842358371452778898,842358371962796638,111,43,46297656000000,2026-09-10T12:25:27.063570+00:00,interpolated,618.0,612.0,-536.0
53.502262962,842358371471668444,842358371962796638,111,44,46297656000000,2026-09-10T12:25:27.063570+00:00,interpolated,632.0,584.0,-488.0
53.521152508,842358371490557990,842358371962796638,111,45,46297656000000,2026-09-10T12:25:27.063570+00:00,interpolated,615.0,584.0,-448.0
53.540042054,842358371509447536,842358371962796638,111,46,46297656000000,2026-09-10T12:25:27.063570+00:00,interpolated,593.0,593.0,-438.0
53.5589316,842358371528337082,842358371962796638,111,47,46297656000000,2026-09-10T12:25:27.063570+00:00,interpolated,561.0,608.0,-443.0
53.577821146,842358371547226628,842358371962796638,111,48,46297656000000,2026-09-10T12:25:27.063570+00:00,interpolated,535.0,633.0,-418.0
53.596710692,842358371566116174,842358371962796638,111,49,46297656000000,2026-09-10T12:25:27.063570+00:00,interpolated,526.0,633.0,-389.0
53.615600238,842358371585005720,842358371962796638,111,50,46297656000000,2026-09-10T12:25:27.063570+00:00,interpolated,498.0,612.0,-380.0
53.634489784,842358371603895266,842358371962796638,111,51,46297656000000,2026-09-10T12:25:27.063570+00:00,interpolated,464.0,627.0,-379.0
53.65337933,842358371622784812,842358371962796638,111,52,46297656000000,2026-09-10T12:25:27.063570+00:00,interpolated,455.0,636.0,-359.0
53.672268875,842358371641674357,842358371962796638,111,53,46297656000000,2026-09-10T12:25:27.063570+00:00,interpolated,436.0,645.0,-351.0
53.691158421,842358371660563903,842358371962796638,111,54,46297656000000,2026-09-10T12:25:27.063570+00:00,interpolated,444.0,662.0,-346.0
53.710047967,842358371679453449,842358371962796638,111,55,46297656000000,2026-09-10T12:25:27.063570+00:00,interpolated,471.0,700.0,-360.0
53.728937513,842358371698342995,842358371962796638,111,56,46297656000000,2026-09-10T12:25:27.063570+00:00,interpolated,487.0,729.0,-391.0
53.747827059,842358371717232541,842358371962796638,111,57,46297656000000,2026-09-10T12:25:27.063570+00:00,interpolated,488.0,750.0,-408.0
53.766716605,842358371736122087,842358371962796638,111,58,46297656000000,2026-09-10T12:25:27.063570+00:00,interpolated,482.0,752.0,-459.0
53.785606151,842358371755011633,842358371962796638,111,59,46297656000000,2026-09-10T12:25:27.063570+00:00,interpolated,427.0,776.0,-513.0
53.804495697,842358371773901179,842358371962796638,111,60,46297656000000,2026-09-10T12:25:27.063570+00:00,interpolated,385.0,801.0,-567.0
53.823385243,842358371792790725,842358371962796638,111,61,46297656000000,2026-09-10T12:25:27.063570+00:00,interpolated,374.0,783.0,-624.0
53.842274789,842358371811680271,842358371962796638,111,62,46297656000000,2026-09-10T12:25:27.063570+00:00,interpolated,352.0,771.0,-650.0
53.861164335,842358371830569817,842358371962796638,111,63,46297656000000,2026-09-10T12:25:27.063570+00:00,interpolated,369.0,816.0,-628.0
53.880053881,842358371849459363,842358371962796638,111,64,46297656000000,2026-09-10T12:25:27.063570+00:00,interpolated,389.0,849.0,-598.0
53.898943426,842358371868348908,842358371962796638,111,65,46297656000000,2026-09-10T12:25:27.063570+00:00,interpolated,386.0,859.0,-587.0
53.917832972,842358371887238454,842358371962796638,111,66,46297656000000,2026-09-10T12:25:27.063570+00:00,interpolated,356.0,846.0,-562.0
53.936722518,842358371906128000,842358371962796638,111,67,46297656000000,2026-09-10T12:25:27.063570+00:00,interpolated,327.0,846.0,-550.0
53.955612064,842358371925017546,842358371962796638,111,68,46297656000000,2026-09-10T12:25:27.063570+00:00,interpolated,319.0,860.0,-531.0
53.97450161,842358371943907092,842358371962796638,111,69,46297656000000,2026-09-10T12:25:27.063570+00:00,interpolated,322.0,866.0,-501.0
53.993391156,842358371962796638,842358371962796638,111,70,46297656000000,2026-09-10T12:25:27.063570+00:00,interpolated,326.0,868.0,-477.0
54.012280663,842358371981686145,842358373436178212,115,0,46299265000000,2026-09-10T12:25:28.683963+00:00,interpolated,317.0,866.0,-482.0
54.031170171,842358372000575653,842358373436178212,115,1,46299265000000,2026-09-10T12:25:28.683963+00:00,interpolated,296.0,872.0,-470.0
54.050059678,842358372019465160,842358373436178212,115,2,46299265000000,2026-09-10T12:25:28.683963+00:00,interpolated,263.0,891.0,-475.0
54.068949185,842358372038354667,842358373436178212,115,3,46299265000000,2026-09-10T12:25:28.683963+00:00,interpolated,246.0,911.0,-477.0
54.087838693,842358372057244175,842358373436178212,115,4,46299265000000,2026-09-10T12:25:28.683963+00:00,interpolated,259.0,932.0,-473.0
54.1067282,842358372076133682,842358373436178212,115,5,46299265000000,2026-09-10T12:25:28.683963+00:00,interpolated,319.0,923.0,-475.0
54.125617708,842358372095023190,842358373436178212,115,6,46299265000000,2026-09-10T12:25:28.683963+00:00,interpolated,376.0,870.0,-460.0
54.144507215,842358372113912697,842358373436178212,115,7,46299265000000,2026-09-10T12:25:28.683963+00:00,interpolated,418.0,820.0,-459.0
54.163396722,842358372132802204,842358373436178212,115,8,46299265000000,2026-09-10T12:25:28.683963+00:00,interpolated,454.0,767.0,-445.0
54.18228623,842358372151691712,842358373436178212,115,9,46299265000000,2026-09-10T12:25:28.683963+00:00,interpolated,483.0,767.0,-420.0
54.201175737,842358372170581219,842358373436178212,115,10,46299265000000,2026-09-10T12:25:28.683963+00:00,interpolated,465.0,805.0,-430.0
54.220065244,842358372189470726,842358373436178212,115,11,46299265000000,2026-09-10T12:25:28.683963+00:00,interpolated,459.0,831.0,-466.0
54.238954752,842358372208360234,842358373436178212,115,12,46299265000000,2026-09-10T12:25:28.683963+00:00,interpolated,486.0,792.0,-508.0
54.257844259,842358372227249741,842358373436178212,115,13,46299265000000,2026-09-10T12:25:28.683963+00:00,interpolated,482.0,768.0,-543.0
54.276733766,842358372246139248,842358373436178212,115,14,46299265000000,2026-09-10T12:25:28.683963+00:00,interpolated,426.0,773.0,-547.0
54.295623274,842358372265028756,842358373436178212,115,15,46299265000000,2026-09-10T12:25:28.683963+00:00,interpolated,337.0,836.0,-553.0
54.314512781,842358372283918263,842358373436178212,115,16,46299265000000,2026-09-10T12:25:28.683963+00:00,interpolated,284.0,877.0,-533.0
54.333402288,842358372302807770,842358373436178212,115,17,46299265000000,2026-09-10T12:25:28.683963+00:00,interpolated,282.0,851.0,-512.0
54.352291796,842358372321697278,842358373436178212,115,18,46299265000000,2026-09-10T12:25:28.683963+00:00,interpolated,317.0,827.0,-512.0
54.371181303,842358372340586785,842358373436178212,115,19,46299265000000,2026-09-10T12:25:28.683963+00:00,interpolated,408.0,865.0,-570.0
54.390070811,842358372359476293,842358373436178212,115,20,46299265000000,2026-09-10T12:25:28.683963+00:00,interpolated,422.0,911.0,-568.0
54.408960318,842358372378365800,842358373436178212,115,21,46299265000000,2026-09-10T12:25:28.683963+00:00,interpolated,393.0,846.0,-495.0
54.427849825,842358372397255307,842358373436178212,115,22,46299265000000,2026-09-10T12:25:28.683963+00:00,interpolated,355.0,801.0,-483.0
54.446739333,842358372416144815,842358373436178212,115,23,46299265000000,2026-09-10T12:25:28.683963+00:00,interpolated,355.0,817.0,-468.0
54.46562884,842358372435034322,842358373436178212,115,24,46299265000000,2026-09-10T12:25:28.683963+00:00,interpolated,376.0,833.0,-458.0
54.484518347,842358372453923829,842358373436178212,115,25,46299265000000,2026-09-10T12:25:28.683963+00:00,interpolated,395.0,806.0,-481.0
54.503407855,842358372472813337,842358373436178212,115,26,46299265000000,2026-09-10T12:25:28.683963+00:00,interpolated,388.0,787.0,-495.0
54.522297362,842358372491702844,842358373436178212,115,27,46299265000000,2026-09-10T12:25:28.683963+00:00,interpolated,383.0,767.0,-503.0
54.541186869,842358372510592351,842358373436178212,115,28,46299265000000,2026-09-10T12:25:28.683963+00:00,interpolated,384.0,769.0,-523.0
54.560076377,842358372529481859,842358373436178212,115,29,46299265000000,2026-09-10T12:25:28.683963+00:00,interpolated,404.0,782.0,-529.0
54.578965884,842358372548371366,842358373436178212,115,30,46299265000000,2026-09-10T12:25:28.683963+00:00,interpolated,443.0,798.0,-497.0
54.597855391,842358372567260873,842358373436178212,115,31,46299265000000,2026-09-10T12:25:28.683963+00:00,interpolated,436.0,805.0,-469.0
54.616744899,842358372586150381,842358373436178212,115,32,46299265000000,2026-09-10T12:25:28.683963+00:00,interpolated,423.0,812.0,-460.0
54.635634406,842358372605039888,842358373436178212,115,33,46299265000000,2026-09-10T12:25:28.683963+00:00,interpolated,412.0,811.0,-450.0
54.654523914,842358372623929396,842358373436178212,115,34,46299265000000,2026-09-10T12:25:28.683963+00:00,interpolated,405.0,806.0,-449.0
54.673413421,842358372642818903,842358373436178212,115,35,46299265000000,2026-09-10T12:25:28.683963+00:00,interpolated,400.0,813.0,-463.0
54.692302928,842358372661708410,842358373436178212,115,36,46299265000000,2026-09-10T12:25:28.683963+00:00,interpolated,398.0,817.0,-465.0
54.711192436,842358372680597918,842358373436178212,115,37,46299265000000,2026-09-10T12:25:28.683963+00:00,interpolated,418.0,817.0,-465.0
54.730081943,842358372699487425,842358373436178212,115,38,46299265000000,2026-09-10T12:25:28.683963+00:00,interpolated,416.0,831.0,-456.0
54.74897145,842358372718376932,842358373436178212,115,39,46299265000000,2026-09-10T12:25:28.683963+00:00,interpolated,415.0,826.0,-453.0
54.767860958,842358372737266440,842358373436178212,115,40,46299265000000,2026-09-10T12:25:28.683963+00:00,interpolated,430.0,818.0,-445.0
54.786750465,842358372756155947,842358373436178212,115,41,46299265000000,2026-09-10T12:25:28.683963+00:00,interpolated,409.0,820.0,-437.0
54.805639972,842358372775045454,842358373436178212,115,42,46299265000000,2026-09-10T12:25:28.683963+00:00,interpolated,372.0,828.0,-437.0
54.82452948,842358372793934962,842358373436178212,115,43,46299265000000,2026-09-10T12:25:28.683963+00:00,interpolated,363.0,821.0,-445.0
54.843418987,842358372812824469,842358373436178212,115,44,46299265000000,2026-09-10T12:25:28.683963+00:00,interpolated,373.0,830.0,-439.0
54.862308495,842358372831713977,842358373436178212,115,45,46299265000000,2026-09-10T12:25:28.683963+00:00,interpolated,352.0,847.0,-429.0
54.881198002,842358372850603484,842358373436178212,115,46,46299265000000,2026-09-10T12:25:28.683963+00:00,interpolated,343.0,847.0,-422.0
54.900087509,842358372869492991,842358373436178212,115,47,46299265000000,2026-09-10T12:25:28.683963+00:00,interpolated,373.0,835.0,-431.0
54.918977017,842358372888382499,842358373436178212,115,48,46299265000000,2026-09-10T12:25:28.683963+00:00,interpolated,386.0,838.0,-430.0
54.937866524,842358372907272006,842358373436178212,115,49,46299265000000,2026-09-10T12:25:28.683963+00:00,interpolated,377.0,836.0,-430.0
54.956756031,842358372926161513,842358373436178212,115,50,46299265000000,2026-09-10T12:25:28.683963+00:00,interpolated,387.0,831.0,-434.0
54.975645539,842358372945051021,842358373436178212,115,51,46299265000000,2026-09-10T12:25:28.683963+00:00,interpolated,387.0,825.0,-427.0
54.994535046,842358372963940528,842358373436178212,115,52,46299265000000,2026-09-10T12:25:28.683963+00:00,interpolated,390.0,828.0,-433.0
55.013424553,842358372982830035,842358373436178212,115,53,46299265000000,2026-09-10T12:25:28.683963+00:00,interpolated,393.0,820.0,-452.0
55.032314061,842358373001719543,842358373436178212,115,54,46299265000000,2026-09-10T12:25:28.683963+00:00,interpolated,411.0,799.0,-462.0
55.051203568,842358373020609050,842358373436178212,115,55,46299265000000,2026-09-10T12:25:28.683963+00:00,interpolated,418.0,799.0,-469.0
55.070093075,842358373039498557,842358373436178212,115,56,46299265000000,2026-09-10T12:25:28.683963+00:00,interpolated,414.0,808.0,-468.0
55.088982583,842358373058388065,842358373436178212,115,57,46299265000000,2026-09-10T12:25:28.683963+00:00,interpolated,402.0,810.0,-453.0
55.10787209,842358373077277572,842358373436178212,115,58,46299265000000,2026-09-10T12:25:28.683963+00:00,interpolated,409.0,804.0,-452.0
55.126761598,842358373096167080,842358373436178212,115,59,46299265000000,2026-09-10T12:25:28.683963+00:00,interpolated,419.0,796.0,-468.0
55.145651105,842358373115056587,842358373436178212,115,60,46299265000000,2026-09-10T12:25:28.683963+00:00,interpolated,432.0,784.0,-481.0
55.164540612,842358373133946094,842358373436178212,115,61,46299265000000,2026-09-10T12:25:28.683963+00:00,interpolated,442.0,767.0,-487.0
55.18343012,842358373152835602,842358373436178212,115,62,46299265000000,2026-09-10T12:25:28.683963+00:00,interpolated,444.0,774.0,-491.0
55.202319627,842358373171725109,842358373436178212,115,63,46299265000000,2026-09-10T12:25:28.683963+00:00,interpolated,460.0,764.0,-503.0
55.221209134,842358373190614616,842358373436178212,115,64,46299265000000,2026-09-10T12:25:28.683963+00:00,interpolated,461.0,741.0,-514.0
55.240098642,842358373209504124,842358373436178212,115,65,46299265000000,2026-09-10T12:25:28.683963+00:00,interpolated,466.0,740.0,-520.0
55.258988149,842358373228393631,842358373436178212,115,66,46299265000000,2026-09-10T12:25:28.683963+00:00,interpolated,461.0,737.0,-530.0
55.277877656,842358373247283138,842358373436178212,115,67,46299265000000,2026-09-10T12:25:28.683963+00:00,interpolated,445.0,752.0,-530.0
55.296767164,842358373266172646,842358373436178212,115,68,46299265000000,2026-09-10T12:25:28.683963+00:00,interpolated,439.0,737.0,-543.0
55.315656671,842358373285062153,842358373436178212,115,69,46299265000000,2026-09-10T12:25:28.683963+00:00,interpolated,448.0,716.0,-559.0
55.334546178,842358373303951660,842358373436178212,115,70,46299265000000,2026-09-10T12:25:28.683963+00:00,interpolated,454.0,720.0,-570.0
55.353435686,842358373322841168,842358373436178212,115,71,46299265000000,2026-09-10T12:25:28.683963+00:00,interpolated,446.0,745.0,-566.0
55.372325193,842358373341730675,842358373436178212,115,72,46299265000000,2026-09-10T12:25:28.683963+00:00,interpolated,444.0,742.0,-563.0
55.391214701,842358373360620183,842358373436178212,115,73,46299265000000,2026-09-10T12:25:28.683963+00:00,interpolated,425.0,735.0,-575.0
55.410104208,842358373379509690,842358373436178212,115,74,46299265000000,2026-09-10T12:25:28.683963+00:00,interpolated,417.0,730.0,-578.0
55.428993715,842358373398399197,842358373436178212,115,75,46299265000000,2026-09-10T12:25:28.683963+00:00,interpolated,418.0,753.0,-577.0
55.447883223,842358373417288705,842358373436178212,115,76,46299265000000,2026-09-10T12:25:28.683963+00:00,interpolated,426.0,763.0,-587.0
55.46677273,842358373436178212,842358373436178212,115,77,46299265000000,2026-09-10T12:25:28.683963+00:00,interpolated,417.0,757.0,-578.0
55.485662355,842358373455067837,842358374852900068,118,0,46300703000000,2026-09-10T12:25:30.123490+00:00,interpolated,373.0,732.0,-572.0
55.504551979,842358373473957461,842358374852900068,118,1,46300703000000,2026-09-10T12:25:30.123490+00:00,interpolated,332.0,727.0,-584.0
55.523441604,842358373492847086,842358374852900068,118,2,46300703000000,2026-09-10T12:25:30.123490+00:00,interpolated,326.0,739.0,-597.0
55.542331229,842358373511736711,842358374852900068,118,3,46300703000000,2026-09-10T12:25:30.123490+00:00,interpolated,329.0,758.0,-609.0
55.561220854,842358373530626336,842358374852900068,118,4,46300703000000,2026-09-10T12:25:30.123490+00:00,interpolated,329.0,757.0,-613.0
55.580110478,842358373549515960,842358374852900068,118,5,46300703000000,2026-09-10T12:25:30.123490+00:00,interpolated,318.0,741.0,-610.0
55.599000103,842358373568405585,842358374852900068,118,6,46300703000000,2026-09-10T12:25:30.123490+00:00,interpolated,291.0,734.0,-619.0
55.617889728,842358373587295210,842358374852900068,118,7,46300703000000,2026-09-10T12:25:30.123490+00:00,interpolated,273.0,746.0,-629.0
55.636779353,842358373606184835,842358374852900068,118,8,46300703000000,2026-09-10T12:25:30.123490+00:00,interpolated,269.0,755.0,-635.0
55.655668977,842358373625074459,842358374852900068,118,9,46300703000000,2026-09-10T12:25:30.123490+00:00,interpolated,259.0,762.0,-637.0
55.674558602,842358373643964084,842358374852900068,118,10,46300703000000,2026-09-10T12:25:30.123490+00:00,interpolated,252.0,770.0,-628.0
55.693448227,842358373662853709,842358374852900068,118,11,46300703000000,2026-09-10T12:25:30.123490+00:00,interpolated,253.0,777.0,-619.0
55.712337852,842358373681743334,842358374852900068,118,12,46300703000000,2026-09-10T12:25:30.123490+00:00,interpolated,255.0,765.0,-628.0
55.731227476,842358373700632958,842358374852900068,118,13,46300703000000,2026-09-10T12:25:30.123490+00:00,interpolated,247.0,745.0,-645.0
55.750117101,842358373719522583,842358374852900068,118,14,46300703000000,2026-09-10T12:25:30.123490+00:00,interpolated,227.0,736.0,-665.0
55.769006726,842358373738412208,842358374852900068,118,15,46300703000000,2026-09-10T12:25:30.123490+00:00,interpolated,222.0,730.0,-668.0
55.787896351,842358373757301833,842358374852900068,118,16,46300703000000,2026-09-10T12:25:30.123490+00:00,interpolated,226.0,736.0,-671.0
55.806785975,842358373776191457,842358374852900068,118,17,46300703000000,2026-09-10T12:25:30.123490+00:00,interpolated,220.0,738.0,-661.0
55.8256756,842358373795081082,842358374852900068,118,18,46300703000000,2026-09-10T12:25:30.123490+00:00,interpolated,208.0,729.0,-680.0
55.844565225,842358373813970707,842358374852900068,118,19,46300703000000,2026-09-10T12:25:30.123490+00:00,interpolated,209.0,719.0,-699.0
55.86345485,842358373832860332,842358374852900068,118,20,46300703000000,2026-09-10T12:25:30.123490+00:00,interpolated,209.0,719.0,-688.0
55.882344474,842358373851749956,842358374852900068,118,21,46300703000000,2026-09-10T12:25:30.123490+00:00,interpolated,188.0,735.0,-685.0
55.901234099,842358373870639581,842358374852900068,118,22,46300703000000,2026-09-10T12:25:30.123490+00:00,interpolated,171.0,730.0,-691.0
55.920123724,842358373889529206,842358374852900068,118,23,46300703000000,2026-09-10T12:25:30.123490+00:00,interpolated,156.0,716.0,-701.0
55.939013349,842358373908418831,842358374852900068,118,24,46300703000000,2026-09-10T12:25:30.123490+00:00,interpolated,160.0,707.0,-714.0
55.957902973,842358373927308455,842358374852900068,118,25,46300703000000,2026-09-10T12:25:30.123490+00:00,interpolated,154.0,696.0,-726.0
55.976792598,842358373946198080,842358374852900068,118,26,46300703000000,2026-09-10T12:25:30.123490+00:00,interpolated,148.0,718.0,-717.0
55.995682223,842358373965087705,842358374852900068,118,27,46300703000000,2026-09-10T12:25:30.123490+00:00,interpolated,125.0,717.0,-715.0
56.014571848,842358373983977330,842358374852900068,118,28,46300703000000,2026-09-10T12:25:30.123490+00:00,interpolated,118.0,722.0,-720.0
56.033461472,842358374002866954,842358374852900068,118,29,46300703000000,2026-09-10T12:25:30.123490+00:00,interpolated,113.0,715.0,-725.0
56.052351097,842358374021756579,842358374852900068,118,30,46300703000000,2026-09-10T12:25:30.123490+00:00,interpolated,104.0,706.0,-736.0
56.071240722,842358374040646204,842358374852900068,118,31,46300703000000,2026-09-10T12:25:30.123490+00:00,interpolated,108.0,707.0,-738.0
56.090130347,842358374059535829,842358374852900068,118,32,46300703000000,2026-09-10T12:25:30.123490+00:00,interpolated,112.0,685.0,-736.0
56.109019971,842358374078425453,842358374852900068,118,33,46300703000000,2026-09-10T12:25:30.123490+00:00,interpolated,110.0,682.0,-744.0
56.127909596,842358374097315078,842358374852900068,118,34,46300703000000,2026-09-10T12:25:30.123490+00:00,interpolated,59.0,688.0,-744.0
56.146799221,842358374116204703,842358374852900068,118,35,46300703000000,2026-09-10T12:25:30.123490+00:00,interpolated,48.0,681.0,-762.0
56.165688846,842358374135094328,842358374852900068,118,36,46300703000000,2026-09-10T12:25:30.123490+00:00,interpolated,62.0,673.0,-768.0
56.18457847,842358374153983952,842358374852900068,118,37,46300703000000,2026-09-10T12:25:30.123490+00:00,interpolated,22.0,678.0,-777.0
56.203468095,842358374172873577,842358374852900068,118,38,46300703000000,2026-09-10T12:25:30.123490+00:00,interpolated,12.0,651.0,-798.0
56.22235772,842358374191763202,842358374852900068,118,39,46300703000000,2026-09-10T12:25:30.123490+00:00,interpolated,14.0,641.0,-813.0
56.241247345,842358374210652827,842358374852900068,118,40,46300703000000,2026-09-10T12:25:30.123490+00:00,interpolated,4.0,638.0,-824.0
56.260136969,842358374229542451,842358374852900068,118,41,46300703000000,2026-09-10T12:25:30.123490+00:00,interpolated,-18.0,648.0,-819.0
56.279026594,842358374248432076,842358374852900068,118,42,46300703000000,2026-09-10T12:25:30.123490+00:00,interpolated,6.0,633.0,-822.0
56.297916219,842358374267321701,842358374852900068,118,43,46300703000000,2026-09-10T12:25:30.123490+00:00,interpolated,-1.0,640.0,-850.0
56.316805844,842358374286211326,842358374852900068,118,44,46300703000000,2026-09-10T12:25:30.123490+00:00,interpolated,50.0,607.0,-871.0
56.335695468,842358374305100950,842358374852900068,118,45,46300703000000,2026-09-10T12:25:30.123490+00:00,interpolated,44.0,565.0,-857.0
56.354585093,842358374323990575,842358374852900068,118,46,46300703000000,2026-09-10T12:25:30.123490+00:00,interpolated,5.0,586.0,-844.0
56.373474718,842358374342880200,842358374852900068,118,47,46300703000000,2026-09-10T12:25:30.123490+00:00,interpolated,-45.0,593.0,-876.0
56.392364343,842358374361769825,842358374852900068,118,48,46300703000000,2026-09-10T12:25:30.123490+00:00,interpolated,-66.0,606.0,-890.0
56.411253967,842358374380659449,842358374852900068,118,49,46300703000000,2026-09-10T12:25:30.123490+00:00,interpolated,-83.0,586.0,-865.0
56.430143592,842358374399549074,842358374852900068,118,50,46300703000000,2026-09-10T12:25:30.123490+00:00,interpolated,-74.0,537.0,-883.0
56.449033217,842358374418438699,842358374852900068,118,51,46300703000000,2026-09-10T12:25:30.123490+00:00,interpolated,-58.0,499.0,-912.0
56.467922842,842358374437328324,842358374852900068,118,52,46300703000000,2026-09-10T12:25:30.123490+00:00,interpolated,-56.0,506.0,-881.0
56.486812466,842358374456217948,842358374852900068,118,53,46300703000000,2026-09-10T12:25:30.123490+00:00,interpolated,-61.0,501.0,-894.0
56.505702091,842358374475107573,842358374852900068,118,54,46300703000000,2026-09-10T12:25:30.123490+00:00,interpolated,-69.0,495.0,-905.0
56.524591716,842358374493997198,842358374852900068,118,55,46300703000000,2026-09-10T12:25:30.123490+00:00,interpolated,-85.0,514.0,-906.0
56.543481341,842358374512886823,842358374852900068,118,56,46300703000000,2026-09-10T12:25:30.123490+00:00,interpolated,-95.0,515.0,-901.0
56.562370965,842358374531776447,842358374852900068,118,57,46300703000000,2026-09-10T12:25:30.123490+00:00,interpolated,-105.0,492.0,-915.0
56.58126059,842358374550666072,842358374852900068,118,58,46300703000000,2026-09-10T12:25:30.123490+00:00,interpolated,-89.0,473.0,-929.0
56.600150215,842358374569555697,842358374852900068,118,59,46300703000000,2026-09-10T12:25:30.123490+00:00,interpolated,-65.0,477.0,-930.0
56.61903984,842358374588445322,842358374852900068,118,60,46300703000000,2026-09-10T12:25:30.123490+00:00,interpolated,-67.0,474.0,-911.0
56.637929464,842358374607334946,842358374852900068,118,61,46300703000000,2026-09-10T12:25:30.123490+00:00,interpolated,-83.0,467.0,-934.0
56.656819089,842358374626224571,842358374852900068,118,62,46300703000000,2026-09-10T12:25:30.123490+00:00,interpolated,-87.0,461.0,-934.0
56.675708714,842358374645114196,842358374852900068,118,63,46300703000000,2026-09-10T12:25:30.123490+00:00,interpolated,-76.0,474.0,-941.0
56.694598339,842358374664003821,842358374852900068,118,64,46300703000000,2026-09-10T12:25:30.123490+00:00,interpolated,-73.0,479.0,-934.0
56.713487963,842358374682893445,842358374852900068,118,65,46300703000000,2026-09-10T12:25:30.123490+00:00,interpolated,-72.0,450.0,-945.0
56.732377588,842358374701783070,842358374852900068,118,66,46300703000000,2026-09-10T12:25:30.123490+00:00,interpolated,-78.0,441.0,-942.0
56.751267213,842358374720672695,842358374852900068,118,67,46300703000000,2026-09-10T12:25:30.123490+00:00,interpolated,-85.0,462.0,-939.0
56.770156838,842358374739562320,842358374852900068,118,68,46300703000000,2026-09-10T12:25:30.123490+00:00,interpolated,-87.0,488.0,-924.0
56.789046462,842358374758451944,842358374852900068,118,69,46300703000000,2026-09-10T12:25:30.123490+00:00,interpolated,-98.0,501.0,-926.0
56.807936087,842358374777341569,842358374852900068,118,70,46300703000000,2026-09-10T12:25:30.123490+00:00,interpolated,-104.0,460.0,-929.0
56.826825712,842358374796231194,842358374852900068,118,71,46300703000000,2026-09-10T12:25:30.123490+00:00,interpolated,-102.0,492.0,-930.0
56.845715337,842358374815120819,842358374852900068,118,72,46300703000000,2026-09-10T12:25:30.123490+00:00,interpolated,-95.0,489.0,-921.0
56.864604961,842358374834010443,842358374852900068,118,73,46300703000000,2026-09-10T12:25:30.123490+00:00,interpolated,-82.0,478.0,-931.0
56.883494586,842358374852900068,842358374852900068,118,74,46300703000000,2026-09-10T12:25:30.123490+00:00,interpolated,-57.0,465.0,-938.0
56.902384434,842358374871789916,842358376231858948,121,0,46301843000000,2026-09-10T12:25:31.264192+00:00,interpolated,-15.0,477.0,-936.0
56.921274281,842358374890679763,842358376231858948,121,1,46301843000000,2026-09-10T12:25:31.264192+00:00,interpolated,9.0,502.0,-930.0
56.940164129,842358374909569611,842358376231858948,121,2,46301843000000,2026-09-10T12:25:31.264192+00:00,interpolated,9.0,505.0,-914.0
56.959053977,842358374928459459,842358376231858948,121,3,46301843000000,2026-09-10T12:25:31.264192+00:00,interpolated,-5.0,475.0,-899.0
56.977943824,842358374947349306,842358376231858948,121,4,46301843000000,2026-09-10T12:25:31.264192+00:00,interpolated,3.0,493.0,-896.0
56.996833672,842358374966239154,842358376231858948,121,5,46301843000000,2026-09-10T12:25:31.264192+00:00,interpolated,6.0,514.0,-891.0
57.01572352,842358374985129002,842358376231858948,121,6,46301843000000,2026-09-10T12:25:31.264192+00:00,interpolated,-6.0,528.0,-885.0
57.034613367,842358375004018849,842358376231858948,121,7,46301843000000,2026-09-10T12:25:31.264192+00:00,interpolated,11.0,537.0,-880.0
57.053503215,842358375022908697,842358376231858948,121,8,46301843000000,2026-09-10T12:25:31.264192+00:00,interpolated,38.0,524.0,-884.0
57.072393063,842358375041798545,842358376231858948,121,9,46301843000000,2026-09-10T12:25:31.264192+00:00,interpolated,41.0,531.0,-868.0
57.09128291,842358375060688392,842358376231858948,121,10,46301843000000,2026-09-10T12:25:31.264192+00:00,interpolated,22.0,555.0,-860.0
57.110172758,842358375079578240,842358376231858948,121,11,46301843000000,2026-09-10T12:25:31.264192+00:00,interpolated,20.0,589.0,-852.0
57.129062606,842358375098468088,842358376231858948,121,12,46301843000000,2026-09-10T12:25:31.264192+00:00,interpolated,22.0,596.0,-844.0
57.147952453,842358375117357935,842358376231858948,121,13,46301843000000,2026-09-10T12:25:31.264192+00:00,interpolated,29.0,571.0,-865.0
57.166842301,842358375136247783,842358376231858948,121,14,46301843000000,2026-09-10T12:25:31.264192+00:00,interpolated,69.0,552.0,-881.0
57.185732149,842358375155137631,842358376231858948,121,15,46301843000000,2026-09-10T12:25:31.264192+00:00,interpolated,94.0,578.0,-840.0
57.204621996,842358375174027478,842358376231858948,121,16,46301843000000,2026-09-10T12:25:31.264192+00:00,interpolated,78.0,615.0,-836.0
57.223511844,842358375192917326,842358376231858948,121,17,46301843000000,2026-09-10T12:25:31.264192+00:00,interpolated,99.0,624.0,-835.0
57.242401692,842358375211807174,842358376231858948,121,18,46301843000000,2026-09-10T12:25:31.264192+00:00,interpolated,135.0,618.0,-836.0
57.261291539,842358375230697021,842358376231858948,121,19,46301843000000,2026-09-10T12:25:31.264192+00:00,interpolated,117.0,616.0,-769.0
57.280181387,842358375249586869,842358376231858948,121,20,46301843000000,2026-09-10T12:25:31.264192+00:00,interpolated,87.0,638.0,-785.0
57.299071235,842358375268476717,842358376231858948,121,21,46301843000000,2026-09-10T12:25:31.264192+00:00,interpolated,110.0,630.0,-817.0
57.317961082,842358375287366564,842358376231858948,121,22,46301843000000,2026-09-10T12:25:31.264192+00:00,interpolated,118.0,629.0,-777.0
57.33685093,842358375306256412,842358376231858948,121,23,46301843000000,2026-09-10T12:25:31.264192+00:00,interpolated,119.0,657.0,-727.0
57.355740778,842358375325146260,842358376231858948,121,24,46301843000000,2026-09-10T12:25:31.264192+00:00,interpolated,136.0,670.0,-747.0
57.374630625,842358375344036107,842358376231858948,121,25,46301843000000,2026-09-10T12:25:31.264192+00:00,interpolated,167.0,665.0,-765.0
57.393520473,842358375362925955,842358376231858948,121,26,46301843000000,2026-09-10T12:25:31.264192+00:00,interpolated,194.0,670.0,-751.0
57.412410321,842358375381815803,842358376231858948,121,27,46301843000000,2026-09-10T12:25:31.264192+00:00,interpolated,176.0,682.0,-715.0
57.431300168,842358375400705650,842358376231858948,121,28,46301843000000,2026-09-10T12:25:31.264192+00:00,interpolated,193.0,691.0,-713.0
57.450190016,842358375419595498,842358376231858948,121,29,46301843000000,2026-09-10T12:25:31.264192+00:00,interpolated,198.0,689.0,-710.0
57.469079864,842358375438485346,842358376231858948,121,30,46301843000000,2026-09-10T12:25:31.264192+00:00,interpolated,209.0,693.0,-695.0
57.487969711,842358375457375193,842358376231858948,121,31,46301843000000,2026-09-10T12:25:31.264192+00:00,interpolated,218.0,696.0,-681.0
57.506859559,842358375476265041,842358376231858948,121,32,46301843000000,2026-09-10T12:25:31.264192+00:00,interpolated,234.0,728.0,-672.0
57.525749407,842358375495154889,842358376231858948,121,33,46301843000000,2026-09-10T12:25:31.264192+00:00,interpolated,246.0,716.0,-692.0
57.544639254,842358375514044736,842358376231858948,121,34,46301843000000,2026-09-10T12:25:31.264192+00:00,interpolated,267.0,710.0,-671.0
57.563529102,842358375532934584,842358376231858948,121,35,46301843000000,2026-09-10T12:25:31.264192+00:00,interpolated,284.0,724.0,-648.0
57.58241895,842358375551824432,842358376231858948,121,36,46301843000000,2026-09-10T12:25:31.264192+00:00,interpolated,282.0,759.0,-637.0
57.601308798,842358375570714280,842358376231858948,121,37,46301843000000,2026-09-10T12:25:31.264192+00:00,interpolated,299.0,747.0,-661.0
57.620198645,842358375589604127,842358376231858948,121,38,46301843000000,2026-09-10T12:25:31.264192+00:00,interpolated,304.0,712.0,-635.0
57.639088493,842358375608493975,842358376231858948,121,39,46301843000000,2026-09-10T12:25:31.264192+00:00,interpolated,299.0,744.0,-613.0
57.657978341,842358375627383823,842358376231858948,121,40,46301843000000,2026-09-10T12:25:31.264192+00:00,interpolated,275.0,793.0,-612.0
57.676868188,842358375646273670,842358376231858948,121,41,46301843000000,2026-09-10T12:25:31.264192+00:00,interpolated,293.0,789.0,-602.0
57.695758036,842358375665163518,842358376231858948,121,42,46301843000000,2026-09-10T12:25:31.264192+00:00,interpolated,326.0,767.0,-602.0
57.714647884,842358375684053366,842358376231858948,121,43,46301843000000,2026-09-10T12:25:31.264192+00:00,interpolated,323.0,768.0,-591.0
57.733537731,842358375702943213,842358376231858948,121,44,46301843000000,2026-09-10T12:25:31.264192+00:00,interpolated,317.0,765.0,-595.0
57.752427579,842358375721833061,842358376231858948,121,45,46301843000000,2026-09-10T12:25:31.264192+00:00,interpolated,332.0,768.0,-581.0
57.771317427,842358375740722909,842358376231858948,121,46,46301843000000,2026-09-10T12:25:31.264192+00:00,interpolated,332.0,757.0,-580.0
57.790207274,842358375759612756,842358376231858948,121,47,46301843000000,2026-09-10T12:25:31.264192+00:00,interpolated,343.0,774.0,-555.0
57.809097122,842358375778502604,842358376231858948,121,48,46301843000000,2026-09-10T12:25:31.264192+00:00,interpolated,354.0,780.0,-551.0
57.82798697,842358375797392452,842358376231858948,121,49,46301843000000,2026-09-10T12:25:31.264192+00:00,interpolated,375.0,786.0,-546.0
57.846876817,842358375816282299,842358376231858948,121,50,46301843000000,2026-09-10T12:25:31.264192+00:00,interpolated,372.0,783.0,-529.0
57.865766665,842358375835172147,842358376231858948,121,51,46301843000000,2026-09-10T12:25:31.264192+00:00,interpolated,359.0,788.0,-497.0
57.884656513,842358375854061995,842358376231858948,121,52,46301843000000,2026-09-10T12:25:31.264192+00:00,interpolated,360.0,802.0,-493.0
57.90354636,842358375872951842,842358376231858948,121,53,46301843000000,2026-09-10T12:25:31.264192+00:00,interpolated,351.0,811.0,-481.0
57.922436208,842358375891841690,842358376231858948,121,54,46301843000000,2026-09-10T12:25:31.264192+00:00,interpolated,360.0,806.0,-474.0
57.941326056,842358375910731538,842358376231858948,121,55,46301843000000,2026-09-10T12:25:31.264192+00:00,interpolated,394.0,802.0,-453.0
57.960215903,842358375929621385,842358376231858948,121,56,46301843000000,2026-09-10T12:25:31.264192+00:00,interpolated,388.0,841.0,-432.0
57.979105751,842358375948511233,842358376231858948,121,57,46301843000000,2026-09-10T12:25:31.264192+00:00,interpolated,366.0,849.0,-412.0
57.997995599,842358375967401081,842358376231858948,121,58,46301843000000,2026-09-10T12:25:31.264192+00:00,interpolated,382.0,829.0,-434.0
58.016885446,842358375986290928,842358376231858948,121,59,46301843000000,2026-09-10T12:25:31.264192+00:00,interpolated,428.0,836.0,-428.0
58.035775294,842358376005180776,842358376231858948,121,60,46301843000000,2026-09-10T12:25:31.264192+00:00,interpolated,418.0,851.0,-403.0
58.054665142,842358376024070624,842358376231858948,121,61,46301843000000,2026-09-10T12:25:31.264192+00:00,interpolated,419.0,829.0,-390.0
58.073554989,842358376042960471,842358376231858948,121,62,46301843000000,2026-09-10T12:25:31.264192+00:00,interpolated,426.0,800.0,-387.0
58.092444837,842358376061850319,842358376231858948,121,63,46301843000000,2026-09-10T12:25:31.264192+00:00,interpolated,467.0,791.0,-386.0
58.111334685,842358376080740167,842358376231858948,121,64,46301843000000,2026-09-10T12:25:31.264192+00:00,interpolated,492.0,792.0,-385.0
58.130224532,842358376099630014,842358376231858948,121,65,46301843000000,2026-09-10T12:25:31.264192+00:00,interpolated,502.0,804.0,-384.0
58.14911438,842358376118519862,842358376231858948,121,66,46301843000000,2026-09-10T12:25:31.264192+00:00,interpolated,494.0,814.0,-360.0
58.168004228,842358376137409710,842358376231858948,121,67,46301843000000,2026-09-10T12:25:31.264192+00:00,interpolated,499.0,789.0,-344.0
58.186894075,842358376156299557,842358376231858948,121,68,46301843000000,2026-09-10T12:25:31.264192+00:00,interpolated,517.0,815.0,-316.0
58.205783923,842358376175189405,842358376231858948,121,69,46301843000000,2026-09-10T12:25:31.264192+00:00,interpolated,492.0,855.0,-301.0
58.224673771,842358376194079253,842358376231858948,121,70,46301843000000,2026-09-10T12:25:31.264192+00:00,interpolated,512.0,864.0,-281.0
58.243563618,842358376212969100,842358376231858948,121,71,46301843000000,2026-09-10T12:25:31.264192+00:00,interpolated,517.0,845.0,-273.0
58.262453466,842358376231858948,842358376231858948,121,72,46301843000000,2026-09-10T12:25:31.264192+00:00,interpolated,515.0,801.0,-295.0
58.281342954,842358376250748436,842358377780796988,125,0,46303890000000,2026-09-10T12:25:33.303922+00:00,interpolated,500.0,816.0,-362.0
58.300232443,842358376269637925,842358377780796988,125,1,46303890000000,2026-09-10T12:25:33.303922+00:00,interpolated,484.0,832.0,-352.0
58.319121931,842358376288527413,842358377780796988,125,2,46303890000000,2026-09-10T12:25:33.303922+00:00,interpolated,530.0,832.0,-297.0
58.338011419,842358376307416901,842358377780796988,125,3,46303890000000,2026-09-10T12:25:33.303922+00:00,interpolated,485.0,830.0,-285.0
58.356900907,842358376326306389,842358377780796988,125,4,46303890000000,2026-09-10T12:25:33.303922+00:00,interpolated,467.0,835.0,-289.0
58.375790396,842358376345195878,842358377780796988,125,5,46303890000000,2026-09-10T12:25:33.303922+00:00,interpolated,487.0,852.0,-312.0
58.394679884,842358376364085366,842358377780796988,125,6,46303890000000,2026-09-10T12:25:33.303922+00:00,interpolated,466.0,851.0,-314.0
58.413569372,842358376382974854,842358377780796988,125,7,46303890000000,2026-09-10T12:25:33.303922+00:00,interpolated,447.0,835.0,-330.0
58.432458861,842358376401864343,842358377780796988,125,8,46303890000000,2026-09-10T12:25:33.303922+00:00,interpolated,455.0,829.0,-340.0
58.451348349,842358376420753831,842358377780796988,125,9,46303890000000,2026-09-10T12:25:33.303922+00:00,interpolated,496.0,827.0,-330.0
58.470237837,842358376439643319,842358377780796988,125,10,46303890000000,2026-09-10T12:25:33.303922+00:00,interpolated,484.0,853.0,-319.0
58.489127326,842358376458532808,842358377780796988,125,11,46303890000000,2026-09-10T12:25:33.303922+00:00,interpolated,462.0,837.0,-328.0
58.508016814,842358376477422296,842358377780796988,125,12,46303890000000,2026-09-10T12:25:33.303922+00:00,interpolated,442.0,818.0,-361.0
58.526906302,842358376496311784,842358377780796988,125,13,46303890000000,2026-09-10T12:25:33.303922+00:00,interpolated,450.0,826.0,-369.0
58.54579579,842358376515201272,842358377780796988,125,14,46303890000000,2026-09-10T12:25:33.303922+00:00,interpolated,459.0,859.0,-345.0
58.564685279,842358376534090761,842358377780796988,125,15,46303890000000,2026-09-10T12:25:33.303922+00:00,interpolated,444.0,863.0,-327.0
58.583574767,842358376552980249,842358377780796988,125,16,46303890000000,2026-09-10T12:25:33.303922+00:00,interpolated,414.0,831.0,-365.0
58.602464255,842358376571869737,842358377780796988,125,17,46303890000000,2026-09-10T12:25:33.303922+00:00,interpolated,419.0,812.0,-413.0
58.621353744,842358376590759226,842358377780796988,125,18,46303890000000,2026-09-10T12:25:33.303922+00:00,interpolated,454.0,818.0,-409.0
58.640243232,842358376609648714,842358377780796988,125,19,46303890000000,2026-09-10T12:25:33.303922+00:00,interpolated,462.0,825.0,-395.0
58.65913272,842358376628538202,842358377780796988,125,20,46303890000000,2026-09-10T12:25:33.303922+00:00,interpolated,448.0,811.0,-391.0
58.678022208,842358376647427690,842358377780796988,125,21,46303890000000,2026-09-10T12:25:33.303922+00:00,interpolated,443.0,810.0,-399.0
58.696911697,842358376666317179,842358377780796988,125,22,46303890000000,2026-09-10T12:25:33.303922+00:00,interpolated,420.0,820.0,-405.0
58.715801185,842358376685206667,842358377780796988,125,23,46303890000000,2026-09-10T12:25:33.303922+00:00,interpolated,405.0,821.0,-436.0
58.734690673,842358376704096155,842358377780796988,125,24,46303890000000,2026-09-10T12:25:33.303922+00:00,interpolated,388.0,823.0,-461.0
58.753580162,842358376722985644,842358377780796988,125,25,46303890000000,2026-09-10T12:25:33.303922+00:00,interpolated,386.0,832.0,-455.0
58.77246965,842358376741875132,842358377780796988,125,26,46303890000000,2026-09-10T12:25:33.303922+00:00,interpolated,369.0,846.0,-436.0
58.791359138,842358376760764620,842358377780796988,125,27,46303890000000,2026-09-10T12:25:33.303922+00:00,interpolated,360.0,840.0,-435.0
58.810248626,842358376779654108,842358377780796988,125,28,46303890000000,2026-09-10T12:25:33.303922+00:00,interpolated,365.0,832.0,-449.0
58.829138115,842358376798543597,842358377780796988,125,29,46303890000000,2026-09-10T12:25:33.303922+00:00,interpolated,354.0,843.0,-459.0
58.848027603,842358376817433085,842358377780796988,125,30,46303890000000,2026-09-10T12:25:33.303922+00:00,interpolated,328.0,851.0,-477.0
58.866917091,842358376836322573,842358377780796988,125,31,46303890000000,2026-09-10T12:25:33.303922+00:00,interpolated,317.0,841.0,-492.0
58.88580658,842358376855212062,842358377780796988,125,32,46303890000000,2026-09-10T12:25:33.303922+00:00,interpolated,325.0,821.0,-507.0
58.904696068,842358376874101550,842358377780796988,125,33,46303890000000,2026-09-10T12:25:33.303922+00:00,interpolated,332.0,811.0,-505.0
58.923585556,842358376892991038,842358377780796988,125,34,46303890000000,2026-09-10T12:25:33.303922+00:00,interpolated,323.0,801.0,-513.0
58.942475045,842358376911880527,842358377780796988,125,35,46303890000000,2026-09-10T12:25:33.303922+00:00,interpolated,305.0,801.0,-538.0
58.961364533,842358376930770015,842358377780796988,125,36,46303890000000,2026-09-10T12:25:33.303922+00:00,interpolated,290.0,795.0,-541.0
58.980254021,842358376949659503,842358377780796988,125,37,46303890000000,2026-09-10T12:25:33.303922+00:00,interpolated,295.0,796.0,-550.0
58.999143509,842358376968548991,842358377780796988,125,38,46303890000000,2026-09-10T12:25:33.303922+00:00,interpolated,272.0,810.0,-552.0
59.018032998,842358376987438480,842358377780796988,125,39,46303890000000,2026-09-10T12:25:33.303922+00:00,interpolated,243.0,813.0,-558.0
59.036922486,842358377006327968,842358377780796988,125,40,46303890000000,2026-09-10T12:25:33.303922+00:00,interpolated,230.0,805.0,-579.0
59.055811974,842358377025217456,842358377780796988,125,41,46303890000000,2026-09-10T12:25:33.303922+00:00,interpolated,233.0,792.0,-595.0
59.074701463,842358377044106945,842358377780796988,125,42,46303890000000,2026-09-10T12:25:33.303922+00:00,interpolated,231.0,794.0,-602.0
59.093590951,842358377062996433,842358377780796988,125,43,46303890000000,2026-09-10T12:25:33.303922+00:00,interpolated,217.0,781.0,-604.0
59.112480439,842358377081885921,842358377780796988,125,44,46303890000000,2026-09-10T12:25:33.303922+00:00,interpolated,194.0,774.0,-617.0
59.131369927,842358377100775409,842358377780796988,125,45,46303890000000,2026-09-10T12:25:33.303922+00:00,interpolated,177.0,770.0,-628.0
59.150259416,842358377119664898,842358377780796988,125,46,46303890000000,2026-09-10T12:25:33.303922+00:00,interpolated,157.0,775.0,-629.0
59.169148904,842358377138554386,842358377780796988,125,47,46303890000000,2026-09-10T12:25:33.303922+00:00,interpolated,141.0,767.0,-653.0
59.188038392,842358377157443874,842358377780796988,125,48,46303890000000,2026-09-10T12:25:33.303922+00:00,interpolated,133.0,744.0,-677.0
59.206927881,842358377176333363,842358377780796988,125,49,46303890000000,2026-09-10T12:25:33.303922+00:00,interpolated,124.0,733.0,-692.0
59.225817369,842358377195222851,842358377780796988,125,50,46303890000000,2026-09-10T12:25:33.303922+00:00,interpolated,116.0,737.0,-695.0
59.244706857,842358377214112339,842358377780796988,125,51,46303890000000,2026-09-10T12:25:33.303922+00:00,interpolated,94.0,746.0,-698.0
59.263596346,842358377233001828,842358377780796988,125,52,46303890000000,2026-09-10T12:25:33.303922+00:00,interpolated,87.0,751.0,-704.0
59.282485834,842358377251891316,842358377780796988,125,53,46303890000000,2026-09-10T12:25:33.303922+00:00,interpolated,67.0,754.0,-706.0
59.301375322,842358377270780804,842358377780796988,125,54,46303890000000,2026-09-10T12:25:33.303922+00:00,interpolated,47.0,735.0,-718.0
59.32026481,842358377289670292,842358377780796988,125,55,46303890000000,2026-09-10T12:25:33.303922+00:00,interpolated,43.0,720.0,-732.0
59.339154299,842358377308559781,842358377780796988,125,56,46303890000000,2026-09-10T12:25:33.303922+00:00,interpolated,38.0,707.0,-750.0
59.358043787,842358377327449269,842358377780796988,125,57,46303890000000,2026-09-10T12:25:33.303922+00:00,interpolated,31.0,686.0,-779.0
59.376933275,842358377346338757,842358377780796988,125,58,46303890000000,2026-09-10T12:25:33.303922+00:00,interpolated,34.0,665.0,-797.0
59.395822764,842358377365228246,842358377780796988,125,59,46303890000000,2026-09-10T12:25:33.303922+00:00,interpolated,20.0,650.0,-806.0
59.414712252,842358377384117734,842358377780796988,125,60,46303890000000,2026-09-10T12:25:33.303922+00:00,interpolated,15.0,654.0,-805.0
59.43360174,842358377403007222,842358377780796988,125,61,46303890000000,2026-09-10T12:25:33.303922+00:00,interpolated,3.0,661.0,-801.0
59.452491228,842358377421896710,842358377780796988,125,62,46303890000000,2026-09-10T12:25:33.303922+00:00,interpolated,-11.0,658.0,-811.0
59.471380717,842358377440786199,842358377780796988,125,63,46303890000000,2026-09-10T12:25:33.303922+00:00,interpolated,-14.0,662.0,-826.0
59.490270205,842358377459675687,842358377780796988,125,64,46303890000000,2026-09-10T12:25:33.303922+00:00,interpolated,-21.0,647.0,-837.0
59.509159693,842358377478565175,842358377780796988,125,65,46303890000000,2026-09-10T12:25:33.303922+00:00,interpolated,-4.0,627.0,-843.0
59.528049182,842358377497454664,842358377780796988,125,66,46303890000000,2026-09-10T12:25:33.303922+00:00,interpolated,9.0,615.0,-833.0
59.54693867,842358377516344152,842358377780796988,125,67,46303890000000,2026-09-10T12:25:33.303922+00:00,interpolated,28.0,600.0,-863.0
59.565828158,842358377535233640,842358377780796988,125,68,46303890000000,2026-09-10T12:25:33.303922+00:00,interpolated,54.0,589.0,-880.0
59.584717646,842358377554123128,842358377780796988,125,69,46303890000000,2026-09-10T12:25:33.303922+00:00,interpolated,69.0,597.0,-886.0
59.603607135,842358377573012617,842358377780796988,125,70,46303890000000,2026-09-10T12:25:33.303922+00:00,interpolated,66.0,600.0,-877.0
59.622496623,842358377591902105,842358377780796988,125,71,46303890000000,2026-09-10T12:25:33.303922+00:00,interpolated,56.0,581.0,-874.0
59.641386111,842358377610791593,842358377780796988,125,72,46303890000000,2026-09-10T12:25:33.303922+00:00,interpolated,58.0,562.0,-876.0
59.6602756,842358377629681082,842358377780796988,125,73,46303890000000,2026-09-10T12:25:33.303922+00:00,interpolated,56.0,559.0,-878.0
59.679165088,842358377648570570,842358377780796988,125,74,46303890000000,2026-09-10T12:25:33.303922+00:00,interpolated,51.0,566.0,-875.0
59.698054576,842358377667460058,842358377780796988,125,75,46303890000000,2026-09-10T12:25:33.303922+00:00,interpolated,29.0,582.0,-873.0
59.716944065,842358377686349547,842358377780796988,125,76,46303890000000,2026-09-10T12:25:33.303922+00:00,interpolated,20.0,592.0,-871.0
59.735833553,842358377705239035,842358377780796988,125,77,46303890000000,2026-09-10T12:25:33.303922+00:00,interpolated,28.0,582.0,-866.0
59.754723041,842358377724128523,842358377780796988,125,78,46303890000000,2026-09-10T12:25:33.303922+00:00,interpolated,30.0,567.0,-865.0
59.773612529,842358377743018011,842358377780796988,125,79,46303890000000,2026-09-10T12:25:33.303922+00:00,interpolated,47.0,560.0,-865.0
59.792502018,842358377761907500,842358377780796988,125,80,46303890000000,2026-09-10T12:25:33.303922+00:00,interpolated,48.0,578.0,-860.0
59.811391506,842358377780796988,842358377780796988,125,81,46303890000000,2026-09-10T12:25:33.303922+00:00,interpolated,41.0,591.0,-865.0
59.830281447,842358377799686929,842358379178652614,128,0,46304812000000,2026-09-10T12:25:34.234206+00:00,interpolated,69.0,598.0,-862.0
59.849171388,842358377818576870,842358379178652614,128,1,46304812000000,2026-09-10T12:25:34.234206+00:00,interpolated,51.0,594.0,-858.0
59.868061329,842358377837466811,842358379178652614,128,2,46304812000000,2026-09-10T12:25:34.234206+00:00,interpolated,60.0,568.0,-855.0
59.88695127,842358377856356752,842358379178652614,128,3,46304812000000,2026-09-10T12:25:34.234206+00:00,interpolated,55.0,541.0,-831.0
59.90584121,842358377875246692,842358379178652614,128,4,46304812000000,2026-09-10T12:25:34.234206+00:00,interpolated,68.0,578.0,-821.0
59.924731151,842358377894136633,842358379178652614,128,5,46304812000000,2026-09-10T12:25:34.234206+00:00,interpolated,67.0,623.0,-829.0
59.943621092,842358377913026574,842358379178652614,128,6,46304812000000,2026-09-10T12:25:34.234206+00:00,interpolated,72.0,625.0,-872.0
59.962511033,842358377931916515,842358379178652614,128,7,46304812000000,2026-09-10T12:25:34.234206+00:00,interpolated,54.0,617.0,-834.0
59.981400974,842358377950806456,842358379178652614,128,8,46304812000000,2026-09-10T12:25:34.234206+00:00,interpolated,70.0,606.0,-814.0
60.000290915,842358377969696397,842358379178652614,128,9,46304812000000,2026-09-10T12:25:34.234206+00:00,interpolated,85.0,577.0,-821.0
60.019180856,842358377988586338,842358379178652614,128,10,46304812000000,2026-09-10T12:25:34.234206+00:00,interpolated,99.0,573.0,-849.0
60.038070797,842358378007476279,842358379178652614,128,11,46304812000000,2026-09-10T12:25:34.234206+00:00,interpolated,98.0,583.0,-856.0
60.056960738,842358378026366220,842358379178652614,128,12,46304812000000,2026-09-10T12:25:34.234206+00:00,interpolated,100.0,593.0,-828.0
60.075850678,842358378045256160,842358379178652614,128,13,46304812000000,2026-09-10T12:25:34.234206+00:00,interpolated,108.0,607.0,-793.0
60.094740619,842358378064146101,842358379178652614,128,14,46304812000000,2026-09-10T12:25:34.234206+00:00,interpolated,130.0,610.0,-803.0
60.11363056,842358378083036042,842358379178652614,128,15,46304812000000,2026-09-10T12:25:34.234206+00:00,interpolated,142.0,632.0,-795.0
60.132520501,842358378101925983,842358379178652614,128,16,46304812000000,2026-09-10T12:25:34.234206+00:00,interpolated,141.0,637.0,-804.0
60.151410442,842358378120815924,842358379178652614,128,17,46304812000000,2026-09-10T12:25:34.234206+00:00,interpolated,141.0,637.0,-804.0
60.170300383,842358378139705865,842358379178652614,128,18,46304812000000,2026-09-10T12:25:34.234206+00:00,interpolated,142.0,622.0,-794.0
60.189190324,842358378158595806,842358379178652614,128,19,46304812000000,2026-09-10T12:25:34.234206+00:00,interpolated,145.0,619.0,-791.0
60.208080265,842358378177485747,842358379178652614,128,20,46304812000000,2026-09-10T12:25:34.234206+00:00,interpolated,164.0,624.0,-792.0
60.226970206,842358378196375688,842358379178652614,128,21,46304812000000,2026-09-10T12:25:34.234206+00:00,interpolated,172.0,651.0,-778.0
60.245860147,842358378215265629,842358379178652614,128,22,46304812000000,2026-09-10T12:25:34.234206+00:00,interpolated,154.0,687.0,-761.0
60.264750087,842358378234155569,842358379178652614,128,23,46304812000000,2026-09-10T12:25:34.234206+00:00,interpolated,141.0,685.0,-753.0
60.283640028,842358378253045510,842358379178652614,128,24,46304812000000,2026-09-10T12:25:34.234206+00:00,interpolated,145.0,668.0,-755.0
60.302529969,842358378271935451,842358379178652614,128,25,46304812000000,2026-09-10T12:25:34.234206+00:00,interpolated,155.0,663.0,-748.0
60.32141991,842358378290825392,842358379178652614,128,26,46304812000000,2026-09-10T12:25:34.234206+00:00,interpolated,171.0,657.0,-747.0
60.340309851,842358378309715333,842358379178652614,128,27,46304812000000,2026-09-10T12:25:34.234206+00:00,interpolated,171.0,661.0,-751.0
60.359199792,842358378328605274,842358379178652614,128,28,46304812000000,2026-09-10T12:25:34.234206+00:00,interpolated,169.0,674.0,-747.0
60.378089733,842358378347495215,842358379178652614,128,29,46304812000000,2026-09-10T12:25:34.234206+00:00,interpolated,177.0,680.0,-753.0
60.396979674,842358378366385156,842358379178652614,128,30,46304812000000,2026-09-10T12:25:34.234206+00:00,interpolated,202.0,684.0,-739.0
60.415869615,842358378385275097,842358379178652614,128,31,46304812000000,2026-09-10T12:25:34.234206+00:00,interpolated,205.0,684.0,-721.0
60.434759555,842358378404165037,842358379178652614,128,32,46304812000000,2026-09-10T12:25:34.234206+00:00,interpolated,206.0,687.0,-726.0
60.453649496,842358378423054978,842358379178652614,128,33,46304812000000,2026-09-10T12:25:34.234206+00:00,interpolated,255.0,704.0,-722.0
60.472539437,842358378441944919,842358379178652614,128,34,46304812000000,2026-09-10T12:25:34.234206+00:00,interpolated,257.0,713.0,-695.0
60.491429378,842358378460834860,842358379178652614,128,35,46304812000000,2026-09-10T12:25:34.234206+00:00,interpolated,228.0,705.0,-688.0
60.510319319,842358378479724801,842358379178652614,128,36,46304812000000,2026-09-10T12:25:34.234206+00:00,interpolated,223.0,701.0,-709.0
60.52920926,842358378498614742,842358379178652614,128,37,46304812000000,2026-09-10T12:25:34.234206+00:00,interpolated,218.0,701.0,-711.0
60.548099201,842358378517504683,842358379178652614,128,38,46304812000000,2026-09-10T12:25:34.234206+00:00,interpolated,222.0,712.0,-703.0
60.566989142,842358378536394624,842358379178652614,128,39,46304812000000,2026-09-10T12:25:34.234206+00:00,interpolated,221.0,729.0,-690.0
60.585879083,842358378555284565,842358379178652614,128,40,46304812000000,2026-09-10T12:25:34.234206+00:00,interpolated,233.0,749.0,-660.0
60.604769023,842358378574174505,842358379178652614,128,41,46304812000000,2026-09-10T12:25:34.234206+00:00,interpolated,225.0,755.0,-660.0
60.623658964,842358378593064446,842358379178652614,128,42,46304812000000,2026-09-10T12:25:34.234206+00:00,interpolated,228.0,733.0,-671.0
60.642548905,842358378611954387,842358379178652614,128,43,46304812000000,2026-09-10T12:25:34.234206+00:00,interpolated,260.0,713.0,-680.0
60.661438846,842358378630844328,842358379178652614,128,44,46304812000000,2026-09-10T12:25:34.234206+00:00,interpolated,291.0,709.0,-675.0
60.680328787,842358378649734269,842358379178652614,128,45,46304812000000,2026-09-10T12:25:34.234206+00:00,interpolated,299.0,724.0,-664.0
60.699218728,842358378668624210,842358379178652614,128,46,46304812000000,2026-09-10T12:25:34.234206+00:00,interpolated,299.0,722.0,-656.0
60.718108669,842358378687514151,842358379178652614,128,47,46304812000000,2026-09-10T12:25:34.234206+00:00,interpolated,302.0,726.0,-634.0
60.73699861,842358378706404092,842358379178652614,128,48,46304812000000,2026-09-10T12:25:34.234206+00:00,interpolated,305.0,739.0,-638.0
60.755888551,842358378725294033,842358379178652614,128,49,46304812000000,2026-09-10T12:25:34.234206+00:00,interpolated,298.0,747.0,-628.0
60.774778491,842358378744183973,842358379178652614,128,50,46304812000000,2026-09-10T12:25:34.234206+00:00,interpolated,299.0,746.0,-619.0
60.793668432,842358378763073914,842358379178652614,128,51,46304812000000,2026-09-10T12:25:34.234206+00:00,interpolated,293.0,747.0,-609.0
60.812558373,842358378781963855,842358379178652614,128,52,46304812000000,2026-09-10T12:25:34.234206+00:00,interpolated,289.0,749.0,-611.0
60.831448314,842358378800853796,842358379178652614,128,53,46304812000000,2026-09-10T12:25:34.234206+00:00,interpolated,300.0,752.0,-606.0
60.850338255,842358378819743737,842358379178652614,128,54,46304812000000,2026-09-10T12:25:34.234206+00:00,interpolated,310.0,757.0,-596.0
60.869228196,842358378838633678,842358379178652614,128,55,46304812000000,2026-09-10T12:25:34.234206+00:00,interpolated,305.0,770.0,-586.0
60.888118137,842358378857523619,842358379178652614,128,56,46304812000000,2026-09-10T12:25:34.234206+00:00,interpolated,291.0,781.0,-586.0
60.907008078,842358378876413560,842358379178652614,128,57,46304812000000,2026-09-10T12:25:34.234206+00:00,interpolated,295.0,804.0,-589.0
60.925898019,842358378895303501,842358379178652614,128,58,46304812000000,2026-09-10T12:25:34.234206+00:00,interpolated,302.0,821.0,-587.0
60.94478796,842358378914193442,842358379178652614,128,59,46304812000000,2026-09-10T12:25:34.234206+00:00,interpolated,302.0,839.0,-566.0
60.9636779,842358378933083382,842358379178652614,128,60,46304812000000,2026-09-10T12:25:34.234206+00:00,interpolated,306.0,833.0,-537.0
60.982567841,842358378951973323,842358379178652614,128,61,46304812000000,2026-09-10T12:25:34.234206+00:00,interpolated,315.0,824.0,-528.0
61.001457782,842358378970863264,842358379178652614,128,62,46304812000000,2026-09-10T12:25:34.234206+00:00,interpolated,306.0,816.0,-521.0
61.020347723,842358378989753205,842358379178652614,128,63,46304812000000,2026-09-10T12:25:34.234206+00:00,interpolated,300.0,809.0,-547.0
61.039237664,842358379008643146,842358379178652614,128,64,46304812000000,2026-09-10T12:25:34.234206+00:00,interpolated,307.0,799.0,-567.0
61.058127605,842358379027533087,842358379178652614,128,65,46304812000000,2026-09-10T12:25:34.234206+00:00,interpolated,319.0,786.0,-573.0
61.077017546,842358379046423028,842358379178652614,128,66,46304812000000,2026-09-10T12:25:34.234206+00:00,interpolated,327.0,779.0,-567.0
61.095907487,842358379065312969,842358379178652614,128,67,46304812000000,2026-09-10T12:25:34.234206+00:00,interpolated,343.0,779.0,-553.0
61.114797428,842358379084202910,842358379178652614,128,68,46304812000000,2026-09-10T12:25:34.234206+00:00,interpolated,347.0,784.0,-540.0
61.133687368,842358379103092850,842358379178652614,128,69,46304812000000,2026-09-10T12:25:34.234206+00:00,interpolated,336.0,789.0,-530.0
61.152577309,842358379121982791,842358379178652614,128,70,46304812000000,2026-09-10T12:25:34.234206+00:00,interpolated,325.0,800.0,-532.0
61.17146725,842358379140872732,842358379178652614,128,71,46304812000000,2026-09-10T12:25:34.234206+00:00,interpolated,328.0,818.0,-531.0
61.190357191,842358379159762673,842358379178652614,128,72,46304812000000,2026-09-10T12:25:34.234206+00:00,interpolated,337.0,817.0,-522.0
61.209247132,842358379178652614,842358379178652614,128,73,46304812000000,2026-09-10T12:25:34.234206+00:00,interpolated,349.0,809.0,-521.0
61.22813665,842358379197542132,842358380614255956,133,0,46306343000000,2026-09-10T12:25:35.764504+00:00,interpolated,351.0,809.0,-523.0
61.247026167,842358379216431649,842358380614255956,133,1,46306343000000,2026-09-10T12:25:35.764504+00:00,interpolated,340.0,808.0,-513.0
61.265915685,842358379235321167,842358380614255956,133,2,46306343000000,2026-09-10T12:25:35.764504+00:00,interpolated,332.0,809.0,-517.0
61.284805203,842358379254210685,842358380614255956,133,3,46306343000000,2026-09-10T12:25:35.764504+00:00,interpolated,328.0,818.0,-513.0
61.30369472,842358379273100202,842358380614255956,133,4,46306343000000,2026-09-10T12:25:35.764504+00:00,interpolated,328.0,829.0,-508.0
61.322584238,842358379291989720,842358380614255956,133,5,46306343000000,2026-09-10T12:25:35.764504+00:00,interpolated,315.0,824.0,-493.0
61.341473756,842358379310879238,842358380614255956,133,6,46306343000000,2026-09-10T12:25:35.764504+00:00,interpolated,317.0,828.0,-500.0
61.360363273,842358379329768755,842358380614255956,133,7,46306343000000,2026-09-10T12:25:35.764504+00:00,interpolated,320.0,829.0,-500.0
61.379252791,842358379348658273,842358380614255956,133,8,46306343000000,2026-09-10T12:25:35.764504+00:00,interpolated,319.0,832.0,-496.0
61.398142309,842358379367547791,842358380614255956,133,9,46306343000000,2026-09-10T12:25:35.764504+00:00,interpolated,316.0,831.0,-491.0
61.417031826,842358379386437308,842358380614255956,133,10,46306343000000,2026-09-10T12:25:35.764504+00:00,interpolated,312.0,837.0,-491.0
61.435921344,842358379405326826,842358380614255956,133,11,46306343000000,2026-09-10T12:25:35.764504+00:00,interpolated,319.0,836.0,-487.0
61.454810862,842358379424216344,842358380614255956,133,12,46306343000000,2026-09-10T12:25:35.764504+00:00,interpolated,324.0,829.0,-478.0
61.473700379,842358379443105861,842358380614255956,133,13,46306343000000,2026-09-10T12:25:35.764504+00:00,interpolated,317.0,846.0,-468.0
61.492589897,842358379461995379,842358380614255956,133,14,46306343000000,2026-09-10T12:25:35.764504+00:00,interpolated,306.0,854.0,-474.0
61.511479415,842358379480884897,842358380614255956,133,15,46306343000000,2026-09-10T12:25:35.764504+00:00,interpolated,288.0,883.0,-459.0
61.530368932,842358379499774414,842358380614255956,133,16,46306343000000,2026-09-10T12:25:35.764504+00:00,interpolated,276.0,896.0,-454.0
61.54925845,842358379518663932,842358380614255956,133,17,46306343000000,2026-09-10T12:25:35.764504+00:00,interpolated,292.0,881.0,-464.0
61.568147968,842358379537553450,842358380614255956,133,18,46306343000000,2026-09-10T12:25:35.764504+00:00,interpolated,340.0,875.0,-447.0
61.587037485,842358379556442967,842358380614255956,133,19,46306343000000,2026-09-10T12:25:35.764504+00:00,interpolated,339.0,922.0,-445.0
61.605927003,842358379575332485,842358380614255956,133,20,46306343000000,2026-09-10T12:25:35.764504+00:00,interpolated,321.0,952.0,-468.0
61.62481652,842358379594222002,842358380614255956,133,21,46306343000000,2026-09-10T12:25:35.764504+00:00,interpolated,291.0,875.0,-554.0
61.643706038,842358379613111520,842358380614255956,133,22,46306343000000,2026-09-10T12:25:35.764504+00:00,interpolated,292.0,839.0,-557.0
61.662595556,842358379632001038,842358380614255956,133,23,46306343000000,2026-09-10T12:25:35.764504+00:00,interpolated,297.0,879.0,-546.0
61.681485073,842358379650890555,842358380614255956,133,24,46306343000000,2026-09-10T12:25:35.764504+00:00,interpolated,251.0,855.0,-532.0
61.700374591,842358379669780073,842358380614255956,133,25,46306343000000,2026-09-10T12:25:35.764504+00:00,interpolated,212.0,830.0,-525.0
61.719264109,842358379688669591,842358380614255956,133,26,46306343000000,2026-09-10T12:25:35.764504+00:00,interpolated,184.0,847.0,-538.0
61.738153626,842358379707559108,842358380614255956,133,27,46306343000000,2026-09-10T12:25:35.764504+00:00,interpolated,173.0,849.0,-533.0
61.757043144,842358379726448626,842358380614255956,133,28,46306343000000,2026-09-10T12:25:35.764504+00:00,interpolated,171.0,847.0,-532.0
61.775932662,842358379745338144,842358380614255956,133,29,46306343000000,2026-09-10T12:25:35.764504+00:00,interpolated,185.0,826.0,-533.0
61.794822179,842358379764227661,842358380614255956,133,30,46306343000000,2026-09-10T12:25:35.764504+00:00,interpolated,208.0,821.0,-529.0
61.813711697,842358379783117179,842358380614255956,133,31,46306343000000,2026-09-10T12:25:35.764504+00:00,interpolated,239.0,812.0,-527.0
61.832601215,842358379802006697,842358380614255956,133,32,46306343000000,2026-09-10T12:25:35.764504+00:00,interpolated,272.0,832.0,-522.0
61.851490732,842358379820896214,842358380614255956,133,33,46306343000000,2026-09-10T12:25:35.764504+00:00,interpolated,302.0,838.0,-506.0
61.87038025,842358379839785732,842358380614255956,133,34,46306343000000,2026-09-10T12:25:35.764504+00:00,interpolated,340.0,815.0,-484.0
61.889269768,842358379858675250,842358380614255956,133,35,46306343000000,2026-09-10T12:25:35.764504+00:00,interpolated,385.0,792.0,-470.0
61.908159285,842358379877564767,842358380614255956,133,36,46306343000000,2026-09-10T12:25:35.764504+00:00,interpolated,422.0,775.0,-476.0
61.927048803,842358379896454285,842358380614255956,133,37,46306343000000,2026-09-10T12:25:35.764504+00:00,interpolated,435.0,739.0,-493.0
61.945938321,842358379915343803,842358380614255956,133,38,46306343000000,2026-09-10T12:25:35.764504+00:00,interpolated,447.0,706.0,-509.0
61.964827838,842358379934233320,842358380614255956,133,39,46306343000000,2026-09-10T12:25:35.764504+00:00,interpolated,447.0,680.0,-532.0
61.983717356,842358379953122838,842358380614255956,133,40,46306343000000,2026-09-10T12:25:35.764504+00:00,interpolated,443.0,684.0,-546.0
62.002606874,842358379972012356,842358380614255956,133,41,46306343000000,2026-09-10T12:25:35.764504+00:00,interpolated,453.0,697.0,-548.0
62.021496391,842358379990901873,842358380614255956,133,42,46306343000000,2026-09-10T12:25:35.764504+00:00,interpolated,474.0,720.0,-551.0
62.040385909,842358380009791391,842358380614255956,133,43,46306343000000,2026-09-10T12:25:35.764504+00:00,interpolated,466.0,727.0,-549.0
62.059275427,842358380028680909,842358380614255956,133,44,46306343000000,2026-09-10T12:25:35.764504+00:00,interpolated,454.0,750.0,-548.0
62.078164944,842358380047570426,842358380614255956,133,45,46306343000000,2026-09-10T12:25:35.764504+00:00,interpolated,437.0,812.0,-559.0
62.097054462,842358380066459944,842358380614255956,133,46,46306343000000,2026-09-10T12:25:35.764504+00:00,interpolated,386.0,855.0,-580.0
62.11594398,842358380085349462,842358380614255956,133,47,46306343000000,2026-09-10T12:25:35.764504+00:00,interpolated,300.0,853.0,-611.0
62.134833497,842358380104238979,842358380614255956,133,48,46306343000000,2026-09-10T12:25:35.764504+00:00,interpolated,241.0,843.0,-628.0
62.153723015,842358380123128497,842358380614255956,133,49,46306343000000,2026-09-10T12:25:35.764504+00:00,interpolated,215.0,823.0,-625.0
62.172612533,842358380142018015,842358380614255956,133,50,46306343000000,2026-09-10T12:25:35.764504+00:00,interpolated,208.0,822.0,-624.0
62.19150205,842358380160907532,842358380614255956,133,51,46306343000000,2026-09-10T12:25:35.764504+00:00,interpolated,221.0,802.0,-609.0
62.210391568,842358380179797050,842358380614255956,133,52,46306343000000,2026-09-10T12:25:35.764504+00:00,interpolated,240.0,784.0,-593.0
62.229281086,842358380198686568,842358380614255956,133,53,46306343000000,2026-09-10T12:25:35.764504+00:00,interpolated,257.0,774.0,-573.0
62.248170603,842358380217576085,842358380614255956,133,54,46306343000000,2026-09-10T12:25:35.764504+00:00,interpolated,263.0,791.0,-561.0
62.267060121,842358380236465603,842358380614255956,133,55,46306343000000,2026-09-10T12:25:35.764504+00:00,interpolated,259.0,806.0,-554.0
62.285949639,842358380255355121,842358380614255956,133,56,46306343000000,2026-09-10T12:25:35.764504+00:00,interpolated,238.0,814.0,-553.0
62.304839156,842358380274244638,842358380614255956,133,57,46306343000000,2026-09-10T12:25:35.764504+00:00,interpolated,216.0,808.0,-561.0
62.323728674,842358380293134156,842358380614255956,133,58,46306343000000,2026-09-10T12:25:35.764504+00:00,interpolated,206.0,819.0,-597.0
62.342618191,842358380312023673,842358380614255956,133,59,46306343000000,2026-09-10T12:25:35.764504+00:00,interpolated,217.0,824.0,-614.0
62.361507709,842358380330913191,842358380614255956,133,60,46306343000000,2026-09-10T12:25:35.764504+00:00,interpolated,214.0,811.0,-625.0
62.380397227,842358380349802709,842358380614255956,133,61,46306343000000,2026-09-10T12:25:35.764504+00:00,interpolated,203.0,811.0,-621.0
62.399286744,842358380368692226,842358380614255956,133,62,46306343000000,2026-09-10T12:25:35.764504+00:00,interpolated,202.0,810.0,-615.0
62.418176262,842358380387581744,842358380614255956,133,63,46306343000000,2026-09-10T12:25:35.764504+00:00,interpolated,208.0,795.0,-597.0
62.43706578,842358380406471262,842358380614255956,133,64,46306343000000,2026-09-10T12:25:35.764504+00:00,interpolated,205.0,781.0,-596.0
62.455955297,842358380425360779,842358380614255956,133,65,46306343000000,2026-09-10T12:25:35.764504+00:00,interpolated,204.0,791.0,-590.0
62.474844815,842358380444250297,842358380614255956,133,66,46306343000000,2026-09-10T12:25:35.764504+00:00,interpolated,193.0,803.0,-590.0
62.493734333,842358380463139815,842358380614255956,133,67,46306343000000,2026-09-10T12:25:35.764504+00:00,interpolated,184.0,810.0,-595.0
62.51262385,842358380482029332,842358380614255956,133,68,46306343000000,2026-09-10T12:25:35.764504+00:00,interpolated,171.0,809.0,-604.0
62.531513368,842358380500918850,842358380614255956,133,69,46306343000000,2026-09-10T12:25:35.764504+00:00,interpolated,165.0,801.0,-603.0
62.550402886,842358380519808368,842358380614255956,133,70,46306343000000,2026-09-10T12:25:35.764504+00:00,interpolated,167.0,796.0,-604.0
62.569292403,842358380538697885,842358380614255956,133,71,46306343000000,2026-09-10T12:25:35.764504+00:00,interpolated,186.0,792.0,-608.0
62.588181921,842358380557587403,842358380614255956,133,72,46306343000000,2026-09-10T12:25:35.764504+00:00,interpolated,194.0,788.0,-611.0
62.607071439,842358380576476921,842358380614255956,133,73,46306343000000,2026-09-10T12:25:35.764504+00:00,interpolated,197.0,782.0,-623.0
62.625960956,842358380595366438,842358380614255956,133,74,46306343000000,2026-09-10T12:25:35.764504+00:00,interpolated,202.0,771.0,-620.0
62.644850474,842358380614255956,842358380614255956,133,75,46306343000000,2026-09-10T12:25:35.764504+00:00,interpolated,197.0,769.0,-613.0
62.663740276,842358380633145758,842358382295448324,136,0,46307843000000,2026-09-10T12:25:37.264168+00:00,interpolated,195.0,782.0,-619.0
62.682630078,842358380652035560,842358382295448324,136,1,46307843000000,2026-09-10T12:25:37.264168+00:00,interpolated,194.0,786.0,-639.0
62.70151988,842358380670925362,842358382295448324,136,2,46307843000000,2026-09-10T12:25:37.264168+00:00,interpolated,201.0,796.0,-647.0
62.720409682,842358380689815164,842358382295448324,136,3,46307843000000,2026-09-10T12:25:37.264168+00:00,interpolated,212.0,792.0,-643.0
62.739299483,842358380708704965,842358382295448324,136,4,46307843000000,2026-09-10T12:25:37.264168+00:00,interpolated,194.0,794.0,-628.0
62.758189285,842358380727594767,842358382295448324,136,5,46307843000000,2026-09-10T12:25:37.264168+00:00,interpolated,176.0,792.0,-605.0
62.777079087,842358380746484569,842358382295448324,136,6,46307843000000,2026-09-10T12:25:37.264168+00:00,interpolated,188.0,807.0,-608.0
62.795968889,842358380765374371,842358382295448324,136,7,46307843000000,2026-09-10T12:25:37.264168+00:00,interpolated,207.0,819.0,-599.0
62.814858691,842358380784264173,842358382295448324,136,8,46307843000000,2026-09-10T12:25:37.264168+00:00,interpolated,204.0,825.0,-594.0
62.833748493,842358380803153975,842358382295448324,136,9,46307843000000,2026-09-10T12:25:37.264168+00:00,interpolated,177.0,827.0,-605.0
62.852638295,842358380822043777,842358382295448324,136,10,46307843000000,2026-09-10T12:25:37.264168+00:00,interpolated,155.0,826.0,-610.0
62.871528097,842358380840933579,842358382295448324,136,11,46307843000000,2026-09-10T12:25:37.264168+00:00,interpolated,130.0,828.0,-617.0
62.890417899,842358380859823381,842358382295448324,136,12,46307843000000,2026-09-10T12:25:37.264168+00:00,interpolated,119.0,821.0,-620.0
62.9093077,842358380878713182,842358382295448324,136,13,46307843000000,2026-09-10T12:25:37.264168+00:00,interpolated,93.0,829.0,-611.0
62.928197502,842358380897602984,842358382295448324,136,14,46307843000000,2026-09-10T12:25:37.264168+00:00,interpolated,88.0,809.0,-597.0
62.947087304,842358380916492786,842358382295448324,136,15,46307843000000,2026-09-10T12:25:37.264168+00:00,interpolated,83.0,819.0,-618.0
62.965977106,842358380935382588,842358382295448324,136,16,46307843000000,2026-09-10T12:25:37.264168+00:00,interpolated,106.0,824.0,-614.0
62.984866908,842358380954272390,842358382295448324,136,17,46307843000000,2026-09-10T12:25:37.264168+00:00,interpolated,124.0,814.0,-600.0
63.00375671,842358380973162192,842358382295448324,136,18,46307843000000,2026-09-10T12:25:37.264168+00:00,interpolated,137.0,818.0,-604.0
63.022646512,842358380992051994,842358382295448324,136,19,46307843000000,2026-09-10T12:25:37.264168+00:00,interpolated,153.0,844.0,-633.0
63.041536314,842358381010941796,842358382295448324,136,20,46307843000000,2026-09-10T12:25:37.264168+00:00,interpolated,179.0,835.0,-641.0
63.060426116,842358381029831598,842358382295448324,136,21,46307843000000,2026-09-10T12:25:37.264168+00:00,interpolated,178.0,796.0,-636.0
63.079315917,842358381048721399,842358382295448324,136,22,46307843000000,2026-09-10T12:25:37.264168+00:00,interpolated,194.0,783.0,-631.0
63.098205719,842358381067611201,842358382295448324,136,23,46307843000000,2026-09-10T12:25:37.264168+00:00,interpolated,217.0,810.0,-630.0
63.117095521,842358381086501003,842358382295448324,136,24,46307843000000,2026-09-10T12:25:37.264168+00:00,interpolated,214.0,839.0,-642.0
63.135985323,842358381105390805,842358382295448324,136,25,46307843000000,2026-09-10T12:25:37.264168+00:00,interpolated,215.0,822.0,-605.0
63.154875125,842358381124280607,842358382295448324,136,26,46307843000000,2026-09-10T12:25:37.264168+00:00,interpolated,212.0,803.0,-586.0
63.173764927,842358381143170409,842358382295448324,136,27,46307843000000,2026-09-10T12:25:37.264168+00:00,interpolated,213.0,801.0,-578.0
63.192654729,842358381162060211,842358382295448324,136,28,46307843000000,2026-09-10T12:25:37.264168+00:00,interpolated,215.0,817.0,-583.0
63.211544531,842358381180950013,842358382295448324,136,29,46307843000000,2026-09-10T12:25:37.264168+00:00,interpolated,212.0,822.0,-587.0
63.230434333,842358381199839815,842358382295448324,136,30,46307843000000,2026-09-10T12:25:37.264168+00:00,interpolated,208.0,823.0,-595.0
63.249324134,842358381218729616,842358382295448324,136,31,46307843000000,2026-09-10T12:25:37.264168+00:00,interpolated,211.0,816.0,-586.0
63.268213936,842358381237619418,842358382295448324,136,32,46307843000000,2026-09-10T12:25:37.264168+00:00,interpolated,222.0,821.0,-592.0
63.287103738,842358381256509220,842358382295448324,136,33,46307843000000,2026-09-10T12:25:37.264168+00:00,interpolated,232.0,831.0,-592.0
63.30599354,842358381275399022,842358382295448324,136,34,46307843000000,2026-09-10T12:25:37.264168+00:00,interpolated,232.0,839.0,-587.0
63.324883342,842358381294288824,842358382295448324,136,35,46307843000000,2026-09-10T12:25:37.264168+00:00,interpolated,226.0,832.0,-588.0
63.343773144,842358381313178626,842358382295448324,136,36,46307843000000,2026-09-10T12:25:37.264168+00:00,interpolated,234.0,828.0,-579.0
63.362662946,842358381332068428,842358382295448324,136,37,46307843000000,2026-09-10T12:25:37.264168+00:00,interpolated,232.0,828.0,-572.0
63.381552748,842358381350958230,842358382295448324,136,38,46307843000000,2026-09-10T12:25:37.264168+00:00,interpolated,233.0,821.0,-571.0
63.40044255,842358381369848032,842358382295448324,136,39,46307843000000,2026-09-10T12:25:37.264168+00:00,interpolated,241.0,812.0,-566.0
63.419332351,842358381388737833,842358382295448324,136,40,46307843000000,2026-09-10T12:25:37.264168+00:00,interpolated,239.0,813.0,-568.0
63.438222153,842358381407627635,842358382295448324,136,41,46307843000000,2026-09-10T12:25:37.264168+00:00,interpolated,240.0,809.0,-568.0
63.457111955,842358381426517437,842358382295448324,136,42,46307843000000,2026-09-10T12:25:37.264168+00:00,interpolated,244.0,812.0,-573.0
63.476001757,842358381445407239,842358382295448324,136,43,46307843000000,2026-09-10T12:25:37.264168+00:00,interpolated,244.0,816.0,-575.0
63.494891559,842358381464297041,842358382295448324,136,44,46307843000000,2026-09-10T12:25:37.264168+00:00,interpolated,246.0,816.0,-575.0
63.513781361,842358381483186843,842358382295448324,136,45,46307843000000,2026-09-10T12:25:37.264168+00:00,interpolated,257.0,811.0,-568.0
63.532671163,842358381502076645,842358382295448324,136,46,46307843000000,2026-09-10T12:25:37.264168+00:00,interpolated,261.0,818.0,-569.0
63.551560965,842358381520966447,842358382295448324,136,47,46307843000000,2026-09-10T12:25:37.264168+00:00,interpolated,247.0,825.0,-573.0
63.570450766,842358381539856248,842358382295448324,136,48,46307843000000,2026-09-10T12:25:37.264168+00:00,interpolated,248.0,817.0,-571.0
63.589340568,842358381558746050,842358382295448324,136,49,46307843000000,2026-09-10T12:25:37.264168+00:00,interpolated,240.0,813.0,-555.0
63.60823037,842358381577635852,842358382295448324,136,50,46307843000000,2026-09-10T12:25:37.264168+00:00,interpolated,240.0,816.0,-557.0
63.627120172,842358381596525654,842358382295448324,136,51,46307843000000,2026-09-10T12:25:37.264168+00:00,interpolated,239.0,826.0,-549.0
63.646009974,842358381615415456,842358382295448324,136,52,46307843000000,2026-09-10T12:25:37.264168+00:00,interpolated,249.0,834.0,-549.0
63.664899776,842358381634305258,842358382295448324,136,53,46307843000000,2026-09-10T12:25:37.264168+00:00,interpolated,253.0,836.0,-543.0
63.683789578,842358381653195060,842358382295448324,136,54,46307843000000,2026-09-10T12:25:37.264168+00:00,interpolated,250.0,831.0,-544.0
63.70267938,842358381672084862,842358382295448324,136,55,46307843000000,2026-09-10T12:25:37.264168+00:00,interpolated,253.0,833.0,-539.0
63.721569182,842358381690974664,842358382295448324,136,56,46307843000000,2026-09-10T12:25:37.264168+00:00,interpolated,252.0,834.0,-536.0
63.740458983,842358381709864465,842358382295448324,136,57,46307843000000,2026-09-10T12:25:37.264168+00:00,interpolated,250.0,832.0,-537.0
63.759348785,842358381728754267,842358382295448324,136,58,46307843000000,2026-09-10T12:25:37.264168+00:00,interpolated,249.0,830.0,-527.0
63.778238587,842358381747644069,842358382295448324,136,59,46307843000000,2026-09-10T12:25:37.264168+00:00,interpolated,254.0,835.0,-536.0
63.797128389,842358381766533871,842358382295448324,136,60,46307843000000,2026-09-10T12:25:37.264168+00:00,interpolated,259.0,827.0,-537.0
63.816018191,842358381785423673,842358382295448324,136,61,46307843000000,2026-09-10T12:25:37.264168+00:00,interpolated,261.0,821.0,-545.0
63.834907993,842358381804313475,842358382295448324,136,62,46307843000000,2026-09-10T12:25:37.264168+00:00,interpolated,252.0,823.0,-543.0
63.853797795,842358381823203277,842358382295448324,136,63,46307843000000,2026-09-10T12:25:37.264168+00:00,interpolated,259.0,817.0,-545.0
63.872687597,842358381842093079,842358382295448324,136,64,46307843000000,2026-09-10T12:25:37.264168+00:00,interpolated,267.0,825.0,-538.0
63.891577399,842358381860982881,842358382295448324,136,65,46307843000000,2026-09-10T12:25:37.264168+00:00,interpolated,268.0,828.0,-531.0
63.9104672,842358381879872682,842358382295448324,136,66,46307843000000,2026-09-10T12:25:37.264168+00:00,interpolated,278.0,827.0,-540.0
63.929357002,842358381898762484,842358382295448324,136,67,46307843000000,2026-09-10T12:25:37.264168+00:00,interpolated,283.0,827.0,-538.0
63.948246804,842358381917652286,842358382295448324,136,68,46307843000000,2026-09-10T12:25:37.264168+00:00,interpolated,285.0,824.0,-534.0
63.967136606,842358381936542088,842358382295448324,136,69,46307843000000,2026-09-10T12:25:37.264168+00:00,interpolated,296.0,825.0,-544.0
63.986026408,842358381955431890,842358382295448324,136,70,46307843000000,2026-09-10T12:25:37.264168+00:00,interpolated,300.0,825.0,-541.0
64.00491621,842358381974321692,842358382295448324,136,71,46307843000000,2026-09-10T12:25:37.264168+00:00,interpolated,304.0,822.0,-541.0
64.023806012,842358381993211494,842358382295448324,136,72,46307843000000,2026-09-10T12:25:37.264168+00:00,interpolated,307.0,824.0,-546.0
64.042695814,842358382012101296,842358382295448324,136,73,46307843000000,2026-09-10T12:25:37.264168+00:00,interpolated,314.0,819.0,-548.0
64.061585616,842358382030991098,842358382295448324,136,74,46307843000000,2026-09-10T12:25:37.264168+00:00,interpolated,312.0,820.0,-545.0
64.080475417,842358382049880899,842358382295448324,136,75,46307843000000,2026-09-10T12:25:37.264168+00:00,interpolated,320.0,822.0,-537.0
64.099365219,842358382068770701,842358382295448324,136,76,46307843000000,2026-09-10T12:25:37.264168+00:00,interpolated,325.0,817.0,-533.0
64.118255021,842358382087660503,842358382295448324,136,77,46307843000000,2026-09-10T12:25:37.264168+00:00,interpolated,322.0,821.0,-533.0
64.137144823,842358382106550305,842358382295448324,136,78,46307843000000,2026-09-10T12:25:37.264168+00:00,interpolated,309.0,827.0,-537.0
64.156034625,842358382125440107,842358382295448324,136,79,46307843000000,2026-09-10T12:25:37.264168+00:00,interpolated,302.0,820.0,-533.0
64.174924427,842358382144329909,842358382295448324,136,80,46307843000000,2026-09-10T12:25:37.264168+00:00,interpolated,301.0,814.0,-532.0
64.193814229,842358382163219711,842358382295448324,136,81,46307843000000,2026-09-10T12:25:37.264168+00:00,interpolated,300.0,821.0,-529.0
64.212704031,842358382182109513,842358382295448324,136,82,46307843000000,2026-09-10T12:25:37.264168+00:00,interpolated,304.0,827.0,-529.0
64.231593833,842358382200999315,842358382295448324,136,83,46307843000000,2026-09-10T12:25:37.264168+00:00,interpolated,307.0,837.0,-529.0
64.250483634,842358382219889116,842358382295448324,136,84,46307843000000,2026-09-10T12:25:37.264168+00:00,interpolated,305.0,830.0,-529.0
64.269373436,842358382238778918,842358382295448324,136,85,46307843000000,2026-09-10T12:25:37.264168+00:00,interpolated,301.0,818.0,-526.0
64.288263238,842358382257668720,842358382295448324,136,86,46307843000000,2026-09-10T12:25:37.264168+00:00,interpolated,294.0,824.0,-526.0
64.30715304,842358382276558522,842358382295448324,136,87,46307843000000,2026-09-10T12:25:37.264168+00:00,interpolated,290.0,833.0,-524.0
64.326042842,842358382295448324,842358382295448324,136,88,46307843000000,2026-09-10T12:25:37.264168+00:00,interpolated,289.0,831.0,-528.0
64.344932627,842358382314338109,842358383674402630,140,0,46309406000000,2026-09-10T12:25:38.824538+00:00,interpolated,289.0,828.0,-526.0
64.363822412,842358382333227894,842358383674402630,140,1,46309406000000,2026-09-10T12:25:38.824538+00:00,interpolated,287.0,823.0,-531.0
64.382712197,842358382352117679,842358383674402630,140,2,46309406000000,2026-09-10T12:25:38.824538+00:00,interpolated,285.0,821.0,-533.0
64.401601982,842358382371007464,842358383674402630,140,3,46309406000000,2026-09-10T12:25:38.824538+00:00,interpolated,292.0,820.0,-531.0
64.420491767,842358382389897249,842358383674402630,140,4,46309406000000,2026-09-10T12:25:38.824538+00:00,interpolated,299.0,818.0,-557.0
64.439381552,842358382408787034,842358383674402630,140,5,46309406000000,2026-09-10T12:25:38.824538+00:00,interpolated,312.0,834.0,-581.0
64.458271337,842358382427676819,842358383674402630,140,6,46309406000000,2026-09-10T12:25:38.824538+00:00,interpolated,334.0,850.0,-592.0
64.477161122,842358382446566604,842358383674402630,140,7,46309406000000,2026-09-10T12:25:38.824538+00:00,interpolated,367.0,841.0,-608.0
64.496050907,842358382465456389,842358383674402630,140,8,46309406000000,2026-09-10T12:25:38.824538+00:00,interpolated,380.0,820.0,-608.0
64.514940692,842358382484346174,842358383674402630,140,9,46309406000000,2026-09-10T12:25:38.824538+00:00,interpolated,396.0,824.0,-604.0
64.533830477,842358382503235959,842358383674402630,140,10,46309406000000,2026-09-10T12:25:38.824538+00:00,interpolated,363.0,804.0,-584.0
64.552720262,842358382522125744,842358383674402630,140,11,46309406000000,2026-09-10T12:25:38.824538+00:00,interpolated,365.0,798.0,-589.0
64.571610047,842358382541015529,842358383674402630,140,12,46309406000000,2026-09-10T12:25:38.824538+00:00,interpolated,367.0,786.0,-570.0
64.590499832,842358382559905314,842358383674402630,140,13,46309406000000,2026-09-10T12:25:38.824538+00:00,interpolated,354.0,792.0,-578.0
64.609389617,842358382578795099,842358383674402630,140,14,46309406000000,2026-09-10T12:25:38.824538+00:00,interpolated,397.0,827.0,-629.0
64.628279402,842358382597684884,842358383674402630,140,15,46309406000000,2026-09-10T12:25:38.824538+00:00,interpolated,363.0,792.0,-552.0
64.647169187,842358382616574669,842358383674402630,140,16,46309406000000,2026-09-10T12:25:38.824538+00:00,interpolated,283.0,785.0,-543.0
64.666058972,842358382635464454,842358383674402630,140,17,46309406000000,2026-09-10T12:25:38.824538+00:00,interpolated,268.0,811.0,-564.0
64.684948757,842358382654354239,842358383674402630,140,18,46309406000000,2026-09-10T12:25:38.824538+00:00,interpolated,252.0,812.0,-557.0
64.703838542,842358382673244024,842358383674402630,140,19,46309406000000,2026-09-10T12:25:38.824538+00:00,interpolated,235.0,760.0,-641.0
64.722728327,842358382692133809,842358383674402630,140,20,46309406000000,2026-09-10T12:25:38.824538+00:00,interpolated,255.0,744.0,-702.0
64.741618112,842358382711023594,842358383674402630,140,21,46309406000000,2026-09-10T12:25:38.824538+00:00,interpolated,202.0,763.0,-649.0
64.760507897,842358382729913379,842358383674402630,140,22,46309406000000,2026-09-10T12:25:38.824538+00:00,interpolated,196.0,800.0,-627.0
64.779397682,842358382748803164,842358383674402630,140,23,46309406000000,2026-09-10T12:25:38.824538+00:00,interpolated,261.0,755.0,-629.0
64.798287467,842358382767692949,842358383674402630,140,24,46309406000000,2026-09-10T12:25:38.824538+00:00,interpolated,265.0,684.0,-554.0
64.817177252,842358382786582734,842358383674402630,140,25,46309406000000,2026-09-10T12:25:38.824538+00:00,interpolated,192.0,688.0,-529.0
64.836067037,842358382805472519,842358383674402630,140,26,46309406000000,2026-09-10T12:25:38.824538+00:00,interpolated,151.0,732.0,-490.0
64.854956822,842358382824362304,842358383674402630,140,27,46309406000000,2026-09-10T12:25:38.824538+00:00,interpolated,125.0,760.0,-525.0
64.873846607,842358382843252089,842358383674402630,140,28,46309406000000,2026-09-10T12:25:38.824538+00:00,interpolated,117.0,744.0,-548.0
64.892736392,842358382862141874,842358383674402630,140,29,46309406000000,2026-09-10T12:25:38.824538+00:00,interpolated,137.0,740.0,-592.0
64.911626177,842358382881031659,842358383674402630,140,30,46309406000000,2026-09-10T12:25:38.824538+00:00,interpolated,152.0,753.0,-583.0
64.930515962,842358382899921444,842358383674402630,140,31,46309406000000,2026-09-10T12:25:38.824538+00:00,interpolated,172.0,779.0,-568.0
64.949405747,842358382918811229,842358383674402630,140,32,46309406000000,2026-09-10T12:25:38.824538+00:00,interpolated,193.0,790.0,-575.0
64.968295532,842358382937701014,842358383674402630,140,33,46309406000000,2026-09-10T12:25:38.824538+00:00,interpolated,214.0,794.0,-576.0
64.987185317,842358382956590799,842358383674402630,140,34,46309406000000,2026-09-10T12:25:38.824538+00:00,interpolated,232.0,821.0,-589.0
65.006075102,842358382975480584,842358383674402630,140,35,46309406000000,2026-09-10T12:25:38.824538+00:00,interpolated,257.0,845.0,-605.0
65.024964888,842358382994370370,842358383674402630,140,36,46309406000000,2026-09-10T12:25:38.824538+00:00,interpolated,280.0,848.0,-623.0
65.043854673,842358383013260155,842358383674402630,140,37,46309406000000,2026-09-10T12:25:38.824538+00:00,interpolated,304.0,843.0,-655.0
65.062744458,842358383032149940,842358383674402630,140,38,46309406000000,2026-09-10T12:25:38.824538+00:00,interpolated,330.0,822.0,-631.0
65.081634243,842358383051039725,842358383674402630,140,39,46309406000000,2026-09-10T12:25:38.824538+00:00,interpolated,334.0,789.0,-614.0
65.100524028,842358383069929510,842358383674402630,140,40,46309406000000,2026-09-10T12:25:38.824538+00:00,interpolated,344.0,768.0,-611.0
65.119413813,842358383088819295,842358383674402630,140,41,46309406000000,2026-09-10T12:25:38.824538+00:00,interpolated,345.0,766.0,-577.0
65.138303598,842358383107709080,842358383674402630,140,42,46309406000000,2026-09-10T12:25:38.824538+00:00,interpolated,350.0,779.0,-569.0
65.157193383,842358383126598865,842358383674402630,140,43,46309406000000,2026-09-10T12:25:38.824538+00:00,interpolated,351.0,788.0,-575.0
65.176083168,842358383145488650,842358383674402630,140,44,46309406000000,2026-09-10T12:25:38.824538+00:00,interpolated,344.0,795.0,-567.0
65.194972953,842358383164378435,842358383674402630,140,45,46309406000000,2026-09-10T12:25:38.824538+00:00,interpolated,347.0,779.0,-572.0
65.213862738,842358383183268220,842358383674402630,140,46,46309406000000,2026-09-10T12:25:38.824538+00:00,interpolated,341.0,766.0,-553.0
65.232752523,842358383202158005,842358383674402630,140,47,46309406000000,2026-09-10T12:25:38.824538+00:00,interpolated,347.0,765.0,-559.0
65.251642308,842358383221047790,842358383674402630,140,48,46309406000000,2026-09-10T12:25:38.824538+00:00,interpolated,370.0,774.0,-547.0
65.270532093,842358383239937575,842358383674402630,140,49,46309406000000,2026-09-10T12:25:38.824538+00:00,interpolated,383.0,783.0,-538.0
65.289421878,842358383258827360,842358383674402630,140,50,46309406000000,2026-09-10T12:25:38.824538+00:00,interpolated,381.0,778.0,-544.0
65.308311663,842358383277717145,842358383674402630,140,51,46309406000000,2026-09-10T12:25:38.824538+00:00,interpolated,392.0,758.0,-543.0
65.327201448,842358383296606930,842358383674402630,140,52,46309406000000,2026-09-10T12:25:38.824538+00:00,interpolated,396.0,756.0,-533.0
65.346091233,842358383315496715,842358383674402630,140,53,46309406000000,2026-09-10T12:25:38.824538+00:00,interpolated,398.0,765.0,-543.0
65.364981018,842358383334386500,842358383674402630,140,54,46309406000000,2026-09-10T12:25:38.824538+00:00,interpolated,403.0,771.0,-525.0
65.383870803,842358383353276285,842358383674402630,140,55,46309406000000,2026-09-10T12:25:38.824538+00:00,interpolated,410.0,771.0,-511.0
65.402760588,842358383372166070,842358383674402630,140,56,46309406000000,2026-09-10T12:25:38.824538+00:00,interpolated,418.0,789.0,-505.0
65.421650373,842358383391055855,842358383674402630,140,57,46309406000000,2026-09-10T12:25:38.824538+00:00,interpolated,416.0,782.0,-512.0
65.440540158,842358383409945640,842358383674402630,140,58,46309406000000,2026-09-10T12:25:38.824538+00:00,interpolated,416.0,768.0,-509.0
65.459429943,842358383428835425,842358383674402630,140,59,46309406000000,2026-09-10T12:25:38.824538+00:00,interpolated,421.0,765.0,-504.0
65.478319728,842358383447725210,842358383674402630,140,60,46309406000000,2026-09-10T12:25:38.824538+00:00,interpolated,437.0,770.0,-501.0
65.497209513,842358383466614995,842358383674402630,140,61,46309406000000,2026-09-10T12:25:38.824538+00:00,interpolated,441.0,772.0,-497.0
65.516099298,842358383485504780,842358383674402630,140,62,46309406000000,2026-09-10T12:25:38.824538+00:00,interpolated,432.0,782.0,-491.0
65.534989083,842358383504394565,842358383674402630,140,63,46309406000000,2026-09-10T12:25:38.824538+00:00,interpolated,437.0,779.0,-493.0
65.553878868,842358383523284350,842358383674402630,140,64,46309406000000,2026-09-10T12:25:38.824538+00:00,interpolated,439.0,771.0,-498.0
65.572768653,842358383542174135,842358383674402630,140,65,46309406000000,2026-09-10T12:25:38.824538+00:00,interpolated,434.0,771.0,-501.0
65.591658438,842358383561063920,842358383674402630,140,66,46309406000000,2026-09-10T12:25:38.824538+00:00,interpolated,424.0,786.0,-494.0
65.610548223,842358383579953705,842358383674402630,140,67,46309406000000,2026-09-10T12:25:38.824538+00:00,interpolated,419.0,777.0,-495.0
65.629438008,842358383598843490,842358383674402630,140,68,46309406000000,2026-09-10T12:25:38.824538+00:00,interpolated,425.0,776.0,-486.0
65.648327793,842358383617733275,842358383674402630,140,69,46309406000000,2026-09-10T12:25:38.824538+00:00,interpolated,432.0,780.0,-489.0
65.667217578,842358383636623060,842358383674402630,140,70,46309406000000,2026-09-10T12:25:38.824538+00:00,interpolated,436.0,781.0,-491.0
65.686107363,842358383655512845,842358383674402630,140,71,46309406000000,2026-09-10T12:25:38.824538+00:00,interpolated,441.0,773.0,-495.0
65.704997148,842358383674402630,842358383674402630,140,72,46309406000000,2026-09-10T12:25:38.824538+00:00,interpolated,437.0,768.0,-498.0
65.723886816,842358383693292298,842358385450031424,144,0,46311265000000,2026-09-10T12:25:40.684273+00:00,interpolated,440.0,771.0,-497.0
65.742776484,842358383712181966,842358385450031424,144,1,46311265000000,2026-09-10T12:25:40.684273+00:00,interpolated,445.0,765.0,-494.0
65.761666152,842358383731071634,842358385450031424,144,2,46311265000000,2026-09-10T12:25:40.684273+00:00,interpolated,436.0,772.0,-484.0
65.78055582,842358383749961302,842358385450031424,144,3,46311265000000,2026-09-10T12:25:40.684273+00:00,interpolated,441.0,777.0,-480.0
65.799445488,842358383768850970,842358385450031424,144,4,46311265000000,2026-09-10T12:25:40.684273+00:00,interpolated,432.0,780.0,-489.0
65.818335156,842358383787740638,842358385450031424,144,5,46311265000000,2026-09-10T12:25:40.684273+00:00,interpolated,426.0,773.0,-489.0
65.837224824,842358383806630306,842358385450031424,144,6,46311265000000,2026-09-10T12:25:40.684273+00:00,interpolated,431.0,780.0,-498.0
65.856114492,842358383825519974,842358385450031424,144,7,46311265000000,2026-09-10T12:25:40.684273+00:00,interpolated,425.0,798.0,-485.0
65.87500416,842358383844409642,842358385450031424,144,8,46311265000000,2026-09-10T12:25:40.684273+00:00,interpolated,421.0,787.0,-484.0
65.893893828,842358383863299310,842358385450031424,144,9,46311265000000,2026-09-10T12:25:40.684273+00:00,interpolated,434.0,765.0,-493.0
65.912783496,842358383882188978,842358385450031424,144,10,46311265000000,2026-09-10T12:25:40.684273+00:00,interpolated,443.0,765.0,-492.0
65.931673164,842358383901078646,842358385450031424,144,11,46311265000000,2026-09-10T12:25:40.684273+00:00,interpolated,441.0,771.0,-495.0
65.950562832,842358383919968314,842358385450031424,144,12,46311265000000,2026-09-10T12:25:40.684273+00:00,interpolated,436.0,776.0,-500.0
65.9694525,842358383938857982,842358385450031424,144,13,46311265000000,2026-09-10T12:25:40.684273+00:00,interpolated,427.0,771.0,-495.0
65.988342168,842358383957747650,842358385450031424,144,14,46311265000000,2026-09-10T12:25:40.684273+00:00,interpolated,434.0,781.0,-492.0
66.007231836,842358383976637318,842358385450031424,144,15,46311265000000,2026-09-10T12:25:40.684273+00:00,interpolated,426.0,782.0,-484.0
66.026121504,842358383995526986,842358385450031424,144,16,46311265000000,2026-09-10T12:25:40.684273+00:00,interpolated,426.0,785.0,-486.0
66.045011172,842358384014416654,842358385450031424,144,17,46311265000000,2026-09-10T12:25:40.684273+00:00,interpolated,425.0,779.0,-496.0
66.06390084,842358384033306322,842358385450031424,144,18,46311265000000,2026-09-10T12:25:40.684273+00:00,interpolated,417.0,780.0,-494.0
66.082790508,842358384052195990,842358385450031424,144,19,46311265000000,2026-09-10T12:25:40.684273+00:00,interpolated,426.0,779.0,-491.0
66.101680176,842358384071085658,842358385450031424,144,20,46311265000000,2026-09-10T12:25:40.684273+00:00,interpolated,426.0,777.0,-497.0
66.120569844,842358384089975326,842358385450031424,144,21,46311265000000,2026-09-10T12:25:40.684273+00:00,interpolated,434.0,773.0,-500.0
66.139459512,842358384108864994,842358385450031424,144,22,46311265000000,2026-09-10T12:25:40.684273+00:00,interpolated,434.0,781.0,-498.0
66.158349181,842358384127754663,842358385450031424,144,23,46311265000000,2026-09-10T12:25:40.684273+00:00,interpolated,427.0,776.0,-491.0
66.177238849,842358384146644331,842358385450031424,144,24,46311265000000,2026-09-10T12:25:40.684273+00:00,interpolated,428.0,773.0,-489.0
66.196128517,842358384165533999,842358385450031424,144,25,46311265000000,2026-09-10T12:25:40.684273+00:00,interpolated,425.0,777.0,-496.0
66.215018185,842358384184423667,842358385450031424,144,26,46311265000000,2026-09-10T12:25:40.684273+00:00,interpolated,430.0,768.0,-505.0
66.233907853,842358384203313335,842358385450031424,144,27,46311265000000,2026-09-10T12:25:40.684273+00:00,interpolated,422.0,778.0,-490.0
66.252797521,842358384222203003,842358385450031424,144,28,46311265000000,2026-09-10T12:25:40.684273+00:00,interpolated,422.0,777.0,-498.0
66.271687189,842358384241092671,842358385450031424,144,29,46311265000000,2026-09-10T12:25:40.684273+00:00,interpolated,415.0,785.0,-493.0
66.290576857,842358384259982339,842358385450031424,144,30,46311265000000,2026-09-10T12:25:40.684273+00:00,interpolated,417.0,783.0,-506.0
66.309466525,842358384278872007,842358385450031424,144,31,46311265000000,2026-09-10T12:25:40.684273+00:00,interpolated,425.0,775.0,-500.0
66.328356193,842358384297761675,842358385450031424,144,32,46311265000000,2026-09-10T12:25:40.684273+00:00,interpolated,420.0,771.0,-501.0
66.347245861,842358384316651343,842358385450031424,144,33,46311265000000,2026-09-10T12:25:40.684273+00:00,interpolated,422.0,777.0,-497.0
66.366135529,842358384335541011,842358385450031424,144,34,46311265000000,2026-09-10T12:25:40.684273+00:00,interpolated,430.0,771.0,-498.0
66.385025197,842358384354430679,842358385450031424,144,35,46311265000000,2026-09-10T12:25:40.684273+00:00,interpolated,429.0,775.0,-493.0
66.403914865,842358384373320347,842358385450031424,144,36,46311265000000,2026-09-10T12:25:40.684273+00:00,interpolated,424.0,777.0,-494.0
66.422804533,842358384392210015,842358385450031424,144,37,46311265000000,2026-09-10T12:25:40.684273+00:00,interpolated,426.0,772.0,-500.0
66.441694201,842358384411099683,842358385450031424,144,38,46311265000000,2026-09-10T12:25:40.684273+00:00,interpolated,429.0,774.0,-496.0
66.460583869,842358384429989351,842358385450031424,144,39,46311265000000,2026-09-10T12:25:40.684273+00:00,interpolated,430.0,783.0,-491.0
66.479473537,842358384448879019,842358385450031424,144,40,46311265000000,2026-09-10T12:25:40.684273+00:00,interpolated,427.0,776.0,-493.0
66.498363205,842358384467768687,842358385450031424,144,41,46311265000000,2026-09-10T12:25:40.684273+00:00,interpolated,423.0,775.0,-499.0
66.517252873,842358384486658355,842358385450031424,144,42,46311265000000,2026-09-10T12:25:40.684273+00:00,interpolated,426.0,775.0,-494.0
66.536142541,842358384505548023,842358385450031424,144,43,46311265000000,2026-09-10T12:25:40.684273+00:00,interpolated,430.0,773.0,-490.0
66.555032209,842358384524437691,842358385450031424,144,44,46311265000000,2026-09-10T12:25:40.684273+00:00,interpolated,437.0,773.0,-494.0
66.573921877,842358384543327359,842358385450031424,144,45,46311265000000,2026-09-10T12:25:40.684273+00:00,interpolated,429.0,777.0,-495.0
66.592811545,842358384562217027,842358385450031424,144,46,46311265000000,2026-09-10T12:25:40.684273+00:00,interpolated,431.0,779.0,-498.0
66.611701213,842358384581106695,842358385450031424,144,47,46311265000000,2026-09-10T12:25:40.684273+00:00,interpolated,434.0,775.0,-498.0
66.630590881,842358384599996363,842358385450031424,144,48,46311265000000,2026-09-10T12:25:40.684273+00:00,interpolated,438.0,774.0,-494.0
66.649480549,842358384618886031,842358385450031424,144,49,46311265000000,2026-09-10T12:25:40.684273+00:00,interpolated,430.0,777.0,-488.0
66.668370217,842358384637775699,842358385450031424,144,50,46311265000000,2026-09-10T12:25:40.684273+00:00,interpolated,431.0,768.0,-499.0
66.687259885,842358384656665367,842358385450031424,144,51,46311265000000,2026-09-10T12:25:40.684273+00:00,interpolated,428.0,766.0,-499.0
66.706149553,842358384675555035,842358385450031424,144,52,46311265000000,2026-09-10T12:25:40.684273+00:00,interpolated,433.0,785.0,-499.0
66.725039221,842358384694444703,842358385450031424,144,53,46311265000000,2026-09-10T12:25:40.684273+00:00,interpolated,423.0,786.0,-488.0
66.743928889,842358384713334371,842358385450031424,144,54,46311265000000,2026-09-10T12:25:40.684273+00:00,interpolated,425.0,767.0,-489.0
66.762818557,842358384732224039,842358385450031424,144,55,46311265000000,2026-09-10T12:25:40.684273+00:00,interpolated,436.0,769.0,-495.0
66.781708225,842358384751113707,842358385450031424,144,56,46311265000000,2026-09-10T12:25:40.684273+00:00,interpolated,443.0,772.0,-499.0
66.800597893,842358384770003375,842358385450031424,144,57,46311265000000,2026-09-10T12:25:40.684273+00:00,interpolated,441.0,766.0,-492.0
66.819487561,842358384788893043,842358385450031424,144,58,46311265000000,2026-09-10T12:25:40.684273+00:00,interpolated,422.0,775.0,-493.0
66.838377229,842358384807782711,842358385450031424,144,59,46311265000000,2026-09-10T12:25:40.684273+00:00,interpolated,426.0,773.0,-498.0
66.857266897,842358384826672379,842358385450031424,144,60,46311265000000,2026-09-10T12:25:40.684273+00:00,interpolated,438.0,779.0,-499.0
66.876156565,842358384845562047,842358385450031424,144,61,46311265000000,2026-09-10T12:25:40.684273+00:00,interpolated,442.0,774.0,-496.0
66.895046233,842358384864451715,842358385450031424,144,62,46311265000000,2026-09-10T12:25:40.684273+00:00,interpolated,437.0,774.0,-494.0
66.913935901,842358384883341383,842358385450031424,144,63,46311265000000,2026-09-10T12:25:40.684273+00:00,interpolated,430.0,773.0,-494.0
66.932825569,842358384902231051,842358385450031424,144,64,46311265000000,2026-09-10T12:25:40.684273+00:00,interpolated,428.0,772.0,-498.0
66.951715237,842358384921120719,842358385450031424,144,65,46311265000000,2026-09-10T12:25:40.684273+00:00,interpolated,430.0,768.0,-494.0
66.970604905,842358384940010387,842358385450031424,144,66,46311265000000,2026-09-10T12:25:40.684273+00:00,interpolated,436.0,778.0,-493.0
66.989494573,842358384958900055,842358385450031424,144,67,46311265000000,2026-09-10T12:25:40.684273+00:00,interpolated,427.0,772.0,-495.0
67.008384241,842358384977789723,842358385450031424,144,68,46311265000000,2026-09-10T12:25:40.684273+00:00,interpolated,434.0,768.0,-497.0
67.027273909,842358384996679391,842358385450031424,144,69,46311265000000,2026-09-10T12:25:40.684273+00:00,interpolated,429.0,772.0,-500.0
67.046163578,842358385015569060,842358385450031424,144,70,46311265000000,2026-09-10T12:25:40.684273+00:00,interpolated,432.0,773.0,-497.0
67.065053246,842358385034458728,842358385450031424,144,71,46311265000000,2026-09-10T12:25:40.684273+00:00,interpolated,431.0,776.0,-494.0
67.083942914,842358385053348396,842358385450031424,144,72,46311265000000,2026-09-10T12:25:40.684273+00:00,interpolated,432.0,773.0,-495.0
67.102832582,842358385072238064,842358385450031424,144,73,46311265000000,2026-09-10T12:25:40.684273+00:00,interpolated,433.0,769.0,-491.0
67.12172225,842358385091127732,842358385450031424,144,74,46311265000000,2026-09-10T12:25:40.684273+00:00,interpolated,423.0,773.0,-494.0
67.140611918,842358385110017400,842358385450031424,144,75,46311265000000,2026-09-10T12:25:40.684273+00:00,interpolated,419.0,774.0,-497.0
67.159501586,842358385128907068,842358385450031424,144,76,46311265000000,2026-09-10T12:25:40.684273+00:00,interpolated,422.0,777.0,-498.0
67.178391254,842358385147796736,842358385450031424,144,77,46311265000000,2026-09-10T12:25:40.684273+00:00,interpolated,437.0,771.0,-496.0
67.197280922,842358385166686404,842358385450031424,144,78,46311265000000,2026-09-10T12:25:40.684273+00:00,interpolated,437.0,776.0,-500.0
67.21617059,842358385185576072,842358385450031424,144,79,46311265000000,2026-09-10T12:25:40.684273+00:00,interpolated,430.0,774.0,-500.0
67.235060258,842358385204465740,842358385450031424,144,80,46311265000000,2026-09-10T12:25:40.684273+00:00,interpolated,427.0,767.0,-497.0
67.253949926,842358385223355408,842358385450031424,144,81,46311265000000,2026-09-10T12:25:40.684273+00:00,interpolated,428.0,773.0,-502.0
67.272839594,842358385242245076,842358385450031424,144,82,46311265000000,2026-09-10T12:25:40.684273+00:00,interpolated,424.0,777.0,-502.0
67.291729262,842358385261134744,842358385450031424,144,83,46311265000000,2026-09-10T12:25:40.684273+00:00,interpolated,418.0,778.0,-505.0
67.31061893,842358385280024412,842358385450031424,144,84,46311265000000,2026-09-10T12:25:40.684273+00:00,interpolated,424.0,773.0,-507.0
67.329508598,842358385298914080,842358385450031424,144,85,46311265000000,2026-09-10T12:25:40.684273+00:00,interpolated,425.0,774.0,-502.0
67.348398266,842358385317803748,842358385450031424,144,86,46311265000000,2026-09-10T12:25:40.684273+00:00,interpolated,425.0,776.0,-502.0
67.367287934,842358385336693416,842358385450031424,144,87,46311265000000,2026-09-10T12:25:40.684273+00:00,interpolated,424.0,781.0,-500.0
67.386177602,842358385355583084,842358385450031424,144,88,46311265000000,2026-09-10T12:25:40.684273+00:00,interpolated,431.0,776.0,-501.0
67.40506727,842358385374472752,842358385450031424,144,89,46311265000000,2026-09-10T12:25:40.684273+00:00,interpolated,421.0,779.0,-501.0
67.423956938,842358385393362420,842358385450031424,144,90,46311265000000,2026-09-10T12:25:40.684273+00:00,interpolated,415.0,774.0,-498.0
67.442846606,842358385412252088,842358385450031424,144,91,46311265000000,2026-09-10T12:25:40.684273+00:00,interpolated,418.0,771.0,-506.0
67.461736274,842358385431141756,842358385450031424,144,92,46311265000000,2026-09-10T12:25:40.684273+00:00,interpolated,424.0,768.0,-506.0
67.480625942,842358385450031424,842358385450031424,144,93,46311265000000,2026-09-10T12:25:40.684273+00:00,interpolated,418.0,781.0,-502.0
67.499515622,842358385468921104,842358387187881984,147,0,46312765000000,2026-09-10T12:25:42.184215+00:00,interpolated,409.0,782.0,-506.0
67.518405302,842358385487810784,842358387187881984,147,1,46312765000000,2026-09-10T12:25:42.184215+00:00,interpolated,406.0,776.0,-508.0
67.537294982,842358385506700464,842358387187881984,147,2,46312765000000,2026-09-10T12:25:42.184215+00:00,interpolated,421.0,768.0,-503.0
67.556184662,842358385525590144,842358387187881984,147,3,46312765000000,2026-09-10T12:25:42.184215+00:00,interpolated,427.0,767.0,-507.0
67.575074342,842358385544479824,842358387187881984,147,4,46312765000000,2026-09-10T12:25:42.184215+00:00,interpolated,415.0,789.0,-503.0
67.593964022,842358385563369504,842358387187881984,147,5,46312765000000,2026-09-10T12:25:42.184215+00:00,interpolated,405.0,789.0,-506.0
67.612853702,842358385582259184,842358387187881984,147,6,46312765000000,2026-09-10T12:25:42.184215+00:00,interpolated,407.0,774.0,-508.0
67.631743382,842358385601148864,842358387187881984,147,7,46312765000000,2026-09-10T12:25:42.184215+00:00,interpolated,420.0,767.0,-510.0
67.650633062,842358385620038544,842358387187881984,147,8,46312765000000,2026-09-10T12:25:42.184215+00:00,interpolated,428.0,782.0,-502.0
67.669522742,842358385638928224,842358387187881984,147,9,46312765000000,2026-09-10T12:25:42.184215+00:00,interpolated,409.0,790.0,-502.0
67.688412422,842358385657817904,842358387187881984,147,10,46312765000000,2026-09-10T12:25:42.184215+00:00,interpolated,399.0,784.0,-508.0
67.707302102,842358385676707584,842358387187881984,147,11,46312765000000,2026-09-10T12:25:42.184215+00:00,interpolated,398.0,775.0,-516.0
67.726191782,842358385695597264,842358387187881984,147,12,46312765000000,2026-09-10T12:25:42.184215+00:00,interpolated,406.0,774.0,-516.0
67.745081462,842358385714486944,842358387187881984,147,13,46312765000000,2026-09-10T12:25:42.184215+00:00,interpolated,402.0,783.0,-516.0
67.763971142,842358385733376624,842358387187881984,147,14,46312765000000,2026-09-10T12:25:42.184215+00:00,interpolated,398.0,790.0,-516.0
67.782860822,842358385752266304,842358387187881984,147,15,46312765000000,2026-09-10T12:25:42.184215+00:00,interpolated,394.0,784.0,-522.0
67.801750502,842358385771155984,842358387187881984,147,16,46312765000000,2026-09-10T12:25:42.184215+00:00,interpolated,395.0,781.0,-517.0
67.820640182,842358385790045664,842358387187881984,147,17,46312765000000,2026-09-10T12:25:42.184215+00:00,interpolated,391.0,779.0,-528.0
67.839529862,842358385808935344,842358387187881984,147,18,46312765000000,2026-09-10T12:25:42.184215+00:00,interpolated,379.0,779.0,-528.0
67.858419542,842358385827825024,842358387187881984,147,19,46312765000000,2026-09-10T12:25:42.184215+00:00,interpolated,372.0,783.0,-533.0
67.877309222,842358385846714704,842358387187881984,147,20,46312765000000,2026-09-10T12:25:42.184215+00:00,interpolated,370.0,787.0,-523.0
67.896198902,842358385865604384,842358387187881984,147,21,46312765000000,2026-09-10T12:25:42.184215+00:00,interpolated,364.0,795.0,-524.0
67.915088582,842358385884494064,842358387187881984,147,22,46312765000000,2026-09-10T12:25:42.184215+00:00,interpolated,359.0,795.0,-528.0
67.933978262,842358385903383744,842358387187881984,147,23,46312765000000,2026-09-10T12:25:42.184215+00:00,interpolated,366.0,788.0,-538.0
67.952867942,842358385922273424,842358387187881984,147,24,46312765000000,2026-09-10T12:25:42.184215+00:00,interpolated,360.0,786.0,-544.0
67.971757622,842358385941163104,842358387187881984,147,25,46312765000000,2026-09-10T12:25:42.184215+00:00,interpolated,358.0,783.0,-542.0
67.990647302,842358385960052784,842358387187881984,147,26,46312765000000,2026-09-10T12:25:42.184215+00:00,interpolated,349.0,783.0,-548.0
68.009536982,842358385978942464,842358387187881984,147,27,46312765000000,2026-09-10T12:25:42.184215+00:00,interpolated,338.0,786.0,-546.0
68.028426662,842358385997832144,842358387187881984,147,28,46312765000000,2026-09-10T12:25:42.184215+00:00,interpolated,335.0,787.0,-552.0
68.047316342,842358386016721824,842358387187881984,147,29,46312765000000,2026-09-10T12:25:42.184215+00:00,interpolated,338.0,781.0,-551.0
68.066206022,842358386035611504,842358387187881984,147,30,46312765000000,2026-09-10T12:25:42.184215+00:00,interpolated,330.0,786.0,-554.0
68.085095702,842358386054501184,842358387187881984,147,31,46312765000000,2026-09-10T12:25:42.184215+00:00,interpolated,330.0,789.0,-562.0
68.103985382,842358386073390864,842358387187881984,147,32,46312765000000,2026-09-10T12:25:42.184215+00:00,interpolated,335.0,780.0,-562.0
68.122875062,842358386092280544,842358387187881984,147,33,46312765000000,2026-09-10T12:25:42.184215+00:00,interpolated,332.0,781.0,-572.0
68.141764742,842358386111170224,842358387187881984,147,34,46312765000000,2026-09-10T12:25:42.184215+00:00,interpolated,328.0,781.0,-569.0
68.160654422,842358386130059904,842358387187881984,147,35,46312765000000,2026-09-10T12:25:42.184215+00:00,interpolated,322.0,779.0,-568.0
68.179544102,842358386148949584,842358387187881984,147,36,46312765000000,2026-09-10T12:25:42.184215+00:00,interpolated,321.0,777.0,-574.0
68.198433782,842358386167839264,842358387187881984,147,37,46312765000000,2026-09-10T12:25:42.184215+00:00,interpolated,322.0,775.0,-580.0
68.217323462,842358386186728944,842358387187881984,147,38,46312765000000,2026-09-10T12:25:42.184215+00:00,interpolated,328.0,768.0,-585.0
68.236213142,842358386205618624,842358387187881984,147,39,46312765000000,2026-09-10T12:25:42.184215+00:00,interpolated,331.0,774.0,-585.0
68.255102822,842358386224508304,842358387187881984,147,40,46312765000000,2026-09-10T12:25:42.184215+00:00,interpolated,316.0,776.0,-579.0
68.273992502,842358386243397984,842358387187881984,147,41,46312765000000,2026-09-10T12:25:42.184215+00:00,interpolated,308.0,778.0,-578.0
68.292882182,842358386262287664,842358387187881984,147,42,46312765000000,2026-09-10T12:25:42.184215+00:00,interpolated,314.0,775.0,-584.0
68.311771862,842358386281177344,842358387187881984,147,43,46312765000000,2026-09-10T12:25:42.184215+00:00,interpolated,309.0,781.0,-586.0
68.330661542,842358386300067024,842358387187881984,147,44,46312765000000,2026-09-10T12:25:42.184215+00:00,interpolated,314.0,775.0,-587.0
68.349551222,842358386318956704,842358387187881984,147,45,46312765000000,2026-09-10T12:25:42.184215+00:00,interpolated,314.0,772.0,-596.0
68.368440902,842358386337846384,842358387187881984,147,46,46312765000000,2026-09-10T12:25:42.184215+00:00,interpolated,313.0,773.0,-592.0
68.387330582,842358386356736064,842358387187881984,147,47,46312765000000,2026-09-10T12:25:42.184215+00:00,interpolated,311.0,774.0,-589.0
68.406220262,842358386375625744,842358387187881984,147,48,46312765000000,2026-09-10T12:25:42.184215+00:00,interpolated,313.0,781.0,-582.0
68.425109942,842358386394515424,842358387187881984,147,49,46312765000000,2026-09-10T12:25:42.184215+00:00,interpolated,317.0,780.0,-585.0
68.443999622,842358386413405104,842358387187881984,147,50,46312765000000,2026-09-10T12:25:42.184215+00:00,interpolated,314.0,775.0,-591.0
68.462889302,842358386432294784,842358387187881984,147,51,46312765000000,2026-09-10T12:25:42.184215+00:00,interpolated,317.0,772.0,-587.0
68.481778982,842358386451184464,842358387187881984,147,52,46312765000000,2026-09-10T12:25:42.184215+00:00,interpolated,321.0,781.0,-578.0
68.500668662,842358386470074144,842358387187881984,147,53,46312765000000,2026-09-10T12:25:42.184215+00:00,interpolated,312.0,782.0,-583.0
68.519558342,842358386488963824,842358387187881984,147,54,46312765000000,2026-09-10T12:25:42.184215+00:00,interpolated,310.0,779.0,-581.0
68.538448022,842358386507853504,842358387187881984,147,55,46312765000000,2026-09-10T12:25:42.184215+00:00,interpolated,303.0,781.0,-586.0
68.557337702,842358386526743184,842358387187881984,147,56,46312765000000,2026-09-10T12:25:42.184215+00:00,interpolated,308.0,780.0,-585.0
68.576227382,842358386545632864,842358387187881984,147,57,46312765000000,2026-09-10T12:25:42.184215+00:00,interpolated,307.0,780.0,-584.0
68.595117062,842358386564522544,842358387187881984,147,58,46312765000000,2026-09-10T12:25:42.184215+00:00,interpolated,307.0,782.0,-582.0
68.614006742,842358386583412224,842358387187881984,147,59,46312765000000,2026-09-10T12:25:42.184215+00:00,interpolated,312.0,777.0,-576.0
68.632896422,842358386602301904,842358387187881984,147,60,46312765000000,2026-09-10T12:25:42.184215+00:00,interpolated,316.0,783.0,-573.0
68.651786102,842358386621191584,842358387187881984,147,61,46312765000000,2026-09-10T12:25:42.184215+00:00,interpolated,312.0,781.0,-579.0
68.670675782,842358386640081264,842358387187881984,147,62,46312765000000,2026-09-10T12:25:42.184215+00:00,interpolated,306.0,782.0,-580.0
68.689565462,842358386658970944,842358387187881984,147,63,46312765000000,2026-09-10T12:25:42.184215+00:00,interpolated,308.0,785.0,-581.0
68.708455142,842358386677860624,842358387187881984,147,64,46312765000000,2026-09-10T12:25:42.184215+00:00,interpolated,309.0,788.0,-576.0
68.727344822,842358386696750304,842358387187881984,147,65,46312765000000,2026-09-10T12:25:42.184215+00:00,interpolated,308.0,786.0,-573.0
68.746234502,842358386715639984,842358387187881984,147,66,46312765000000,2026-09-10T12:25:42.184215+00:00,interpolated,305.0,785.0,-572.0
68.765124182,842358386734529664,842358387187881984,147,67,46312765000000,2026-09-10T12:25:42.184215+00:00,interpolated,308.0,784.0,-573.0
68.784013862,842358386753419344,842358387187881984,147,68,46312765000000,2026-09-10T12:25:42.184215+00:00,interpolated,312.0,784.0,-576.0
68.802903542,842358386772309024,842358387187881984,147,69,46312765000000,2026-09-10T12:25:42.184215+00:00,interpolated,304.0,789.0,-580.0
68.821793222,842358386791198704,842358387187881984,147,70,46312765000000,2026-09-10T12:25:42.184215+00:00,interpolated,301.0,777.0,-579.0
68.840682902,842358386810088384,842358387187881984,147,71,46312765000000,2026-09-10T12:25:42.184215+00:00,interpolated,303.0,778.0,-584.0
68.859572582,842358386828978064,842358387187881984,147,72,46312765000000,2026-09-10T12:25:42.184215+00:00,interpolated,305.0,780.0,-589.0
68.878462262,842358386847867744,842358387187881984,147,73,46312765000000,2026-09-10T12:25:42.184215+00:00,interpolated,308.0,782.0,-588.0
68.897351942,842358386866757424,842358387187881984,147,74,46312765000000,2026-09-10T12:25:42.184215+00:00,interpolated,307.0,783.0,-587.0
68.916241622,842358386885647104,842358387187881984,147,75,46312765000000,2026-09-10T12:25:42.184215+00:00,interpolated,304.0,781.0,-590.0
68.935131302,842358386904536784,842358387187881984,147,76,46312765000000,2026-09-10T12:25:42.184215+00:00,interpolated,310.0,775.0,-602.0
68.954020982,842358386923426464,842358387187881984,147,77,46312765000000,2026-09-10T12:25:42.184215+00:00,interpolated,318.0,766.0,-605.0
68.972910662,842358386942316144,842358387187881984,147,78,46312765000000,2026-09-10T12:25:42.184215+00:00,interpolated,327.0,772.0,-600.0
68.991800342,842358386961205824,842358387187881984,147,79,46312765000000,2026-09-10T12:25:42.184215+00:00,interpolated,324.0,771.0,-592.0
69.010690022,842358386980095504,842358387187881984,147,80,46312765000000,2026-09-10T12:25:42.184215+00:00,interpolated,309.0,780.0,-578.0
69.029579702,842358386998985184,842358387187881984,147,81,46312765000000,2026-09-10T12:25:42.184215+00:00,interpolated,311.0,785.0,-586.0
69.048469382,842358387017874864,842358387187881984,147,82,46312765000000,2026-09-10T12:25:42.184215+00:00,interpolated,314.0,788.0,-578.0
69.067359062,842358387036764544,842358387187881984,147,83,46312765000000,2026-09-10T12:25:42.184215+00:00,interpolated,306.0,793.0,-563.0
69.086248742,842358387055654224,842358387187881984,147,84,46312765000000,2026-09-10T12:25:42.184215+00:00,interpolated,291.0,794.0,-558.0
69.105138422,842358387074543904,842358387187881984,147,85,46312765000000,2026-09-10T12:25:42.184215+00:00,interpolated,284.0,795.0,-562.0
69.124028102,842358387093433584,842358387187881984,147,86,46312765000000,2026-09-10T12:25:42.184215+00:00,interpolated,272.0,797.0,-579.0
69.142917782,842358387112323264,842358387187881984,147,87,46312765000000,2026-09-10T12:25:42.184215+00:00,interpolated,271.0,800.0,-588.0
69.161807462,842358387131212944,842358387187881984,147,88,46312765000000,2026-09-10T12:25:42.184215+00:00,interpolated,294.0,751.0,-602.0
69.180697142,842358387150102624,842358387187881984,147,89,46312765000000,2026-09-10T12:25:42.184215+00:00,interpolated,284.0,773.0,-593.0
69.199586822,842358387168992304,842358387187881984,147,90,46312765000000,2026-09-10T12:25:42.184215+00:00,interpolated,282.0,819.0,-575.0
69.218476502,842358387187881984,842358387187881984,147,91,46312765000000,2026-09-10T12:25:42.184215+00:00,interpolated,288.0,820.0,-567.0
69.237366399,842358387206771881,842358388812413110,151,0,46314656000000,2026-09-10T12:25:44.074178+00:00,interpolated,293.0,798.0,-570.0
69.256256296,842358387225661778,842358388812413110,151,1,46314656000000,2026-09-10T12:25:44.074178+00:00,interpolated,307.0,777.0,-582.0
69.275146192,842358387244551674,842358388812413110,151,2,46314656000000,2026-09-10T12:25:44.074178+00:00,interpolated,326.0,774.0,-583.0
69.294036089,842358387263441571,842358388812413110,151,3,46314656000000,2026-09-10T12:25:44.074178+00:00,interpolated,350.0,772.0,-583.0
69.312925986,842358387282331468,842358388812413110,151,4,46314656000000,2026-09-10T12:25:44.074178+00:00,interpolated,369.0,769.0,-587.0
69.331815883,842358387301221365,842358388812413110,151,5,46314656000000,2026-09-10T12:25:44.074178+00:00,interpolated,337.0,782.0,-576.0
69.35070578,842358387320111262,842358388812413110,151,6,46314656000000,2026-09-10T12:25:44.074178+00:00,interpolated,276.0,798.0,-532.0
69.369595677,842358387339001159,842358388812413110,151,7,46314656000000,2026-09-10T12:25:44.074178+00:00,interpolated,313.0,792.0,-549.0
69.388485573,842358387357891055,842358388812413110,151,8,46314656000000,2026-09-10T12:25:44.074178+00:00,interpolated,324.0,797.0,-594.0
69.40737547,842358387376780952,842358388812413110,151,9,46314656000000,2026-09-10T12:25:44.074178+00:00,interpolated,282.0,815.0,-562.0
69.426265367,842358387395670849,842358388812413110,151,10,46314656000000,2026-09-10T12:25:44.074178+00:00,interpolated,289.0,820.0,-567.0
69.445155264,842358387414560746,842358388812413110,151,11,46314656000000,2026-09-10T12:25:44.074178+00:00,interpolated,296.0,802.0,-564.0
69.464045161,842358387433450643,842358388812413110,151,12,46314656000000,2026-09-10T12:25:44.074178+00:00,interpolated,296.0,788.0,-543.0
69.482935057,842358387452340539,842358388812413110,151,13,46314656000000,2026-09-10T12:25:44.074178+00:00,interpolated,300.0,802.0,-557.0
69.501824954,842358387471230436,842358388812413110,151,14,46314656000000,2026-09-10T12:25:44.074178+00:00,interpolated,282.0,808.0,-566.0
69.520714851,842358387490120333,842358388812413110,151,15,46314656000000,2026-09-10T12:25:44.074178+00:00,interpolated,274.0,796.0,-560.0
69.539604748,842358387509010230,842358388812413110,151,16,46314656000000,2026-09-10T12:25:44.074178+00:00,interpolated,266.0,809.0,-564.0
69.558494645,842358387527900127,842358388812413110,151,17,46314656000000,2026-09-10T12:25:44.074178+00:00,interpolated,260.0,812.0,-565.0
69.577384541,842358387546790023,842358388812413110,151,18,46314656000000,2026-09-10T12:25:44.074178+00:00,interpolated,276.0,815.0,-589.0
69.596274438,842358387565679920,842358388812413110,151,19,46314656000000,2026-09-10T12:25:44.074178+00:00,interpolated,291.0,799.0,-577.0
69.615164335,842358387584569817,842358388812413110,151,20,46314656000000,2026-09-10T12:25:44.074178+00:00,interpolated,289.0,795.0,-561.0
69.634054232,842358387603459714,842358388812413110,151,21,46314656000000,2026-09-10T12:25:44.074178+00:00,interpolated,287.0,795.0,-563.0
69.652944129,842358387622349611,842358388812413110,151,22,46314656000000,2026-09-10T12:25:44.074178+00:00,interpolated,277.0,803.0,-562.0
69.671834026,842358387641239508,842358388812413110,151,23,46314656000000,2026-09-10T12:25:44.074178+00:00,interpolated,277.0,809.0,-568.0
69.690723922,842358387660129404,842358388812413110,151,24,46314656000000,2026-09-10T12:25:44.074178+00:00,interpolated,280.0,804.0,-562.0
69.709613819,842358387679019301,842358388812413110,151,25,46314656000000,2026-09-10T12:25:44.074178+00:00,interpolated,275.0,810.0,-559.0
69.728503716,842358387697909198,842358388812413110,151,26,46314656000000,2026-09-10T12:25:44.074178+00:00,interpolated,257.0,820.0,-562.0
69.747393613,842358387716799095,842358388812413110,151,27,46314656000000,2026-09-10T12:25:44.074178+00:00,interpolated,249.0,822.0,-568.0
69.76628351,842358387735688992,842358388812413110,151,28,46314656000000,2026-09-10T12:25:44.074178+00:00,interpolated,244.0,815.0,-564.0
69.785173406,842358387754578888,842358388812413110,151,29,46314656000000,2026-09-10T12:25:44.074178+00:00,interpolated,233.0,814.0,-566.0
69.804063303,842358387773468785,842358388812413110,151,30,46314656000000,2026-09-10T12:25:44.074178+00:00,interpolated,237.0,815.0,-566.0
69.8229532,842358387792358682,842358388812413110,151,31,46314656000000,2026-09-10T12:25:44.074178+00:00,interpolated,243.0,817.0,-565.0
69.841843097,842358387811248579,842358388812413110,151,32,46314656000000,2026-09-10T12:25:44.074178+00:00,interpolated,239.0,821.0,-566.0
69.860732994,842358387830138476,842358388812413110,151,33,46314656000000,2026-09-10T12:25:44.074178+00:00,interpolated,249.0,825.0,-570.0
69.87962289,842358387849028372,842358388812413110,151,34,46314656000000,2026-09-10T12:25:44.074178+00:00,interpolated,254.0,811.0,-581.0
69.898512787,842358387867918269,842358388812413110,151,35,46314656000000,2026-09-10T12:25:44.074178+00:00,interpolated,253.0,804.0,-582.0
69.917402684,842358387886808166,842358388812413110,151,36,46314656000000,2026-09-10T12:25:44.074178+00:00,interpolated,253.0,811.0,-579.0
69.936292581,842358387905698063,842358388812413110,151,37,46314656000000,2026-09-10T12:25:44.074178+00:00,interpolated,255.0,808.0,-580.0
69.955182478,842358387924587960,842358388812413110,151,38,46314656000000,2026-09-10T12:25:44.074178+00:00,interpolated,258.0,798.0,-582.0
69.974072375,842358387943477857,842358388812413110,151,39,46314656000000,2026-09-10T12:25:44.074178+00:00,interpolated,258.0,799.0,-583.0
69.992962271,842358387962367753,842358388812413110,151,40,46314656000000,2026-09-10T12:25:44.074178+00:00,interpolated,261.0,804.0,-592.0
70.011852168,842358387981257650,842358388812413110,151,41,46314656000000,2026-09-10T12:25:44.074178+00:00,interpolated,276.0,800.0,-599.0
70.030742065,842358388000147547,842358388812413110,151,42,46314656000000,2026-09-10T12:25:44.074178+00:00,interpolated,296.0,800.0,-603.0
70.049631962,842358388019037444,842358388812413110,151,43,46314656000000,2026-09-10T12:25:44.074178+00:00,interpolated,297.0,800.0,-588.0
70.068521859,842358388037927341,842358388812413110,151,44,46314656000000,2026-09-10T12:25:44.074178+00:00,interpolated,266.0,804.0,-581.0
70.087411755,842358388056817237,842358388812413110,151,45,46314656000000,2026-09-10T12:25:44.074178+00:00,interpolated,257.0,805.0,-580.0
70.106301652,842358388075707134,842358388812413110,151,46,46314656000000,2026-09-10T12:25:44.074178+00:00,interpolated,261.0,809.0,-581.0
70.125191549,842358388094597031,842358388812413110,151,47,46314656000000,2026-09-10T12:25:44.074178+00:00,interpolated,257.0,808.0,-565.0
70.144081446,842358388113486928,842358388812413110,151,48,46314656000000,2026-09-10T12:25:44.074178+00:00,interpolated,256.0,816.0,-562.0
70.162971343,842358388132376825,842358388812413110,151,49,46314656000000,2026-09-10T12:25:44.074178+00:00,interpolated,253.0,823.0,-560.0
70.18186124,842358388151266722,842358388812413110,151,50,46314656000000,2026-09-10T12:25:44.074178+00:00,interpolated,253.0,812.0,-568.0
70.200751136,842358388170156618,842358388812413110,151,51,46314656000000,2026-09-10T12:25:44.074178+00:00,interpolated,274.0,806.0,-574.0
70.219641033,842358388189046515,842358388812413110,151,52,46314656000000,2026-09-10T12:25:44.074178+00:00,interpolated,277.0,802.0,-571.0
70.23853093,842358388207936412,842358388812413110,151,53,46314656000000,2026-09-10T12:25:44.074178+00:00,interpolated,262.0,814.0,-552.0
70.257420827,842358388226826309,842358388812413110,151,54,46314656000000,2026-09-10T12:25:44.074178+00:00,interpolated,240.0,830.0,-546.0
70.276310724,842358388245716206,842358388812413110,151,55,46314656000000,2026-09-10T12:25:44.074178+00:00,interpolated,231.0,835.0,-548.0
70.29520062,842358388264606102,842358388812413110,151,56,46314656000000,2026-09-10T12:25:44.074178+00:00,interpolated,241.0,832.0,-546.0
70.314090517,842358388283495999,842358388812413110,151,57,46314656000000,2026-09-10T12:25:44.074178+00:00,interpolated,257.0,830.0,-543.0
70.332980414,842358388302385896,842358388812413110,151,58,46314656000000,2026-09-10T12:25:44.074178+00:00,interpolated,277.0,821.0,-547.0
70.351870311,842358388321275793,842358388812413110,151,59,46314656000000,2026-09-10T12:25:44.074178+00:00,interpolated,274.0,815.0,-553.0
70.370760208,842358388340165690,842358388812413110,151,60,46314656000000,2026-09-10T12:25:44.074178+00:00,interpolated,275.0,815.0,-555.0
70.389650104,842358388359055586,842358388812413110,151,61,46314656000000,2026-09-10T12:25:44.074178+00:00,interpolated,274.0,814.0,-548.0
70.408540001,842358388377945483,842358388812413110,151,62,46314656000000,2026-09-10T12:25:44.074178+00:00,interpolated,270.0,812.0,-555.0
70.427429898,842358388396835380,842358388812413110,151,63,46314656000000,2026-09-10T12:25:44.074178+00:00,interpolated,285.0,805.0,-558.0
70.446319795,842358388415725277,842358388812413110,151,64,46314656000000,2026-09-10T12:25:44.074178+00:00,interpolated,295.0,798.0,-558.0
70.465209692,842358388434615174,842358388812413110,151,65,46314656000000,2026-09-10T12:25:44.074178+00:00,interpolated,293.0,807.0,-557.0
70.484099589,842358388453505071,842358388812413110,151,66,46314656000000,2026-09-10T12:25:44.074178+00:00,interpolated,288.0,816.0,-557.0
70.502989485,842358388472394967,842358388812413110,151,67,46314656000000,2026-09-10T12:25:44.074178+00:00,interpolated,267.0,822.0,-561.0
70.521879382,842358388491284864,842358388812413110,151,68,46314656000000,2026-09-10T12:25:44.074178+00:00,interpolated,251.0,823.0,-558.0
70.540769279,842358388510174761,842358388812413110,151,69,46314656000000,2026-09-10T12:25:44.074178+00:00,interpolated,260.0,806.0,-574.0
70.559659176,842358388529064658,842358388812413110,151,70,46314656000000,2026-09-10T12:25:44.074178+00:00,interpolated,279.0,793.0,-581.0
70.578549073,842358388547954555,842358388812413110,151,71,46314656000000,2026-09-10T12:25:44.074178+00:00,interpolated,287.0,799.0,-582.0
70.597438969,842358388566844451,842358388812413110,151,72,46314656000000,2026-09-10T12:25:44.074178+00:00,interpolated,285.0,791.0,-583.0
70.616328866,842358388585734348,842358388812413110,151,73,46314656000000,2026-09-10T12:25:44.074178+00:00,interpolated,285.0,791.0,-573.0
70.635218763,842358388604624245,842358388812413110,151,74,46314656000000,2026-09-10T12:25:44.074178+00:00,interpolated,278.0,793.0,-583.0
70.65410866,842358388623514142,842358388812413110,151,75,46314656000000,2026-09-10T12:25:44.074178+00:00,interpolated,293.0,793.0,-596.0
70.672998557,842358388642404039,842358388812413110,151,76,46314656000000,2026-09-10T12:25:44.074178+00:00,interpolated,302.0,784.0,-588.0
70.691888453,842358388661293935,842358388812413110,151,77,46314656000000,2026-09-10T12:25:44.074178+00:00,interpolated,307.0,780.0,-593.0
70.71077835,842358388680183832,842358388812413110,151,78,46314656000000,2026-09-10T12:25:44.074178+00:00,interpolated,307.0,768.0,-592.0
70.729668247,842358388699073729,842358388812413110,151,79,46314656000000,2026-09-10T12:25:44.074178+00:00,interpolated,294.0,777.0,-591.0
70.748558144,842358388717963626,842358388812413110,151,80,46314656000000,2026-09-10T12:25:44.074178+00:00,interpolated,277.0,789.0,-597.0
70.767448041,842358388736853523,842358388812413110,151,81,46314656000000,2026-09-10T12:25:44.074178+00:00,interpolated,259.0,788.0,-604.0
70.786337938,842358388755743420,842358388812413110,151,82,46314656000000,2026-09-10T12:25:44.074178+00:00,interpolated,255.0,786.0,-617.0
70.805227834,842358388774633316,842358388812413110,151,83,46314656000000,2026-09-10T12:25:44.074178+00:00,interpolated,264.0,783.0,-612.0
70.824117731,842358388793523213,842358388812413110,151,84,46314656000000,2026-09-10T12:25:44.074178+00:00,interpolated,263.0,783.0,-610.0
70.843007628,842358388812413110,842358388812413110,151,85,46314656000000,2026-09-10T12:25:44.074178+00:00,interpolated,251.0,780.0,-618.0
70.861897383,842358388831302865,842358390436932026,155,0,46316187000000,2026-09-10T12:25:45.603773+00:00,interpolated,252.0,774.0,-617.0
70.880787138,842358388850192620,842358390436932026,155,1,46316187000000,2026-09-10T12:25:45.603773+00:00,interpolated,251.0,771.0,-623.0
70.899676893,842358388869082375,842358390436932026,155,2,46316187000000,2026-09-10T12:25:45.603773+00:00,interpolated,246.0,776.0,-624.0
70.918566647,842358388887972129,842358390436932026,155,3,46316187000000,2026-09-10T12:25:45.603773+00:00,interpolated,244.0,779.0,-628.0
70.937456402,842358388906861884,842358390436932026,155,4,46316187000000,2026-09-10T12:25:45.603773+00:00,interpolated,235.0,776.0,-644.0
70.956346157,842358388925751639,842358390436932026,155,5,46316187000000,2026-09-10T12:25:45.603773+00:00,interpolated,239.0,768.0,-646.0
70.975235912,842358388944641394,842358390436932026,155,6,46316187000000,2026-09-10T12:25:45.603773+00:00,interpolated,241.0,757.0,-652.0
70.994125667,842358388963531149,842358390436932026,155,7,46316187000000,2026-09-10T12:25:45.603773+00:00,interpolated,245.0,752.0,-640.0
71.013015422,842358388982420904,842358390436932026,155,8,46316187000000,2026-09-10T12:25:45.603773+00:00,interpolated,250.0,754.0,-656.0
71.031905176,842358389001310658,842358390436932026,155,9,46316187000000,2026-09-10T12:25:45.603773+00:00,interpolated,241.0,751.0,-654.0
71.050794931,842358389020200413,842358390436932026,155,10,46316187000000,2026-09-10T12:25:45.603773+00:00,interpolated,229.0,758.0,-653.0
71.069684686,842358389039090168,842358390436932026,155,11,46316187000000,2026-09-10T12:25:45.603773+00:00,interpolated,229.0,752.0,-662.0
71.088574441,842358389057979923,842358390436932026,155,12,46316187000000,2026-09-10T12:25:45.603773+00:00,interpolated,239.0,745.0,-678.0
71.107464196,842358389076869678,842358390436932026,155,13,46316187000000,2026-09-10T12:25:45.603773+00:00,interpolated,239.0,754.0,-678.0
71.126353951,842358389095759433,842358390436932026,155,14,46316187000000,2026-09-10T12:25:45.603773+00:00,interpolated,236.0,770.0,-657.0
71.145243705,842358389114649187,842358390436932026,155,15,46316187000000,2026-09-10T12:25:45.603773+00:00,interpolated,205.0,772.0,-641.0
71.16413346,842358389133538942,842358390436932026,155,16,46316187000000,2026-09-10T12:25:45.603773+00:00,interpolated,188.0,756.0,-671.0
71.183023215,842358389152428697,842358390436932026,155,17,46316187000000,2026-09-10T12:25:45.603773+00:00,interpolated,206.0,743.0,-698.0
71.20191297,842358389171318452,842358390436932026,155,18,46316187000000,2026-09-10T12:25:45.603773+00:00,interpolated,233.0,733.0,-690.0
71.220802725,842358389190208207,842358390436932026,155,19,46316187000000,2026-09-10T12:25:45.603773+00:00,interpolated,211.0,727.0,-681.0
71.23969248,842358389209097962,842358390436932026,155,20,46316187000000,2026-09-10T12:25:45.603773+00:00,interpolated,214.0,722.0,-685.0
71.258582234,842358389227987716,842358390436932026,155,21,46316187000000,2026-09-10T12:25:45.603773+00:00,interpolated,204.0,724.0,-698.0
71.277471989,842358389246877471,842358390436932026,155,22,46316187000000,2026-09-10T12:25:45.603773+00:00,interpolated,195.0,729.0,-706.0
71.296361744,842358389265767226,842358390436932026,155,23,46316187000000,2026-09-10T12:25:45.603773+00:00,interpolated,193.0,726.0,-708.0
71.315251499,842358389284656981,842358390436932026,155,24,46316187000000,2026-09-10T12:25:45.603773+00:00,interpolated,212.0,721.0,-693.0
71.334141254,842358389303546736,842358390436932026,155,25,46316187000000,2026-09-10T12:25:45.603773+00:00,interpolated,246.0,731.0,-671.0
71.353031009,842358389322436491,842358390436932026,155,26,46316187000000,2026-09-10T12:25:45.603773+00:00,interpolated,247.0,738.0,-671.0
71.371920763,842358389341326245,842358390436932026,155,27,46316187000000,2026-09-10T12:25:45.603773+00:00,interpolated,252.0,726.0,-665.0
71.390810518,842358389360216000,842358390436932026,155,28,46316187000000,2026-09-10T12:25:45.603773+00:00,interpolated,250.0,732.0,-668.0
71.409700273,842358389379105755,842358390436932026,155,29,46316187000000,2026-09-10T12:25:45.603773+00:00,interpolated,252.0,724.0,-673.0
71.428590028,842358389397995510,842358390436932026,155,30,46316187000000,2026-09-10T12:25:45.603773+00:00,interpolated,262.0,724.0,-673.0
71.447479783,842358389416885265,842358390436932026,155,31,46316187000000,2026-09-10T12:25:45.603773+00:00,interpolated,269.0,723.0,-666.0
71.466369538,842358389435775020,842358390436932026,155,32,46316187000000,2026-09-10T12:25:45.603773+00:00,interpolated,276.0,717.0,-670.0
71.485259292,842358389454664774,842358390436932026,155,33,46316187000000,2026-09-10T12:25:45.603773+00:00,interpolated,277.0,711.0,-669.0
71.504149047,842358389473554529,842358390436932026,155,34,46316187000000,2026-09-10T12:25:45.603773+00:00,interpolated,280.0,723.0,-670.0
71.523038802,842358389492444284,842358390436932026,155,35,46316187000000,2026-09-10T12:25:45.603773+00:00,interpolated,266.0,737.0,-660.0
71.541928557,842358389511334039,842358390436932026,155,36,46316187000000,2026-09-10T12:25:45.603773+00:00,interpolated,253.0,742.0,-660.0
71.560818312,842358389530223794,842358390436932026,155,37,46316187000000,2026-09-10T12:25:45.603773+00:00,interpolated,247.0,755.0,-664.0
71.579708067,842358389549113549,842358390436932026,155,38,46316187000000,2026-09-10T12:25:45.603773+00:00,interpolated,252.0,756.0,-663.0
71.598597821,842358389568003303,842358390436932026,155,39,46316187000000,2026-09-10T12:25:45.603773+00:00,interpolated,251.0,762.0,-660.0
71.617487576,842358389586893058,842358390436932026,155,40,46316187000000,2026-09-10T12:25:45.603773+00:00,interpolated,249.0,753.0,-655.0
71.636377331,842358389605782813,842358390436932026,155,41,46316187000000,2026-09-10T12:25:45.603773+00:00,interpolated,247.0,748.0,-653.0
71.655267086,842358389624672568,842358390436932026,155,42,46316187000000,2026-09-10T12:25:45.603773+00:00,interpolated,250.0,743.0,-657.0
71.674156841,842358389643562323,842358390436932026,155,43,46316187000000,2026-09-10T12:25:45.603773+00:00,interpolated,240.0,749.0,-671.0
71.693046596,842358389662452078,842358390436932026,155,44,46316187000000,2026-09-10T12:25:45.603773+00:00,interpolated,227.0,748.0,-665.0
71.711936351,842358389681341833,842358390436932026,155,45,46316187000000,2026-09-10T12:25:45.603773+00:00,interpolated,231.0,731.0,-674.0
71.730826105,842358389700231587,842358390436932026,155,46,46316187000000,2026-09-10T12:25:45.603773+00:00,interpolated,236.0,729.0,-671.0
71.74971586,842358389719121342,842358390436932026,155,47,46316187000000,2026-09-10T12:25:45.603773+00:00,interpolated,241.0,725.0,-676.0
71.768605615,842358389738011097,842358390436932026,155,48,46316187000000,2026-09-10T12:25:45.603773+00:00,interpolated,255.0,716.0,-679.0
71.78749537,842358389756900852,842358390436932026,155,49,46316187000000,2026-09-10T12:25:45.603773+00:00,interpolated,263.0,704.0,-676.0
71.806385125,842358389775790607,842358390436932026,155,50,46316187000000,2026-09-10T12:25:45.603773+00:00,interpolated,265.0,718.0,-675.0
71.82527488,842358389794680362,842358390436932026,155,51,46316187000000,2026-09-10T12:25:45.603773+00:00,interpolated,260.0,721.0,-666.0
71.844164634,842358389813570116,842358390436932026,155,52,46316187000000,2026-09-10T12:25:45.603773+00:00,interpolated,275.0,729.0,-661.0
71.863054389,842358389832459871,842358390436932026,155,53,46316187000000,2026-09-10T12:25:45.603773+00:00,interpolated,285.0,734.0,-662.0
71.881944144,842358389851349626,842358390436932026,155,54,46316187000000,2026-09-10T12:25:45.603773+00:00,interpolated,283.0,740.0,-660.0
71.900833899,842358389870239381,842358390436932026,155,55,46316187000000,2026-09-10T12:25:45.603773+00:00,interpolated,255.0,745.0,-666.0
71.919723654,842358389889129136,842358390436932026,155,56,46316187000000,2026-09-10T12:25:45.603773+00:00,interpolated,227.0,739.0,-678.0
71.938613409,842358389908018891,842358390436932026,155,57,46316187000000,2026-09-10T12:25:45.603773+00:00,interpolated,217.0,733.0,-671.0
71.957503163,842358389926908645,842358390436932026,155,58,46316187000000,2026-09-10T12:25:45.603773+00:00,interpolated,223.0,742.0,-682.0
71.976392918,842358389945798400,842358390436932026,155,59,46316187000000,2026-09-10T12:25:45.603773+00:00,interpolated,234.0,740.0,-680.0
71.995282673,842358389964688155,842358390436932026,155,60,46316187000000,2026-09-10T12:25:45.603773+00:00,interpolated,229.0,734.0,-674.0
72.014172428,842358389983577910,842358390436932026,155,61,46316187000000,2026-09-10T12:25:45.603773+00:00,interpolated,212.0,742.0,-677.0
72.033062183,842358390002467665,842358390436932026,155,62,46316187000000,2026-09-10T12:25:45.603773+00:00,interpolated,209.0,746.0,-675.0
72.051951938,842358390021357420,842358390436932026,155,63,46316187000000,2026-09-10T12:25:45.603773+00:00,interpolated,219.0,740.0,-677.0
72.070841692,842358390040247174,842358390436932026,155,64,46316187000000,2026-09-10T12:25:45.603773+00:00,interpolated,224.0,743.0,-672.0
72.089731447,842358390059136929,842358390436932026,155,65,46316187000000,2026-09-10T12:25:45.603773+00:00,interpolated,231.0,738.0,-667.0
72.108621202,842358390078026684,842358390436932026,155,66,46316187000000,2026-09-10T12:25:45.603773+00:00,interpolated,241.0,739.0,-664.0
72.127510957,842358390096916439,842358390436932026,155,67,46316187000000,2026-09-10T12:25:45.603773+00:00,interpolated,237.0,742.0,-666.0
72.146400712,842358390115806194,842358390436932026,155,68,46316187000000,2026-09-10T12:25:45.603773+00:00,interpolated,230.0,739.0,-663.0
72.165290467,842358390134695949,842358390436932026,155,69,46316187000000,2026-09-10T12:25:45.603773+00:00,interpolated,225.0,737.0,-672.0
72.184180221,842358390153585703,842358390436932026,155,70,46316187000000,2026-09-10T12:25:45.603773+00:00,interpolated,211.0,743.0,-673.0
72.203069976,842358390172475458,842358390436932026,155,71,46316187000000,2026-09-10T12:25:45.603773+00:00,interpolated,223.0,743.0,-678.0
72.221959731,842358390191365213,842358390436932026,155,72,46316187000000,2026-09-10T12:25:45.603773+00:00,interpolated,232.0,746.0,-670.0
72.240849486,842358390210254968,842358390436932026,155,73,46316187000000,2026-09-10T12:25:45.603773+00:00,interpolated,229.0,745.0,-670.0
72.259739241,842358390229144723,842358390436932026,155,74,46316187000000,2026-09-10T12:25:45.603773+00:00,interpolated,231.0,742.0,-665.0
72.278628996,842358390248034478,842358390436932026,155,75,46316187000000,2026-09-10T12:25:45.603773+00:00,interpolated,233.0,749.0,-662.0
72.29751875,842358390266924232,842358390436932026,155,76,46316187000000,2026-09-10T12:25:45.603773+00:00,interpolated,224.0,749.0,-661.0
72.316408505,842358390285813987,842358390436932026,155,77,46316187000000,2026-09-10T12:25:45.603773+00:00,interpolated,222.0,745.0,-663.0
72.33529826,842358390304703742,842358390436932026,155,78,46316187000000,2026-09-10T12:25:45.603773+00:00,interpolated,223.0,748.0,-670.0
72.354188015,842358390323593497,842358390436932026,155,79,46316187000000,2026-09-10T12:25:45.603773+00:00,interpolated,225.0,753.0,-669.0
72.37307777,842358390342483252,842358390436932026,155,80,46316187000000,2026-09-10T12:25:45.603773+00:00,interpolated,227.0,755.0,-666.0
72.391967525,842358390361373007,842358390436932026,155,81,46316187000000,2026-09-10T12:25:45.603773+00:00,interpolated,223.0,757.0,-664.0
72.410857279,842358390380262761,842358390436932026,155,82,46316187000000,2026-09-10T12:25:45.603773+00:00,interpolated,222.0,745.0,-666.0
72.429747034,842358390399152516,842358390436932026,155,83,46316187000000,2026-09-10T12:25:45.603773+00:00,interpolated,225.0,741.0,-668.0
72.448636789,842358390418042271,842358390436932026,155,84,46316187000000,2026-09-10T12:25:45.603773+00:00,interpolated,224.0,735.0,-673.0
72.467526544,842358390436932026,842358390436932026,155,85,46316187000000,2026-09-10T12:25:45.603773+00:00,interpolated,229.0,741.0,-676.0
72.486416362,842358390455821844,842358392080346162,158,0,46317750000000,2026-09-10T12:25:47.164931+00:00,interpolated,240.0,741.0,-674.0
72.505306179,842358390474711661,842358392080346162,158,1,46317750000000,2026-09-10T12:25:47.164931+00:00,interpolated,238.0,741.0,-672.0
72.524195997,842358390493601479,842358392080346162,158,2,46317750000000,2026-09-10T12:25:47.164931+00:00,interpolated,234.0,735.0,-672.0
72.543085815,842358390512491297,842358392080346162,158,3,46317750000000,2026-09-10T12:25:47.164931+00:00,interpolated,233.0,736.0,-672.0
72.561975632,842358390531381114,842358392080346162,158,4,46317750000000,2026-09-10T12:25:47.164931+00:00,interpolated,226.0,741.0,-671.0
72.58086545,842358390550270932,842358392080346162,158,5,46317750000000,2026-09-10T12:25:47.164931+00:00,interpolated,216.0,746.0,-673.0
72.599755268,842358390569160750,842358392080346162,158,6,46317750000000,2026-09-10T12:25:47.164931+00:00,interpolated,218.0,745.0,-672.0
72.618645085,842358390588050567,842358392080346162,158,7,46317750000000,2026-09-10T12:25:47.164931+00:00,interpolated,221.0,745.0,-669.0
72.637534903,842358390606940385,842358392080346162,158,8,46317750000000,2026-09-10T12:25:47.164931+00:00,interpolated,219.0,744.0,-664.0
72.656424721,842358390625830203,842358392080346162,158,9,46317750000000,2026-09-10T12:25:47.164931+00:00,interpolated,223.0,747.0,-665.0
72.675314538,842358390644720020,842358392080346162,158,10,46317750000000,2026-09-10T12:25:47.164931+00:00,interpolated,221.0,747.0,-668.0
72.694204356,842358390663609838,842358392080346162,158,11,46317750000000,2026-09-10T12:25:47.164931+00:00,interpolated,222.0,744.0,-672.0
72.713094174,842358390682499656,842358392080346162,158,12,46317750000000,2026-09-10T12:25:47.164931+00:00,interpolated,227.0,748.0,-662.0
72.731983991,842358390701389473,842358392080346162,158,13,46317750000000,2026-09-10T12:25:47.164931+00:00,interpolated,224.0,750.0,-660.0
72.750873809,842358390720279291,842358392080346162,158,14,46317750000000,2026-09-10T12:25:47.164931+00:00,interpolated,221.0,753.0,-665.0
72.769763626,842358390739169108,842358392080346162,158,15,46317750000000,2026-09-10T12:25:47.164931+00:00,interpolated,226.0,742.0,-673.0
72.788653444,842358390758058926,842358392080346162,158,16,46317750000000,2026-09-10T12:25:47.164931+00:00,interpolated,228.0,743.0,-670.0
72.807543262,842358390776948744,842358392080346162,158,17,46317750000000,2026-09-10T12:25:47.164931+00:00,interpolated,222.0,744.0,-671.0
72.826433079,842358390795838561,842358392080346162,158,18,46317750000000,2026-09-10T12:25:47.164931+00:00,interpolated,219.0,747.0,-665.0
72.845322897,842358390814728379,842358392080346162,158,19,46317750000000,2026-09-10T12:25:47.164931+00:00,interpolated,223.0,740.0,-665.0
72.864212715,842358390833618197,842358392080346162,158,20,46317750000000,2026-09-10T12:25:47.164931+00:00,interpolated,228.0,745.0,-668.0
72.883102532,842358390852508014,842358392080346162,158,21,46317750000000,2026-09-10T12:25:47.164931+00:00,interpolated,227.0,754.0,-664.0
72.90199235,842358390871397832,842358392080346162,158,22,46317750000000,2026-09-10T12:25:47.164931+00:00,interpolated,226.0,758.0,-658.0
72.920882168,842358390890287650,842358392080346162,158,23,46317750000000,2026-09-10T12:25:47.164931+00:00,interpolated,233.0,740.0,-670.0
72.939771985,842358390909177467,842358392080346162,158,24,46317750000000,2026-09-10T12:25:47.164931+00:00,interpolated,222.0,747.0,-672.0
72.958661803,842358390928067285,842358392080346162,158,25,46317750000000,2026-09-10T12:25:47.164931+00:00,interpolated,219.0,757.0,-670.0
72.977551621,842358390946957103,842358392080346162,158,26,46317750000000,2026-09-10T12:25:47.164931+00:00,interpolated,222.0,757.0,-664.0
72.996441438,842358390965846920,842358392080346162,158,27,46317750000000,2026-09-10T12:25:47.164931+00:00,interpolated,222.0,747.0,-666.0
73.015331256,842358390984736738,842358392080346162,158,28,46317750000000,2026-09-10T12:25:47.164931+00:00,interpolated,225.0,744.0,-669.0
73.034221074,842358391003626556,842358392080346162,158,29,46317750000000,2026-09-10T12:25:47.164931+00:00,interpolated,226.0,745.0,-665.0
73.053110891,842358391022516373,842358392080346162,158,30,46317750000000,2026-09-10T12:25:47.164931+00:00,interpolated,224.0,748.0,-669.0
73.072000709,842358391041406191,842358392080346162,158,31,46317750000000,2026-09-10T12:25:47.164931+00:00,interpolated,227.0,748.0,-664.0
73.090890527,842358391060296009,842358392080346162,158,32,46317750000000,2026-09-10T12:25:47.164931+00:00,interpolated,226.0,746.0,-664.0
73.109780344,842358391079185826,842358392080346162,158,33,46317750000000,2026-09-10T12:25:47.164931+00:00,interpolated,222.0,751.0,-668.0
73.128670162,842358391098075644,842358392080346162,158,34,46317750000000,2026-09-10T12:25:47.164931+00:00,interpolated,224.0,752.0,-671.0
73.14755998,842358391116965462,842358392080346162,158,35,46317750000000,2026-09-10T12:25:47.164931+00:00,interpolated,223.0,747.0,-667.0
73.166449797,842358391135855279,842358392080346162,158,36,46317750000000,2026-09-10T12:25:47.164931+00:00,interpolated,220.0,754.0,-667.0
73.185339615,842358391154745097,842358392080346162,158,37,46317750000000,2026-09-10T12:25:47.164931+00:00,interpolated,220.0,752.0,-659.0
73.204229433,842358391173634915,842358392080346162,158,38,46317750000000,2026-09-10T12:25:47.164931+00:00,interpolated,216.0,749.0,-657.0
73.22311925,842358391192524732,842358392080346162,158,39,46317750000000,2026-09-10T12:25:47.164931+00:00,interpolated,221.0,750.0,-668.0
73.242009068,842358391211414550,842358392080346162,158,40,46317750000000,2026-09-10T12:25:47.164931+00:00,interpolated,221.0,748.0,-665.0
73.260898886,842358391230304368,842358392080346162,158,41,46317750000000,2026-09-10T12:25:47.164931+00:00,interpolated,220.0,747.0,-667.0
73.279788703,842358391249194185,842358392080346162,158,42,46317750000000,2026-09-10T12:25:47.164931+00:00,interpolated,222.0,751.0,-667.0
73.298678521,842358391268084003,842358392080346162,158,43,46317750000000,2026-09-10T12:25:47.164931+00:00,interpolated,220.0,749.0,-662.0
73.317568338,842358391286973820,842358392080346162,158,44,46317750000000,2026-09-10T12:25:47.164931+00:00,interpolated,221.0,747.0,-661.0
73.336458156,842358391305863638,842358392080346162,158,45,46317750000000,2026-09-10T12:25:47.164931+00:00,interpolated,221.0,754.0,-668.0
73.355347974,842358391324753456,842358392080346162,158,46,46317750000000,2026-09-10T12:25:47.164931+00:00,interpolated,228.0,748.0,-667.0
73.374237791,842358391343643273,842358392080346162,158,47,46317750000000,2026-09-10T12:25:47.164931+00:00,interpolated,223.0,740.0,-671.0
73.393127609,842358391362533091,842358392080346162,158,48,46317750000000,2026-09-10T12:25:47.164931+00:00,interpolated,223.0,742.0,-672.0
73.412017427,842358391381422909,842358392080346162,158,49,46317750000000,2026-09-10T12:25:47.164931+00:00,interpolated,223.0,744.0,-673.0
73.430907244,842358391400312726,842358392080346162,158,50,46317750000000,2026-09-10T12:25:47.164931+00:00,interpolated,226.0,745.0,-673.0
73.449797062,842358391419202544,842358392080346162,158,51,46317750000000,2026-09-10T12:25:47.164931+00:00,interpolated,223.0,743.0,-669.0
73.46868688,842358391438092362,842358392080346162,158,52,46317750000000,2026-09-10T12:25:47.164931+00:00,interpolated,220.0,743.0,-669.0
73.487576697,842358391456982179,842358392080346162,158,53,46317750000000,2026-09-10T12:25:47.164931+00:00,interpolated,230.0,745.0,-672.0
73.506466515,842358391475871997,842358392080346162,158,54,46317750000000,2026-09-10T12:25:47.164931+00:00,interpolated,228.0,740.0,-672.0
73.525356333,842358391494761815,842358392080346162,158,55,46317750000000,2026-09-10T12:25:47.164931+00:00,interpolated,224.0,738.0,-670.0
73.54424615,842358391513651632,842358392080346162,158,56,46317750000000,2026-09-10T12:25:47.164931+00:00,interpolated,216.0,743.0,-669.0
73.563135968,842358391532541450,842358392080346162,158,57,46317750000000,2026-09-10T12:25:47.164931+00:00,interpolated,221.0,752.0,-667.0
73.582025786,842358391551431268,842358392080346162,158,58,46317750000000,2026-09-10T12:25:47.164931+00:00,interpolated,219.0,742.0,-669.0
73.600915603,842358391570321085,842358392080346162,158,59,46317750000000,2026-09-10T12:25:47.164931+00:00,interpolated,218.0,745.0,-668.0
73.619805421,842358391589210903,842358392080346162,158,60,46317750000000,2026-09-10T12:25:47.164931+00:00,interpolated,222.0,751.0,-669.0
73.638695239,842358391608100721,842358392080346162,158,61,46317750000000,2026-09-10T12:25:47.164931+00:00,interpolated,229.0,748.0,-669.0
73.657585056,842358391626990538,842358392080346162,158,62,46317750000000,2026-09-10T12:25:47.164931+00:00,interpolated,224.0,752.0,-669.0
73.676474874,842358391645880356,842358392080346162,158,63,46317750000000,2026-09-10T12:25:47.164931+00:00,interpolated,209.0,753.0,-659.0
73.695364692,842358391664770174,842358392080346162,158,64,46317750000000,2026-09-10T12:25:47.164931+00:00,interpolated,212.0,755.0,-665.0
73.714254509,842358391683659991,842358392080346162,158,65,46317750000000,2026-09-10T12:25:47.164931+00:00,interpolated,216.0,751.0,-669.0
73.733144327,842358391702549809,842358392080346162,158,66,46317750000000,2026-09-10T12:25:47.164931+00:00,interpolated,220.0,756.0,-661.0
73.752034145,842358391721439627,842358392080346162,158,67,46317750000000,2026-09-10T12:25:47.164931+00:00,interpolated,215.0,756.0,-658.0
73.770923962,842358391740329444,842358392080346162,158,68,46317750000000,2026-09-10T12:25:47.164931+00:00,interpolated,213.0,760.0,-660.0
73.78981378,842358391759219262,842358392080346162,158,69,46317750000000,2026-09-10T12:25:47.164931+00:00,interpolated,216.0,761.0,-661.0
73.808703598,842358391778109080,842358392080346162,158,70,46317750000000,2026-09-10T12:25:47.164931+00:00,interpolated,219.0,758.0,-652.0
73.827593415,842358391796998897,842358392080346162,158,71,46317750000000,2026-09-10T12:25:47.164931+00:00,interpolated,220.0,760.0,-654.0
73.846483233,842358391815888715,842358392080346162,158,72,46317750000000,2026-09-10T12:25:47.164931+00:00,interpolated,212.0,772.0,-646.0
73.86537305,842358391834778532,842358392080346162,158,73,46317750000000,2026-09-10T12:25:47.164931+00:00,interpolated,211.0,782.0,-650.0
73.884262868,842358391853668350,842358392080346162,158,74,46317750000000,2026-09-10T12:25:47.164931+00:00,interpolated,201.0,766.0,-645.0
73.903152686,842358391872558168,842358392080346162,158,75,46317750000000,2026-09-10T12:25:47.164931+00:00,interpolated,157.0,781.0,-632.0
73.922042503,842358391891447985,842358392080346162,158,76,46317750000000,2026-09-10T12:25:47.164931+00:00,interpolated,160.0,789.0,-617.0
73.940932321,842358391910337803,842358392080346162,158,77,46317750000000,2026-09-10T12:25:47.164931+00:00,interpolated,172.0,767.0,-633.0
73.959822139,842358391929227621,842358392080346162,158,78,46317750000000,2026-09-10T12:25:47.164931+00:00,interpolated,193.0,758.0,-643.0
73.978711956,842358391948117438,842358392080346162,158,79,46317750000000,2026-09-10T12:25:47.164931+00:00,interpolated,209.0,753.0,-650.0
73.997601774,842358391967007256,842358392080346162,158,80,46317750000000,2026-09-10T12:25:47.164931+00:00,interpolated,222.0,744.0,-643.0
74.016491592,842358391985897074,842358392080346162,158,81,46317750000000,2026-09-10T12:25:47.164931+00:00,interpolated,223.0,750.0,-645.0
74.035381409,842358392004786891,842358392080346162,158,82,46317750000000,2026-09-10T12:25:47.164931+00:00,interpolated,237.0,761.0,-629.0
74.054271227,842358392023676709,842358392080346162,158,83,46317750000000,2026-09-10T12:25:47.164931+00:00,interpolated,251.0,748.0,-598.0
74.073161045,842358392042566527,842358392080346162,158,84,46317750000000,2026-09-10T12:25:47.164931+00:00,interpolated,257.0,764.0,-596.0
74.092050862,842358392061456344,842358392080346162,158,85,46317750000000,2026-09-10T12:25:47.164931+00:00,interpolated,262.0,778.0,-593.0
74.11094068,842358392080346162,842358392080346162,158,86,46317750000000,2026-09-10T12:25:47.164931+00:00,interpolated,258.0,760.0,-585.0
74.129829796,842358392099235278,842358393648142800,162,0,46319578000000,2026-09-10T12:25:48.992554+00:00,interpolated,252.0,744.0,-612.0
74.148718912,842358392118124394,842358393648142800,162,1,46319578000000,2026-09-10T12:25:48.992554+00:00,interpolated,256.0,747.0,-641.0
74.167608028,842358392137013510,842358393648142800,162,2,46319578000000,2026-09-10T12:25:48.992554+00:00,interpolated,258.0,760.0,-670.0
74.186497144,842358392155902626,842358393648142800,162,3,46319578000000,2026-09-10T12:25:48.992554+00:00,interpolated,264.0,759.0,-686.0
74.205386261,842358392174791743,842358393648142800,162,4,46319578000000,2026-09-10T12:25:48.992554+00:00,interpolated,267.0,758.0,-687.0
74.224275377,842358392193680859,842358393648142800,162,5,46319578000000,2026-09-10T12:25:48.992554+00:00,interpolated,275.0,762.0,-680.0
74.243164493,842358392212569975,842358393648142800,162,6,46319578000000,2026-09-10T12:25:48.992554+00:00,interpolated,289.0,764.0,-664.0
74.262053609,842358392231459091,842358393648142800,162,7,46319578000000,2026-09-10T12:25:48.992554+00:00,interpolated,296.0,763.0,-638.0
74.280942725,842358392250348207,842358393648142800,162,8,46319578000000,2026-09-10T12:25:48.992554+00:00,interpolated,303.0,760.0,-622.0
74.299831841,842358392269237323,842358393648142800,162,9,46319578000000,2026-09-10T12:25:48.992554+00:00,interpolated,304.0,762.0,-609.0
74.318720957,842358392288126439,842358393648142800,162,10,46319578000000,2026-09-10T12:25:48.992554+00:00,interpolated,307.0,763.0,-599.0
74.337610073,842358392307015555,842358393648142800,162,11,46319578000000,2026-09-10T12:25:48.992554+00:00,interpolated,316.0,774.0,-593.0
74.35649919,842358392325904672,842358393648142800,162,12,46319578000000,2026-09-10T12:25:48.992554+00:00,interpolated,323.0,785.0,-595.0
74.375388306,842358392344793788,842358393648142800,162,13,46319578000000,2026-09-10T12:25:48.992554+00:00,interpolated,319.0,786.0,-598.0
74.394277422,842358392363682904,842358393648142800,162,14,46319578000000,2026-09-10T12:25:48.992554+00:00,interpolated,314.0,781.0,-597.0
74.413166538,842358392382572020,842358393648142800,162,15,46319578000000,2026-09-10T12:25:48.992554+00:00,interpolated,322.0,771.0,-592.0
74.432055654,842358392401461136,842358393648142800,162,16,46319578000000,2026-09-10T12:25:48.992554+00:00,interpolated,334.0,779.0,-591.0
74.45094477,842358392420350252,842358393648142800,162,17,46319578000000,2026-09-10T12:25:48.992554+00:00,interpolated,326.0,785.0,-603.0
74.469833886,842358392439239368,842358393648142800,162,18,46319578000000,2026-09-10T12:25:48.992554+00:00,interpolated,318.0,777.0,-599.0
74.488723002,842358392458128484,842358393648142800,162,19,46319578000000,2026-09-10T12:25:48.992554+00:00,interpolated,317.0,766.0,-590.0
74.507612119,842358392477017601,842358393648142800,162,20,46319578000000,2026-09-10T12:25:48.992554+00:00,interpolated,314.0,770.0,-585.0
74.526501235,842358392495906717,842358393648142800,162,21,46319578000000,2026-09-10T12:25:48.992554+00:00,interpolated,310.0,770.0,-575.0
74.545390351,842358392514795833,842358393648142800,162,22,46319578000000,2026-09-10T12:25:48.992554+00:00,interpolated,308.0,776.0,-577.0
74.564279467,842358392533684949,842358393648142800,162,23,46319578000000,2026-09-10T12:25:48.992554+00:00,interpolated,306.0,786.0,-578.0
74.583168583,842358392552574065,842358393648142800,162,24,46319578000000,2026-09-10T12:25:48.992554+00:00,interpolated,297.0,792.0,-585.0
74.602057699,842358392571463181,842358393648142800,162,25,46319578000000,2026-09-10T12:25:48.992554+00:00,interpolated,297.0,776.0,-578.0
74.620946815,842358392590352297,842358393648142800,162,26,46319578000000,2026-09-10T12:25:48.992554+00:00,interpolated,307.0,771.0,-582.0
74.639835931,842358392609241413,842358393648142800,162,27,46319578000000,2026-09-10T12:25:48.992554+00:00,interpolated,328.0,773.0,-578.0
74.658725047,842358392628130529,842358393648142800,162,28,46319578000000,2026-09-10T12:25:48.992554+00:00,interpolated,337.0,786.0,-574.0
74.677614164,842358392647019646,842358393648142800,162,29,46319578000000,2026-09-10T12:25:48.992554+00:00,interpolated,343.0,799.0,-573.0
74.69650328,842358392665908762,842358393648142800,162,30,46319578000000,2026-09-10T12:25:48.992554+00:00,interpolated,340.0,797.0,-571.0
74.715392396,842358392684797878,842358393648142800,162,31,46319578000000,2026-09-10T12:25:48.992554+00:00,interpolated,345.0,780.0,-563.0
74.734281512,842358392703686994,842358393648142800,162,32,46319578000000,2026-09-10T12:25:48.992554+00:00,interpolated,339.0,778.0,-560.0
74.753170628,842358392722576110,842358393648142800,162,33,46319578000000,2026-09-10T12:25:48.992554+00:00,interpolated,346.0,788.0,-551.0
74.772059744,842358392741465226,842358393648142800,162,34,46319578000000,2026-09-10T12:25:48.992554+00:00,interpolated,339.0,788.0,-556.0
74.79094886,842358392760354342,842358393648142800,162,35,46319578000000,2026-09-10T12:25:48.992554+00:00,interpolated,336.0,799.0,-559.0
74.809837976,842358392779243458,842358393648142800,162,36,46319578000000,2026-09-10T12:25:48.992554+00:00,interpolated,335.0,800.0,-563.0
74.828727093,842358392798132575,842358393648142800,162,37,46319578000000,2026-09-10T12:25:48.992554+00:00,interpolated,334.0,790.0,-564.0
74.847616209,842358392817021691,842358393648142800,162,38,46319578000000,2026-09-10T12:25:48.992554+00:00,interpolated,329.0,781.0,-561.0
74.866505325,842358392835910807,842358393648142800,162,39,46319578000000,2026-09-10T12:25:48.992554+00:00,interpolated,327.0,778.0,-569.0
74.885394441,842358392854799923,842358393648142800,162,40,46319578000000,2026-09-10T12:25:48.992554+00:00,interpolated,330.0,785.0,-568.0
74.904283557,842358392873689039,842358393648142800,162,41,46319578000000,2026-09-10T12:25:48.992554+00:00,interpolated,320.0,792.0,-570.0
74.923172673,842358392892578155,842358393648142800,162,42,46319578000000,2026-09-10T12:25:48.992554+00:00,interpolated,313.0,787.0,-567.0
74.942061789,842358392911467271,842358393648142800,162,43,46319578000000,2026-09-10T12:25:48.992554+00:00,interpolated,316.0,788.0,-563.0
74.960950905,842358392930356387,842358393648142800,162,44,46319578000000,2026-09-10T12:25:48.992554+00:00,interpolated,321.0,786.0,-561.0
74.979840022,842358392949245504,842358393648142800,162,45,46319578000000,2026-09-10T12:25:48.992554+00:00,interpolated,328.0,792.0,-561.0
74.998729138,842358392968134620,842358393648142800,162,46,46319578000000,2026-09-10T12:25:48.992554+00:00,interpolated,322.0,787.0,-569.0
75.017618254,842358392987023736,842358393648142800,162,47,46319578000000,2026-09-10T12:25:48.992554+00:00,interpolated,327.0,781.0,-563.0
75.03650737,842358393005912852,842358393648142800,162,48,46319578000000,2026-09-10T12:25:48.992554+00:00,interpolated,330.0,783.0,-566.0
75.055396486,842358393024801968,842358393648142800,162,49,46319578000000,2026-09-10T12:25:48.992554+00:00,interpolated,322.0,781.0,-571.0
75.074285602,842358393043691084,842358393648142800,162,50,46319578000000,2026-09-10T12:25:48.992554+00:00,interpolated,317.0,779.0,-571.0
75.093174718,842358393062580200,842358393648142800,162,51,46319578000000,2026-09-10T12:25:48.992554+00:00,interpolated,323.0,779.0,-571.0
75.112063834,842358393081469316,842358393648142800,162,52,46319578000000,2026-09-10T12:25:48.992554+00:00,interpolated,329.0,784.0,-573.0
75.130952951,842358393100358433,842358393648142800,162,53,46319578000000,2026-09-10T12:25:48.992554+00:00,interpolated,334.0,782.0,-569.0
75.149842067,842358393119247549,842358393648142800,162,54,46319578000000,2026-09-10T12:25:48.992554+00:00,interpolated,324.0,784.0,-573.0
75.168731183,842358393138136665,842358393648142800,162,55,46319578000000,2026-09-10T12:25:48.992554+00:00,interpolated,316.0,778.0,-564.0
75.187620299,842358393157025781,842358393648142800,162,56,46319578000000,2026-09-10T12:25:48.992554+00:00,interpolated,319.0,787.0,-570.0
75.206509415,842358393175914897,842358393648142800,162,57,46319578000000,2026-09-10T12:25:48.992554+00:00,interpolated,322.0,786.0,-568.0
75.225398531,842358393194804013,842358393648142800,162,58,46319578000000,2026-09-10T12:25:48.992554+00:00,interpolated,325.0,789.0,-573.0
75.244287647,842358393213693129,842358393648142800,162,59,46319578000000,2026-09-10T12:25:48.992554+00:00,interpolated,327.0,784.0,-578.0
75.263176763,842358393232582245,842358393648142800,162,60,46319578000000,2026-09-10T12:25:48.992554+00:00,interpolated,329.0,781.0,-569.0
75.282065879,842358393251471361,842358393648142800,162,61,46319578000000,2026-09-10T12:25:48.992554+00:00,interpolated,326.0,785.0,-568.0
75.300954996,842358393270360478,842358393648142800,162,62,46319578000000,2026-09-10T12:25:48.992554+00:00,interpolated,320.0,790.0,-562.0
75.319844112,842358393289249594,842358393648142800,162,63,46319578000000,2026-09-10T12:25:48.992554+00:00,interpolated,317.0,790.0,-568.0
75.338733228,842358393308138710,842358393648142800,162,64,46319578000000,2026-09-10T12:25:48.992554+00:00,interpolated,324.0,785.0,-569.0
75.357622344,842358393327027826,842358393648142800,162,65,46319578000000,2026-09-10T12:25:48.992554+00:00,interpolated,322.0,781.0,-569.0
75.37651146,842358393345916942,842358393648142800,162,66,46319578000000,2026-09-10T12:25:48.992554+00:00,interpolated,318.0,785.0,-568.0
75.395400576,842358393364806058,842358393648142800,162,67,46319578000000,2026-09-10T12:25:48.992554+00:00,interpolated,317.0,785.0,-566.0
75.414289692,842358393383695174,842358393648142800,162,68,46319578000000,2026-09-10T12:25:48.992554+00:00,interpolated,322.0,787.0,-568.0
75.433178808,842358393402584290,842358393648142800,162,69,46319578000000,2026-09-10T12:25:48.992554+00:00,interpolated,325.0,785.0,-567.0
75.452067925,842358393421473407,842358393648142800,162,70,46319578000000,2026-09-10T12:25:48.992554+00:00,interpolated,322.0,784.0,-573.0
75.470957041,842358393440362523,842358393648142800,162,71,46319578000000,2026-09-10T12:25:48.992554+00:00,interpolated,322.0,789.0,-582.0
75.489846157,842358393459251639,842358393648142800,162,72,46319578000000,2026-09-10T12:25:48.992554+00:00,interpolated,329.0,773.0,-573.0
75.508735273,842358393478140755,842358393648142800,162,73,46319578000000,2026-09-10T12:25:48.992554+00:00,interpolated,316.0,772.0,-563.0
75.527624389,842358393497029871,842358393648142800,162,74,46319578000000,2026-09-10T12:25:48.992554+00:00,interpolated,310.0,791.0,-569.0
75.546513505,842358393515918987,842358393648142800,162,75,46319578000000,2026-09-10T12:25:48.992554+00:00,interpolated,322.0,791.0,-570.0
75.565402621,842358393534808103,842358393648142800,162,76,46319578000000,2026-09-10T12:25:48.992554+00:00,interpolated,320.0,795.0,-570.0
75.584291737,842358393553697219,842358393648142800,162,77,46319578000000,2026-09-10T12:25:48.992554+00:00,interpolated,319.0,786.0,-569.0
75.603180854,842358393572586336,842358393648142800,162,78,46319578000000,2026-09-10T12:25:48.992554+00:00,interpolated,329.0,769.0,-574.0
75.62206997,842358393591475452,842358393648142800,162,79,46319578000000,2026-09-10T12:25:48.992554+00:00,interpolated,331.0,784.0,-575.0
75.640959086,842358393610364568,842358393648142800,162,80,46319578000000,2026-09-10T12:25:48.992554+00:00,interpolated,316.0,790.0,-573.0
75.659848202,842358393629253684,842358393648142800,162,81,46319578000000,2026-09-10T12:25:48.992554+00:00,interpolated,314.0,789.0,-577.0
75.678737318,842358393648142800,842358393648142800,162,82,46319578000000,2026-09-10T12:25:48.992554+00:00,interpolated,317.0,786.0,-568.0
