time_s,device_timestamp_ns,packet_timestamp_ns,packet_id,sample_index,host_monotonic_ns,host_time_utc,timestamp_method,gyro_x_dps,gyro_y_dps,gyro_z_dps
10.308320784,842358328277726266,842358330066187804,4,0,46255703000000,2026-09-10T12:24:45.122465+00:00,nominal_first,-2.800000011920929,0.49000000208616257,-2.1000000089406967
10.327551553,842358328296957035,842358330066187804,4,1,46255703000000,2026-09-10T12:24:45.122465+00:00,nominal_first,-2.6600000113248825,1.4000000059604645,-2.9400000125169754
10.346782322,842358328316187804,842358330066187804,4,2,46255703000000,2026-09-10T12:24:45.122465+00:00,nominal_first,-2.7300000116229057,1.1200000047683716,-3.710000015795231
10.366013091,842358328335418573,842358330066187804,4,3,46255703000000,2026-09-10T12:24:45.122465+00:00,nominal_first,-3.2900000140070915,-0.3500000014901161,-3.780000016093254
10.38524386,842358328354649342,842358330066187804,4,4,46255703000000,2026-09-10T12:24:45.122465+00:00,nominal_first,-3.3600000143051147,-1.1900000050663948,-3.9200000166893005
10.40447463,842358328373880112,842358330066187804,4,5,46255703000000,2026-09-10T12:24:45.122465+00:00,nominal_first,-3.710000015795231,-1.1200000047683716,-4.060000017285347
10.423705399,842358328393110881,842358330066187804,4,6,46255703000000,2026-09-10T12:24:45.122465+00:00,nominal_first,-4.060000017285347,-1.4000000059604645,-4.060000017285347
10.442936168,842358328412341650,842358330066187804,4,7,46255703000000,2026-09-10T12:24:45.122465+00:00,nominal_first,-4.480000019073486,-1.6100000068545341,-3.780000016093254
10.462166937,842358328431572419,842358330066187804,4,8,46255703000000,2026-09-10T12:24:45.122465+00:00,nominal_first,-4.760000020265579,-0.7700000032782555,-3.8500000163912773
10.481397707,842358328450803189,842358330066187804,4,9,46255703000000,2026-09-10T12:24:45.122465+00:00,nominal_first,-4.970000021159649,0.7000000029802322,-3.9900000169873238
10.500628476,842358328470033958,842358330066187804,4,10,46255703000000,2026-09-10T12:24:45.122465+00:00,nominal_first,-5.180000022053719,1.6800000071525574,-3.9900000169873238
10.519859245,842358328489264727,842358330066187804,4,11,46255703000000,2026-09-10T12:24:45.122465+00:00,nominal_first,-5.4600000232458115,1.4000000059604645,-3.9900000169873238
10.539090014,842358328508495496,842358330066187804,4,12,46255703000000,2026-09-10T12:24:45.122465+00:00,nominal_first,-5.810000024735928,1.0500000044703484,-4.13000001758337
10.558320784,842358328527726266,842358330066187804,4,13,46255703000000,2026-09-10T12:24:45.122465+00:00,nominal_first,-5.4600000232458115,0.8400000035762787,-4.270000018179417
10.577551553,842358328546957035,842358330066187804,4,14,46255703000000,2026-09-10T12:24:45.122465+00:00,nominal_first,-5.110000021755695,0.7700000032782555,-3.9900000169873238
10.596782322,842358328566187804,842358330066187804,4,15,46255703000000,2026-09-10T12:24:45.122465+00:00,nominal_first,-5.040000021457672,0.42000000178813934,-3.710000015795231
10.616013091,842358328585418573,842358330066187804,4,16,46255703000000,2026-09-10T12:24:45.122465+00:00,nominal_first,-5.180000022053719,0.8400000035762787,-3.6400000154972076
10.63524386,842358328604649342,842358330066187804,4,17,46255703000000,2026-09-10T12:24:45.122465+00:00,nominal_first,-4.900000020861626,1.4700000062584877,-3.6400000154972076
10.65447463,842358328623880112,842358330066187804,4,18,46255703000000,2026-09-10T12:24:45.122465+00:00,nominal_first,-5.040000021457672,1.7500000074505806,-3.430000014603138
10.673705399,842358328643110881,842358330066187804,4,19,46255703000000,2026-09-10T12:24:45.122465+00:00,nominal_first,-5.180000022053719,1.6100000068545341,-3.500000014901161
10.692936168,842358328662341650,842358330066187804,4,20,46255703000000,2026-09-10T12:24:45.122465+00:00,nominal_first,-4.970000021159649,1.9600000083446503,-3.8500000163912773
10.712166937,842358328681572419,842358330066187804,4,21,46255703000000,2026-09-10T12:24:45.122465+00:00,nominal_first,-4.410000018775463,2.7300000116229057,-3.710000015795231
10.731397707,842358328700803189,842358330066187804,4,22,46255703000000,2026-09-10T12:24:45.122465+00:00,nominal_first,-4.5500000193715096,3.080000013113022,-3.0100000128149986
10.750628476,842358328720033958,842358330066187804,4,23,46255703000000,2026-09-10T12:24:45.122465+00:00,nominal_first,-4.8300000205636024,3.430000014603138,-2.7300000116229057
10.769859245,842358328739264727,842358330066187804,4,24,46255703000000,2026-09-10T12:24:45.122465+00:00,nominal_first,-5.040000021457672,2.7300000116229057,-3.080000013113022
10.789090014,842358328758495496,842358330066187804,4,25,46255703000000,2026-09-10T12:24:45.122465+00:00,nominal_first,-4.900000020861626,2.1000000089406967,-3.3600000143051147
10.808320784,842358328777726266,842358330066187804,4,26,46255703000000,2026-09-10T12:24:45.122465+00:00,nominal_first,-4.970000021159649,1.9600000083446503,-3.2900000140070915
10.827551553,842358328796957035,842358330066187804,4,27,46255703000000,2026-09-10T12:24:45.122465+00:00,nominal_first,-5.180000022053719,1.540000006556511,-3.3600000143051147
10.846782322,842358328816187804,842358330066187804,4,28,46255703000000,2026-09-10T12:24:45.122465+00:00,nominal_first,-5.320000022649765,0.9100000038743019,-3.5700000151991844
10.866013091,842358328835418573,842358330066187804,4,29,46255703000000,2026-09-10T12:24:45.122465+00:00,nominal_first,-4.970000021159649,1.0500000044703484,-3.780000016093254
10.88524386,842358328854649342,842358330066187804,4,30,46255703000000,2026-09-10T12:24:45.122465+00:00,nominal_first,-4.760000020265579,1.6800000071525574,-3.9200000166893005
10.90447463,842358328873880112,842358330066187804,4,31,46255703000000,2026-09-10T12:24:45.122465+00:00,nominal_first,-5.040000021457672,2.240000009536743,-3.8500000163912773
10.923705399,842358328893110881,842358330066187804,4,32,46255703000000,2026-09-10T12:24:45.122465+00:00,nominal_first,-5.320000022649765,1.890000008046627,-3.8500000163912773
10.942936168,842358328912341650,842358330066187804,4,33,46255703000000,2026-09-10T12:24:45.122465+00:00,nominal_first,-5.250000022351742,1.1900000050663948,-3.9200000166893005
10.962166937,842358328931572419,842358330066187804,4,34,46255703000000,2026-09-10T12:24:45.122465+00:00,nominal_first,-5.040000021457672,1.1200000047683716,-3.9200000166893005
10.981397707,842358328950803189,842358330066187804,4,35,46255703000000,2026-09-10T12:24:45.122465+00:00,nominal_first,-5.180000022053719,1.6100000068545341,-3.780000016093254
11.000628476,842358328970033958,842358330066187804,4,36,46255703000000,2026-09-10T12:24:45.122465+00:00,nominal_first,-5.390000022947788,1.7500000074505806,-3.8500000163912773
11.019859245,842358328989264727,842358330066187804,4,37,46255703000000,2026-09-10T12:24:45.122465+00:00,nominal_first,-5.530000023543835,1.8200000077486038,-4.060000017285347
11.039090014,842358329008495496,842358330066187804,4,38,46255703000000,2026-09-10T12:24:45.122465+00:00,nominal_first,-5.320000022649765,1.9600000083446503,-4.13000001758337
11.058320784,842358329027726266,842358330066187804,4,39,46255703000000,2026-09-10T12:24:45.122465+00:00,nominal_first,-5.390000022947788,2.17000000923872,-4.060000017285347
11.077551553,842358329046957035,842358330066187804,4,40,46255703000000,2026-09-10T12:24:45.122465+00:00,nominal_first,-5.600000023841858,2.17000000923872,-3.9200000166893005
11.096782322,842358329066187804,842358330066187804,4,41,46255703000000,2026-09-10T12:24:45.122465+00:00,nominal_first,-5.740000024437904,1.6800000071525574,-3.8500000163912773
11.116013091,842358329085418573,842358330066187804,4,42,46255703000000,2026-09-10T12:24:45.122465+00:00,nominal_first,-5.320000022649765,1.3300000056624413,-3.9900000169873238
11.13524386,842358329104649342,842358330066187804,4,43,46255703000000,2026-09-10T12:24:45.122465+00:00,nominal_first,-5.250000022351742,1.7500000074505806,-4.060000017285347
11.15447463,842358329123880112,842358330066187804,4,44,46255703000000,2026-09-10T12:24:45.122465+00:00,nominal_first,-5.320000022649765,2.3100000098347664,-4.200000017881393
11.173705399,842358329143110881,842358330066187804,4,45,46255703000000,2026-09-10T12:24:45.122465+00:00,nominal_first,-5.390000022947788,2.17000000923872,-4.200000017881393
11.192936168,842358329162341650,842358330066187804,4,46,46255703000000,2026-09-10T12:24:45.122465+00:00,nominal_first,-5.390000022947788,2.1000000089406967,-4.270000018179417
11.212166937,842358329181572419,842358330066187804,4,47,46255703000000,2026-09-10T12:24:45.122465+00:00,nominal_first,-5.250000022351742,2.17000000923872,-4.410000018775463
11.231397707,842358329200803189,842358330066187804,4,48,46255703000000,2026-09-10T12:24:45.122465+00:00,nominal_first,-5.390000022947788,2.3800000101327896,-4.34000001847744
11.250628476,842358329220033958,842358330066187804,4,49,46255703000000,2026-09-10T12:24:45.122465+00:00,nominal_first,-5.880000025033951,2.7300000116229057,-4.200000017881393
11.269859245,842358329239264727,842358330066187804,4,50,46255703000000,2026-09-10T12:24:45.122465+00:00,nominal_first,-6.7200000286102295,3.430000014603138,-4.270000018179417
11.289090014,842358329258495496,842358330066187804,4,51,46255703000000,2026-09-10T12:24:45.122465+00:00,nominal_first,-7.280000030994415,4.13000001758337,-4.690000019967556
11.308320784,842358329277726266,842358330066187804,4,52,46255703000000,2026-09-10T12:24:45.122465+00:00,nominal_first,-7.630000032484531,3.5700000151991844,-4.8300000205636024
11.327551553,842358329296957035,842358330066187804,4,53,46255703000000,2026-09-10T12:24:45.122465+00:00,nominal_first,-7.910000033676624,2.3800000101327896,-4.690000019967556
11.346782322,842358329316187804,842358330066187804,4,54,46255703000000,2026-09-10T12:24:45.122465+00:00,nominal_first,-7.9800000339746475,2.1000000089406967,-4.690000019967556
11.366013091,842358329335418573,842358330066187804,4,55,46255703000000,2026-09-10T12:24:45.122465+00:00,nominal_first,-7.770000033080578,2.7300000116229057,-4.8300000205636024
11.38524386,842358329354649342,842358330066187804,4,56,46255703000000,2026-09-10T12:24:45.122465+00:00,nominal_first,-7.420000031590462,2.800000011920929,-5.040000021457672
11.40447463,842358329373880112,842358330066187804,4,57,46255703000000,2026-09-10T12:24:45.122465+00:00,nominal_first,-7.140000030398369,2.3100000098347664,-5.320000022649765
11.423705399,842358329393110881,842358330066187804,4,58,46255703000000,2026-09-10T12:24:45.122465+00:00,nominal_first,-7.070000030100346,1.890000008046627,-5.740000024437904
11.442936168,842358329412341650,842358330066187804,4,59,46255703000000,2026-09-10T12:24:45.122465+00:00,nominal_first,-7.3500000312924385,1.8200000077486038,-6.160000026226044
11.462166937,842358329431572419,842358330066187804,4,60,46255703000000,2026-09-10T12:24:45.122465+00:00,nominal_first,-7.490000031888485,1.0500000044703484,-6.51000002771616
11.481397707,842358329450803189,842358330066187804,4,61,46255703000000,2026-09-10T12:24:45.122465+00:00,nominal_first,-7.420000031590462,0.14000000059604645,-6.650000028312206
11.500628476,842358329470033958,842358330066187804,4,62,46255703000000,2026-09-10T12:24:45.122465+00:00,nominal_first,-7.210000030696392,-0.5600000023841858,-6.30000002682209
11.519859245,842358329489264727,842358330066187804,4,63,46255703000000,2026-09-10T12:24:45.122465+00:00,nominal_first,-7.3500000312924385,-0.2800000011920929,-5.880000025033951
11.539090014,842358329508495496,842358330066187804,4,64,46255703000000,2026-09-10T12:24:45.122465+00:00,nominal_first,-7.3500000312924385,0.630000002682209,-5.810000024735928
11.558320784,842358329527726266,842358330066187804,4,65,46255703000000,2026-09-10T12:24:45.122465+00:00,nominal_first,-7.000000029802322,1.260000005364418,-5.880000025033951
11.577551553,842358329546957035,842358330066187804,4,66,46255703000000,2026-09-10T12:24:45.122465+00:00,nominal_first,-6.7200000286102295,1.4000000059604645,-6.020000025629997
11.596782322,842358329566187804,842358330066187804,4,67,46255703000000,2026-09-10T12:24:45.122465+00:00,nominal_first,-6.370000027120113,1.890000008046627,-5.740000024437904
11.616013091,842358329585418573,842358330066187804,4,68,46255703000000,2026-09-10T12:24:45.122465+00:00,nominal_first,-6.30000002682209,2.3800000101327896,-5.4600000232458115
11.63524386,842358329604649342,842358330066187804,4,69,46255703000000,2026-09-10T12:24:45.122465+00:00,nominal_first,-6.30000002682209,2.5900000110268593,-5.250000022351742
11.65447463,842358329623880112,842358330066187804,4,70,46255703000000,2026-09-10T12:24:45.122465+00:00,nominal_first,-6.440000027418137,2.5900000110268593,-4.970000021159649
11.673705399,842358329643110881,842358330066187804,4,71,46255703000000,2026-09-10T12:24:45.122465+00:00,nominal_first,-6.230000026524067,2.870000012218952,-4.970000021159649
11.692936168,842358329662341650,842358330066187804,4,72,46255703000000,2026-09-10T12:24:45.122465+00:00,nominal_first,-6.440000027418137,3.430000014603138,-4.900000020861626
11.712166937,842358329681572419,842358330066187804,4,73,46255703000000,2026-09-10T12:24:45.122465+00:00,nominal_first,-6.51000002771616,3.6400000154972076,-4.620000019669533
11.731397707,842358329700803189,842358330066187804,4,74,46255703000000,2026-09-10T12:24:45.122465+00:00,nominal_first,-6.7200000286102295,3.430000014603138,-4.480000019073486
11.750628476,842358329720033958,842358330066187804,4,75,46255703000000,2026-09-10T12:24:45.122465+00:00,nominal_first,-6.51000002771616,3.080000013113022,-4.34000001847744
11.769859245,842358329739264727,842358330066187804,4,76,46255703000000,2026-09-10T12:24:45.122465+00:00,nominal_first,-6.230000026524067,3.9900000169873238,-4.270000018179417
11.789090014,842358329758495496,842358330066187804,4,77,46255703000000,2026-09-10T12:24:45.122465+00:00,nominal_first,-6.7200000286102295,5.250000022351742,-4.270000018179417
11.808320784,842358329777726266,842358330066187804,4,78,46255703000000,2026-09-10T12:24:45.122465+00:00,nominal_first,-7.210000030696392,4.760000020265579,-4.5500000193715096
11.827551553,842358329796957035,842358330066187804,4,79,46255703000000,2026-09-10T12:24:45.122465+00:00,nominal_first,-7.140000030398369,3.3600000143051147,-5.250000022351742
11.846782322,842358329816187804,842358330066187804,4,80,46255703000000,2026-09-10T12:24:45.122465+00:00,nominal_first,-6.790000028908253,2.5900000110268593,-5.670000024139881
11.866013091,842358329835418573,842358330066187804,4,81,46255703000000,2026-09-10T12:24:45.122465+00:00,nominal_first,-7.280000030994415,2.7300000116229057,-5.530000023543835
11.88524386,842358329854649342,842358330066187804,4,82,46255703000000,2026-09-10T12:24:45.122465+00:00,nominal_first,-7.280000030994415,2.9400000125169754,-5.670000024139881
11.90447463,842358329873880112,842358330066187804,4,83,46255703000000,2026-09-10T12:24:45.122465+00:00,nominal_first,-7.070000030100346,3.080000013113022,-5.740000024437904
11.923705399,842358329893110881,842358330066187804,4,84,46255703000000,2026-09-10T12:24:45.122465+00:00,nominal_first,-6.930000029504299,2.520000010728836,-5.670000024139881
11.942936168,842358329912341650,842358330066187804,4,85,46255703000000,2026-09-10T12:24:45.122465+00:00,nominal_first,-6.7200000286102295,1.9600000083446503,-5.600000023841858
11.962166937,842358329931572419,842358330066187804,4,86,46255703000000,2026-09-10T12:24:45.122465+00:00,nominal_first,-6.230000026524067,1.3300000056624413,-5.810000024735928
11.981397707,842358329950803189,842358330066187804,4,87,46255703000000,2026-09-10T12:24:45.122465+00:00,nominal_first,-5.810000024735928,1.1200000047683716,-5.950000025331974
12.000628476,842358329970033958,842358330066187804,4,88,46255703000000,2026-09-10T12:24:45.122465+00:00,nominal_first,-5.530000023543835,1.1200000047683716,-6.020000025629997
12.019859245,842358329989264727,842358330066187804,4,89,46255703000000,2026-09-10T12:24:45.122465+00:00,nominal_first,-5.180000022053719,1.4000000059604645,-5.740000024437904
12.039090014,842358330008495496,842358330066187804,4,90,46255703000000,2026-09-10T12:24:45.122465+00:00,nominal_first,-4.8300000205636024,1.6800000071525574,-5.530000023543835
12.058320784,842358330027726266,842358330066187804,4,91,46255703000000,2026-09-10T12:24:45.122465+00:00,nominal_first,-4.480000019073486,1.6800000071525574,-5.390000022947788
12.077551553,842358330046957035,842358330066187804,4,92,46255703000000,2026-09-10T12:24:45.122465+00:00,nominal_first,-4.200000017881393,1.6100000068545341,-5.180000022053719
12.096782322,842358330066187804,842358330066187804,4,93,46255703000000,2026-09-10T12:24:45.122465+00:00,nominal_first,-3.5700000151991844,1.1900000050663948,-4.970000021159649
12.115671438,842358330085076920,842358331841764718,8,0,46257625000000,2026-09-10T12:24:47.042586+00:00,interpolated,-2.9400000125169754,1.0500000044703484,-4.5500000193715096
12.134560554,842358330103966036,842358331841764718,8,1,46257625000000,2026-09-10T12:24:47.042586+00:00,interpolated,-2.7300000116229057,1.260000005364418,-4.270000018179417
12.15344967,842358330122855152,842358331841764718,8,2,46257625000000,2026-09-10T12:24:47.042586+00:00,interpolated,-2.7300000116229057,1.8200000077486038,-4.060000017285347
12.172338786,842358330141744268,842358331841764718,8,3,46257625000000,2026-09-10T12:24:47.042586+00:00,interpolated,-2.5900000110268593,2.17000000923872,-3.9200000166893005
12.191227903,842358330160633385,842358331841764718,8,4,46257625000000,2026-09-10T12:24:47.042586+00:00,interpolated,-2.3800000101327896,1.4700000062584877,-3.5700000151991844
12.210117019,842358330179522501,842358331841764718,8,5,46257625000000,2026-09-10T12:24:47.042586+00:00,interpolated,-2.0300000086426735,0.42000000178813934,-3.2200000137090683
12.229006135,842358330198411617,842358331841764718,8,6,46257625000000,2026-09-10T12:24:47.042586+00:00,interpolated,-1.890000008046627,0.21000000089406967,-2.6600000113248825
12.247895251,842358330217300733,842358331841764718,8,7,46257625000000,2026-09-10T12:24:47.042586+00:00,interpolated,-1.9600000083446503,0.8400000035762787,-2.1000000089406967
12.266784367,842358330236189849,842358331841764718,8,8,46257625000000,2026-09-10T12:24:47.042586+00:00,interpolated,-1.7500000074505806,1.1200000047683716,-1.7500000074505806
12.285673483,842358330255078965,842358331841764718,8,9,46257625000000,2026-09-10T12:24:47.042586+00:00,interpolated,-1.7500000074505806,0.630000002682209,-1.260000005364418
12.304562599,842358330273968081,842358331841764718,8,10,46257625000000,2026-09-10T12:24:47.042586+00:00,interpolated,-1.540000006556511,0.14000000059604645,-0.7700000032782555
12.323451715,842358330292857197,842358331841764718,8,11,46257625000000,2026-09-10T12:24:47.042586+00:00,interpolated,-1.4700000062584877,-0.3500000014901161,-0.49000000208616257
12.342340831,842358330311746313,842358331841764718,8,12,46257625000000,2026-09-10T12:24:47.042586+00:00,interpolated,-1.260000005364418,-0.5600000023841858,-0.2800000011920929
12.361229947,842358330330635429,842358331841764718,8,13,46257625000000,2026-09-10T12:24:47.042586+00:00,interpolated,-0.9800000041723251,-0.8400000035762787,-0.21000000089406967
12.380119064,842358330349524546,842358331841764718,8,14,46257625000000,2026-09-10T12:24:47.042586+00:00,interpolated,-0.42000000178813934,-1.1200000047683716,0.0
12.39900818,842358330368413662,842358331841764718,8,15,46257625000000,2026-09-10T12:24:47.042586+00:00,interpolated,-0.3500000014901161,-1.1200000047683716,0.3500000014901161
12.417897296,842358330387302778,842358331841764718,8,16,46257625000000,2026-09-10T12:24:47.042586+00:00,interpolated,-0.42000000178813934,-1.4000000059604645,0.7700000032782555
12.436786412,842358330406191894,842358331841764718,8,17,46257625000000,2026-09-10T12:24:47.042586+00:00,interpolated,0.14000000059604645,-1.3300000056624413,1.1200000047683716
12.455675528,842358330425081010,842358331841764718,8,18,46257625000000,2026-09-10T12:24:47.042586+00:00,interpolated,0.5600000023841858,-1.1200000047683716,1.6800000071525574
12.474564644,842358330443970126,842358331841764718,8,19,46257625000000,2026-09-10T12:24:47.042586+00:00,interpolated,0.9800000041723251,-0.8400000035762787,2.450000010430813
12.49345376,842358330462859242,842358331841764718,8,20,46257625000000,2026-09-10T12:24:47.042586+00:00,interpolated,1.4700000062584877,-0.07000000029802322,3.150000013411045
12.512342876,842358330481748358,842358331841764718,8,21,46257625000000,2026-09-10T12:24:47.042586+00:00,interpolated,2.1000000089406967,1.1200000047683716,3.6400000154972076
12.531231992,842358330500637474,842358331841764718,8,22,46257625000000,2026-09-10T12:24:47.042586+00:00,interpolated,2.520000010728836,1.890000008046627,3.9200000166893005
12.550121109,842358330519526591,842358331841764718,8,23,46257625000000,2026-09-10T12:24:47.042586+00:00,interpolated,2.7300000116229057,1.890000008046627,4.270000018179417
12.569010225,842358330538415707,842358331841764718,8,24,46257625000000,2026-09-10T12:24:47.042586+00:00,interpolated,3.080000013113022,1.260000005364418,4.270000018179417
12.587899341,842358330557304823,842358331841764718,8,25,46257625000000,2026-09-10T12:24:47.042586+00:00,interpolated,3.710000015795231,-0.07000000029802322,4.200000017881393
12.606788457,842358330576193939,842358331841764718,8,26,46257625000000,2026-09-10T12:24:47.042586+00:00,interpolated,4.480000019073486,-0.42000000178813934,4.200000017881393
12.625677573,842358330595083055,842358331841764718,8,27,46257625000000,2026-09-10T12:24:47.042586+00:00,interpolated,4.620000019669533,0.42000000178813934,4.13000001758337
12.644566689,842358330613972171,842358331841764718,8,28,46257625000000,2026-09-10T12:24:47.042586+00:00,interpolated,4.34000001847744,1.4000000059604645,4.270000018179417
12.663455805,842358330632861287,842358331841764718,8,29,46257625000000,2026-09-10T12:24:47.042586+00:00,interpolated,3.780000016093254,1.540000006556511,4.060000017285347
12.682344921,842358330651750403,842358331841764718,8,30,46257625000000,2026-09-10T12:24:47.042586+00:00,interpolated,3.6400000154972076,-0.07000000029802322,3.8500000163912773
12.701234037,842358330670639519,842358331841764718,8,31,46257625000000,2026-09-10T12:24:47.042586+00:00,interpolated,3.9200000166893005,-1.4700000062584877,3.780000016093254
12.720123154,842358330689528636,842358331841764718,8,32,46257625000000,2026-09-10T12:24:47.042586+00:00,interpolated,4.270000018179417,-1.3300000056624413,3.710000015795231
12.73901227,842358330708417752,842358331841764718,8,33,46257625000000,2026-09-10T12:24:47.042586+00:00,interpolated,3.9200000166893005,-0.49000000208616257,3.9900000169873238
12.757901386,842358330727306868,842358331841764718,8,34,46257625000000,2026-09-10T12:24:47.042586+00:00,interpolated,3.0100000128149986,0.3500000014901161,4.410000018775463
12.776790502,842358330746195984,842358331841764718,8,35,46257625000000,2026-09-10T12:24:47.042586+00:00,interpolated,2.5900000110268593,-0.14000000059604645,4.690000019967556
12.795679618,842358330765085100,842358331841764718,8,36,46257625000000,2026-09-10T12:24:47.042586+00:00,interpolated,2.520000010728836,-0.42000000178813934,4.900000020861626
12.814568734,842358330783974216,842358331841764718,8,37,46257625000000,2026-09-10T12:24:47.042586+00:00,interpolated,2.6600000113248825,0.42000000178813934,4.970000021159649
12.83345785,842358330802863332,842358331841764718,8,38,46257625000000,2026-09-10T12:24:47.042586+00:00,interpolated,2.3800000101327896,1.3300000056624413,5.320000022649765
12.852346966,842358330821752448,842358331841764718,8,39,46257625000000,2026-09-10T12:24:47.042586+00:00,interpolated,1.9600000083446503,1.3300000056624413,5.670000024139881
12.871236082,842358330840641564,842358331841764718,8,40,46257625000000,2026-09-10T12:24:47.042586+00:00,interpolated,1.8200000077486038,1.3300000056624413,5.740000024437904
12.890125198,842358330859530680,842358331841764718,8,41,46257625000000,2026-09-10T12:24:47.042586+00:00,interpolated,1.8200000077486038,1.540000006556511,5.390000022947788
12.909014315,842358330878419797,842358331841764718,8,42,46257625000000,2026-09-10T12:24:47.042586+00:00,interpolated,1.7500000074505806,2.450000010430813,5.180000022053719
12.927903431,842358330897308913,842358331841764718,8,43,46257625000000,2026-09-10T12:24:47.042586+00:00,interpolated,1.4700000062584877,3.150000013411045,5.250000022351742
12.946792547,842358330916198029,842358331841764718,8,44,46257625000000,2026-09-10T12:24:47.042586+00:00,interpolated,0.9100000038743019,3.430000014603138,5.250000022351742
12.965681663,842358330935087145,842358331841764718,8,45,46257625000000,2026-09-10T12:24:47.042586+00:00,interpolated,0.7700000032782555,3.2200000137090683,4.970000021159649
12.984570779,842358330953976261,842358331841764718,8,46,46257625000000,2026-09-10T12:24:47.042586+00:00,interpolated,0.8400000035762787,2.870000012218952,4.8300000205636024
13.003459895,842358330972865377,842358331841764718,8,47,46257625000000,2026-09-10T12:24:47.042586+00:00,interpolated,0.7000000029802322,2.450000010430813,4.620000019669533
13.022349011,842358330991754493,842358331841764718,8,48,46257625000000,2026-09-10T12:24:47.042586+00:00,interpolated,0.5600000023841858,1.7500000074505806,4.200000017881393
13.041238127,842358331010643609,842358331841764718,8,49,46257625000000,2026-09-10T12:24:47.042586+00:00,interpolated,0.42000000178813934,1.260000005364418,3.710000015795231
13.060127243,842358331029532725,842358331841764718,8,50,46257625000000,2026-09-10T12:24:47.042586+00:00,interpolated,0.2800000011920929,1.1200000047683716,3.3600000143051147
13.07901636,842358331048421842,842358331841764718,8,51,46257625000000,2026-09-10T12:24:47.042586+00:00,interpolated,0.14000000059604645,1.4000000059604645,3.0100000128149986
13.097905476,842358331067310958,842358331841764718,8,52,46257625000000,2026-09-10T12:24:47.042586+00:00,interpolated,-0.21000000089406967,1.3300000056624413,2.800000011920929
13.116794592,842358331086200074,842358331841764718,8,53,46257625000000,2026-09-10T12:24:47.042586+00:00,interpolated,-0.42000000178813934,1.0500000044703484,2.450000010430813
13.135683708,842358331105089190,842358331841764718,8,54,46257625000000,2026-09-10T12:24:47.042586+00:00,interpolated,-0.8400000035762787,0.630000002682209,1.7500000074505806
13.154572824,842358331123978306,842358331841764718,8,55,46257625000000,2026-09-10T12:24:47.042586+00:00,interpolated,-1.3300000056624413,-0.21000000089406967,0.7000000029802322
13.17346194,842358331142867422,842358331841764718,8,56,46257625000000,2026-09-10T12:24:47.042586+00:00,interpolated,-1.7500000074505806,-1.8200000077486038,-0.21000000089406967
13.192351056,842358331161756538,842358331841764718,8,57,46257625000000,2026-09-10T12:24:47.042586+00:00,interpolated,-1.7500000074505806,-3.0100000128149986,-0.7000000029802322
13.211240172,842358331180645654,842358331841764718,8,58,46257625000000,2026-09-10T12:24:47.042586+00:00,interpolated,-2.0300000086426735,-2.9400000125169754,-0.9100000038743019
13.230129288,842358331199534770,842358331841764718,8,59,46257625000000,2026-09-10T12:24:47.042586+00:00,interpolated,-2.1000000089406967,-2.520000010728836,-1.4000000059604645
13.249018404,842358331218423886,842358331841764718,8,60,46257625000000,2026-09-10T12:24:47.042586+00:00,interpolated,-1.7500000074505806,-2.450000010430813,-1.6800000071525574
13.267907521,842358331237313003,842358331841764718,8,61,46257625000000,2026-09-10T12:24:47.042586+00:00,interpolated,-1.0500000044703484,-1.6100000068545341,-1.7500000074505806
13.286796637,842358331256202119,842358331841764718,8,62,46257625000000,2026-09-10T12:24:47.042586+00:00,interpolated,-0.9800000041723251,-0.49000000208616257,-1.4700000062584877
13.305685753,842358331275091235,842358331841764718,8,63,46257625000000,2026-09-10T12:24:47.042586+00:00,interpolated,-1.260000005364418,-0.14000000059604645,-1.6100000068545341
13.324574869,842358331293980351,842358331841764718,8,64,46257625000000,2026-09-10T12:24:47.042586+00:00,interpolated,-1.4000000059604645,-0.14000000059604645,-1.8200000077486038
13.343463985,842358331312869467,842358331841764718,8,65,46257625000000,2026-09-10T12:24:47.042586+00:00,interpolated,-1.8200000077486038,-0.49000000208616257,-2.0300000086426735
13.362353101,842358331331758583,842358331841764718,8,66,46257625000000,2026-09-10T12:24:47.042586+00:00,interpolated,-1.9600000083446503,-0.42000000178813934,-2.1000000089406967
13.381242217,842358331350647699,842358331841764718,8,67,46257625000000,2026-09-10T12:24:47.042586+00:00,interpolated,-1.8200000077486038,0.07000000029802322,-2.3100000098347664
13.400131333,842358331369536815,842358331841764718,8,68,46257625000000,2026-09-10T12:24:47.042586+00:00,interpolated,-1.890000008046627,-0.49000000208616257,-2.5900000110268593
13.419020449,842358331388425931,842358331841764718,8,69,46257625000000,2026-09-10T12:24:47.042586+00:00,interpolated,-2.1000000089406967,-1.890000008046627,-2.6600000113248825
13.437909566,842358331407315048,842358331841764718,8,70,46257625000000,2026-09-10T12:24:47.042586+00:00,interpolated,-2.1000000089406967,-1.8200000077486038,-2.520000010728836
13.456798682,842358331426204164,842358331841764718,8,71,46257625000000,2026-09-10T12:24:47.042586+00:00,interpolated,-2.1000000089406967,-0.3500000014901161,-2.3800000101327896
13.475687798,842358331445093280,842358331841764718,8,72,46257625000000,2026-09-10T12:24:47.042586+00:00,interpolated,-2.3800000101327896,1.260000005364418,-2.3100000098347664
13.494576914,842358331463982396,842358331841764718,8,73,46257625000000,2026-09-10T12:24:47.042586+00:00,interpolated,-2.450000010430813,1.4000000059604645,-2.520000010728836
13.51346603,842358331482871512,842358331841764718,8,74,46257625000000,2026-09-10T12:24:47.042586+00:00,interpolated,-2.450000010430813,0.9100000038743019,-2.6600000113248825
13.532355146,842358331501760628,842358331841764718,8,75,46257625000000,2026-09-10T12:24:47.042586+00:00,interpolated,-2.3100000098347664,0.07000000029802322,-2.5900000110268593
13.551244262,842358331520649744,842358331841764718,8,76,46257625000000,2026-09-10T12:24:47.042586+00:00,interpolated,-2.520000010728836,-0.3500000014901161,-2.5900000110268593
13.570133378,842358331539538860,842358331841764718,8,77,46257625000000,2026-09-10T12:24:47.042586+00:00,interpolated,-2.3800000101327896,-0.07000000029802322,-2.7300000116229057
13.589022494,842358331558427976,842358331841764718,8,78,46257625000000,2026-09-10T12:24:47.042586+00:00,interpolated,-2.240000009536743,0.49000000208616257,-2.450000010430813
13.607911611,842358331577317093,842358331841764718,8,79,46257625000000,2026-09-10T12:24:47.042586+00:00,interpolated,-2.3100000098347664,1.3300000056624413,-2.17000000923872
13.626800727,842358331596206209,842358331841764718,8,80,46257625000000,2026-09-10T12:24:47.042586+00:00,interpolated,-2.450000010430813,2.0300000086426735,-1.9600000083446503
13.645689843,842358331615095325,842358331841764718,8,81,46257625000000,2026-09-10T12:24:47.042586+00:00,interpolated,-2.5900000110268593,2.1000000089406967,-1.890000008046627
13.664578959,842358331633984441,842358331841764718,8,82,46257625000000,2026-09-10T12:24:47.042586+00:00,interpolated,-2.7300000116229057,1.6800000071525574,-1.7500000074505806
13.683468075,842358331652873557,842358331841764718,8,83,46257625000000,2026-09-10T12:24:47.042586+00:00,interpolated,-3.0100000128149986,1.4000000059604645,-1.6800000071525574
13.702357191,842358331671762673,842358331841764718,8,84,46257625000000,2026-09-10T12:24:47.042586+00:00,interpolated,-3.080000013113022,1.4000000059604645,-1.7500000074505806
13.721246307,842358331690651789,842358331841764718,8,85,46257625000000,2026-09-10T12:24:47.042586+00:00,interpolated,-3.080000013113022,1.3300000056624413,-1.890000008046627
13.740135423,842358331709540905,842358331841764718,8,86,46257625000000,2026-09-10T12:24:47.042586+00:00,interpolated,-3.080000013113022,1.6800000071525574,-1.7500000074505806
13.759024539,842358331728430021,842358331841764718,8,87,46257625000000,2026-09-10T12:24:47.042586+00:00,interpolated,-3.080000013113022,2.520000010728836,-1.6100000068545341
13.777913655,842358331747319137,842358331841764718,8,88,46257625000000,2026-09-10T12:24:47.042586+00:00,interpolated,-3.080000013113022,3.080000013113022,-1.6100000068545341
13.796802772,842358331766208254,842358331841764718,8,89,46257625000000,2026-09-10T12:24:47.042586+00:00,interpolated,-3.0100000128149986,2.800000011920929,-1.6800000071525574
13.815691888,842358331785097370,842358331841764718,8,90,46257625000000,2026-09-10T12:24:47.042586+00:00,interpolated,-2.9400000125169754,2.17000000923872,-1.8200000077486038
13.834581004,842358331803986486,842358331841764718,8,91,46257625000000,2026-09-10T12:24:47.042586+00:00,interpolated,-3.0100000128149986,1.540000006556511,-1.7500000074505806
13.85347012,842358331822875602,842358331841764718,8,92,46257625000000,2026-09-10T12:24:47.042586+00:00,interpolated,-3.2900000140070915,1.6100000068545341,-1.7500000074505806
13.872359236,842358331841764718,842358331841764718,8,93,46257625000000,2026-09-10T12:24:47.042586+00:00,interpolated,-3.2200000137090683,1.8200000077486038,-1.890000008046627
13.891248034,842358331860653516,842358333655089346,12,0,46259515000000,2026-09-10T12:24:48.932514+00:00,interpolated,-2.870000012218952,1.890000008046627,-1.9600000083446503
13.910136832,842358331879542314,842358333655089346,12,1,46259515000000,2026-09-10T12:24:48.932514+00:00,interpolated,-2.5900000110268593,2.0300000086426735,-1.9600000083446503
13.929025631,842358331898431113,842358333655089346,12,2,46259515000000,2026-09-10T12:24:48.932514+00:00,interpolated,-3.0100000128149986,2.3800000101327896,-2.0300000086426735
13.947914429,842358331917319911,842358333655089346,12,3,46259515000000,2026-09-10T12:24:48.932514+00:00,interpolated,-3.080000013113022,2.3100000098347664,-2.3100000098347664
13.966803227,842358331936208709,842358333655089346,12,4,46259515000000,2026-09-10T12:24:48.932514+00:00,interpolated,-2.9400000125169754,1.6800000071525574,-2.3800000101327896
13.985692025,842358331955097507,842358333655089346,12,5,46259515000000,2026-09-10T12:24:48.932514+00:00,interpolated,-3.080000013113022,1.4700000062584877,-2.3100000098347664
14.004580823,842358331973986305,842358333655089346,12,6,46259515000000,2026-09-10T12:24:48.932514+00:00,interpolated,-3.2900000140070915,2.17000000923872,-2.240000009536743
14.023469622,842358331992875104,842358333655089346,12,7,46259515000000,2026-09-10T12:24:48.932514+00:00,interpolated,-3.500000014901161,2.870000012218952,-2.5900000110268593
14.04235842,842358332011763902,842358333655089346,12,8,46259515000000,2026-09-10T12:24:48.932514+00:00,interpolated,-3.5700000151991844,2.240000009536743,-2.800000011920929
14.061247218,842358332030652700,842358333655089346,12,9,46259515000000,2026-09-10T12:24:48.932514+00:00,interpolated,-3.6400000154972076,1.260000005364418,-2.9400000125169754
14.080136016,842358332049541498,842358333655089346,12,10,46259515000000,2026-09-10T12:24:48.932514+00:00,interpolated,-3.780000016093254,1.1900000050663948,-3.150000013411045
14.099024815,842358332068430297,842358333655089346,12,11,46259515000000,2026-09-10T12:24:48.932514+00:00,interpolated,-3.9200000166893005,1.4700000062584877,-3.2900000140070915
14.117913613,842358332087319095,842358333655089346,12,12,46259515000000,2026-09-10T12:24:48.932514+00:00,interpolated,-3.8500000163912773,1.8200000077486038,-3.2900000140070915
14.136802411,842358332106207893,842358333655089346,12,13,46259515000000,2026-09-10T12:24:48.932514+00:00,interpolated,-4.13000001758337,2.0300000086426735,-3.2900000140070915
14.155691209,842358332125096691,842358333655089346,12,14,46259515000000,2026-09-10T12:24:48.932514+00:00,interpolated,-4.480000019073486,2.450000010430813,-3.2900000140070915
14.174580007,842358332143985489,842358333655089346,12,15,46259515000000,2026-09-10T12:24:48.932514+00:00,interpolated,-4.620000019669533,2.520000010728836,-3.6400000154972076
14.193468806,842358332162874288,842358333655089346,12,16,46259515000000,2026-09-10T12:24:48.932514+00:00,interpolated,-4.480000019073486,2.17000000923872,-4.060000017285347
14.212357604,842358332181763086,842358333655089346,12,17,46259515000000,2026-09-10T12:24:48.932514+00:00,interpolated,-4.270000018179417,2.0300000086426735,-4.270000018179417
14.231246402,842358332200651884,842358333655089346,12,18,46259515000000,2026-09-10T12:24:48.932514+00:00,interpolated,-4.410000018775463,2.0300000086426735,-4.270000018179417
14.2501352,842358332219540682,842358333655089346,12,19,46259515000000,2026-09-10T12:24:48.932514+00:00,interpolated,-4.480000019073486,2.1000000089406967,-4.410000018775463
14.269023998,842358332238429480,842358333655089346,12,20,46259515000000,2026-09-10T12:24:48.932514+00:00,interpolated,-4.620000019669533,2.240000009536743,-4.5500000193715096
14.287912797,842358332257318279,842358333655089346,12,21,46259515000000,2026-09-10T12:24:48.932514+00:00,interpolated,-4.690000019967556,2.17000000923872,-4.8300000205636024
14.306801595,842358332276207077,842358333655089346,12,22,46259515000000,2026-09-10T12:24:48.932514+00:00,interpolated,-4.760000020265579,1.8200000077486038,-5.180000022053719
14.325690393,842358332295095875,842358333655089346,12,23,46259515000000,2026-09-10T12:24:48.932514+00:00,interpolated,-5.040000021457672,1.9600000083446503,-5.320000022649765
14.344579191,842358332313984673,842358333655089346,12,24,46259515000000,2026-09-10T12:24:48.932514+00:00,interpolated,-5.250000022351742,2.520000010728836,-5.4600000232458115
14.363467989,842358332332873471,842358333655089346,12,25,46259515000000,2026-09-10T12:24:48.932514+00:00,interpolated,-5.040000021457672,2.6600000113248825,-5.670000024139881
14.382356788,842358332351762270,842358333655089346,12,26,46259515000000,2026-09-10T12:24:48.932514+00:00,interpolated,-4.620000019669533,2.800000011920929,-5.950000025331974
14.401245586,842358332370651068,842358333655089346,12,27,46259515000000,2026-09-10T12:24:48.932514+00:00,interpolated,-4.34000001847744,2.240000009536743,-6.160000026226044
14.420134384,842358332389539866,842358333655089346,12,28,46259515000000,2026-09-10T12:24:48.932514+00:00,interpolated,-3.9200000166893005,1.6100000068545341,-6.160000026226044
14.439023182,842358332408428664,842358333655089346,12,29,46259515000000,2026-09-10T12:24:48.932514+00:00,interpolated,-3.8500000163912773,1.7500000074505806,-5.950000025331974
14.45791198,842358332427317462,842358333655089346,12,30,46259515000000,2026-09-10T12:24:48.932514+00:00,interpolated,-4.060000017285347,1.540000006556511,-5.740000024437904
14.476800779,842358332446206261,842358333655089346,12,31,46259515000000,2026-09-10T12:24:48.932514+00:00,interpolated,-4.34000001847744,2.1000000089406967,-5.530000023543835
14.495689577,842358332465095059,842358333655089346,12,32,46259515000000,2026-09-10T12:24:48.932514+00:00,interpolated,-4.8300000205636024,3.2200000137090683,-5.390000022947788
14.514578375,842358332483983857,842358333655089346,12,33,46259515000000,2026-09-10T12:24:48.932514+00:00,interpolated,-5.250000022351742,4.060000017285347,-5.530000023543835
14.533467173,842358332502872655,842358333655089346,12,34,46259515000000,2026-09-10T12:24:48.932514+00:00,interpolated,-5.4600000232458115,3.430000014603138,-5.670000024139881
14.552355972,842358332521761454,842358333655089346,12,35,46259515000000,2026-09-10T12:24:48.932514+00:00,interpolated,-5.670000024139881,3.0100000128149986,-5.530000023543835
14.57124477,842358332540650252,842358333655089346,12,36,46259515000000,2026-09-10T12:24:48.932514+00:00,interpolated,-5.4600000232458115,2.7300000116229057,-5.4600000232458115
14.590133568,842358332559539050,842358333655089346,12,37,46259515000000,2026-09-10T12:24:48.932514+00:00,interpolated,-5.390000022947788,2.9400000125169754,-5.390000022947788
14.609022366,842358332578427848,842358333655089346,12,38,46259515000000,2026-09-10T12:24:48.932514+00:00,interpolated,-5.670000024139881,3.3600000143051147,-5.4600000232458115
14.627911164,842358332597316646,842358333655089346,12,39,46259515000000,2026-09-10T12:24:48.932514+00:00,interpolated,-6.160000026226044,3.2200000137090683,-5.4600000232458115
14.646799963,842358332616205445,842358333655089346,12,40,46259515000000,2026-09-10T12:24:48.932514+00:00,interpolated,-6.230000026524067,3.150000013411045,-5.530000023543835
14.665688761,842358332635094243,842358333655089346,12,41,46259515000000,2026-09-10T12:24:48.932514+00:00,interpolated,-6.230000026524067,3.2200000137090683,-5.600000023841858
14.684577559,842358332653983041,842358333655089346,12,42,46259515000000,2026-09-10T12:24:48.932514+00:00,interpolated,-6.440000027418137,3.780000016093254,-5.740000024437904
14.703466357,842358332672871839,842358333655089346,12,43,46259515000000,2026-09-10T12:24:48.932514+00:00,interpolated,-6.230000026524067,4.13000001758337,-5.950000025331974
14.722355155,842358332691760637,842358333655089346,12,44,46259515000000,2026-09-10T12:24:48.932514+00:00,interpolated,-6.30000002682209,3.3600000143051147,-6.0900000259280205
14.741243954,842358332710649436,842358333655089346,12,45,46259515000000,2026-09-10T12:24:48.932514+00:00,interpolated,-6.230000026524067,2.3800000101327896,-5.950000025331974
14.760132752,842358332729538234,842358333655089346,12,46,46259515000000,2026-09-10T12:24:48.932514+00:00,interpolated,-5.670000024139881,2.3100000098347664,-5.950000025331974
14.77902155,842358332748427032,842358333655089346,12,47,46259515000000,2026-09-10T12:24:48.932514+00:00,interpolated,-5.040000021457672,3.150000013411045,-5.810000024735928
14.797910348,842358332767315830,842358333655089346,12,48,46259515000000,2026-09-10T12:24:48.932514+00:00,interpolated,-4.8300000205636024,3.500000014901161,-5.390000022947788
14.816799146,842358332786204628,842358333655089346,12,49,46259515000000,2026-09-10T12:24:48.932514+00:00,interpolated,-4.410000018775463,3.3600000143051147,-5.250000022351742
14.835687945,842358332805093427,842358333655089346,12,50,46259515000000,2026-09-10T12:24:48.932514+00:00,interpolated,-4.13000001758337,3.2200000137090683,-5.320000022649765
14.854576743,842358332823982225,842358333655089346,12,51,46259515000000,2026-09-10T12:24:48.932514+00:00,interpolated,-4.060000017285347,2.9400000125169754,-5.320000022649765
14.873465541,842358332842871023,842358333655089346,12,52,46259515000000,2026-09-10T12:24:48.932514+00:00,interpolated,-4.060000017285347,2.1000000089406967,-5.250000022351742
14.892354339,842358332861759821,842358333655089346,12,53,46259515000000,2026-09-10T12:24:48.932514+00:00,interpolated,-3.8500000163912773,1.540000006556511,-5.040000021457672
14.911243137,842358332880648619,842358333655089346,12,54,46259515000000,2026-09-10T12:24:48.932514+00:00,interpolated,-3.500000014901161,1.6100000068545341,-5.040000021457672
14.930131936,842358332899537418,842358333655089346,12,55,46259515000000,2026-09-10T12:24:48.932514+00:00,interpolated,-3.2900000140070915,2.0300000086426735,-4.900000020861626
14.949020734,842358332918426216,842358333655089346,12,56,46259515000000,2026-09-10T12:24:48.932514+00:00,interpolated,-3.2200000137090683,1.6100000068545341,-4.760000020265579
14.967909532,842358332937315014,842358333655089346,12,57,46259515000000,2026-09-10T12:24:48.932514+00:00,interpolated,-2.800000011920929,0.3500000014901161,-4.760000020265579
14.98679833,842358332956203812,842358333655089346,12,58,46259515000000,2026-09-10T12:24:48.932514+00:00,interpolated,-2.450000010430813,-0.14000000059604645,-4.5500000193715096
15.005687129,842358332975092611,842358333655089346,12,59,46259515000000,2026-09-10T12:24:48.932514+00:00,interpolated,-2.17000000923872,0.0,-4.060000017285347
15.024575927,842358332993981409,842358333655089346,12,60,46259515000000,2026-09-10T12:24:48.932514+00:00,interpolated,-2.0300000086426735,0.14000000059604645,-3.430000014603138
15.043464725,842358333012870207,842358333655089346,12,61,46259515000000,2026-09-10T12:24:48.932514+00:00,interpolated,-1.8200000077486038,0.3500000014901161,-3.080000013113022
15.062353523,842358333031759005,842358333655089346,12,62,46259515000000,2026-09-10T12:24:48.932514+00:00,interpolated,-1.7500000074505806,0.14000000059604645,-2.7300000116229057
15.081242321,842358333050647803,842358333655089346,12,63,46259515000000,2026-09-10T12:24:48.932514+00:00,interpolated,-1.7500000074505806,-0.49000000208616257,-2.1000000089406967
15.10013112,842358333069536602,842358333655089346,12,64,46259515000000,2026-09-10T12:24:48.932514+00:00,interpolated,-1.6100000068545341,-0.9100000038743019,-1.540000006556511
15.119019918,842358333088425400,842358333655089346,12,65,46259515000000,2026-09-10T12:24:48.932514+00:00,interpolated,-1.260000005364418,-0.2800000011920929,-1.1900000050663948
15.137908716,842358333107314198,842358333655089346,12,66,46259515000000,2026-09-10T12:24:48.932514+00:00,interpolated,-0.9800000041723251,0.630000002682209,-0.9800000041723251
15.156797514,842358333126202996,842358333655089346,12,67,46259515000000,2026-09-10T12:24:48.932514+00:00,interpolated,-0.9100000038743019,0.8400000035762787,-0.630000002682209
15.175686312,842358333145091794,842358333655089346,12,68,46259515000000,2026-09-10T12:24:48.932514+00:00,interpolated,-0.9100000038743019,0.07000000029802322,0.0
15.194575111,842358333163980593,842358333655089346,12,69,46259515000000,2026-09-10T12:24:48.932514+00:00,interpolated,-0.8400000035762787,-0.42000000178813934,0.3500000014901161
15.213463909,842358333182869391,842358333655089346,12,70,46259515000000,2026-09-10T12:24:48.932514+00:00,interpolated,-0.630000002682209,-0.14000000059604645,0.5600000023841858
15.232352707,842358333201758189,842358333655089346,12,71,46259515000000,2026-09-10T12:24:48.932514+00:00,interpolated,-0.49000000208616257,0.5600000023841858,0.8400000035762787
15.251241505,842358333220646987,842358333655089346,12,72,46259515000000,2026-09-10T12:24:48.932514+00:00,interpolated,-0.3500000014901161,0.5600000023841858,1.1900000050663948
15.270130303,842358333239535785,842358333655089346,12,73,46259515000000,2026-09-10T12:24:48.932514+00:00,interpolated,-0.2800000011920929,0.2800000011920929,1.4700000062584877
15.289019102,842358333258424584,842358333655089346,12,74,46259515000000,2026-09-10T12:24:48.932514+00:00,interpolated,-0.2800000011920929,-0.07000000029802322,1.6100000068545341
15.3079079,842358333277313382,842358333655089346,12,75,46259515000000,2026-09-10T12:24:48.932514+00:00,interpolated,-0.07000000029802322,0.42000000178813934,1.6100000068545341
15.326796698,842358333296202180,842358333655089346,12,76,46259515000000,2026-09-10T12:24:48.932514+00:00,interpolated,0.49000000208616257,1.0500000044703484,1.6100000068545341
15.345685496,842358333315090978,842358333655089346,12,77,46259515000000,2026-09-10T12:24:48.932514+00:00,interpolated,0.7000000029802322,1.540000006556511,1.6800000071525574
15.364574294,842358333333979776,842358333655089346,12,78,46259515000000,2026-09-10T12:24:48.932514+00:00,interpolated,0.49000000208616257,1.4000000059604645,1.6800000071525574
15.383463093,842358333352868575,842358333655089346,12,79,46259515000000,2026-09-10T12:24:48.932514+00:00,interpolated,0.49000000208616257,0.9100000038743019,1.6800000071525574
15.402351891,842358333371757373,842358333655089346,12,80,46259515000000,2026-09-10T12:24:48.932514+00:00,interpolated,0.9100000038743019,0.49000000208616257,1.6800000071525574
15.421240689,842358333390646171,842358333655089346,12,81,46259515000000,2026-09-10T12:24:48.932514+00:00,interpolated,1.0500000044703484,0.3500000014901161,1.6800000071525574
15.440129487,842358333409534969,842358333655089346,12,82,46259515000000,2026-09-10T12:24:48.932514+00:00,interpolated,0.8400000035762787,0.14000000059604645,1.6100000068545341
15.459018286,842358333428423768,842358333655089346,12,83,46259515000000,2026-09-10T12:24:48.932514+00:00,interpolated,0.9800000041723251,0.0,1.540000006556511
15.477907084,842358333447312566,842358333655089346,12,84,46259515000000,2026-09-10T12:24:48.932514+00:00,interpolated,1.260000005364418,-0.07000000029802322,1.4700000062584877
15.496795882,842358333466201364,842358333655089346,12,85,46259515000000,2026-09-10T12:24:48.932514+00:00,interpolated,1.1900000050663948,-0.21000000089406967,1.4700000062584877
15.51568468,842358333485090162,842358333655089346,12,86,46259515000000,2026-09-10T12:24:48.932514+00:00,interpolated,1.3300000056624413,0.0,1.4000000059604645
15.534573478,842358333503978960,842358333655089346,12,87,46259515000000,2026-09-10T12:24:48.932514+00:00,interpolated,1.260000005364418,0.07000000029802322,1.4000000059604645
15.553462277,842358333522867759,842358333655089346,12,88,46259515000000,2026-09-10T12:24:48.932514+00:00,interpolated,1.4000000059604645,-0.3500000014901161,1.4000000059604645
15.572351075,842358333541756557,842358333655089346,12,89,46259515000000,2026-09-10T12:24:48.932514+00:00,interpolated,1.4700000062584877,-1.0500000044703484,1.260000005364418
15.591239873,842358333560645355,842358333655089346,12,90,46259515000000,2026-09-10T12:24:48.932514+00:00,interpolated,1.7500000074505806,-1.260000005364418,1.0500000044703484
15.610128671,842358333579534153,842358333655089346,12,91,46259515000000,2026-09-10T12:24:48.932514+00:00,interpolated,1.7500000074505806,-0.49000000208616257,1.0500000044703484
15.629017469,842358333598422951,842358333655089346,12,92,46259515000000,2026-09-10T12:24:48.932514+00:00,interpolated,1.540000006556511,0.14000000059604645,1.260000005364418
15.647906268,842358333617311750,842358333655089346,12,93,46259515000000,2026-09-10T12:24:48.932514+00:00,interpolated,1.6100000068545341,0.0,1.3300000056624413
15.666795066,842358333636200548,842358333655089346,12,94,46259515000000,2026-09-10T12:24:48.932514+00:00,interpolated,1.8200000077486038,-0.2800000011920929,1.1900000050663948
15.685683864,842358333655089346,842358333655089346,12,95,46259515000000,2026-09-10T12:24:48.932514+00:00,interpolated,1.8200000077486038,-0.14000000059604645,0.9800000041723251
15.70457298,842358333673978462,842358335430666258,15,0,46261109000000,2026-09-10T12:24:50.522566+00:00,interpolated,1.6100000068545341,-0.21000000089406967,0.9800000041723251
15.723462096,842358333692867578,842358335430666258,15,1,46261109000000,2026-09-10T12:24:50.522566+00:00,interpolated,1.4700000062584877,-0.8400000035762787,1.3300000056624413
15.742351212,842358333711756694,842358335430666258,15,2,46261109000000,2026-09-10T12:24:50.522566+00:00,interpolated,1.4000000059604645,-1.4700000062584877,1.540000006556511
15.761240328,842358333730645810,842358335430666258,15,3,46261109000000,2026-09-10T12:24:50.522566+00:00,interpolated,1.3300000056624413,-1.3300000056624413,1.540000006556511
15.780129444,842358333749534926,842358335430666258,15,4,46261109000000,2026-09-10T12:24:50.522566+00:00,interpolated,1.260000005364418,-0.7700000032782555,1.540000006556511
15.799018561,842358333768424043,842358335430666258,15,5,46261109000000,2026-09-10T12:24:50.522566+00:00,interpolated,1.1900000050663948,-0.07000000029802322,1.9600000083446503
15.817907677,842358333787313159,842358335430666258,15,6,46261109000000,2026-09-10T12:24:50.522566+00:00,interpolated,1.1900000050663948,0.42000000178813934,2.450000010430813
15.836796793,842358333806202275,842358335430666258,15,7,46261109000000,2026-09-10T12:24:50.522566+00:00,interpolated,1.4000000059604645,0.5600000023841858,2.5900000110268593
15.855685909,842358333825091391,842358335430666258,15,8,46261109000000,2026-09-10T12:24:50.522566+00:00,interpolated,1.8200000077486038,0.14000000059604645,2.6600000113248825
15.874575025,842358333843980507,842358335430666258,15,9,46261109000000,2026-09-10T12:24:50.522566+00:00,interpolated,1.8200000077486038,0.49000000208616257,2.450000010430813
15.893464141,842358333862869623,842358335430666258,15,10,46261109000000,2026-09-10T12:24:50.522566+00:00,interpolated,1.4700000062584877,0.9800000041723251,2.3800000101327896
15.912353257,842358333881758739,842358335430666258,15,11,46261109000000,2026-09-10T12:24:50.522566+00:00,interpolated,1.0500000044703484,1.1200000047683716,2.240000009536743
15.931242373,842358333900647855,842358335430666258,15,12,46261109000000,2026-09-10T12:24:50.522566+00:00,interpolated,0.8400000035762787,0.5600000023841858,2.1000000089406967
15.950131489,842358333919536971,842358335430666258,15,13,46261109000000,2026-09-10T12:24:50.522566+00:00,interpolated,0.7700000032782555,0.3500000014901161,2.1000000089406967
15.969020605,842358333938426087,842358335430666258,15,14,46261109000000,2026-09-10T12:24:50.522566+00:00,interpolated,0.8400000035762787,0.7000000029802322,2.17000000923872
15.987909721,842358333957315203,842358335430666258,15,15,46261109000000,2026-09-10T12:24:50.522566+00:00,interpolated,0.9100000038743019,0.9800000041723251,2.240000009536743
16.006798837,842358333976204319,842358335430666258,15,16,46261109000000,2026-09-10T12:24:50.522566+00:00,interpolated,0.9100000038743019,1.1900000050663948,2.240000009536743
16.025687954,842358333995093436,842358335430666258,15,17,46261109000000,2026-09-10T12:24:50.522566+00:00,interpolated,0.9100000038743019,1.6100000068545341,2.1000000089406967
16.04457707,842358334013982552,842358335430666258,15,18,46261109000000,2026-09-10T12:24:50.522566+00:00,interpolated,0.630000002682209,1.7500000074505806,1.8200000077486038
16.063466186,842358334032871668,842358335430666258,15,19,46261109000000,2026-09-10T12:24:50.522566+00:00,interpolated,0.630000002682209,1.4000000059604645,1.4000000059604645
16.082355302,842358334051760784,842358335430666258,15,20,46261109000000,2026-09-10T12:24:50.522566+00:00,interpolated,0.630000002682209,0.7700000032782555,1.3300000056624413
16.101244418,842358334070649900,842358335430666258,15,21,46261109000000,2026-09-10T12:24:50.522566+00:00,interpolated,0.49000000208616257,0.5600000023841858,1.4700000062584877
16.120133534,842358334089539016,842358335430666258,15,22,46261109000000,2026-09-10T12:24:50.522566+00:00,interpolated,0.3500000014901161,0.7700000032782555,1.1900000050663948
16.13902265,842358334108428132,842358335430666258,15,23,46261109000000,2026-09-10T12:24:50.522566+00:00,interpolated,0.2800000011920929,0.9800000041723251,0.9800000041723251
16.157911766,842358334127317248,842358335430666258,15,24,46261109000000,2026-09-10T12:24:50.522566+00:00,interpolated,0.0,0.7000000029802322,0.9100000038743019
16.176800882,842358334146206364,842358335430666258,15,25,46261109000000,2026-09-10T12:24:50.522566+00:00,interpolated,-0.14000000059604645,0.49000000208616257,0.9100000038743019
16.195689998,842358334165095480,842358335430666258,15,26,46261109000000,2026-09-10T12:24:50.522566+00:00,interpolated,-0.42000000178813934,0.7700000032782555,0.630000002682209
16.214579114,842358334183984596,842358335430666258,15,27,46261109000000,2026-09-10T12:24:50.522566+00:00,interpolated,-0.49000000208616257,1.0500000044703484,0.2800000011920929
16.23346823,842358334202873712,842358335430666258,15,28,46261109000000,2026-09-10T12:24:50.522566+00:00,interpolated,-0.7700000032782555,0.9800000041723251,0.14000000059604645
16.252357347,842358334221762829,842358335430666258,15,29,46261109000000,2026-09-10T12:24:50.522566+00:00,interpolated,-0.7700000032782555,0.21000000089406967,0.14000000059604645
16.271246463,842358334240651945,842358335430666258,15,30,46261109000000,2026-09-10T12:24:50.522566+00:00,interpolated,-0.9800000041723251,-0.21000000089406967,-0.07000000029802322
16.290135579,842358334259541061,842358335430666258,15,31,46261109000000,2026-09-10T12:24:50.522566+00:00,interpolated,-1.0500000044703484,-0.14000000059604645,-0.3500000014901161
16.309024695,842358334278430177,842358335430666258,15,32,46261109000000,2026-09-10T12:24:50.522566+00:00,interpolated,-1.260000005364418,0.49000000208616257,-0.42000000178813934
16.327913811,842358334297319293,842358335430666258,15,33,46261109000000,2026-09-10T12:24:50.522566+00:00,interpolated,-1.4700000062584877,0.49000000208616257,-0.49000000208616257
16.346802927,842358334316208409,842358335430666258,15,34,46261109000000,2026-09-10T12:24:50.522566+00:00,interpolated,-1.540000006556511,0.14000000059604645,-0.7700000032782555
16.365692043,842358334335097525,842358335430666258,15,35,46261109000000,2026-09-10T12:24:50.522566+00:00,interpolated,-1.4700000062584877,-0.07000000029802322,-1.1200000047683716
16.384581159,842358334353986641,842358335430666258,15,36,46261109000000,2026-09-10T12:24:50.522566+00:00,interpolated,-1.4700000062584877,0.0,-1.0500000044703484
16.403470275,842358334372875757,842358335430666258,15,37,46261109000000,2026-09-10T12:24:50.522566+00:00,interpolated,-1.540000006556511,0.21000000089406967,-1.0500000044703484
16.422359391,842358334391764873,842358335430666258,15,38,46261109000000,2026-09-10T12:24:50.522566+00:00,interpolated,-1.6100000068545341,1.1200000047683716,-1.3300000056624413
16.441248507,842358334410653989,842358335430666258,15,39,46261109000000,2026-09-10T12:24:50.522566+00:00,interpolated,-1.6100000068545341,1.4000000059604645,-1.6800000071525574
16.460137623,842358334429543105,842358335430666258,15,40,46261109000000,2026-09-10T12:24:50.522566+00:00,interpolated,-1.6100000068545341,0.7000000029802322,-1.6800000071525574
16.47902674,842358334448432222,842358335430666258,15,41,46261109000000,2026-09-10T12:24:50.522566+00:00,interpolated,-2.0300000086426735,0.14000000059604645,-1.260000005364418
16.497915856,842358334467321338,842358335430666258,15,42,46261109000000,2026-09-10T12:24:50.522566+00:00,interpolated,-2.520000010728836,0.9100000038743019,-1.1200000047683716
16.516804972,842358334486210454,842358335430666258,15,43,46261109000000,2026-09-10T12:24:50.522566+00:00,interpolated,-2.6600000113248825,2.3800000101327896,-1.1900000050663948
16.535694088,842358334505099570,842358335430666258,15,44,46261109000000,2026-09-10T12:24:50.522566+00:00,interpolated,-2.870000012218952,2.450000010430813,-1.260000005364418
16.554583204,842358334523988686,842358335430666258,15,45,46261109000000,2026-09-10T12:24:50.522566+00:00,interpolated,-2.870000012218952,1.6100000068545341,-1.260000005364418
16.57347232,842358334542877802,842358335430666258,15,46,46261109000000,2026-09-10T12:24:50.522566+00:00,interpolated,-3.080000013113022,0.9800000041723251,-1.260000005364418
16.592361436,842358334561766918,842358335430666258,15,47,46261109000000,2026-09-10T12:24:50.522566+00:00,interpolated,-3.150000013411045,1.260000005364418,-1.4000000059604645
16.611250552,842358334580656034,842358335430666258,15,48,46261109000000,2026-09-10T12:24:50.522566+00:00,interpolated,-3.150000013411045,1.890000008046627,-1.540000006556511
16.630139668,842358334599545150,842358335430666258,15,49,46261109000000,2026-09-10T12:24:50.522566+00:00,interpolated,-3.2200000137090683,1.890000008046627,-1.8200000077486038
16.649028784,842358334618434266,842358335430666258,15,50,46261109000000,2026-09-10T12:24:50.522566+00:00,interpolated,-3.3600000143051147,1.6800000071525574,-1.8200000077486038
16.6679179,842358334637323382,842358335430666258,15,51,46261109000000,2026-09-10T12:24:50.522566+00:00,interpolated,-3.710000015795231,1.6800000071525574,-1.7500000074505806
16.686807017,842358334656212499,842358335430666258,15,52,46261109000000,2026-09-10T12:24:50.522566+00:00,interpolated,-3.9200000166893005,1.8200000077486038,-1.8200000077486038
16.705696133,842358334675101615,842358335430666258,15,53,46261109000000,2026-09-10T12:24:50.522566+00:00,interpolated,-4.13000001758337,1.4700000062584877,-1.7500000074505806
16.724585249,842358334693990731,842358335430666258,15,54,46261109000000,2026-09-10T12:24:50.522566+00:00,interpolated,-3.9200000166893005,1.1900000050663948,-1.6800000071525574
16.743474365,842358334712879847,842358335430666258,15,55,46261109000000,2026-09-10T12:24:50.522566+00:00,interpolated,-3.710000015795231,1.4700000062584877,-1.540000006556511
16.762363481,842358334731768963,842358335430666258,15,56,46261109000000,2026-09-10T12:24:50.522566+00:00,interpolated,-3.6400000154972076,1.7500000074505806,-1.4000000059604645
16.781252597,842358334750658079,842358335430666258,15,57,46261109000000,2026-09-10T12:24:50.522566+00:00,interpolated,-3.8500000163912773,2.240000009536743,-1.3300000056624413
16.800141713,842358334769547195,842358335430666258,15,58,46261109000000,2026-09-10T12:24:50.522566+00:00,interpolated,-3.8500000163912773,2.800000011920929,-1.3300000056624413
16.819030829,842358334788436311,842358335430666258,15,59,46261109000000,2026-09-10T12:24:50.522566+00:00,interpolated,-3.9900000169873238,3.0100000128149986,-1.1900000050663948
16.837919945,842358334807325427,842358335430666258,15,60,46261109000000,2026-09-10T12:24:50.522566+00:00,interpolated,-4.200000017881393,2.800000011920929,-1.3300000056624413
16.856809061,842358334826214543,842358335430666258,15,61,46261109000000,2026-09-10T12:24:50.522566+00:00,interpolated,-4.200000017881393,2.5900000110268593,-1.6800000071525574
16.875698177,842358334845103659,842358335430666258,15,62,46261109000000,2026-09-10T12:24:50.522566+00:00,interpolated,-4.34000001847744,2.1000000089406967,-1.890000008046627
16.894587293,842358334863992775,842358335430666258,15,63,46261109000000,2026-09-10T12:24:50.522566+00:00,interpolated,-4.480000019073486,1.7500000074505806,-1.890000008046627
16.91347641,842358334882881892,842358335430666258,15,64,46261109000000,2026-09-10T12:24:50.522566+00:00,interpolated,-4.690000019967556,1.890000008046627,-1.6800000071525574
16.932365526,842358334901771008,842358335430666258,15,65,46261109000000,2026-09-10T12:24:50.522566+00:00,interpolated,-4.970000021159649,2.3800000101327896,-1.7500000074505806
16.951254642,842358334920660124,842358335430666258,15,66,46261109000000,2026-09-10T12:24:50.522566+00:00,interpolated,-5.040000021457672,2.6600000113248825,-2.0300000086426735
16.970143758,842358334939549240,842358335430666258,15,67,46261109000000,2026-09-10T12:24:50.522566+00:00,interpolated,-4.900000020861626,2.520000010728836,-2.17000000923872
16.989032874,842358334958438356,842358335430666258,15,68,46261109000000,2026-09-10T12:24:50.522566+00:00,interpolated,-5.040000021457672,2.1000000089406967,-2.17000000923872
17.00792199,842358334977327472,842358335430666258,15,69,46261109000000,2026-09-10T12:24:50.522566+00:00,interpolated,-5.110000021755695,1.9600000083446503,-2.240000009536743
17.026811106,842358334996216588,842358335430666258,15,70,46261109000000,2026-09-10T12:24:50.522566+00:00,interpolated,-5.320000022649765,1.890000008046627,-2.240000009536743
17.045700222,842358335015105704,842358335430666258,15,71,46261109000000,2026-09-10T12:24:50.522566+00:00,interpolated,-5.180000022053719,2.450000010430813,-2.450000010430813
17.064589338,842358335033994820,842358335430666258,15,72,46261109000000,2026-09-10T12:24:50.522566+00:00,interpolated,-5.180000022053719,2.7300000116229057,-2.5900000110268593
17.083478454,842358335052883936,842358335430666258,15,73,46261109000000,2026-09-10T12:24:50.522566+00:00,interpolated,-5.250000022351742,2.520000010728836,-2.7300000116229057
17.10236757,842358335071773052,842358335430666258,15,74,46261109000000,2026-09-10T12:24:50.522566+00:00,interpolated,-5.250000022351742,2.0300000086426735,-2.9400000125169754
17.121256686,842358335090662168,842358335430666258,15,75,46261109000000,2026-09-10T12:24:50.522566+00:00,interpolated,-5.320000022649765,1.890000008046627,-3.2200000137090683
17.140145803,842358335109551285,842358335430666258,15,76,46261109000000,2026-09-10T12:24:50.522566+00:00,interpolated,-5.4600000232458115,2.1000000089406967,-3.2200000137090683
17.159034919,842358335128440401,842358335430666258,15,77,46261109000000,2026-09-10T12:24:50.522566+00:00,interpolated,-5.4600000232458115,2.3100000098347664,-3.3600000143051147
17.177924035,842358335147329517,842358335430666258,15,78,46261109000000,2026-09-10T12:24:50.522566+00:00,interpolated,-5.390000022947788,2.1000000089406967,-3.430000014603138
17.196813151,842358335166218633,842358335430666258,15,79,46261109000000,2026-09-10T12:24:50.522566+00:00,interpolated,-5.320000022649765,1.6100000068545341,-3.6400000154972076
17.215702267,842358335185107749,842358335430666258,15,80,46261109000000,2026-09-10T12:24:50.522566+00:00,interpolated,-5.110000021755695,1.890000008046627,-3.710000015795231
17.234591383,842358335203996865,842358335430666258,15,81,46261109000000,2026-09-10T12:24:50.522566+00:00,interpolated,-5.110000021755695,2.3800000101327896,-3.710000015795231
17.253480499,842358335222885981,842358335430666258,15,82,46261109000000,2026-09-10T12:24:50.522566+00:00,interpolated,-5.320000022649765,1.9600000083446503,-3.710000015795231
17.272369615,842358335241775097,842358335430666258,15,83,46261109000000,2026-09-10T12:24:50.522566+00:00,interpolated,-5.390000022947788,1.1900000050663948,-3.780000016093254
17.291258731,842358335260664213,842358335430666258,15,84,46261109000000,2026-09-10T12:24:50.522566+00:00,interpolated,-4.970000021159649,0.9100000038743019,-3.9900000169873238
17.310147847,842358335279553329,842358335430666258,15,85,46261109000000,2026-09-10T12:24:50.522566+00:00,interpolated,-4.8300000205636024,1.1200000047683716,-3.9200000166893005
17.329036963,842358335298442445,842358335430666258,15,86,46261109000000,2026-09-10T12:24:50.522566+00:00,interpolated,-4.760000020265579,1.4700000062584877,-3.6400000154972076
17.347926079,842358335317331561,842358335430666258,15,87,46261109000000,2026-09-10T12:24:50.522566+00:00,interpolated,-4.5500000193715096,1.540000006556511,-3.5700000151991844
17.366815196,842358335336220678,842358335430666258,15,88,46261109000000,2026-09-10T12:24:50.522566+00:00,interpolated,-3.9900000169873238,1.540000006556511,-3.710000015795231
17.385704312,842358335355109794,842358335430666258,15,89,46261109000000,2026-09-10T12:24:50.522566+00:00,interpolated,-3.6400000154972076,2.0300000086426735,-3.710000015795231
17.404593428,842358335373998910,842358335430666258,15,90,46261109000000,2026-09-10T12:24:50.522566+00:00,interpolated,-3.8500000163912773,2.520000010728836,-3.500000014901161
17.423482544,842358335392888026,842358335430666258,15,91,46261109000000,2026-09-10T12:24:50.522566+00:00,interpolated,-4.060000017285347,2.3800000101327896,-3.2900000140070915
17.44237166,842358335411777142,842358335430666258,15,92,46261109000000,2026-09-10T12:24:50.522566+00:00,interpolated,-3.9900000169873238,2.5900000110268593,-3.3600000143051147
17.461260776,842358335430666258,842358335430666258,15,93,46261109000000,2026-09-10T12:24:50.522566+00:00,interpolated,-3.780000016093254,2.3800000101327896,-3.430000014603138
17.480150213,842358335449555695,842358337225162806,19,0,46262937000000,2026-09-10T12:24:52.352290+00:00,interpolated,-3.710000015795231,1.6800000071525574,-3.3600000143051147
17.499039651,842358335468445133,842358337225162806,19,1,46262937000000,2026-09-10T12:24:52.352290+00:00,interpolated,-3.8500000163912773,1.6100000068545341,-3.430000014603138
17.517929088,842358335487334570,842358337225162806,19,2,46262937000000,2026-09-10T12:24:52.352290+00:00,interpolated,-3.9200000166893005,2.1000000089406967,-3.500000014901161
17.536818525,842358335506224007,842358337225162806,19,3,46262937000000,2026-09-10T12:24:52.352290+00:00,interpolated,-3.9900000169873238,2.3100000098347664,-3.3600000143051147
17.555707963,842358335525113445,842358337225162806,19,4,46262937000000,2026-09-10T12:24:52.352290+00:00,interpolated,-3.9200000166893005,2.240000009536743,-3.080000013113022
17.5745974,842358335544002882,842358337225162806,19,5,46262937000000,2026-09-10T12:24:52.352290+00:00,interpolated,-3.9200000166893005,2.0300000086426735,-2.9400000125169754
17.593486837,842358335562892319,842358337225162806,19,6,46262937000000,2026-09-10T12:24:52.352290+00:00,interpolated,-3.8500000163912773,1.6800000071525574,-2.870000012218952
17.612376275,842358335581781757,842358337225162806,19,7,46262937000000,2026-09-10T12:24:52.352290+00:00,interpolated,-3.500000014901161,1.1200000047683716,-2.800000011920929
17.631265712,842358335600671194,842358337225162806,19,8,46262937000000,2026-09-10T12:24:52.352290+00:00,interpolated,-3.2900000140070915,0.49000000208616257,-2.7300000116229057
17.650155149,842358335619560631,842358337225162806,19,9,46262937000000,2026-09-10T12:24:52.352290+00:00,interpolated,-2.9400000125169754,0.630000002682209,-2.7300000116229057
17.669044587,842358335638450069,842358337225162806,19,10,46262937000000,2026-09-10T12:24:52.352290+00:00,interpolated,-2.870000012218952,1.1900000050663948,-2.450000010430813
17.687934024,842358335657339506,842358337225162806,19,11,46262937000000,2026-09-10T12:24:52.352290+00:00,interpolated,-2.7300000116229057,1.4700000062584877,-2.0300000086426735
17.706823462,842358335676228944,842358337225162806,19,12,46262937000000,2026-09-10T12:24:52.352290+00:00,interpolated,-2.6600000113248825,2.0300000086426735,-1.6100000068545341
17.725712899,842358335695118381,842358337225162806,19,13,46262937000000,2026-09-10T12:24:52.352290+00:00,interpolated,-2.800000011920929,2.5900000110268593,-1.4000000059604645
17.744602336,842358335714007818,842358337225162806,19,14,46262937000000,2026-09-10T12:24:52.352290+00:00,interpolated,-2.870000012218952,2.6600000113248825,-1.1900000050663948
17.763491774,842358335732897256,842358337225162806,19,15,46262937000000,2026-09-10T12:24:52.352290+00:00,interpolated,-2.9400000125169754,1.9600000083446503,-1.260000005364418
17.782381211,842358335751786693,842358337225162806,19,16,46262937000000,2026-09-10T12:24:52.352290+00:00,interpolated,-2.800000011920929,1.6100000068545341,-1.4000000059604645
17.801270648,842358335770676130,842358337225162806,19,17,46262937000000,2026-09-10T12:24:52.352290+00:00,interpolated,-2.450000010430813,1.890000008046627,-1.4000000059604645
17.820160086,842358335789565568,842358337225162806,19,18,46262937000000,2026-09-10T12:24:52.352290+00:00,interpolated,-2.3100000098347664,2.7300000116229057,-1.1900000050663948
17.839049523,842358335808455005,842358337225162806,19,19,46262937000000,2026-09-10T12:24:52.352290+00:00,interpolated,-2.0300000086426735,3.080000013113022,-1.1900000050663948
17.85793896,842358335827344442,842358337225162806,19,20,46262937000000,2026-09-10T12:24:52.352290+00:00,interpolated,-2.17000000923872,2.9400000125169754,-1.3300000056624413
17.876828398,842358335846233880,842358337225162806,19,21,46262937000000,2026-09-10T12:24:52.352290+00:00,interpolated,-2.240000009536743,1.8200000077486038,-1.4700000062584877
17.895717835,842358335865123317,842358337225162806,19,22,46262937000000,2026-09-10T12:24:52.352290+00:00,interpolated,-2.3800000101327896,0.49000000208616257,-1.4000000059604645
17.914607272,842358335884012754,842358337225162806,19,23,46262937000000,2026-09-10T12:24:52.352290+00:00,interpolated,-2.3800000101327896,0.14000000059604645,-1.3300000056624413
17.93349671,842358335902902192,842358337225162806,19,24,46262937000000,2026-09-10T12:24:52.352290+00:00,interpolated,-2.240000009536743,0.9100000038743019,-1.260000005364418
17.952386147,842358335921791629,842358337225162806,19,25,46262937000000,2026-09-10T12:24:52.352290+00:00,interpolated,-2.17000000923872,1.8200000077486038,-1.1200000047683716
17.971275584,842358335940681066,842358337225162806,19,26,46262937000000,2026-09-10T12:24:52.352290+00:00,interpolated,-2.1000000089406967,1.8200000077486038,-1.0500000044703484
17.990165022,842358335959570504,842358337225162806,19,27,46262937000000,2026-09-10T12:24:52.352290+00:00,interpolated,-2.3100000098347664,1.1900000050663948,-1.0500000044703484
18.009054459,842358335978459941,842358337225162806,19,28,46262937000000,2026-09-10T12:24:52.352290+00:00,interpolated,-2.17000000923872,0.3500000014901161,-0.9800000041723251
18.027943896,842358335997349378,842358337225162806,19,29,46262937000000,2026-09-10T12:24:52.352290+00:00,interpolated,-1.9600000083446503,0.7700000032782555,-0.9800000041723251
18.046833334,842358336016238816,842358337225162806,19,30,46262937000000,2026-09-10T12:24:52.352290+00:00,interpolated,-1.890000008046627,1.6100000068545341,-0.7700000032782555
18.065722771,842358336035128253,842358337225162806,19,31,46262937000000,2026-09-10T12:24:52.352290+00:00,interpolated,-2.0300000086426735,1.8200000077486038,-0.5600000023841858
18.084612208,842358336054017690,842358337225162806,19,32,46262937000000,2026-09-10T12:24:52.352290+00:00,interpolated,-2.0300000086426735,1.4000000059604645,-0.49000000208616257
18.103501646,842358336072907128,842358337225162806,19,33,46262937000000,2026-09-10T12:24:52.352290+00:00,interpolated,-1.9600000083446503,1.1200000047683716,-0.49000000208616257
18.122391083,842358336091796565,842358337225162806,19,34,46262937000000,2026-09-10T12:24:52.352290+00:00,interpolated,-1.7500000074505806,1.1200000047683716,-0.49000000208616257
18.141280521,842358336110686003,842358337225162806,19,35,46262937000000,2026-09-10T12:24:52.352290+00:00,interpolated,-1.4000000059604645,1.6800000071525574,-0.42000000178813934
18.160169958,842358336129575440,842358337225162806,19,36,46262937000000,2026-09-10T12:24:52.352290+00:00,interpolated,-1.540000006556511,1.9600000083446503,-0.2800000011920929
18.179059395,842358336148464877,842358337225162806,19,37,46262937000000,2026-09-10T12:24:52.352290+00:00,interpolated,-1.6100000068545341,1.890000008046627,-0.21000000089406967
18.197948833,842358336167354315,842358337225162806,19,38,46262937000000,2026-09-10T12:24:52.352290+00:00,interpolated,-1.260000005364418,1.3300000056624413,-0.2800000011920929
18.21683827,842358336186243752,842358337225162806,19,39,46262937000000,2026-09-10T12:24:52.352290+00:00,interpolated,-0.8400000035762787,0.7700000032782555,-0.21000000089406967
18.235727707,842358336205133189,842358337225162806,19,40,46262937000000,2026-09-10T12:24:52.352290+00:00,interpolated,-0.7000000029802322,0.49000000208616257,0.07000000029802322
18.254617145,842358336224022627,842358337225162806,19,41,46262937000000,2026-09-10T12:24:52.352290+00:00,interpolated,-0.49000000208616257,0.7700000032782555,0.42000000178813934
18.273506582,842358336242912064,842358337225162806,19,42,46262937000000,2026-09-10T12:24:52.352290+00:00,interpolated,-0.14000000059604645,1.4700000062584877,0.630000002682209
18.292396019,842358336261801501,842358337225162806,19,43,46262937000000,2026-09-10T12:24:52.352290+00:00,interpolated,0.21000000089406967,2.1000000089406967,0.8400000035762787
18.311285457,842358336280690939,842358337225162806,19,44,46262937000000,2026-09-10T12:24:52.352290+00:00,interpolated,0.3500000014901161,2.0300000086426735,0.9800000041723251
18.330174894,842358336299580376,842358337225162806,19,45,46262937000000,2026-09-10T12:24:52.352290+00:00,interpolated,0.49000000208616257,1.260000005364418,1.4700000062584877
18.349064331,842358336318469813,842358337225162806,19,46,46262937000000,2026-09-10T12:24:52.352290+00:00,interpolated,0.7700000032782555,0.7700000032782555,2.1000000089406967
18.367953769,842358336337359251,842358337225162806,19,47,46262937000000,2026-09-10T12:24:52.352290+00:00,interpolated,0.9800000041723251,1.260000005364418,2.520000010728836
18.386843206,842358336356248688,842358337225162806,19,48,46262937000000,2026-09-10T12:24:52.352290+00:00,interpolated,1.260000005364418,2.1000000089406967,2.520000010728836
18.405732643,842358336375138125,842358337225162806,19,49,46262937000000,2026-09-10T12:24:52.352290+00:00,interpolated,1.540000006556511,2.6600000113248825,2.3800000101327896
18.424622081,842358336394027563,842358337225162806,19,50,46262937000000,2026-09-10T12:24:52.352290+00:00,interpolated,1.540000006556511,2.520000010728836,2.520000010728836
18.443511518,842358336412917000,842358337225162806,19,51,46262937000000,2026-09-10T12:24:52.352290+00:00,interpolated,1.890000008046627,2.0300000086426735,2.7300000116229057
18.462400955,842358336431806437,842358337225162806,19,52,46262937000000,2026-09-10T12:24:52.352290+00:00,interpolated,2.450000010430813,2.520000010728836,2.7300000116229057
18.481290393,842358336450695875,842358337225162806,19,53,46262937000000,2026-09-10T12:24:52.352290+00:00,interpolated,2.3100000098347664,2.6600000113248825,2.450000010430813
18.50017983,842358336469585312,842358337225162806,19,54,46262937000000,2026-09-10T12:24:52.352290+00:00,interpolated,1.9600000083446503,2.9400000125169754,2.1000000089406967
18.519069267,842358336488474749,842358337225162806,19,55,46262937000000,2026-09-10T12:24:52.352290+00:00,interpolated,2.0300000086426735,2.240000009536743,2.3800000101327896
18.537958705,842358336507364187,842358337225162806,19,56,46262937000000,2026-09-10T12:24:52.352290+00:00,interpolated,1.6800000071525574,1.7500000074505806,2.800000011920929
18.556848142,842358336526253624,842358337225162806,19,57,46262937000000,2026-09-10T12:24:52.352290+00:00,interpolated,1.3300000056624413,1.4700000062584877,2.5900000110268593
18.575737579,842358336545143061,842358337225162806,19,58,46262937000000,2026-09-10T12:24:52.352290+00:00,interpolated,0.9800000041723251,1.1900000050663948,2.520000010728836
18.594627017,842358336564032499,842358337225162806,19,59,46262937000000,2026-09-10T12:24:52.352290+00:00,interpolated,0.8400000035762787,0.2800000011920929,2.5900000110268593
18.613516454,842358336582921936,842358337225162806,19,60,46262937000000,2026-09-10T12:24:52.352290+00:00,interpolated,0.7000000029802322,-0.7000000029802322,2.5900000110268593
18.632405892,842358336601811374,842358337225162806,19,61,46262937000000,2026-09-10T12:24:52.352290+00:00,interpolated,0.9800000041723251,-0.7000000029802322,2.520000010728836
18.651295329,842358336620700811,842358337225162806,19,62,46262937000000,2026-09-10T12:24:52.352290+00:00,interpolated,1.1200000047683716,0.42000000178813934,2.450000010430813
18.670184766,842358336639590248,842358337225162806,19,63,46262937000000,2026-09-10T12:24:52.352290+00:00,interpolated,1.260000005364418,1.540000006556511,2.1000000089406967
18.689074204,842358336658479686,842358337225162806,19,64,46262937000000,2026-09-10T12:24:52.352290+00:00,interpolated,0.9100000038743019,1.6800000071525574,1.4700000062584877
18.707963641,842358336677369123,842358337225162806,19,65,46262937000000,2026-09-10T12:24:52.352290+00:00,interpolated,0.7000000029802322,1.0500000044703484,1.1900000050663948
18.726853078,842358336696258560,842358337225162806,19,66,46262937000000,2026-09-10T12:24:52.352290+00:00,interpolated,0.49000000208616257,0.3500000014901161,1.4000000059604645
18.745742516,842358336715147998,842358337225162806,19,67,46262937000000,2026-09-10T12:24:52.352290+00:00,interpolated,0.3500000014901161,0.630000002682209,1.4000000059604645
18.764631953,842358336734037435,842358337225162806,19,68,46262937000000,2026-09-10T12:24:52.352290+00:00,interpolated,0.21000000089406967,1.3300000056624413,1.3300000056624413
18.78352139,842358336752926872,842358337225162806,19,69,46262937000000,2026-09-10T12:24:52.352290+00:00,interpolated,-0.14000000059604645,1.3300000056624413,1.3300000056624413
18.802410828,842358336771816310,842358337225162806,19,70,46262937000000,2026-09-10T12:24:52.352290+00:00,interpolated,-0.3500000014901161,0.8400000035762787,1.260000005364418
18.821300265,842358336790705747,842358337225162806,19,71,46262937000000,2026-09-10T12:24:52.352290+00:00,interpolated,-0.42000000178813934,0.5600000023841858,1.260000005364418
18.840189702,842358336809595184,842358337225162806,19,72,46262937000000,2026-09-10T12:24:52.352290+00:00,interpolated,-0.2800000011920929,1.1900000050663948,1.4000000059604645
18.85907914,842358336828484622,842358337225162806,19,73,46262937000000,2026-09-10T12:24:52.352290+00:00,interpolated,-0.42000000178813934,2.3800000101327896,1.4700000062584877
18.877968577,842358336847374059,842358337225162806,19,74,46262937000000,2026-09-10T12:24:52.352290+00:00,interpolated,-0.7000000029802322,2.7300000116229057,1.260000005364418
18.896858014,842358336866263496,842358337225162806,19,75,46262937000000,2026-09-10T12:24:52.352290+00:00,interpolated,-1.0500000044703484,2.800000011920929,0.9800000041723251
18.915747452,842358336885152934,842358337225162806,19,76,46262937000000,2026-09-10T12:24:52.352290+00:00,interpolated,-1.6100000068545341,2.240000009536743,0.7000000029802322
18.934636889,842358336904042371,842358337225162806,19,77,46262937000000,2026-09-10T12:24:52.352290+00:00,interpolated,-1.8200000077486038,1.6800000071525574,0.3500000014901161
18.953526326,842358336922931808,842358337225162806,19,78,46262937000000,2026-09-10T12:24:52.352290+00:00,interpolated,-1.9600000083446503,1.260000005364418,-0.07000000029802322
18.972415764,842358336941821246,842358337225162806,19,79,46262937000000,2026-09-10T12:24:52.352290+00:00,interpolated,-2.1000000089406967,0.9800000041723251,-0.2800000011920929
18.991305201,842358336960710683,842358337225162806,19,80,46262937000000,2026-09-10T12:24:52.352290+00:00,interpolated,-2.450000010430813,1.1200000047683716,-0.49000000208616257
19.010194638,842358336979600120,842358337225162806,19,81,46262937000000,2026-09-10T12:24:52.352290+00:00,interpolated,-2.5900000110268593,1.0500000044703484,-0.8400000035762787
19.029084076,842358336998489558,842358337225162806,19,82,46262937000000,2026-09-10T12:24:52.352290+00:00,interpolated,-2.5900000110268593,1.1200000047683716,-1.0500000044703484
19.047973513,842358337017378995,842358337225162806,19,83,46262937000000,2026-09-10T12:24:52.352290+00:00,interpolated,-2.6600000113248825,0.9800000041723251,-1.1200000047683716
19.066862951,842358337036268433,842358337225162806,19,84,46262937000000,2026-09-10T12:24:52.352290+00:00,interpolated,-3.080000013113022,0.9100000038743019,-1.1900000050663948
19.085752388,842358337055157870,842358337225162806,19,85,46262937000000,2026-09-10T12:24:52.352290+00:00,interpolated,-3.2200000137090683,1.1200000047683716,-1.4000000059604645
19.104641825,842358337074047307,842358337225162806,19,86,46262937000000,2026-09-10T12:24:52.352290+00:00,interpolated,-3.2900000140070915,1.6100000068545341,-1.6800000071525574
19.123531263,842358337092936745,842358337225162806,19,87,46262937000000,2026-09-10T12:24:52.352290+00:00,interpolated,-3.2900000140070915,1.540000006556511,-1.890000008046627
19.1424207,842358337111826182,842358337225162806,19,88,46262937000000,2026-09-10T12:24:52.352290+00:00,interpolated,-3.430000014603138,1.0500000044703484,-1.9600000083446503
19.161310137,842358337130715619,842358337225162806,19,89,46262937000000,2026-09-10T12:24:52.352290+00:00,interpolated,-3.5700000151991844,1.0500000044703484,-2.1000000089406967
19.180199575,842358337149605057,842358337225162806,19,90,46262937000000,2026-09-10T12:24:52.352290+00:00,interpolated,-3.6400000154972076,1.1900000050663948,-2.240000009536743
19.199089012,842358337168494494,842358337225162806,19,91,46262937000000,2026-09-10T12:24:52.352290+00:00,interpolated,-3.6400000154972076,1.1200000047683716,-2.3800000101327896
19.217978449,842358337187383931,842358337225162806,19,92,46262937000000,2026-09-10T12:24:52.352290+00:00,interpolated,-3.710000015795231,0.7700000032782555,-2.520000010728836
19.236867887,842358337206273369,842358337225162806,19,93,46262937000000,2026-09-10T12:24:52.352290+00:00,interpolated,-3.5700000151991844,0.630000002682209,-2.800000011920929
19.255757324,842358337225162806,842358337225162806,19,94,46262937000000,2026-09-10T12:24:52.352290+00:00,interpolated,-3.5700000151991844,0.5600000023841858,-2.9400000125169754
19.27464644,842358337244051922,842358338736292094,23,0,46264625000000,2026-09-10T12:24:54.032702+00:00,interpolated,-3.5700000151991844,0.7700000032782555,-2.9400000125169754
19.293535556,842358337262941038,842358338736292094,23,1,46264625000000,2026-09-10T12:24:54.032702+00:00,interpolated,-3.780000016093254,1.0500000044703484,-2.870000012218952
19.312424672,842358337281830154,842358338736292094,23,2,46264625000000,2026-09-10T12:24:54.032702+00:00,interpolated,-3.8500000163912773,1.1900000050663948,-3.080000013113022
19.331313788,842358337300719270,842358338736292094,23,3,46264625000000,2026-09-10T12:24:54.032702+00:00,interpolated,-3.9200000166893005,0.9100000038743019,-3.2900000140070915
19.350202905,842358337319608387,842358338736292094,23,4,46264625000000,2026-09-10T12:24:54.032702+00:00,interpolated,-3.9200000166893005,0.42000000178813934,-3.2900000140070915
19.369092021,842358337338497503,842358338736292094,23,5,46264625000000,2026-09-10T12:24:54.032702+00:00,interpolated,-3.2900000140070915,0.49000000208616257,-3.080000013113022
19.387981137,842358337357386619,842358338736292094,23,6,46264625000000,2026-09-10T12:24:54.032702+00:00,interpolated,-2.7300000116229057,1.4700000062584877,-3.0100000128149986
19.406870253,842358337376275735,842358338736292094,23,7,46264625000000,2026-09-10T12:24:54.032702+00:00,interpolated,-2.3800000101327896,3.0100000128149986,-3.080000013113022
19.425759369,842358337395164851,842358338736292094,23,8,46264625000000,2026-09-10T12:24:54.032702+00:00,interpolated,-2.800000011920929,3.080000013113022,-3.150000013411045
19.444648485,842358337414053967,842358338736292094,23,9,46264625000000,2026-09-10T12:24:54.032702+00:00,interpolated,-2.6600000113248825,1.540000006556511,-3.150000013411045
19.463537601,842358337432943083,842358338736292094,23,10,46264625000000,2026-09-10T12:24:54.032702+00:00,interpolated,-1.9600000083446503,0.0,-3.150000013411045
19.482426717,842358337451832199,842358338736292094,23,11,46264625000000,2026-09-10T12:24:54.032702+00:00,interpolated,-2.3800000101327896,0.42000000178813934,-3.0100000128149986
19.501315833,842358337470721315,842358338736292094,23,12,46264625000000,2026-09-10T12:24:54.032702+00:00,interpolated,-2.6600000113248825,0.8400000035762787,-3.0100000128149986
19.520204949,842358337489610431,842358338736292094,23,13,46264625000000,2026-09-10T12:24:54.032702+00:00,interpolated,-3.2900000140070915,0.630000002682209,-2.870000012218952
19.539094066,842358337508499548,842358338736292094,23,14,46264625000000,2026-09-10T12:24:54.032702+00:00,interpolated,-3.9900000169873238,0.42000000178813934,-2.520000010728836
19.557983182,842358337527388664,842358338736292094,23,15,46264625000000,2026-09-10T12:24:54.032702+00:00,interpolated,-4.410000018775463,1.1200000047683716,-2.450000010430813
19.576872298,842358337546277780,842358338736292094,23,16,46264625000000,2026-09-10T12:24:54.032702+00:00,interpolated,-4.480000019073486,2.7300000116229057,-2.3800000101327896
19.595761414,842358337565166896,842358338736292094,23,17,46264625000000,2026-09-10T12:24:54.032702+00:00,interpolated,-4.480000019073486,3.080000013113022,-2.240000009536743
19.61465053,842358337584056012,842358338736292094,23,18,46264625000000,2026-09-10T12:24:54.032702+00:00,interpolated,-4.480000019073486,2.17000000923872,-2.17000000923872
19.633539646,842358337602945128,842358338736292094,23,19,46264625000000,2026-09-10T12:24:54.032702+00:00,interpolated,-4.410000018775463,1.4000000059604645,-2.17000000923872
19.652428762,842358337621834244,842358338736292094,23,20,46264625000000,2026-09-10T12:24:54.032702+00:00,interpolated,-4.410000018775463,1.4700000062584877,-2.3100000098347664
19.671317878,842358337640723360,842358338736292094,23,21,46264625000000,2026-09-10T12:24:54.032702+00:00,interpolated,-4.480000019073486,1.540000006556511,-2.3800000101327896
19.690206994,842358337659612476,842358338736292094,23,22,46264625000000,2026-09-10T12:24:54.032702+00:00,interpolated,-4.5500000193715096,1.9600000083446503,-2.3100000098347664
19.70909611,842358337678501592,842358338736292094,23,23,46264625000000,2026-09-10T12:24:54.032702+00:00,interpolated,-4.620000019669533,2.0300000086426735,-2.240000009536743
19.727985227,842358337697390709,842358338736292094,23,24,46264625000000,2026-09-10T12:24:54.032702+00:00,interpolated,-4.690000019967556,1.7500000074505806,-2.3800000101327896
19.746874343,842358337716279825,842358338736292094,23,25,46264625000000,2026-09-10T12:24:54.032702+00:00,interpolated,-4.8300000205636024,1.4000000059604645,-2.3800000101327896
19.765763459,842358337735168941,842358338736292094,23,26,46264625000000,2026-09-10T12:24:54.032702+00:00,interpolated,-4.5500000193715096,1.9600000083446503,-2.3100000098347664
19.784652575,842358337754058057,842358338736292094,23,27,46264625000000,2026-09-10T12:24:54.032702+00:00,interpolated,-4.34000001847744,2.3800000101327896,-2.3100000098347664
19.803541691,842358337772947173,842358338736292094,23,28,46264625000000,2026-09-10T12:24:54.032702+00:00,interpolated,-4.5500000193715096,2.3800000101327896,-2.3800000101327896
19.822430807,842358337791836289,842358338736292094,23,29,46264625000000,2026-09-10T12:24:54.032702+00:00,interpolated,-4.690000019967556,2.3100000098347664,-2.3800000101327896
19.841319923,842358337810725405,842358338736292094,23,30,46264625000000,2026-09-10T12:24:54.032702+00:00,interpolated,-4.620000019669533,2.7300000116229057,-2.3100000098347664
19.860209039,842358337829614521,842358338736292094,23,31,46264625000000,2026-09-10T12:24:54.032702+00:00,interpolated,-4.5500000193715096,3.500000014901161,-2.3800000101327896
19.879098155,842358337848503637,842358338736292094,23,32,46264625000000,2026-09-10T12:24:54.032702+00:00,interpolated,-4.13000001758337,3.710000015795231,-2.5900000110268593
19.897987271,842358337867392753,842358338736292094,23,33,46264625000000,2026-09-10T12:24:54.032702+00:00,interpolated,-3.8500000163912773,3.150000013411045,-3.150000013411045
19.916876388,842358337886281870,842358338736292094,23,34,46264625000000,2026-09-10T12:24:54.032702+00:00,interpolated,-3.9200000166893005,2.520000010728836,-3.430000014603138
19.935765504,842358337905170986,842358338736292094,23,35,46264625000000,2026-09-10T12:24:54.032702+00:00,interpolated,-4.13000001758337,2.240000009536743,-3.430000014603138
19.95465462,842358337924060102,842358338736292094,23,36,46264625000000,2026-09-10T12:24:54.032702+00:00,interpolated,-4.410000018775463,2.3100000098347664,-3.5700000151991844
19.973543736,842358337942949218,842358338736292094,23,37,46264625000000,2026-09-10T12:24:54.032702+00:00,interpolated,-4.620000019669533,2.3800000101327896,-3.5700000151991844
19.992432852,842358337961838334,842358338736292094,23,38,46264625000000,2026-09-10T12:24:54.032702+00:00,interpolated,-4.970000021159649,1.890000008046627,-3.5700000151991844
20.011321968,842358337980727450,842358338736292094,23,39,46264625000000,2026-09-10T12:24:54.032702+00:00,interpolated,-4.760000020265579,1.540000006556511,-3.780000016093254
20.030211084,842358337999616566,842358338736292094,23,40,46264625000000,2026-09-10T12:24:54.032702+00:00,interpolated,-4.690000019967556,1.8200000077486038,-4.060000017285347
20.0491002,842358338018505682,842358338736292094,23,41,46264625000000,2026-09-10T12:24:54.032702+00:00,interpolated,-4.970000021159649,1.8200000077486038,-4.060000017285347
20.067989316,842358338037394798,842358338736292094,23,42,46264625000000,2026-09-10T12:24:54.032702+00:00,interpolated,-5.390000022947788,1.4000000059604645,-3.9200000166893005
20.086878432,842358338056283914,842358338736292094,23,43,46264625000000,2026-09-10T12:24:54.032702+00:00,interpolated,-4.690000019967556,0.9800000041723251,-3.780000016093254
20.105767549,842358338075173031,842358338736292094,23,44,46264625000000,2026-09-10T12:24:54.032702+00:00,interpolated,-4.760000020265579,0.7000000029802322,-3.710000015795231
20.124656665,842358338094062147,842358338736292094,23,45,46264625000000,2026-09-10T12:24:54.032702+00:00,interpolated,-4.690000019967556,0.5600000023841858,-3.6400000154972076
20.143545781,842358338112951263,842358338736292094,23,46,46264625000000,2026-09-10T12:24:54.032702+00:00,interpolated,-4.620000019669533,-0.14000000059604645,-3.500000014901161
20.162434897,842358338131840379,842358338736292094,23,47,46264625000000,2026-09-10T12:24:54.032702+00:00,interpolated,-3.5700000151991844,0.07000000029802322,-3.080000013113022
20.181324013,842358338150729495,842358338736292094,23,48,46264625000000,2026-09-10T12:24:54.032702+00:00,interpolated,-3.150000013411045,0.9800000041723251,-2.5900000110268593
20.200213129,842358338169618611,842358338736292094,23,49,46264625000000,2026-09-10T12:24:54.032702+00:00,interpolated,-2.9400000125169754,1.0500000044703484,-2.240000009536743
20.219102245,842358338188507727,842358338736292094,23,50,46264625000000,2026-09-10T12:24:54.032702+00:00,interpolated,-2.1000000089406967,0.9100000038743019,-1.540000006556511
20.237991361,842358338207396843,842358338736292094,23,51,46264625000000,2026-09-10T12:24:54.032702+00:00,interpolated,-1.6800000071525574,1.4000000059604645,-0.2800000011920929
20.256880477,842358338226285959,842358338736292094,23,52,46264625000000,2026-09-10T12:24:54.032702+00:00,interpolated,-0.9100000038743019,2.3100000098347664,0.7000000029802322
20.275769593,842358338245175075,842358338736292094,23,53,46264625000000,2026-09-10T12:24:54.032702+00:00,interpolated,-0.3500000014901161,2.870000012218952,1.6100000068545341
20.29465871,842358338264064192,842358338736292094,23,54,46264625000000,2026-09-10T12:24:54.032702+00:00,interpolated,0.42000000178813934,2.6600000113248825,2.520000010728836
20.313547826,842358338282953308,842358338736292094,23,55,46264625000000,2026-09-10T12:24:54.032702+00:00,interpolated,1.260000005364418,2.240000009536743,3.430000014603138
20.332436942,842358338301842424,842358338736292094,23,56,46264625000000,2026-09-10T12:24:54.032702+00:00,interpolated,2.520000010728836,2.3800000101327896,3.9900000169873238
20.351326058,842358338320731540,842358338736292094,23,57,46264625000000,2026-09-10T12:24:54.032702+00:00,interpolated,4.060000017285347,3.780000016093254,5.320000022649765
20.370215174,842358338339620656,842358338736292094,23,58,46264625000000,2026-09-10T12:24:54.032702+00:00,interpolated,5.880000025033951,5.880000025033951,7.910000033676624
20.38910429,842358338358509772,842358338736292094,23,59,46264625000000,2026-09-10T12:24:54.032702+00:00,interpolated,7.210000030696392,6.440000027418137,9.800000041723251
20.407993406,842358338377398888,842358338736292094,23,60,46264625000000,2026-09-10T12:24:54.032702+00:00,interpolated,8.120000034570694,7.910000033676624,12.39000005275011
20.426882522,842358338396288004,842358338736292094,23,61,46264625000000,2026-09-10T12:24:54.032702+00:00,interpolated,9.380000039935112,12.110000051558018,15.890000067651272
20.445771638,842358338415177120,842358338736292094,23,62,46264625000000,2026-09-10T12:24:54.032702+00:00,interpolated,10.710000045597553,19.74000008404255,18.6900000795722
20.464660754,842358338434066236,842358338736292094,23,63,46264625000000,2026-09-10T12:24:54.032702+00:00,interpolated,11.130000047385693,20.020000085234642,18.550000078976154
20.483549871,842358338452955353,842358338736292094,23,64,46264625000000,2026-09-10T12:24:54.032702+00:00,interpolated,10.990000046789646,22.82000009715557,20.790000088512897
20.502438987,842358338471844469,842358338736292094,23,65,46264625000000,2026-09-10T12:24:54.032702+00:00,interpolated,12.740000054240227,30.17000012844801,23.66000010073185
20.521328103,842358338490733585,842358338736292094,23,66,46264625000000,2026-09-10T12:24:54.032702+00:00,interpolated,12.60000005364418,37.80000016093254,24.99000010639429
20.540217219,842358338509622701,842358338736292094,23,67,46264625000000,2026-09-10T12:24:54.032702+00:00,interpolated,11.06000004708767,38.36000016331673,23.66000010073185
20.559106335,842358338528511817,842358338736292094,23,68,46264625000000,2026-09-10T12:24:54.032702+00:00,interpolated,9.730000041425228,34.860000148415565,18.6900000795722
20.577995451,842358338547400933,842358338736292094,23,69,46264625000000,2026-09-10T12:24:54.032702+00:00,interpolated,14.490000061690807,35.14000014960766,11.900000050663948
20.596884567,842358338566290049,842358338736292094,23,70,46264625000000,2026-09-10T12:24:54.032702+00:00,interpolated,17.920000076293945,34.72000014781952,6.160000026226044
20.615773683,842358338585179165,842358338736292094,23,71,46264625000000,2026-09-10T12:24:54.032702+00:00,interpolated,14.420000061392784,29.75000012665987,3.6400000154972076
20.634662799,842358338604068281,842358338736292094,23,72,46264625000000,2026-09-10T12:24:54.032702+00:00,interpolated,12.320000052452087,25.340000107884407,-0.07000000029802322
20.653551915,842358338622957397,842358338736292094,23,73,46264625000000,2026-09-10T12:24:54.032702+00:00,interpolated,10.500000044703484,25.83000010997057,-6.30000002682209
20.672441032,842358338641846514,842358338736292094,23,74,46264625000000,2026-09-10T12:24:54.032702+00:00,interpolated,6.30000002682209,30.310000129044056,-13.860000059008598
20.691330148,842358338660735630,842358338736292094,23,75,46264625000000,2026-09-10T12:24:54.032702+00:00,interpolated,2.7300000116229057,38.85000016540289,-21.140000090003014
20.710219264,842358338679624746,842358338736292094,23,76,46264625000000,2026-09-10T12:24:54.032702+00:00,interpolated,4.480000019073486,55.86000023782253,-27.090000115334988
20.72910838,842358338698513862,842358338736292094,23,77,46264625000000,2026-09-10T12:24:54.032702+00:00,interpolated,10.8500000461936,83.16000035405159,-29.96000012755394
20.747997496,842358338717402978,842358338736292094,23,78,46264625000000,2026-09-10T12:24:54.032702+00:00,interpolated,19.880000084638596,113.82000048458576,-29.610000126063824
20.766886612,842358338736292094,842358338736292094,23,79,46264625000000,2026-09-10T12:24:54.032702+00:00,interpolated,28.42000012099743,139.37000059336424,-26.04000011086464
20.785775728,842358338755181210,842358339907417292,26,0,46265843000000,2026-09-10T12:24:55.263427+00:00,interpolated,33.950000144541264,153.720000654459,-19.74000008404255
20.804664844,842358338774070326,842358339907417292,26,1,46265843000000,2026-09-10T12:24:55.263427+00:00,interpolated,36.4700001552701,155.89000066369772,-12.460000053048134
20.82355396,842358338792959442,842358339907417292,26,2,46265843000000,2026-09-10T12:24:55.263427+00:00,interpolated,36.820000156760216,145.3200006186962,-4.410000018775463
20.842443076,842358338811848558,842358339907417292,26,3,46265843000000,2026-09-10T12:24:55.263427+00:00,interpolated,32.480000138282776,123.06000052392483,2.520000010728836
20.861332192,842358338830737674,842358339907417292,26,4,46265843000000,2026-09-10T12:24:55.263427+00:00,interpolated,23.590000100433826,93.52000039815903,8.26000003516674
20.880221309,842358338849626791,842358339907417292,26,5,46265843000000,2026-09-10T12:24:55.263427+00:00,interpolated,14.630000062286854,64.61000027507544,13.650000058114529
20.899110425,842358338868515907,842358339907417292,26,6,46265843000000,2026-09-10T12:24:55.263427+00:00,interpolated,8.190000034868717,39.55000016838312,18.550000078976154
20.917999541,842358338887405023,842358339907417292,26,7,46265843000000,2026-09-10T12:24:55.263427+00:00,interpolated,4.690000019967556,19.600000083446503,21.840000092983246
20.936888657,842358338906294139,842358339907417292,26,8,46265843000000,2026-09-10T12:24:55.263427+00:00,interpolated,2.3100000098347664,6.790000028908253,22.750000096857548
20.955777773,842358338925183255,842358339907417292,26,9,46265843000000,2026-09-10T12:24:55.263427+00:00,interpolated,0.49000000208616257,-3.2200000137090683,22.050000093877316
20.974666889,842358338944072371,842358339907417292,26,10,46265843000000,2026-09-10T12:24:55.263427+00:00,interpolated,-1.4700000062584877,-10.22000004351139,21.350000090897083
20.993556005,842358338962961487,842358339907417292,26,11,46265843000000,2026-09-10T12:24:55.263427+00:00,interpolated,-3.5700000151991844,-14.910000063478947,19.600000083446503
21.012445121,842358338981850603,842358339907417292,26,12,46265843000000,2026-09-10T12:24:55.263427+00:00,interpolated,-7.630000032484531,-21.840000092983246,15.540000066161156
21.031334237,842358339000739719,842358339907417292,26,13,46265843000000,2026-09-10T12:24:55.263427+00:00,interpolated,-10.990000046789646,-26.110000111162663,11.690000049769878
21.050223353,842358339019628835,842358339907417292,26,14,46265843000000,2026-09-10T12:24:55.263427+00:00,interpolated,-11.200000047683716,-22.960000097751617,10.500000044703484
21.06911247,842358339038517952,842358339907417292,26,15,46265843000000,2026-09-10T12:24:55.263427+00:00,interpolated,-9.030000038444996,-17.57000007480383,10.080000042915344
21.088001586,842358339057407068,842358339907417292,26,16,46265843000000,2026-09-10T12:24:55.263427+00:00,interpolated,-8.05000003427267,-13.370000056922436,7.770000033080578
21.106890702,842358339076296184,842358339907417292,26,17,46265843000000,2026-09-10T12:24:55.263427+00:00,interpolated,-9.520000040531158,-8.89000003784895,4.900000020861626
21.125779818,842358339095185300,842358339907417292,26,18,46265843000000,2026-09-10T12:24:55.263427+00:00,interpolated,-9.800000041723251,-5.4600000232458115,1.890000008046627
21.144668934,842358339114074416,842358339907417292,26,19,46265843000000,2026-09-10T12:24:55.263427+00:00,interpolated,-8.820000037550926,-3.150000013411045,-1.260000005364418
21.16355805,842358339132963532,842358339907417292,26,20,46265843000000,2026-09-10T12:24:55.263427+00:00,interpolated,-7.280000030994415,0.0,-2.870000012218952
21.182447166,842358339151852648,842358339907417292,26,21,46265843000000,2026-09-10T12:24:55.263427+00:00,interpolated,-5.180000022053719,2.0300000086426735,-3.430000014603138
21.201336282,842358339170741764,842358339907417292,26,22,46265843000000,2026-09-10T12:24:55.263427+00:00,interpolated,-4.13000001758337,0.7000000029802322,-3.2900000140070915
21.220225398,842358339189630880,842358339907417292,26,23,46265843000000,2026-09-10T12:24:55.263427+00:00,interpolated,-4.480000019073486,-1.9600000083446503,-2.9400000125169754
21.239114514,842358339208519996,842358339907417292,26,24,46265843000000,2026-09-10T12:24:55.263427+00:00,interpolated,-4.900000020861626,-4.060000017285347,-1.7500000074505806
21.258003631,842358339227409113,842358339907417292,26,25,46265843000000,2026-09-10T12:24:55.263427+00:00,interpolated,-5.250000022351742,-6.7200000286102295,-0.8400000035762787
21.276892747,842358339246298229,842358339907417292,26,26,46265843000000,2026-09-10T12:24:55.263427+00:00,interpolated,-5.530000023543835,-7.9800000339746475,-0.42000000178813934
21.295781863,842358339265187345,842358339907417292,26,27,46265843000000,2026-09-10T12:24:55.263427+00:00,interpolated,-3.780000016093254,-6.0900000259280205,0.21000000089406967
21.314670979,842358339284076461,842358339907417292,26,28,46265843000000,2026-09-10T12:24:55.263427+00:00,interpolated,-1.6800000071525574,-3.150000013411045,0.8400000035762787
21.333560095,842358339302965577,842358339907417292,26,29,46265843000000,2026-09-10T12:24:55.263427+00:00,interpolated,-0.630000002682209,-1.4000000059604645,1.260000005364418
21.352449211,842358339321854693,842358339907417292,26,30,46265843000000,2026-09-10T12:24:55.263427+00:00,interpolated,-0.5600000023841858,-0.7700000032782555,1.4000000059604645
21.371338327,842358339340743809,842358339907417292,26,31,46265843000000,2026-09-10T12:24:55.263427+00:00,interpolated,-0.9800000041723251,-0.42000000178813934,1.3300000056624413
21.390227443,842358339359632925,842358339907417292,26,32,46265843000000,2026-09-10T12:24:55.263427+00:00,interpolated,-1.4700000062584877,-0.630000002682209,1.6800000071525574
21.409116559,842358339378522041,842358339907417292,26,33,46265843000000,2026-09-10T12:24:55.263427+00:00,interpolated,-2.3100000098347664,-2.450000010430813,2.240000009536743
21.428005675,842358339397411157,842358339907417292,26,34,46265843000000,2026-09-10T12:24:55.263427+00:00,interpolated,-4.34000001847744,-5.040000021457672,2.240000009536743
21.446894791,842358339416300273,842358339907417292,26,35,46265843000000,2026-09-10T12:24:55.263427+00:00,interpolated,-6.930000029504299,-6.650000028312206,2.1000000089406967
21.465783908,842358339435189390,842358339907417292,26,36,46265843000000,2026-09-10T12:24:55.263427+00:00,interpolated,-8.120000034570694,-5.810000024735928,1.540000006556511
21.484673024,842358339454078506,842358339907417292,26,37,46265843000000,2026-09-10T12:24:55.263427+00:00,interpolated,-7.3500000312924385,-4.200000017881393,0.21000000089406967
21.50356214,842358339472967622,842358339907417292,26,38,46265843000000,2026-09-10T12:24:55.263427+00:00,interpolated,-6.7200000286102295,-4.410000018775463,-1.6800000071525574
21.522451256,842358339491856738,842358339907417292,26,39,46265843000000,2026-09-10T12:24:55.263427+00:00,interpolated,-6.7200000286102295,-4.760000020265579,-3.9900000169873238
21.541340372,842358339510745854,842358339907417292,26,40,46265843000000,2026-09-10T12:24:55.263427+00:00,interpolated,-7.140000030398369,-5.180000022053719,-6.790000028908253
21.560229488,842358339529634970,842358339907417292,26,41,46265843000000,2026-09-10T12:24:55.263427+00:00,interpolated,-7.140000030398369,-4.270000018179417,-9.730000041425228
21.579118604,842358339548524086,842358339907417292,26,42,46265843000000,2026-09-10T12:24:55.263427+00:00,interpolated,-6.650000028312206,-3.2200000137090683,-13.090000055730343
21.59800772,842358339567413202,842358339907417292,26,43,46265843000000,2026-09-10T12:24:55.263427+00:00,interpolated,-5.600000023841858,-3.6400000154972076,-17.080000072717667
21.616896836,842358339586302318,842358339907417292,26,44,46265843000000,2026-09-10T12:24:55.263427+00:00,interpolated,-3.710000015795231,-4.200000017881393,-20.23000008612871
21.635785952,842358339605191434,842358339907417292,26,45,46265843000000,2026-09-10T12:24:55.263427+00:00,interpolated,-1.6800000071525574,-3.2900000140070915,-22.82000009715557
21.654675069,842358339624080551,842358339907417292,26,46,46265843000000,2026-09-10T12:24:55.263427+00:00,interpolated,1.4000000059604645,1.1900000050663948,-24.710000105202198
21.673564185,842358339642969667,842358339907417292,26,47,46265843000000,2026-09-10T12:24:55.263427+00:00,interpolated,4.480000019073486,6.580000028014183,-26.46000011265278
21.692453301,842358339661858783,842358339907417292,26,48,46265843000000,2026-09-10T12:24:55.263427+00:00,interpolated,7.700000032782555,9.870000042021275,-28.070000119507313
21.711342417,842358339680747899,842358339907417292,26,49,46265843000000,2026-09-10T12:24:55.263427+00:00,interpolated,10.500000044703484,10.22000004351139,-30.100000128149986
21.730231533,842358339699637015,842358339907417292,26,50,46265843000000,2026-09-10T12:24:55.263427+00:00,interpolated,11.970000050961971,9.660000041127205,-31.71000013500452
21.749120649,842358339718526131,842358339907417292,26,51,46265843000000,2026-09-10T12:24:55.263427+00:00,interpolated,12.530000053346157,10.8500000461936,-32.270000137388706
21.768009765,842358339737415247,842358339907417292,26,52,46265843000000,2026-09-10T12:24:55.263427+00:00,interpolated,13.930000059306622,14.210000060498714,-32.13000013679266
21.786898881,842358339756304363,842358339907417292,26,53,46265843000000,2026-09-10T12:24:55.263427+00:00,interpolated,14.910000063478947,16.590000070631504,-32.83000013977289
21.805787997,842358339775193479,842358339907417292,26,54,46265843000000,2026-09-10T12:24:55.263427+00:00,interpolated,15.050000064074993,19.040000081062317,-33.18000014126301
21.824677113,842358339794082595,842358339907417292,26,55,46265843000000,2026-09-10T12:24:55.263427+00:00,interpolated,15.890000067651272,22.680000096559525,-32.900000140070915
21.84356623,842358339812971712,842358339907417292,26,56,46265843000000,2026-09-10T12:24:55.263427+00:00,interpolated,17.010000072419643,28.070000119507313,-32.13000013679266
21.862455346,842358339831860828,842358339907417292,26,57,46265843000000,2026-09-10T12:24:55.263427+00:00,interpolated,18.760000079870224,33.4600001424551,-31.850000135600567
21.881344462,842358339850749944,842358339907417292,26,58,46265843000000,2026-09-10T12:24:55.263427+00:00,interpolated,18.340000078082085,34.79000014811754,-30.940000131726265
21.900233578,842358339869639060,842358339907417292,26,59,46265843000000,2026-09-10T12:24:55.263427+00:00,interpolated,17.220000073313713,31.850000135600567,-29.260000124573708
21.919122694,842358339888528176,842358339907417292,26,60,46265843000000,2026-09-10T12:24:55.263427+00:00,interpolated,15.19000006467104,26.880000114440918,-27.37000011652708
21.93801181,842358339907417292,842358339907417292,26,61,46265843000000,2026-09-10T12:24:55.263427+00:00,interpolated,13.23000005632639,20.930000089108944,-25.340000107884407
21.956900926,842358339926306408,842358341116320722,28,0,46266718000000,2026-09-10T12:24:56.133769+00:00,interpolated,10.080000042915344,13.02000005543232,-23.45000009983778
21.975790042,842358339945195524,842358341116320722,28,1,46266718000000,2026-09-10T12:24:56.133769+00:00,interpolated,5.950000025331974,2.800000011920929,-21.49000009149313
21.994679158,842358339964084640,842358341116320722,28,2,46266718000000,2026-09-10T12:24:56.133769+00:00,interpolated,1.6800000071525574,-6.860000029206276,-19.74000008404255
22.013568274,842358339982973756,842358341116320722,28,3,46266718000000,2026-09-10T12:24:56.133769+00:00,interpolated,-1.6800000071525574,-13.860000059008598,-17.710000075399876
22.03245739,842358340001862872,842358341116320722,28,4,46266718000000,2026-09-10T12:24:56.133769+00:00,interpolated,-8.820000037550926,-21.07000008970499,-14.910000063478947
22.051346507,842358340020751989,842358341116320722,28,5,46266718000000,2026-09-10T12:24:56.133769+00:00,interpolated,-14.350000061094761,-30.520000129938126,-8.820000037550926
22.070235623,842358340039641105,842358341116320722,28,6,46266718000000,2026-09-10T12:24:56.133769+00:00,interpolated,-23.590000100433826,-42.70000018179417,-2.9400000125169754
22.089124739,842358340058530221,842358341116320722,28,7,46266718000000,2026-09-10T12:24:56.133769+00:00,interpolated,-32.62000013887882,-60.62000025808811,1.260000005364418
22.108013855,842358340077419337,842358341116320722,28,8,46266718000000,2026-09-10T12:24:56.133769+00:00,interpolated,-36.89000015705824,-71.96000030636787,1.260000005364418
22.126902971,842358340096308453,842358341116320722,28,9,46266718000000,2026-09-10T12:24:56.133769+00:00,interpolated,-33.04000014066696,-65.31000027805567,-1.4000000059604645
22.145792087,842358340115197569,842358341116320722,28,10,46266718000000,2026-09-10T12:24:56.133769+00:00,interpolated,-24.50000010430813,-47.460000202059746,-5.320000022649765
22.164681203,842358340134086685,842358341116320722,28,11,46266718000000,2026-09-10T12:24:56.133769+00:00,interpolated,-15.750000067055225,-28.6300001218915,-8.960000038146973
22.183570319,842358340152975801,842358341116320722,28,12,46266718000000,2026-09-10T12:24:56.133769+00:00,interpolated,-9.590000040829182,-14.070000059902668,-9.590000040829182
22.202459435,842358340171864917,842358341116320722,28,13,46266718000000,2026-09-10T12:24:56.133769+00:00,interpolated,-9.520000040531158,-6.930000029504299,-8.26000003516674
22.221348551,842358340190754033,842358341116320722,28,14,46266718000000,2026-09-10T12:24:56.133769+00:00,interpolated,-10.710000045597553,-9.800000041723251,-5.880000025033951
22.240237668,842358340209643150,842358341116320722,28,15,46266718000000,2026-09-10T12:24:56.133769+00:00,interpolated,-11.06000004708767,-10.360000044107437,-5.110000021755695
22.259126784,842358340228532266,842358341116320722,28,16,46266718000000,2026-09-10T12:24:56.133769+00:00,interpolated,-10.990000046789646,-6.440000027418137,-5.950000025331974
22.2780159,842358340247421382,842358341116320722,28,17,46266718000000,2026-09-10T12:24:56.133769+00:00,interpolated,-9.590000040829182,-3.9200000166893005,-6.580000028014183
22.296905016,842358340266310498,842358341116320722,28,18,46266718000000,2026-09-10T12:24:56.133769+00:00,interpolated,-8.89000003784895,-2.9400000125169754,-6.230000026524067
22.315794132,842358340285199614,842358341116320722,28,19,46266718000000,2026-09-10T12:24:56.133769+00:00,interpolated,-9.450000040233135,-2.3800000101327896,-5.600000023841858
22.334683248,842358340304088730,842358341116320722,28,20,46266718000000,2026-09-10T12:24:56.133769+00:00,interpolated,-10.43000004440546,-1.4000000059604645,-4.970000021159649
22.353572364,842358340322977846,842358341116320722,28,21,46266718000000,2026-09-10T12:24:56.133769+00:00,interpolated,-9.450000040233135,0.21000000089406967,-4.970000021159649
22.37246148,842358340341866962,842358341116320722,28,22,46266718000000,2026-09-10T12:24:56.133769+00:00,interpolated,-8.330000035464764,1.1900000050663948,-4.620000019669533
22.391350596,842358340360756078,842358341116320722,28,23,46266718000000,2026-09-10T12:24:56.133769+00:00,interpolated,-7.280000030994415,1.3300000056624413,-4.200000017881393
22.410239712,842358340379645194,842358341116320722,28,24,46266718000000,2026-09-10T12:24:56.133769+00:00,interpolated,-5.880000025033951,2.240000009536743,-3.780000016093254
22.429128828,842358340398534310,842358341116320722,28,25,46266718000000,2026-09-10T12:24:56.133769+00:00,interpolated,-5.320000022649765,3.500000014901161,-3.6400000154972076
22.448017945,842358340417423427,842358341116320722,28,26,46266718000000,2026-09-10T12:24:56.133769+00:00,interpolated,-5.250000022351742,3.9900000169873238,-3.9200000166893005
22.466907061,842358340436312543,842358341116320722,28,27,46266718000000,2026-09-10T12:24:56.133769+00:00,interpolated,-4.970000021159649,4.900000020861626,-4.13000001758337
22.485796177,842358340455201659,842358341116320722,28,28,46266718000000,2026-09-10T12:24:56.133769+00:00,interpolated,-4.410000018775463,5.320000022649765,-4.620000019669533
22.504685293,842358340474090775,842358341116320722,28,29,46266718000000,2026-09-10T12:24:56.133769+00:00,interpolated,-4.5500000193715096,4.060000017285347,-5.040000021457672
22.523574409,842358340492979891,842358341116320722,28,30,46266718000000,2026-09-10T12:24:56.133769+00:00,interpolated,-5.880000025033951,1.4000000059604645,-5.180000022053719
22.542463525,842358340511869007,842358341116320722,28,31,46266718000000,2026-09-10T12:24:56.133769+00:00,interpolated,-6.30000002682209,0.14000000059604645,-5.250000022351742
22.561352641,842358340530758123,842358341116320722,28,32,46266718000000,2026-09-10T12:24:56.133769+00:00,interpolated,-5.810000024735928,0.49000000208616257,-5.4600000232458115
22.580241757,842358340549647239,842358341116320722,28,33,46266718000000,2026-09-10T12:24:56.133769+00:00,interpolated,-5.110000021755695,1.1200000047683716,-5.880000025033951
22.599130873,842358340568536355,842358341116320722,28,34,46266718000000,2026-09-10T12:24:56.133769+00:00,interpolated,-4.480000019073486,1.4700000062584877,-6.020000025629997
22.618019989,842358340587425471,842358341116320722,28,35,46266718000000,2026-09-10T12:24:56.133769+00:00,interpolated,-4.34000001847744,1.260000005364418,-5.670000024139881
22.636909105,842358340606314587,842358341116320722,28,36,46266718000000,2026-09-10T12:24:56.133769+00:00,interpolated,-3.9900000169873238,1.8200000077486038,-5.880000025033951
22.655798222,842358340625203704,842358341116320722,28,37,46266718000000,2026-09-10T12:24:56.133769+00:00,interpolated,-3.780000016093254,1.7500000074505806,-6.370000027120113
22.674687338,842358340644092820,842358341116320722,28,38,46266718000000,2026-09-10T12:24:56.133769+00:00,interpolated,-3.6400000154972076,1.3300000056624413,-6.860000029206276
22.693576454,842358340662981936,842358341116320722,28,39,46266718000000,2026-09-10T12:24:56.133769+00:00,interpolated,-3.2200000137090683,1.6100000068545341,-6.790000028908253
22.71246557,842358340681871052,842358341116320722,28,40,46266718000000,2026-09-10T12:24:56.133769+00:00,interpolated,-2.6600000113248825,2.1000000089406967,-6.230000026524067
22.731354686,842358340700760168,842358341116320722,28,41,46266718000000,2026-09-10T12:24:56.133769+00:00,interpolated,-2.3100000098347664,2.7300000116229057,-5.880000025033951
22.750243802,842358340719649284,842358341116320722,28,42,46266718000000,2026-09-10T12:24:56.133769+00:00,interpolated,-2.17000000923872,2.1000000089406967,-5.320000022649765
22.769132918,842358340738538400,842358341116320722,28,43,46266718000000,2026-09-10T12:24:56.133769+00:00,interpolated,-2.7300000116229057,1.6100000068545341,-5.250000022351742
22.788022034,842358340757427516,842358341116320722,28,44,46266718000000,2026-09-10T12:24:56.133769+00:00,interpolated,-2.870000012218952,1.6800000071525574,-5.670000024139881
22.80691115,842358340776316632,842358341116320722,28,45,46266718000000,2026-09-10T12:24:56.133769+00:00,interpolated,-2.240000009536743,0.9800000041723251,-5.600000023841858
22.825800266,842358340795205748,842358341116320722,28,46,46266718000000,2026-09-10T12:24:56.133769+00:00,interpolated,-3.430000014603138,0.3500000014901161,-4.970000021159649
22.844689383,842358340814094865,842358341116320722,28,47,46266718000000,2026-09-10T12:24:56.133769+00:00,interpolated,-5.880000025033951,-3.0100000128149986,-4.760000020265579
22.863578499,842358340832983981,842358341116320722,28,48,46266718000000,2026-09-10T12:24:56.133769+00:00,interpolated,-6.160000026226044,-2.6600000113248825,-3.430000014603138
22.882467615,842358340851873097,842358341116320722,28,49,46266718000000,2026-09-10T12:24:56.133769+00:00,interpolated,-9.380000039935112,-0.7000000029802322,-3.0100000128149986
22.901356731,842358340870762213,842358341116320722,28,50,46266718000000,2026-09-10T12:24:56.133769+00:00,interpolated,-15.260000064969063,8.190000034868717,-2.520000010728836
22.920245847,842358340889651329,842358341116320722,28,51,46266718000000,2026-09-10T12:24:56.133769+00:00,interpolated,-14.420000061392784,9.870000042021275,-0.630000002682209
22.939134963,842358340908540445,842358341116320722,28,52,46266718000000,2026-09-10T12:24:56.133769+00:00,interpolated,-12.880000054836273,4.270000018179417,2.3800000101327896
22.958024079,842358340927429561,842358341116320722,28,53,46266718000000,2026-09-10T12:24:56.133769+00:00,interpolated,-12.460000053048134,6.440000027418137,5.880000025033951
22.976913195,842358340946318677,842358341116320722,28,54,46266718000000,2026-09-10T12:24:56.133769+00:00,interpolated,-10.150000043213367,7.000000029802322,9.800000041723251
22.995802311,842358340965207793,842358341116320722,28,55,46266718000000,2026-09-10T12:24:56.133769+00:00,interpolated,-10.150000043213367,0.49000000208616257,13.580000057816505
23.014691427,842358340984096909,842358341116320722,28,56,46266718000000,2026-09-10T12:24:56.133769+00:00,interpolated,-9.450000040233135,1.3300000056624413,16.660000070929527
23.033580543,842358341002986025,842358341116320722,28,57,46266718000000,2026-09-10T12:24:56.133769+00:00,interpolated,-8.750000037252903,7.840000033378601,17.99000007659197
23.05246966,842358341021875142,842358341116320722,28,58,46266718000000,2026-09-10T12:24:56.133769+00:00,interpolated,-11.550000049173832,14.840000063180923,18.410000078380108
23.071358776,842358341040764258,842358341116320722,28,59,46266718000000,2026-09-10T12:24:56.133769+00:00,interpolated,-14.140000060200691,16.31000006943941,19.180000081658363
23.090247892,842358341059653374,842358341116320722,28,60,46266718000000,2026-09-10T12:24:56.133769+00:00,interpolated,-14.7700000628829,16.52000007033348,21.000000089406967
23.109137008,842358341078542490,842358341116320722,28,61,46266718000000,2026-09-10T12:24:56.133769+00:00,interpolated,-15.820000067353249,13.23000005632639,24.57000010460615
23.128026124,842358341097431606,842358341116320722,28,62,46266718000000,2026-09-10T12:24:56.133769+00:00,interpolated,-16.660000070929527,7.700000032782555,26.95000011473894
23.14691524,842358341116320722,842358341116320722,28,63,46266718000000,2026-09-10T12:24:56.133769+00:00,interpolated,-17.99000007659197,6.30000002682209,27.650000117719173
23.165804356,842358341135209838,842358342193000340,31,0,46267828000000,2026-09-10T12:24:57.242924+00:00,interpolated,-19.040000081062317,4.900000020861626,29.190000124275684
23.184693472,842358341154098954,842358342193000340,31,1,46267828000000,2026-09-10T12:24:57.242924+00:00,interpolated,-17.57000007480383,2.3100000098347664,31.08000013232231
23.203582588,842358341172988070,842358342193000340,31,2,46267828000000,2026-09-10T12:24:57.242924+00:00,interpolated,-15.820000067353249,1.890000008046627,31.570000134408474
23.222471704,842358341191877186,842358342193000340,31,3,46267828000000,2026-09-10T12:24:57.242924+00:00,interpolated,-15.750000067055225,2.3800000101327896,31.92000013589859
23.241360821,842358341210766303,842358342193000340,31,4,46267828000000,2026-09-10T12:24:57.242924+00:00,interpolated,-15.120000064373016,2.3800000101327896,34.79000014811754
23.260249937,842358341229655419,842358342193000340,31,5,46267828000000,2026-09-10T12:24:57.242924+00:00,interpolated,-13.440000057220459,6.860000029206276,37.17000015825033
23.279139053,842358341248544535,842358342193000340,31,6,46267828000000,2026-09-10T12:24:57.242924+00:00,interpolated,-14.630000062286854,13.23000005632639,38.01000016182661
23.298028169,842358341267433651,842358342193000340,31,7,46267828000000,2026-09-10T12:24:57.242924+00:00,interpolated,-15.680000066757202,14.700000062584877,38.990000165998936
23.316917285,842358341286322767,842358342193000340,31,8,46267828000000,2026-09-10T12:24:57.242924+00:00,interpolated,-16.94000007212162,9.730000041425228,40.3900001719594
23.335806401,842358341305211883,842358342193000340,31,9,46267828000000,2026-09-10T12:24:57.242924+00:00,interpolated,-18.830000080168247,1.8200000077486038,42.70000018179417
23.354695517,842358341324100999,842358342193000340,31,10,46267828000000,2026-09-10T12:24:57.242924+00:00,interpolated,-22.960000097751617,-1.540000006556511,45.01000019162893
23.373584633,842358341342990115,842358342193000340,31,11,46267828000000,2026-09-10T12:24:57.242924+00:00,interpolated,-25.340000107884407,0.0,47.18000020086765
23.392473749,842358341361879231,842358342193000340,31,12,46267828000000,2026-09-10T12:24:57.242924+00:00,interpolated,-24.430000104010105,3.0100000128149986,49.98000021278858
23.411362865,842358341380768347,842358342193000340,31,13,46267828000000,2026-09-10T12:24:57.242924+00:00,interpolated,-24.920000106096268,5.950000025331974,52.010000221431255
23.430251982,842358341399657464,842358342193000340,31,14,46267828000000,2026-09-10T12:24:57.242924+00:00,interpolated,-25.83000010997057,8.540000036358833,53.27000022679567
23.449141098,842358341418546580,842358342193000340,31,15,46267828000000,2026-09-10T12:24:57.242924+00:00,interpolated,-28.350000120699406,8.330000035464764,52.36000022292137
23.468030214,842358341437435696,842358342193000340,31,16,46267828000000,2026-09-10T12:24:57.242924+00:00,interpolated,-29.050000123679638,10.080000042915344,51.31000021845102
23.48691933,842358341456324812,842358342193000340,31,17,46267828000000,2026-09-10T12:24:57.242924+00:00,interpolated,-28.00000011920929,11.690000049769878,50.470000214874744
23.505808446,842358341475213928,842358342193000340,31,18,46267828000000,2026-09-10T12:24:57.242924+00:00,interpolated,-26.880000114440918,16.870000071823597,49.210000209510326
23.524697562,842358341494103044,842358342193000340,31,19,46267828000000,2026-09-10T12:24:57.242924+00:00,interpolated,-26.810000114142895,23.87000010162592,46.90000019967556
23.543586678,842358341512992160,842358342193000340,31,20,46267828000000,2026-09-10T12:24:57.242924+00:00,interpolated,-28.350000120699406,31.29000013321638,44.10000018775463
23.562475794,842358341531881276,842358342193000340,31,21,46267828000000,2026-09-10T12:24:57.242924+00:00,interpolated,-28.770000122487545,29.33000012487173,41.23000017553568
23.58136491,842358341550770392,842358342193000340,31,22,46267828000000,2026-09-10T12:24:57.242924+00:00,interpolated,-25.760000109672546,27.930000118911266,37.73000016063452
23.600254027,842358341569659509,842358342193000340,31,23,46267828000000,2026-09-10T12:24:57.242924+00:00,interpolated,-20.65000008791685,26.46000011265278,31.92000013589859
23.619143143,842358341588548625,842358342193000340,31,24,46267828000000,2026-09-10T12:24:57.242924+00:00,interpolated,-13.23000005632639,25.760000109672546,25.480000108480453
23.638032259,842358341607437741,842358342193000340,31,25,46267828000000,2026-09-10T12:24:57.242924+00:00,interpolated,-3.2200000137090683,22.050000093877316,20.300000086426735
23.656921375,842358341626326857,842358342193000340,31,26,46267828000000,2026-09-10T12:24:57.242924+00:00,interpolated,1.1900000050663948,14.280000060796738,14.840000063180923
23.675810491,842358341645215973,842358342193000340,31,27,46267828000000,2026-09-10T12:24:57.242924+00:00,interpolated,2.450000010430813,10.500000044703484,8.610000036656857
23.694699607,842358341664105089,842358342193000340,31,28,46267828000000,2026-09-10T12:24:57.242924+00:00,interpolated,1.890000008046627,13.790000058710575,-0.21000000089406967
23.713588723,842358341682994205,842358342193000340,31,29,46267828000000,2026-09-10T12:24:57.242924+00:00,interpolated,1.1200000047683716,15.050000064074993,-9.730000041425228
23.732477839,842358341701883321,842358342193000340,31,30,46267828000000,2026-09-10T12:24:57.242924+00:00,interpolated,4.8300000205636024,10.150000043213367,-17.850000075995922
23.751366955,842358341720772437,842358342193000340,31,31,46267828000000,2026-09-10T12:24:57.242924+00:00,interpolated,15.260000064969063,7.420000031590462,-23.03000009804964
23.770256071,842358341739661553,842358342193000340,31,32,46267828000000,2026-09-10T12:24:57.242924+00:00,interpolated,29.050000123679638,11.200000047683716,-26.95000011473894
23.789145188,842358341758550670,842358342193000340,31,33,46267828000000,2026-09-10T12:24:57.242924+00:00,interpolated,39.830000169575214,15.050000064074993,-34.02000014483929
23.808034304,842358341777439786,842358342193000340,31,34,46267828000000,2026-09-10T12:24:57.242924+00:00,interpolated,44.87000019103289,17.430000074207783,-40.3900001719594
23.82692342,842358341796328902,842358342193000340,31,35,46267828000000,2026-09-10T12:24:57.242924+00:00,interpolated,55.30000023543835,29.400000125169754,-45.710000194609165
23.845812536,842358341815218018,842358342193000340,31,36,46267828000000,2026-09-10T12:24:57.242924+00:00,interpolated,62.16000026464462,32.480000138282776,-57.68000024557114
23.864701652,842358341834107134,842358342193000340,31,37,46267828000000,2026-09-10T12:24:57.242924+00:00,interpolated,57.12000024318695,25.900000110268593,-69.9300002977252
23.883590768,842358341852996250,842358342193000340,31,38,46267828000000,2026-09-10T12:24:57.242924+00:00,interpolated,57.82000024616718,33.110000140964985,-78.9600003361702
23.902479884,842358341871885366,842358342193000340,31,39,46267828000000,2026-09-10T12:24:57.242924+00:00,interpolated,61.67000026255846,38.570000164210796,-84.35000035911798
23.921369,842358341890774482,842358342193000340,31,40,46267828000000,2026-09-10T12:24:57.242924+00:00,interpolated,56.63000024110079,19.74000008404255,-90.02000038325787
23.940258116,842358341909663598,842358342193000340,31,41,46267828000000,2026-09-10T12:24:57.242924+00:00,interpolated,46.90000019967556,-13.300000056624413,-93.17000039666891
23.959147233,842358341928552715,842358342193000340,31,42,46267828000000,2026-09-10T12:24:57.242924+00:00,interpolated,28.770000122487545,-43.4000001847744,-97.72000041604042
23.978036349,842358341947441831,842358342193000340,31,43,46267828000000,2026-09-10T12:24:57.242924+00:00,interpolated,3.150000013411045,-58.66000024974346,-102.83000043779612
23.996925465,842358341966330947,842358342193000340,31,44,46267828000000,2026-09-10T12:24:57.242924+00:00,interpolated,-12.81000005453825,-65.24000027775764,-96.25000040978193
24.015814581,842358341985220063,842358342193000340,31,45,46267828000000,2026-09-10T12:24:57.242924+00:00,interpolated,-24.430000104010105,-76.72000032663345,-84.42000035941601
24.034703697,842358342004109179,842358342193000340,31,46,46267828000000,2026-09-10T12:24:57.242924+00:00,interpolated,-51.10000021755695,-95.20000040531158,-76.02000032365322
24.053592813,842358342022998295,842358342193000340,31,47,46267828000000,2026-09-10T12:24:57.242924+00:00,interpolated,-87.08000037074089,-112.00000047683716,-71.68000030517578
24.072481929,842358342041887411,842358342193000340,31,48,46267828000000,2026-09-10T12:24:57.242924+00:00,interpolated,-112.84000048041344,-115.64000049233437,-64.40000027418137
24.091371045,842358342060776527,842358342193000340,31,49,46267828000000,2026-09-10T12:24:57.242924+00:00,interpolated,-124.25000052899122,-114.38000048696995,-50.54000021517277
24.110260161,842358342079665643,842358342193000340,31,50,46267828000000,2026-09-10T12:24:57.242924+00:00,interpolated,-132.3000005632639,-107.66000045835972,-41.65000017732382
24.129149277,842358342098554759,842358342193000340,31,51,46267828000000,2026-09-10T12:24:57.242924+00:00,interpolated,-137.62000058591366,-95.8300004079938,-34.16000014543533
24.148038394,842358342117443876,842358342193000340,31,52,46267828000000,2026-09-10T12:24:57.242924+00:00,interpolated,-135.80000057816505,-85.68000036478043,-21.980000093579292
24.16692751,842358342136332992,842358342193000340,31,53,46267828000000,2026-09-10T12:24:57.242924+00:00,interpolated,-127.89000054448843,-78.47000033408403,-7.700000032782555
24.185816626,842358342155222108,842358342193000340,31,54,46267828000000,2026-09-10T12:24:57.242924+00:00,interpolated,-117.11000049859285,-70.2100002989173,3.500000014901161
24.204705742,842358342174111224,842358342193000340,31,55,46267828000000,2026-09-10T12:24:57.242924+00:00,interpolated,-110.04000046849251,-68.46000029146671,9.940000042319298
24.223594858,842358342193000340,842358342193000340,31,56,46267828000000,2026-09-10T12:24:57.242924+00:00,interpolated,-106.12000045180321,-86.73000036925077,11.620000049471855
24.24248451,842358342211889992,842358343269710476,34,0,46268937000000,2026-09-10T12:24:58.353318+00:00,interpolated,-101.22000043094158,-108.15000046044588,10.990000046789646
24.261374161,842358342230779643,842358343269710476,34,1,46268937000000,2026-09-10T12:24:58.353318+00:00,interpolated,-85.47000036388636,-112.07000047713518,13.23000005632639
24.280263813,842358342249669295,842358343269710476,34,2,46268937000000,2026-09-10T12:24:58.353318+00:00,interpolated,-61.530000261962414,-97.23000041395426,18.200000077486038
24.299153464,842358342268558946,842358343269710476,34,3,46268937000000,2026-09-10T12:24:58.353318+00:00,interpolated,-41.580000177025795,-83.7900003567338,19.250000081956387
24.318043116,842358342287448598,842358343269710476,34,4,46268937000000,2026-09-10T12:24:58.353318+00:00,interpolated,-27.440000116825104,-70.2100002989173,15.40000006556511
24.336932767,842358342306338249,842358343269710476,34,5,46268937000000,2026-09-10T12:24:58.353318+00:00,interpolated,-12.250000052154064,-49.840000212192535,10.43000004440546
24.355822419,842358342325227901,842358343269710476,34,6,46268937000000,2026-09-10T12:24:58.353318+00:00,interpolated,1.8200000077486038,-24.99000010639429,3.430000014603138
24.37471207,842358342344117552,842358343269710476,34,7,46268937000000,2026-09-10T12:24:58.353318+00:00,interpolated,8.120000034570694,-7.000000029802322,-5.670000024139881
24.393601722,842358342363007204,842358343269710476,34,8,46268937000000,2026-09-10T12:24:58.353318+00:00,interpolated,9.870000042021275,-1.0500000044703484,-14.210000060498714
24.412491373,842358342381896855,842358343269710476,34,9,46268937000000,2026-09-10T12:24:58.353318+00:00,interpolated,11.760000050067902,1.4000000059604645,-22.260000094771385
24.431381025,842358342400786507,842358343269710476,34,10,46268937000000,2026-09-10T12:24:58.353318+00:00,interpolated,16.03000006824732,5.600000023841858,-28.42000012099743
24.450270676,842358342419676158,842358343269710476,34,11,46268937000000,2026-09-10T12:24:58.353318+00:00,interpolated,22.050000093877316,9.870000042021275,-28.070000119507313
24.469160328,842358342438565810,842358343269710476,34,12,46268937000000,2026-09-10T12:24:58.353318+00:00,interpolated,25.690000109374523,10.43000004440546,-26.25000011175871
24.488049979,842358342457455461,842358343269710476,34,13,46268937000000,2026-09-10T12:24:58.353318+00:00,interpolated,12.950000055134296,6.650000028312206,-26.25000011175871
24.506939631,842358342476345113,842358343269710476,34,14,46268937000000,2026-09-10T12:24:58.353318+00:00,interpolated,2.17000000923872,-1.6800000071525574,-20.86000008881092
24.525829282,842358342495234764,842358343269710476,34,15,46268937000000,2026-09-10T12:24:58.353318+00:00,interpolated,-7.560000032186508,-13.02000005543232,-19.390000082552433
24.544718934,842358342514124416,842358343269710476,34,16,46268937000000,2026-09-10T12:24:58.353318+00:00,interpolated,-19.74000008404255,-22.6100000962615,-22.470000095665455
24.563608585,842358342533014067,842358343269710476,34,17,46268937000000,2026-09-10T12:24:58.353318+00:00,interpolated,-26.67000011354685,-24.99000010639429,-24.29000010341406
24.582498237,842358342551903719,842358343269710476,34,18,46268937000000,2026-09-10T12:24:58.353318+00:00,interpolated,-31.360000133514404,-24.640000104904175,-24.29000010341406
24.601387888,842358342570793370,842358343269710476,34,19,46268937000000,2026-09-10T12:24:58.353318+00:00,interpolated,-41.160000175237656,-24.220000103116035,-23.730000101029873
24.62027754,842358342589683022,842358343269710476,34,20,46268937000000,2026-09-10T12:24:58.353318+00:00,interpolated,-46.76000019907951,-20.23000008612871,-21.28000009059906
24.639167191,842358342608572673,842358343269710476,34,21,46268937000000,2026-09-10T12:24:58.353318+00:00,interpolated,-35.14000014960766,-12.81000005453825,-18.130000077188015
24.658056843,842358342627462325,842358343269710476,34,22,46268937000000,2026-09-10T12:24:58.353318+00:00,interpolated,-25.270000107586384,-1.7500000074505806,-18.130000077188015
24.676946494,842358342646351976,842358343269710476,34,23,46268937000000,2026-09-10T12:24:58.353318+00:00,interpolated,-21.000000089406967,6.440000027418137,-18.48000007867813
24.695836146,842358342665241628,842358343269710476,34,24,46268937000000,2026-09-10T12:24:58.353318+00:00,interpolated,-10.64000004529953,12.81000005453825,-17.7800000756979
24.714725797,842358342684131279,842358343269710476,34,25,46268937000000,2026-09-10T12:24:58.353318+00:00,interpolated,-3.5700000151991844,23.590000100433826,-20.300000086426735
24.733615449,842358342703020931,842358343269710476,34,26,46268937000000,2026-09-10T12:24:58.353318+00:00,interpolated,-0.7000000029802322,25.270000107586384,-25.970000110566616
24.7525051,842358342721910582,842358343269710476,34,27,46268937000000,2026-09-10T12:24:58.353318+00:00,interpolated,-5.600000023841858,11.06000004708767,-32.76000013947487
24.771394752,842358342740800234,842358343269710476,34,28,46268937000000,2026-09-10T12:24:58.353318+00:00,interpolated,-7.770000033080578,0.3500000014901161,-38.92000016570091
24.790284403,842358342759689885,842358343269710476,34,29,46268937000000,2026-09-10T12:24:58.353318+00:00,interpolated,-3.780000016093254,0.9800000041723251,-39.69000016897917
24.809174055,842358342778579537,842358343269710476,34,30,46268937000000,2026-09-10T12:24:58.353318+00:00,interpolated,3.8500000163912773,2.450000010430813,-36.75000015646219
24.828063706,842358342797469188,842358343269710476,34,31,46268937000000,2026-09-10T12:24:58.353318+00:00,interpolated,13.160000056028366,8.400000035762787,-32.690000139176846
24.846953358,842358342816358840,842358343269710476,34,32,46268937000000,2026-09-10T12:24:58.353318+00:00,interpolated,17.500000074505806,13.930000059306622,-28.560000121593475
24.865843009,842358342835248491,842358343269710476,34,33,46268937000000,2026-09-10T12:24:58.353318+00:00,interpolated,19.32000008225441,18.970000080764294,-23.940000101923943
24.884732661,842358342854138143,842358343269710476,34,34,46268937000000,2026-09-10T12:24:58.353318+00:00,interpolated,21.770000092685223,23.66000010073185,-19.11000008136034
24.903622312,842358342873027794,842358343269710476,34,35,46268937000000,2026-09-10T12:24:58.353318+00:00,interpolated,23.03000009804964,24.640000104904175,-13.860000059008598
24.922511964,842358342891917446,842358343269710476,34,36,46268937000000,2026-09-10T12:24:58.353318+00:00,interpolated,22.190000094473362,26.320000112056732,-7.490000031888485
24.941401615,842358342910807097,842358343269710476,34,37,46268937000000,2026-09-10T12:24:58.353318+00:00,interpolated,20.720000088214874,25.130000106990337,-1.260000005364418
24.960291267,842358342929696749,842358343269710476,34,38,46268937000000,2026-09-10T12:24:58.353318+00:00,interpolated,16.800000071525574,19.250000081956387,3.8500000163912773
24.979180918,842358342948586400,842358343269710476,34,39,46268937000000,2026-09-10T12:24:58.353318+00:00,interpolated,11.06000004708767,12.040000051259995,9.310000039637089
24.99807057,842358342967476052,842358343269710476,34,40,46268937000000,2026-09-10T12:24:58.353318+00:00,interpolated,3.430000014603138,2.6600000113248825,15.120000064373016
25.016960221,842358342986365703,842358343269710476,34,41,46268937000000,2026-09-10T12:24:58.353318+00:00,interpolated,-2.17000000923872,-7.420000031590462,21.7000000923872
25.035849873,842358343005255355,842358343269710476,34,42,46268937000000,2026-09-10T12:24:58.353318+00:00,interpolated,-4.5500000193715096,-14.630000062286854,27.37000011652708
25.054739524,842358343024145006,842358343269710476,34,43,46268937000000,2026-09-10T12:24:58.353318+00:00,interpolated,-5.390000022947788,-17.220000073313713,30.660000130534172
25.073629176,842358343043034658,842358343269710476,34,44,46268937000000,2026-09-10T12:24:58.353318+00:00,interpolated,-6.7200000286102295,-19.180000081658363,31.29000013321638
25.092518827,842358343061924309,842358343269710476,34,45,46268937000000,2026-09-10T12:24:58.353318+00:00,interpolated,-8.960000038146973,-21.28000009059906,30.38000012934208
25.111408479,842358343080813961,842358343269710476,34,46,46268937000000,2026-09-10T12:24:58.353318+00:00,interpolated,-8.820000037550926,-19.32000008225441,29.5400001257658
25.13029813,842358343099703612,842358343269710476,34,47,46268937000000,2026-09-10T12:24:58.353318+00:00,interpolated,-6.650000028312206,-12.39000005275011,29.5400001257658
25.149187782,842358343118593264,842358343269710476,34,48,46268937000000,2026-09-10T12:24:58.353318+00:00,interpolated,-3.500000014901161,-3.2900000140070915,31.29000013321638
25.168077433,842358343137482915,842358343269710476,34,49,46268937000000,2026-09-10T12:24:58.353318+00:00,interpolated,0.630000002682209,0.8400000035762787,34.02000014483929
25.186967085,842358343156372567,842358343269710476,34,50,46268937000000,2026-09-10T12:24:58.353318+00:00,interpolated,2.800000011920929,0.9100000038743019,34.30000014603138
25.205856736,842358343175262218,842358343269710476,34,51,46268937000000,2026-09-10T12:24:58.353318+00:00,interpolated,5.110000021755695,1.540000006556511,32.06000013649464
25.224746388,842358343194151870,842358343269710476,34,52,46268937000000,2026-09-10T12:24:58.353318+00:00,interpolated,8.190000034868717,3.6400000154972076,29.96000012755394
25.243636039,842358343213041521,842358343269710476,34,53,46268937000000,2026-09-10T12:24:58.353318+00:00,interpolated,9.730000041425228,5.110000021755695,26.67000011354685
25.262525691,842358343231931173,842358343269710476,34,54,46268937000000,2026-09-10T12:24:58.353318+00:00,interpolated,11.130000047385693,5.600000023841858,22.12000009417534
25.281415342,842358343250820824,842358343269710476,34,55,46268937000000,2026-09-10T12:24:58.353318+00:00,interpolated,13.370000056922436,4.760000020265579,18.130000077188015
25.300304994,842358343269710476,842358343269710476,34,56,46268937000000,2026-09-10T12:24:58.353318+00:00,interpolated,16.03000006824732,2.1000000089406967,14.910000063478947
25.31919411,842358343288599592,842358344346390094,37,0,46270140000000,2026-09-10T12:24:59.552919+00:00,interpolated,19.040000081062317,1.6100000068545341,13.370000056922436
25.338083226,842358343307488708,842358344346390094,37,1,46270140000000,2026-09-10T12:24:59.552919+00:00,interpolated,22.6100000962615,4.900000020861626,12.110000051558018
25.356972342,842358343326377824,842358344346390094,37,2,46270140000000,2026-09-10T12:24:59.552919+00:00,interpolated,27.020000115036964,11.340000048279762,10.570000045001507
25.375861458,842358343345266940,842358344346390094,37,3,46270140000000,2026-09-10T12:24:59.552919+00:00,interpolated,30.520000129938126,19.670000083744526,7.630000032484531
25.394750575,842358343364156057,842358344346390094,37,4,46270140000000,2026-09-10T12:24:59.552919+00:00,interpolated,33.67000014334917,25.550000108778477,4.34000001847744
25.413639691,842358343383045173,842358344346390094,37,5,46270140000000,2026-09-10T12:24:59.552919+00:00,interpolated,36.820000156760216,27.79000011831522,2.1000000089406967
25.432528807,842358343401934289,842358344346390094,37,6,46270140000000,2026-09-10T12:24:59.552919+00:00,interpolated,39.69000016897917,28.070000119507313,0.3500000014901161
25.451417923,842358343420823405,842358344346390094,37,7,46270140000000,2026-09-10T12:24:59.552919+00:00,interpolated,41.160000175237656,27.930000118911266,-3.2900000140070915
25.470307039,842358343439712521,842358344346390094,37,8,46270140000000,2026-09-10T12:24:59.552919+00:00,interpolated,41.65000017732382,26.74000011384487,-10.8500000461936
25.489196155,842358343458601637,842358344346390094,37,9,46270140000000,2026-09-10T12:24:59.552919+00:00,interpolated,44.66000019013882,22.6100000962615,-18.130000077188015
25.508085271,842358343477490753,842358344346390094,37,10,46270140000000,2026-09-10T12:24:59.552919+00:00,interpolated,48.65000020712614,17.080000072717667,-20.370000086724758
25.526974387,842358343496379869,842358344346390094,37,11,46270140000000,2026-09-10T12:24:59.552919+00:00,interpolated,48.58000020682812,13.580000057816505,-21.140000090003014
25.545863503,842358343515268985,842358344346390094,37,12,46270140000000,2026-09-10T12:24:59.552919+00:00,interpolated,48.37000020593405,13.860000059008598,-22.470000095665455
25.564752619,842358343534158101,842358344346390094,37,13,46270140000000,2026-09-10T12:24:59.552919+00:00,interpolated,52.220000222325325,20.44000008702278,-28.350000120699406
25.583641736,842358343553047218,842358344346390094,37,14,46270140000000,2026-09-10T12:24:59.552919+00:00,interpolated,55.37000023573637,30.030000127851963,-37.17000015825033
25.602530852,842358343571936334,842358344346390094,37,15,46270140000000,2026-09-10T12:24:59.552919+00:00,interpolated,57.05000024288893,38.01000016182661,-42.63000018149614
25.621419968,842358343590825450,842358344346390094,37,16,46270140000000,2026-09-10T12:24:59.552919+00:00,interpolated,60.34000025689602,45.85000019520521,-43.960000187158585
25.640309084,842358343609714566,842358344346390094,37,17,46270140000000,2026-09-10T12:24:59.552919+00:00,interpolated,66.99000028520823,51.45000021904707,-44.24000018835068
25.6591982,842358343628603682,842358344346390094,37,18,46270140000000,2026-09-10T12:24:59.552919+00:00,interpolated,71.89000030606985,57.400000244379044,-48.44000020623207
25.678087316,842358343647492798,842358344346390094,37,19,46270140000000,2026-09-10T12:24:59.552919+00:00,interpolated,73.78000031411648,67.76000028848648,-54.390000231564045
25.696976432,842358343666381914,842358344346390094,37,20,46270140000000,2026-09-10T12:24:59.552919+00:00,interpolated,82.11000034958124,86.87000036984682,-56.84000024199486
25.715865548,842358343685271030,842358344346390094,37,21,46270140000000,2026-09-10T12:24:59.552919+00:00,interpolated,93.7300003990531,105.77000045031309,-57.96000024676323
25.734754664,842358343704160146,842358344346390094,37,22,46270140000000,2026-09-10T12:24:59.552919+00:00,interpolated,101.64000043272972,112.84000048041344,-60.480000257492065
25.753643781,842358343723049263,842358344346390094,37,23,46270140000000,2026-09-10T12:24:59.552919+00:00,interpolated,107.38000045716763,107.52000045776367,-66.64000028371811
25.772532897,842358343741938379,842358344346390094,37,24,46270140000000,2026-09-10T12:24:59.552919+00:00,interpolated,109.97000046819448,99.19000042229891,-75.32000032067299
25.791422013,842358343760827495,842358344346390094,37,25,46270140000000,2026-09-10T12:24:59.552919+00:00,interpolated,111.2300004735589,94.50000040233135,-81.34000034630299
25.810311129,842358343779716611,842358344346390094,37,26,46270140000000,2026-09-10T12:24:59.552919+00:00,interpolated,112.21000047773123,91.70000039041042,-85.68000036478043
25.829200245,842358343798605727,842358344346390094,37,27,46270140000000,2026-09-10T12:24:59.552919+00:00,interpolated,112.28000047802925,88.9000003784895,-89.88000038266182
25.848089361,842358343817494843,842358344346390094,37,28,46270140000000,2026-09-10T12:24:59.552919+00:00,interpolated,112.77000048011541,86.03000036627054,-91.84000039100647
25.866978477,842358343836383959,842358344346390094,37,29,46270140000000,2026-09-10T12:24:59.552919+00:00,interpolated,115.1500004902482,87.57000037282705,-93.24000039696693
25.885867593,842358343855273075,842358344346390094,37,30,46270140000000,2026-09-10T12:24:59.552919+00:00,interpolated,115.64000049233437,92.8200003951788,-98.35000041872263
25.904756709,842358343874162191,842358344346390094,37,31,46270140000000,2026-09-10T12:24:59.552919+00:00,interpolated,112.91000048071146,97.30000041425228,-104.09000044316053
25.923645825,842358343893051307,842358344346390094,37,32,46270140000000,2026-09-10T12:24:59.552919+00:00,interpolated,111.72000047564507,98.49000041931868,-106.75000045448542
25.942534942,842358343911940424,842358344346390094,37,33,46270140000000,2026-09-10T12:24:59.552919+00:00,interpolated,108.2200004607439,98.07000041753054,-108.43000046163797
25.961424058,842358343930829540,842358344346390094,37,34,46270140000000,2026-09-10T12:24:59.552919+00:00,interpolated,103.60000044107437,96.95000041276217,-108.08000046014786
25.980313174,842358343949718656,842358344346390094,37,35,46270140000000,2026-09-10T12:24:59.552919+00:00,interpolated,96.95000041276217,92.47000039368868,-103.95000044256449
25.99920229,842358343968607772,842358344346390094,37,36,46270140000000,2026-09-10T12:24:59.552919+00:00,interpolated,90.440000385046,82.8800003528595,-98.91000042110682
26.018091406,842358343987496888,842358344346390094,37,37,46270140000000,2026-09-10T12:24:59.552919+00:00,interpolated,83.44000035524368,69.72000029683113,-95.62000040709972
26.036980522,842358344006386004,842358344346390094,37,38,46270140000000,2026-09-10T12:24:59.552919+00:00,interpolated,76.23000032454729,56.49000024050474,-93.52000039815903
26.055869638,842358344025275120,842358344346390094,37,39,46270140000000,2026-09-10T12:24:59.552919+00:00,interpolated,67.97000028938055,45.85000019520521,-89.60000038146973
26.074758754,842358344044164236,842358344346390094,37,40,46270140000000,2026-09-10T12:24:59.552919+00:00,interpolated,59.29000025242567,38.080000162124634,-81.83000034838915
26.09364787,842358344063053352,842358344346390094,37,41,46270140000000,2026-09-10T12:24:59.552919+00:00,interpolated,52.1500002220273,28.21000012010336,-72.24000030755997
26.112536987,842358344081942469,842358344346390094,37,42,46270140000000,2026-09-10T12:24:59.552919+00:00,interpolated,45.500000193715096,18.970000080764294,-64.68000027537346
26.131426103,842358344100831585,842358344346390094,37,43,46270140000000,2026-09-10T12:24:59.552919+00:00,interpolated,37.870000161230564,10.920000046491623,-58.03000024706125
26.150315219,842358344119720701,842358344346390094,37,44,46270140000000,2026-09-10T12:24:59.552919+00:00,interpolated,28.91000012308359,0.42000000178813934,-51.240000218153
26.169204335,842358344138609817,842358344346390094,37,45,46270140000000,2026-09-10T12:24:59.552919+00:00,interpolated,20.930000089108944,-8.47000003606081,-45.64000019431114
26.188093451,842358344157498933,842358344346390094,37,46,46270140000000,2026-09-10T12:24:59.552919+00:00,interpolated,15.050000064074993,-14.210000060498714,-40.88000017404556
26.206982567,842358344176388049,842358344346390094,37,47,46270140000000,2026-09-10T12:24:59.552919+00:00,interpolated,13.580000057816505,-15.19000006467104,-34.93000014871359
26.225871683,842358344195277165,842358344346390094,37,48,46270140000000,2026-09-10T12:24:59.552919+00:00,interpolated,10.64000004529953,-13.930000059306622,-26.04000011086464
26.244760799,842358344214166281,842358344346390094,37,49,46270140000000,2026-09-10T12:24:59.552919+00:00,interpolated,3.6400000154972076,-13.510000057518482,-15.820000067353249
26.263649915,842358344233055397,842358344346390094,37,50,46270140000000,2026-09-10T12:24:59.552919+00:00,interpolated,-3.2200000137090683,-13.790000058710575,-7.630000032484531
26.282539031,842358344251944513,842358344346390094,37,51,46270140000000,2026-09-10T12:24:59.552919+00:00,interpolated,-6.0900000259280205,-15.540000066161156,1.1200000047683716
26.301428148,842358344270833630,842358344346390094,37,52,46270140000000,2026-09-10T12:24:59.552919+00:00,interpolated,-4.480000019073486,-19.040000081062317,10.710000045597553
26.320317264,842358344289722746,842358344346390094,37,53,46270140000000,2026-09-10T12:24:59.552919+00:00,interpolated,-6.020000025629997,-24.920000106096268,20.23000008612871
26.33920638,842358344308611862,842358344346390094,37,54,46270140000000,2026-09-10T12:24:59.552919+00:00,interpolated,-17.500000074505806,-31.430000133812428,28.84000012278557
26.358095496,842358344327500978,842358344346390094,37,55,46270140000000,2026-09-10T12:24:59.552919+00:00,interpolated,-45.78000019490719,-36.33000015467405,31.71000013500452
26.376984612,842358344346390094,842358344346390094,37,56,46270140000000,2026-09-10T12:24:59.552919+00:00,interpolated,-63.98000027239323,-60.97000025957823,31.71000013500452
26.395873728,842358344365279210,842358345423069712,41,0,46271281000000,2026-09-10T12:25:00.692970+00:00,interpolated,-66.50000028312206,-86.17000036686659,34.93000014871359
26.414762844,842358344384168326,842358345423069712,41,1,46271281000000,2026-09-10T12:25:00.692970+00:00,interpolated,-57.400000244379044,-106.05000045150518,33.110000140964985
26.43365196,842358344403057442,842358345423069712,41,2,46271281000000,2026-09-10T12:25:00.692970+00:00,interpolated,-60.76000025868416,-134.7500005736947,17.15000007301569
26.452541076,842358344421946558,842358345423069712,41,3,46271281000000,2026-09-10T12:25:00.692970+00:00,interpolated,-75.81000032275915,-124.95000053197145,14.910000063478947
26.471430193,842358344440835675,842358345423069712,41,4,46271281000000,2026-09-10T12:25:00.692970+00:00,interpolated,-72.59000030905008,-119.28000050783157,14.840000063180923
26.490319309,842358344459724791,842358345423069712,41,5,46271281000000,2026-09-10T12:25:00.692970+00:00,interpolated,-68.25000029057264,-147.14000062644482,7.280000030994415
26.509208425,842358344478613907,842358345423069712,41,6,46271281000000,2026-09-10T12:25:00.692970+00:00,interpolated,-51.590000219643116,-168.2100007161498,0.2800000011920929
26.528097541,842358344497503023,842358345423069712,41,7,46271281000000,2026-09-10T12:25:00.692970+00:00,interpolated,-45.15000019222498,-174.790000744164,-0.7700000032782555
26.546986657,842358344516392139,842358345423069712,41,8,46271281000000,2026-09-10T12:25:00.692970+00:00,interpolated,-36.33000015467405,-157.15000066906214,5.740000024437904
26.565875773,842358344535281255,842358345423069712,41,9,46271281000000,2026-09-10T12:25:00.692970+00:00,interpolated,-28.490000121295452,-123.97000052779913,14.56000006198883
26.584764889,842358344554170371,842358345423069712,41,10,46271281000000,2026-09-10T12:25:00.692970+00:00,interpolated,-32.270000137388706,-95.06000040471554,15.960000067949295
26.603654005,842358344573059487,842358345423069712,41,11,46271281000000,2026-09-10T12:25:00.692970+00:00,interpolated,-38.22000016272068,-70.77000030130148,7.3500000312924385
26.622543121,842358344591948603,842358345423069712,41,12,46271281000000,2026-09-10T12:25:00.692970+00:00,interpolated,-34.02000014483929,-41.86000017821789,4.34000001847744
26.641432237,842358344610837719,842358345423069712,41,13,46271281000000,2026-09-10T12:25:00.692970+00:00,interpolated,-30.730000130832195,-25.760000109672546,5.320000022649765
26.660321354,842358344629726836,842358345423069712,41,14,46271281000000,2026-09-10T12:25:00.692970+00:00,interpolated,-37.52000015974045,-33.110000140964985,0.8400000035762787
26.67921047,842358344648615952,842358345423069712,41,15,46271281000000,2026-09-10T12:25:00.692970+00:00,interpolated,-45.15000019222498,-36.96000015735626,-2.3100000098347664
26.698099586,842358344667505068,842358345423069712,41,16,46271281000000,2026-09-10T12:25:00.692970+00:00,interpolated,-48.37000020593405,-33.39000014215708,-4.480000019073486
26.716988702,842358344686394184,842358345423069712,41,17,46271281000000,2026-09-10T12:25:00.692970+00:00,interpolated,-42.70000018179417,-34.72000014781952,-10.780000045895576
26.735877818,842358344705283300,842358345423069712,41,18,46271281000000,2026-09-10T12:25:00.692970+00:00,interpolated,-36.89000015705824,-27.16000011563301,-14.000000059604645
26.754766934,842358344724172416,842358345423069712,41,19,46271281000000,2026-09-10T12:25:00.692970+00:00,interpolated,-31.360000133514404,-17.15000007301569,-16.03000006824732
26.77365605,842358344743061532,842358345423069712,41,20,46271281000000,2026-09-10T12:25:00.692970+00:00,interpolated,-25.6200001090765,-17.57000007480383,-12.950000055134296
26.792545166,842358344761950648,842358345423069712,41,21,46271281000000,2026-09-10T12:25:00.692970+00:00,interpolated,-21.630000092089176,-22.260000094771385,-10.150000043213367
26.811434282,842358344780839764,842358345423069712,41,22,46271281000000,2026-09-10T12:25:00.692970+00:00,interpolated,-16.870000071823597,-33.39000014215708,-9.380000039935112
26.830323399,842358344799728881,842358345423069712,41,23,46271281000000,2026-09-10T12:25:00.692970+00:00,interpolated,-10.780000045895576,-41.160000175237656,-11.270000047981739
26.849212515,842358344818617997,842358345423069712,41,24,46271281000000,2026-09-10T12:25:00.692970+00:00,interpolated,-5.110000021755695,-35.84000015258789,-15.330000065267086
26.868101631,842358344837507113,842358345423069712,41,25,46271281000000,2026-09-10T12:25:00.692970+00:00,interpolated,-6.020000025629997,-27.090000115334988,-20.86000008881092
26.886990747,842358344856396229,842358345423069712,41,26,46271281000000,2026-09-10T12:25:00.692970+00:00,interpolated,-5.950000025331974,-37.870000161230564,-22.470000095665455
26.905879863,842358344875285345,842358345423069712,41,27,46271281000000,2026-09-10T12:25:00.692970+00:00,interpolated,-6.0900000259280205,-38.85000016540289,-24.150000102818012
26.924768979,842358344894174461,842358345423069712,41,28,46271281000000,2026-09-10T12:25:00.692970+00:00,interpolated,-7.630000032484531,-26.46000011265278,-24.920000106096268
26.943658095,842358344913063577,842358345423069712,41,29,46271281000000,2026-09-10T12:25:00.692970+00:00,interpolated,-3.780000016093254,-24.640000104904175,-19.880000084638596
26.962547211,842358344931952693,842358345423069712,41,30,46271281000000,2026-09-10T12:25:00.692970+00:00,interpolated,-0.14000000059604645,-13.860000059008598,-15.890000067651272
26.981436327,842358344950841809,842358345423069712,41,31,46271281000000,2026-09-10T12:25:00.692970+00:00,interpolated,3.2900000140070915,-7.420000031590462,-16.03000006824732
27.000325443,842358344969730925,842358345423069712,41,32,46271281000000,2026-09-10T12:25:00.692970+00:00,interpolated,3.9900000169873238,-17.500000074505806,-18.90000008046627
27.01921456,842358344988620042,842358345423069712,41,33,46271281000000,2026-09-10T12:25:00.692970+00:00,interpolated,4.34000001847744,-23.170000098645687,-18.550000078976154
27.038103676,842358345007509158,842358345423069712,41,34,46271281000000,2026-09-10T12:25:00.692970+00:00,interpolated,0.42000000178813934,-16.73000007122755,-20.23000008612871
27.056992792,842358345026398274,842358345423069712,41,35,46271281000000,2026-09-10T12:25:00.692970+00:00,interpolated,0.9100000038743019,-14.420000061392784,-21.140000090003014
27.075881908,842358345045287390,842358345423069712,41,36,46271281000000,2026-09-10T12:25:00.692970+00:00,interpolated,9.240000039339066,5.320000022649765,-15.050000064074993
27.094771024,842358345064176506,842358345423069712,41,37,46271281000000,2026-09-10T12:25:00.692970+00:00,interpolated,11.410000048577785,17.290000073611736,-15.19000006467104
27.11366014,842358345083065622,842358345423069712,41,38,46271281000000,2026-09-10T12:25:00.692970+00:00,interpolated,9.800000041723251,-0.5600000023841858,-15.750000067055225
27.132549256,842358345101954738,842358345423069712,41,39,46271281000000,2026-09-10T12:25:00.692970+00:00,interpolated,12.040000051259995,-0.7000000029802322,-11.200000047683716
27.151438372,842358345120843854,842358345423069712,41,40,46271281000000,2026-09-10T12:25:00.692970+00:00,interpolated,12.110000051558018,26.320000112056732,-6.650000028312206
27.170327488,842358345139732970,842358345423069712,41,41,46271281000000,2026-09-10T12:25:00.692970+00:00,interpolated,8.05000003427267,20.090000085532665,-2.240000009536743
27.189216605,842358345158622087,842358345423069712,41,42,46271281000000,2026-09-10T12:25:00.692970+00:00,interpolated,10.500000044703484,2.5900000110268593,3.780000016093254
27.208105721,842358345177511203,842358345423069712,41,43,46271281000000,2026-09-10T12:25:00.692970+00:00,interpolated,14.630000062286854,9.590000040829182,3.2900000140070915
27.226994837,842358345196400319,842358345423069712,41,44,46271281000000,2026-09-10T12:25:00.692970+00:00,interpolated,12.950000055134296,35.63000015169382,1.4700000062584877
27.245883953,842358345215289435,842358345423069712,41,45,46271281000000,2026-09-10T12:25:00.692970+00:00,interpolated,15.050000064074993,37.3800001591444,1.260000005364418
27.264773069,842358345234178551,842358345423069712,41,46,46271281000000,2026-09-10T12:25:00.692970+00:00,interpolated,20.16000008583069,21.980000093579292,5.180000022053719
27.283662185,842358345253067667,842358345423069712,41,47,46271281000000,2026-09-10T12:25:00.692970+00:00,interpolated,16.450000070035458,29.890000127255917,6.860000029206276
27.302551301,842358345271956783,842358345423069712,41,48,46271281000000,2026-09-10T12:25:00.692970+00:00,interpolated,12.670000053942204,39.06000016629696,5.810000024735928
27.321440417,842358345290845899,842358345423069712,41,49,46271281000000,2026-09-10T12:25:00.692970+00:00,interpolated,16.94000007212162,38.50000016391277,5.390000022947788
27.340329533,842358345309735015,842358345423069712,41,50,46271281000000,2026-09-10T12:25:00.692970+00:00,interpolated,22.260000094771385,38.570000164210796,8.05000003427267
27.359218649,842358345328624131,842358345423069712,41,51,46271281000000,2026-09-10T12:25:00.692970+00:00,interpolated,25.6200001090765,50.3300002142787,11.480000048875809
27.378107766,842358345347513248,842358345423069712,41,52,46271281000000,2026-09-10T12:25:00.692970+00:00,interpolated,23.170000098645687,70.28000029921532,10.8500000461936
27.396996882,842358345366402364,842358345423069712,41,53,46271281000000,2026-09-10T12:25:00.692970+00:00,interpolated,20.86000008881092,62.650000266730785,11.340000048279762
27.415885998,842358345385291480,842358345423069712,41,54,46271281000000,2026-09-10T12:25:00.692970+00:00,interpolated,21.28000009059906,55.86000023782253,13.650000058114529
27.434775114,842358345404180596,842358345423069712,41,55,46271281000000,2026-09-10T12:25:00.692970+00:00,interpolated,13.300000056624413,55.51000023633242,14.210000060498714
27.45366423,842358345423069712,842358345423069712,41,56,46271281000000,2026-09-10T12:25:00.692970+00:00,interpolated,1.0500000044703484,48.720000207424164,12.250000052154064
27.472553882,842358345441959364,842358346499779848,44,0,46272359000000,2026-09-10T12:25:01.772998+00:00,interpolated,-3.080000013113022,32.83000013977289,9.310000039637089
27.491443533,842358345460849015,842358346499779848,44,1,46272359000000,2026-09-10T12:25:01.772998+00:00,interpolated,3.430000014603138,22.190000094473362,6.230000026524067
27.510333185,842358345479738667,842358346499779848,44,2,46272359000000,2026-09-10T12:25:01.772998+00:00,interpolated,5.740000024437904,30.660000130534172,6.7200000286102295
27.529222836,842358345498628318,842358346499779848,44,3,46272359000000,2026-09-10T12:25:01.772998+00:00,interpolated,-11.200000047683716,43.960000187158585,8.750000037252903
27.548112488,842358345517517970,842358346499779848,44,4,46272359000000,2026-09-10T12:25:01.772998+00:00,interpolated,-21.210000090301037,36.610000155866146,12.110000051558018
27.567002139,842358345536407621,842358346499779848,44,5,46272359000000,2026-09-10T12:25:01.772998+00:00,interpolated,-16.52000007033348,33.60000014305115,13.790000058710575
27.585891791,842358345555297273,842358346499779848,44,6,46272359000000,2026-09-10T12:25:01.772998+00:00,interpolated,-5.950000025331974,33.67000014334917,14.490000061690807
27.604781442,842358345574186924,842358346499779848,44,7,46272359000000,2026-09-10T12:25:01.772998+00:00,interpolated,-0.9100000038743019,34.16000014543533,15.050000064074993
27.623671094,842358345593076576,842358346499779848,44,8,46272359000000,2026-09-10T12:25:01.772998+00:00,interpolated,1.6800000071525574,36.12000015377998,14.210000060498714
27.642560745,842358345611966227,842358346499779848,44,9,46272359000000,2026-09-10T12:25:01.772998+00:00,interpolated,4.760000020265579,41.65000017732382,13.860000059008598
27.661450397,842358345630855879,842358346499779848,44,10,46272359000000,2026-09-10T12:25:01.772998+00:00,interpolated,6.160000026226044,48.300000205636024,13.300000056624413
27.680340048,842358345649745530,842358346499779848,44,11,46272359000000,2026-09-10T12:25:01.772998+00:00,interpolated,3.6400000154972076,45.57000019401312,10.500000044703484
27.6992297,842358345668635182,842358346499779848,44,12,46272359000000,2026-09-10T12:25:01.772998+00:00,interpolated,-1.3300000056624413,33.25000014156103,7.140000030398369
27.718119351,842358345687524833,842358346499779848,44,13,46272359000000,2026-09-10T12:25:01.772998+00:00,interpolated,-9.100000038743019,17.15000007301569,6.790000028908253
27.737009003,842358345706414485,842358346499779848,44,14,46272359000000,2026-09-10T12:25:01.772998+00:00,interpolated,-10.22000004351139,12.320000052452087,7.210000030696392
27.755898654,842358345725304136,842358346499779848,44,15,46272359000000,2026-09-10T12:25:01.772998+00:00,interpolated,-6.580000028014183,18.550000078976154,5.250000022351742
27.774788306,842358345744193788,842358346499779848,44,16,46272359000000,2026-09-10T12:25:01.772998+00:00,interpolated,-8.68000003695488,20.930000089108944,1.540000006556511
27.793677957,842358345763083439,842358346499779848,44,17,46272359000000,2026-09-10T12:25:01.772998+00:00,interpolated,-12.880000054836273,19.95000008493662,-0.630000002682209
27.812567609,842358345781973091,842358346499779848,44,18,46272359000000,2026-09-10T12:25:01.772998+00:00,interpolated,-13.23000005632639,22.680000096559525,-0.630000002682209
27.83145726,842358345800862742,842358346499779848,44,19,46272359000000,2026-09-10T12:25:01.772998+00:00,interpolated,-11.970000050961971,29.33000012487173,-1.4700000062584877
27.850346912,842358345819752394,842358346499779848,44,20,46272359000000,2026-09-10T12:25:01.772998+00:00,interpolated,-9.870000042021275,40.250000171363354,-2.520000010728836
27.869236563,842358345838642045,842358346499779848,44,21,46272359000000,2026-09-10T12:25:01.772998+00:00,interpolated,-4.690000019967556,49.28000020980835,-3.500000014901161
27.888126215,842358345857531697,842358346499779848,44,22,46272359000000,2026-09-10T12:25:01.772998+00:00,interpolated,-1.6100000068545341,45.99000019580126,-6.790000028908253
27.907015866,842358345876421348,842358346499779848,44,23,46272359000000,2026-09-10T12:25:01.772998+00:00,interpolated,-9.240000039339066,31.150000132620335,-11.830000050365925
27.925905518,842358345895311000,842358346499779848,44,24,46272359000000,2026-09-10T12:25:01.772998+00:00,interpolated,-15.330000065267086,20.580000087618828,-15.960000067949295
27.944795169,842358345914200651,842358346499779848,44,25,46272359000000,2026-09-10T12:25:01.772998+00:00,interpolated,-18.200000077486038,18.970000080764294,-17.710000075399876
27.963684821,842358345933090303,842358346499779848,44,26,46272359000000,2026-09-10T12:25:01.772998+00:00,interpolated,-25.550000108778477,18.27000007778406,-17.080000072717667
27.982574472,842358345951979954,842358346499779848,44,27,46272359000000,2026-09-10T12:25:01.772998+00:00,interpolated,-34.51000014692545,16.94000007212162,-11.340000048279762
28.001464124,842358345970869606,842358346499779848,44,28,46272359000000,2026-09-10T12:25:01.772998+00:00,interpolated,-43.26000018417835,11.830000050365925,-3.500000014901161
28.020353775,842358345989759257,842358346499779848,44,29,46272359000000,2026-09-10T12:25:01.772998+00:00,interpolated,-47.880000203847885,6.930000029504299,5.4600000232458115
28.039243427,842358346008648909,842358346499779848,44,30,46272359000000,2026-09-10T12:25:01.772998+00:00,interpolated,-46.550000198185444,3.5700000151991844,15.120000064373016
28.058133078,842358346027538560,842358346499779848,44,31,46272359000000,2026-09-10T12:25:01.772998+00:00,interpolated,-46.550000198185444,-4.760000020265579,23.45000009983778
28.07702273,842358346046428212,842358346499779848,44,32,46272359000000,2026-09-10T12:25:01.772998+00:00,interpolated,-47.95000020414591,-18.6900000795722,30.87000013142824
28.095912381,842358346065317863,842358346499779848,44,33,46272359000000,2026-09-10T12:25:01.772998+00:00,interpolated,-49.77000021189451,-33.81000014394522,38.71000016480684
28.114802033,842358346084207515,842358346499779848,44,34,46272359000000,2026-09-10T12:25:01.772998+00:00,interpolated,-50.82000021636486,-44.03000018745661,48.93000020831823
28.133691684,842358346103097166,842358346499779848,44,35,46272359000000,2026-09-10T12:25:01.772998+00:00,interpolated,-47.18000020086765,-48.37000020593405,61.95000026375055
28.152581336,842358346121986818,842358346499779848,44,36,46272359000000,2026-09-10T12:25:01.772998+00:00,interpolated,-35.98000015318394,-50.54000021517277,75.53000032156706
28.171470987,842358346140876469,842358346499779848,44,37,46272359000000,2026-09-10T12:25:01.772998+00:00,interpolated,-23.66000010073185,-52.78000022470951,85.6100003644824
28.190360639,842358346159766121,842358346499779848,44,38,46272359000000,2026-09-10T12:25:01.772998+00:00,interpolated,-17.080000072717667,-54.88000023365021,92.89000039547682
28.20925029,842358346178655772,842358346499779848,44,39,46272359000000,2026-09-10T12:25:01.772998+00:00,interpolated,-9.450000040233135,-50.890000216662884,101.99000043421984
28.228139942,842358346197545424,842358346499779848,44,40,46272359000000,2026-09-10T12:25:01.772998+00:00,interpolated,1.0500000044703484,-41.09000017493963,115.99000049382448
28.247029593,842358346216435075,842358346499779848,44,41,46272359000000,2026-09-10T12:25:01.772998+00:00,interpolated,13.02000005543232,-30.38000012934208,130.34000055491924
28.265919245,842358346235324727,842358346499779848,44,42,46272359000000,2026-09-10T12:25:01.772998+00:00,interpolated,23.45000009983778,-24.710000105202198,140.4200005978346
28.284808896,842358346254214378,842358346499779848,44,43,46272359000000,2026-09-10T12:25:01.772998+00:00,interpolated,26.95000011473894,-26.95000011473894,145.11000061780214
28.303698548,842358346273104030,842358346499779848,44,44,46272359000000,2026-09-10T12:25:01.772998+00:00,interpolated,23.940000101923943,-30.17000012844801,149.03000063449144
28.322588199,842358346291993681,842358346499779848,44,45,46272359000000,2026-09-10T12:25:01.772998+00:00,interpolated,20.020000085234642,-29.190000124275684,156.31000066548586
28.341477851,842358346310883333,842358346499779848,44,46,46272359000000,2026-09-10T12:25:01.772998+00:00,interpolated,17.430000074207783,-23.87000010162592,164.64000070095062
28.360367502,842358346329772984,842358346499779848,44,47,46272359000000,2026-09-10T12:25:01.772998+00:00,interpolated,14.56000006198883,-17.430000074207783,169.19000072032213
28.379257154,842358346348662636,842358346499779848,44,48,46272359000000,2026-09-10T12:25:01.772998+00:00,interpolated,11.200000047683716,-8.68000003695488,168.98000071942806
28.398146805,842358346367552287,842358346499779848,44,49,46272359000000,2026-09-10T12:25:01.772998+00:00,interpolated,8.47000003606081,-0.3500000014901161,166.74000070989132
28.417036457,842358346386441939,842358346499779848,44,50,46272359000000,2026-09-10T12:25:01.772998+00:00,interpolated,2.6600000113248825,4.200000017881393,163.9400006979704
28.435926108,842358346405331590,842358346499779848,44,51,46272359000000,2026-09-10T12:25:01.772998+00:00,interpolated,-5.530000023543835,3.500000014901161,158.90000067651272
28.45481576,842358346424221242,842358346499779848,44,52,46272359000000,2026-09-10T12:25:01.772998+00:00,interpolated,-14.840000063180923,-3.8500000163912773,149.8000006377697
28.473705411,842358346443110893,842358346499779848,44,53,46272359000000,2026-09-10T12:25:01.772998+00:00,interpolated,-24.640000104904175,-19.95000008493662,137.7600005865097
28.492595063,842358346462000545,842358346499779848,44,54,46272359000000,2026-09-10T12:25:01.772998+00:00,interpolated,-32.13000013679266,-41.72000017762184,125.0900005325675
28.511484714,842358346480890196,842358346499779848,44,55,46272359000000,2026-09-10T12:25:01.772998+00:00,interpolated,-36.12000015377998,-59.57000025361776,115.29000049084425
28.530374366,842358346499779848,842358346499779848,44,56,46272359000000,2026-09-10T12:25:01.772998+00:00,interpolated,-37.73000016063452,-70.49000030010939,107.66000045835972
28.549263482,842358346518668964,842358347652015930,47,0,46273468000000,2026-09-10T12:25:02.883491+00:00,interpolated,-38.080000162124634,-74.69000031799078,101.01000043004751
28.568152598,842358346537558080,842358347652015930,47,1,46273468000000,2026-09-10T12:25:02.883491+00:00,interpolated,-38.22000016272068,-72.6600003093481,94.57000040262938
28.587041714,842358346556447196,842358347652015930,47,2,46273468000000,2026-09-10T12:25:02.883491+00:00,interpolated,-38.22000016272068,-65.66000027954578,88.20000037550926
28.60593083,842358346575336312,842358347652015930,47,3,46273468000000,2026-09-10T12:25:02.883491+00:00,interpolated,-37.870000161230564,-54.95000023394823,79.80000033974648
28.624819946,842358346594225428,842358347652015930,47,4,46273468000000,2026-09-10T12:25:02.883491+00:00,interpolated,-35.84000015258789,-40.250000171363354,71.05000030249357
28.643709063,842358346613114545,842358347652015930,47,5,46273468000000,2026-09-10T12:25:02.883491+00:00,interpolated,-32.06000013649464,-24.150000102818012,63.700000271201134
28.662598179,842358346632003661,842358347652015930,47,6,46273468000000,2026-09-10T12:25:02.883491+00:00,interpolated,-29.400000125169754,-14.56000006198883,56.0700002387166
28.681487295,842358346650892777,842358347652015930,47,7,46273468000000,2026-09-10T12:25:02.883491+00:00,interpolated,-28.6300001218915,-13.790000058710575,47.39000020176172
28.700376411,842358346669781893,842358347652015930,47,8,46273468000000,2026-09-10T12:25:02.883491+00:00,interpolated,-30.240000128746033,-17.430000074207783,38.780000165104866
28.719265527,842358346688671009,842358347652015930,47,9,46273468000000,2026-09-10T12:25:02.883491+00:00,interpolated,-33.320000141859055,-23.380000099539757,31.570000134408474
28.738154643,842358346707560125,842358347652015930,47,10,46273468000000,2026-09-10T12:25:02.883491+00:00,interpolated,-35.35000015050173,-26.95000011473894,24.710000105202198
28.757043759,842358346726449241,842358347652015930,47,11,46273468000000,2026-09-10T12:25:02.883491+00:00,interpolated,-35.42000015079975,-28.280000120401382,16.800000071525574
28.775932875,842358346745338357,842358347652015930,47,12,46273468000000,2026-09-10T12:25:02.883491+00:00,interpolated,-34.58000014722347,-27.020000115036964,8.05000003427267
28.794821991,842358346764227473,842358347652015930,47,13,46273468000000,2026-09-10T12:25:02.883491+00:00,interpolated,-32.690000139176846,-20.790000088512897,-1.1200000047683716
28.813711107,842358346783116589,842358347652015930,47,14,46273468000000,2026-09-10T12:25:02.883491+00:00,interpolated,-29.680000126361847,-10.290000043809414,-9.100000038743019
28.832600224,842358346802005706,842358347652015930,47,15,46273468000000,2026-09-10T12:25:02.883491+00:00,interpolated,-26.320000112056732,-3.6400000154972076,-16.52000007033348
28.85148934,842358346820894822,842358347652015930,47,16,46273468000000,2026-09-10T12:25:02.883491+00:00,interpolated,-22.680000096559525,0.9100000038743019,-25.130000106990337
28.870378456,842358346839783938,842358347652015930,47,17,46273468000000,2026-09-10T12:25:02.883491+00:00,interpolated,-11.620000049471855,16.240000069141388,-30.310000129044056
28.889267572,842358346858673054,842358347652015930,47,18,46273468000000,2026-09-10T12:25:02.883491+00:00,interpolated,-1.6100000068545341,21.210000090301037,-31.010000132024288
28.908156688,842358346877562170,842358347652015930,47,19,46273468000000,2026-09-10T12:25:02.883491+00:00,interpolated,-3.2200000137090683,16.170000068843365,-28.700000122189522
28.927045804,842358346896451286,842358347652015930,47,20,46273468000000,2026-09-10T12:25:02.883491+00:00,interpolated,-8.960000038146973,5.740000024437904,-26.390000112354755
28.94593492,842358346915340402,842358347652015930,47,21,46273468000000,2026-09-10T12:25:02.883491+00:00,interpolated,-10.64000004529953,-5.740000024437904,-23.170000098645687
28.964824036,842358346934229518,842358347652015930,47,22,46273468000000,2026-09-10T12:25:02.883491+00:00,interpolated,-8.05000003427267,-13.930000059306622,-20.44000008702278
28.983713152,842358346953118634,842358347652015930,47,23,46273468000000,2026-09-10T12:25:02.883491+00:00,interpolated,-7.3500000312924385,-20.720000088214874,-17.850000075995922
29.002602268,842358346972007750,842358347652015930,47,24,46273468000000,2026-09-10T12:25:02.883491+00:00,interpolated,-8.190000034868717,-21.560000091791153,-14.630000062286854
29.021491385,842358346990896867,842358347652015930,47,25,46273468000000,2026-09-10T12:25:02.883491+00:00,interpolated,-9.590000040829182,-13.440000057220459,-12.950000055134296
29.040380501,842358347009785983,842358347652015930,47,26,46273468000000,2026-09-10T12:25:02.883491+00:00,interpolated,-10.500000044703484,-4.8300000205636024,-12.81000005453825
29.059269617,842358347028675099,842358347652015930,47,27,46273468000000,2026-09-10T12:25:02.883491+00:00,interpolated,-10.080000042915344,-1.4000000059604645,-13.300000056624413
29.078158733,842358347047564215,842358347652015930,47,28,46273468000000,2026-09-10T12:25:02.883491+00:00,interpolated,-10.150000043213367,-1.7500000074505806,-14.630000062286854
29.097047849,842358347066453331,842358347652015930,47,29,46273468000000,2026-09-10T12:25:02.883491+00:00,interpolated,-8.330000035464764,-4.060000017285347,-15.470000065863132
29.115936965,842358347085342447,842358347652015930,47,30,46273468000000,2026-09-10T12:25:02.883491+00:00,interpolated,-5.530000023543835,-4.480000019073486,-14.56000006198883
29.134826081,842358347104231563,842358347652015930,47,31,46273468000000,2026-09-10T12:25:02.883491+00:00,interpolated,-4.970000021159649,-3.710000015795231,-13.930000059306622
29.153715197,842358347123120679,842358347652015930,47,32,46273468000000,2026-09-10T12:25:02.883491+00:00,interpolated,-4.900000020861626,-0.3500000014901161,-14.490000061690807
29.172604313,842358347142009795,842358347652015930,47,33,46273468000000,2026-09-10T12:25:02.883491+00:00,interpolated,-3.430000014603138,2.520000010728836,-15.40000006556511
29.191493429,842358347160898911,842358347652015930,47,34,46273468000000,2026-09-10T12:25:02.883491+00:00,interpolated,-0.7700000032782555,3.0100000128149986,-16.870000071823597
29.210382546,842358347179788028,842358347652015930,47,35,46273468000000,2026-09-10T12:25:02.883491+00:00,interpolated,2.5900000110268593,0.630000002682209,-16.170000068843365
29.229271662,842358347198677144,842358347652015930,47,36,46273468000000,2026-09-10T12:25:02.883491+00:00,interpolated,2.870000012218952,-2.240000009536743,-14.280000060796738
29.248160778,842358347217566260,842358347652015930,47,37,46273468000000,2026-09-10T12:25:02.883491+00:00,interpolated,-0.07000000029802322,-4.480000019073486,-13.090000055730343
29.267049894,842358347236455376,842358347652015930,47,38,46273468000000,2026-09-10T12:25:02.883491+00:00,interpolated,-1.540000006556511,-3.0100000128149986,-13.650000058114529
29.28593901,842358347255344492,842358347652015930,47,39,46273468000000,2026-09-10T12:25:02.883491+00:00,interpolated,-0.14000000059604645,1.3300000056624413,-14.350000061094761
29.304828126,842358347274233608,842358347652015930,47,40,46273468000000,2026-09-10T12:25:02.883491+00:00,interpolated,1.6100000068545341,2.870000012218952,-14.070000059902668
29.323717242,842358347293122724,842358347652015930,47,41,46273468000000,2026-09-10T12:25:02.883491+00:00,interpolated,-0.49000000208616257,1.3300000056624413,-12.60000005364418
29.342606358,842358347312011840,842358347652015930,47,42,46273468000000,2026-09-10T12:25:02.883491+00:00,interpolated,-2.3100000098347664,-3.9200000166893005,-11.06000004708767
29.361495474,842358347330900956,842358347652015930,47,43,46273468000000,2026-09-10T12:25:02.883491+00:00,interpolated,-3.430000014603138,-5.600000023841858,-9.520000040531158
29.38038459,842358347349790072,842358347652015930,47,44,46273468000000,2026-09-10T12:25:02.883491+00:00,interpolated,-4.34000001847744,-5.180000022053719,-8.68000003695488
29.399273707,842358347368679189,842358347652015930,47,45,46273468000000,2026-09-10T12:25:02.883491+00:00,interpolated,-6.0900000259280205,-2.520000010728836,-8.47000003606081
29.418162823,842358347387568305,842358347652015930,47,46,46273468000000,2026-09-10T12:25:02.883491+00:00,interpolated,-6.790000028908253,0.49000000208616257,-7.560000032186508
29.437051939,842358347406457421,842358347652015930,47,47,46273468000000,2026-09-10T12:25:02.883491+00:00,interpolated,-6.370000027120113,2.1000000089406967,-6.790000028908253
29.455941055,842358347425346537,842358347652015930,47,48,46273468000000,2026-09-10T12:25:02.883491+00:00,interpolated,-7.420000031590462,1.6100000068545341,-6.790000028908253
29.474830171,842358347444235653,842358347652015930,47,49,46273468000000,2026-09-10T12:25:02.883491+00:00,interpolated,-8.750000037252903,-0.7700000032782555,-6.650000028312206
29.493719287,842358347463124769,842358347652015930,47,50,46273468000000,2026-09-10T12:25:02.883491+00:00,interpolated,-9.170000039041042,-1.890000008046627,-5.530000023543835
29.512608403,842358347482013885,842358347652015930,47,51,46273468000000,2026-09-10T12:25:02.883491+00:00,interpolated,-9.590000040829182,-2.0300000086426735,-3.8500000163912773
29.531497519,842358347500903001,842358347652015930,47,52,46273468000000,2026-09-10T12:25:02.883491+00:00,interpolated,-10.290000043809414,-1.3300000056624413,-3.3600000143051147
29.550386635,842358347519792117,842358347652015930,47,53,46273468000000,2026-09-10T12:25:02.883491+00:00,interpolated,-10.010000042617321,0.21000000089406967,-3.9900000169873238
29.569275751,842358347538681233,842358347652015930,47,54,46273468000000,2026-09-10T12:25:02.883491+00:00,interpolated,-9.940000042319298,1.260000005364418,-4.200000017881393
29.588164868,842358347557570350,842358347652015930,47,55,46273468000000,2026-09-10T12:25:02.883491+00:00,interpolated,-9.450000040233135,2.3800000101327896,-3.9200000166893005
29.607053984,842358347576459466,842358347652015930,47,56,46273468000000,2026-09-10T12:25:02.883491+00:00,interpolated,-9.240000039339066,2.870000012218952,-3.150000013411045
29.6259431,842358347595348582,842358347652015930,47,57,46273468000000,2026-09-10T12:25:02.883491+00:00,interpolated,-9.310000039637089,3.080000013113022,-2.7300000116229057
29.644832216,842358347614237698,842358347652015930,47,58,46273468000000,2026-09-10T12:25:02.883491+00:00,interpolated,-10.290000043809414,0.7000000029802322,-2.800000011920929
29.663721332,842358347633126814,842358347652015930,47,59,46273468000000,2026-09-10T12:25:02.883491+00:00,interpolated,-11.410000048577785,-3.780000016093254,-2.870000012218952
29.682610448,842358347652015930,842358347652015930,47,60,46273468000000,2026-09-10T12:25:02.883491+00:00,interpolated,-10.920000046491623,-5.950000025331974,-3.500000014901161
29.701499927,842358347670905409,842358349238732200,50,0,46275000000000,2026-09-10T12:25:04.415438+00:00,interpolated,-9.520000040531158,-5.740000024437904,-3.6400000154972076
29.720389407,842358347689794889,842358349238732200,50,1,46275000000000,2026-09-10T12:25:04.415438+00:00,interpolated,-7.770000033080578,-4.970000021159649,-3.710000015795231
29.739278886,842358347708684368,842358349238732200,50,2,46275000000000,2026-09-10T12:25:04.415438+00:00,interpolated,-6.370000027120113,-4.410000018775463,-3.6400000154972076
29.758168366,842358347727573848,842358349238732200,50,3,46275000000000,2026-09-10T12:25:04.415438+00:00,interpolated,-5.600000023841858,-5.4600000232458115,-3.150000013411045
29.777057845,842358347746463327,842358349238732200,50,4,46275000000000,2026-09-10T12:25:04.415438+00:00,interpolated,-4.8300000205636024,-7.280000030994415,-3.0100000128149986
29.795947324,842358347765352806,842358349238732200,50,5,46275000000000,2026-09-10T12:25:04.415438+00:00,interpolated,-3.150000013411045,-8.400000035762787,-2.6600000113248825
29.814836804,842358347784242286,842358349238732200,50,6,46275000000000,2026-09-10T12:25:04.415438+00:00,interpolated,-1.260000005364418,-8.26000003516674,-1.890000008046627
29.833726283,842358347803131765,842358349238732200,50,7,46275000000000,2026-09-10T12:25:04.415438+00:00,interpolated,0.42000000178813934,-7.700000032782555,-0.7700000032782555
29.852615763,842358347822021245,842358349238732200,50,8,46275000000000,2026-09-10T12:25:04.415438+00:00,interpolated,2.1000000089406967,-6.0900000259280205,0.7000000029802322
29.871505242,842358347840910724,842358349238732200,50,9,46275000000000,2026-09-10T12:25:04.415438+00:00,interpolated,2.450000010430813,-3.9900000169873238,2.3800000101327896
29.890394721,842358347859800203,842358349238732200,50,10,46275000000000,2026-09-10T12:25:04.415438+00:00,interpolated,2.3800000101327896,-1.9600000083446503,3.8500000163912773
29.909284201,842358347878689683,842358349238732200,50,11,46275000000000,2026-09-10T12:25:04.415438+00:00,interpolated,2.3100000098347664,-1.9600000083446503,4.270000018179417
29.92817368,842358347897579162,842358349238732200,50,12,46275000000000,2026-09-10T12:25:04.415438+00:00,interpolated,3.2900000140070915,-2.9400000125169754,4.13000001758337
29.94706316,842358347916468642,842358349238732200,50,13,46275000000000,2026-09-10T12:25:04.415438+00:00,interpolated,4.5500000193715096,-3.2900000140070915,3.500000014901161
29.965952639,842358347935358121,842358349238732200,50,14,46275000000000,2026-09-10T12:25:04.415438+00:00,interpolated,4.970000021159649,-6.370000027120113,2.520000010728836
29.984842118,842358347954247600,842358349238732200,50,15,46275000000000,2026-09-10T12:25:04.415438+00:00,interpolated,5.670000024139881,-9.660000041127205,2.17000000923872
30.003731598,842358347973137080,842358349238732200,50,16,46275000000000,2026-09-10T12:25:04.415438+00:00,interpolated,6.51000002771616,-9.310000039637089,2.520000010728836
30.022621077,842358347992026559,842358349238732200,50,17,46275000000000,2026-09-10T12:25:04.415438+00:00,interpolated,5.810000024735928,-7.3500000312924385,3.3600000143051147
30.041510557,842358348010916039,842358349238732200,50,18,46275000000000,2026-09-10T12:25:04.415438+00:00,interpolated,4.8300000205636024,-5.4600000232458115,4.270000018179417
30.060400036,842358348029805518,842358349238732200,50,19,46275000000000,2026-09-10T12:25:04.415438+00:00,interpolated,4.480000019073486,-3.5700000151991844,4.620000019669533
30.079289516,842358348048694998,842358349238732200,50,20,46275000000000,2026-09-10T12:25:04.415438+00:00,interpolated,4.480000019073486,-2.520000010728836,4.200000017881393
30.098178995,842358348067584477,842358349238732200,50,21,46275000000000,2026-09-10T12:25:04.415438+00:00,interpolated,4.34000001847744,-2.5900000110268593,3.430000014603138
30.117068474,842358348086473956,842358349238732200,50,22,46275000000000,2026-09-10T12:25:04.415438+00:00,interpolated,3.6400000154972076,-3.9200000166893005,2.870000012218952
30.135957954,842358348105363436,842358349238732200,50,23,46275000000000,2026-09-10T12:25:04.415438+00:00,interpolated,3.150000013411045,-4.34000001847744,2.450000010430813
30.154847433,842358348124252915,842358349238732200,50,24,46275000000000,2026-09-10T12:25:04.415438+00:00,interpolated,2.5900000110268593,-3.9200000166893005,2.240000009536743
30.173736913,842358348143142395,842358349238732200,50,25,46275000000000,2026-09-10T12:25:04.415438+00:00,interpolated,1.7500000074505806,-3.3600000143051147,2.1000000089406967
30.192626392,842358348162031874,842358349238732200,50,26,46275000000000,2026-09-10T12:25:04.415438+00:00,interpolated,0.5600000023841858,-3.780000016093254,1.890000008046627
30.211515871,842358348180921353,842358349238732200,50,27,46275000000000,2026-09-10T12:25:04.415438+00:00,interpolated,0.2800000011920929,-3.2900000140070915,1.260000005364418
30.230405351,842358348199810833,842358349238732200,50,28,46275000000000,2026-09-10T12:25:04.415438+00:00,interpolated,0.5600000023841858,-1.540000006556511,0.630000002682209
30.24929483,842358348218700312,842358349238732200,50,29,46275000000000,2026-09-10T12:25:04.415438+00:00,interpolated,0.3500000014901161,-0.2800000011920929,0.07000000029802322
30.26818431,842358348237589792,842358349238732200,50,30,46275000000000,2026-09-10T12:25:04.415438+00:00,interpolated,-0.9100000038743019,-2.240000009536743,-0.3500000014901161
30.287073789,842358348256479271,842358349238732200,50,31,46275000000000,2026-09-10T12:25:04.415438+00:00,interpolated,-2.3800000101327896,-5.180000022053719,-0.5600000023841858
30.305963268,842358348275368750,842358349238732200,50,32,46275000000000,2026-09-10T12:25:04.415438+00:00,interpolated,-2.6600000113248825,-6.930000029504299,-0.9100000038743019
30.324852748,842358348294258230,842358349238732200,50,33,46275000000000,2026-09-10T12:25:04.415438+00:00,interpolated,-2.1000000089406967,-5.740000024437904,-1.260000005364418
30.343742227,842358348313147709,842358349238732200,50,34,46275000000000,2026-09-10T12:25:04.415438+00:00,interpolated,-2.0300000086426735,-4.690000019967556,-1.1900000050663948
30.362631707,842358348332037189,842358349238732200,50,35,46275000000000,2026-09-10T12:25:04.415438+00:00,interpolated,-2.240000009536743,-4.13000001758337,-1.1900000050663948
30.381521186,842358348350926668,842358349238732200,50,36,46275000000000,2026-09-10T12:25:04.415438+00:00,interpolated,-2.5900000110268593,-4.8300000205636024,-1.1900000050663948
30.400410665,842358348369816147,842358349238732200,50,37,46275000000000,2026-09-10T12:25:04.415438+00:00,interpolated,-3.2900000140070915,-6.51000002771616,-1.1200000047683716
30.419300145,842358348388705627,842358349238732200,50,38,46275000000000,2026-09-10T12:25:04.415438+00:00,interpolated,-3.5700000151991844,-8.47000003606081,-1.3300000056624413
30.438189624,842358348407595106,842358349238732200,50,39,46275000000000,2026-09-10T12:25:04.415438+00:00,interpolated,-3.2900000140070915,-8.540000036358833,-1.6800000071525574
30.457079104,842358348426484586,842358349238732200,50,40,46275000000000,2026-09-10T12:25:04.415438+00:00,interpolated,-2.17000000923872,-8.120000034570694,-2.0300000086426735
30.475968583,842358348445374065,842358349238732200,50,41,46275000000000,2026-09-10T12:25:04.415438+00:00,interpolated,-1.7500000074505806,-7.630000032484531,-1.9600000083446503
30.494858062,842358348464263544,842358349238732200,50,42,46275000000000,2026-09-10T12:25:04.415438+00:00,interpolated,-1.6800000071525574,-6.930000029504299,-1.6800000071525574
30.513747542,842358348483153024,842358349238732200,50,43,46275000000000,2026-09-10T12:25:04.415438+00:00,interpolated,-1.540000006556511,-6.020000025629997,-1.4000000059604645
30.532637021,842358348502042503,842358349238732200,50,44,46275000000000,2026-09-10T12:25:04.415438+00:00,interpolated,-1.4000000059604645,-4.690000019967556,-1.1200000047683716
30.551526501,842358348520931983,842358349238732200,50,45,46275000000000,2026-09-10T12:25:04.415438+00:00,interpolated,-1.7500000074505806,-4.620000019669533,-1.1200000047683716
30.57041598,842358348539821462,842358349238732200,50,46,46275000000000,2026-09-10T12:25:04.415438+00:00,interpolated,-1.8200000077486038,-4.970000021159649,-1.4700000062584877
30.589305459,842358348558710941,842358349238732200,50,47,46275000000000,2026-09-10T12:25:04.415438+00:00,interpolated,-1.4700000062584877,-5.600000023841858,-1.6100000068545341
30.608194939,842358348577600421,842358349238732200,50,48,46275000000000,2026-09-10T12:25:04.415438+00:00,interpolated,-1.1900000050663948,-5.880000025033951,-1.4700000062584877
30.627084418,842358348596489900,842358349238732200,50,49,46275000000000,2026-09-10T12:25:04.415438+00:00,interpolated,-1.1200000047683716,-6.020000025629997,-1.260000005364418
30.645973898,842358348615379380,842358349238732200,50,50,46275000000000,2026-09-10T12:25:04.415438+00:00,interpolated,-1.0500000044703484,-6.30000002682209,-1.0500000044703484
30.664863377,842358348634268859,842358349238732200,50,51,46275000000000,2026-09-10T12:25:04.415438+00:00,interpolated,-0.630000002682209,-5.600000023841858,-0.9800000041723251
30.683752856,842358348653158338,842358349238732200,50,52,46275000000000,2026-09-10T12:25:04.415438+00:00,interpolated,-0.5600000023841858,-4.970000021159649,-0.9100000038743019
30.702642336,842358348672047818,842358349238732200,50,53,46275000000000,2026-09-10T12:25:04.415438+00:00,interpolated,-0.21000000089406967,-4.970000021159649,-0.8400000035762787
30.721531815,842358348690937297,842358349238732200,50,54,46275000000000,2026-09-10T12:25:04.415438+00:00,interpolated,-0.3500000014901161,-4.970000021159649,-0.5600000023841858
30.740421295,842358348709826777,842358349238732200,50,55,46275000000000,2026-09-10T12:25:04.415438+00:00,interpolated,-0.8400000035762787,-4.34000001847744,-0.42000000178813934
30.759310774,842358348728716256,842358349238732200,50,56,46275000000000,2026-09-10T12:25:04.415438+00:00,interpolated,-0.7700000032782555,-3.2200000137090683,-0.49000000208616257
30.778200253,842358348747605735,842358349238732200,50,57,46275000000000,2026-09-10T12:25:04.415438+00:00,interpolated,-0.42000000178813934,-2.520000010728836,-0.630000002682209
30.797089733,842358348766495215,842358349238732200,50,58,46275000000000,2026-09-10T12:25:04.415438+00:00,interpolated,-0.14000000059604645,-2.0300000086426735,-0.7000000029802322
30.815979212,842358348785384694,842358349238732200,50,59,46275000000000,2026-09-10T12:25:04.415438+00:00,interpolated,-0.2800000011920929,-1.4700000062584877,-0.3500000014901161
30.834868692,842358348804274174,842358349238732200,50,60,46275000000000,2026-09-10T12:25:04.415438+00:00,interpolated,-0.8400000035762787,-0.9800000041723251,-0.3500000014901161
30.853758171,842358348823163653,842358349238732200,50,61,46275000000000,2026-09-10T12:25:04.415438+00:00,interpolated,-0.9800000041723251,-0.3500000014901161,-0.9100000038743019
30.872647651,842358348842053133,842358349238732200,50,62,46275000000000,2026-09-10T12:25:04.415438+00:00,interpolated,-0.7700000032782555,-0.14000000059604645,-1.3300000056624413
30.89153713,842358348860942612,842358349238732200,50,63,46275000000000,2026-09-10T12:25:04.415438+00:00,interpolated,-0.07000000029802322,0.5600000023841858,-1.1200000047683716
30.910426609,842358348879832091,842358349238732200,50,64,46275000000000,2026-09-10T12:25:04.415438+00:00,interpolated,-0.2800000011920929,1.6100000068545341,-0.630000002682209
30.929316089,842358348898721571,842358349238732200,50,65,46275000000000,2026-09-10T12:25:04.415438+00:00,interpolated,-0.9100000038743019,2.9400000125169754,-0.7000000029802322
30.948205568,842358348917611050,842358349238732200,50,66,46275000000000,2026-09-10T12:25:04.415438+00:00,interpolated,-1.1200000047683716,3.430000014603138,-0.7700000032782555
30.967095048,842358348936500530,842358349238732200,50,67,46275000000000,2026-09-10T12:25:04.415438+00:00,interpolated,-1.1900000050663948,2.520000010728836,-0.630000002682209
30.985984527,842358348955390009,842358349238732200,50,68,46275000000000,2026-09-10T12:25:04.415438+00:00,interpolated,-1.1200000047683716,1.7500000074505806,-0.3500000014901161
31.004874006,842358348974279488,842358349238732200,50,69,46275000000000,2026-09-10T12:25:04.415438+00:00,interpolated,-1.0500000044703484,2.5900000110268593,-0.3500000014901161
31.023763486,842358348993168968,842358349238732200,50,70,46275000000000,2026-09-10T12:25:04.415438+00:00,interpolated,-1.3300000056624413,4.13000001758337,-0.21000000089406967
31.042652965,842358349012058447,842358349238732200,50,71,46275000000000,2026-09-10T12:25:04.415438+00:00,interpolated,-1.1900000050663948,5.880000025033951,-0.14000000059604645
31.061542445,842358349030947927,842358349238732200,50,72,46275000000000,2026-09-10T12:25:04.415438+00:00,interpolated,-1.4700000062584877,6.51000002771616,0.07000000029802322
31.080431924,842358349049837406,842358349238732200,50,73,46275000000000,2026-09-10T12:25:04.415438+00:00,interpolated,-2.1000000089406967,5.810000024735928,0.14000000059604645
31.099321403,842358349068726885,842358349238732200,50,74,46275000000000,2026-09-10T12:25:04.415438+00:00,interpolated,-2.3800000101327896,5.390000022947788,0.0
31.118210883,842358349087616365,842358349238732200,50,75,46275000000000,2026-09-10T12:25:04.415438+00:00,interpolated,-2.5900000110268593,5.4600000232458115,0.2800000011920929
31.137100362,842358349106505844,842358349238732200,50,76,46275000000000,2026-09-10T12:25:04.415438+00:00,interpolated,-3.150000013411045,5.390000022947788,0.5600000023841858
31.155989842,842358349125395324,842358349238732200,50,77,46275000000000,2026-09-10T12:25:04.415438+00:00,interpolated,-3.080000013113022,5.950000025331974,0.630000002682209
31.174879321,842358349144284803,842358349238732200,50,78,46275000000000,2026-09-10T12:25:04.415438+00:00,interpolated,-3.150000013411045,6.020000025629997,1.1200000047683716
31.1937688,842358349163174282,842358349238732200,50,79,46275000000000,2026-09-10T12:25:04.415438+00:00,interpolated,-3.6400000154972076,6.020000025629997,1.6800000071525574
31.21265828,842358349182063762,842358349238732200,50,80,46275000000000,2026-09-10T12:25:04.415438+00:00,interpolated,-4.13000001758337,7.000000029802322,1.890000008046627
31.231547759,842358349200953241,842358349238732200,50,81,46275000000000,2026-09-10T12:25:04.415438+00:00,interpolated,-4.5500000193715096,8.47000003606081,2.3100000098347664
31.250437239,842358349219842721,842358349238732200,50,82,46275000000000,2026-09-10T12:25:04.415438+00:00,interpolated,-4.970000021159649,7.910000033676624,3.080000013113022
31.269326718,842358349238732200,842358349238732200,50,83,46275000000000,2026-09-10T12:25:04.415438+00:00,interpolated,-5.320000022649765,6.020000025629997,3.780000016093254
31.288215834,842358349257621316,842358350579859444,54,0,46276562000000,2026-09-10T12:25:05.975833+00:00,interpolated,-5.180000022053719,5.880000025033951,4.410000018775463
31.30710495,842358349276510432,842358350579859444,54,1,46276562000000,2026-09-10T12:25:05.975833+00:00,interpolated,-5.4600000232458115,8.540000036358833,5.110000021755695
31.325994066,842358349295399548,842358350579859444,54,2,46276562000000,2026-09-10T12:25:05.975833+00:00,interpolated,-5.670000024139881,10.8500000461936,6.440000027418137
31.344883182,842358349314288664,842358350579859444,54,3,46276562000000,2026-09-10T12:25:05.975833+00:00,interpolated,-6.160000026226044,10.920000046491623,7.560000032186508
31.363772299,842358349333177781,842358350579859444,54,4,46276562000000,2026-09-10T12:25:05.975833+00:00,interpolated,-6.580000028014183,9.030000038444996,8.400000035762787
31.382661415,842358349352066897,842358350579859444,54,5,46276562000000,2026-09-10T12:25:05.975833+00:00,interpolated,-7.070000030100346,7.700000032782555,8.68000003695488
31.401550531,842358349370956013,842358350579859444,54,6,46276562000000,2026-09-10T12:25:05.975833+00:00,interpolated,-7.490000031888485,8.120000034570694,8.820000037550926
31.420439647,842358349389845129,842358350579859444,54,7,46276562000000,2026-09-10T12:25:05.975833+00:00,interpolated,-7.9800000339746475,7.840000033378601,9.520000040531158
31.439328763,842358349408734245,842358350579859444,54,8,46276562000000,2026-09-10T12:25:05.975833+00:00,interpolated,-8.540000036358833,6.51000002771616,10.290000043809414
31.458217879,842358349427623361,842358350579859444,54,9,46276562000000,2026-09-10T12:25:05.975833+00:00,interpolated,-9.310000039637089,5.320000022649765,10.920000046491623
31.477106995,842358349446512477,842358350579859444,54,10,46276562000000,2026-09-10T12:25:05.975833+00:00,interpolated,-9.730000041425228,6.020000025629997,10.990000046789646
31.495996111,842358349465401593,842358350579859444,54,11,46276562000000,2026-09-10T12:25:05.975833+00:00,interpolated,-9.800000041723251,7.070000030100346,11.270000047981739
31.514885227,842358349484290709,842358350579859444,54,12,46276562000000,2026-09-10T12:25:05.975833+00:00,interpolated,-9.940000042319298,5.880000025033951,11.690000049769878
31.533774344,842358349503179826,842358350579859444,54,13,46276562000000,2026-09-10T12:25:05.975833+00:00,interpolated,-10.360000044107437,4.200000017881393,12.950000055134296
31.55266346,842358349522068942,842358350579859444,54,14,46276562000000,2026-09-10T12:25:05.975833+00:00,interpolated,-11.130000047385693,5.250000022351742,14.7700000628829
31.571552576,842358349540958058,842358350579859444,54,15,46276562000000,2026-09-10T12:25:05.975833+00:00,interpolated,-12.320000052452087,8.330000035464764,15.750000067055225
31.590441692,842358349559847174,842358350579859444,54,16,46276562000000,2026-09-10T12:25:05.975833+00:00,interpolated,-11.830000050365925,11.340000048279762,16.10000006854534
31.609330808,842358349578736290,842358350579859444,54,17,46276562000000,2026-09-10T12:25:05.975833+00:00,interpolated,-10.990000046789646,13.930000059306622,16.73000007122755
31.628219924,842358349597625406,842358350579859444,54,18,46276562000000,2026-09-10T12:25:05.975833+00:00,interpolated,-11.410000048577785,14.630000062286854,16.660000070929527
31.64710904,842358349616514522,842358350579859444,54,19,46276562000000,2026-09-10T12:25:05.975833+00:00,interpolated,-12.950000055134296,13.300000056624413,16.380000069737434
31.665998156,842358349635403638,842358350579859444,54,20,46276562000000,2026-09-10T12:25:05.975833+00:00,interpolated,-14.210000060498714,9.660000041127205,16.10000006854534
31.684887272,842358349654292754,842358350579859444,54,21,46276562000000,2026-09-10T12:25:05.975833+00:00,interpolated,-14.280000060796738,7.280000030994415,15.680000066757202
31.703776389,842358349673181871,842358350579859444,54,22,46276562000000,2026-09-10T12:25:05.975833+00:00,interpolated,-13.580000057816505,7.630000032484531,15.050000064074993
31.722665505,842358349692070987,842358350579859444,54,23,46276562000000,2026-09-10T12:25:05.975833+00:00,interpolated,-13.370000056922436,9.030000038444996,14.280000060796738
31.741554621,842358349710960103,842358350579859444,54,24,46276562000000,2026-09-10T12:25:05.975833+00:00,interpolated,-13.160000056028366,8.68000003695488,14.000000059604645
31.760443737,842358349729849219,842358350579859444,54,25,46276562000000,2026-09-10T12:25:05.975833+00:00,interpolated,-13.02000005543232,6.860000029206276,14.490000061690807
31.779332853,842358349748738335,842358350579859444,54,26,46276562000000,2026-09-10T12:25:05.975833+00:00,interpolated,-13.510000057518482,6.580000028014183,15.19000006467104
31.798221969,842358349767627451,842358350579859444,54,27,46276562000000,2026-09-10T12:25:05.975833+00:00,interpolated,-14.630000062286854,8.330000035464764,15.960000067949295
31.817111085,842358349786516567,842358350579859444,54,28,46276562000000,2026-09-10T12:25:05.975833+00:00,interpolated,-13.370000056922436,11.690000049769878,16.660000070929527
31.836000201,842358349805405683,842358350579859444,54,29,46276562000000,2026-09-10T12:25:05.975833+00:00,interpolated,-12.040000051259995,13.510000057518482,15.540000066161156
31.854889317,842358349824294799,842358350579859444,54,30,46276562000000,2026-09-10T12:25:05.975833+00:00,interpolated,-12.250000052154064,13.300000056624413,14.140000060200691
31.873778434,842358349843183916,842358350579859444,54,31,46276562000000,2026-09-10T12:25:05.975833+00:00,interpolated,-12.530000053346157,9.730000041425228,14.280000060796738
31.89266755,842358349862073032,842358350579859444,54,32,46276562000000,2026-09-10T12:25:05.975833+00:00,interpolated,-12.320000052452087,9.380000039935112,14.420000061392784
31.911556666,842358349880962148,842358350579859444,54,33,46276562000000,2026-09-10T12:25:05.975833+00:00,interpolated,-11.620000049471855,12.110000051558018,13.720000058412552
31.930445782,842358349899851264,842358350579859444,54,34,46276562000000,2026-09-10T12:25:05.975833+00:00,interpolated,-11.06000004708767,14.140000060200691,12.950000055134296
31.949334898,842358349918740380,842358350579859444,54,35,46276562000000,2026-09-10T12:25:05.975833+00:00,interpolated,-10.920000046491623,15.260000064969063,12.320000052452087
31.968224014,842358349937629496,842358350579859444,54,36,46276562000000,2026-09-10T12:25:05.975833+00:00,interpolated,-10.570000045001507,16.240000069141388,11.970000050961971
31.98711313,842358349956518612,842358350579859444,54,37,46276562000000,2026-09-10T12:25:05.975833+00:00,interpolated,-10.010000042617321,15.470000065863132,11.550000049173832
32.006002246,842358349975407728,842358350579859444,54,38,46276562000000,2026-09-10T12:25:05.975833+00:00,interpolated,-9.310000039637089,15.050000064074993,10.22000004351139
32.024891363,842358349994296845,842358350579859444,54,39,46276562000000,2026-09-10T12:25:05.975833+00:00,interpolated,-8.820000037550926,12.670000053942204,6.790000028908253
32.043780479,842358350013185961,842358350579859444,54,40,46276562000000,2026-09-10T12:25:05.975833+00:00,interpolated,-8.190000034868717,9.310000039637089,5.040000021457672
32.062669595,842358350032075077,842358350579859444,54,41,46276562000000,2026-09-10T12:25:05.975833+00:00,interpolated,-6.30000002682209,9.030000038444996,4.690000019967556
32.081558711,842358350050964193,842358350579859444,54,42,46276562000000,2026-09-10T12:25:05.975833+00:00,interpolated,-5.320000022649765,10.570000045001507,2.17000000923872
32.100447827,842358350069853309,842358350579859444,54,43,46276562000000,2026-09-10T12:25:05.975833+00:00,interpolated,-4.480000019073486,8.960000038146973,0.07000000029802322
32.119336943,842358350088742425,842358350579859444,54,44,46276562000000,2026-09-10T12:25:05.975833+00:00,interpolated,-4.690000019967556,5.320000022649765,-0.7700000032782555
32.138226059,842358350107631541,842358350579859444,54,45,46276562000000,2026-09-10T12:25:05.975833+00:00,interpolated,-3.780000016093254,6.930000029504299,-0.9800000041723251
32.157115175,842358350126520657,842358350579859444,54,46,46276562000000,2026-09-10T12:25:05.975833+00:00,interpolated,-2.3800000101327896,13.440000057220459,-2.520000010728836
32.176004291,842358350145409773,842358350579859444,54,47,46276562000000,2026-09-10T12:25:05.975833+00:00,interpolated,-4.690000019967556,13.370000056922436,-4.34000001847744
32.194893408,842358350164298890,842358350579859444,54,48,46276562000000,2026-09-10T12:25:05.975833+00:00,interpolated,-4.410000018775463,6.30000002682209,-4.620000019669533
32.213782524,842358350183188006,842358350579859444,54,49,46276562000000,2026-09-10T12:25:05.975833+00:00,interpolated,-1.6100000068545341,5.670000024139881,-3.150000013411045
32.23267164,842358350202077122,842358350579859444,54,50,46276562000000,2026-09-10T12:25:05.975833+00:00,interpolated,-0.42000000178813934,7.490000031888485,-1.6800000071525574
32.251560756,842358350220966238,842358350579859444,54,51,46276562000000,2026-09-10T12:25:05.975833+00:00,interpolated,1.1200000047683716,6.7200000286102295,-0.9800000041723251
32.270449872,842358350239855354,842358350579859444,54,52,46276562000000,2026-09-10T12:25:05.975833+00:00,interpolated,2.3100000098347664,4.970000021159649,-1.6800000071525574
32.289338988,842358350258744470,842358350579859444,54,53,46276562000000,2026-09-10T12:25:05.975833+00:00,interpolated,3.8500000163912773,3.780000016093254,-2.800000011920929
32.308228104,842358350277633586,842358350579859444,54,54,46276562000000,2026-09-10T12:25:05.975833+00:00,interpolated,4.970000021159649,1.3300000056624413,-4.410000018775463
32.32711722,842358350296522702,842358350579859444,54,55,46276562000000,2026-09-10T12:25:05.975833+00:00,interpolated,5.320000022649765,-0.9100000038743019,-5.4600000232458115
32.346006336,842358350315411818,842358350579859444,54,56,46276562000000,2026-09-10T12:25:05.975833+00:00,interpolated,4.760000020265579,-2.17000000923872,-5.670000024139881
32.364895453,842358350334300935,842358350579859444,54,57,46276562000000,2026-09-10T12:25:05.975833+00:00,interpolated,6.0900000259280205,-1.1200000047683716,-4.900000020861626
32.383784569,842358350353190051,842358350579859444,54,58,46276562000000,2026-09-10T12:25:05.975833+00:00,interpolated,7.9800000339746475,0.5600000023841858,-5.250000022351742
32.402673685,842358350372079167,842358350579859444,54,59,46276562000000,2026-09-10T12:25:05.975833+00:00,interpolated,9.590000040829182,0.8400000035762787,-6.370000027120113
32.421562801,842358350390968283,842358350579859444,54,60,46276562000000,2026-09-10T12:25:05.975833+00:00,interpolated,10.500000044703484,1.540000006556511,-7.210000030696392
32.440451917,842358350409857399,842358350579859444,54,61,46276562000000,2026-09-10T12:25:05.975833+00:00,interpolated,10.150000043213367,1.1900000050663948,-7.070000030100346
32.459341033,842358350428746515,842358350579859444,54,62,46276562000000,2026-09-10T12:25:05.975833+00:00,interpolated,9.310000039637089,-0.7000000029802322,-7.140000030398369
32.478230149,842358350447635631,842358350579859444,54,63,46276562000000,2026-09-10T12:25:05.975833+00:00,interpolated,10.150000043213367,-2.800000011920929,-7.3500000312924385
32.497119265,842358350466524747,842358350579859444,54,64,46276562000000,2026-09-10T12:25:05.975833+00:00,interpolated,10.360000044107437,-1.890000008046627,-7.140000030398369
32.516008381,842358350485413863,842358350579859444,54,65,46276562000000,2026-09-10T12:25:05.975833+00:00,interpolated,10.43000004440546,1.540000006556511,-7.070000030100346
32.534897498,842358350504302980,842358350579859444,54,66,46276562000000,2026-09-10T12:25:05.975833+00:00,interpolated,9.240000039339066,6.0900000259280205,-7.910000033676624
32.553786614,842358350523192096,842358350579859444,54,67,46276562000000,2026-09-10T12:25:05.975833+00:00,interpolated,10.22000004351139,4.060000017285347,-8.68000003695488
32.57267573,842358350542081212,842358350579859444,54,68,46276562000000,2026-09-10T12:25:05.975833+00:00,interpolated,10.710000045597553,3.9900000169873238,-8.540000036358833
32.591564846,842358350560970328,842358350579859444,54,69,46276562000000,2026-09-10T12:25:05.975833+00:00,interpolated,8.89000003784895,3.2200000137090683,-8.330000035464764
32.610453962,842358350579859444,842358350579859444,54,70,46276562000000,2026-09-10T12:25:05.975833+00:00,interpolated,8.610000036656857,0.9800000041723251,-9.100000038743019
32.629343508,842358350598748990,842358351921017204,57,0,46277703000000,2026-09-10T12:25:07.115849+00:00,interpolated,9.520000040531158,0.9100000038743019,-10.64000004529953
32.648233054,842358350617638536,842358351921017204,57,1,46277703000000,2026-09-10T12:25:07.115849+00:00,interpolated,9.730000041425228,3.780000016093254,-10.990000046789646
32.6671226,842358350636528082,842358351921017204,57,2,46277703000000,2026-09-10T12:25:07.115849+00:00,interpolated,8.750000037252903,5.4600000232458115,-11.200000047683716
32.686012146,842358350655417628,842358351921017204,57,3,46277703000000,2026-09-10T12:25:07.115849+00:00,interpolated,7.490000031888485,4.34000001847744,-12.39000005275011
32.704901692,842358350674307174,842358351921017204,57,4,46277703000000,2026-09-10T12:25:07.115849+00:00,interpolated,6.51000002771616,4.060000017285347,-13.860000059008598
32.723791237,842358350693196719,842358351921017204,57,5,46277703000000,2026-09-10T12:25:07.115849+00:00,interpolated,6.30000002682209,3.9200000166893005,-14.700000062584877
32.742680783,842358350712086265,842358351921017204,57,6,46277703000000,2026-09-10T12:25:07.115849+00:00,interpolated,5.670000024139881,2.7300000116229057,-15.750000067055225
32.761570329,842358350730975811,842358351921017204,57,7,46277703000000,2026-09-10T12:25:07.115849+00:00,interpolated,4.34000001847744,0.21000000089406967,-17.290000073611736
32.780459875,842358350749865357,842358351921017204,57,8,46277703000000,2026-09-10T12:25:07.115849+00:00,interpolated,3.780000016093254,0.49000000208616257,-18.830000080168247
32.799349421,842358350768754903,842358351921017204,57,9,46277703000000,2026-09-10T12:25:07.115849+00:00,interpolated,3.780000016093254,3.3600000143051147,-19.250000081956387
32.818238967,842358350787644449,842358351921017204,57,10,46277703000000,2026-09-10T12:25:07.115849+00:00,interpolated,2.870000012218952,4.8300000205636024,-18.27000007778406
32.837128513,842358350806533995,842358351921017204,57,11,46277703000000,2026-09-10T12:25:07.115849+00:00,interpolated,0.0,1.9600000083446503,-17.430000074207783
32.856018059,842358350825423541,842358351921017204,57,12,46277703000000,2026-09-10T12:25:07.115849+00:00,interpolated,-0.9100000038743019,0.7000000029802322,-17.430000074207783
32.874907605,842358350844313087,842358351921017204,57,13,46277703000000,2026-09-10T12:25:07.115849+00:00,interpolated,0.7000000029802322,3.780000016093254,-16.590000070631504
32.893797151,842358350863202633,842358351921017204,57,14,46277703000000,2026-09-10T12:25:07.115849+00:00,interpolated,0.3500000014901161,5.880000025033951,-14.490000061690807
32.912686697,842358350882092179,842358351921017204,57,15,46277703000000,2026-09-10T12:25:07.115849+00:00,interpolated,-3.150000013411045,3.430000014603138,-13.300000056624413
32.931576243,842358350900981725,842358351921017204,57,16,46277703000000,2026-09-10T12:25:07.115849+00:00,interpolated,-3.5700000151991844,-1.3300000056624413,-13.370000056922436
32.950465788,842358350919871270,842358351921017204,57,17,46277703000000,2026-09-10T12:25:07.115849+00:00,interpolated,-1.1900000050663948,-2.9400000125169754,-14.280000060796738
32.969355334,842358350938760816,842358351921017204,57,18,46277703000000,2026-09-10T12:25:07.115849+00:00,interpolated,0.14000000059604645,-0.49000000208616257,-13.720000058412552
32.98824488,842358350957650362,842358351921017204,57,19,46277703000000,2026-09-10T12:25:07.115849+00:00,interpolated,-1.4700000062584877,4.13000001758337,-12.81000005453825
33.007134426,842358350976539908,842358351921017204,57,20,46277703000000,2026-09-10T12:25:07.115849+00:00,interpolated,-3.2200000137090683,0.8400000035762787,-11.480000048875809
33.026023972,842358350995429454,842358351921017204,57,21,46277703000000,2026-09-10T12:25:07.115849+00:00,interpolated,-2.520000010728836,-3.8500000163912773,-10.010000042617321
33.044913518,842358351014319000,842358351921017204,57,22,46277703000000,2026-09-10T12:25:07.115849+00:00,interpolated,-1.9600000083446503,-2.3100000098347664,-10.43000004440546
33.063803064,842358351033208546,842358351921017204,57,23,46277703000000,2026-09-10T12:25:07.115849+00:00,interpolated,-3.9200000166893005,1.6100000068545341,-11.270000047981739
33.08269261,842358351052098092,842358351921017204,57,24,46277703000000,2026-09-10T12:25:07.115849+00:00,interpolated,-4.760000020265579,-3.9900000169873238,-9.800000041723251
33.101582156,842358351070987638,842358351921017204,57,25,46277703000000,2026-09-10T12:25:07.115849+00:00,interpolated,-3.3600000143051147,-7.070000030100346,-8.750000037252903
33.120471702,842358351089877184,842358351921017204,57,26,46277703000000,2026-09-10T12:25:07.115849+00:00,interpolated,-3.6400000154972076,-6.7200000286102295,-8.750000037252903
33.139361248,842358351108766730,842358351921017204,57,27,46277703000000,2026-09-10T12:25:07.115849+00:00,interpolated,-4.760000020265579,-13.650000058114529,-8.68000003695488
33.158250794,842358351127656276,842358351921017204,57,28,46277703000000,2026-09-10T12:25:07.115849+00:00,interpolated,-5.530000023543835,-21.7000000923872,-9.170000039041042
33.177140339,842358351146545821,842358351921017204,57,29,46277703000000,2026-09-10T12:25:07.115849+00:00,interpolated,-5.040000021457672,-20.370000086724758,-8.120000034570694
33.196029885,842358351165435367,842358351921017204,57,30,46277703000000,2026-09-10T12:25:07.115849+00:00,interpolated,-5.180000022053719,-16.31000006943941,-6.440000027418137
33.214919431,842358351184324913,842358351921017204,57,31,46277703000000,2026-09-10T12:25:07.115849+00:00,interpolated,-3.3600000143051147,-19.180000081658363,-3.0100000128149986
33.233808977,842358351203214459,842358351921017204,57,32,46277703000000,2026-09-10T12:25:07.115849+00:00,interpolated,-3.080000013113022,-18.90000008046627,0.3500000014901161
33.252698523,842358351222104005,842358351921017204,57,33,46277703000000,2026-09-10T12:25:07.115849+00:00,interpolated,-2.870000012218952,-12.460000053048134,3.2900000140070915
33.271588069,842358351240993551,842358351921017204,57,34,46277703000000,2026-09-10T12:25:07.115849+00:00,interpolated,-2.520000010728836,-5.810000024735928,7.420000031590462
33.290477615,842358351259883097,842358351921017204,57,35,46277703000000,2026-09-10T12:25:07.115849+00:00,interpolated,-3.9200000166893005,0.9800000041723251,11.830000050365925
33.309367161,842358351278772643,842358351921017204,57,36,46277703000000,2026-09-10T12:25:07.115849+00:00,interpolated,-6.230000026524067,4.690000019967556,14.700000062584877
33.328256707,842358351297662189,842358351921017204,57,37,46277703000000,2026-09-10T12:25:07.115849+00:00,interpolated,-9.030000038444996,6.160000026226044,16.10000006854534
33.347146253,842358351316551735,842358351921017204,57,38,46277703000000,2026-09-10T12:25:07.115849+00:00,interpolated,-11.620000049471855,3.2900000140070915,15.820000067353249
33.366035799,842358351335441281,842358351921017204,57,39,46277703000000,2026-09-10T12:25:07.115849+00:00,interpolated,-12.320000052452087,-2.800000011920929,15.050000064074993
33.384925345,842358351354330827,842358351921017204,57,40,46277703000000,2026-09-10T12:25:07.115849+00:00,interpolated,-12.460000053048134,-10.500000044703484,14.910000063478947
33.40381489,842358351373220372,842358351921017204,57,41,46277703000000,2026-09-10T12:25:07.115849+00:00,interpolated,-12.740000054240227,-16.03000006824732,15.820000067353249
33.422704436,842358351392109918,842358351921017204,57,42,46277703000000,2026-09-10T12:25:07.115849+00:00,interpolated,-11.970000050961971,-15.960000067949295,17.430000074207783
33.441593982,842358351410999464,842358351921017204,57,43,46277703000000,2026-09-10T12:25:07.115849+00:00,interpolated,-10.990000046789646,-10.710000045597553,19.74000008404255
33.460483528,842358351429889010,842358351921017204,57,44,46277703000000,2026-09-10T12:25:07.115849+00:00,interpolated,-10.500000044703484,-2.5900000110268593,21.91000009328127
33.479373074,842358351448778556,842358351921017204,57,45,46277703000000,2026-09-10T12:25:07.115849+00:00,interpolated,-9.870000042021275,3.6400000154972076,23.24000009894371
33.49826262,842358351467668102,842358351921017204,57,46,46277703000000,2026-09-10T12:25:07.115849+00:00,interpolated,-8.960000038146973,5.250000022351742,24.50000010430813
33.517152166,842358351486557648,842358351921017204,57,47,46277703000000,2026-09-10T12:25:07.115849+00:00,interpolated,-8.68000003695488,4.690000019967556,24.430000104010105
33.536041712,842358351505447194,842358351921017204,57,48,46277703000000,2026-09-10T12:25:07.115849+00:00,interpolated,-10.360000044107437,3.430000014603138,22.470000095665455
33.554931258,842358351524336740,842358351921017204,57,49,46277703000000,2026-09-10T12:25:07.115849+00:00,interpolated,-13.090000055730343,0.07000000029802322,20.44000008702278
33.573820804,842358351543226286,842358351921017204,57,50,46277703000000,2026-09-10T12:25:07.115849+00:00,interpolated,-14.56000006198883,-5.740000024437904,20.44000008702278
33.59271035,842358351562115832,842358351921017204,57,51,46277703000000,2026-09-10T12:25:07.115849+00:00,interpolated,-14.280000060796738,-9.170000039041042,20.720000088214874
33.611599896,842358351581005378,842358351921017204,57,52,46277703000000,2026-09-10T12:25:07.115849+00:00,interpolated,-13.23000005632639,-7.9800000339746475,20.300000086426735
33.630489441,842358351599894923,842358351921017204,57,53,46277703000000,2026-09-10T12:25:07.115849+00:00,interpolated,-12.320000052452087,-4.200000017881393,19.11000008136034
33.649378987,842358351618784469,842358351921017204,57,54,46277703000000,2026-09-10T12:25:07.115849+00:00,interpolated,-12.320000052452087,-2.6600000113248825,18.06000007688999
33.668268533,842358351637674015,842358351921017204,57,55,46277703000000,2026-09-10T12:25:07.115849+00:00,interpolated,-10.290000043809414,-3.3600000143051147,19.180000081658363
33.687158079,842358351656563561,842358351921017204,57,56,46277703000000,2026-09-10T12:25:07.115849+00:00,interpolated,-9.170000039041042,-3.780000016093254,20.510000087320805
33.706047625,842358351675453107,842358351921017204,57,57,46277703000000,2026-09-10T12:25:07.115849+00:00,interpolated,-7.630000032484531,-4.200000017881393,19.880000084638596
33.724937171,842358351694342653,842358351921017204,57,58,46277703000000,2026-09-10T12:25:07.115849+00:00,interpolated,-5.880000025033951,-3.430000014603138,19.180000081658363
33.743826717,842358351713232199,842358351921017204,57,59,46277703000000,2026-09-10T12:25:07.115849+00:00,interpolated,-5.880000025033951,-5.180000022053719,17.640000075101852
33.762716263,842358351732121745,842358351921017204,57,60,46277703000000,2026-09-10T12:25:07.115849+00:00,interpolated,-5.530000023543835,-7.000000029802322,16.380000069737434
33.781605809,842358351751011291,842358351921017204,57,61,46277703000000,2026-09-10T12:25:07.115849+00:00,interpolated,-5.390000022947788,-9.520000040531158,15.750000067055225
33.800495355,842358351769900837,842358351921017204,57,62,46277703000000,2026-09-10T12:25:07.115849+00:00,interpolated,-7.3500000312924385,-11.900000050663948,15.120000064373016
33.819384901,842358351788790383,842358351921017204,57,63,46277703000000,2026-09-10T12:25:07.115849+00:00,interpolated,-9.870000042021275,-11.06000004708767,14.700000062584877
33.838274447,842358351807679929,842358351921017204,57,64,46277703000000,2026-09-10T12:25:07.115849+00:00,interpolated,-9.240000039339066,-9.240000039339066,14.210000060498714
33.857163992,842358351826569474,842358351921017204,57,65,46277703000000,2026-09-10T12:25:07.115849+00:00,interpolated,-6.7200000286102295,-7.9800000339746475,13.930000059306622
33.876053538,842358351845459020,842358351921017204,57,66,46277703000000,2026-09-10T12:25:07.115849+00:00,interpolated,-5.670000024139881,-8.540000036358833,12.180000051856041
33.894943084,842358351864348566,842358351921017204,57,67,46277703000000,2026-09-10T12:25:07.115849+00:00,interpolated,-5.4600000232458115,-10.710000045597553,9.100000038743019
33.91383263,842358351883238112,842358351921017204,57,68,46277703000000,2026-09-10T12:25:07.115849+00:00,interpolated,-3.430000014603138,-15.750000067055225,7.280000030994415
33.932722176,842358351902127658,842358351921017204,57,69,46277703000000,2026-09-10T12:25:07.115849+00:00,interpolated,-2.800000011920929,-17.15000007301569,6.230000026524067
33.951611722,842358351921017204,842358351921017204,57,70,46277703000000,2026-09-10T12:25:07.115849+00:00,interpolated,-2.3800000101327896,-15.750000067055225,6.0900000259280205
33.970500838,842358351939906320,842358353148809750,59,0,46278843000000,2026-09-10T12:25:08.252892+00:00,interpolated,-2.1000000089406967,-13.440000057220459,5.040000021457672
33.989389954,842358351958795436,842358353148809750,59,1,46278843000000,2026-09-10T12:25:08.252892+00:00,interpolated,-1.3300000056624413,-8.750000037252903,3.430000014603138
34.00827907,842358351977684552,842358353148809750,59,2,46278843000000,2026-09-10T12:25:08.252892+00:00,interpolated,0.14000000059604645,-3.5700000151991844,2.3100000098347664
34.027168186,842358351996573668,842358353148809750,59,3,46278843000000,2026-09-10T12:25:08.252892+00:00,interpolated,0.7700000032782555,-3.8500000163912773,2.17000000923872
34.046057302,842358352015462784,842358353148809750,59,4,46278843000000,2026-09-10T12:25:08.252892+00:00,interpolated,1.1900000050663948,-11.830000050365925,1.6800000071525574
34.064946419,842358352034351901,842358353148809750,59,5,46278843000000,2026-09-10T12:25:08.252892+00:00,interpolated,2.240000009536743,-17.640000075101852,1.4000000059604645
34.083835535,842358352053241017,842358353148809750,59,6,46278843000000,2026-09-10T12:25:08.252892+00:00,interpolated,3.500000014901161,-18.06000007688999,1.1900000050663948
34.102724651,842358352072130133,842358353148809750,59,7,46278843000000,2026-09-10T12:25:08.252892+00:00,interpolated,4.620000019669533,-14.7700000628829,0.630000002682209
34.121613767,842358352091019249,842358353148809750,59,8,46278843000000,2026-09-10T12:25:08.252892+00:00,interpolated,5.810000024735928,-11.410000048577785,0.21000000089406967
34.140502883,842358352109908365,842358353148809750,59,9,46278843000000,2026-09-10T12:25:08.252892+00:00,interpolated,6.790000028908253,-6.020000025629997,1.1200000047683716
34.159391999,842358352128797481,842358353148809750,59,10,46278843000000,2026-09-10T12:25:08.252892+00:00,interpolated,6.860000029206276,-1.1900000050663948,1.540000006556511
34.178281115,842358352147686597,842358353148809750,59,11,46278843000000,2026-09-10T12:25:08.252892+00:00,interpolated,6.020000025629997,0.2800000011920929,0.07000000029802322
34.197170231,842358352166575713,842358353148809750,59,12,46278843000000,2026-09-10T12:25:08.252892+00:00,interpolated,4.5500000193715096,-1.3300000056624413,-1.8200000077486038
34.216059347,842358352185464829,842358353148809750,59,13,46278843000000,2026-09-10T12:25:08.252892+00:00,interpolated,5.040000021457672,-5.670000024139881,-1.9600000083446503
34.234948463,842358352204353945,842358353148809750,59,14,46278843000000,2026-09-10T12:25:08.252892+00:00,interpolated,6.230000026524067,-11.06000004708767,-1.8200000077486038
34.253837579,842358352223243061,842358353148809750,59,15,46278843000000,2026-09-10T12:25:08.252892+00:00,interpolated,7.070000030100346,-12.530000053346157,-2.450000010430813
34.272726696,842358352242132178,842358353148809750,59,16,46278843000000,2026-09-10T12:25:08.252892+00:00,interpolated,8.610000036656857,-9.240000039339066,-3.2900000140070915
34.291615812,842358352261021294,842358353148809750,59,17,46278843000000,2026-09-10T12:25:08.252892+00:00,interpolated,8.330000035464764,-1.4000000059604645,-4.690000019967556
34.310504928,842358352279910410,842358353148809750,59,18,46278843000000,2026-09-10T12:25:08.252892+00:00,interpolated,5.040000021457672,8.610000036656857,-6.020000025629997
34.329394044,842358352298799526,842358353148809750,59,19,46278843000000,2026-09-10T12:25:08.252892+00:00,interpolated,2.7300000116229057,7.3500000312924385,-7.210000030696392
34.34828316,842358352317688642,842358353148809750,59,20,46278843000000,2026-09-10T12:25:08.252892+00:00,interpolated,3.150000013411045,2.1000000089406967,-7.700000032782555
34.367172276,842358352336577758,842358353148809750,59,21,46278843000000,2026-09-10T12:25:08.252892+00:00,interpolated,4.620000019669533,-2.450000010430813,-8.190000034868717
34.386061392,842358352355466874,842358353148809750,59,22,46278843000000,2026-09-10T12:25:08.252892+00:00,interpolated,6.370000027120113,-6.160000026226044,-9.660000041127205
34.404950508,842358352374355990,842358353148809750,59,23,46278843000000,2026-09-10T12:25:08.252892+00:00,interpolated,9.800000041723251,-7.070000030100346,-10.990000046789646
34.423839624,842358352393245106,842358353148809750,59,24,46278843000000,2026-09-10T12:25:08.252892+00:00,interpolated,12.250000052154064,-7.910000033676624,-10.990000046789646
34.44272874,842358352412134222,842358353148809750,59,25,46278843000000,2026-09-10T12:25:08.252892+00:00,interpolated,12.950000055134296,-6.580000028014183,-10.8500000461936
34.461617856,842358352431023338,842358353148809750,59,26,46278843000000,2026-09-10T12:25:08.252892+00:00,interpolated,11.690000049769878,-5.180000022053719,-11.620000049471855
34.480506973,842358352449912455,842358353148809750,59,27,46278843000000,2026-09-10T12:25:08.252892+00:00,interpolated,10.990000046789646,-3.430000014603138,-13.510000057518482
34.499396089,842358352468801571,842358353148809750,59,28,46278843000000,2026-09-10T12:25:08.252892+00:00,interpolated,10.8500000461936,-2.870000012218952,-14.7700000628829
34.518285205,842358352487690687,842358353148809750,59,29,46278843000000,2026-09-10T12:25:08.252892+00:00,interpolated,10.22000004351139,-6.930000029504299,-15.540000066161156
34.537174321,842358352506579803,842358353148809750,59,30,46278843000000,2026-09-10T12:25:08.252892+00:00,interpolated,9.940000042319298,-8.610000036656857,-16.590000070631504
34.556063437,842358352525468919,842358353148809750,59,31,46278843000000,2026-09-10T12:25:08.252892+00:00,interpolated,10.64000004529953,-9.030000038444996,-18.620000079274178
34.574952553,842358352544358035,842358353148809750,59,32,46278843000000,2026-09-10T12:25:08.252892+00:00,interpolated,12.740000054240227,-12.60000005364418,-20.44000008702278
34.593841669,842358352563247151,842358353148809750,59,33,46278843000000,2026-09-10T12:25:08.252892+00:00,interpolated,14.630000062286854,-15.890000067651272,-21.560000091791153
34.612730785,842358352582136267,842358353148809750,59,34,46278843000000,2026-09-10T12:25:08.252892+00:00,interpolated,15.540000066161156,-14.630000062286854,-23.310000099241734
34.631619901,842358352601025383,842358353148809750,59,35,46278843000000,2026-09-10T12:25:08.252892+00:00,interpolated,16.73000007122755,-16.590000070631504,-26.25000011175871
34.650509017,842358352619914499,842358353148809750,59,36,46278843000000,2026-09-10T12:25:08.252892+00:00,interpolated,18.830000080168247,-18.830000080168247,-27.79000011831522
34.669398134,842358352638803616,842358353148809750,59,37,46278843000000,2026-09-10T12:25:08.252892+00:00,interpolated,20.23000008612871,-20.580000087618828,-28.280000120401382
34.68828725,842358352657692732,842358353148809750,59,38,46278843000000,2026-09-10T12:25:08.252892+00:00,interpolated,21.07000008970499,-18.550000078976154,-28.350000120699406
34.707176366,842358352676581848,842358353148809750,59,39,46278843000000,2026-09-10T12:25:08.252892+00:00,interpolated,22.6100000962615,-13.860000059008598,-29.5400001257658
34.726065482,842358352695470964,842358353148809750,59,40,46278843000000,2026-09-10T12:25:08.252892+00:00,interpolated,23.800000101327896,-10.780000045895576,-31.430000133812428
34.744954598,842358352714360080,842358353148809750,59,41,46278843000000,2026-09-10T12:25:08.252892+00:00,interpolated,24.78000010550022,-11.480000048875809,-32.76000013947487
34.763843714,842358352733249196,842358353148809750,59,42,46278843000000,2026-09-10T12:25:08.252892+00:00,interpolated,25.270000107586384,-15.470000065863132,-33.4600001424551
34.78273283,842358352752138312,842358353148809750,59,43,46278843000000,2026-09-10T12:25:08.252892+00:00,interpolated,26.25000011175871,-20.790000088512897,-34.3700001463294
34.801621946,842358352771027428,842358353148809750,59,44,46278843000000,2026-09-10T12:25:08.252892+00:00,interpolated,26.95000011473894,-23.100000098347664,-36.19000015407801
34.820511062,842358352789916544,842358353148809750,59,45,46278843000000,2026-09-10T12:25:08.252892+00:00,interpolated,27.930000118911266,-23.800000101327896,-38.71000016480684
34.839400178,842358352808805660,842358353148809750,59,46,46278843000000,2026-09-10T12:25:08.252892+00:00,interpolated,30.030000127851963,-23.66000010073185,-39.90000016987324
34.858289294,842358352827694776,842358353148809750,59,47,46278843000000,2026-09-10T12:25:08.252892+00:00,interpolated,32.480000138282776,-24.29000010341406,-40.53000017255545
34.877178411,842358352846583893,842358353148809750,59,48,46278843000000,2026-09-10T12:25:08.252892+00:00,interpolated,33.740000143647194,-25.6200001090765,-41.72000017762184
34.896067527,842358352865473009,842358353148809750,59,49,46278843000000,2026-09-10T12:25:08.252892+00:00,interpolated,35.070000149309635,-26.180000111460686,-43.750000186264515
34.914956643,842358352884362125,842358353148809750,59,50,46278843000000,2026-09-10T12:25:08.252892+00:00,interpolated,36.19000015407801,-24.78000010550022,-46.69000019878149
34.933845759,842358352903251241,842358353148809750,59,51,46278843000000,2026-09-10T12:25:08.252892+00:00,interpolated,37.10000015795231,-25.550000108778477,-48.86000020802021
34.952734875,842358352922140357,842358353148809750,59,52,46278843000000,2026-09-10T12:25:08.252892+00:00,interpolated,35.63000015169382,-25.690000109374523,-50.680000215768814
34.971623991,842358352941029473,842358353148809750,59,53,46278843000000,2026-09-10T12:25:08.252892+00:00,interpolated,35.00000014901161,-28.560000121593475,-52.010000221431255
34.990513107,842358352959918589,842358353148809750,59,54,46278843000000,2026-09-10T12:25:08.252892+00:00,interpolated,33.39000014215708,-32.34000013768673,-52.92000022530556
35.009402223,842358352978807705,842358353148809750,59,55,46278843000000,2026-09-10T12:25:08.252892+00:00,interpolated,31.430000133812428,-34.58000014722347,-53.760000228881836
35.028291339,842358352997696821,842358353148809750,59,56,46278843000000,2026-09-10T12:25:08.252892+00:00,interpolated,31.360000133514404,-31.360000133514404,-53.550000227987766
35.047180455,842358353016585937,842358353148809750,59,57,46278843000000,2026-09-10T12:25:08.252892+00:00,interpolated,31.640000134706497,-30.940000131726265,-53.3400002270937
35.066069571,842358353035475053,842358353148809750,59,58,46278843000000,2026-09-10T12:25:08.252892+00:00,interpolated,29.610000126063824,-31.71000013500452,-53.27000022679567
35.084958688,842358353054364170,842358353148809750,59,59,46278843000000,2026-09-10T12:25:08.252892+00:00,interpolated,26.390000112354755,-32.83000013977289,-53.62000022828579
35.103847804,842358353073253286,842358353148809750,59,60,46278843000000,2026-09-10T12:25:08.252892+00:00,interpolated,23.310000099241734,-31.430000133812428,-54.250000230968
35.12273692,842358353092142402,842358353148809750,59,61,46278843000000,2026-09-10T12:25:08.252892+00:00,interpolated,20.580000087618828,-31.640000134706497,-53.760000228881836
35.141626036,842358353111031518,842358353148809750,59,62,46278843000000,2026-09-10T12:25:08.252892+00:00,interpolated,16.52000007033348,-32.34000013768673,-52.36000022292137
35.160515152,842358353129920634,842358353148809750,59,63,46278843000000,2026-09-10T12:25:08.252892+00:00,interpolated,10.570000045001507,-33.81000014394522,-50.54000021517277
35.179404268,842358353148809750,842358353148809750,59,64,46278843000000,2026-09-10T12:25:08.252892+00:00,interpolated,3.9200000166893005,-35.5600001513958,-48.58000020682812
35.198293949,842358353167699431,842358354168852538,62,0,46279921000000,2026-09-10T12:25:09.333301+00:00,interpolated,-1.0500000044703484,-34.23000014573336,-45.500000193715096
35.217183631,842358353186589113,842358354168852538,62,1,46279921000000,2026-09-10T12:25:09.333301+00:00,interpolated,-4.760000020265579,-28.91000012308359,-41.65000017732382
35.236073312,842358353205478794,842358354168852538,62,2,46279921000000,2026-09-10T12:25:09.333301+00:00,interpolated,-9.520000040531158,-24.220000103116035,-37.52000015974045
35.254962993,842358353224368475,842358354168852538,62,3,46279921000000,2026-09-10T12:25:09.333301+00:00,interpolated,-17.850000075995922,-18.48000007867813,-34.16000014543533
35.273852674,842358353243258156,842358354168852538,62,4,46279921000000,2026-09-10T12:25:09.333301+00:00,interpolated,-23.940000101923943,-14.840000063180923,-30.450000129640102
35.292742356,842358353262147838,842358354168852538,62,5,46279921000000,2026-09-10T12:25:09.333301+00:00,interpolated,-30.38000012934208,-14.630000062286854,-25.83000010997057
35.311632037,842358353281037519,842358354168852538,62,6,46279921000000,2026-09-10T12:25:09.333301+00:00,interpolated,-37.3800001591444,-18.130000077188015,-21.140000090003014
35.330521718,842358353299927200,842358354168852538,62,7,46279921000000,2026-09-10T12:25:09.333301+00:00,interpolated,-42.70000018179417,-19.670000083744526,-17.010000072419643
35.349411399,842358353318816881,842358354168852538,62,8,46279921000000,2026-09-10T12:25:09.333301+00:00,interpolated,-44.80000019073486,-17.7800000756979,-13.23000005632639
35.368301081,842358353337706563,842358354168852538,62,9,46279921000000,2026-09-10T12:25:09.333301+00:00,interpolated,-46.48000019788742,-15.890000067651272,-8.820000037550926
35.387190762,842358353356596244,842358354168852538,62,10,46279921000000,2026-09-10T12:25:09.333301+00:00,interpolated,-47.81000020354986,-10.990000046789646,-4.970000021159649
35.406080443,842358353375485925,842358354168852538,62,11,46279921000000,2026-09-10T12:25:09.333301+00:00,interpolated,-47.53000020235777,-9.590000040829182,-0.7700000032782555
35.424970124,842358353394375606,842358354168852538,62,12,46279921000000,2026-09-10T12:25:09.333301+00:00,interpolated,-49.49000021070242,-8.05000003427267,5.390000022947788
35.443859806,842358353413265288,842358354168852538,62,13,46279921000000,2026-09-10T12:25:09.333301+00:00,interpolated,-53.970000229775906,-7.840000033378601,13.02000005543232
35.462749487,842358353432154969,842358354168852538,62,14,46279921000000,2026-09-10T12:25:09.333301+00:00,interpolated,-54.95000023394823,-11.970000050961971,17.640000075101852
35.481639168,842358353451044650,842358354168852538,62,15,46279921000000,2026-09-10T12:25:09.333301+00:00,interpolated,-53.060000225901604,-10.080000042915344,18.830000080168247
35.500528849,842358353469934331,842358354168852538,62,16,46279921000000,2026-09-10T12:25:09.333301+00:00,interpolated,-53.83000022917986,-8.05000003427267,19.32000008225441
35.519418531,842358353488824013,842358354168852538,62,17,46279921000000,2026-09-10T12:25:09.333301+00:00,interpolated,-58.520000249147415,-12.250000052154064,18.410000078380108
35.538308212,842358353507713694,842358354168852538,62,18,46279921000000,2026-09-10T12:25:09.333301+00:00,interpolated,-60.20000025629997,-22.260000094771385,19.53000008314848
35.557197893,842358353526603375,842358354168852538,62,19,46279921000000,2026-09-10T12:25:09.333301+00:00,interpolated,-60.55000025779009,-28.770000122487545,24.710000105202198
35.576087574,842358353545493056,842358354168852538,62,20,46279921000000,2026-09-10T12:25:09.333301+00:00,interpolated,-64.12000027298927,-27.510000117123127,28.6300001218915
35.594977256,842358353564382738,842358354168852538,62,21,46279921000000,2026-09-10T12:25:09.333301+00:00,interpolated,-65.38000027835369,-10.570000045001507,29.400000125169754
35.613866937,842358353583272419,842358354168852538,62,22,46279921000000,2026-09-10T12:25:09.333301+00:00,interpolated,-63.98000027239323,13.300000056624413,28.42000012099743
35.632756618,842358353602162100,842358354168852538,62,23,46279921000000,2026-09-10T12:25:09.333301+00:00,interpolated,-63.070000268518925,34.93000014871359,26.180000111460686
35.651646299,842358353621051781,842358354168852538,62,24,46279921000000,2026-09-10T12:25:09.333301+00:00,interpolated,-63.14000026881695,53.760000228881836,22.750000096857548
35.670535981,842358353639941463,842358354168852538,62,25,46279921000000,2026-09-10T12:25:09.333301+00:00,interpolated,-59.71000025421381,67.34000028669834,21.770000092685223
35.689425662,842358353658831144,842358354168852538,62,26,46279921000000,2026-09-10T12:25:09.333301+00:00,interpolated,-55.720000237226486,75.53000032156706,21.07000008970499
35.708315343,842358353677720825,842358354168852538,62,27,46279921000000,2026-09-10T12:25:09.333301+00:00,interpolated,-56.770000241696835,75.6700003221631,14.490000061690807
35.727205025,842358353696610507,842358354168852538,62,28,46279921000000,2026-09-10T12:25:09.333301+00:00,interpolated,-63.280000269412994,62.650000266730785,5.180000022053719
35.746094706,842358353715500188,842358354168852538,62,29,46279921000000,2026-09-10T12:25:09.333301+00:00,interpolated,-75.60000032186508,35.63000015169382,-0.42000000178813934
35.764984387,842358353734389869,842358354168852538,62,30,46279921000000,2026-09-10T12:25:09.333301+00:00,interpolated,-85.26000036299229,-1.1200000047683716,-1.3300000056624413
35.783874068,842358353753279550,842358354168852538,62,31,46279921000000,2026-09-10T12:25:09.333301+00:00,interpolated,-84.35000035911798,-43.26000018417835,1.6100000068545341
35.80276375,842358353772169232,842358354168852538,62,32,46279921000000,2026-09-10T12:25:09.333301+00:00,interpolated,-74.48000031709671,-83.65000035613775,8.400000035762787
35.821653431,842358353791058913,842358354168852538,62,33,46279921000000,2026-09-10T12:25:09.333301+00:00,interpolated,-65.94000028073788,-114.31000048667192,13.930000059306622
35.840543112,842358353809948594,842358354168852538,62,34,46279921000000,2026-09-10T12:25:09.333301+00:00,interpolated,-59.64000025391579,-126.49000053852797,16.450000070035458
35.859432793,842358353828838275,842358354168852538,62,35,46279921000000,2026-09-10T12:25:09.333301+00:00,interpolated,-52.78000022470951,-120.89000051468611,18.90000008046627
35.878322475,842358353847727957,842358354168852538,62,36,46279921000000,2026-09-10T12:25:09.333301+00:00,interpolated,-42.000000178813934,-105.490000449121,23.590000100433826
35.897212156,842358353866617638,842358354168852538,62,37,46279921000000,2026-09-10T12:25:09.333301+00:00,interpolated,-26.600000113248825,-85.8900003656745,30.59000013023615
35.916101837,842358353885507319,842358354168852538,62,38,46279921000000,2026-09-10T12:25:09.333301+00:00,interpolated,-9.100000038743019,-64.68000027537346,37.3800001591444
35.934991518,842358353904397000,842358354168852538,62,39,46279921000000,2026-09-10T12:25:09.333301+00:00,interpolated,7.9800000339746475,-43.4000001847744,43.750000186264515
35.9538812,842358353923286682,842358354168852538,62,40,46279921000000,2026-09-10T12:25:09.333301+00:00,interpolated,19.040000081062317,-24.710000105202198,47.60000020265579
35.972770881,842358353942176363,842358354168852538,62,41,46279921000000,2026-09-10T12:25:09.333301+00:00,interpolated,22.050000093877316,-13.300000056624413,48.86000020802021
35.991660562,842358353961066044,842358354168852538,62,42,46279921000000,2026-09-10T12:25:09.333301+00:00,interpolated,21.630000092089176,-14.910000063478947,50.82000021636486
36.010550243,842358353979955725,842358354168852538,62,43,46279921000000,2026-09-10T12:25:09.333301+00:00,interpolated,18.410000078380108,-25.6200001090765,52.50000022351742
36.029439925,842358353998845407,842358354168852538,62,44,46279921000000,2026-09-10T12:25:09.333301+00:00,interpolated,13.650000058114529,-35.42000015079975,53.48000022768974
36.048329606,842358354017735088,842358354168852538,62,45,46279921000000,2026-09-10T12:25:09.333301+00:00,interpolated,9.380000039935112,-36.820000156760216,54.67000023275614
36.067219287,842358354036624769,842358354168852538,62,46,46279921000000,2026-09-10T12:25:09.333301+00:00,interpolated,6.860000029206276,-30.520000129938126,55.09000023454428
36.086108968,842358354055514450,842358354168852538,62,47,46279921000000,2026-09-10T12:25:09.333301+00:00,interpolated,4.760000020265579,-20.510000087320805,53.83000022917986
36.10499865,842358354074404132,842358354168852538,62,48,46279921000000,2026-09-10T12:25:09.333301+00:00,interpolated,2.240000009536743,-10.920000046491623,51.03000021725893
36.123888331,842358354093293813,842358354168852538,62,49,46279921000000,2026-09-10T12:25:09.333301+00:00,interpolated,-0.14000000059604645,-4.690000019967556,45.85000019520521
36.142778012,842358354112183494,842358354168852538,62,50,46279921000000,2026-09-10T12:25:09.333301+00:00,interpolated,-2.6600000113248825,-4.5500000193715096,40.18000017106533
36.161667693,842358354131073175,842358354168852538,62,51,46279921000000,2026-09-10T12:25:09.333301+00:00,interpolated,-5.950000025331974,-10.990000046789646,36.19000015407801
36.180557375,842358354149962857,842358354168852538,62,52,46279921000000,2026-09-10T12:25:09.333301+00:00,interpolated,-10.570000045001507,-21.560000091791153,31.990000136196613
36.199447056,842358354168852538,842358354168852538,62,53,46279921000000,2026-09-10T12:25:09.333301+00:00,interpolated,-13.930000059306622,-35.280000150203705,26.880000114440918
36.218336447,842358354187741929,842358355321105406,65,0,46281062000000,2026-09-10T12:25:10.473459+00:00,interpolated,-15.680000066757202,-47.74000020325184,22.890000097453594
36.237225839,842358354206631321,842358355321105406,65,1,46281062000000,2026-09-10T12:25:10.473459+00:00,interpolated,-15.470000065863132,-55.230000235140324,21.000000089406967
36.25611523,842358354225520712,842358355321105406,65,2,46281062000000,2026-09-10T12:25:10.473459+00:00,interpolated,-14.350000061094761,-57.54000024497509,21.000000089406967
36.275004621,842358354244410103,842358355321105406,65,3,46281062000000,2026-09-10T12:25:10.473459+00:00,interpolated,-12.81000005453825,-56.84000024199486,21.28000009059906
36.293894012,842358354263299494,842358355321105406,65,4,46281062000000,2026-09-10T12:25:10.473459+00:00,interpolated,-14.000000059604645,-55.30000023543835,20.23000008612871
36.312783404,842358354282188886,842358355321105406,65,5,46281062000000,2026-09-10T12:25:10.473459+00:00,interpolated,-16.590000070631504,-54.180000230669975,17.99000007659197
36.331672795,842358354301078277,842358355321105406,65,6,46281062000000,2026-09-10T12:25:10.473459+00:00,interpolated,-19.11000008136034,-54.600000232458115,15.330000065267086
36.350562186,842358354319967668,842358355321105406,65,7,46281062000000,2026-09-10T12:25:10.473459+00:00,interpolated,-19.810000084340572,-57.400000244379044,12.670000053942204
36.369451578,842358354338857060,842358355321105406,65,8,46281062000000,2026-09-10T12:25:10.473459+00:00,interpolated,-20.370000086724758,-63.14000026881695,10.150000043213367
36.388340969,842358354357746451,842358355321105406,65,9,46281062000000,2026-09-10T12:25:10.473459+00:00,interpolated,-22.40000009536743,-69.72000029683113,8.190000034868717
36.40723036,842358354376635842,842358355321105406,65,10,46281062000000,2026-09-10T12:25:10.473459+00:00,interpolated,-24.99000010639429,-75.53000032156706,7.140000030398369
36.426119751,842358354395525233,842358355321105406,65,11,46281062000000,2026-09-10T12:25:10.473459+00:00,interpolated,-25.83000010997057,-79.10000033676624,7.490000031888485
36.445009143,842358354414414625,842358355321105406,65,12,46281062000000,2026-09-10T12:25:10.473459+00:00,interpolated,-25.83000010997057,-80.71000034362078,8.26000003516674
36.463898534,842358354433304016,842358355321105406,65,13,46281062000000,2026-09-10T12:25:10.473459+00:00,interpolated,-27.720000118017197,-83.23000035434961,7.910000033676624
36.482787925,842358354452193407,842358355321105406,65,14,46281062000000,2026-09-10T12:25:10.473459+00:00,interpolated,-29.890000127255917,-86.45000036805868,7.210000030696392
36.501677316,842358354471082798,842358355321105406,65,15,46281062000000,2026-09-10T12:25:10.473459+00:00,interpolated,-31.08000013232231,-89.18000037968159,7.140000030398369
36.520566708,842358354489972190,842358355321105406,65,16,46281062000000,2026-09-10T12:25:10.473459+00:00,interpolated,-31.220000132918358,-89.25000037997961,6.790000028908253
36.539456099,842358354508861581,842358355321105406,65,17,46281062000000,2026-09-10T12:25:10.473459+00:00,interpolated,-29.96000012755394,-88.27000037580729,6.930000029504299
36.55834549,842358354527750972,842358355321105406,65,18,46281062000000,2026-09-10T12:25:10.473459+00:00,interpolated,-30.030000127851963,-89.11000037938356,6.860000029206276
36.577234882,842358354546640364,842358355321105406,65,19,46281062000000,2026-09-10T12:25:10.473459+00:00,interpolated,-30.660000130534172,-90.23000038415194,5.670000024139881
36.596124273,842358354565529755,842358355321105406,65,20,46281062000000,2026-09-10T12:25:10.473459+00:00,interpolated,-29.260000124573708,-89.25000037997961,4.270000018179417
36.615013664,842358354584419146,842358355321105406,65,21,46281062000000,2026-09-10T12:25:10.473459+00:00,interpolated,-26.46000011265278,-87.57000037282705,3.5700000151991844
36.633903055,842358354603308537,842358355321105406,65,22,46281062000000,2026-09-10T12:25:10.473459+00:00,interpolated,-23.45000009983778,-87.01000037044287,3.9900000169873238
36.652792447,842358354622197929,842358355321105406,65,23,46281062000000,2026-09-10T12:25:10.473459+00:00,interpolated,-20.300000086426735,-85.8900003656745,4.270000018179417
36.671681838,842358354641087320,842358355321105406,65,24,46281062000000,2026-09-10T12:25:10.473459+00:00,interpolated,-17.57000007480383,-82.95000035315752,3.5700000151991844
36.690571229,842358354659976711,842358355321105406,65,25,46281062000000,2026-09-10T12:25:10.473459+00:00,interpolated,-15.330000065267086,-79.45000033825636,3.3600000143051147
36.709460621,842358354678866103,842358355321105406,65,26,46281062000000,2026-09-10T12:25:10.473459+00:00,interpolated,-13.23000005632639,-76.51000032573938,4.13000001758337
36.728350012,842358354697755494,842358355321105406,65,27,46281062000000,2026-09-10T12:25:10.473459+00:00,interpolated,-11.970000050961971,-74.41000031679869,4.970000021159649
36.747239403,842358354716644885,842358355321105406,65,28,46281062000000,2026-09-10T12:25:10.473459+00:00,interpolated,-10.360000044107437,-71.19000030308962,5.4600000232458115
36.766128794,842358354735534276,842358355321105406,65,29,46281062000000,2026-09-10T12:25:10.473459+00:00,interpolated,-9.100000038743019,-65.94000028073788,5.880000025033951
36.785018186,842358354754423668,842358355321105406,65,30,46281062000000,2026-09-10T12:25:10.473459+00:00,interpolated,-10.010000042617321,-60.55000025779009,6.51000002771616
36.803907577,842358354773313059,842358355321105406,65,31,46281062000000,2026-09-10T12:25:10.473459+00:00,interpolated,-12.670000053942204,-57.47000024467707,7.3500000312924385
36.822796968,842358354792202450,842358355321105406,65,32,46281062000000,2026-09-10T12:25:10.473459+00:00,interpolated,-15.40000006556511,-55.230000235140324,7.3500000312924385
36.841686359,842358354811091841,842358355321105406,65,33,46281062000000,2026-09-10T12:25:10.473459+00:00,interpolated,-17.500000074505806,-52.36000022292137,7.560000032186508
36.860575751,842358354829981233,842358355321105406,65,34,46281062000000,2026-09-10T12:25:10.473459+00:00,interpolated,-19.670000083744526,-49.00000020861626,7.770000033080578
36.879465142,842358354848870624,842358355321105406,65,35,46281062000000,2026-09-10T12:25:10.473459+00:00,interpolated,-22.190000094473362,-44.52000018954277,8.05000003427267
36.898354533,842358354867760015,842358355321105406,65,36,46281062000000,2026-09-10T12:25:10.473459+00:00,interpolated,-23.87000010162592,-38.080000162124634,7.630000032484531
36.917243925,842358354886649407,842358355321105406,65,37,46281062000000,2026-09-10T12:25:10.473459+00:00,interpolated,-24.010000102221966,-32.83000013977289,8.05000003427267
36.936133316,842358354905538798,842358355321105406,65,38,46281062000000,2026-09-10T12:25:10.473459+00:00,interpolated,-22.540000095963478,-31.010000132024288,11.550000049173832
36.955022707,842358354924428189,842358355321105406,65,39,46281062000000,2026-09-10T12:25:10.473459+00:00,interpolated,-23.87000010162592,-31.430000133812428,13.440000057220459
36.973912098,842358354943317580,842358355321105406,65,40,46281062000000,2026-09-10T12:25:10.473459+00:00,interpolated,-30.940000131726265,-36.610000155866146,12.670000053942204
36.99280149,842358354962206972,842358355321105406,65,41,46281062000000,2026-09-10T12:25:10.473459+00:00,interpolated,-40.740000173449516,-50.61000021547079,9.310000039637089
37.011690881,842358354981096363,842358355321105406,65,42,46281062000000,2026-09-10T12:25:10.473459+00:00,interpolated,-50.050000213086605,-74.1300003156066,4.970000021159649
37.030580272,842358354999985754,842358355321105406,65,43,46281062000000,2026-09-10T12:25:10.473459+00:00,interpolated,-57.190000243484974,-102.2000004351139,0.8400000035762787
37.049469664,842358355018875146,842358355321105406,65,44,46281062000000,2026-09-10T12:25:10.473459+00:00,interpolated,-57.400000244379044,-134.7500005736947,-1.0500000044703484
37.068359055,842358355037764537,842358355321105406,65,45,46281062000000,2026-09-10T12:25:10.473459+00:00,interpolated,-51.590000219643116,-170.45000072568655,3.430000014603138
37.087248446,842358355056653928,842358355321105406,65,46,46281062000000,2026-09-10T12:25:10.473459+00:00,interpolated,-40.46000017225742,-199.64000084996223,16.31000006943941
37.106137837,842358355075543319,842358355321105406,65,47,46281062000000,2026-09-10T12:25:10.473459+00:00,interpolated,-29.5400001257658,-212.38000090420246,31.640000134706497
37.125027229,842358355094432711,842358355321105406,65,48,46281062000000,2026-09-10T12:25:10.473459+00:00,interpolated,-24.010000102221966,-205.5900008752942,44.66000019013882
37.14391662,842358355113322102,842358355321105406,65,49,46281062000000,2026-09-10T12:25:10.473459+00:00,interpolated,-21.980000093579292,-180.67000076919794,53.970000229775906
37.162806011,842358355132211493,842358355321105406,65,50,46281062000000,2026-09-10T12:25:10.473459+00:00,interpolated,-21.07000008970499,-143.22000060975552,56.49000024050474
37.181695402,842358355151100884,842358355321105406,65,51,46281062000000,2026-09-10T12:25:10.473459+00:00,interpolated,-17.710000075399876,-104.09000044316053,51.380000218749046
37.200584794,842358355169990276,842358355321105406,65,52,46281062000000,2026-09-10T12:25:10.473459+00:00,interpolated,-10.710000045597553,-76.72000032663345,44.10000018775463
37.219474185,842358355188879667,842358355321105406,65,53,46281062000000,2026-09-10T12:25:10.473459+00:00,interpolated,-2.17000000923872,-65.66000027954578,38.50000016391277
37.238363576,842358355207769058,842358355321105406,65,54,46281062000000,2026-09-10T12:25:10.473459+00:00,interpolated,5.4600000232458115,-67.06000028550625,32.20000013709068
37.257252968,842358355226658450,842358355321105406,65,55,46281062000000,2026-09-10T12:25:10.473459+00:00,interpolated,11.06000004708767,-77.21000032871962,22.750000096857548
37.276142359,842358355245547841,842358355321105406,65,56,46281062000000,2026-09-10T12:25:10.473459+00:00,interpolated,19.53000008314848,-87.92000037431717,12.950000055134296
37.29503175,842358355264437232,842358355321105406,65,57,46281062000000,2026-09-10T12:25:10.473459+00:00,interpolated,31.220000132918358,-92.61000039428473,5.600000023841858
37.313921141,842358355283326623,842358355321105406,65,58,46281062000000,2026-09-10T12:25:10.473459+00:00,interpolated,42.63000018149614,-91.6300003901124,1.890000008046627
37.332810533,842358355302216015,842358355321105406,65,59,46281062000000,2026-09-10T12:25:10.473459+00:00,interpolated,52.640000224113464,-84.9800003618002,1.7500000074505806
37.351699924,842358355321105406,842358355321105406,65,60,46281062000000,2026-09-10T12:25:10.473459+00:00,interpolated,60.97000025957823,-73.71000031381845,3.8500000163912773
37.370589277,842358355339994759,842358356416687872,69,0,46282203000000,2026-09-10T12:25:11.613156+00:00,interpolated,66.99000028520823,-59.22000025212765,6.370000027120113
37.38947863,842358355358884112,842358356416687872,69,1,46282203000000,2026-09-10T12:25:11.613156+00:00,interpolated,70.56000030040741,-43.26000018417835,9.520000040531158
37.408367983,842358355377773465,842358356416687872,69,2,46282203000000,2026-09-10T12:25:11.613156+00:00,interpolated,69.72000029683113,-27.020000115036964,13.300000056624413
37.427257335,842358355396662817,842358356416687872,69,3,46282203000000,2026-09-10T12:25:11.613156+00:00,interpolated,65.38000027835369,-10.64000004529953,15.40000006556511
37.446146688,842358355415552170,842358356416687872,69,4,46282203000000,2026-09-10T12:25:11.613156+00:00,interpolated,59.29000025242567,4.480000019073486,16.450000070035458
37.465036041,842358355434441523,842358356416687872,69,5,46282203000000,2026-09-10T12:25:11.613156+00:00,interpolated,53.20000022649765,16.170000068843365,18.27000007778406
37.483925394,842358355453330876,842358356416687872,69,6,46282203000000,2026-09-10T12:25:11.613156+00:00,interpolated,47.460000202059746,25.690000109374523,19.53000008314848
37.502814747,842358355472220229,842358356416687872,69,7,46282203000000,2026-09-10T12:25:11.613156+00:00,interpolated,40.250000171363354,36.400000154972076,18.830000080168247
37.5217041,842358355491109582,842358356416687872,69,8,46282203000000,2026-09-10T12:25:11.613156+00:00,interpolated,32.34000013768673,46.90000019967556,15.470000065863132
37.540593453,842358355509998935,842358356416687872,69,9,46282203000000,2026-09-10T12:25:11.613156+00:00,interpolated,23.940000101923943,57.33000024408102,10.010000042617321
37.559482805,842358355528888287,842358356416687872,69,10,46282203000000,2026-09-10T12:25:11.613156+00:00,interpolated,16.170000068843365,68.32000029087067,2.800000011920929
37.578372158,842358355547777640,842358356416687872,69,11,46282203000000,2026-09-10T12:25:11.613156+00:00,interpolated,9.100000038743019,78.89000033587217,-5.600000023841858
37.597261511,842358355566666993,842358356416687872,69,12,46282203000000,2026-09-10T12:25:11.613156+00:00,interpolated,3.5700000151991844,88.55000037699938,-13.790000058710575
37.616150864,842358355585556346,842358356416687872,69,13,46282203000000,2026-09-10T12:25:11.613156+00:00,interpolated,2.3800000101327896,95.62000040709972,-18.760000079870224
37.635040217,842358355604445699,842358356416687872,69,14,46282203000000,2026-09-10T12:25:11.613156+00:00,interpolated,2.450000010430813,102.06000043451786,-21.07000008970499
37.65392957,842358355623335052,842358356416687872,69,15,46282203000000,2026-09-10T12:25:11.613156+00:00,interpolated,-5.180000022053719,110.6000004708767,-28.280000120401382
37.672818923,842358355642224405,842358356416687872,69,16,46282203000000,2026-09-10T12:25:11.613156+00:00,interpolated,-19.11000008136034,118.86000050604343,-39.27000016719103
37.691708276,842358355661113758,842358356416687872,69,17,46282203000000,2026-09-10T12:25:11.613156+00:00,interpolated,-27.440000116825104,120.2600005120039,-48.16000020503998
37.710597628,842358355680003110,842358356416687872,69,18,46282203000000,2026-09-10T12:25:11.613156+00:00,interpolated,-27.650000117719173,114.59000048786402,-54.810000233352184
37.729486981,842358355698892463,842358356416687872,69,19,46282203000000,2026-09-10T12:25:11.613156+00:00,interpolated,-23.310000099241734,105.91000045090914,-57.890000246465206
37.748376334,842358355717781816,842358356416687872,69,20,46282203000000,2026-09-10T12:25:11.613156+00:00,interpolated,-18.410000078380108,98.2800004184246,-57.890000246465206
37.767265687,842358355736671169,842358356416687872,69,21,46282203000000,2026-09-10T12:25:11.613156+00:00,interpolated,-13.720000058412552,94.71000040322542,-57.260000243783
37.78615504,842358355755560522,842358356416687872,69,22,46282203000000,2026-09-10T12:25:11.613156+00:00,interpolated,-9.730000041425228,97.3700004145503,-56.980000242590904
37.805044393,842358355774449875,842358356416687872,69,23,46282203000000,2026-09-10T12:25:11.613156+00:00,interpolated,-5.180000022053719,103.95000044256449,-56.21000023931265
37.823933746,842358355793339228,842358356416687872,69,24,46282203000000,2026-09-10T12:25:11.613156+00:00,interpolated,0.49000000208616257,110.3200004696846,-54.95000023394823
37.842823098,842358355812228580,842358356416687872,69,25,46282203000000,2026-09-10T12:25:11.613156+00:00,interpolated,4.620000019669533,117.67000050097704,-53.83000022917986
37.861712451,842358355831117933,842358356416687872,69,26,46282203000000,2026-09-10T12:25:11.613156+00:00,interpolated,3.9900000169873238,126.42000053822994,-52.78000022470951
37.880601804,842358355850007286,842358356416687872,69,27,46282203000000,2026-09-10T12:25:11.613156+00:00,interpolated,-0.9800000041723251,134.82000057399273,-51.45000021904707
37.899491157,842358355868896639,842358356416687872,69,28,46282203000000,2026-09-10T12:25:11.613156+00:00,interpolated,-8.750000037252903,142.17000060528517,-50.260000213980675
37.91838051,842358355887785992,842358356416687872,69,29,46282203000000,2026-09-10T12:25:11.613156+00:00,interpolated,-15.750000067055225,147.4200006276369,-50.050000213086605
37.937269863,842358355906675345,842358356416687872,69,30,46282203000000,2026-09-10T12:25:11.613156+00:00,interpolated,-19.180000081658363,150.01000063866377,-52.08000022172928
37.956159216,842358355925564698,842358356416687872,69,31,46282203000000,2026-09-10T12:25:11.613156+00:00,interpolated,-18.130000077188015,149.38000063598156,-55.58000023663044
37.975048568,842358355944454050,842358356416687872,69,32,46282203000000,2026-09-10T12:25:11.613156+00:00,interpolated,-13.580000057816505,145.11000061780214,-58.38000024855137
37.993937921,842358355963343403,842358356416687872,69,33,46282203000000,2026-09-10T12:25:11.613156+00:00,interpolated,-8.05000003427267,137.55000058561563,-59.64000025391579
38.012827274,842358355982232756,842358356416687872,69,34,46282203000000,2026-09-10T12:25:11.613156+00:00,interpolated,-2.800000011920929,129.0100005492568,-59.22000025212765
38.031716627,842358356001122109,842358356416687872,69,35,46282203000000,2026-09-10T12:25:11.613156+00:00,interpolated,1.0500000044703484,121.87000051885843,-57.260000243783
38.05060598,842358356020011462,842358356416687872,69,36,46282203000000,2026-09-10T12:25:11.613156+00:00,interpolated,3.8500000163912773,115.85000049322844,-54.180000230669975
38.069495333,842358356038900815,842358356416687872,69,37,46282203000000,2026-09-10T12:25:11.613156+00:00,interpolated,4.970000021159649,108.99000046402216,-51.03000021725893
38.088384686,842358356057790168,842358356416687872,69,38,46282203000000,2026-09-10T12:25:11.613156+00:00,interpolated,3.9200000166893005,101.85000043362379,-48.090000204741955
38.107274038,842358356076679520,842358356416687872,69,39,46282203000000,2026-09-10T12:25:11.613156+00:00,interpolated,1.260000005364418,94.78000040352345,-44.66000019013882
38.126163391,842358356095568873,842358356416687872,69,40,46282203000000,2026-09-10T12:25:11.613156+00:00,interpolated,-1.6800000071525574,88.13000037521124,-41.23000017553568
38.145052744,842358356114458226,842358356416687872,69,41,46282203000000,2026-09-10T12:25:11.613156+00:00,interpolated,-3.9900000169873238,82.04000034928322,-37.17000015825033
38.163942097,842358356133347579,842358356416687872,69,42,46282203000000,2026-09-10T12:25:11.613156+00:00,interpolated,-6.580000028014183,77.63000033050776,-33.530000142753124
38.18283145,842358356152236932,842358356416687872,69,43,46282203000000,2026-09-10T12:25:11.613156+00:00,interpolated,-10.010000042617321,75.53000032156706,-29.96000012755394
38.201720803,842358356171126285,842358356416687872,69,44,46282203000000,2026-09-10T12:25:11.613156+00:00,interpolated,-11.830000050365925,72.6600003093481,-25.480000108480453
38.220610156,842358356190015638,842358356416687872,69,45,46282203000000,2026-09-10T12:25:11.613156+00:00,interpolated,-11.410000048577785,67.06000028550625,-19.810000084340572
38.239499509,842358356208904991,842358356416687872,69,46,46282203000000,2026-09-10T12:25:11.613156+00:00,interpolated,-11.970000050961971,59.43000025302172,-13.510000057518482
38.258388861,842358356227794343,842358356416687872,69,47,46282203000000,2026-09-10T12:25:11.613156+00:00,interpolated,-10.990000046789646,50.050000213086605,-6.7200000286102295
38.277278214,842358356246683696,842358356416687872,69,48,46282203000000,2026-09-10T12:25:11.613156+00:00,interpolated,-9.660000041127205,40.46000017225742,0.07000000029802322
38.296167567,842358356265573049,842358356416687872,69,49,46282203000000,2026-09-10T12:25:11.613156+00:00,interpolated,-9.240000039339066,25.760000109672546,7.9800000339746475
38.31505692,842358356284462402,842358356416687872,69,50,46282203000000,2026-09-10T12:25:11.613156+00:00,interpolated,-8.820000037550926,3.430000014603138,18.130000077188015
38.333946273,842358356303351755,842358356416687872,69,51,46282203000000,2026-09-10T12:25:11.613156+00:00,interpolated,-7.770000033080578,-15.960000067949295,21.07000008970499
38.352835626,842358356322241108,842358356416687872,69,52,46282203000000,2026-09-10T12:25:11.613156+00:00,interpolated,-8.120000034570694,-28.140000119805336,26.04000011086464
38.371724979,842358356341130461,842358356416687872,69,53,46282203000000,2026-09-10T12:25:11.613156+00:00,interpolated,-6.020000025629997,-37.80000016093254,28.84000012278557
38.390614331,842358356360019813,842358356416687872,69,54,46282203000000,2026-09-10T12:25:11.613156+00:00,interpolated,-3.9200000166893005,-46.340000197291374,29.190000124275684
38.409503684,842358356378909166,842358356416687872,69,55,46282203000000,2026-09-10T12:25:11.613156+00:00,interpolated,0.9100000038743019,-51.380000218749046,31.010000132024288
38.428393037,842358356397798519,842358356416687872,69,56,46282203000000,2026-09-10T12:25:11.613156+00:00,interpolated,7.000000029802322,-57.68000024557114,32.5500001385808
38.44728239,842358356416687872,842358356416687872,69,57,46282203000000,2026-09-10T12:25:11.613156+00:00,interpolated,13.510000057518482,-66.71000028401613,34.3700001463294
38.466172042,842358356435577524,842358357493398008,72,0,46283406000000,2026-09-10T12:25:12.813953+00:00,interpolated,21.07000008970499,-76.8600003272295,37.73000016063452
38.485061693,842358356454467175,842358357493398008,72,1,46283406000000,2026-09-10T12:25:12.813953+00:00,interpolated,30.030000127851963,-86.5200003683567,42.420000180602074
38.503951345,842358356473356827,842358357493398008,72,2,46283406000000,2026-09-10T12:25:12.813953+00:00,interpolated,40.88000017404556,-96.32000041007996,49.28000020980835
38.522840996,842358356492246478,842358357493398008,72,3,46283406000000,2026-09-10T12:25:12.813953+00:00,interpolated,54.180000230669975,-108.01000045984983,58.66000024974346
38.541730648,842358356511136130,842358357493398008,72,4,46283406000000,2026-09-10T12:25:12.813953+00:00,interpolated,67.41000028699636,-116.0600004941225,68.04000028967857
38.560620299,842358356530025781,842358357493398008,72,5,46283406000000,2026-09-10T12:25:12.813953+00:00,interpolated,75.39000032097101,-112.56000047922134,74.55000031739473
38.579509951,842358356548915433,842358357493398008,72,6,46283406000000,2026-09-10T12:25:12.813953+00:00,interpolated,78.54000033438206,-96.04000040888786,79.10000033676624
38.598399602,842358356567805084,842358357493398008,72,7,46283406000000,2026-09-10T12:25:12.813953+00:00,interpolated,78.40000033378601,-71.82000030577183,81.62000034749508
38.617289254,842358356586694736,842358357493398008,72,8,46283406000000,2026-09-10T12:25:12.813953+00:00,interpolated,76.23000032454729,-45.500000193715096,82.11000034958124
38.636178905,842358356605584387,842358357493398008,72,9,46283406000000,2026-09-10T12:25:12.813953+00:00,interpolated,73.57000031322241,-18.130000077188015,80.92000034451485
38.655068557,842358356624474039,842358357493398008,72,10,46283406000000,2026-09-10T12:25:12.813953+00:00,interpolated,70.77000030130148,7.070000030100346,77.42000032961369
38.673958208,842358356643363690,842358357493398008,72,11,46283406000000,2026-09-10T12:25:12.813953+00:00,interpolated,67.69000028818846,24.010000102221966,70.35000029951334
38.69284786,842358356662253342,842358357493398008,72,12,46283406000000,2026-09-10T12:25:12.813953+00:00,interpolated,64.1900002732873,30.100000128149986,61.530000261962414
38.711737511,842358356681142993,842358357493398008,72,13,46283406000000,2026-09-10T12:25:12.813953+00:00,interpolated,59.0800002515316,25.900000110268593,53.90000022947788
38.730627163,842358356700032645,842358357493398008,72,14,46283406000000,2026-09-10T12:25:12.813953+00:00,interpolated,52.1500002220273,16.03000006824732,48.58000020682812
38.749516814,842358356718922296,842358357493398008,72,15,46283406000000,2026-09-10T12:25:12.813953+00:00,interpolated,47.60000020265579,7.910000033676624,46.06000019609928
38.768406466,842358356737811948,842358357493398008,72,16,46283406000000,2026-09-10T12:25:12.813953+00:00,interpolated,44.66000019013882,5.110000021755695,44.170000188052654
38.787296117,842358356756701599,842358357493398008,72,17,46283406000000,2026-09-10T12:25:12.813953+00:00,interpolated,42.28000018000603,7.9800000339746475,41.3000001758337
38.806185769,842358356775591251,842358357493398008,72,18,46283406000000,2026-09-10T12:25:12.813953+00:00,interpolated,38.990000165998936,14.350000061094761,36.33000015467405
38.82507542,842358356794480902,842358357493398008,72,19,46283406000000,2026-09-10T12:25:12.813953+00:00,interpolated,32.480000138282776,20.23000008612871,28.560000121593475
38.843965072,842358356813370554,842358357493398008,72,20,46283406000000,2026-09-10T12:25:12.813953+00:00,interpolated,23.310000099241734,24.430000104010105,18.970000080764294
38.862854723,842358356832260205,842358357493398008,72,21,46283406000000,2026-09-10T12:25:12.813953+00:00,interpolated,12.39000005275011,26.25000011175871,8.540000036358833
38.881744375,842358356851149857,842358357493398008,72,22,46283406000000,2026-09-10T12:25:12.813953+00:00,interpolated,2.3100000098347664,26.880000114440918,0.7000000029802322
38.900634026,842358356870039508,842358357493398008,72,23,46283406000000,2026-09-10T12:25:12.813953+00:00,interpolated,-4.760000020265579,25.970000110566616,-4.5500000193715096
38.919523678,842358356888929160,842358357493398008,72,24,46283406000000,2026-09-10T12:25:12.813953+00:00,interpolated,-10.64000004529953,25.20000010728836,-8.540000036358833
38.938413329,842358356907818811,842358357493398008,72,25,46283406000000,2026-09-10T12:25:12.813953+00:00,interpolated,-16.03000006824732,26.25000011175871,-12.530000053346157
38.957302981,842358356926708463,842358357493398008,72,26,46283406000000,2026-09-10T12:25:12.813953+00:00,interpolated,-20.23000008612871,30.100000128149986,-17.850000075995922
38.976192632,842358356945598114,842358357493398008,72,27,46283406000000,2026-09-10T12:25:12.813953+00:00,interpolated,-22.960000097751617,33.740000143647194,-26.530000112950802
38.995082284,842358356964487766,842358357493398008,72,28,46283406000000,2026-09-10T12:25:12.813953+00:00,interpolated,-25.690000109374523,36.12000015377998,-37.450000159442425
39.013971935,842358356983377417,842358357493398008,72,29,46283406000000,2026-09-10T12:25:12.813953+00:00,interpolated,-29.190000124275684,39.90000016987324,-46.48000019788742
39.032861587,842358357002267069,842358357493398008,72,30,46283406000000,2026-09-10T12:25:12.813953+00:00,interpolated,-39.620000168681145,42.14000017940998,-58.03000024706125
39.051751238,842358357021156720,842358357493398008,72,31,46283406000000,2026-09-10T12:25:12.813953+00:00,interpolated,-52.850000225007534,41.3000001758337,-73.36000031232834
39.07064089,842358357040046372,842358357493398008,72,32,46283406000000,2026-09-10T12:25:12.813953+00:00,interpolated,-63.21000026911497,32.97000014036894,-81.76000034809113
39.089530541,842358357058936023,842358357493398008,72,33,46283406000000,2026-09-10T12:25:12.813953+00:00,interpolated,-73.92000031471252,16.870000071823597,-84.21000035852194
39.108420193,842358357077825675,842358357493398008,72,34,46283406000000,2026-09-10T12:25:12.813953+00:00,interpolated,-81.83000034838915,3.3600000143051147,-83.5100003555417
39.127309844,842358357096715326,842358357493398008,72,35,46283406000000,2026-09-10T12:25:12.813953+00:00,interpolated,-79.03000033646822,-2.870000012218952,-80.7800003439188
39.146199496,842358357115604978,842358357493398008,72,36,46283406000000,2026-09-10T12:25:12.813953+00:00,interpolated,-67.13000028580427,-5.880000025033951,-75.25000032037497
39.165089147,842358357134494629,842358357493398008,72,37,46283406000000,2026-09-10T12:25:12.813953+00:00,interpolated,-50.75000021606684,-10.080000042915344,-69.23000029474497
39.183978799,842358357153384281,842358357493398008,72,38,46283406000000,2026-09-10T12:25:12.813953+00:00,interpolated,-36.75000015646219,-15.19000006467104,-63.63000027090311
39.20286845,842358357172273932,842358357493398008,72,39,46283406000000,2026-09-10T12:25:12.813953+00:00,interpolated,-30.59000013023615,-15.120000064373016,-59.360000252723694
39.221758102,842358357191163584,842358357493398008,72,40,46283406000000,2026-09-10T12:25:12.813953+00:00,interpolated,-31.150000132620335,-2.9400000125169754,-55.79000023752451
39.240647753,842358357210053235,842358357493398008,72,41,46283406000000,2026-09-10T12:25:12.813953+00:00,interpolated,-35.910000152885914,22.540000095963478,-53.550000227987766
39.259537405,842358357228942887,842358357493398008,72,42,46283406000000,2026-09-10T12:25:12.813953+00:00,interpolated,-42.420000180602074,52.430000223219395,-52.57000022381544
39.278427056,842358357247832538,842358357493398008,72,43,46283406000000,2026-09-10T12:25:12.813953+00:00,interpolated,-48.86000020802021,75.81000032275915,-53.62000022828579
39.297316708,842358357266722190,842358357493398008,72,44,46283406000000,2026-09-10T12:25:12.813953+00:00,interpolated,-54.74000023305416,90.65000038594007,-56.84000024199486
39.316206359,842358357285611841,842358357493398008,72,45,46283406000000,2026-09-10T12:25:12.813953+00:00,interpolated,-58.66000024974346,95.76000040769577,-60.41000025719404
39.335096011,842358357304501493,842358357493398008,72,46,46283406000000,2026-09-10T12:25:12.813953+00:00,interpolated,-58.38000024855137,91.70000039041042,-63.21000026911497
39.353985662,842358357323391144,842358357493398008,72,47,46283406000000,2026-09-10T12:25:12.813953+00:00,interpolated,-50.82000021636486,81.9700003489852,-64.75000027567148
39.372875314,842358357342280796,842358357493398008,72,48,46283406000000,2026-09-10T12:25:12.813953+00:00,interpolated,-37.80000016093254,71.54000030457973,-62.650000266730785
39.391764965,842358357361170447,842358357493398008,72,49,46283406000000,2026-09-10T12:25:12.813953+00:00,interpolated,-24.710000105202198,63.42000027000904,-56.70000024139881
39.410654617,842358357380060099,842358357493398008,72,50,46283406000000,2026-09-10T12:25:12.813953+00:00,interpolated,-12.740000054240227,58.24000024795532,-49.00000020861626
39.429544268,842358357398949750,842358357493398008,72,51,46283406000000,2026-09-10T12:25:12.813953+00:00,interpolated,-3.5700000151991844,53.13000022619963,-40.46000017225742
39.44843392,842358357417839402,842358357493398008,72,52,46283406000000,2026-09-10T12:25:12.813953+00:00,interpolated,0.7700000032782555,48.510000206530094,-32.900000140070915
39.467323571,842358357436729053,842358357493398008,72,53,46283406000000,2026-09-10T12:25:12.813953+00:00,interpolated,1.6800000071525574,44.45000018924475,-26.25000011175871
39.486213223,842358357455618705,842358357493398008,72,54,46283406000000,2026-09-10T12:25:12.813953+00:00,interpolated,1.260000005364418,40.88000017404556,-19.53000008314848
39.505102874,842358357474508356,842358357493398008,72,55,46283406000000,2026-09-10T12:25:12.813953+00:00,interpolated,-0.07000000029802322,36.54000015556812,-13.860000059008598
39.523992526,842358357493398008,842358357493398008,72,56,46283406000000,2026-09-10T12:25:12.813953+00:00,interpolated,-1.1900000050663948,28.770000122487545,-9.730000041425228
39.542881722,842358357512287204,842358358570082204,75,0,46285265000000,2026-09-10T12:25:14.673506+00:00,interpolated,-1.890000008046627,17.850000075995922,-6.930000029504299
39.561770919,842358357531176401,842358358570082204,75,1,46285265000000,2026-09-10T12:25:14.673506+00:00,interpolated,-0.42000000178813934,5.250000022351742,-4.270000018179417
39.580660115,842358357550065597,842358358570082204,75,2,46285265000000,2026-09-10T12:25:14.673506+00:00,interpolated,2.800000011920929,-6.790000028908253,-0.14000000059604645
39.599549312,842358357568954794,842358358570082204,75,3,46285265000000,2026-09-10T12:25:14.673506+00:00,interpolated,6.930000029504299,-17.57000007480383,5.880000025033951
39.618438508,842358357587843990,842358358570082204,75,4,46285265000000,2026-09-10T12:25:14.673506+00:00,interpolated,11.200000047683716,-27.37000011652708,13.300000056624413
39.637327705,842358357606733187,842358358570082204,75,5,46285265000000,2026-09-10T12:25:14.673506+00:00,interpolated,14.000000059604645,-37.10000015795231,20.16000008583069
39.656216901,842358357625622383,842358358570082204,75,6,46285265000000,2026-09-10T12:25:14.673506+00:00,interpolated,14.210000060498714,-46.27000019699335,26.810000114142895
39.675106097,842358357644511579,842358358570082204,75,7,46285265000000,2026-09-10T12:25:14.673506+00:00,interpolated,13.160000056028366,-53.27000022679567,35.280000150203705
39.693995294,842358357663400776,842358358570082204,75,8,46285265000000,2026-09-10T12:25:14.673506+00:00,interpolated,14.350000061094761,-54.88000023365021,43.61000018566847
39.71288449,842358357682289972,842358358570082204,75,9,46285265000000,2026-09-10T12:25:14.673506+00:00,interpolated,14.56000006198883,-49.28000020980835,43.68000018596649
39.731773687,842358357701179169,842358358570082204,75,10,46285265000000,2026-09-10T12:25:14.673506+00:00,interpolated,16.73000007122755,-41.02000017464161,43.750000186264515
39.750662883,842358357720068365,842358358570082204,75,11,46285265000000,2026-09-10T12:25:14.673506+00:00,interpolated,22.33000009506941,-40.60000017285347,39.620000168681145
39.769552079,842358357738957561,842358358570082204,75,12,46285265000000,2026-09-10T12:25:14.673506+00:00,interpolated,25.270000107586384,-49.98000021278858,34.51000014692545
39.788441276,842358357757846758,842358358570082204,75,13,46285265000000,2026-09-10T12:25:14.673506+00:00,interpolated,29.470000125467777,-61.95000026375055,32.62000013887882
39.807330472,842358357776735954,842358358570082204,75,14,46285265000000,2026-09-10T12:25:14.673506+00:00,interpolated,36.33000015467405,-75.11000031977892,31.50000013411045
39.826219669,842358357795625151,842358358570082204,75,15,46285265000000,2026-09-10T12:25:14.673506+00:00,interpolated,42.77000018209219,-89.5300003811717,30.940000131726265
39.845108865,842358357814514347,842358358570082204,75,16,46285265000000,2026-09-10T12:25:14.673506+00:00,interpolated,48.79000020772219,-102.76000043749809,34.79000014811754
39.863998062,842358357833403544,842358358570082204,75,17,46285265000000,2026-09-10T12:25:14.673506+00:00,interpolated,55.58000023663044,-116.90000049769878,44.80000019073486
39.882887258,842358357852292740,842358358570082204,75,18,46285265000000,2026-09-10T12:25:14.673506+00:00,interpolated,59.64000025391579,-126.63000053912401,57.75000024586916
39.901776454,842358357871181936,842358358570082204,75,19,46285265000000,2026-09-10T12:25:14.673506+00:00,interpolated,58.24000024795532,-120.75000051409006,69.79000029712915
39.920665651,842358357890071133,842358358570082204,75,20,46285265000000,2026-09-10T12:25:14.673506+00:00,interpolated,54.46000023186207,-94.78000040352345,77.49000032991171
39.939554847,842358357908960329,842358358570082204,75,21,46285265000000,2026-09-10T12:25:14.673506+00:00,interpolated,50.890000216662884,-59.850000254809856,80.15000034123659
39.958444044,842358357927849526,842358358570082204,75,22,46285265000000,2026-09-10T12:25:14.673506+00:00,interpolated,45.99000019580126,-32.41000013798475,76.44000032544136
39.97733324,842358357946738722,842358358570082204,75,23,46285265000000,2026-09-10T12:25:14.673506+00:00,interpolated,40.18000017106533,-17.850000075995922,67.27000028640032
39.996222437,842358357965627919,842358358570082204,75,24,46285265000000,2026-09-10T12:25:14.673506+00:00,interpolated,35.21000014990568,-14.98000006377697,58.24000024795532
40.015111633,842358357984517115,842358358570082204,75,25,46285265000000,2026-09-10T12:25:14.673506+00:00,interpolated,30.660000130534172,-21.770000092685223,52.850000225007534
40.034000829,842358358003406311,842358358570082204,75,26,46285265000000,2026-09-10T12:25:14.673506+00:00,interpolated,27.16000011563301,-33.320000141859055,50.12000021338463
40.052890026,842358358022295508,842358358570082204,75,27,46285265000000,2026-09-10T12:25:14.673506+00:00,interpolated,25.20000010728836,-44.10000018775463,48.44000020623207
40.071779222,842358358041184704,842358358570082204,75,28,46285265000000,2026-09-10T12:25:14.673506+00:00,interpolated,23.24000009894371,-51.590000219643116,46.340000197291374
40.090668419,842358358060073901,842358358570082204,75,29,46285265000000,2026-09-10T12:25:14.673506+00:00,interpolated,21.350000090897083,-55.44000023603439,43.4000001847744
40.109557615,842358358078963097,842358358570082204,75,30,46285265000000,2026-09-10T12:25:14.673506+00:00,interpolated,18.6900000795722,-56.84000024199486,38.85000016540289
40.128446811,842358358097852293,842358358570082204,75,31,46285265000000,2026-09-10T12:25:14.673506+00:00,interpolated,14.350000061094761,-57.12000024318695,32.83000013977289
40.147336008,842358358116741490,842358358570082204,75,32,46285265000000,2026-09-10T12:25:14.673506+00:00,interpolated,8.960000038146973,-58.38000024855137,28.280000120401382
40.166225204,842358358135630686,842358358570082204,75,33,46285265000000,2026-09-10T12:25:14.673506+00:00,interpolated,3.2200000137090683,-60.76000025868416,25.970000110566616
40.185114401,842358358154519883,842358358570082204,75,34,46285265000000,2026-09-10T12:25:14.673506+00:00,interpolated,-3.0100000128149986,-61.04000025987625,24.99000010639429
40.204003597,842358358173409079,842358358570082204,75,35,46285265000000,2026-09-10T12:25:14.673506+00:00,interpolated,-9.520000040531158,-58.03000024706125,25.060000106692314
40.222892794,842358358192298276,842358358570082204,75,36,46285265000000,2026-09-10T12:25:14.673506+00:00,interpolated,-14.840000063180923,-52.50000022351742,25.690000109374523
40.24178199,842358358211187472,842358358570082204,75,37,46285265000000,2026-09-10T12:25:14.673506+00:00,interpolated,-18.340000078082085,-46.69000019878149,24.640000104904175
40.260671186,842358358230076668,842358358570082204,75,38,46285265000000,2026-09-10T12:25:14.673506+00:00,interpolated,-21.140000090003014,-42.420000180602074,21.560000091791153
40.279560383,842358358248965865,842358358570082204,75,39,46285265000000,2026-09-10T12:25:14.673506+00:00,interpolated,-25.690000109374523,-40.53000017255545,18.830000080168247
40.298449579,842358358267855061,842358358570082204,75,40,46285265000000,2026-09-10T12:25:14.673506+00:00,interpolated,-33.740000143647194,-40.740000173449516,16.10000006854534
40.317338776,842358358286744258,842358358570082204,75,41,46285265000000,2026-09-10T12:25:14.673506+00:00,interpolated,-43.960000187158585,-39.13000016659498,16.240000069141388
40.336227972,842358358305633454,842358358570082204,75,42,46285265000000,2026-09-10T12:25:14.673506+00:00,interpolated,-54.67000023275614,-32.690000139176846,11.06000004708767
40.355117169,842358358324522651,842358358570082204,75,43,46285265000000,2026-09-10T12:25:14.673506+00:00,interpolated,-73.99000031501055,-26.110000111162663,-5.390000022947788
40.374006365,842358358343411847,842358358570082204,75,44,46285265000000,2026-09-10T12:25:14.673506+00:00,interpolated,-90.51000038534403,-31.430000133812428,-20.44000008702278
40.392895561,842358358362301043,842358358570082204,75,45,46285265000000,2026-09-10T12:25:14.673506+00:00,interpolated,-98.14000041782856,-50.96000021696091,-35.63000015169382
40.411784758,842358358381190240,842358358570082204,75,46,46285265000000,2026-09-10T12:25:14.673506+00:00,interpolated,-88.69000037759542,-75.53000032156706,-43.89000018686056
40.430673954,842358358400079436,842358358570082204,75,47,46285265000000,2026-09-10T12:25:14.673506+00:00,interpolated,-70.07000029832125,-93.59000039845705,-44.10000018775463
40.449563151,842358358418968633,842358358570082204,75,48,46285265000000,2026-09-10T12:25:14.673506+00:00,interpolated,-49.49000021070242,-94.99000040441751,-41.790000177919865
40.468452347,842358358437857829,842358358570082204,75,49,46285265000000,2026-09-10T12:25:14.673506+00:00,interpolated,-31.780000135302544,-84.77000036090612,-37.870000161230564
40.487341543,842358358456747025,842358358570082204,75,50,46285265000000,2026-09-10T12:25:14.673506+00:00,interpolated,-32.13000013679266,-61.110000260174274,-24.29000010341406
40.50623074,842358358475636222,842358358570082204,75,51,46285265000000,2026-09-10T12:25:14.673506+00:00,interpolated,-25.270000107586384,-29.470000125467777,5.180000022053719
40.525119936,842358358494525418,842358358570082204,75,52,46285265000000,2026-09-10T12:25:14.673506+00:00,interpolated,-27.930000118911266,-39.200000166893005,9.030000038444996
40.544009133,842358358513414615,842358358570082204,75,53,46285265000000,2026-09-10T12:25:14.673506+00:00,interpolated,-44.380000188946724,-41.3000001758337,6.790000028908253
40.562898329,842358358532303811,842358358570082204,75,54,46285265000000,2026-09-10T12:25:14.673506+00:00,interpolated,-49.07000020891428,-45.220000192523,-4.13000001758337
40.581787526,842358358551193008,842358358570082204,75,55,46285265000000,2026-09-10T12:25:14.673506+00:00,interpolated,-42.77000018209219,-40.18000017106533,-13.860000059008598
40.600676722,842358358570082204,842358358570082204,75,56,46285265000000,2026-09-10T12:25:14.673506+00:00,interpolated,-27.930000118911266,-33.4600001424551,-20.090000085532665
40.619566318,842358358588971800,842358359590120412,78,0,46285671000000,2026-09-10T12:25:15.093369+00:00,interpolated,-10.22000004351139,-27.37000011652708,-22.82000009715557
40.638455915,842358358607861397,842358359590120412,78,1,46285671000000,2026-09-10T12:25:15.093369+00:00,interpolated,5.180000022053719,-21.560000091791153,-22.890000097453594
40.657345511,842358358626750993,842358359590120412,78,2,46285671000000,2026-09-10T12:25:15.093369+00:00,interpolated,15.680000066757202,-13.860000059008598,-21.07000008970499
40.676235108,842358358645640590,842358359590120412,78,3,46285671000000,2026-09-10T12:25:15.093369+00:00,interpolated,22.33000009506941,-3.2900000140070915,-17.640000075101852
40.695124704,842358358664530186,842358359590120412,78,4,46285671000000,2026-09-10T12:25:15.093369+00:00,interpolated,27.510000117123127,7.280000030994415,-13.930000059306622
40.714014301,842358358683419783,842358359590120412,78,5,46285671000000,2026-09-10T12:25:15.093369+00:00,interpolated,30.450000129640102,15.120000064373016,-10.710000045597553
40.732903897,842358358702309379,842358359590120412,78,6,46285671000000,2026-09-10T12:25:15.093369+00:00,interpolated,29.5400001257658,20.510000087320805,-6.580000028014183
40.751793494,842358358721198976,842358359590120412,78,7,46285671000000,2026-09-10T12:25:15.093369+00:00,interpolated,25.900000110268593,23.100000098347664,-2.3800000101327896
40.77068309,842358358740088572,842358359590120412,78,8,46285671000000,2026-09-10T12:25:15.093369+00:00,interpolated,21.91000009328127,22.6100000962615,1.6100000068545341
40.789572686,842358358758978168,842358359590120412,78,9,46285671000000,2026-09-10T12:25:15.093369+00:00,interpolated,15.470000065863132,19.880000084638596,5.180000022053719
40.808462283,842358358777867765,842358359590120412,78,10,46285671000000,2026-09-10T12:25:15.093369+00:00,interpolated,9.030000038444996,13.930000059306622,7.140000030398369
40.827351879,842358358796757361,842358359590120412,78,11,46285671000000,2026-09-10T12:25:15.093369+00:00,interpolated,2.7300000116229057,2.1000000089406967,7.910000033676624
40.846241476,842358358815646958,842358359590120412,78,12,46285671000000,2026-09-10T12:25:15.093369+00:00,interpolated,-1.540000006556511,-15.470000065863132,9.240000039339066
40.865131072,842358358834536554,842358359590120412,78,13,46285671000000,2026-09-10T12:25:15.093369+00:00,interpolated,-3.500000014901161,-37.80000016093254,11.410000048577785
40.884020669,842358358853426151,842358359590120412,78,14,46285671000000,2026-09-10T12:25:15.093369+00:00,interpolated,-5.180000022053719,-57.260000243783,13.720000058412552
40.902910265,842358358872315747,842358359590120412,78,15,46285671000000,2026-09-10T12:25:15.093369+00:00,interpolated,-5.4600000232458115,-67.69000028818846,16.52000007033348
40.921799862,842358358891205344,842358359590120412,78,16,46285671000000,2026-09-10T12:25:15.093369+00:00,interpolated,-2.520000010728836,-70.63000030070543,19.390000082552433
40.940689458,842358358910094940,842358359590120412,78,17,46285671000000,2026-09-10T12:25:15.093369+00:00,interpolated,0.14000000059604645,-69.37000029534101,22.6100000962615
40.959579054,842358358928984536,842358359590120412,78,18,46285671000000,2026-09-10T12:25:15.093369+00:00,interpolated,0.3500000014901161,-66.64000028371811,25.550000108778477
40.978468651,842358358947874133,842358359590120412,78,19,46285671000000,2026-09-10T12:25:15.093369+00:00,interpolated,-1.9600000083446503,-67.76000028848648,31.71000013500452
40.997358247,842358358966763729,842358359590120412,78,20,46285671000000,2026-09-10T12:25:15.093369+00:00,interpolated,-4.270000018179417,-72.73000030964613,38.2900001630187
41.016247844,842358358985653326,842358359590120412,78,21,46285671000000,2026-09-10T12:25:15.093369+00:00,interpolated,-7.560000032186508,-73.57000031322241,32.900000140070915
41.03513744,842358359004542922,842358359590120412,78,22,46285671000000,2026-09-10T12:25:15.093369+00:00,interpolated,-10.8500000461936,-73.50000031292439,23.380000099539757
41.054027037,842358359023432519,842358359590120412,78,23,46285671000000,2026-09-10T12:25:15.093369+00:00,interpolated,-12.39000005275011,-83.93000035732985,15.820000067353249
41.072916633,842358359042322115,842358359590120412,78,24,46285671000000,2026-09-10T12:25:15.093369+00:00,interpolated,-11.550000049173832,-108.43000046163797,12.880000054836273
41.09180623,842358359061211712,842358359590120412,78,25,46285671000000,2026-09-10T12:25:15.093369+00:00,interpolated,-4.900000020861626,-132.580000564456,15.890000067651272
41.110695826,842358359080101308,842358359590120412,78,26,46285671000000,2026-09-10T12:25:15.093369+00:00,interpolated,6.020000025629997,-151.13000064343214,26.390000112354755
41.129585422,842358359098990904,842358359590120412,78,27,46285671000000,2026-09-10T12:25:15.093369+00:00,interpolated,17.500000074505806,-166.0400007069111,44.52000018954277
41.148475019,842358359117880501,842358359590120412,78,28,46285671000000,2026-09-10T12:25:15.093369+00:00,interpolated,27.37000011652708,-172.55000073462725,66.71000028401613
41.167364615,842358359136770097,842358359590120412,78,29,46285671000000,2026-09-10T12:25:15.093369+00:00,interpolated,33.04000014066696,-164.36000069975853,88.41000037640333
41.186254212,842358359155659694,842358359590120412,78,30,46285671000000,2026-09-10T12:25:15.093369+00:00,interpolated,37.52000015974045,-137.97000058740377,106.4000004529953
41.205143808,842358359174549290,842358359590120412,78,31,46285671000000,2026-09-10T12:25:15.093369+00:00,interpolated,43.330000184476376,-94.71000040322542,114.59000048786402
41.224033405,842358359193438887,842358359590120412,78,32,46285671000000,2026-09-10T12:25:15.093369+00:00,interpolated,48.090000204741955,-46.130000196397305,111.02000047266483
41.242923001,842358359212328483,842358359590120412,78,33,46285671000000,2026-09-10T12:25:15.093369+00:00,interpolated,50.12000021338463,-6.020000025629997,99.05000042170286
41.261812598,842358359231218080,842358359590120412,78,34,46285671000000,2026-09-10T12:25:15.093369+00:00,interpolated,50.19000021368265,16.450000070035458,86.03000036627054
41.280702194,842358359250107676,842358359590120412,78,35,46285671000000,2026-09-10T12:25:15.093369+00:00,interpolated,48.16000020503998,18.760000079870224,77.21000032871962
41.29959179,842358359268997272,842358359590120412,78,36,46285671000000,2026-09-10T12:25:15.093369+00:00,interpolated,48.93000020831823,4.13000001758337,75.18000032007694
41.318481387,842358359287886869,842358359590120412,78,37,46285671000000,2026-09-10T12:25:15.093369+00:00,interpolated,48.090000204741955,-19.600000083446503,75.9500003233552
41.337370983,842358359306776465,842358359590120412,78,38,46285671000000,2026-09-10T12:25:15.093369+00:00,interpolated,47.95000020414591,-46.4100001975894,78.40000033378601
41.35626058,842358359325666062,842358359590120412,78,39,46285671000000,2026-09-10T12:25:15.093369+00:00,interpolated,44.3100001886487,-67.06000028550625,78.0500003322959
41.375150176,842358359344555658,842358359590120412,78,40,46285671000000,2026-09-10T12:25:15.093369+00:00,interpolated,39.410000167787075,-77.56000033020973,75.0400003194809
41.394039773,842358359363445255,842358359590120412,78,41,46285671000000,2026-09-10T12:25:15.093369+00:00,interpolated,34.58000014722347,-77.28000032901764,70.49000030010939
41.412929369,842358359382334851,842358359590120412,78,42,46285671000000,2026-09-10T12:25:15.093369+00:00,interpolated,29.12000012397766,-69.30000029504299,64.47000027447939
41.431818966,842358359401224448,842358359590120412,78,43,46285671000000,2026-09-10T12:25:15.093369+00:00,interpolated,22.750000096857548,-57.68000024557114,58.80000025033951
41.450708562,842358359420114044,842358359590120412,78,44,46285671000000,2026-09-10T12:25:15.093369+00:00,interpolated,16.800000071525574,-45.36000019311905,54.390000231564045
41.469598158,842358359439003640,842358359590120412,78,45,46285671000000,2026-09-10T12:25:15.093369+00:00,interpolated,11.620000049471855,-33.39000014215708,51.240000218153
41.488487755,842358359457893237,842358359590120412,78,46,46285671000000,2026-09-10T12:25:15.093369+00:00,interpolated,7.420000031590462,-23.45000009983778,48.090000204741955
41.507377351,842358359476782833,842358359590120412,78,47,46285671000000,2026-09-10T12:25:15.093369+00:00,interpolated,2.520000010728836,-16.73000007122755,44.66000019013882
41.526266948,842358359495672430,842358359590120412,78,48,46285671000000,2026-09-10T12:25:15.093369+00:00,interpolated,-3.9900000169873238,-15.050000064074993,40.740000173449516
41.545156544,842358359514562026,842358359590120412,78,49,46285671000000,2026-09-10T12:25:15.093369+00:00,interpolated,-11.550000049173832,-18.27000007778406,36.54000015556812
41.564046141,842358359533451623,842358359590120412,78,50,46285671000000,2026-09-10T12:25:15.093369+00:00,interpolated,-19.74000008404255,-24.430000104010105,30.80000013113022
41.582935737,842358359552341219,842358359590120412,78,51,46285671000000,2026-09-10T12:25:15.093369+00:00,interpolated,-29.610000126063824,-31.640000134706497,22.680000096559525
41.601825334,842358359571230816,842358359590120412,78,52,46285671000000,2026-09-10T12:25:15.093369+00:00,interpolated,-41.02000017464161,-36.12000015377998,15.750000067055225
41.62071493,842358359590120412,842358359590120412,78,53,46285671000000,2026-09-10T12:25:15.093369+00:00,interpolated,-51.66000021994114,-36.820000156760216,6.930000029504299
41.639604622,842358359609010104,842358360591274084,81,0,46286343000000,2026-09-10T12:25:15.755942+00:00,interpolated,-61.74000026285648,-36.96000015735626,-5.530000023543835
41.658494314,842358359627899796,842358360591274084,81,1,46286343000000,2026-09-10T12:25:15.755942+00:00,interpolated,-69.37000029534101,-37.660000160336494,-15.19000006467104
41.677384006,842358359646789488,842358360591274084,81,2,46286343000000,2026-09-10T12:25:15.755942+00:00,interpolated,-77.35000032931566,-44.380000188946724,-21.420000091195107
41.696273698,842358359665679180,842358360591274084,81,3,46286343000000,2026-09-10T12:25:15.755942+00:00,interpolated,-84.91000036150217,-56.84000024199486,-24.78000010550022
41.71516339,842358359684568872,842358360591274084,81,4,46286343000000,2026-09-10T12:25:15.755942+00:00,interpolated,-89.39000038057566,-72.52000030875206,-29.890000127255917
41.734053082,842358359703458564,842358360591274084,81,5,46286343000000,2026-09-10T12:25:15.755942+00:00,interpolated,-85.75000036507845,-88.83000037819147,-34.51000014692545
41.752942773,842358359722348255,842358360591274084,81,6,46286343000000,2026-09-10T12:25:15.755942+00:00,interpolated,-77.42000032961369,-108.99000046402216,-38.43000016361475
41.771832465,842358359741237947,842358360591274084,81,7,46286343000000,2026-09-10T12:25:15.755942+00:00,interpolated,-75.18000032007694,-122.29000052064657,-40.46000017225742
41.790722157,842358359760127639,842358360591274084,81,8,46286343000000,2026-09-10T12:25:15.755942+00:00,interpolated,-90.23000038415194,-112.49000047892332,-24.360000103712082
41.809611849,842358359779017331,842358360591274084,81,9,46286343000000,2026-09-10T12:25:15.755942+00:00,interpolated,-85.54000036418438,-106.96000045537949,-4.970000021159649
41.828501541,842358359797907023,842358360591274084,81,10,46286343000000,2026-09-10T12:25:15.755942+00:00,interpolated,-85.82000036537647,-112.70000047981739,-10.080000042915344
41.847391233,842358359816796715,842358360591274084,81,11,46286343000000,2026-09-10T12:25:15.755942+00:00,interpolated,-83.23000035434961,-77.28000032901764,-20.510000087320805
41.866280925,842358359835686407,842358360591274084,81,12,46286343000000,2026-09-10T12:25:15.755942+00:00,interpolated,-77.56000033020973,-49.00000020861626,-31.850000135600567
41.885170617,842358359854576099,842358360591274084,81,13,46286343000000,2026-09-10T12:25:15.755942+00:00,interpolated,-66.85000028461218,-34.650000147521496,-38.2900001630187
41.904060309,842358359873465791,842358360591274084,81,14,46286343000000,2026-09-10T12:25:15.755942+00:00,interpolated,-53.27000022679567,-35.5600001513958,-43.960000187158585
41.922950001,842358359892355483,842358360591274084,81,15,46286343000000,2026-09-10T12:25:15.755942+00:00,interpolated,-36.89000015705824,-48.300000205636024,-46.4100001975894
41.941839693,842358359911245175,842358360591274084,81,16,46286343000000,2026-09-10T12:25:15.755942+00:00,interpolated,-21.140000090003014,-62.72000026702881,-46.90000019967556
41.960729385,842358359930134867,842358360591274084,81,17,46286343000000,2026-09-10T12:25:15.755942+00:00,interpolated,-8.610000036656857,-68.39000029116869,-44.73000019043684
41.979619077,842358359949024559,842358360591274084,81,18,46286343000000,2026-09-10T12:25:15.755942+00:00,interpolated,1.0500000044703484,-62.93000026792288,-39.69000016897917
41.998508768,842358359967914250,842358360591274084,81,19,46286343000000,2026-09-10T12:25:15.755942+00:00,interpolated,8.190000034868717,-50.680000215768814,-33.04000014066696
42.01739846,842358359986803942,842358360591274084,81,20,46286343000000,2026-09-10T12:25:15.755942+00:00,interpolated,11.690000049769878,-36.26000015437603,-26.67000011354685
42.036288152,842358360005693634,842358360591274084,81,21,46286343000000,2026-09-10T12:25:15.755942+00:00,interpolated,13.440000057220459,-24.57000010460615,-22.190000094473362
42.055177844,842358360024583326,842358360591274084,81,22,46286343000000,2026-09-10T12:25:15.755942+00:00,interpolated,9.450000040233135,-27.79000011831522,-17.080000072717667
42.074067536,842358360043473018,842358360591274084,81,23,46286343000000,2026-09-10T12:25:15.755942+00:00,interpolated,3.2900000140070915,-36.4700001552701,-14.490000061690807
42.092957228,842358360062362710,842358360591274084,81,24,46286343000000,2026-09-10T12:25:15.755942+00:00,interpolated,0.5600000023841858,-40.88000017404556,-11.760000050067902
42.11184692,842358360081252402,842358360591274084,81,25,46286343000000,2026-09-10T12:25:15.755942+00:00,interpolated,-1.890000008046627,-48.510000206530094,-4.970000021159649
42.130736612,842358360100142094,842358360591274084,81,26,46286343000000,2026-09-10T12:25:15.755942+00:00,interpolated,-6.0900000259280205,-56.70000024139881,1.540000006556511
42.149626304,842358360119031786,842358360591274084,81,27,46286343000000,2026-09-10T12:25:15.755942+00:00,interpolated,-5.250000022351742,-60.55000025779009,5.320000022649765
42.168515996,842358360137921478,842358360591274084,81,28,46286343000000,2026-09-10T12:25:15.755942+00:00,interpolated,3.080000013113022,-55.720000237226486,11.760000050067902
42.187405688,842358360156811170,842358360591274084,81,29,46286343000000,2026-09-10T12:25:15.755942+00:00,interpolated,10.920000046491623,-49.630000211298466,17.7800000756979
42.20629538,842358360175700862,842358360591274084,81,30,46286343000000,2026-09-10T12:25:15.755942+00:00,interpolated,17.220000073313713,-45.290000192821026,23.800000101327896
42.225185072,842358360194590554,842358360591274084,81,31,46286343000000,2026-09-10T12:25:15.755942+00:00,interpolated,20.720000088214874,-41.72000017762184,31.71000013500452
42.244074764,842358360213480246,842358360591274084,81,32,46286343000000,2026-09-10T12:25:15.755942+00:00,interpolated,22.190000094473362,-36.610000155866146,38.85000016540289
42.262964455,842358360232369937,842358360591274084,81,33,46286343000000,2026-09-10T12:25:15.755942+00:00,interpolated,21.770000092685223,-33.18000014126301,45.43000019341707
42.281854147,842358360251259629,842358360591274084,81,34,46286343000000,2026-09-10T12:25:15.755942+00:00,interpolated,19.74000008404255,-37.870000161230564,55.720000237226486
42.300743839,842358360270149321,842358360591274084,81,35,46286343000000,2026-09-10T12:25:15.755942+00:00,interpolated,17.080000072717667,-32.5500001385808,61.39000026136637
42.319633531,842358360289039013,842358360591274084,81,36,46286343000000,2026-09-10T12:25:15.755942+00:00,interpolated,15.330000065267086,-8.540000036358833,59.50000025331974
42.338523223,842358360307928705,842358360591274084,81,37,46286343000000,2026-09-10T12:25:15.755942+00:00,interpolated,16.73000007122755,9.100000038743019,57.61000024527311
42.357412915,842358360326818397,842358360591274084,81,38,46286343000000,2026-09-10T12:25:15.755942+00:00,interpolated,15.19000006467104,6.0900000259280205,50.82000021636486
42.376302607,842358360345708089,842358360591274084,81,39,46286343000000,2026-09-10T12:25:15.755942+00:00,interpolated,10.360000044107437,-15.120000064373016,42.84000018239021
42.395192299,842358360364597781,842358360591274084,81,40,46286343000000,2026-09-10T12:25:15.755942+00:00,interpolated,6.020000025629997,-46.20000019669533,36.12000015377998
42.414081991,842358360383487473,842358360591274084,81,41,46286343000000,2026-09-10T12:25:15.755942+00:00,interpolated,4.8300000205636024,-80.08000034093857,31.360000133514404
42.432971683,842358360402377165,842358360591274084,81,42,46286343000000,2026-09-10T12:25:15.755942+00:00,interpolated,7.9800000339746475,-118.37000050395727,33.67000014334917
42.451861375,842358360421266857,842358360591274084,81,43,46286343000000,2026-09-10T12:25:15.755942+00:00,interpolated,15.19000006467104,-163.9400006979704,50.3300002142787
42.470751067,842358360440156549,842358360591274084,81,44,46286343000000,2026-09-10T12:25:15.755942+00:00,interpolated,19.11000008136034,-204.89000087231398,73.36000031232834
42.489640759,842358360459046241,842358360591274084,81,45,46286343000000,2026-09-10T12:25:15.755942+00:00,interpolated,15.260000064969063,-212.94000090658665,86.73000036925077
42.50853045,842358360477935932,842358360591274084,81,46,46286343000000,2026-09-10T12:25:15.755942+00:00,interpolated,13.090000055730343,-180.04000076651573,94.29000040143728
42.527420142,842358360496825624,842358360591274084,81,47,46286343000000,2026-09-10T12:25:15.755942+00:00,interpolated,15.610000066459179,-129.78000055253506,99.26000042259693
42.546309834,842358360515715316,842358360591274084,81,48,46286343000000,2026-09-10T12:25:15.755942+00:00,interpolated,17.500000074505806,-90.30000038444996,93.7300003990531
42.565199526,842358360534605008,842358360591274084,81,49,46286343000000,2026-09-10T12:25:15.755942+00:00,interpolated,21.07000008970499,-69.51000029593706,81.9700003489852
42.584089218,842358360553494700,842358360591274084,81,50,46286343000000,2026-09-10T12:25:15.755942+00:00,interpolated,28.00000011920929,-62.58000026643276,74.1300003156066
42.60297891,842358360572384392,842358360591274084,81,51,46286343000000,2026-09-10T12:25:15.755942+00:00,interpolated,32.62000013887882,-64.96000027656555,70.91000030189753
42.621868602,842358360591274084,842358360591274084,81,52,46286343000000,2026-09-10T12:25:15.755942+00:00,interpolated,34.650000147521496,-72.52000030875206,70.42000029981136
42.640757906,842358360610163388,842358361667964384,84,0,46287718000000,2026-09-10T12:25:17.135993+00:00,interpolated,35.490000151097775,-80.22000034153461,71.89000030606985
42.659647209,842358360629052691,842358361667964384,84,1,46287718000000,2026-09-10T12:25:17.135993+00:00,interpolated,34.93000014871359,-82.81000035256147,74.48000031709671
42.678536513,842358360647941995,842358361667964384,84,2,46287718000000,2026-09-10T12:25:17.135993+00:00,interpolated,33.88000014424324,-78.82000033557415,76.37000032514334
42.697425816,842358360666831298,842358361667964384,84,3,46287718000000,2026-09-10T12:25:17.135993+00:00,interpolated,31.570000134408474,-69.65000029653311,75.9500003233552
42.71631512,842358360685720602,842358361667964384,84,4,46287718000000,2026-09-10T12:25:17.135993+00:00,interpolated,26.95000011473894,-57.33000024408102,73.64000031352043
42.735204423,842358360704609905,842358361667964384,84,5,46287718000000,2026-09-10T12:25:17.135993+00:00,interpolated,19.74000008404255,-42.210000179708004,70.2100002989173
42.754093727,842358360723499209,842358361667964384,84,6,46287718000000,2026-09-10T12:25:17.135993+00:00,interpolated,12.180000051856041,-26.600000113248825,66.71000028401613
42.77298303,842358360742388512,842358361667964384,84,7,46287718000000,2026-09-10T12:25:17.135993+00:00,interpolated,5.740000024437904,-13.160000056028366,63.490000270307064
42.791872334,842358360761277816,842358361667964384,84,8,46287718000000,2026-09-10T12:25:17.135993+00:00,interpolated,-2.0300000086426735,-0.7700000032782555,58.24000024795532
42.810761637,842358360780167119,842358361667964384,84,9,46287718000000,2026-09-10T12:25:17.135993+00:00,interpolated,-7.9800000339746475,10.920000046491623,50.75000021606684
42.829650941,842358360799056423,842358361667964384,84,10,46287718000000,2026-09-10T12:25:17.135993+00:00,interpolated,-12.180000051856041,19.390000082552433,42.07000017911196
42.848540244,842358360817945726,842358361667964384,84,11,46287718000000,2026-09-10T12:25:17.135993+00:00,interpolated,-15.610000066459179,21.07000008970499,32.97000014036894
42.867429548,842358360836835030,842358361667964384,84,12,46287718000000,2026-09-10T12:25:17.135993+00:00,interpolated,-20.720000088214874,17.99000007659197,21.420000091195107
42.886318851,842358360855724333,842358361667964384,84,13,46287718000000,2026-09-10T12:25:17.135993+00:00,interpolated,-25.20000010728836,11.900000050663948,7.840000033378601
42.905208155,842358360874613637,842358361667964384,84,14,46287718000000,2026-09-10T12:25:17.135993+00:00,interpolated,-28.6300001218915,3.2200000137090683,-4.8300000205636024
42.924097458,842358360893502940,842358361667964384,84,15,46287718000000,2026-09-10T12:25:17.135993+00:00,interpolated,-32.06000013649464,-6.7200000286102295,-16.380000069737434
42.942986762,842358360912392244,842358361667964384,84,16,46287718000000,2026-09-10T12:25:17.135993+00:00,interpolated,-35.14000014960766,-13.930000059306622,-25.550000108778477
42.961876065,842358360931281547,842358361667964384,84,17,46287718000000,2026-09-10T12:25:17.135993+00:00,interpolated,-40.11000017076731,-14.070000059902668,-33.67000014334917
42.980765369,842358360950170851,842358361667964384,84,18,46287718000000,2026-09-10T12:25:17.135993+00:00,interpolated,-47.18000020086765,-8.47000003606081,-45.15000019222498
42.999654672,842358360969060154,842358361667964384,84,19,46287718000000,2026-09-10T12:25:17.135993+00:00,interpolated,-52.010000221431255,-0.49000000208616257,-57.12000024318695
43.018543976,842358360987949458,842358361667964384,84,20,46287718000000,2026-09-10T12:25:17.135993+00:00,interpolated,-54.88000023365021,4.410000018775463,-65.52000027894974
43.037433279,842358361006838761,842358361667964384,84,21,46287718000000,2026-09-10T12:25:17.135993+00:00,interpolated,-57.82000024616718,2.6600000113248825,-71.89000030606985
43.056322583,842358361025728065,842358361667964384,84,22,46287718000000,2026-09-10T12:25:17.135993+00:00,interpolated,-60.900000259280205,-3.150000013411045,-77.07000032812357
43.075211886,842358361044617368,842358361667964384,84,23,46287718000000,2026-09-10T12:25:17.135993+00:00,interpolated,-61.39000026136637,-10.22000004351139,-79.03000033646822
43.09410119,842358361063506672,842358361667964384,84,24,46287718000000,2026-09-10T12:25:17.135993+00:00,interpolated,-57.190000243484974,-17.290000073611736,-76.44000032544136
43.112990493,842358361082395975,842358361667964384,84,25,46287718000000,2026-09-10T12:25:17.135993+00:00,interpolated,-51.73000022023916,-23.66000010073185,-70.35000029951334
43.131879797,842358361101285279,842358361667964384,84,26,46287718000000,2026-09-10T12:25:17.135993+00:00,interpolated,-46.27000019699335,-28.770000122487545,-63.35000026971102
43.1507691,842358361120174582,842358361667964384,84,27,46287718000000,2026-09-10T12:25:17.135993+00:00,interpolated,-44.3100001886487,-29.820000126957893,-58.45000024884939
43.169658404,842358361139063886,842358361667964384,84,28,46287718000000,2026-09-10T12:25:17.135993+00:00,interpolated,-46.62000019848347,-23.100000098347664,-55.79000023752451
43.188547707,842358361157953189,842358361667964384,84,29,46287718000000,2026-09-10T12:25:17.135993+00:00,interpolated,-50.3300002142787,-6.790000028908253,-55.44000023603439
43.207437011,842358361176842493,842358361667964384,84,30,46287718000000,2026-09-10T12:25:17.135993+00:00,interpolated,-52.92000022530556,16.170000068843365,-56.42000024020672
43.226326314,842358361195731796,842358361667964384,84,31,46287718000000,2026-09-10T12:25:17.135993+00:00,interpolated,-53.760000228881836,39.90000016987324,-58.100000247359276
43.245215618,842358361214621100,842358361667964384,84,32,46287718000000,2026-09-10T12:25:17.135993+00:00,interpolated,-52.850000225007534,59.78000025451183,-60.270000256597996
43.264104921,842358361233510403,842358361667964384,84,33,46287718000000,2026-09-10T12:25:17.135993+00:00,interpolated,-49.91000021249056,74.55000031739473,-62.860000267624855
43.282994225,842358361252399707,842358361667964384,84,34,46287718000000,2026-09-10T12:25:17.135993+00:00,interpolated,-43.68000018596649,81.83000034838915,-64.05000027269125
43.301883528,842358361271289010,842358361667964384,84,35,46287718000000,2026-09-10T12:25:17.135993+00:00,interpolated,-35.700000151991844,79.38000033795834,-62.79000026732683
43.320772832,842358361290178314,842358361667964384,84,36,46287718000000,2026-09-10T12:25:17.135993+00:00,interpolated,-27.58000011742115,69.65000029653311,-59.22000025212765
43.339662135,842358361309067617,842358361667964384,84,37,46287718000000,2026-09-10T12:25:17.135993+00:00,interpolated,-19.32000008225441,56.91000024229288,-53.550000227987766
43.358551439,842358361327956921,842358361667964384,84,38,46287718000000,2026-09-10T12:25:17.135993+00:00,interpolated,-10.360000044107437,43.26000018417835,-46.340000197291374
43.377440742,842358361346846224,842358361667964384,84,39,46287718000000,2026-09-10T12:25:17.135993+00:00,interpolated,-2.0300000086426735,30.240000128746033,-37.030000157654285
43.396330046,842358361365735528,842358361667964384,84,40,46287718000000,2026-09-10T12:25:17.135993+00:00,interpolated,3.710000015795231,14.000000059604645,-27.58000011742115
43.415219349,842358361384624831,842358361667964384,84,41,46287718000000,2026-09-10T12:25:17.135993+00:00,interpolated,5.810000024735928,-4.34000001847744,-19.670000083744526
43.434108653,842358361403514135,842358361667964384,84,42,46287718000000,2026-09-10T12:25:17.135993+00:00,interpolated,6.30000002682209,-18.6900000795722,-12.60000005364418
43.452997956,842358361422403438,842358361667964384,84,43,46287718000000,2026-09-10T12:25:17.135993+00:00,interpolated,7.630000032484531,-25.900000110268593,-5.530000023543835
43.47188726,842358361441292742,842358361667964384,84,44,46287718000000,2026-09-10T12:25:17.135993+00:00,interpolated,10.290000043809414,-29.680000126361847,0.7700000032782555
43.490776563,842358361460182045,842358361667964384,84,45,46287718000000,2026-09-10T12:25:17.135993+00:00,interpolated,13.440000057220459,-31.29000013321638,6.440000027418137
43.509665867,842358361479071349,842358361667964384,84,46,46287718000000,2026-09-10T12:25:17.135993+00:00,interpolated,16.450000070035458,-32.900000140070915,11.06000004708767
43.52855517,842358361497960652,842358361667964384,84,47,46287718000000,2026-09-10T12:25:17.135993+00:00,interpolated,16.73000007122755,-37.450000159442425,15.960000067949295
43.547444474,842358361516849956,842358361667964384,84,48,46287718000000,2026-09-10T12:25:17.135993+00:00,interpolated,15.680000066757202,-45.710000194609165,22.40000009536743
43.566333777,842358361535739259,842358361667964384,84,49,46287718000000,2026-09-10T12:25:17.135993+00:00,interpolated,15.330000065267086,-56.28000023961067,29.050000123679638
43.585223081,842358361554628563,842358361667964384,84,50,46287718000000,2026-09-10T12:25:17.135993+00:00,interpolated,16.240000069141388,-66.36000028252602,35.35000015050173
43.604112384,842358361573517866,842358361667964384,84,51,46287718000000,2026-09-10T12:25:17.135993+00:00,interpolated,15.820000067353249,-73.92000031471252,43.19000018388033
43.623001688,842358361592407170,842358361667964384,84,52,46287718000000,2026-09-10T12:25:17.135993+00:00,interpolated,15.820000067353249,-80.15000034123659,53.41000022739172
43.641890991,842358361611296473,842358361667964384,84,53,46287718000000,2026-09-10T12:25:17.135993+00:00,interpolated,15.40000006556511,-79.17000033706427,57.12000024318695
43.660780295,842358361630185777,842358361667964384,84,54,46287718000000,2026-09-10T12:25:17.135993+00:00,interpolated,14.490000061690807,-69.16000029444695,58.730000250041485
43.679669598,842358361649075080,842358361667964384,84,55,46287718000000,2026-09-10T12:25:17.135993+00:00,interpolated,18.06000007688999,-54.810000233352184,58.1700002476573
43.698558902,842358361667964384,842358361667964384,84,56,46287718000000,2026-09-10T12:25:17.135993+00:00,interpolated,19.880000084638596,-49.1400002092123,52.010000221431255
43.717448415,842358361686853897,842358362612440024,86,0,46288265000000,2026-09-10T12:25:17.673180+00:00,interpolated,19.810000084340572,-54.11000023037195,43.89000018686056
43.736337928,842358361705743410,842358362612440024,86,1,46288265000000,2026-09-10T12:25:17.673180+00:00,interpolated,22.6100000962615,-64.33000027388334,36.610000155866146
43.75522744,842358361724632922,842358362612440024,86,2,46288265000000,2026-09-10T12:25:17.673180+00:00,interpolated,31.010000132024288,-84.14000035822392,36.05000015348196
43.774116953,842358361743522435,842358362612440024,86,3,46288265000000,2026-09-10T12:25:17.673180+00:00,interpolated,43.05000018328428,-116.62000049650669,46.69000019878149
43.793006466,842358361762411948,842358362612440024,86,4,46288265000000,2026-09-10T12:25:17.673180+00:00,interpolated,52.1500002220273,-146.86000062525272,64.8200002759695
43.811895979,842358361781301461,842358362612440024,86,5,46288265000000,2026-09-10T12:25:17.673180+00:00,interpolated,56.00000023841858,-150.01000063866377,83.02000035345554
43.830785492,842358361800190974,842358362612440024,86,6,46288265000000,2026-09-10T12:25:17.673180+00:00,interpolated,56.560000240802765,-115.1500004902482,96.460000410676
43.849675004,842358361819080486,842358362612440024,86,7,46288265000000,2026-09-10T12:25:17.673180+00:00,interpolated,56.350000239908695,-59.43000025302172,104.09000044316053
43.868564517,842358361837969999,842358362612440024,86,8,46288265000000,2026-09-10T12:25:17.673180+00:00,interpolated,52.50000022351742,-8.820000037550926,102.480000436306
43.88745403,842358361856859512,842358362612440024,86,9,46288265000000,2026-09-10T12:25:17.673180+00:00,interpolated,45.85000019520521,25.6200001090765,91.9100003913045
43.906343543,842358361875749025,842358362612440024,86,10,46288265000000,2026-09-10T12:25:17.673180+00:00,interpolated,39.4800001680851,43.120000183582306,78.82000033557415
43.925233056,842358361894638538,842358362612440024,86,11,46288265000000,2026-09-10T12:25:17.673180+00:00,interpolated,31.990000136196613,46.20000019669533,67.34000028669834
43.944122568,842358361913528050,842358362612440024,86,12,46288265000000,2026-09-10T12:25:17.673180+00:00,interpolated,24.78000010550022,38.080000162124634,58.1700002476573
43.963012081,842358361932417563,842358362612440024,86,13,46288265000000,2026-09-10T12:25:17.673180+00:00,interpolated,18.970000080764294,22.750000096857548,51.10000021755695
43.981901594,842358361951307076,842358362612440024,86,14,46288265000000,2026-09-10T12:25:17.673180+00:00,interpolated,15.610000066459179,3.780000016093254,44.10000018775463
44.000791107,842358361970196589,842358362612440024,86,15,46288265000000,2026-09-10T12:25:17.673180+00:00,interpolated,12.740000054240227,-17.500000074505806,37.450000159442425
44.01968062,842358361989086102,842358362612440024,86,16,46288265000000,2026-09-10T12:25:17.673180+00:00,interpolated,9.030000038444996,-35.98000015318394,30.100000128149986
44.038570132,842358362007975614,842358362612440024,86,17,46288265000000,2026-09-10T12:25:17.673180+00:00,interpolated,4.5500000193715096,-47.39000020176172,22.6100000962615
44.057459645,842358362026865127,842358362612440024,86,18,46288265000000,2026-09-10T12:25:17.673180+00:00,interpolated,-0.14000000059604645,-51.52000021934509,16.31000006943941
44.076349158,842358362045754640,842358362612440024,86,19,46288265000000,2026-09-10T12:25:17.673180+00:00,interpolated,-5.250000022351742,-49.630000211298466,12.320000052452087
44.095238671,842358362064644153,842358362612440024,86,20,46288265000000,2026-09-10T12:25:17.673180+00:00,interpolated,-10.43000004440546,-42.77000018209219,10.64000004529953
44.114128184,842358362083533666,842358362612440024,86,21,46288265000000,2026-09-10T12:25:17.673180+00:00,interpolated,-15.260000064969063,-32.34000013768673,9.660000041127205
44.133017696,842358362102423178,842358362612440024,86,22,46288265000000,2026-09-10T12:25:17.673180+00:00,interpolated,-20.930000089108944,-21.210000090301037,7.490000031888485
44.151907209,842358362121312691,842358362612440024,86,23,46288265000000,2026-09-10T12:25:17.673180+00:00,interpolated,-26.46000011265278,-12.460000053048134,3.3600000143051147
44.170796722,842358362140202204,842358362612440024,86,24,46288265000000,2026-09-10T12:25:17.673180+00:00,interpolated,-31.640000134706497,-7.280000030994415,-2.870000012218952
44.189686235,842358362159091717,842358362612440024,86,25,46288265000000,2026-09-10T12:25:17.673180+00:00,interpolated,-34.650000147521496,-4.8300000205636024,-9.030000038444996
44.208575748,842358362177981230,842358362612440024,86,26,46288265000000,2026-09-10T12:25:17.673180+00:00,interpolated,-38.50000016391277,-2.870000012218952,-17.430000074207783
44.22746526,842358362196870742,842358362612440024,86,27,46288265000000,2026-09-10T12:25:17.673180+00:00,interpolated,-47.11000020056963,-4.34000001847744,-31.92000013589859
44.246354773,842358362215760255,842358362612440024,86,28,46288265000000,2026-09-10T12:25:17.673180+00:00,interpolated,-57.400000244379044,-10.8500000461936,-46.550000198185444
44.265244286,842358362234649768,842358362612440024,86,29,46288265000000,2026-09-10T12:25:17.673180+00:00,interpolated,-65.38000027835369,-24.57000010460615,-57.54000024497509
44.284133799,842358362253539281,842358362612440024,86,30,46288265000000,2026-09-10T12:25:17.673180+00:00,interpolated,-66.290000282228,-46.340000197291374,-66.08000028133392
44.303023312,842358362272428794,842358362612440024,86,31,46288265000000,2026-09-10T12:25:17.673180+00:00,interpolated,-58.940000250935555,-72.73000030964613,-72.17000030726194
44.321912824,842358362291318306,842358362612440024,86,32,46288265000000,2026-09-10T12:25:17.673180+00:00,interpolated,-40.60000017285347,-99.470000423491,-70.00000029802322
44.340802337,842358362310207819,842358362612440024,86,33,46288265000000,2026-09-10T12:25:17.673180+00:00,interpolated,-24.99000010639429,-112.98000048100948,-60.20000025629997
44.35969185,842358362329097332,842358362612440024,86,34,46288265000000,2026-09-10T12:25:17.673180+00:00,interpolated,-19.600000083446503,-120.40000051259995,-49.210000209510326
44.378581363,842358362347986845,842358362612440024,86,35,46288265000000,2026-09-10T12:25:17.673180+00:00,interpolated,-21.91000009328127,-112.21000047773123,-42.000000178813934
44.397470876,842358362366876358,842358362612440024,86,36,46288265000000,2026-09-10T12:25:17.673180+00:00,interpolated,-27.650000117719173,-74.48000031709671,-45.920000195503235
44.416360388,842358362385765870,842358362612440024,86,37,46288265000000,2026-09-10T12:25:17.673180+00:00,interpolated,-29.470000125467777,-19.53000008314848,-54.88000023365021
44.435249901,842358362404655383,842358362612440024,86,38,46288265000000,2026-09-10T12:25:17.673180+00:00,interpolated,-24.99000010639429,30.38000012934208,-59.01000025123358
44.454139414,842358362423544896,842358362612440024,86,39,46288265000000,2026-09-10T12:25:17.673180+00:00,interpolated,-19.180000081658363,59.0800002515316,-60.97000025957823
44.473028927,842358362442434409,842358362612440024,86,40,46288265000000,2026-09-10T12:25:17.673180+00:00,interpolated,-16.380000069737434,67.62000028789043,-61.95000026375055
44.49191844,842358362461323922,842358362612440024,86,41,46288265000000,2026-09-10T12:25:17.673180+00:00,interpolated,-15.19000006467104,64.96000027656555,-60.62000025808811
44.510807952,842358362480213434,842358362612440024,86,42,46288265000000,2026-09-10T12:25:17.673180+00:00,interpolated,-15.960000067949295,58.520000249147415,-57.05000024288893
44.529697465,842358362499102947,842358362612440024,86,43,46288265000000,2026-09-10T12:25:17.673180+00:00,interpolated,-18.06000007688999,52.36000022292137,-52.99000022560358
44.548586978,842358362517992460,842358362612440024,86,44,46288265000000,2026-09-10T12:25:17.673180+00:00,interpolated,-17.010000072419643,47.250000201165676,-45.78000019490719
44.567476491,842358362536881973,842358362612440024,86,45,46288265000000,2026-09-10T12:25:17.673180+00:00,interpolated,-12.250000052154064,41.3000001758337,-36.610000155866146
44.586366004,842358362555771486,842358362612440024,86,46,46288265000000,2026-09-10T12:25:17.673180+00:00,interpolated,-6.160000026226044,32.690000139176846,-26.880000114440918
44.605255516,842358362574660998,842358362612440024,86,47,46288265000000,2026-09-10T12:25:17.673180+00:00,interpolated,-1.0500000044703484,20.44000008702278,-17.57000007480383
44.624145029,842358362593550511,842358362612440024,86,48,46288265000000,2026-09-10T12:25:17.673180+00:00,interpolated,3.0100000128149986,9.100000038743019,-9.940000042319298
44.643034542,842358362612440024,842358362612440024,86,49,46288265000000,2026-09-10T12:25:17.673180+00:00,interpolated,7.420000031590462,3.0100000128149986,-3.9900000169873238
44.661924194,842358362631329676,842358363689150160,89,0,46289343000000,2026-09-10T12:25:18.753580+00:00,interpolated,12.60000005364418,4.900000020861626,2.6600000113248825
44.680813845,842358362650219327,842358363689150160,89,1,46289343000000,2026-09-10T12:25:18.753580+00:00,interpolated,16.450000070035458,12.250000052154064,9.870000042021275
44.699703497,842358362669108979,842358363689150160,89,2,46289343000000,2026-09-10T12:25:18.753580+00:00,interpolated,18.06000007688999,19.74000008404255,15.890000067651272
44.718593148,842358362687998630,842358363689150160,89,3,46289343000000,2026-09-10T12:25:18.753580+00:00,interpolated,17.99000007659197,21.980000093579292,20.65000008791685
44.7374828,842358362706888282,842358363689150160,89,4,46289343000000,2026-09-10T12:25:18.753580+00:00,interpolated,16.450000070035458,18.06000007688999,23.940000101923943
44.756372451,842358362725777933,842358363689150160,89,5,46289343000000,2026-09-10T12:25:18.753580+00:00,interpolated,13.510000057518482,11.900000050663948,25.41000010818243
44.775262103,842358362744667585,842358363689150160,89,6,46289343000000,2026-09-10T12:25:18.753580+00:00,interpolated,9.730000041425228,5.950000025331974,26.110000111162663
44.794151754,842358362763557236,842358363689150160,89,7,46289343000000,2026-09-10T12:25:18.753580+00:00,interpolated,6.580000028014183,0.0,26.95000011473894
44.813041406,842358362782446888,842358363689150160,89,8,46289343000000,2026-09-10T12:25:18.753580+00:00,interpolated,4.690000019967556,-7.3500000312924385,28.980000123381615
44.831931057,842358362801336539,842358363689150160,89,9,46289343000000,2026-09-10T12:25:18.753580+00:00,interpolated,3.8500000163912773,-15.610000066459179,31.570000134408474
44.850820709,842358362820226191,842358363689150160,89,10,46289343000000,2026-09-10T12:25:18.753580+00:00,interpolated,2.1000000089406967,-26.46000011265278,36.400000154972076
44.86971036,842358362839115842,842358363689150160,89,11,46289343000000,2026-09-10T12:25:18.753580+00:00,interpolated,-2.450000010430813,-48.02000020444393,48.86000020802021
44.888600012,842358362858005494,842358363689150160,89,12,46289343000000,2026-09-10T12:25:18.753580+00:00,interpolated,-9.240000039339066,-64.96000027656555,53.3400002270937
44.907489663,842358362876895145,842358363689150160,89,13,46289343000000,2026-09-10T12:25:18.753580+00:00,interpolated,-13.090000055730343,-59.57000025361776,50.12000021338463
44.926379315,842358362895784797,842358363689150160,89,14,46289343000000,2026-09-10T12:25:18.753580+00:00,interpolated,-7.630000032484531,-41.23000017553568,47.11000020056963
44.945268966,842358362914674448,842358363689150160,89,15,46289343000000,2026-09-10T12:25:18.753580+00:00,interpolated,-0.2800000011920929,-33.39000014215708,39.200000166893005
44.964158618,842358362933564100,842358363689150160,89,16,46289343000000,2026-09-10T12:25:18.753580+00:00,interpolated,6.370000027120113,-36.96000015735626,31.570000134408474
44.983048269,842358362952453751,842358363689150160,89,17,46289343000000,2026-09-10T12:25:18.753580+00:00,interpolated,13.650000058114529,-46.69000019878149,26.530000112950802
45.001937921,842358362971343403,842358363689150160,89,18,46289343000000,2026-09-10T12:25:18.753580+00:00,interpolated,22.260000094771385,-58.520000249147415,24.360000103712082
45.020827572,842358362990233054,842358363689150160,89,19,46289343000000,2026-09-10T12:25:18.753580+00:00,interpolated,30.59000013023615,-73.92000031471252,25.550000108778477
45.039717224,842358363009122706,842358363689150160,89,20,46289343000000,2026-09-10T12:25:18.753580+00:00,interpolated,36.96000015735626,-92.47000039368868,31.990000136196613
45.058606875,842358363028012357,842358363689150160,89,21,46289343000000,2026-09-10T12:25:18.753580+00:00,interpolated,42.70000018179417,-115.50000049173832,45.43000019341707
45.077496527,842358363046902009,842358363689150160,89,22,46289343000000,2026-09-10T12:25:18.753580+00:00,interpolated,46.4100001975894,-134.1200005710125,62.860000267624855
45.096386178,842358363065791660,842358363689150160,89,23,46289343000000,2026-09-10T12:25:18.753580+00:00,interpolated,47.60000020265579,-137.4800005853176,80.71000034362078
45.11527583,842358363084681312,842358363689150160,89,24,46289343000000,2026-09-10T12:25:18.753580+00:00,interpolated,47.60000020265579,-123.69000052660704,94.22000040113926
45.134165481,842358363103570963,842358363689150160,89,25,46289343000000,2026-09-10T12:25:18.753580+00:00,interpolated,46.27000019699335,-99.26000042259693,101.5700004324317
45.153055133,842358363122460615,842358363689150160,89,26,46289343000000,2026-09-10T12:25:18.753580+00:00,interpolated,44.73000019043684,-72.24000030755997,102.69000043720007
45.171944784,842358363141350266,842358363689150160,89,27,46289343000000,2026-09-10T12:25:18.753580+00:00,interpolated,41.790000177919865,-48.090000204741955,98.70000042021275
45.190834436,842358363160239918,842358363689150160,89,28,46289343000000,2026-09-10T12:25:18.753580+00:00,interpolated,38.71000016480684,-29.400000125169754,92.33000039309263
45.209724087,842358363179129569,842358363689150160,89,29,46289343000000,2026-09-10T12:25:18.753580+00:00,interpolated,36.4700001552701,-17.290000073611736,85.12000036239624
45.228613739,842358363198019221,842358363689150160,89,30,46289343000000,2026-09-10T12:25:18.753580+00:00,interpolated,35.00000014901161,-12.740000054240227,78.75000033527613
45.24750339,842358363216908872,842358363689150160,89,31,46289343000000,2026-09-10T12:25:18.753580+00:00,interpolated,32.900000140070915,-15.120000064373016,72.6600003093481
45.266393042,842358363235798524,842358363689150160,89,32,46289343000000,2026-09-10T12:25:18.753580+00:00,interpolated,29.400000125169754,-20.790000088512897,67.13000028580427
45.285282693,842358363254688175,842358363689150160,89,33,46289343000000,2026-09-10T12:25:18.753580+00:00,interpolated,26.04000011086464,-27.230000115931034,62.440000265836716
45.304172345,842358363273577827,842358363689150160,89,34,46289343000000,2026-09-10T12:25:18.753580+00:00,interpolated,22.40000009536743,-32.83000013977289,58.520000249147415
45.323061996,842358363292467478,842358363689150160,89,35,46289343000000,2026-09-10T12:25:18.753580+00:00,interpolated,17.640000075101852,-37.030000157654285,54.32000023126602
45.341951648,842358363311357130,842358363689150160,89,36,46289343000000,2026-09-10T12:25:18.753580+00:00,interpolated,11.06000004708767,-38.01000016182661,49.49000021070242
45.360841299,842358363330246781,842358363689150160,89,37,46289343000000,2026-09-10T12:25:18.753580+00:00,interpolated,4.200000017881393,-34.09000014513731,44.45000018924475
45.379730951,842358363349136433,842358363689150160,89,38,46289343000000,2026-09-10T12:25:18.753580+00:00,interpolated,-1.540000006556511,-26.25000011175871,38.780000165104866
45.398620602,842358363368026084,842358363689150160,89,39,46289343000000,2026-09-10T12:25:18.753580+00:00,interpolated,-7.3500000312924385,-17.290000073611736,31.50000013411045
45.417510254,842358363386915736,842358363689150160,89,40,46289343000000,2026-09-10T12:25:18.753580+00:00,interpolated,-13.440000057220459,-8.68000003695488,23.45000009983778
45.436399905,842358363405805387,842358363689150160,89,41,46289343000000,2026-09-10T12:25:18.753580+00:00,interpolated,-18.06000007688999,-0.5600000023841858,16.240000069141388
45.455289557,842358363424695039,842358363689150160,89,42,46289343000000,2026-09-10T12:25:18.753580+00:00,interpolated,-20.16000008583069,8.400000035762787,10.990000046789646
45.474179208,842358363443584690,842358363689150160,89,43,46289343000000,2026-09-10T12:25:18.753580+00:00,interpolated,-20.580000087618828,18.6900000795722,6.650000028312206
45.49306886,842358363462474342,842358363689150160,89,44,46289343000000,2026-09-10T12:25:18.753580+00:00,interpolated,-21.7000000923872,29.260000124573708,0.9100000038743019
45.511958511,842358363481363993,842358363689150160,89,45,46289343000000,2026-09-10T12:25:18.753580+00:00,interpolated,-22.12000009417534,37.31000015884638,-7.910000033676624
45.530848163,842358363500253645,842358363689150160,89,46,46289343000000,2026-09-10T12:25:18.753580+00:00,interpolated,-20.86000008881092,40.740000173449516,-18.550000078976154
45.549737814,842358363519143296,842358363689150160,89,47,46289343000000,2026-09-10T12:25:18.753580+00:00,interpolated,-22.6100000962615,42.35000018030405,-30.59000013023615
45.568627466,842358363538032948,842358363689150160,89,48,46289343000000,2026-09-10T12:25:18.753580+00:00,interpolated,-36.26000015437603,45.290000192821026,-48.02000020444393
45.587517117,842358363556922599,842358363689150160,89,49,46289343000000,2026-09-10T12:25:18.753580+00:00,interpolated,-53.13000022619963,44.3100001886487,-67.06000028550625
45.606406769,842358363575812251,842358363689150160,89,50,46289343000000,2026-09-10T12:25:18.753580+00:00,interpolated,-64.47000027447939,39.4800001680851,-75.81000032275915
45.62529642,842358363594701902,842358363689150160,89,51,46289343000000,2026-09-10T12:25:18.753580+00:00,interpolated,-72.59000030905008,31.570000134408474,-78.82000033557415
45.644186072,842358363613591554,842358363689150160,89,52,46289343000000,2026-09-10T12:25:18.753580+00:00,interpolated,-81.55000034719706,24.29000010341406,-81.34000034630299
45.663075723,842358363632481205,842358363689150160,89,53,46289343000000,2026-09-10T12:25:18.753580+00:00,interpolated,-83.37000035494566,20.23000008612871,-80.85000034421682
45.681965375,842358363651370857,842358363689150160,89,54,46289343000000,2026-09-10T12:25:18.753580+00:00,interpolated,-72.73000030964613,16.800000071525574,-76.72000032663345
45.700855026,842358363670260508,842358363689150160,89,55,46289343000000,2026-09-10T12:25:18.753580+00:00,interpolated,-55.86000023782253,11.200000047683716,-71.33000030368567
45.719744678,842358363689150160,842358363689150160,89,56,46289343000000,2026-09-10T12:25:18.753580+00:00,interpolated,-39.410000167787075,4.34000001847744,-66.36000028252602
45.73863433,842358363708039812,842358364765860296,92,0,46290546000000,2026-09-10T12:25:19.953548+00:00,interpolated,-27.300000116229057,0.21000000089406967,-60.690000258386135
45.757523981,842358363726929463,842358364765860296,92,1,46290546000000,2026-09-10T12:25:19.953548+00:00,interpolated,-23.800000101327896,4.620000019669533,-56.0700002387166
45.776413633,842358363745819115,842358364765860296,92,2,46290546000000,2026-09-10T12:25:19.953548+00:00,interpolated,-26.95000011473894,20.300000086426735,-55.30000023543835
45.795303284,842358363764708766,842358364765860296,92,3,46290546000000,2026-09-10T12:25:19.953548+00:00,interpolated,-34.860000148415565,41.160000175237656,-56.560000240802765
45.814192936,842358363783598418,842358364765860296,92,4,46290546000000,2026-09-10T12:25:19.953548+00:00,interpolated,-44.590000189840794,60.83000025898218,-57.400000244379044
45.833082587,842358363802488069,842358364765860296,92,5,46290546000000,2026-09-10T12:25:19.953548+00:00,interpolated,-52.36000022292137,76.37000032514334,-59.71000025421381
45.851972239,842358363821377721,842358364765860296,92,6,46290546000000,2026-09-10T12:25:19.953548+00:00,interpolated,-56.980000242590904,83.23000035434961,-62.37000026553869
45.87086189,842358363840267372,842358364765860296,92,7,46290546000000,2026-09-10T12:25:19.953548+00:00,interpolated,-58.45000024884939,82.25000035017729,-64.89000027626753
45.889751542,842358363859157024,842358364765860296,92,8,46290546000000,2026-09-10T12:25:19.953548+00:00,interpolated,-55.230000235140324,76.79000032693148,-65.73000027984381
45.908641193,842358363878046675,842358364765860296,92,9,46290546000000,2026-09-10T12:25:19.953548+00:00,interpolated,-47.60000020265579,69.79000029712915,-62.72000026702881
45.927530845,842358363896936327,842358364765860296,92,10,46290546000000,2026-09-10T12:25:19.953548+00:00,interpolated,-37.52000015974045,62.440000265836716,-56.560000240802765
45.946420496,842358363915825978,842358364765860296,92,11,46290546000000,2026-09-10T12:25:19.953548+00:00,interpolated,-26.180000111460686,55.44000023603439,-47.74000020325184
45.965310148,842358363934715630,842358364765860296,92,12,46290546000000,2026-09-10T12:25:19.953548+00:00,interpolated,-16.870000071823597,49.210000209510326,-38.2900001630187
45.984199799,842358363953605281,842358364765860296,92,13,46290546000000,2026-09-10T12:25:19.953548+00:00,interpolated,-11.410000048577785,42.35000018030405,-30.38000012934208
46.003089451,842358363972494933,842358364765860296,92,14,46290546000000,2026-09-10T12:25:19.953548+00:00,interpolated,-8.960000038146973,33.320000141859055,-24.430000104010105
46.021979102,842358363991384584,842358364765860296,92,15,46290546000000,2026-09-10T12:25:19.953548+00:00,interpolated,-8.610000036656857,22.750000096857548,-19.810000084340572
46.040868754,842358364010274236,842358364765860296,92,16,46290546000000,2026-09-10T12:25:19.953548+00:00,interpolated,-8.330000035464764,13.23000005632639,-16.170000068843365
46.059758405,842358364029163887,842358364765860296,92,17,46290546000000,2026-09-10T12:25:19.953548+00:00,interpolated,-6.930000029504299,5.950000025331974,-12.530000053346157
46.078648057,842358364048053539,842358364765860296,92,18,46290546000000,2026-09-10T12:25:19.953548+00:00,interpolated,-4.8300000205636024,-0.630000002682209,-9.240000039339066
46.097537708,842358364066943190,842358364765860296,92,19,46290546000000,2026-09-10T12:25:19.953548+00:00,interpolated,-2.17000000923872,-7.140000030398369,-6.30000002682209
46.11642736,842358364085832842,842358364765860296,92,20,46290546000000,2026-09-10T12:25:19.953548+00:00,interpolated,1.3300000056624413,-12.180000051856041,-2.5900000110268593
46.135317011,842358364104722493,842358364765860296,92,21,46290546000000,2026-09-10T12:25:19.953548+00:00,interpolated,4.410000018775463,-17.080000072717667,2.450000010430813
46.154206663,842358364123612145,842358364765860296,92,22,46290546000000,2026-09-10T12:25:19.953548+00:00,interpolated,6.230000026524067,-22.12000009417534,8.47000003606081
46.173096314,842358364142501796,842358364765860296,92,23,46290546000000,2026-09-10T12:25:19.953548+00:00,interpolated,7.000000029802322,-28.980000123381615,15.680000066757202
46.191985966,842358364161391448,842358364765860296,92,24,46290546000000,2026-09-10T12:25:19.953548+00:00,interpolated,6.160000026226044,-39.200000166893005,22.540000095963478
46.210875617,842358364180281099,842358364765860296,92,25,46290546000000,2026-09-10T12:25:19.953548+00:00,interpolated,2.3100000098347664,-49.28000020980835,31.430000133812428
46.229765269,842358364199170751,842358364765860296,92,26,46290546000000,2026-09-10T12:25:19.953548+00:00,interpolated,-1.540000006556511,-58.24000024795532,41.93000017851591
46.24865492,842358364218060402,842358364765860296,92,27,46290546000000,2026-09-10T12:25:19.953548+00:00,interpolated,-5.670000024139881,-59.01000025123358,42.910000182688236
46.267544572,842358364236950054,842358364765860296,92,28,46290546000000,2026-09-10T12:25:19.953548+00:00,interpolated,-8.400000035762787,-47.3200002014637,44.03000018745661
46.286434223,842358364255839705,842358364765860296,92,29,46290546000000,2026-09-10T12:25:19.953548+00:00,interpolated,-4.970000021159649,-32.5500001385808,45.920000195503235
46.305323875,842358364274729357,842358364765860296,92,30,46290546000000,2026-09-10T12:25:19.953548+00:00,interpolated,-3.430000014603138,-26.67000011354685,45.220000192523
46.324213526,842358364293619008,842358364765860296,92,31,46290546000000,2026-09-10T12:25:19.953548+00:00,interpolated,-3.2200000137090683,-28.350000120699406,45.57000019401312
46.343103178,842358364312508660,842358364765860296,92,32,46290546000000,2026-09-10T12:25:19.953548+00:00,interpolated,-2.7300000116229057,-32.900000140070915,44.590000189840794
46.361992829,842358364331398311,842358364765860296,92,33,46290546000000,2026-09-10T12:25:19.953548+00:00,interpolated,-2.7300000116229057,-40.67000017315149,39.4800001680851
46.380882481,842358364350287963,842358364765860296,92,34,46290546000000,2026-09-10T12:25:19.953548+00:00,interpolated,-3.3600000143051147,-49.98000021278858,32.480000138282776
46.399772132,842358364369177614,842358364765860296,92,35,46290546000000,2026-09-10T12:25:19.953548+00:00,interpolated,-0.9100000038743019,-65.03000027686357,27.720000118017197
46.418661784,842358364388067266,842358364765860296,92,36,46290546000000,2026-09-10T12:25:19.953548+00:00,interpolated,7.3500000312924385,-86.45000036805868,27.720000118017197
46.437551435,842358364406956917,842358364765860296,92,37,46290546000000,2026-09-10T12:25:19.953548+00:00,interpolated,18.340000078082085,-111.86000047624111,33.320000141859055
46.456441087,842358364425846569,842358364765860296,92,38,46290546000000,2026-09-10T12:25:19.953548+00:00,interpolated,25.130000106990337,-129.570000551641,41.580000177025795
46.475330738,842358364444736220,842358364765860296,92,39,46290546000000,2026-09-10T12:25:19.953548+00:00,interpolated,24.50000010430813,-132.51000056415796,48.230000205338
46.49422039,842358364463625872,842358364765860296,92,40,46290546000000,2026-09-10T12:25:19.953548+00:00,interpolated,21.560000091791153,-118.51000050455332,54.600000232458115
46.513110041,842358364482515523,842358364765860296,92,41,46290546000000,2026-09-10T12:25:19.953548+00:00,interpolated,21.420000091195107,-92.8200003951788,59.0800002515316
46.531999693,842358364501405175,842358364765860296,92,42,46290546000000,2026-09-10T12:25:19.953548+00:00,interpolated,20.65000008791685,-62.93000026792288,58.730000250041485
46.550889344,842358364520294826,842358364765860296,92,43,46290546000000,2026-09-10T12:25:19.953548+00:00,interpolated,17.7800000756979,-35.35000015050173,53.27000022679567
46.569778996,842358364539184478,842358364765860296,92,44,46290546000000,2026-09-10T12:25:19.953548+00:00,interpolated,14.140000060200691,-14.98000006377697,44.380000188946724
46.588668647,842358364558074129,842358364765860296,92,45,46290546000000,2026-09-10T12:25:19.953548+00:00,interpolated,11.340000048279762,-6.30000002682209,34.79000014811754
46.607558299,842358364576963781,842358364765860296,92,46,46290546000000,2026-09-10T12:25:19.953548+00:00,interpolated,9.030000038444996,-9.030000038444996,27.020000115036964
46.62644795,842358364595853432,842358364765860296,92,47,46290546000000,2026-09-10T12:25:19.953548+00:00,interpolated,8.47000003606081,-21.560000091791153,21.000000089406967
46.645337602,842358364614743084,842358364765860296,92,48,46290546000000,2026-09-10T12:25:19.953548+00:00,interpolated,9.100000038743019,-35.280000150203705,16.240000069141388
46.664227253,842358364633632735,842358364765860296,92,49,46290546000000,2026-09-10T12:25:19.953548+00:00,interpolated,10.500000044703484,-42.420000180602074,12.250000052154064
46.683116905,842358364652522387,842358364765860296,92,50,46290546000000,2026-09-10T12:25:19.953548+00:00,interpolated,11.340000048279762,-41.370000176131725,8.960000038146973
46.702006556,842358364671412038,842358364765860296,92,51,46290546000000,2026-09-10T12:25:19.953548+00:00,interpolated,11.900000050663948,-34.3700001463294,6.160000026226044
46.720896208,842358364690301690,842358364765860296,92,52,46290546000000,2026-09-10T12:25:19.953548+00:00,interpolated,11.06000004708767,-23.87000010162592,3.080000013113022
46.739785859,842358364709191341,842358364765860296,92,53,46290546000000,2026-09-10T12:25:19.953548+00:00,interpolated,9.240000039339066,-12.60000005364418,0.5600000023841858
46.758675511,842358364728080993,842358364765860296,92,54,46290546000000,2026-09-10T12:25:19.953548+00:00,interpolated,7.490000031888485,-3.5700000151991844,-0.9100000038743019
46.777565162,842358364746970644,842358364765860296,92,55,46290546000000,2026-09-10T12:25:19.953548+00:00,interpolated,4.34000001847744,1.9600000083446503,-2.5900000110268593
46.796454814,842358364765860296,842358364765860296,92,56,46290546000000,2026-09-10T12:25:19.953548+00:00,interpolated,-0.14000000059604645,6.51000002771616,-3.2900000140070915
46.815344466,842358364784749948,842358365842570432,95,0,46291625000000,2026-09-10T12:25:21.033627+00:00,interpolated,-5.810000024735928,13.23000005632639,-3.430000014603138
46.834234117,842358364803639599,842358365842570432,95,1,46291625000000,2026-09-10T12:25:21.033627+00:00,interpolated,-11.480000048875809,21.770000092685223,-5.040000021457672
46.853123769,842358364822529251,842358365842570432,95,2,46291625000000,2026-09-10T12:25:21.033627+00:00,interpolated,-16.03000006824732,30.310000129044056,-10.010000042617321
46.87201342,842358364841418902,842358365842570432,95,3,46291625000000,2026-09-10T12:25:21.033627+00:00,interpolated,-19.95000008493662,36.26000015437603,-15.19000006467104
46.890903072,842358364860308554,842358365842570432,95,4,46291625000000,2026-09-10T12:25:21.033627+00:00,interpolated,-24.50000010430813,41.09000017493963,-21.560000091791153
46.909792723,842358364879198205,842358365842570432,95,5,46291625000000,2026-09-10T12:25:21.033627+00:00,interpolated,-33.04000014066696,49.210000209510326,-32.83000013977289
46.928682375,842358364898087857,842358365842570432,95,6,46291625000000,2026-09-10T12:25:21.033627+00:00,interpolated,-40.32000017166138,58.1700002476573,-41.09000017493963
46.947572026,842358364916977508,842358365842570432,95,7,46291625000000,2026-09-10T12:25:21.033627+00:00,interpolated,-42.70000018179417,61.530000261962414,-46.69000019878149
46.966461678,842358364935867160,842358365842570432,95,8,46291625000000,2026-09-10T12:25:21.033627+00:00,interpolated,-41.93000017851591,57.54000024497509,-50.680000215768814
46.985351329,842358364954756811,842358365842570432,95,9,46291625000000,2026-09-10T12:25:21.033627+00:00,interpolated,-33.950000144541264,53.41000022739172,-50.54000021517277
47.004240981,842358364973646463,842358365842570432,95,10,46291625000000,2026-09-10T12:25:21.033627+00:00,interpolated,-20.23000008612871,52.220000222325325,-48.44000020623207
47.023130632,842358364992536114,842358365842570432,95,11,46291625000000,2026-09-10T12:25:21.033627+00:00,interpolated,-8.05000003427267,52.78000022470951,-47.250000201165676
47.042020284,842358365011425766,842358365842570432,95,12,46291625000000,2026-09-10T12:25:21.033627+00:00,interpolated,0.14000000059604645,54.600000232458115,-47.880000203847885
47.060909935,842358365030315417,842358365842570432,95,13,46291625000000,2026-09-10T12:25:21.033627+00:00,interpolated,6.020000025629997,56.84000024199486,-48.93000020831823
47.079799587,842358365049205069,842358365842570432,95,14,46291625000000,2026-09-10T12:25:21.033627+00:00,interpolated,10.990000046789646,59.0800002515316,-50.19000021368265
47.098689238,842358365068094720,842358365842570432,95,15,46291625000000,2026-09-10T12:25:21.033627+00:00,interpolated,14.420000061392784,65.24000027775764,-50.470000214874744
47.11757889,842358365086984372,842358365842570432,95,16,46291625000000,2026-09-10T12:25:21.033627+00:00,interpolated,16.800000071525574,79.17000033706427,-48.58000020682812
47.136468541,842358365105874023,842358365842570432,95,17,46291625000000,2026-09-10T12:25:21.033627+00:00,interpolated,17.7800000756979,99.40000042319298,-44.590000189840794
47.155358193,842358365124763675,842358365842570432,95,18,46291625000000,2026-09-10T12:25:21.033627+00:00,interpolated,16.03000006824732,120.68000051379204,-40.67000017315149
47.174247844,842358365143653326,842358365842570432,95,19,46291625000000,2026-09-10T12:25:21.033627+00:00,interpolated,12.530000053346157,138.46000058948994,-37.80000016093254
47.193137496,842358365162542978,842358365842570432,95,20,46291625000000,2026-09-10T12:25:21.033627+00:00,interpolated,9.030000038444996,150.9900006428361,-36.820000156760216
47.212027147,842358365181432629,842358365842570432,95,21,46291625000000,2026-09-10T12:25:21.033627+00:00,interpolated,5.180000022053719,156.38000066578388,-38.71000016480684
47.230916799,842358365200322281,842358365842570432,95,22,46291625000000,2026-09-10T12:25:21.033627+00:00,interpolated,0.8400000035762787,154.56000065803528,-43.61000018566847
47.24980645,842358365219211932,842358365842570432,95,23,46291625000000,2026-09-10T12:25:21.033627+00:00,interpolated,-1.8200000077486038,146.02000062167645,-49.56000021100044
47.268696102,842358365238101584,842358365842570432,95,24,46291625000000,2026-09-10T12:25:21.033627+00:00,interpolated,-2.240000009536743,130.06000055372715,-53.550000227987766
47.287585753,842358365256991235,842358365842570432,95,25,46291625000000,2026-09-10T12:25:21.033627+00:00,interpolated,-1.260000005364418,107.3100004568696,-53.90000022947788
47.306475405,842358365275880887,842358365842570432,95,26,46291625000000,2026-09-10T12:25:21.033627+00:00,interpolated,-0.14000000059604645,81.9700003489852,-50.75000021606684
47.325365056,842358365294770538,842358365842570432,95,27,46291625000000,2026-09-10T12:25:21.033627+00:00,interpolated,0.630000002682209,59.43000025302172,-44.45000018924475
47.344254708,842358365313660190,842358365842570432,95,28,46291625000000,2026-09-10T12:25:21.033627+00:00,interpolated,-0.9100000038743019,42.4900001809001,-36.820000156760216
47.363144359,842358365332549841,842358365842570432,95,29,46291625000000,2026-09-10T12:25:21.033627+00:00,interpolated,-4.620000019669533,32.480000138282776,-30.240000128746033
47.382034011,842358365351439493,842358365842570432,95,30,46291625000000,2026-09-10T12:25:21.033627+00:00,interpolated,-9.030000038444996,27.300000116229057,-24.29000010341406
47.400923662,842358365370329144,842358365842570432,95,31,46291625000000,2026-09-10T12:25:21.033627+00:00,interpolated,-13.23000005632639,22.40000009536743,-18.760000079870224
47.419813314,842358365389218796,842358365842570432,95,32,46291625000000,2026-09-10T12:25:21.033627+00:00,interpolated,-17.430000074207783,14.490000061690807,-14.700000062584877
47.438702965,842358365408108447,842358365842570432,95,33,46291625000000,2026-09-10T12:25:21.033627+00:00,interpolated,-21.28000009059906,3.710000015795231,-12.670000053942204
47.457592617,842358365426998099,842358365842570432,95,34,46291625000000,2026-09-10T12:25:21.033627+00:00,interpolated,-23.310000099241734,-8.190000034868717,-11.830000050365925
47.476482268,842358365445887750,842358365842570432,95,35,46291625000000,2026-09-10T12:25:21.033627+00:00,interpolated,-23.520000100135803,-17.640000075101852,-11.620000049471855
47.49537192,842358365464777402,842358365842570432,95,36,46291625000000,2026-09-10T12:25:21.033627+00:00,interpolated,-22.750000096857548,-21.91000009328127,-10.8500000461936
47.514261571,842358365483667053,842358365842570432,95,37,46291625000000,2026-09-10T12:25:21.033627+00:00,interpolated,-20.44000008702278,-23.380000099539757,-8.960000038146973
47.533151223,842358365502556705,842358365842570432,95,38,46291625000000,2026-09-10T12:25:21.033627+00:00,interpolated,-16.94000007212162,-27.860000118613243,-5.320000022649765
47.552040874,842358365521446356,842358365842570432,95,39,46291625000000,2026-09-10T12:25:21.033627+00:00,interpolated,-13.300000056624413,-38.50000016391277,0.9100000038743019
47.570930526,842358365540336008,842358365842570432,95,40,46291625000000,2026-09-10T12:25:21.033627+00:00,interpolated,-9.730000041425228,-53.13000022619963,9.100000038743019
47.589820177,842358365559225659,842358365842570432,95,41,46291625000000,2026-09-10T12:25:21.033627+00:00,interpolated,-9.310000039637089,-62.020000264048576,10.990000046789646
47.608709829,842358365578115311,842358365842570432,95,42,46291625000000,2026-09-10T12:25:21.033627+00:00,interpolated,-11.340000048279762,-61.320000261068344,11.480000048875809
47.62759948,842358365597004962,842358365842570432,95,43,46291625000000,2026-09-10T12:25:21.033627+00:00,interpolated,-8.190000034868717,-54.67000023275614,11.900000050663948
47.646489132,842358365615894614,842358365842570432,95,44,46291625000000,2026-09-10T12:25:21.033627+00:00,interpolated,-4.060000017285347,-52.640000224113464,13.090000055730343
47.665378783,842358365634784265,842358365842570432,95,45,46291625000000,2026-09-10T12:25:21.033627+00:00,interpolated,1.3300000056624413,-50.890000216662884,17.430000074207783
47.684268435,842358365653673917,842358365842570432,95,46,46291625000000,2026-09-10T12:25:21.033627+00:00,interpolated,7.420000031590462,-48.58000020682812,21.980000093579292
47.703158086,842358365672563568,842358365842570432,95,47,46291625000000,2026-09-10T12:25:21.033627+00:00,interpolated,12.39000005275011,-52.57000022381544,25.20000010728836
47.722047738,842358365691453220,842358365842570432,95,48,46291625000000,2026-09-10T12:25:21.033627+00:00,interpolated,15.750000067055225,-61.530000261962414,27.090000115334988
47.740937389,842358365710342871,842358365842570432,95,49,46291625000000,2026-09-10T12:25:21.033627+00:00,interpolated,19.880000084638596,-71.54000030457973,29.050000123679638
47.759827041,842358365729232523,842358365842570432,95,50,46291625000000,2026-09-10T12:25:21.033627+00:00,interpolated,24.50000010430813,-82.11000034958124,30.17000012844801
47.778716692,842358365748122174,842358365842570432,95,51,46291625000000,2026-09-10T12:25:21.033627+00:00,interpolated,29.470000125467777,-91.56000038981438,31.29000013321638
47.797606344,842358365767011826,842358365842570432,95,52,46291625000000,2026-09-10T12:25:21.033627+00:00,interpolated,35.280000150203705,-100.59000042825937,33.950000144541264
47.816495995,842358365785901477,842358365842570432,95,53,46291625000000,2026-09-10T12:25:21.033627+00:00,interpolated,42.000000178813934,-110.18000046908855,39.06000016629696
47.835385647,842358365804791129,842358365842570432,95,54,46291625000000,2026-09-10T12:25:21.033627+00:00,interpolated,48.93000020831823,-117.46000050008297,45.99000019580126
47.854275298,842358365823680780,842358365842570432,95,55,46291625000000,2026-09-10T12:25:21.033627+00:00,interpolated,53.3400002270937,-114.59000048786402,53.83000022917986
47.87316495,842358365842570432,842358365842570432,95,56,46291625000000,2026-09-10T12:25:21.033627+00:00,interpolated,55.65000023692846,-97.58000041544437,61.81000026315451
47.892054602,842358365861460084,842358366919280568,98,0,46292796000000,2026-09-10T12:25:22.204162+00:00,interpolated,56.980000242590904,-69.86000029742718,67.76000028848648
47.910944253,842358365880349735,842358366919280568,98,1,46292796000000,2026-09-10T12:25:22.204162+00:00,interpolated,55.720000237226486,-40.67000017315149,69.23000029474497
47.929833905,842358365899239387,842358366919280568,98,2,46292796000000,2026-09-10T12:25:22.204162+00:00,interpolated,51.590000219643116,-15.890000067651272,65.94000028073788
47.948723556,842358365918129038,842358366919280568,98,3,46292796000000,2026-09-10T12:25:22.204162+00:00,interpolated,45.57000019401312,2.0300000086426735,59.57000025361776
47.967613208,842358365937018690,842358366919280568,98,4,46292796000000,2026-09-10T12:25:22.204162+00:00,interpolated,41.09000017493963,10.710000045597553,52.57000022381544
47.986502859,842358365955908341,842358366919280568,98,5,46292796000000,2026-09-10T12:25:22.204162+00:00,interpolated,36.33000015467405,11.340000048279762,46.06000019609928
48.005392511,842358365974797993,842358366919280568,98,6,46292796000000,2026-09-10T12:25:22.204162+00:00,interpolated,33.18000014126301,6.230000026524067,41.72000017762184
48.024282162,842358365993687644,842358366919280568,98,7,46292796000000,2026-09-10T12:25:22.204162+00:00,interpolated,31.780000135302544,-0.9100000038743019,38.780000165104866
48.043171814,842358366012577296,842358366919280568,98,8,46292796000000,2026-09-10T12:25:22.204162+00:00,interpolated,31.780000135302544,-7.840000033378601,36.12000015377998
48.062061465,842358366031466947,842358366919280568,98,9,46292796000000,2026-09-10T12:25:22.204162+00:00,interpolated,31.780000135302544,-13.370000056922436,33.4600001424551
48.080951117,842358366050356599,842358366919280568,98,10,46292796000000,2026-09-10T12:25:22.204162+00:00,interpolated,29.5400001257658,-15.610000066459179,30.80000013113022
48.099840768,842358366069246250,842358366919280568,98,11,46292796000000,2026-09-10T12:25:22.204162+00:00,interpolated,24.850000105798244,-14.210000060498714,28.21000012010336
48.11873042,842358366088135902,842358366919280568,98,12,46292796000000,2026-09-10T12:25:22.204162+00:00,interpolated,19.460000082850456,-9.660000041127205,26.74000011384487
48.137620071,842358366107025553,842358366919280568,98,13,46292796000000,2026-09-10T12:25:22.204162+00:00,interpolated,13.930000059306622,-3.3600000143051147,25.760000109672546
48.156509723,842358366125915205,842358366919280568,98,14,46292796000000,2026-09-10T12:25:22.204162+00:00,interpolated,7.560000032186508,4.690000019967556,23.730000101029873
48.175399374,842358366144804856,842358366919280568,98,15,46292796000000,2026-09-10T12:25:22.204162+00:00,interpolated,1.4700000062584877,12.60000005364418,19.880000084638596
48.194289026,842358366163694508,842358366919280568,98,16,46292796000000,2026-09-10T12:25:22.204162+00:00,interpolated,-4.690000019967556,17.57000007480383,14.420000061392784
48.213178677,842358366182584159,842358366919280568,98,17,46292796000000,2026-09-10T12:25:22.204162+00:00,interpolated,-12.180000051856041,18.550000078976154,7.3500000312924385
48.232068329,842358366201473811,842358366919280568,98,18,46292796000000,2026-09-10T12:25:22.204162+00:00,interpolated,-19.74000008404255,18.620000079274178,-0.7700000032782555
48.25095798,842358366220363462,842358366919280568,98,19,46292796000000,2026-09-10T12:25:22.204162+00:00,interpolated,-28.070000119507313,19.600000083446503,-11.200000047683716
48.269847632,842358366239253114,842358366919280568,98,20,46292796000000,2026-09-10T12:25:22.204162+00:00,interpolated,-37.870000161230564,22.050000093877316,-26.810000114142895
48.288737283,842358366258142765,842358366919280568,98,21,46292796000000,2026-09-10T12:25:22.204162+00:00,interpolated,-45.290000192821026,23.03000009804964,-40.32000017166138
48.307626935,842358366277032417,842358366919280568,98,22,46292796000000,2026-09-10T12:25:22.204162+00:00,interpolated,-50.40000021457672,17.430000074207783,-47.11000020056963
48.326516586,842358366295922068,842358366919280568,98,23,46292796000000,2026-09-10T12:25:22.204162+00:00,interpolated,-55.58000023663044,8.400000035762787,-49.1400002092123
48.345406238,842358366314811720,842358366919280568,98,24,46292796000000,2026-09-10T12:25:22.204162+00:00,interpolated,-57.05000024288893,3.2200000137090683,-48.86000020802021
48.364295889,842358366333701371,842358366919280568,98,25,46292796000000,2026-09-10T12:25:22.204162+00:00,interpolated,-52.1500002220273,4.5500000193715096,-49.07000020891428
48.383185541,842358366352591023,842358366919280568,98,26,46292796000000,2026-09-10T12:25:22.204162+00:00,interpolated,-43.750000186264515,10.43000004440546,-50.12000021338463
48.402075192,842358366371480674,842358366919280568,98,27,46292796000000,2026-09-10T12:25:22.204162+00:00,interpolated,-36.400000154972076,15.40000006556511,-51.87000022083521
48.420964844,842358366390370326,842358366919280568,98,28,46292796000000,2026-09-10T12:25:22.204162+00:00,interpolated,-31.150000132620335,17.430000074207783,-55.1600002348423
48.439854495,842358366409259977,842358366919280568,98,29,46292796000000,2026-09-10T12:25:22.204162+00:00,interpolated,-27.79000011831522,19.32000008225441,-58.1700002476573
48.458744147,842358366428149629,842358366919280568,98,30,46292796000000,2026-09-10T12:25:22.204162+00:00,interpolated,-24.29000010341406,24.99000010639429,-59.360000252723694
48.477633798,842358366447039280,842358366919280568,98,31,46292796000000,2026-09-10T12:25:22.204162+00:00,interpolated,-20.720000088214874,35.98000015318394,-58.80000025033951
48.49652345,842358366465928932,842358366919280568,98,32,46292796000000,2026-09-10T12:25:22.204162+00:00,interpolated,-18.830000080168247,48.300000205636024,-55.37000023573637
48.515413101,842358366484818583,842358366919280568,98,33,46292796000000,2026-09-10T12:25:22.204162+00:00,interpolated,-19.11000008136034,58.940000250935555,-49.70000021159649
48.534302753,842358366503708235,842358366919280568,98,34,46292796000000,2026-09-10T12:25:22.204162+00:00,interpolated,-22.260000094771385,68.46000029146671,-43.05000018328428
48.553192404,842358366522597886,842358366919280568,98,35,46292796000000,2026-09-10T12:25:22.204162+00:00,interpolated,-28.140000119805336,79.03000033646822,-37.73000016063452
48.572082056,842358366541487538,842358366919280568,98,36,46292796000000,2026-09-10T12:25:22.204162+00:00,interpolated,-33.81000014394522,90.58000038564205,-35.14000014960766
48.590971707,842358366560377189,842358366919280568,98,37,46292796000000,2026-09-10T12:25:22.204162+00:00,interpolated,-35.84000015258789,100.24000042676926,-35.490000151097775
48.609861359,842358366579266841,842358366919280568,98,38,46292796000000,2026-09-10T12:25:22.204162+00:00,interpolated,-34.72000014781952,104.5800004452467,-37.52000015974045
48.62875101,842358366598156492,842358366919280568,98,39,46292796000000,2026-09-10T12:25:22.204162+00:00,interpolated,-31.850000135600567,104.16000044345856,-40.67000017315149
48.647640662,842358366617046144,842358366919280568,98,40,46292796000000,2026-09-10T12:25:22.204162+00:00,interpolated,-26.04000011086464,97.93000041693449,-43.330000184476376
48.666530313,842358366635935795,842358366919280568,98,41,46292796000000,2026-09-10T12:25:22.204162+00:00,interpolated,-15.680000066757202,88.20000037550926,-43.4000001847744
48.685419965,842358366654825447,842358366919280568,98,42,46292796000000,2026-09-10T12:25:22.204162+00:00,interpolated,-5.530000023543835,76.72000032663345,-40.740000173449516
48.704309616,842358366673715098,842358366919280568,98,43,46292796000000,2026-09-10T12:25:22.204162+00:00,interpolated,2.450000010430813,64.26000027358532,-35.98000015318394
48.723199268,842358366692604750,842358366919280568,98,44,46292796000000,2026-09-10T12:25:22.204162+00:00,interpolated,7.840000033378601,50.96000021696091,-30.030000127851963
48.742088919,842358366711494401,842358366919280568,98,45,46292796000000,2026-09-10T12:25:22.204162+00:00,interpolated,11.130000047385693,37.17000015825033,-23.940000101923943
48.760978571,842358366730384053,842358366919280568,98,46,46292796000000,2026-09-10T12:25:22.204162+00:00,interpolated,11.690000049769878,25.83000010997057,-18.27000007778406
48.779868222,842358366749273704,842358366919280568,98,47,46292796000000,2026-09-10T12:25:22.204162+00:00,interpolated,9.590000040829182,19.180000081658363,-14.000000059604645
48.798757874,842358366768163356,842358366919280568,98,48,46292796000000,2026-09-10T12:25:22.204162+00:00,interpolated,5.670000024139881,15.680000066757202,-11.200000047683716
48.817647525,842358366787053007,842358366919280568,98,49,46292796000000,2026-09-10T12:25:22.204162+00:00,interpolated,1.4700000062584877,10.920000046491623,-9.590000040829182
48.836537177,842358366805942659,842358366919280568,98,50,46292796000000,2026-09-10T12:25:22.204162+00:00,interpolated,-1.4000000059604645,3.780000016093254,-9.100000038743019
48.855426828,842358366824832310,842358366919280568,98,51,46292796000000,2026-09-10T12:25:22.204162+00:00,interpolated,-3.430000014603138,-3.6400000154972076,-10.150000043213367
48.87431648,842358366843721962,842358366919280568,98,52,46292796000000,2026-09-10T12:25:22.204162+00:00,interpolated,-3.9900000169873238,-11.200000047683716,-11.480000048875809
48.893206131,842358366862611613,842358366919280568,98,53,46292796000000,2026-09-10T12:25:22.204162+00:00,interpolated,-0.9800000041723251,-18.410000078380108,-11.130000047385693
48.912095783,842358366881501265,842358366919280568,98,54,46292796000000,2026-09-10T12:25:22.204162+00:00,interpolated,3.710000015795231,-25.760000109672546,-10.080000042915344
48.930985434,842358366900390916,842358366919280568,98,55,46292796000000,2026-09-10T12:25:22.204162+00:00,interpolated,6.860000029206276,-33.320000141859055,-9.730000041425228
48.949875086,842358366919280568,842358366919280568,98,56,46292796000000,2026-09-10T12:25:22.204162+00:00,interpolated,8.330000035464764,-38.64000016450882,-10.150000043213367
48.968764281,842358366938169763,842358368014853880,101,0,46293906000000,2026-09-10T12:25:23.315923+00:00,interpolated,10.570000045001507,-41.44000017642975,-11.970000050961971
48.987653476,842358366957058958,842358368014853880,101,1,46293906000000,2026-09-10T12:25:23.315923+00:00,interpolated,10.22000004351139,-45.710000194609165,-14.000000059604645
49.006542671,842358366975948153,842358368014853880,101,2,46293906000000,2026-09-10T12:25:23.315923+00:00,interpolated,10.290000043809414,-54.46000023186207,-12.180000051856041
49.025431866,842358366994837348,842358368014853880,101,3,46293906000000,2026-09-10T12:25:23.315923+00:00,interpolated,11.760000050067902,-68.39000029116869,-9.030000038444996
49.044321061,842358367013726543,842358368014853880,101,4,46293906000000,2026-09-10T12:25:23.315923+00:00,interpolated,11.760000050067902,-79.24000033736229,-10.920000046491623
49.063210256,842358367032615738,842358368014853880,101,5,46293906000000,2026-09-10T12:25:23.315923+00:00,interpolated,6.51000002771616,-82.32000035047531,-18.620000079274178
49.082099451,842358367051504933,842358368014853880,101,6,46293906000000,2026-09-10T12:25:23.315923+00:00,interpolated,4.760000020265579,-83.5100003555417,-25.550000108778477
49.100988646,842358367070394128,842358368014853880,101,7,46293906000000,2026-09-10T12:25:23.315923+00:00,interpolated,10.64000004529953,-94.08000040054321,-28.980000123381615
49.119877841,842358367089283323,842358368014853880,101,8,46293906000000,2026-09-10T12:25:23.315923+00:00,interpolated,20.44000008702278,-109.55000046640635,-27.090000115334988
49.138767036,842358367108172518,842358368014853880,101,9,46293906000000,2026-09-10T12:25:23.315923+00:00,interpolated,28.91000012308359,-120.96000051498413,-18.6900000795722
49.157656231,842358367127061713,842358368014853880,101,10,46293906000000,2026-09-10T12:25:23.315923+00:00,interpolated,26.810000114142895,-122.71000052243471,-14.56000006198883
49.176545426,842358367145950908,842358368014853880,101,11,46293906000000,2026-09-10T12:25:23.315923+00:00,interpolated,20.65000008791685,-117.11000049859285,-16.380000069737434
49.195434621,842358367164840103,842358368014853880,101,12,46293906000000,2026-09-10T12:25:23.315923+00:00,interpolated,18.200000077486038,-108.85000046342611,-19.32000008225441
49.214323816,842358367183729298,842358368014853880,101,13,46293906000000,2026-09-10T12:25:23.315923+00:00,interpolated,17.15000007301569,-108.15000046044588,-21.420000091195107
49.233213012,842358367202618494,842358368014853880,101,14,46293906000000,2026-09-10T12:25:23.315923+00:00,interpolated,16.03000006824732,-109.97000046819448,-21.91000009328127
49.252102207,842358367221507689,842358368014853880,101,15,46293906000000,2026-09-10T12:25:23.315923+00:00,interpolated,18.06000007688999,-111.72000047564507,-19.460000082850456
49.270991402,842358367240396884,842358368014853880,101,16,46293906000000,2026-09-10T12:25:23.315923+00:00,interpolated,21.770000092685223,-113.47000048309565,-13.510000057518482
49.289880597,842358367259286079,842358368014853880,101,17,46293906000000,2026-09-10T12:25:23.315923+00:00,interpolated,23.170000098645687,-114.80000048875809,-7.700000032782555
49.308769792,842358367278175274,842358368014853880,101,18,46293906000000,2026-09-10T12:25:23.315923+00:00,interpolated,22.050000093877316,-114.520000487566,-3.9200000166893005
49.327658987,842358367297064469,842358368014853880,101,19,46293906000000,2026-09-10T12:25:23.315923+00:00,interpolated,18.550000078976154,-109.20000046491623,-0.49000000208616257
49.346548182,842358367315953664,842358368014853880,101,20,46293906000000,2026-09-10T12:25:23.315923+00:00,interpolated,14.910000063478947,-97.86000041663647,3.0100000128149986
49.365437377,842358367334842859,842358368014853880,101,21,46293906000000,2026-09-10T12:25:23.315923+00:00,interpolated,9.590000040829182,-83.16000035405159,5.810000024735928
49.384326572,842358367353732054,842358368014853880,101,22,46293906000000,2026-09-10T12:25:23.315923+00:00,interpolated,3.6400000154972076,-67.90000028908253,6.370000027120113
49.403215767,842358367372621249,842358368014853880,101,23,46293906000000,2026-09-10T12:25:23.315923+00:00,interpolated,2.450000010430813,-54.250000230968,7.280000030994415
49.422104962,842358367391510444,842358368014853880,101,24,46293906000000,2026-09-10T12:25:23.315923+00:00,interpolated,5.320000022649765,-45.080000191926956,10.150000043213367
49.440994157,842358367410399639,842358368014853880,101,25,46293906000000,2026-09-10T12:25:23.315923+00:00,interpolated,7.420000031590462,-40.18000017106533,11.830000050365925
49.459883352,842358367429288834,842358368014853880,101,26,46293906000000,2026-09-10T12:25:23.315923+00:00,interpolated,9.310000039637089,-40.46000017225742,12.180000051856041
49.478772547,842358367448178029,842358368014853880,101,27,46293906000000,2026-09-10T12:25:23.315923+00:00,interpolated,10.710000045597553,-43.68000018596649,12.250000052154064
49.497661742,842358367467067224,842358368014853880,101,28,46293906000000,2026-09-10T12:25:23.315923+00:00,interpolated,11.130000047385693,-47.3200002014637,11.340000048279762
49.516550937,842358367485956419,842358368014853880,101,29,46293906000000,2026-09-10T12:25:23.315923+00:00,interpolated,10.500000044703484,-51.10000021755695,10.290000043809414
49.535440132,842358367504845614,842358368014853880,101,30,46293906000000,2026-09-10T12:25:23.315923+00:00,interpolated,10.290000043809414,-55.020000234246254,10.570000045001507
49.554329327,842358367523734809,842358368014853880,101,31,46293906000000,2026-09-10T12:25:23.315923+00:00,interpolated,11.340000048279762,-57.82000024616718,12.39000005275011
49.573218522,842358367542624004,842358368014853880,101,32,46293906000000,2026-09-10T12:25:23.315923+00:00,interpolated,13.23000005632639,-58.310000248253345,15.19000006467104
49.592107717,842358367561513199,842358368014853880,101,33,46293906000000,2026-09-10T12:25:23.315923+00:00,interpolated,15.260000064969063,-57.260000243783,17.36000007390976
49.610996912,842358367580402394,842358368014853880,101,34,46293906000000,2026-09-10T12:25:23.315923+00:00,interpolated,16.73000007122755,-55.37000023573637,18.06000007688999
49.629886107,842358367599291589,842358368014853880,101,35,46293906000000,2026-09-10T12:25:23.315923+00:00,interpolated,18.550000078976154,-54.250000230968,18.200000077486038
49.648775302,842358367618180784,842358368014853880,101,36,46293906000000,2026-09-10T12:25:23.315923+00:00,interpolated,20.300000086426735,-54.11000023037195,19.600000083446503
49.667664497,842358367637069979,842358368014853880,101,37,46293906000000,2026-09-10T12:25:23.315923+00:00,interpolated,21.840000092983246,-54.67000023275614,21.630000092089176
49.686553692,842358367655959174,842358368014853880,101,38,46293906000000,2026-09-10T12:25:23.315923+00:00,interpolated,23.170000098645687,-54.46000023186207,23.310000099241734
49.705442887,842358367674848369,842358368014853880,101,39,46293906000000,2026-09-10T12:25:23.315923+00:00,interpolated,23.940000101923943,-51.10000021755695,24.29000010341406
49.724332082,842358367693737564,842358368014853880,101,40,46293906000000,2026-09-10T12:25:23.315923+00:00,interpolated,24.150000102818012,-46.06000019609928,25.270000107586384
49.743221277,842358367712626759,842358368014853880,101,41,46293906000000,2026-09-10T12:25:23.315923+00:00,interpolated,23.730000101029873,-42.56000018119812,25.760000109672546
49.762110472,842358367731515954,842358368014853880,101,42,46293906000000,2026-09-10T12:25:23.315923+00:00,interpolated,23.380000099539757,-41.02000017464161,26.320000112056732
49.780999668,842358367750405150,842358368014853880,101,43,46293906000000,2026-09-10T12:25:23.315923+00:00,interpolated,24.220000103116035,-40.60000017285347,28.00000011920929
49.799888863,842358367769294345,842358368014853880,101,44,46293906000000,2026-09-10T12:25:23.315923+00:00,interpolated,25.690000109374523,-41.02000017464161,30.80000013113022
49.818778058,842358367788183540,842358368014853880,101,45,46293906000000,2026-09-10T12:25:23.315923+00:00,interpolated,26.04000011086464,-42.63000018149614,32.900000140070915
49.837667253,842358367807072735,842358368014853880,101,46,46293906000000,2026-09-10T12:25:23.315923+00:00,interpolated,24.710000105202198,-44.10000018775463,33.110000140964985
49.856556448,842358367825961930,842358368014853880,101,47,46293906000000,2026-09-10T12:25:23.315923+00:00,interpolated,23.520000100135803,-42.420000180602074,32.83000013977289
49.875445643,842358367844851125,842358368014853880,101,48,46293906000000,2026-09-10T12:25:23.315923+00:00,interpolated,23.590000100433826,-39.620000168681145,32.62000013887882
49.894334838,842358367863740320,842358368014853880,101,49,46293906000000,2026-09-10T12:25:23.315923+00:00,interpolated,23.590000100433826,-35.070000149309635,32.76000013947487
49.913224033,842358367882629515,842358368014853880,101,50,46293906000000,2026-09-10T12:25:23.315923+00:00,interpolated,23.66000010073185,-28.350000120699406,32.76000013947487
49.932113228,842358367901518710,842358368014853880,101,51,46293906000000,2026-09-10T12:25:23.315923+00:00,interpolated,24.08000010251999,-21.770000092685223,33.88000014424324
49.951002423,842358367920407905,842358368014853880,101,52,46293906000000,2026-09-10T12:25:23.315923+00:00,interpolated,24.640000104904175,-16.870000071823597,37.030000157654285
49.969891618,842358367939297100,842358368014853880,101,53,46293906000000,2026-09-10T12:25:23.315923+00:00,interpolated,20.370000086724758,-11.270000047981739,38.01000016182661
49.988780813,842358367958186295,842358368014853880,101,54,46293906000000,2026-09-10T12:25:23.315923+00:00,interpolated,7.210000030696392,-4.690000019967556,33.950000144541264
50.007670008,842358367977075490,842358368014853880,101,55,46293906000000,2026-09-10T12:25:23.315923+00:00,interpolated,-10.570000045001507,-1.9600000083446503,29.470000125467777
50.026559203,842358367995964685,842358368014853880,101,56,46293906000000,2026-09-10T12:25:23.315923+00:00,interpolated,-25.760000109672546,-6.30000002682209,29.75000012665987
50.045448398,842358368014853880,842358368014853880,101,57,46293906000000,2026-09-10T12:25:23.315923+00:00,interpolated,-30.59000013023615,-15.820000067353249,31.640000134706497
50.064338023,842358368033743505,842358369148231364,104,0,46295062000000,2026-09-10T12:25:24.483775+00:00,interpolated,-26.600000113248825,-26.67000011354685,27.37000011652708
50.083227647,842358368052633129,842358369148231364,104,1,46295062000000,2026-09-10T12:25:24.483775+00:00,interpolated,-31.150000132620335,-41.3000001758337,18.410000078380108
50.102117272,842358368071522754,842358369148231364,104,2,46295062000000,2026-09-10T12:25:24.483775+00:00,interpolated,-42.35000018030405,-65.31000027805567,8.89000003784895
50.121006897,842358368090412379,842358369148231364,104,3,46295062000000,2026-09-10T12:25:24.483775+00:00,interpolated,-48.86000020802021,-89.46000038087368,3.0100000128149986
50.139896522,842358368109302004,842358369148231364,104,4,46295062000000,2026-09-10T12:25:24.483775+00:00,interpolated,-42.70000018179417,-103.95000044256449,2.7300000116229057
50.158786146,842358368128191628,842358369148231364,104,5,46295062000000,2026-09-10T12:25:24.483775+00:00,interpolated,-28.21000012010336,-106.96000045537949,2.7300000116229057
50.177675771,842358368147081253,842358369148231364,104,6,46295062000000,2026-09-10T12:25:24.483775+00:00,interpolated,-13.930000059306622,-98.35000041872263,3.710000015795231
50.196565396,842358368165970878,842358369148231364,104,7,46295062000000,2026-09-10T12:25:24.483775+00:00,interpolated,-4.690000019967556,-91.00000038743019,2.3800000101327896
50.215455021,842358368184860503,842358369148231364,104,8,46295062000000,2026-09-10T12:25:24.483775+00:00,interpolated,0.9100000038743019,-84.77000036090612,0.14000000059604645
50.234344645,842358368203750127,842358369148231364,104,9,46295062000000,2026-09-10T12:25:24.483775+00:00,interpolated,2.520000010728836,-81.34000034630299,-3.150000013411045
50.25323427,842358368222639752,842358369148231364,104,10,46295062000000,2026-09-10T12:25:24.483775+00:00,interpolated,1.6100000068545341,-82.32000035047531,-7.560000032186508
50.272123895,842358368241529377,842358369148231364,104,11,46295062000000,2026-09-10T12:25:24.483775+00:00,interpolated,-1.7500000074505806,-87.50000037252903,-10.710000045597553
50.29101352,842358368260419002,842358369148231364,104,12,46295062000000,2026-09-10T12:25:24.483775+00:00,interpolated,-6.370000027120113,-94.29000040143728,-12.110000051558018
50.309903144,842358368279308626,842358369148231364,104,13,46295062000000,2026-09-10T12:25:24.483775+00:00,interpolated,-10.500000044703484,-100.3800004273653,-13.23000005632639
50.328792769,842358368298198251,842358369148231364,104,14,46295062000000,2026-09-10T12:25:24.483775+00:00,interpolated,-16.660000070929527,-97.58000041544437,-15.19000006467104
50.347682394,842358368317087876,842358369148231364,104,15,46295062000000,2026-09-10T12:25:24.483775+00:00,interpolated,-23.520000100135803,-83.16000035405159,-18.410000078380108
50.366572018,842358368335977500,842358369148231364,104,16,46295062000000,2026-09-10T12:25:24.483775+00:00,interpolated,-23.66000010073185,-65.59000027924776,-19.11000008136034
50.385461643,842358368354867125,842358369148231364,104,17,46295062000000,2026-09-10T12:25:24.483775+00:00,interpolated,-19.74000008404255,-47.39000020176172,-15.820000067353249
50.404351268,842358368373756750,842358369148231364,104,18,46295062000000,2026-09-10T12:25:24.483775+00:00,interpolated,-14.140000060200691,-29.470000125467777,-10.64000004529953
50.423240893,842358368392646375,842358369148231364,104,19,46295062000000,2026-09-10T12:25:24.483775+00:00,interpolated,-7.840000033378601,-13.440000057220459,-5.110000021755695
50.442130517,842358368411535999,842358369148231364,104,20,46295062000000,2026-09-10T12:25:24.483775+00:00,interpolated,-0.8400000035762787,-1.6800000071525574,0.49000000208616257
50.461020142,842358368430425624,842358369148231364,104,21,46295062000000,2026-09-10T12:25:24.483775+00:00,interpolated,4.760000020265579,2.800000011920929,4.5500000193715096
50.479909767,842358368449315249,842358369148231364,104,22,46295062000000,2026-09-10T12:25:24.483775+00:00,interpolated,5.320000022649765,-1.4000000059604645,4.970000021159649
50.498799392,842358368468204874,842358369148231364,104,23,46295062000000,2026-09-10T12:25:24.483775+00:00,interpolated,0.3500000014901161,-12.460000053048134,2.450000010430813
50.517689016,842358368487094498,842358369148231364,104,24,46295062000000,2026-09-10T12:25:24.483775+00:00,interpolated,-6.580000028014183,-24.430000104010105,-1.0500000044703484
50.536578641,842358368505984123,842358369148231364,104,25,46295062000000,2026-09-10T12:25:24.483775+00:00,interpolated,-12.250000052154064,-31.430000133812428,-4.620000019669533
50.555468266,842358368524873748,842358369148231364,104,26,46295062000000,2026-09-10T12:25:24.483775+00:00,interpolated,-16.03000006824732,-38.780000165104866,-7.000000029802322
50.574357891,842358368543763373,842358369148231364,104,27,46295062000000,2026-09-10T12:25:24.483775+00:00,interpolated,-20.16000008583069,-47.60000020265579,-11.620000049471855
50.593247515,842358368562652997,842358369148231364,104,28,46295062000000,2026-09-10T12:25:24.483775+00:00,interpolated,-25.970000110566616,-49.35000021010637,-20.86000008881092
50.61213714,842358368581542622,842358369148231364,104,29,46295062000000,2026-09-10T12:25:24.483775+00:00,interpolated,-24.360000103712082,-45.43000019341707,-27.860000118613243
50.631026765,842358368600432247,842358369148231364,104,30,46295062000000,2026-09-10T12:25:24.483775+00:00,interpolated,-17.080000072717667,-43.540000185370445,-28.00000011920929
50.649916389,842358368619321871,842358369148231364,104,31,46295062000000,2026-09-10T12:25:24.483775+00:00,interpolated,-13.23000005632639,-43.4000001847744,-26.530000112950802
50.668806014,842358368638211496,842358369148231364,104,32,46295062000000,2026-09-10T12:25:24.483775+00:00,interpolated,-15.19000006467104,-42.84000018239021,-28.280000120401382
50.687695639,842358368657101121,842358369148231364,104,33,46295062000000,2026-09-10T12:25:24.483775+00:00,interpolated,-14.350000061094761,-38.92000016570091,-31.990000136196613
50.706585264,842358368675990746,842358369148231364,104,34,46295062000000,2026-09-10T12:25:24.483775+00:00,interpolated,-9.030000038444996,-29.260000124573708,-34.650000147521496
50.725474888,842358368694880370,842358369148231364,104,35,46295062000000,2026-09-10T12:25:24.483775+00:00,interpolated,1.0500000044703484,-13.930000059306622,-35.77000015228987
50.744364513,842358368713769995,842358369148231364,104,36,46295062000000,2026-09-10T12:25:24.483775+00:00,interpolated,13.02000005543232,-0.49000000208616257,-32.5500001385808
50.763254138,842358368732659620,842358369148231364,104,37,46295062000000,2026-09-10T12:25:24.483775+00:00,interpolated,18.760000079870224,4.34000001847744,-28.42000012099743
50.782143763,842358368751549245,842358369148231364,104,38,46295062000000,2026-09-10T12:25:24.483775+00:00,interpolated,16.660000070929527,2.3800000101327896,-26.810000114142895
50.801033387,842358368770438869,842358369148231364,104,39,46295062000000,2026-09-10T12:25:24.483775+00:00,interpolated,10.8500000461936,1.8200000077486038,-27.37000011652708
50.819923012,842358368789328494,842358369148231364,104,40,46295062000000,2026-09-10T12:25:24.483775+00:00,interpolated,6.650000028312206,5.320000022649765,-27.020000115036964
50.838812637,842358368808218119,842358369148231364,104,41,46295062000000,2026-09-10T12:25:24.483775+00:00,interpolated,6.7200000286102295,10.080000042915344,-26.04000011086464
50.857702262,842358368827107744,842358369148231364,104,42,46295062000000,2026-09-10T12:25:24.483775+00:00,interpolated,5.110000021755695,11.550000049173832,-24.920000106096268
50.876591886,842358368845997368,842358369148231364,104,43,46295062000000,2026-09-10T12:25:24.483775+00:00,interpolated,-0.07000000029802322,10.360000044107437,-26.810000114142895
50.895481511,842358368864886993,842358369148231364,104,44,46295062000000,2026-09-10T12:25:24.483775+00:00,interpolated,-2.240000009536743,8.610000036656857,-28.42000012099743
50.914371136,842358368883776618,842358369148231364,104,45,46295062000000,2026-09-10T12:25:24.483775+00:00,interpolated,-0.7000000029802322,10.150000043213367,-28.6300001218915
50.93326076,842358368902666242,842358369148231364,104,46,46295062000000,2026-09-10T12:25:24.483775+00:00,interpolated,3.5700000151991844,14.840000063180923,-30.17000012844801
50.952150385,842358368921555867,842358369148231364,104,47,46295062000000,2026-09-10T12:25:24.483775+00:00,interpolated,9.380000039935112,18.970000080764294,-30.940000131726265
50.97104001,842358368940445492,842358369148231364,104,48,46295062000000,2026-09-10T12:25:24.483775+00:00,interpolated,11.410000048577785,20.580000087618828,-29.050000123679638
50.989929635,842358368959335117,842358369148231364,104,49,46295062000000,2026-09-10T12:25:24.483775+00:00,interpolated,13.510000057518482,21.630000092089176,-26.180000111460686
51.008819259,842358368978224741,842358369148231364,104,50,46295062000000,2026-09-10T12:25:24.483775+00:00,interpolated,18.200000077486038,23.380000099539757,-23.520000100135803
51.027708884,842358368997114366,842358369148231364,104,51,46295062000000,2026-09-10T12:25:24.483775+00:00,interpolated,20.510000087320805,21.28000009059906,-23.380000099539757
51.046598509,842358369016003991,842358369148231364,104,52,46295062000000,2026-09-10T12:25:24.483775+00:00,interpolated,21.07000008970499,15.820000067353249,-24.640000104904175
51.065488134,842358369034893616,842358369148231364,104,53,46295062000000,2026-09-10T12:25:24.483775+00:00,interpolated,23.940000101923943,8.750000037252903,-23.87000010162592
51.084377758,842358369053783240,842358369148231364,104,54,46295062000000,2026-09-10T12:25:24.483775+00:00,interpolated,24.99000010639429,-0.14000000059604645,-22.6100000962615
51.103267383,842358369072672865,842358369148231364,104,55,46295062000000,2026-09-10T12:25:24.483775+00:00,interpolated,24.010000102221966,-6.51000002771616,-24.850000105798244
51.122157008,842358369091562490,842358369148231364,104,56,46295062000000,2026-09-10T12:25:24.483775+00:00,interpolated,20.930000089108944,-13.02000005543232,-31.71000013500452
51.141046633,842358369110452115,842358369148231364,104,57,46295062000000,2026-09-10T12:25:24.483775+00:00,interpolated,16.31000006943941,-24.360000103712082,-37.240000158548355
51.159936257,842358369129341739,842358369148231364,104,58,46295062000000,2026-09-10T12:25:24.483775+00:00,interpolated,12.110000051558018,-31.71000013500452,-38.570000164210796
51.178825882,842358369148231364,842358369148231364,104,59,46295062000000,2026-09-10T12:25:24.483775+00:00,interpolated,13.440000057220459,-33.60000014305115,-34.58000014722347
51.197715453,842358369167120935,842358370224936922,107,0,46296265000000,2026-09-10T12:25:25.683781+00:00,interpolated,15.960000067949295,-30.450000129640102,-27.37000011652708
51.216605024,842358369186010506,842358370224936922,107,1,46296265000000,2026-09-10T12:25:25.683781+00:00,interpolated,16.73000007122755,-25.41000010818243,-20.23000008612871
51.235494596,842358369204900078,842358370224936922,107,2,46296265000000,2026-09-10T12:25:25.683781+00:00,interpolated,13.860000059008598,-22.40000009536743,-15.540000066161156
51.254384167,842358369223789649,842358370224936922,107,3,46296265000000,2026-09-10T12:25:25.683781+00:00,interpolated,9.660000041127205,-20.090000085532665,-13.790000058710575
51.273273738,842358369242679220,842358370224936922,107,4,46296265000000,2026-09-10T12:25:25.683781+00:00,interpolated,6.160000026226044,-20.790000088512897,-14.700000062584877
51.292163309,842358369261568791,842358370224936922,107,5,46296265000000,2026-09-10T12:25:25.683781+00:00,interpolated,0.49000000208616257,-27.510000117123127,-21.140000090003014
51.31105288,842358369280458362,842358370224936922,107,6,46296265000000,2026-09-10T12:25:25.683781+00:00,interpolated,-5.4600000232458115,-41.02000017464161,-30.59000013023615
51.329942452,842358369299347934,842358370224936922,107,7,46296265000000,2026-09-10T12:25:25.683781+00:00,interpolated,-11.970000050961971,-47.81000020354986,-32.06000013649464
51.348832023,842358369318237505,842358370224936922,107,8,46296265000000,2026-09-10T12:25:25.683781+00:00,interpolated,-7.700000032782555,-37.10000015795231,-23.03000009804964
51.367721594,842358369337127076,842358370224936922,107,9,46296265000000,2026-09-10T12:25:25.683781+00:00,interpolated,6.580000028014183,-13.23000005632639,-11.550000049173832
51.386611165,842358369356016647,842358370224936922,107,10,46296265000000,2026-09-10T12:25:25.683781+00:00,interpolated,10.710000045597553,8.190000034868717,-5.320000022649765
51.405500736,842358369374906218,842358370224936922,107,11,46296265000000,2026-09-10T12:25:25.683781+00:00,interpolated,1.9600000083446503,17.850000075995922,-7.560000032186508
51.424390308,842358369393795790,842358370224936922,107,12,46296265000000,2026-09-10T12:25:25.683781+00:00,interpolated,-0.7000000029802322,18.970000080764294,-10.710000045597553
51.443279879,842358369412685361,842358370224936922,107,13,46296265000000,2026-09-10T12:25:25.683781+00:00,interpolated,4.270000018179417,16.870000071823597,-11.900000050663948
51.46216945,842358369431574932,842358370224936922,107,14,46296265000000,2026-09-10T12:25:25.683781+00:00,interpolated,7.630000032484531,14.000000059604645,-11.620000049471855
51.481059021,842358369450464503,842358370224936922,107,15,46296265000000,2026-09-10T12:25:25.683781+00:00,interpolated,2.1000000089406967,5.110000021755695,-14.070000059902668
51.499948592,842358369469354074,842358370224936922,107,16,46296265000000,2026-09-10T12:25:25.683781+00:00,interpolated,-3.150000013411045,-8.330000035464764,-18.6900000795722
51.518838163,842358369488243645,842358370224936922,107,17,46296265000000,2026-09-10T12:25:25.683781+00:00,interpolated,-3.430000014603138,-11.620000049471855,-20.300000086426735
51.537727735,842358369507133217,842358370224936922,107,18,46296265000000,2026-09-10T12:25:25.683781+00:00,interpolated,-2.0300000086426735,-5.880000025033951,-19.32000008225441
51.556617306,842358369526022788,842358370224936922,107,19,46296265000000,2026-09-10T12:25:25.683781+00:00,interpolated,-4.900000020861626,7.070000030100346,-18.27000007778406
51.575506877,842358369544912359,842358370224936922,107,20,46296265000000,2026-09-10T12:25:25.683781+00:00,interpolated,-14.140000060200691,17.500000074505806,-20.510000087320805
51.594396448,842358369563801930,842358370224936922,107,21,46296265000000,2026-09-10T12:25:25.683781+00:00,interpolated,-15.19000006467104,20.090000085532665,-22.050000093877316
51.613286019,842358369582691501,842358370224936922,107,22,46296265000000,2026-09-10T12:25:25.683781+00:00,interpolated,-14.070000059902668,21.000000089406967,-23.730000101029873
51.632175591,842358369601581073,842358370224936922,107,23,46296265000000,2026-09-10T12:25:25.683781+00:00,interpolated,-12.81000005453825,23.520000100135803,-26.320000112056732
51.651065162,842358369620470644,842358370224936922,107,24,46296265000000,2026-09-10T12:25:25.683781+00:00,interpolated,-9.940000042319298,27.720000118017197,-28.91000012308359
51.669954733,842358369639360215,842358370224936922,107,25,46296265000000,2026-09-10T12:25:25.683781+00:00,interpolated,-5.180000022053719,30.240000128746033,-29.96000012755394
51.688844304,842358369658249786,842358370224936922,107,26,46296265000000,2026-09-10T12:25:25.683781+00:00,interpolated,0.2800000011920929,27.720000118017197,-31.430000133812428
51.707733875,842358369677139357,842358370224936922,107,27,46296265000000,2026-09-10T12:25:25.683781+00:00,interpolated,1.890000008046627,22.6100000962615,-34.09000014513731
51.726623447,842358369696028929,842358370224936922,107,28,46296265000000,2026-09-10T12:25:25.683781+00:00,interpolated,1.1900000050663948,19.040000081062317,-35.21000014990568
51.745513018,842358369714918500,842358370224936922,107,29,46296265000000,2026-09-10T12:25:25.683781+00:00,interpolated,1.1200000047683716,13.720000058412552,-36.54000015556812
51.764402589,842358369733808071,842358370224936922,107,30,46296265000000,2026-09-10T12:25:25.683781+00:00,interpolated,3.430000014603138,13.370000056922436,-38.92000016570091
51.78329216,842358369752697642,842358370224936922,107,31,46296265000000,2026-09-10T12:25:25.683781+00:00,interpolated,7.000000029802322,20.020000085234642,-40.950000174343586
51.802181731,842358369771587213,842358370224936922,107,32,46296265000000,2026-09-10T12:25:25.683781+00:00,interpolated,10.22000004351139,31.360000133514404,-40.11000017076731
51.821071303,842358369790476785,842358370224936922,107,33,46296265000000,2026-09-10T12:25:25.683781+00:00,interpolated,10.64000004529953,36.54000015556812,-35.700000151991844
51.839960874,842358369809366356,842358370224936922,107,34,46296265000000,2026-09-10T12:25:25.683781+00:00,interpolated,9.100000038743019,32.97000014036894,-31.570000134408474
51.858850445,842358369828255927,842358370224936922,107,35,46296265000000,2026-09-10T12:25:25.683781+00:00,interpolated,9.100000038743019,28.00000011920929,-27.230000115931034
51.877740016,842358369847145498,842358370224936922,107,36,46296265000000,2026-09-10T12:25:25.683781+00:00,interpolated,9.800000041723251,28.700000122189522,-22.540000095963478
51.896629587,842358369866035069,842358370224936922,107,37,46296265000000,2026-09-10T12:25:25.683781+00:00,interpolated,9.870000042021275,34.860000148415565,-17.99000007659197
51.915519159,842358369884924641,842358370224936922,107,38,46296265000000,2026-09-10T12:25:25.683781+00:00,interpolated,7.210000030696392,40.18000017106533,-14.350000061094761
51.93440873,842358369903814212,842358370224936922,107,39,46296265000000,2026-09-10T12:25:25.683781+00:00,interpolated,7.280000030994415,38.43000016361475,-11.200000047683716
51.953298301,842358369922703783,842358370224936922,107,40,46296265000000,2026-09-10T12:25:25.683781+00:00,interpolated,11.690000049769878,37.870000161230564,-7.280000030994415
51.972187872,842358369941593354,842358370224936922,107,41,46296265000000,2026-09-10T12:25:25.683781+00:00,interpolated,13.300000056624413,41.44000017642975,-2.450000010430813
51.991077443,842358369960482925,842358370224936922,107,42,46296265000000,2026-09-10T12:25:25.683781+00:00,interpolated,12.670000053942204,45.85000019520521,2.520000010728836
52.009967014,842358369979372496,842358370224936922,107,43,46296265000000,2026-09-10T12:25:25.683781+00:00,interpolated,10.710000045597553,45.43000019341707,7.840000033378601
52.028856586,842358369998262068,842358370224936922,107,44,46296265000000,2026-09-10T12:25:25.683781+00:00,interpolated,9.590000040829182,51.87000022083521,15.19000006467104
52.047746157,842358370017151639,842358370224936922,107,45,46296265000000,2026-09-10T12:25:25.683781+00:00,interpolated,6.650000028312206,56.0700002387166,23.590000100433826
52.066635728,842358370036041210,842358370224936922,107,46,46296265000000,2026-09-10T12:25:25.683781+00:00,interpolated,1.1900000050663948,57.82000024616718,30.520000129938126
52.085525299,842358370054930781,842358370224936922,107,47,46296265000000,2026-09-10T12:25:25.683781+00:00,interpolated,-5.880000025033951,48.300000205636024,33.60000014305115
52.10441487,842358370073820352,842358370224936922,107,48,46296265000000,2026-09-10T12:25:25.683781+00:00,interpolated,-8.89000003784895,36.05000015348196,35.14000014960766
52.123304442,842358370092709924,842358370224936922,107,49,46296265000000,2026-09-10T12:25:25.683781+00:00,interpolated,-10.010000042617321,25.060000106692314,36.33000015467405
52.142194013,842358370111599495,842358370224936922,107,50,46296265000000,2026-09-10T12:25:25.683781+00:00,interpolated,-11.200000047683716,14.210000060498714,39.06000016629696
52.161083584,842358370130489066,842358370224936922,107,51,46296265000000,2026-09-10T12:25:25.683781+00:00,interpolated,-11.270000047981739,8.820000037550926,44.94000019133091
52.179973155,842358370149378637,842358370224936922,107,52,46296265000000,2026-09-10T12:25:25.683781+00:00,interpolated,-12.880000054836273,8.89000003784895,51.94000022113323
52.198862726,842358370168268208,842358370224936922,107,53,46296265000000,2026-09-10T12:25:25.683781+00:00,interpolated,-15.960000067949295,14.420000061392784,58.87000025063753
52.217752298,842358370187157780,842358370224936922,107,54,46296265000000,2026-09-10T12:25:25.683781+00:00,interpolated,-19.180000081658363,21.140000090003014,66.290000282228
52.236641869,842358370206047351,842358370224936922,107,55,46296265000000,2026-09-10T12:25:25.683781+00:00,interpolated,-22.190000094473362,23.45000009983778,72.24000030755997
52.25553144,842358370224936922,842358370224936922,107,56,46296265000000,2026-09-10T12:25:25.683781+00:00,interpolated,-25.340000107884407,24.220000103116035,76.44000032544136
52.274421082,842358370243826564,842358371320536172,109,0,46296937000000,2026-09-10T12:25:26.344263+00:00,interpolated,-28.350000120699406,23.100000098347664,80.01000034064054
52.293310724,842358370262716206,842358371320536172,109,1,46296937000000,2026-09-10T12:25:26.344263+00:00,interpolated,-32.270000137388706,20.86000008881092,82.6000003516674
52.312200367,842358370281605849,842358371320536172,109,2,46296937000000,2026-09-10T12:25:26.344263+00:00,interpolated,-36.33000015467405,17.220000073313713,84.49000035971403
52.331090009,842358370300495491,842358371320536172,109,3,46296937000000,2026-09-10T12:25:26.344263+00:00,interpolated,-39.06000016629696,14.140000060200691,86.38000036776066
52.349979651,842358370319385133,842358371320536172,109,4,46296937000000,2026-09-10T12:25:26.344263+00:00,interpolated,-39.69000016897917,11.06000004708767,88.9000003784895
52.368869293,842358370338274775,842358371320536172,109,5,46296937000000,2026-09-10T12:25:26.344263+00:00,interpolated,-38.2900001630187,8.190000034868717,91.84000039100647
52.387758936,842358370357164418,842358371320536172,109,6,46296937000000,2026-09-10T12:25:26.344263+00:00,interpolated,-36.89000015705824,3.9900000169873238,95.27000040560961
52.406648578,842358370376054060,842358371320536172,109,7,46296937000000,2026-09-10T12:25:26.344263+00:00,interpolated,-33.67000014334917,-0.2800000011920929,97.93000041693449
52.42553822,842358370394943702,842358371320536172,109,8,46296937000000,2026-09-10T12:25:26.344263+00:00,interpolated,-28.770000122487545,-5.320000022649765,99.470000423491
52.444427862,842358370413833344,842358371320536172,109,9,46296937000000,2026-09-10T12:25:26.344263+00:00,interpolated,-24.08000010251999,-11.480000048875809,99.96000042557716
52.463317505,842358370432722987,842358371320536172,109,10,46296937000000,2026-09-10T12:25:26.344263+00:00,interpolated,-20.580000087618828,-19.600000083446503,98.77000042051077
52.482207147,842358370451612629,842358371320536172,109,11,46296937000000,2026-09-10T12:25:26.344263+00:00,interpolated,-18.90000008046627,-30.100000128149986,95.13000040501356
52.501096789,842358370470502271,842358371320536172,109,12,46296937000000,2026-09-10T12:25:26.344263+00:00,interpolated,-15.750000067055225,-39.13000016659498,92.26000039279461
52.519986431,842358370489391913,842358371320536172,109,13,46296937000000,2026-09-10T12:25:26.344263+00:00,interpolated,-9.870000042021275,-42.56000018119812,92.26000039279461
52.538876074,842358370508281556,842358371320536172,109,14,46296937000000,2026-09-10T12:25:26.344263+00:00,interpolated,-1.890000008046627,-40.88000017404556,95.27000040560961
52.557765716,842358370527171198,842358371320536172,109,15,46296937000000,2026-09-10T12:25:26.344263+00:00,interpolated,4.480000019073486,-34.72000014781952,97.23000041395426
52.576655358,842358370546060840,842358371320536172,109,16,46296937000000,2026-09-10T12:25:26.344263+00:00,interpolated,7.700000032782555,-27.37000011652708,95.90000040829182
52.595545,842358370564950482,842358371320536172,109,17,46296937000000,2026-09-10T12:25:26.344263+00:00,interpolated,7.9800000339746475,-21.770000092685223,94.3600004017353
52.614434643,842358370583840125,842358371320536172,109,18,46296937000000,2026-09-10T12:25:26.344263+00:00,interpolated,5.880000025033951,-18.830000080168247,93.03000039607286
52.633324285,842358370602729767,842358371320536172,109,19,46296937000000,2026-09-10T12:25:26.344263+00:00,interpolated,5.180000022053719,-17.290000073611736,90.51000038534403
52.652213927,842358370621619409,842358371320536172,109,20,46296937000000,2026-09-10T12:25:26.344263+00:00,interpolated,6.580000028014183,-14.350000061094761,86.10000036656857
52.671103569,842358370640509051,842358371320536172,109,21,46296937000000,2026-09-10T12:25:26.344263+00:00,interpolated,10.010000042617321,-10.010000042617321,80.64000034332275
52.689993212,842358370659398694,842358371320536172,109,22,46296937000000,2026-09-10T12:25:26.344263+00:00,interpolated,13.02000005543232,-3.2200000137090683,74.7600003182888
52.708882854,842358370678288336,842358371320536172,109,23,46296937000000,2026-09-10T12:25:26.344263+00:00,interpolated,16.590000070631504,4.620000019669533,68.67000029236078
52.727772496,842358370697177978,842358371320536172,109,24,46296937000000,2026-09-10T12:25:26.344263+00:00,interpolated,21.560000091791153,13.510000057518482,62.020000264048576
52.746662138,842358370716067620,842358371320536172,109,25,46296937000000,2026-09-10T12:25:26.344263+00:00,interpolated,27.020000115036964,23.730000101029873,53.90000022947788
52.765551781,842358370734957263,842358371320536172,109,26,46296937000000,2026-09-10T12:25:26.344263+00:00,interpolated,32.20000013709068,34.30000014603138,45.99000019580126
52.784441423,842358370753846905,842358371320536172,109,27,46296937000000,2026-09-10T12:25:26.344263+00:00,interpolated,37.80000016093254,42.910000182688236,39.55000016838312
52.803331065,842358370772736547,842358371320536172,109,28,46296937000000,2026-09-10T12:25:26.344263+00:00,interpolated,41.23000017553568,50.40000021457672,34.02000014483929
52.822220707,842358370791626189,842358371320536172,109,29,46296937000000,2026-09-10T12:25:26.344263+00:00,interpolated,42.000000178813934,56.0700002387166,28.350000120699406
52.841110349,842358370810515831,842358371320536172,109,30,46296937000000,2026-09-10T12:25:26.344263+00:00,interpolated,40.950000174343586,60.55000025779009,23.590000100433826
52.859999992,842358370829405474,842358371320536172,109,31,46296937000000,2026-09-10T12:25:26.344263+00:00,interpolated,40.81000017374754,61.81000026315451,20.930000089108944
52.878889634,842358370848295116,842358371320536172,109,32,46296937000000,2026-09-10T12:25:26.344263+00:00,interpolated,42.000000178813934,63.9100002720952,20.370000086724758
52.897779276,842358370867184758,842358371320536172,109,33,46296937000000,2026-09-10T12:25:26.344263+00:00,interpolated,44.380000188946724,71.89000030606985,19.390000082552433
52.916668918,842358370886074400,842358371320536172,109,34,46296937000000,2026-09-10T12:25:26.344263+00:00,interpolated,45.920000195503235,82.18000034987926,15.960000067949295
52.935558561,842358370904964043,842358371320536172,109,35,46296937000000,2026-09-10T12:25:26.344263+00:00,interpolated,49.00000020861626,89.32000038027763,11.690000049769878
52.954448203,842358370923853685,842358371320536172,109,36,46296937000000,2026-09-10T12:25:26.344263+00:00,interpolated,53.62000022828579,88.41000037640333,7.700000032782555
52.973337845,842358370942743327,842358371320536172,109,37,46296937000000,2026-09-10T12:25:26.344263+00:00,interpolated,55.720000237226486,86.10000036656857,1.7500000074505806
52.992227487,842358370961632969,842358371320536172,109,38,46296937000000,2026-09-10T12:25:26.344263+00:00,interpolated,55.230000235140324,84.35000035911798,-8.960000038146973
53.01111713,842358370980522612,842358371320536172,109,39,46296937000000,2026-09-10T12:25:26.344263+00:00,interpolated,51.87000022083521,82.53000035136938,-20.86000008881092
53.030006772,842358370999412254,842358371320536172,109,40,46296937000000,2026-09-10T12:25:26.344263+00:00,interpolated,47.81000020354986,76.51000032573938,-30.38000012934208
53.048896414,842358371018301896,842358371320536172,109,41,46296937000000,2026-09-10T12:25:26.344263+00:00,interpolated,43.47000018507242,64.47000027447939,-39.13000016659498
53.067786056,842358371037191538,842358371320536172,109,42,46296937000000,2026-09-10T12:25:26.344263+00:00,interpolated,39.830000169575214,59.0800002515316,-44.94000019133091
53.086675699,842358371056081181,842358371320536172,109,43,46296937000000,2026-09-10T12:25:26.344263+00:00,interpolated,39.27000016719103,56.49000024050474,-48.58000020682812
53.105565341,842358371074970823,842358371320536172,109,44,46296937000000,2026-09-10T12:25:26.344263+00:00,interpolated,38.71000016480684,54.67000023275614,-53.48000022768974
53.124454983,842358371093860465,842358371320536172,109,45,46296937000000,2026-09-10T12:25:26.344263+00:00,interpolated,40.67000017315149,55.930000238120556,-57.54000024497509
53.143344625,842358371112750107,842358371320536172,109,46,46296937000000,2026-09-10T12:25:26.344263+00:00,interpolated,47.18000020086765,67.34000028669834,-56.00000023841858
53.162234268,842358371131639750,842358371320536172,109,47,46296937000000,2026-09-10T12:25:26.344263+00:00,interpolated,58.03000024706125,91.56000038981438,-50.050000213086605
53.18112391,842358371150529392,842358371320536172,109,48,46296937000000,2026-09-10T12:25:26.344263+00:00,interpolated,68.53000029176474,112.91000048071146,-45.64000019431114
53.200013552,842358371169419034,842358371320536172,109,49,46296937000000,2026-09-10T12:25:26.344263+00:00,interpolated,76.65000032633543,124.95000053197145,-43.89000018686056
53.218903194,842358371188308676,842358371320536172,109,50,46296937000000,2026-09-10T12:25:26.344263+00:00,interpolated,82.95000035315752,131.04000055789948,-43.19000018388033
53.237792837,842358371207198319,842358371320536172,109,51,46296937000000,2026-09-10T12:25:26.344263+00:00,interpolated,85.12000036239624,127.89000054448843,-43.750000186264515
53.256682479,842358371226087961,842358371320536172,109,52,46296937000000,2026-09-10T12:25:26.344263+00:00,interpolated,84.63000036031008,118.1600005030632,-41.44000017642975
53.275572121,842358371244977603,842358371320536172,109,53,46296937000000,2026-09-10T12:25:26.344263+00:00,interpolated,84.9800003618002,104.3000004440546,-36.05000015348196
53.294461763,842358371263867245,842358371320536172,109,54,46296937000000,2026-09-10T12:25:26.344263+00:00,interpolated,82.11000034958124,88.55000037699938,-29.820000126957893
53.313351406,842358371282756888,842358371320536172,109,55,46296937000000,2026-09-10T12:25:26.344263+00:00,interpolated,75.53000032156706,70.98000030219555,-24.360000103712082
53.332241048,842358371301646530,842358371320536172,109,56,46296937000000,2026-09-10T12:25:26.344263+00:00,interpolated,67.8300002887845,55.09000023454428,-21.210000090301037
53.35113069,842358371320536172,842358371320536172,109,57,46296937000000,2026-09-10T12:25:26.344263+00:00,interpolated,62.860000267624855,44.170000188052654,-17.7800000756979
53.370020351,842358371339425833,842358372378357192,112,0,46298062000000,2026-09-10T12:25:27.484096+00:00,interpolated,60.97000025957823,40.11000017076731,-12.81000005453825
53.388910012,842358371358315494,842358372378357192,112,1,46298062000000,2026-09-10T12:25:27.484096+00:00,interpolated,60.20000025629997,41.02000017464161,-6.160000026226044
53.407799673,842358371377205155,842358372378357192,112,2,46298062000000,2026-09-10T12:25:27.484096+00:00,interpolated,59.22000025212765,42.63000018149614,0.9100000038743019
53.426689334,842358371396094816,842358372378357192,112,3,46298062000000,2026-09-10T12:25:27.484096+00:00,interpolated,57.260000243783,43.61000018566847,9.030000038444996
53.445578995,842358371414984477,842358372378357192,112,4,46298062000000,2026-09-10T12:25:27.484096+00:00,interpolated,53.69000022858381,42.000000178813934,15.750000067055225
53.464468656,842358371433874138,842358372378357192,112,5,46298062000000,2026-09-10T12:25:27.484096+00:00,interpolated,52.430000223219395,40.46000017225742,21.140000090003014
53.483358318,842358371452763800,842358372378357192,112,6,46298062000000,2026-09-10T12:25:27.484096+00:00,interpolated,52.71000022441149,37.52000015974045,27.860000118613243
53.502247979,842358371471653461,842358372378357192,112,7,46298062000000,2026-09-10T12:25:27.484096+00:00,interpolated,45.290000192821026,28.490000121295452,35.700000151991844
53.52113764,842358371490543122,842358372378357192,112,8,46298062000000,2026-09-10T12:25:27.484096+00:00,interpolated,28.980000123381615,13.02000005543232,43.330000184476376
53.540027301,842358371509432783,842358372378357192,112,9,46298062000000,2026-09-10T12:25:27.484096+00:00,interpolated,10.64000004529953,-5.320000022649765,48.37000020593405
53.558916962,842358371528322444,842358372378357192,112,10,46298062000000,2026-09-10T12:25:27.484096+00:00,interpolated,-2.0300000086426735,-23.590000100433826,50.890000216662884
53.577806623,842358371547212105,842358372378357192,112,11,46298062000000,2026-09-10T12:25:27.484096+00:00,interpolated,-10.8500000461936,-35.35000015050173,55.37000023573637
53.596696284,842358371566101766,842358372378357192,112,12,46298062000000,2026-09-10T12:25:27.484096+00:00,interpolated,-17.710000075399876,-42.14000017940998,61.25000026077032
53.615585945,842358371584991427,842358372378357192,112,13,46298062000000,2026-09-10T12:25:27.484096+00:00,interpolated,-26.46000011265278,-49.28000020980835,63.700000271201134
53.634475606,842358371603881088,842358372378357192,112,14,46298062000000,2026-09-10T12:25:27.484096+00:00,interpolated,-38.36000016331673,-53.83000022917986,62.37000026553869
53.653365267,842358371622770749,842358372378357192,112,15,46298062000000,2026-09-10T12:25:27.484096+00:00,interpolated,-49.77000021189451,-49.28000020980835,61.39000026136637
53.672254928,842358371641660410,842358372378357192,112,16,46298062000000,2026-09-10T12:25:27.484096+00:00,interpolated,-58.520000249147415,-40.18000017106533,61.25000026077032
53.691144589,842358371660550071,842358372378357192,112,17,46298062000000,2026-09-10T12:25:27.484096+00:00,interpolated,-65.59000027924776,-32.480000138282776,60.41000025719404
53.71003425,842358371679439732,842358372378357192,112,18,46298062000000,2026-09-10T12:25:27.484096+00:00,interpolated,-71.68000030517578,-27.930000118911266,59.50000025331974
53.728923911,842358371698329393,842358372378357192,112,19,46298062000000,2026-09-10T12:25:27.484096+00:00,interpolated,-77.70000033080578,-28.6300001218915,57.68000024557114
53.747813573,842358371717219055,842358372378357192,112,20,46298062000000,2026-09-10T12:25:27.484096+00:00,interpolated,-86.03000036627054,-34.440000146627426,52.78000022470951
53.766703234,842358371736108716,842358372378357192,112,21,46298062000000,2026-09-10T12:25:27.484096+00:00,interpolated,-94.29000040143728,-41.51000017672777,46.06000019609928
53.785592895,842358371754998377,842358372378357192,112,22,46298062000000,2026-09-10T12:25:27.484096+00:00,interpolated,-99.19000042229891,-50.470000214874744,38.71000016480684
53.804482556,842358371773888038,842358372378357192,112,23,46298062000000,2026-09-10T12:25:27.484096+00:00,interpolated,-102.13000043481588,-58.100000247359276,35.490000151097775
53.823372217,842358371792777699,842358372378357192,112,24,46298062000000,2026-09-10T12:25:27.484096+00:00,interpolated,-98.63000041991472,-59.43000025302172,34.02000014483929
53.842261878,842358371811667360,842358372378357192,112,25,46298062000000,2026-09-10T12:25:27.484096+00:00,interpolated,-88.97000037878752,-57.47000024467707,32.900000140070915
53.861151539,842358371830557021,842358372378357192,112,26,46298062000000,2026-09-10T12:25:27.484096+00:00,interpolated,-76.02000032365322,-51.800000220537186,31.360000133514404
53.8800412,842358371849446682,842358372378357192,112,27,46298062000000,2026-09-10T12:25:27.484096+00:00,interpolated,-64.89000027626753,-44.590000189840794,28.560000121593475
53.898930861,842358371868336343,842358372378357192,112,28,46298062000000,2026-09-10T12:25:27.484096+00:00,interpolated,-56.21000023931265,-41.65000017732382,24.08000010251999
53.917820522,842358371887226004,842358372378357192,112,29,46298062000000,2026-09-10T12:25:27.484096+00:00,interpolated,-49.00000020861626,-41.3000001758337,18.620000079274178
53.936710183,842358371906115665,842358372378357192,112,30,46298062000000,2026-09-10T12:25:27.484096+00:00,interpolated,-40.740000173449516,-40.3900001719594,14.210000060498714
53.955599844,842358371925005326,842358372378357192,112,31,46298062000000,2026-09-10T12:25:27.484096+00:00,interpolated,-32.480000138282776,-37.240000158548355,9.730000041425228
53.974489505,842358371943894987,842358372378357192,112,32,46298062000000,2026-09-10T12:25:27.484096+00:00,interpolated,-24.29000010341406,-30.100000128149986,5.530000023543835
53.993379166,842358371962784648,842358372378357192,112,33,46298062000000,2026-09-10T12:25:27.484096+00:00,interpolated,-15.470000065863132,-20.86000008881092,1.8200000077486038
54.012268828,842358371981674310,842358372378357192,112,34,46298062000000,2026-09-10T12:25:27.484096+00:00,interpolated,-7.910000033676624,-12.950000055134296,-2.3800000101327896
54.031158489,842358372000563971,842358372378357192,112,35,46298062000000,2026-09-10T12:25:27.484096+00:00,interpolated,-3.500000014901161,-9.660000041127205,-7.630000032484531
54.05004815,842358372019453632,842358372378357192,112,36,46298062000000,2026-09-10T12:25:27.484096+00:00,interpolated,-1.4700000062584877,-5.670000024139881,-12.110000051558018
54.068937811,842358372038343293,842358372378357192,112,37,46298062000000,2026-09-10T12:25:27.484096+00:00,interpolated,1.0500000044703484,1.890000008046627,-15.120000064373016
54.087827472,842358372057232954,842358372378357192,112,38,46298062000000,2026-09-10T12:25:27.484096+00:00,interpolated,5.110000021755695,10.920000046491623,-18.130000077188015
54.106717133,842358372076122615,842358372378357192,112,39,46298062000000,2026-09-10T12:25:27.484096+00:00,interpolated,10.43000004440546,20.86000008881092,-21.630000092089176
54.125606794,842358372095012276,842358372378357192,112,40,46298062000000,2026-09-10T12:25:27.484096+00:00,interpolated,15.470000065863132,26.25000011175871,-25.060000106692314
54.144496455,842358372113901937,842358372378357192,112,41,46298062000000,2026-09-10T12:25:27.484096+00:00,interpolated,17.920000076293945,25.970000110566616,-27.16000011563301
54.163386116,842358372132791598,842358372378357192,112,42,46298062000000,2026-09-10T12:25:27.484096+00:00,interpolated,17.15000007301569,22.12000009417534,-28.770000122487545
54.182275777,842358372151681259,842358372378357192,112,43,46298062000000,2026-09-10T12:25:27.484096+00:00,interpolated,14.350000061094761,15.40000006556511,-29.890000127255917
54.201165438,842358372170570920,842358372378357192,112,44,46298062000000,2026-09-10T12:25:27.484096+00:00,interpolated,8.190000034868717,7.9800000339746475,-30.87000013142824
54.220055099,842358372189460581,842358372378357192,112,45,46298062000000,2026-09-10T12:25:27.484096+00:00,interpolated,2.3800000101327896,0.7000000029802322,-32.13000013679266
54.23894476,842358372208350242,842358372378357192,112,46,46298062000000,2026-09-10T12:25:27.484096+00:00,interpolated,1.1200000047683716,-5.390000022947788,-33.25000014156103
54.257834421,842358372227239903,842358372378357192,112,47,46298062000000,2026-09-10T12:25:27.484096+00:00,interpolated,1.3300000056624413,-11.970000050961971,-31.360000133514404
54.276724083,842358372246129565,842358372378357192,112,48,46298062000000,2026-09-10T12:25:27.484096+00:00,interpolated,-1.8200000077486038,-19.32000008225441,-25.6200001090765
54.295613744,842358372265019226,842358372378357192,112,49,46298062000000,2026-09-10T12:25:27.484096+00:00,interpolated,-6.51000002771616,-25.6200001090765,-19.600000083446503
54.314503405,842358372283908887,842358372378357192,112,50,46298062000000,2026-09-10T12:25:27.484096+00:00,interpolated,-9.170000039041042,-24.010000102221966,-15.890000067651272
54.333393066,842358372302798548,842358372378357192,112,51,46298062000000,2026-09-10T12:25:27.484096+00:00,interpolated,-8.330000035464764,-11.620000049471855,-12.530000053346157
54.352282727,842358372321688209,842358372378357192,112,52,46298062000000,2026-09-10T12:25:27.484096+00:00,interpolated,-5.670000024139881,2.800000011920929,-9.030000038444996
54.371172388,842358372340577870,842358372378357192,112,53,46298062000000,2026-09-10T12:25:27.484096+00:00,interpolated,-2.1000000089406967,11.200000047683716,-7.210000030696392
54.390062049,842358372359467531,842358372378357192,112,54,46298062000000,2026-09-10T12:25:27.484096+00:00,interpolated,5.600000023841858,12.180000051856041,-7.000000029802322
54.40895171,842358372378357192,842358372378357192,112,55,46298062000000,2026-09-10T12:25:27.484096+00:00,interpolated,6.370000027120113,5.740000024437904,-3.780000016093254
54.427841377,842358372397246859,842358373738413226,116,0,46299562000000,2026-09-10T12:25:28.983646+00:00,interpolated,-4.970000021159649,-2.800000011920929,0.49000000208616257
54.446731044,842358372416136526,842358373738413226,116,1,46299562000000,2026-09-10T12:25:28.983646+00:00,interpolated,-11.06000004708767,-4.900000020861626,4.410000018775463
54.465620711,842358372435026193,842358373738413226,116,2,46299562000000,2026-09-10T12:25:28.983646+00:00,interpolated,-13.23000005632639,0.7000000029802322,5.110000021755695
54.484510379,842358372453915861,842358373738413226,116,3,46299562000000,2026-09-10T12:25:28.983646+00:00,interpolated,-12.320000052452087,5.320000022649765,3.2900000140070915
54.503400046,842358372472805528,842358373738413226,116,4,46299562000000,2026-09-10T12:25:28.983646+00:00,interpolated,-10.150000043213367,7.560000032186508,3.080000013113022
54.522289713,842358372491695195,842358373738413226,116,5,46299562000000,2026-09-10T12:25:28.983646+00:00,interpolated,-8.89000003784895,8.68000003695488,3.150000013411045
54.54117938,842358372510584862,842358373738413226,116,6,46299562000000,2026-09-10T12:25:28.983646+00:00,interpolated,-9.100000038743019,8.610000036656857,4.900000020861626
54.560069047,842358372529474529,842358373738413226,116,7,46299562000000,2026-09-10T12:25:28.983646+00:00,interpolated,-8.960000038146973,10.22000004351139,7.490000031888485
54.578958714,842358372548364196,842358373738413226,116,8,46299562000000,2026-09-10T12:25:28.983646+00:00,interpolated,-11.130000047385693,9.660000041127205,8.400000035762787
54.597848381,842358372567253863,842358373738413226,116,9,46299562000000,2026-09-10T12:25:28.983646+00:00,interpolated,-12.880000054836273,7.910000033676624,7.840000033378601
54.616738049,842358372586143531,842358373738413226,116,10,46299562000000,2026-09-10T12:25:28.983646+00:00,interpolated,-13.23000005632639,4.900000020861626,6.0900000259280205
54.635627716,842358372605033198,842358373738413226,116,11,46299562000000,2026-09-10T12:25:28.983646+00:00,interpolated,-13.650000058114529,2.5900000110268593,4.760000020265579
54.654517383,842358372623922865,842358373738413226,116,12,46299562000000,2026-09-10T12:25:28.983646+00:00,interpolated,-13.300000056624413,2.3800000101327896,4.34000001847744
54.67340705,842358372642812532,842358373738413226,116,13,46299562000000,2026-09-10T12:25:28.983646+00:00,interpolated,-13.090000055730343,1.540000006556511,3.500000014901161
54.692296717,842358372661702199,842358373738413226,116,14,46299562000000,2026-09-10T12:25:28.983646+00:00,interpolated,-12.880000054836273,-0.7000000029802322,2.9400000125169754
54.711186384,842358372680591866,842358373738413226,116,15,46299562000000,2026-09-10T12:25:28.983646+00:00,interpolated,-12.180000051856041,-2.6600000113248825,3.2200000137090683
54.730076051,842358372699481533,842358373738413226,116,16,46299562000000,2026-09-10T12:25:28.983646+00:00,interpolated,-12.60000005364418,-4.620000019669533,2.520000010728836
54.748965719,842358372718371201,842358373738413226,116,17,46299562000000,2026-09-10T12:25:28.983646+00:00,interpolated,-12.81000005453825,-6.650000028312206,1.6100000068545341
54.767855386,842358372737260868,842358373738413226,116,18,46299562000000,2026-09-10T12:25:28.983646+00:00,interpolated,-11.620000049471855,-8.190000034868717,0.7700000032782555
54.786745053,842358372756150535,842358373738413226,116,19,46299562000000,2026-09-10T12:25:28.983646+00:00,interpolated,-10.010000042617321,-9.660000041127205,-0.7000000029802322
54.80563472,842358372775040202,842358373738413226,116,20,46299562000000,2026-09-10T12:25:28.983646+00:00,interpolated,-9.030000038444996,-12.740000054240227,-0.7000000029802322
54.824524387,842358372793929869,842358373738413226,116,21,46299562000000,2026-09-10T12:25:28.983646+00:00,interpolated,-7.490000031888485,-12.740000054240227,0.49000000208616257
54.843414054,842358372812819536,842358373738413226,116,22,46299562000000,2026-09-10T12:25:28.983646+00:00,interpolated,-5.4600000232458115,-7.910000033676624,1.1900000050663948
54.862303721,842358372831709203,842358373738413226,116,23,46299562000000,2026-09-10T12:25:28.983646+00:00,interpolated,-3.6400000154972076,-5.390000022947788,0.630000002682209
54.881193388,842358372850598870,842358373738413226,116,24,46299562000000,2026-09-10T12:25:28.983646+00:00,interpolated,-2.5900000110268593,-6.51000002771616,1.6100000068545341
54.900083056,842358372869488538,842358373738413226,116,25,46299562000000,2026-09-10T12:25:28.983646+00:00,interpolated,-0.630000002682209,-5.250000022351742,3.3600000143051147
54.918972723,842358372888378205,842358373738413226,116,26,46299562000000,2026-09-10T12:25:28.983646+00:00,interpolated,2.0300000086426735,-1.4000000059604645,3.9200000166893005
54.93786239,842358372907267872,842358373738413226,116,27,46299562000000,2026-09-10T12:25:28.983646+00:00,interpolated,3.3600000143051147,-1.0500000044703484,4.270000018179417
54.956752057,842358372926157539,842358373738413226,116,28,46299562000000,2026-09-10T12:25:28.983646+00:00,interpolated,3.9900000169873238,-2.1000000089406967,5.180000022053719
54.975641724,842358372945047206,842358373738413226,116,29,46299562000000,2026-09-10T12:25:28.983646+00:00,interpolated,4.34000001847744,-0.2800000011920929,5.740000024437904
54.994531391,842358372963936873,842358373738413226,116,30,46299562000000,2026-09-10T12:25:28.983646+00:00,interpolated,6.160000026226044,2.3800000101327896,5.110000021755695
55.013421058,842358372982826540,842358373738413226,116,31,46299562000000,2026-09-10T12:25:28.983646+00:00,interpolated,8.26000003516674,3.2200000137090683,3.780000016093254
55.032310726,842358373001716208,842358373738413226,116,32,46299562000000,2026-09-10T12:25:28.983646+00:00,interpolated,10.290000043809414,5.320000022649765,3.080000013113022
55.051200393,842358373020605875,842358373738413226,116,33,46299562000000,2026-09-10T12:25:28.983646+00:00,interpolated,12.530000053346157,8.330000035464764,2.6600000113248825
55.07009006,842358373039495542,842358373738413226,116,34,46299562000000,2026-09-10T12:25:28.983646+00:00,interpolated,13.650000058114529,8.120000034570694,2.3100000098347664
55.088979727,842358373058385209,842358373738413226,116,35,46299562000000,2026-09-10T12:25:28.983646+00:00,interpolated,14.210000060498714,6.30000002682209,2.3100000098347664
55.107869394,842358373077274876,842358373738413226,116,36,46299562000000,2026-09-10T12:25:28.983646+00:00,interpolated,14.98000006377697,7.000000029802322,1.7500000074505806
55.126759061,842358373096164543,842358373738413226,116,37,46299562000000,2026-09-10T12:25:28.983646+00:00,interpolated,16.52000007033348,9.170000039041042,1.3300000056624413
55.145648728,842358373115054210,842358373738413226,116,38,46299562000000,2026-09-10T12:25:28.983646+00:00,interpolated,18.130000077188015,10.500000044703484,0.7700000032782555
55.164538396,842358373133943878,842358373738413226,116,39,46299562000000,2026-09-10T12:25:28.983646+00:00,interpolated,19.53000008314848,10.8500000461936,-0.3500000014901161
55.183428063,842358373152833545,842358373738413226,116,40,46299562000000,2026-09-10T12:25:28.983646+00:00,interpolated,20.090000085532665,10.360000044107437,-1.4700000062584877
55.20231773,842358373171723212,842358373738413226,116,41,46299562000000,2026-09-10T12:25:28.983646+00:00,interpolated,19.460000082850456,8.820000037550926,-1.8200000077486038
55.221207397,842358373190612879,842358373738413226,116,42,46299562000000,2026-09-10T12:25:28.983646+00:00,interpolated,19.460000082850456,6.30000002682209,-1.7500000074505806
55.240097064,842358373209502546,842358373738413226,116,43,46299562000000,2026-09-10T12:25:28.983646+00:00,interpolated,19.32000008225441,3.430000014603138,-2.0300000086426735
55.258986731,842358373228392213,842358373738413226,116,44,46299562000000,2026-09-10T12:25:28.983646+00:00,interpolated,18.200000077486038,-0.630000002682209,-2.9400000125169754
55.277876398,842358373247281880,842358373738413226,116,45,46299562000000,2026-09-10T12:25:28.983646+00:00,interpolated,17.850000075995922,-4.060000017285347,-4.410000018775463
55.296766066,842358373266171548,842358373738413226,116,46,46299562000000,2026-09-10T12:25:28.983646+00:00,interpolated,17.010000072419643,-5.530000023543835,-5.4600000232458115
55.315655733,842358373285061215,842358373738413226,116,47,46299562000000,2026-09-10T12:25:28.983646+00:00,interpolated,17.010000072419643,-6.230000026524067,-5.810000024735928
55.3345454,842358373303950882,842358373738413226,116,48,46299562000000,2026-09-10T12:25:28.983646+00:00,interpolated,17.57000007480383,-6.160000026226044,-6.370000027120113
55.353435067,842358373322840549,842358373738413226,116,49,46299562000000,2026-09-10T12:25:28.983646+00:00,interpolated,17.080000072717667,-7.070000030100346,-7.770000033080578
55.372324734,842358373341730216,842358373738413226,116,50,46299562000000,2026-09-10T12:25:28.983646+00:00,interpolated,15.40000006556511,-10.710000045597553,-9.450000040233135
55.391214401,842358373360619883,842358373738413226,116,51,46299562000000,2026-09-10T12:25:28.983646+00:00,interpolated,13.510000057518482,-14.840000063180923,-10.8500000461936
55.410104068,842358373379509550,842358373738413226,116,52,46299562000000,2026-09-10T12:25:28.983646+00:00,interpolated,12.250000052154064,-17.430000074207783,-12.60000005364418
55.428993736,842358373398399218,842358373738413226,116,53,46299562000000,2026-09-10T12:25:28.983646+00:00,interpolated,11.480000048875809,-17.57000007480383,-14.210000060498714
55.447883403,842358373417288885,842358373738413226,116,54,46299562000000,2026-09-10T12:25:28.983646+00:00,interpolated,11.06000004708767,-19.180000081658363,-16.52000007033348
55.46677307,842358373436178552,842358373738413226,116,55,46299562000000,2026-09-10T12:25:28.983646+00:00,interpolated,9.450000040233135,-24.360000103712082,-18.550000078976154
55.485662737,842358373455068219,842358373738413226,116,56,46299562000000,2026-09-10T12:25:28.983646+00:00,interpolated,6.580000028014183,-27.020000115036964,-19.74000008404255
55.504552404,842358373473957886,842358373738413226,116,57,46299562000000,2026-09-10T12:25:28.983646+00:00,interpolated,6.30000002682209,-25.060000106692314,-21.28000009059906
55.523442071,842358373492847553,842358373738413226,116,58,46299562000000,2026-09-10T12:25:28.983646+00:00,interpolated,7.9800000339746475,-21.420000091195107,-22.260000094771385
55.542331738,842358373511737220,842358373738413226,116,59,46299562000000,2026-09-10T12:25:28.983646+00:00,interpolated,9.590000040829182,-18.970000080764294,-22.6100000962615
55.561221405,842358373530626887,842358373738413226,116,60,46299562000000,2026-09-10T12:25:28.983646+00:00,interpolated,9.520000040531158,-17.99000007659197,-23.170000098645687
55.580111073,842358373549516555,842358373738413226,116,61,46299562000000,2026-09-10T12:25:28.983646+00:00,interpolated,8.47000003606081,-18.970000080764294,-23.87000010162592
55.59900074,842358373568406222,842358373738413226,116,62,46299562000000,2026-09-10T12:25:28.983646+00:00,interpolated,8.47000003606081,-18.200000077486038,-24.360000103712082
55.617890407,842358373587295889,842358373738413226,116,63,46299562000000,2026-09-10T12:25:28.983646+00:00,interpolated,9.590000040829182,-17.920000076293945,-24.430000104010105
55.636780074,842358373606185556,842358373738413226,116,64,46299562000000,2026-09-10T12:25:28.983646+00:00,interpolated,10.22000004351139,-17.99000007659197,-24.50000010430813
55.655669741,842358373625075223,842358373738413226,116,65,46299562000000,2026-09-10T12:25:28.983646+00:00,interpolated,10.570000045001507,-17.010000072419643,-23.940000101923943
55.674559408,842358373643964890,842358373738413226,116,66,46299562000000,2026-09-10T12:25:28.983646+00:00,interpolated,9.940000042319298,-14.98000006377697,-23.66000010073185
55.693449075,842358373662854557,842358373738413226,116,67,46299562000000,2026-09-10T12:25:28.983646+00:00,interpolated,9.800000041723251,-13.160000056028366,-23.87000010162592
55.712338743,842358373681744225,842358373738413226,116,68,46299562000000,2026-09-10T12:25:28.983646+00:00,interpolated,10.570000045001507,-12.110000051558018,-24.50000010430813
55.73122841,842358373700633892,842358373738413226,116,69,46299562000000,2026-09-10T12:25:28.983646+00:00,interpolated,11.900000050663948,-11.830000050365925,-25.270000107586384
55.750118077,842358373719523559,842358373738413226,116,70,46299562000000,2026-09-10T12:25:28.983646+00:00,interpolated,13.02000005543232,-11.340000048279762,-25.690000109374523
55.769007744,842358373738413226,842358373738413226,116,71,46299562000000,2026-09-10T12:25:28.983646+00:00,interpolated,13.930000059306622,-11.270000047981739,-24.920000106096268
55.78789755,842358373757303032,842358375117369056,119,0,46300718000000,2026-09-10T12:25:30.125525+00:00,interpolated,14.070000059902668,-10.710000045597553,-23.87000010162592
55.806787356,842358373776192838,842358375117369056,119,1,46300718000000,2026-09-10T12:25:30.125525+00:00,interpolated,14.350000061094761,-9.310000039637089,-24.010000102221966
55.825677162,842358373795082644,842358375117369056,119,2,46300718000000,2026-09-10T12:25:30.125525+00:00,interpolated,15.050000064074993,-8.26000003516674,-24.920000106096268
55.844566968,842358373813972450,842358375117369056,119,3,46300718000000,2026-09-10T12:25:30.125525+00:00,interpolated,16.10000006854534,-9.030000038444996,-25.480000108480453
55.863456773,842358373832862255,842358375117369056,119,4,46300718000000,2026-09-10T12:25:30.125525+00:00,interpolated,16.52000007033348,-10.43000004440546,-25.760000109672546
55.882346579,842358373851752061,842358375117369056,119,5,46300718000000,2026-09-10T12:25:30.125525+00:00,interpolated,15.960000067949295,-10.710000045597553,-26.180000111460686
55.901236385,842358373870641867,842358375117369056,119,6,46300718000000,2026-09-10T12:25:30.125525+00:00,interpolated,16.03000006824732,-10.500000044703484,-26.74000011384487
55.920126191,842358373889531673,842358375117369056,119,7,46300718000000,2026-09-10T12:25:30.125525+00:00,interpolated,17.500000074505806,-10.080000042915344,-26.95000011473894
55.939015997,842358373908421479,842358375117369056,119,8,46300718000000,2026-09-10T12:25:30.125525+00:00,interpolated,19.600000083446503,-8.89000003784895,-26.810000114142895
55.957905803,842358373927311285,842358375117369056,119,9,46300718000000,2026-09-10T12:25:30.125525+00:00,interpolated,20.930000089108944,-7.560000032186508,-26.530000112950802
55.976795609,842358373946201091,842358375117369056,119,10,46300718000000,2026-09-10T12:25:30.125525+00:00,interpolated,21.140000090003014,-7.000000029802322,-26.46000011265278
55.995685415,842358373965090897,842358375117369056,119,11,46300718000000,2026-09-10T12:25:30.125525+00:00,interpolated,20.790000088512897,-7.700000032782555,-26.600000113248825
56.014575221,842358373983980703,842358375117369056,119,12,46300718000000,2026-09-10T12:25:30.125525+00:00,interpolated,21.000000089406967,-8.120000034570694,-26.530000112950802
56.033465026,842358374002870508,842358375117369056,119,13,46300718000000,2026-09-10T12:25:30.125525+00:00,interpolated,21.7000000923872,-7.000000029802322,-27.230000115931034
56.052354832,842358374021760314,842358375117369056,119,14,46300718000000,2026-09-10T12:25:30.125525+00:00,interpolated,22.540000095963478,-6.930000029504299,-27.720000118017197
56.071244638,842358374040650120,842358375117369056,119,15,46300718000000,2026-09-10T12:25:30.125525+00:00,interpolated,22.960000097751617,-8.68000003695488,-28.140000119805336
56.090134444,842358374059539926,842358375117369056,119,16,46300718000000,2026-09-10T12:25:30.125525+00:00,interpolated,23.170000098645687,-11.200000047683716,-28.280000120401382
56.10902425,842358374078429732,842358375117369056,119,17,46300718000000,2026-09-10T12:25:30.125525+00:00,interpolated,23.590000100433826,-13.090000055730343,-28.91000012308359
56.127914056,842358374097319538,842358375117369056,119,18,46300718000000,2026-09-10T12:25:30.125525+00:00,interpolated,24.29000010341406,-14.910000063478947,-31.220000132918358
56.146803862,842358374116209344,842358375117369056,119,19,46300718000000,2026-09-10T12:25:30.125525+00:00,interpolated,24.920000106096268,-16.03000006824732,-31.570000134408474
56.165693668,842358374135099150,842358375117369056,119,20,46300718000000,2026-09-10T12:25:30.125525+00:00,interpolated,26.530000112950802,-14.630000062286854,-31.220000132918358
56.184583474,842358374153988956,842358375117369056,119,21,46300718000000,2026-09-10T12:25:30.125525+00:00,interpolated,28.140000119805336,-12.740000054240227,-32.41000013798475
56.203473279,842358374172878761,842358375117369056,119,22,46300718000000,2026-09-10T12:25:30.125525+00:00,interpolated,28.6300001218915,-10.990000046789646,-33.950000144541264
56.222363085,842358374191768567,842358375117369056,119,23,46300718000000,2026-09-10T12:25:30.125525+00:00,interpolated,29.33000012487173,-8.26000003516674,-32.690000139176846
56.241252891,842358374210658373,842358375117369056,119,24,46300718000000,2026-09-10T12:25:30.125525+00:00,interpolated,28.980000123381615,-6.0900000259280205,-30.660000130534172
56.260142697,842358374229548179,842358375117369056,119,25,46300718000000,2026-09-10T12:25:30.125525+00:00,interpolated,28.070000119507313,-6.0900000259280205,-29.190000124275684
56.279032503,842358374248437985,842358375117369056,119,26,46300718000000,2026-09-10T12:25:30.125525+00:00,interpolated,28.490000121295452,-2.450000010430813,-28.140000119805336
56.297922309,842358374267327791,842358375117369056,119,27,46300718000000,2026-09-10T12:25:30.125525+00:00,interpolated,30.520000129938126,3.500000014901161,-27.58000011742115
56.316812115,842358374286217597,842358375117369056,119,28,46300718000000,2026-09-10T12:25:30.125525+00:00,interpolated,29.610000126063824,9.240000039339066,-25.690000109374523
56.335701921,842358374305107403,842358375117369056,119,29,46300718000000,2026-09-10T12:25:30.125525+00:00,interpolated,29.470000125467777,11.690000049769878,-26.530000112950802
56.354591727,842358374323997209,842358375117369056,119,30,46300718000000,2026-09-10T12:25:30.125525+00:00,interpolated,29.680000126361847,7.3500000312924385,-30.17000012844801
56.373481532,842358374342887014,842358375117369056,119,31,46300718000000,2026-09-10T12:25:30.125525+00:00,interpolated,29.470000125467777,0.2800000011920929,-29.5400001257658
56.392371338,842358374361776820,842358375117369056,119,32,46300718000000,2026-09-10T12:25:30.125525+00:00,interpolated,29.890000127255917,1.4700000062584877,-29.610000126063824
56.411261144,842358374380666626,842358375117369056,119,33,46300718000000,2026-09-10T12:25:30.125525+00:00,interpolated,28.91000012308359,7.280000030994415,-33.18000014126301
56.43015095,842358374399556432,842358375117369056,119,34,46300718000000,2026-09-10T12:25:30.125525+00:00,interpolated,27.090000115334988,10.150000043213367,-35.280000150203705
56.449040756,842358374418446238,842358375117369056,119,35,46300718000000,2026-09-10T12:25:30.125525+00:00,interpolated,26.530000112950802,12.250000052154064,-34.650000147521496
56.467930562,842358374437336044,842358375117369056,119,36,46300718000000,2026-09-10T12:25:30.125525+00:00,interpolated,23.87000010162592,11.690000049769878,-34.09000014513731
56.486820368,842358374456225850,842358375117369056,119,37,46300718000000,2026-09-10T12:25:30.125525+00:00,interpolated,22.6100000962615,5.390000022947788,-32.13000013679266
56.505710174,842358374475115656,842358375117369056,119,38,46300718000000,2026-09-10T12:25:30.125525+00:00,interpolated,20.86000008881092,0.42000000178813934,-29.610000126063824
56.52459998,842358374494005462,842358375117369056,119,39,46300718000000,2026-09-10T12:25:30.125525+00:00,interpolated,18.970000080764294,-2.6600000113248825,-27.720000118017197
56.543489786,842358374512895268,842358375117369056,119,40,46300718000000,2026-09-10T12:25:30.125525+00:00,interpolated,17.640000075101852,-2.7300000116229057,-26.25000011175871
56.562379591,842358374531785073,842358375117369056,119,41,46300718000000,2026-09-10T12:25:30.125525+00:00,interpolated,15.610000066459179,0.42000000178813934,-23.940000101923943
56.581269397,842358374550674879,842358375117369056,119,42,46300718000000,2026-09-10T12:25:30.125525+00:00,interpolated,13.510000057518482,4.13000001758337,-20.86000008881092
56.600159203,842358374569564685,842358375117369056,119,43,46300718000000,2026-09-10T12:25:30.125525+00:00,interpolated,12.180000051856041,6.370000027120113,-18.550000078976154
56.619049009,842358374588454491,842358375117369056,119,44,46300718000000,2026-09-10T12:25:30.125525+00:00,interpolated,9.590000040829182,5.110000021755695,-16.52000007033348
56.637938815,842358374607344297,842358375117369056,119,45,46300718000000,2026-09-10T12:25:30.125525+00:00,interpolated,6.930000029504299,2.3800000101327896,-14.56000006198883
56.656828621,842358374626234103,842358375117369056,119,46,46300718000000,2026-09-10T12:25:30.125525+00:00,interpolated,5.740000024437904,1.260000005364418,-11.760000050067902
56.675718427,842358374645123909,842358375117369056,119,47,46300718000000,2026-09-10T12:25:30.125525+00:00,interpolated,4.970000021159649,3.5700000151991844,-8.47000003606081
56.694608233,842358374664013715,842358375117369056,119,48,46300718000000,2026-09-10T12:25:30.125525+00:00,interpolated,3.150000013411045,6.790000028908253,-5.880000025033951
56.713498039,842358374682903521,842358375117369056,119,49,46300718000000,2026-09-10T12:25:30.125525+00:00,interpolated,1.4700000062584877,6.930000029504299,-2.9400000125169754
56.732387844,842358374701793326,842358375117369056,119,50,46300718000000,2026-09-10T12:25:30.125525+00:00,interpolated,-0.630000002682209,5.110000021755695,0.630000002682209
56.75127765,842358374720683132,842358375117369056,119,51,46300718000000,2026-09-10T12:25:30.125525+00:00,interpolated,-2.17000000923872,2.17000000923872,3.9200000166893005
56.770167456,842358374739572938,842358375117369056,119,52,46300718000000,2026-09-10T12:25:30.125525+00:00,interpolated,-3.500000014901161,0.5600000023841858,6.020000025629997
56.789057262,842358374758462744,842358375117369056,119,53,46300718000000,2026-09-10T12:25:30.125525+00:00,interpolated,-4.410000018775463,2.240000009536743,5.4600000232458115
56.807947068,842358374777352550,842358375117369056,119,54,46300718000000,2026-09-10T12:25:30.125525+00:00,interpolated,-4.8300000205636024,5.390000022947788,4.5500000193715096
56.826836874,842358374796242356,842358375117369056,119,55,46300718000000,2026-09-10T12:25:30.125525+00:00,interpolated,-6.930000029504299,6.580000028014183,5.390000022947788
56.84572668,842358374815132162,842358375117369056,119,56,46300718000000,2026-09-10T12:25:30.125525+00:00,interpolated,-8.89000003784895,10.080000042915344,5.320000022649765
56.864616486,842358374834021968,842358375117369056,119,57,46300718000000,2026-09-10T12:25:30.125525+00:00,interpolated,-9.240000039339066,16.52000007033348,5.740000024437904
56.883506292,842358374852911774,842358375117369056,119,58,46300718000000,2026-09-10T12:25:30.125525+00:00,interpolated,-10.290000043809414,21.630000092089176,7.700000032782555
56.902396097,842358374871801579,842358375117369056,119,59,46300718000000,2026-09-10T12:25:30.125525+00:00,interpolated,-11.690000049769878,24.50000010430813,10.080000042915344
56.921285903,842358374890691385,842358375117369056,119,60,46300718000000,2026-09-10T12:25:30.125525+00:00,interpolated,-14.000000059604645,25.41000010818243,10.920000046491623
56.940175709,842358374909581191,842358375117369056,119,61,46300718000000,2026-09-10T12:25:30.125525+00:00,interpolated,-17.080000072717667,21.91000009328127,10.8500000461936
56.959065515,842358374928470997,842358375117369056,119,62,46300718000000,2026-09-10T12:25:30.125525+00:00,interpolated,-21.91000009328127,17.57000007480383,12.110000051558018
56.977955321,842358374947360803,842358375117369056,119,63,46300718000000,2026-09-10T12:25:30.125525+00:00,interpolated,-25.6200001090765,14.490000061690807,13.440000057220459
56.996845127,842358374966250609,842358375117369056,119,64,46300718000000,2026-09-10T12:25:30.125525+00:00,interpolated,-25.900000110268593,12.950000055134296,12.250000052154064
57.015734933,842358374985140415,842358375117369056,119,65,46300718000000,2026-09-10T12:25:30.125525+00:00,interpolated,-24.850000105798244,16.170000068843365,11.200000047683716
57.034624739,842358375004030221,842358375117369056,119,66,46300718000000,2026-09-10T12:25:30.125525+00:00,interpolated,-25.20000010728836,20.510000087320805,12.460000053048134
57.053514545,842358375022920027,842358375117369056,119,67,46300718000000,2026-09-10T12:25:30.125525+00:00,interpolated,-27.510000117123127,17.010000072419643,15.050000064074993
57.07240435,842358375041809832,842358375117369056,119,68,46300718000000,2026-09-10T12:25:30.125525+00:00,interpolated,-29.75000012665987,12.040000051259995,15.890000067651272
57.091294156,842358375060699638,842358375117369056,119,69,46300718000000,2026-09-10T12:25:30.125525+00:00,interpolated,-31.010000132024288,11.620000049471855,15.610000066459179
57.110183962,842358375079589444,842358375117369056,119,70,46300718000000,2026-09-10T12:25:30.125525+00:00,interpolated,-30.660000130534172,12.60000005364418,16.240000069141388
57.129073768,842358375098479250,842358375117369056,119,71,46300718000000,2026-09-10T12:25:30.125525+00:00,interpolated,-31.92000013589859,10.500000044703484,18.27000007778406
57.147963574,842358375117369056,842358375117369056,119,72,46300718000000,2026-09-10T12:25:30.125525+00:00,interpolated,-32.270000137388706,8.47000003606081,20.86000008881092
57.166853141,842358375136258623,842358376458528342,123,0,46302187000000,2026-09-10T12:25:31.594605+00:00,interpolated,-32.270000137388706,11.550000049173832,23.380000099539757
57.185742709,842358375155148191,842358376458528342,123,1,46302187000000,2026-09-10T12:25:31.594605+00:00,interpolated,-32.97000014036894,14.910000063478947,24.57000010460615
57.204632276,842358375174037758,842358376458528342,123,2,46302187000000,2026-09-10T12:25:31.594605+00:00,interpolated,-36.400000154972076,14.490000061690807,24.220000103116035
57.223521844,842358375192927326,842358376458528342,123,3,46302187000000,2026-09-10T12:25:31.594605+00:00,interpolated,-37.3800001591444,8.68000003695488,23.87000010162592
57.242411411,842358375211816893,842358376458528342,123,4,46302187000000,2026-09-10T12:25:31.594605+00:00,interpolated,-38.080000162124634,4.760000020265579,27.090000115334988
57.261300978,842358375230706460,842358376458528342,123,5,46302187000000,2026-09-10T12:25:31.594605+00:00,interpolated,-40.60000017285347,5.880000025033951,29.820000126957893
57.280190546,842358375249596028,842358376458528342,123,6,46302187000000,2026-09-10T12:25:31.594605+00:00,interpolated,-42.28000018000603,5.950000025331974,28.350000120699406
57.299080113,842358375268485595,842358376458528342,123,7,46302187000000,2026-09-10T12:25:31.594605+00:00,interpolated,-39.06000016629696,3.0100000128149986,27.930000118911266
57.317969681,842358375287375163,842358376458528342,123,8,46302187000000,2026-09-10T12:25:31.594605+00:00,interpolated,-38.36000016331673,5.810000024735928,30.17000012844801
57.336859248,842358375306264730,842358376458528342,123,9,46302187000000,2026-09-10T12:25:31.594605+00:00,interpolated,-42.000000178813934,11.270000047981739,31.990000136196613
57.355748815,842358375325154297,842358376458528342,123,10,46302187000000,2026-09-10T12:25:31.594605+00:00,interpolated,-43.4000001847744,14.840000063180923,31.990000136196613
57.374638383,842358375344043865,842358376458528342,123,11,46302187000000,2026-09-10T12:25:31.594605+00:00,interpolated,-40.740000173449516,16.450000070035458,31.010000132024288
57.39352795,842358375362933432,842358376458528342,123,12,46302187000000,2026-09-10T12:25:31.594605+00:00,interpolated,-40.250000171363354,17.920000076293945,30.450000129640102
57.412417518,842358375381823000,842358376458528342,123,13,46302187000000,2026-09-10T12:25:31.594605+00:00,interpolated,-39.34000016748905,19.600000083446503,31.360000133514404
57.431307085,842358375400712567,842358376458528342,123,14,46302187000000,2026-09-10T12:25:31.594605+00:00,interpolated,-40.11000017076731,17.220000073313713,31.150000132620335
57.450196653,842358375419602135,842358376458528342,123,15,46302187000000,2026-09-10T12:25:31.594605+00:00,interpolated,-40.18000017106533,12.530000053346157,29.470000125467777
57.46908622,842358375438491702,842358376458528342,123,16,46302187000000,2026-09-10T12:25:31.594605+00:00,interpolated,-40.040000170469284,12.39000005275011,30.240000128746033
57.487975787,842358375457381269,842358376458528342,123,17,46302187000000,2026-09-10T12:25:31.594605+00:00,interpolated,-38.570000164210796,11.760000050067902,30.87000013142824
57.506865355,842358375476270837,842358376458528342,123,18,46302187000000,2026-09-10T12:25:31.594605+00:00,interpolated,-37.660000160336494,11.760000050067902,29.96000012755394
57.525754922,842358375495160404,842358376458528342,123,19,46302187000000,2026-09-10T12:25:31.594605+00:00,interpolated,-36.610000155866146,12.320000052452087,28.00000011920929
57.54464449,842358375514049972,842358376458528342,123,20,46302187000000,2026-09-10T12:25:31.594605+00:00,interpolated,-35.00000014901161,12.60000005364418,28.140000119805336
57.563534057,842358375532939539,842358376458528342,123,21,46302187000000,2026-09-10T12:25:31.594605+00:00,interpolated,-35.5600001513958,11.900000050663948,29.050000123679638
57.582423624,842358375551829106,842358376458528342,123,22,46302187000000,2026-09-10T12:25:31.594605+00:00,interpolated,-37.240000158548355,11.830000050365925,26.95000011473894
57.601313192,842358375570718674,842358376458528342,123,23,46302187000000,2026-09-10T12:25:31.594605+00:00,interpolated,-35.84000015258789,12.81000005453825,23.800000101327896
57.620202759,842358375589608241,842358376458528342,123,24,46302187000000,2026-09-10T12:25:31.594605+00:00,interpolated,-32.41000013798475,10.710000045597553,23.380000099539757
57.639092327,842358375608497809,842358376458528342,123,25,46302187000000,2026-09-10T12:25:31.594605+00:00,interpolated,-32.41000013798475,8.120000034570694,24.010000102221966
57.657981894,842358375627387376,842358376458528342,123,26,46302187000000,2026-09-10T12:25:31.594605+00:00,interpolated,-34.93000014871359,6.790000028908253,21.840000092983246
57.676871461,842358375646276943,842358376458528342,123,27,46302187000000,2026-09-10T12:25:31.594605+00:00,interpolated,-34.02000014483929,8.05000003427267,19.040000081062317
57.695761029,842358375665166511,842358376458528342,123,28,46302187000000,2026-09-10T12:25:31.594605+00:00,interpolated,-33.04000014066696,10.780000045895576,19.95000008493662
57.714650596,842358375684056078,842358376458528342,123,29,46302187000000,2026-09-10T12:25:31.594605+00:00,interpolated,-33.320000141859055,12.460000053048134,21.7000000923872
57.733540164,842358375702945646,842358376458528342,123,30,46302187000000,2026-09-10T12:25:31.594605+00:00,interpolated,-34.860000148415565,10.920000046491623,20.930000089108944
57.752429731,842358375721835213,842358376458528342,123,31,46302187000000,2026-09-10T12:25:31.594605+00:00,interpolated,-35.84000015258789,8.89000003784895,20.16000008583069
57.771319298,842358375740724780,842358376458528342,123,32,46302187000000,2026-09-10T12:25:31.594605+00:00,interpolated,-35.35000015050173,9.170000039041042,20.720000088214874
57.790208866,842358375759614348,842358376458528342,123,33,46302187000000,2026-09-10T12:25:31.594605+00:00,interpolated,-36.400000154972076,9.800000041723251,20.720000088214874
57.809098433,842358375778503915,842358376458528342,123,34,46302187000000,2026-09-10T12:25:31.594605+00:00,interpolated,-37.17000015825033,10.570000045001507,20.300000086426735
57.827988001,842358375797393483,842358376458528342,123,35,46302187000000,2026-09-10T12:25:31.594605+00:00,interpolated,-37.31000015884638,12.250000052154064,18.830000080168247
57.846877568,842358375816283050,842358376458528342,123,36,46302187000000,2026-09-10T12:25:31.594605+00:00,interpolated,-38.080000162124634,12.110000051558018,18.620000079274178
57.865767136,842358375835172618,842358376458528342,123,37,46302187000000,2026-09-10T12:25:31.594605+00:00,interpolated,-40.250000171363354,10.22000004351139,19.880000084638596
57.884656703,842358375854062185,842358376458528342,123,38,46302187000000,2026-09-10T12:25:31.594605+00:00,interpolated,-40.32000017166138,8.750000037252903,20.44000008702278
57.90354627,842358375872951752,842358376458528342,123,39,46302187000000,2026-09-10T12:25:31.594605+00:00,interpolated,-39.200000166893005,8.820000037550926,19.670000083744526
57.922435838,842358375891841320,842358376458528342,123,40,46302187000000,2026-09-10T12:25:31.594605+00:00,interpolated,-37.450000159442425,11.410000048577785,19.390000082552433
57.941325405,842358375910730887,842358376458528342,123,41,46302187000000,2026-09-10T12:25:31.594605+00:00,interpolated,-35.14000014960766,13.300000056624413,21.210000090301037
57.960214973,842358375929620455,842358376458528342,123,42,46302187000000,2026-09-10T12:25:31.594605+00:00,interpolated,-35.910000152885914,12.950000055134296,21.7000000923872
57.97910454,842358375948510022,842358376458528342,123,43,46302187000000,2026-09-10T12:25:31.594605+00:00,interpolated,-35.63000015169382,12.250000052154064,20.720000088214874
57.997994107,842358375967399589,842358376458528342,123,44,46302187000000,2026-09-10T12:25:31.594605+00:00,interpolated,-32.20000013709068,13.510000057518482,19.460000082850456
58.016883675,842358375986289157,842358376458528342,123,45,46302187000000,2026-09-10T12:25:31.594605+00:00,interpolated,-31.150000132620335,15.820000067353249,19.32000008225441
58.035773242,842358376005178724,842358376458528342,123,46,46302187000000,2026-09-10T12:25:31.594605+00:00,interpolated,-31.990000136196613,16.170000068843365,18.410000078380108
58.05466281,842358376024068292,842358376458528342,123,47,46302187000000,2026-09-10T12:25:31.594605+00:00,interpolated,-32.06000013649464,14.350000061094761,17.36000007390976
58.073552377,842358376042957859,842358376458528342,123,48,46302187000000,2026-09-10T12:25:31.594605+00:00,interpolated,-30.100000128149986,13.300000056624413,16.94000007212162
58.092441944,842358376061847426,842358376458528342,123,49,46302187000000,2026-09-10T12:25:31.594605+00:00,interpolated,-26.95000011473894,14.56000006198883,15.680000066757202
58.111331512,842358376080736994,842358376458528342,123,50,46302187000000,2026-09-10T12:25:31.594605+00:00,interpolated,-24.08000010251999,14.98000006377697,12.60000005364418
58.130221079,842358376099626561,842358376458528342,123,51,46302187000000,2026-09-10T12:25:31.594605+00:00,interpolated,-22.540000095963478,13.650000058114529,10.22000004351139
58.149110647,842358376118516129,842358376458528342,123,52,46302187000000,2026-09-10T12:25:31.594605+00:00,interpolated,-20.65000008791685,11.830000050365925,9.240000039339066
58.168000214,842358376137405696,842358376458528342,123,53,46302187000000,2026-09-10T12:25:31.594605+00:00,interpolated,-18.130000077188015,10.500000044703484,8.05000003427267
58.186889781,842358376156295263,842358376458528342,123,54,46302187000000,2026-09-10T12:25:31.594605+00:00,interpolated,-15.890000067651272,12.250000052154064,7.000000029802322
58.205779349,842358376175184831,842358376458528342,123,55,46302187000000,2026-09-10T12:25:31.594605+00:00,interpolated,-14.7700000628829,10.920000046491623,6.440000027418137
58.224668916,842358376194074398,842358376458528342,123,56,46302187000000,2026-09-10T12:25:31.594605+00:00,interpolated,-14.630000062286854,5.670000024139881,5.950000025331974
58.243558484,842358376212963966,842358376458528342,123,57,46302187000000,2026-09-10T12:25:31.594605+00:00,interpolated,-14.000000059604645,3.080000013113022,4.060000017285347
58.262448051,842358376231853533,842358376458528342,123,58,46302187000000,2026-09-10T12:25:31.594605+00:00,interpolated,-13.650000058114529,1.890000008046627,2.17000000923872
58.281337619,842358376250743101,842358376458528342,123,59,46302187000000,2026-09-10T12:25:31.594605+00:00,interpolated,-11.480000048875809,-1.4700000062584877,0.14000000059604645
58.300227186,842358376269632668,842358376458528342,123,60,46302187000000,2026-09-10T12:25:31.594605+00:00,interpolated,-8.960000038146973,-6.0900000259280205,-3.3600000143051147
58.319116753,842358376288522235,842358376458528342,123,61,46302187000000,2026-09-10T12:25:31.594605+00:00,interpolated,-7.3500000312924385,-6.580000028014183,-4.690000019967556
58.338006321,842358376307411803,842358376458528342,123,62,46302187000000,2026-09-10T12:25:31.594605+00:00,interpolated,-5.810000024735928,-5.040000021457672,-3.780000016093254
58.356895888,842358376326301370,842358376458528342,123,63,46302187000000,2026-09-10T12:25:31.594605+00:00,interpolated,-3.8500000163912773,-6.650000028312206,-4.060000017285347
58.375785456,842358376345190938,842358376458528342,123,64,46302187000000,2026-09-10T12:25:31.594605+00:00,interpolated,-1.1200000047683716,-6.440000027418137,-4.900000020861626
58.394675023,842358376364080505,842358376458528342,123,65,46302187000000,2026-09-10T12:25:31.594605+00:00,interpolated,0.21000000089406967,-6.230000026524067,-5.810000024735928
58.41356459,842358376382970072,842358376458528342,123,66,46302187000000,2026-09-10T12:25:31.594605+00:00,interpolated,1.1900000050663948,-7.280000030994415,-6.160000026226044
58.432454158,842358376401859640,842358376458528342,123,67,46302187000000,2026-09-10T12:25:31.594605+00:00,interpolated,1.6800000071525574,-6.790000028908253,-6.230000026524067
58.451343725,842358376420749207,842358376458528342,123,68,46302187000000,2026-09-10T12:25:31.594605+00:00,interpolated,3.150000013411045,-6.020000025629997,-7.3500000312924385
58.470233293,842358376439638775,842358376458528342,123,69,46302187000000,2026-09-10T12:25:31.594605+00:00,interpolated,5.110000021755695,-5.950000025331974,-9.030000038444996
58.48912286,842358376458528342,842358376458528342,123,70,46302187000000,2026-09-10T12:25:31.594605+00:00,interpolated,6.0900000259280205,-7.3500000312924385,-10.570000045001507
58.508012427,842358376477417909,842358377799687630,126,0,46303890000000,2026-09-10T12:25:33.306271+00:00,interpolated,6.7200000286102295,-8.05000003427267,-11.200000047683716
58.526901995,842358376496307477,842358377799687630,126,1,46303890000000,2026-09-10T12:25:33.306271+00:00,interpolated,7.490000031888485,-6.51000002771616,-11.130000047385693
58.545791562,842358376515197044,842358377799687630,126,2,46303890000000,2026-09-10T12:25:33.306271+00:00,interpolated,8.330000035464764,-4.34000001847744,-11.620000049471855
58.56468113,842358376534086612,842358377799687630,126,3,46303890000000,2026-09-10T12:25:33.306271+00:00,interpolated,9.870000042021275,-5.670000024139881,-12.670000053942204
58.583570697,842358376552976179,842358377799687630,126,4,46303890000000,2026-09-10T12:25:33.306271+00:00,interpolated,11.410000048577785,-8.47000003606081,-13.02000005543232
58.602460265,842358376571865747,842358377799687630,126,5,46303890000000,2026-09-10T12:25:33.306271+00:00,interpolated,13.090000055730343,-8.400000035762787,-12.740000054240227
58.621349832,842358376590755314,842358377799687630,126,6,46303890000000,2026-09-10T12:25:33.306271+00:00,interpolated,13.02000005543232,-6.440000027418137,-13.510000057518482
58.640239399,842358376609644881,842358377799687630,126,7,46303890000000,2026-09-10T12:25:33.306271+00:00,interpolated,12.320000052452087,-7.420000031590462,-15.610000066459179
58.659128967,842358376628534449,842358377799687630,126,8,46303890000000,2026-09-10T12:25:33.306271+00:00,interpolated,14.070000059902668,-10.080000042915344,-16.450000070035458
58.678018534,842358376647424016,842358377799687630,126,9,46303890000000,2026-09-10T12:25:33.306271+00:00,interpolated,17.010000072419643,-10.010000042617321,-17.010000072419643
58.696908102,842358376666313584,842358377799687630,126,10,46303890000000,2026-09-10T12:25:33.306271+00:00,interpolated,19.11000008136034,-7.490000031888485,-19.11000008136034
58.715797669,842358376685203151,842358377799687630,126,11,46303890000000,2026-09-10T12:25:33.306271+00:00,interpolated,20.020000085234642,-6.650000028312206,-21.28000009059906
58.734687237,842358376704092719,842358377799687630,126,12,46303890000000,2026-09-10T12:25:33.306271+00:00,interpolated,20.300000086426735,-9.380000039935112,-22.190000094473362
58.753576804,842358376722982286,842358377799687630,126,13,46303890000000,2026-09-10T12:25:33.306271+00:00,interpolated,20.65000008791685,-11.480000048875809,-22.6100000962615
58.772466372,842358376741871854,842358377799687630,126,14,46303890000000,2026-09-10T12:25:33.306271+00:00,interpolated,20.300000086426735,-11.550000049173832,-23.100000098347664
58.791355939,842358376760761421,842358377799687630,126,15,46303890000000,2026-09-10T12:25:33.306271+00:00,interpolated,20.790000088512897,-10.22000004351139,-24.08000010251999
58.810245506,842358376779650988,842358377799687630,126,16,46303890000000,2026-09-10T12:25:33.306271+00:00,interpolated,23.590000100433826,-9.940000042319298,-25.550000108778477
58.829135074,842358376798540556,842358377799687630,126,17,46303890000000,2026-09-10T12:25:33.306271+00:00,interpolated,26.600000113248825,-9.940000042319298,-27.37000011652708
58.848024641,842358376817430123,842358377799687630,126,18,46303890000000,2026-09-10T12:25:33.306271+00:00,interpolated,27.510000117123127,-8.960000038146973,-28.6300001218915
58.866914209,842358376836319691,842358377799687630,126,19,46303890000000,2026-09-10T12:25:33.306271+00:00,interpolated,26.530000112950802,-7.3500000312924385,-28.84000012278557
58.885803776,842358376855209258,842358377799687630,126,20,46303890000000,2026-09-10T12:25:33.306271+00:00,interpolated,26.530000112950802,-6.230000026524067,-28.6300001218915
58.904693344,842358376874098826,842358377799687630,126,21,46303890000000,2026-09-10T12:25:33.306271+00:00,interpolated,27.300000116229057,-6.440000027418137,-28.84000012278557
58.923582911,842358376892988393,842358377799687630,126,22,46303890000000,2026-09-10T12:25:33.306271+00:00,interpolated,28.140000119805336,-7.3500000312924385,-29.400000125169754
58.942472478,842358376911877960,842358377799687630,126,23,46303890000000,2026-09-10T12:25:33.306271+00:00,interpolated,28.350000120699406,-9.450000040233135,-30.660000130534172
58.961362046,842358376930767528,842358377799687630,126,24,46303890000000,2026-09-10T12:25:33.306271+00:00,interpolated,29.190000124275684,-12.670000053942204,-31.71000013500452
58.980251613,842358376949657095,842358377799687630,126,25,46303890000000,2026-09-10T12:25:33.306271+00:00,interpolated,30.240000128746033,-15.050000064074993,-31.92000013589859
58.999141181,842358376968546663,842358377799687630,126,26,46303890000000,2026-09-10T12:25:33.306271+00:00,interpolated,30.730000130832195,-15.330000065267086,-32.83000013977289
59.018030748,842358376987436230,842358377799687630,126,27,46303890000000,2026-09-10T12:25:33.306271+00:00,interpolated,30.660000130534172,-14.56000006198883,-34.23000014573336
59.036920316,842358377006325798,842358377799687630,126,28,46303890000000,2026-09-10T12:25:33.306271+00:00,interpolated,32.270000137388706,-13.930000059306622,-34.860000148415565
59.055809883,842358377025215365,842358377799687630,126,29,46303890000000,2026-09-10T12:25:33.306271+00:00,interpolated,33.950000144541264,-13.510000057518482,-34.860000148415565
59.074699451,842358377044104933,842358377799687630,126,30,46303890000000,2026-09-10T12:25:33.306271+00:00,interpolated,33.67000014334917,-12.60000005364418,-34.79000014811754
59.093589018,842358377062994500,842358377799687630,126,31,46303890000000,2026-09-10T12:25:33.306271+00:00,interpolated,32.83000013977289,-12.880000054836273,-34.93000014871359
59.112478585,842358377081884067,842358377799687630,126,32,46303890000000,2026-09-10T12:25:33.306271+00:00,interpolated,33.18000014126301,-14.98000006377697,-35.490000151097775
59.131368153,842358377100773635,842358377799687630,126,33,46303890000000,2026-09-10T12:25:33.306271+00:00,interpolated,34.51000014692545,-17.850000075995922,-35.5600001513958
59.15025772,842358377119663202,842358377799687630,126,34,46303890000000,2026-09-10T12:25:33.306271+00:00,interpolated,35.14000014960766,-19.32000008225441,-34.93000014871359
59.169147288,842358377138552770,842358377799687630,126,35,46303890000000,2026-09-10T12:25:33.306271+00:00,interpolated,35.490000151097775,-18.200000077486038,-34.440000146627426
59.188036855,842358377157442337,842358377799687630,126,36,46303890000000,2026-09-10T12:25:33.306271+00:00,interpolated,37.10000015795231,-14.98000006377697,-34.3700001463294
59.206926423,842358377176331905,842358377799687630,126,37,46303890000000,2026-09-10T12:25:33.306271+00:00,interpolated,39.830000169575214,-12.39000005275011,-34.3700001463294
59.22581599,842358377195221472,842358377799687630,126,38,46303890000000,2026-09-10T12:25:33.306271+00:00,interpolated,40.67000017315149,-10.990000046789646,-33.88000014424324
59.244705557,842358377214111039,842358377799687630,126,39,46303890000000,2026-09-10T12:25:33.306271+00:00,interpolated,40.040000170469284,-10.710000045597553,-32.690000139176846
59.263595125,842358377233000607,842358377799687630,126,40,46303890000000,2026-09-10T12:25:33.306271+00:00,interpolated,39.69000016897917,-10.010000042617321,-31.570000134408474
59.282484692,842358377251890174,842358377799687630,126,41,46303890000000,2026-09-10T12:25:33.306271+00:00,interpolated,40.18000017106533,-9.450000040233135,-31.50000013411045
59.30137426,842358377270779742,842358377799687630,126,42,46303890000000,2026-09-10T12:25:33.306271+00:00,interpolated,40.040000170469284,-8.89000003784895,-31.29000013321638
59.320263827,842358377289669309,842358377799687630,126,43,46303890000000,2026-09-10T12:25:33.306271+00:00,interpolated,39.34000016748905,-9.660000041127205,-29.820000126957893
59.339153395,842358377308558877,842358377799687630,126,44,46303890000000,2026-09-10T12:25:33.306271+00:00,interpolated,38.71000016480684,-10.710000045597553,-28.560000121593475
59.358042962,842358377327448444,842358377799687630,126,45,46303890000000,2026-09-10T12:25:33.306271+00:00,interpolated,38.780000165104866,-9.520000040531158,-26.95000011473894
59.37693253,842358377346338012,842358377799687630,126,46,46303890000000,2026-09-10T12:25:33.306271+00:00,interpolated,38.780000165104866,-7.420000031590462,-24.150000102818012
59.395822097,842358377365227579,842358377799687630,126,47,46303890000000,2026-09-10T12:25:33.306271+00:00,interpolated,36.19000015407801,-6.790000028908253,-21.28000009059906
59.414711664,842358377384117146,842358377799687630,126,48,46303890000000,2026-09-10T12:25:33.306271+00:00,interpolated,33.530000142753124,-6.860000029206276,-20.23000008612871
59.433601232,842358377403006714,842358377799687630,126,49,46303890000000,2026-09-10T12:25:33.306271+00:00,interpolated,32.20000013709068,-5.180000022053719,-19.53000008314848
59.452490799,842358377421896281,842358377799687630,126,50,46303890000000,2026-09-10T12:25:33.306271+00:00,interpolated,32.06000013649464,-0.9800000041723251,-18.06000007688999
59.471380367,842358377440785849,842358377799687630,126,51,46303890000000,2026-09-10T12:25:33.306271+00:00,interpolated,30.660000130534172,2.3100000098347664,-15.890000067651272
59.490269934,842358377459675416,842358377799687630,126,52,46303890000000,2026-09-10T12:25:33.306271+00:00,interpolated,28.980000123381615,6.30000002682209,-14.140000060200691
59.509159502,842358377478564984,842358377799687630,126,53,46303890000000,2026-09-10T12:25:33.306271+00:00,interpolated,28.21000012010336,11.760000050067902,-12.530000053346157
59.528049069,842358377497454551,842358377799687630,126,54,46303890000000,2026-09-10T12:25:33.306271+00:00,interpolated,25.690000109374523,14.490000061690807,-10.500000044703484
59.546938636,842358377516344118,842358377799687630,126,55,46303890000000,2026-09-10T12:25:33.306271+00:00,interpolated,23.380000099539757,15.40000006556511,-8.820000037550926
59.565828204,842358377535233686,842358377799687630,126,56,46303890000000,2026-09-10T12:25:33.306271+00:00,interpolated,21.770000092685223,16.870000071823597,-8.120000034570694
59.584717771,842358377554123253,842358377799687630,126,57,46303890000000,2026-09-10T12:25:33.306271+00:00,interpolated,18.90000008046627,13.370000056922436,-8.960000038146973
59.603607339,842358377573012821,842358377799687630,126,58,46303890000000,2026-09-10T12:25:33.306271+00:00,interpolated,14.000000059604645,8.610000036656857,-9.730000041425228
59.622496906,842358377591902388,842358377799687630,126,59,46303890000000,2026-09-10T12:25:33.306271+00:00,interpolated,9.870000042021275,6.370000027120113,-9.310000039637089
59.641386474,842358377610791956,842358377799687630,126,60,46303890000000,2026-09-10T12:25:33.306271+00:00,interpolated,6.650000028312206,4.200000017881393,-7.910000033676624
59.660276041,842358377629681523,842358377799687630,126,61,46303890000000,2026-09-10T12:25:33.306271+00:00,interpolated,4.760000020265579,1.1200000047683716,-7.210000030696392
59.679165609,842358377648571091,842358377799687630,126,62,46303890000000,2026-09-10T12:25:33.306271+00:00,interpolated,3.150000013411045,-0.9800000041723251,-6.440000027418137
59.698055176,842358377667460658,842358377799687630,126,63,46303890000000,2026-09-10T12:25:33.306271+00:00,interpolated,0.21000000089406967,0.2800000011920929,-4.13000001758337
59.716944743,842358377686350225,842358377799687630,126,64,46303890000000,2026-09-10T12:25:33.306271+00:00,interpolated,-2.6600000113248825,2.3800000101327896,-0.5600000023841858
59.735834311,842358377705239793,842358377799687630,126,65,46303890000000,2026-09-10T12:25:33.306271+00:00,interpolated,-4.900000020861626,4.200000017881393,2.9400000125169754
59.754723878,842358377724129360,842358377799687630,126,66,46303890000000,2026-09-10T12:25:33.306271+00:00,interpolated,-3.780000016093254,10.780000045895576,4.620000019669533
59.773613446,842358377743018928,842358377799687630,126,67,46303890000000,2026-09-10T12:25:33.306271+00:00,interpolated,0.7000000029802322,19.390000082552433,4.13000001758337
59.792503013,842358377761908495,842358377799687630,126,68,46303890000000,2026-09-10T12:25:33.306271+00:00,interpolated,2.9400000125169754,23.170000098645687,2.6600000113248825
59.811392581,842358377780798063,842358377799687630,126,69,46303890000000,2026-09-10T12:25:33.306271+00:00,interpolated,3.2200000137090683,25.83000010997057,-0.07000000029802322
59.830282148,842358377799687630,842358377799687630,126,70,46303890000000,2026-09-10T12:25:33.306271+00:00,interpolated,1.4700000062584877,26.04000011086464,0.9100000038743019
59.849172102,842358377818577584,842358379140874382,129,0,46304843000000,2026-09-10T12:25:34.264115+00:00,interpolated,-2.520000010728836,22.750000096857548,3.5700000151991844
59.868062057,842358377837467539,842358379140874382,129,1,46304843000000,2026-09-10T12:25:34.264115+00:00,interpolated,-4.620000019669533,19.11000008136034,2.5900000110268593
59.886952011,842358377856357493,842358379140874382,129,2,46304843000000,2026-09-10T12:25:34.264115+00:00,interpolated,-2.7300000116229057,18.620000079274178,-0.9800000041723251
59.905841965,842358377875247447,842358379140874382,129,3,46304843000000,2026-09-10T12:25:34.264115+00:00,interpolated,-5.180000022053719,14.910000063478947,-1.7500000074505806
59.924731919,842358377894137401,842358379140874382,129,4,46304843000000,2026-09-10T12:25:34.264115+00:00,interpolated,-9.870000042021275,6.440000027418137,-0.7700000032782555
59.943621874,842358377913027356,842358379140874382,129,5,46304843000000,2026-09-10T12:25:34.264115+00:00,interpolated,-9.590000040829182,4.34000001847744,-0.14000000059604645
59.962511828,842358377931917310,842358379140874382,129,6,46304843000000,2026-09-10T12:25:34.264115+00:00,interpolated,-9.870000042021275,11.690000049769878,0.0
59.981401782,842358377950807264,842358379140874382,129,7,46304843000000,2026-09-10T12:25:34.264115+00:00,interpolated,-12.81000005453825,17.290000073611736,1.540000006556511
60.000291736,842358377969697218,842358379140874382,129,8,46304843000000,2026-09-10T12:25:34.264115+00:00,interpolated,-13.860000059008598,18.06000007688999,3.5700000151991844
60.019181691,842358377988587173,842358379140874382,129,9,46304843000000,2026-09-10T12:25:34.264115+00:00,interpolated,-15.330000065267086,14.630000062286854,5.040000021457672
60.038071645,842358378007477127,842358379140874382,129,10,46304843000000,2026-09-10T12:25:34.264115+00:00,interpolated,-15.610000066459179,12.950000055134296,5.530000023543835
60.056961599,842358378026367081,842358379140874382,129,11,46304843000000,2026-09-10T12:25:34.264115+00:00,interpolated,-16.94000007212162,15.40000006556511,6.51000002771616
60.075851553,842358378045257035,842358379140874382,129,12,46304843000000,2026-09-10T12:25:34.264115+00:00,interpolated,-19.810000084340572,14.7700000628829,8.400000035762787
60.094741508,842358378064146990,842358379140874382,129,13,46304843000000,2026-09-10T12:25:34.264115+00:00,interpolated,-20.44000008702278,12.81000005453825,9.870000042021275
60.113631462,842358378083036944,842358379140874382,129,14,46304843000000,2026-09-10T12:25:34.264115+00:00,interpolated,-20.16000008583069,13.300000056624413,9.940000042319298
60.132521416,842358378101926898,842358379140874382,129,15,46304843000000,2026-09-10T12:25:34.264115+00:00,interpolated,-21.350000090897083,12.530000053346157,9.590000040829182
60.15141137,842358378120816852,842358379140874382,129,16,46304843000000,2026-09-10T12:25:34.264115+00:00,interpolated,-23.100000098347664,10.43000004440546,10.360000044107437
60.170301325,842358378139706807,842358379140874382,129,17,46304843000000,2026-09-10T12:25:34.264115+00:00,interpolated,-24.50000010430813,8.05000003427267,11.410000048577785
60.189191279,842358378158596761,842358379140874382,129,18,46304843000000,2026-09-10T12:25:34.264115+00:00,interpolated,-25.20000010728836,6.370000027120113,11.970000050961971
60.208081233,842358378177486715,842358379140874382,129,19,46304843000000,2026-09-10T12:25:34.264115+00:00,interpolated,-25.20000010728836,4.620000019669533,12.670000053942204
60.226971187,842358378196376669,842358379140874382,129,20,46304843000000,2026-09-10T12:25:34.264115+00:00,interpolated,-26.74000011384487,1.6100000068545341,13.370000056922436
60.245861142,842358378215266624,842358379140874382,129,21,46304843000000,2026-09-10T12:25:34.264115+00:00,interpolated,-30.940000131726265,-3.9200000166893005,14.140000060200691
60.264751096,842358378234156578,842358379140874382,129,22,46304843000000,2026-09-10T12:25:34.264115+00:00,interpolated,-34.51000014692545,-10.920000046491623,14.070000059902668
60.28364105,842358378253046532,842358379140874382,129,23,46304843000000,2026-09-10T12:25:34.264115+00:00,interpolated,-34.30000014603138,-12.530000053346157,14.7700000628829
60.302531004,842358378271936486,842358379140874382,129,24,46304843000000,2026-09-10T12:25:34.264115+00:00,interpolated,-32.20000013709068,-9.170000039041042,15.960000067949295
60.321420959,842358378290826441,842358379140874382,129,25,46304843000000,2026-09-10T12:25:34.264115+00:00,interpolated,-30.59000013023615,-5.320000022649765,16.31000006943941
60.340310913,842358378309716395,842358379140874382,129,26,46304843000000,2026-09-10T12:25:34.264115+00:00,interpolated,-30.450000129640102,-4.5500000193715096,17.640000075101852
60.359200867,842358378328606349,842358379140874382,129,27,46304843000000,2026-09-10T12:25:34.264115+00:00,interpolated,-28.91000012308359,-4.8300000205636024,19.250000081956387
60.378090821,842358378347496303,842358379140874382,129,28,46304843000000,2026-09-10T12:25:34.264115+00:00,interpolated,-25.690000109374523,-1.1900000050663948,20.090000085532665
60.396980776,842358378366386258,842358379140874382,129,29,46304843000000,2026-09-10T12:25:34.264115+00:00,interpolated,-24.220000103116035,4.760000020265579,21.07000008970499
60.41587073,842358378385276212,842358379140874382,129,30,46304843000000,2026-09-10T12:25:34.264115+00:00,interpolated,-24.50000010430813,10.570000045001507,21.49000009149313
60.434760684,842358378404166166,842358379140874382,129,31,46304843000000,2026-09-10T12:25:34.264115+00:00,interpolated,-23.520000100135803,13.860000059008598,21.07000008970499
60.453650638,842358378423056120,842358379140874382,129,32,46304843000000,2026-09-10T12:25:34.264115+00:00,interpolated,-22.960000097751617,10.570000045001507,20.16000008583069
60.472540593,842358378441946075,842358379140874382,129,33,46304843000000,2026-09-10T12:25:34.264115+00:00,interpolated,-25.060000106692314,4.060000017285347,19.180000081658363
60.491430547,842358378460836029,842358379140874382,129,34,46304843000000,2026-09-10T12:25:34.264115+00:00,interpolated,-26.180000111460686,1.4700000062584877,17.710000075399876
60.510320501,842358378479725983,842358379140874382,129,35,46304843000000,2026-09-10T12:25:34.264115+00:00,interpolated,-24.78000010550022,-1.6800000071525574,16.660000070929527
60.529210455,842358378498615937,842358379140874382,129,36,46304843000000,2026-09-10T12:25:34.264115+00:00,interpolated,-23.380000099539757,-6.230000026524067,16.10000006854534
60.54810041,842358378517505892,842358379140874382,129,37,46304843000000,2026-09-10T12:25:34.264115+00:00,interpolated,-23.45000009983778,-7.560000032186508,16.800000071525574
60.566990364,842358378536395846,842358379140874382,129,38,46304843000000,2026-09-10T12:25:34.264115+00:00,interpolated,-25.20000010728836,-6.0900000259280205,16.94000007212162
60.585880318,842358378555285800,842358379140874382,129,39,46304843000000,2026-09-10T12:25:34.264115+00:00,interpolated,-27.440000116825104,-3.3600000143051147,17.15000007301569
60.604770272,842358378574175754,842358379140874382,129,40,46304843000000,2026-09-10T12:25:34.264115+00:00,interpolated,-27.230000115931034,3.080000013113022,17.290000073611736
60.623660227,842358378593065709,842358379140874382,129,41,46304843000000,2026-09-10T12:25:34.264115+00:00,interpolated,-24.57000010460615,10.150000043213367,17.500000074505806
60.642550181,842358378611955663,842358379140874382,129,42,46304843000000,2026-09-10T12:25:34.264115+00:00,interpolated,-22.6100000962615,12.39000005275011,18.48000007867813
60.661440135,842358378630845617,842358379140874382,129,43,46304843000000,2026-09-10T12:25:34.264115+00:00,interpolated,-22.540000095963478,14.350000061094761,19.040000081062317
60.680330089,842358378649735571,842358379140874382,129,44,46304843000000,2026-09-10T12:25:34.264115+00:00,interpolated,-23.24000009894371,15.19000006467104,17.7800000756979
60.699220044,842358378668625526,842358379140874382,129,45,46304843000000,2026-09-10T12:25:34.264115+00:00,interpolated,-21.770000092685223,10.8500000461936,16.240000069141388
60.718109998,842358378687515480,842358379140874382,129,46,46304843000000,2026-09-10T12:25:34.264115+00:00,interpolated,-19.810000084340572,5.740000024437904,15.120000064373016
60.736999952,842358378706405434,842358379140874382,129,47,46304843000000,2026-09-10T12:25:34.264115+00:00,interpolated,-19.11000008136034,5.110000021755695,14.140000060200691
60.755889906,842358378725295388,842358379140874382,129,48,46304843000000,2026-09-10T12:25:34.264115+00:00,interpolated,-19.460000082850456,4.8300000205636024,13.930000059306622
60.774779861,842358378744185343,842358379140874382,129,49,46304843000000,2026-09-10T12:25:34.264115+00:00,interpolated,-19.95000008493662,3.780000016093254,13.580000057816505
60.793669815,842358378763075297,842358379140874382,129,50,46304843000000,2026-09-10T12:25:34.264115+00:00,interpolated,-19.53000008314848,3.710000015795231,12.39000005275011
60.812559769,842358378781965251,842358379140874382,129,51,46304843000000,2026-09-10T12:25:34.264115+00:00,interpolated,-18.27000007778406,4.690000019967556,11.200000047683716
60.831449723,842358378800855205,842358379140874382,129,52,46304843000000,2026-09-10T12:25:34.264115+00:00,interpolated,-16.660000070929527,4.8300000205636024,10.780000045895576
60.850339678,842358378819745160,842358379140874382,129,53,46304843000000,2026-09-10T12:25:34.264115+00:00,interpolated,-15.890000067651272,4.060000017285347,10.780000045895576
60.869229632,842358378838635114,842358379140874382,129,54,46304843000000,2026-09-10T12:25:34.264115+00:00,interpolated,-16.31000006943941,3.2900000140070915,10.360000044107437
60.888119586,842358378857525068,842358379140874382,129,55,46304843000000,2026-09-10T12:25:34.264115+00:00,interpolated,-15.890000067651272,2.5900000110268593,9.030000038444996
60.90700954,842358378876415022,842358379140874382,129,56,46304843000000,2026-09-10T12:25:34.264115+00:00,interpolated,-15.330000065267086,3.0100000128149986,7.700000032782555
60.925899495,842358378895304977,842358379140874382,129,57,46304843000000,2026-09-10T12:25:34.264115+00:00,interpolated,-14.490000061690807,4.13000001758337,7.070000030100346
60.944789449,842358378914194931,842358379140874382,129,58,46304843000000,2026-09-10T12:25:34.264115+00:00,interpolated,-15.19000006467104,5.390000022947788,6.860000029206276
60.963679403,842358378933084885,842358379140874382,129,59,46304843000000,2026-09-10T12:25:34.264115+00:00,interpolated,-17.57000007480383,6.30000002682209,6.160000026226044
60.982569357,842358378951974839,842358379140874382,129,60,46304843000000,2026-09-10T12:25:34.264115+00:00,interpolated,-19.74000008404255,6.7200000286102295,4.8300000205636024
61.001459312,842358378970864794,842358379140874382,129,61,46304843000000,2026-09-10T12:25:34.264115+00:00,interpolated,-20.23000008612871,5.4600000232458115,3.080000013113022
61.020349266,842358378989754748,842358379140874382,129,62,46304843000000,2026-09-10T12:25:34.264115+00:00,interpolated,-19.95000008493662,3.9200000166893005,2.0300000086426735
61.03923922,842358379008644702,842358379140874382,129,63,46304843000000,2026-09-10T12:25:34.264115+00:00,interpolated,-18.550000078976154,3.430000014603138,2.240000009536743
61.058129174,842358379027534656,842358379140874382,129,64,46304843000000,2026-09-10T12:25:34.264115+00:00,interpolated,-18.6900000795722,3.6400000154972076,2.5900000110268593
61.077019129,842358379046424611,842358379140874382,129,65,46304843000000,2026-09-10T12:25:34.264115+00:00,interpolated,-19.32000008225441,5.810000024735928,2.5900000110268593
61.095909083,842358379065314565,842358379140874382,129,66,46304843000000,2026-09-10T12:25:34.264115+00:00,interpolated,-19.460000082850456,7.490000031888485,2.870000012218952
61.114799037,842358379084204519,842358379140874382,129,67,46304843000000,2026-09-10T12:25:34.264115+00:00,interpolated,-18.340000078082085,7.000000029802322,2.3800000101327896
61.133688991,842358379103094473,842358379140874382,129,68,46304843000000,2026-09-10T12:25:34.264115+00:00,interpolated,-16.73000007122755,4.900000020861626,1.540000006556511
61.152578946,842358379121984428,842358379140874382,129,69,46304843000000,2026-09-10T12:25:34.264115+00:00,interpolated,-15.890000067651272,2.870000012218952,1.4000000059604645
61.1714689,842358379140874382,842358379140874382,129,70,46304843000000,2026-09-10T12:25:34.264115+00:00,interpolated,-15.680000066757202,2.800000011920929,1.1900000050663948
61.190358525,842358379159764007,842358380274251866,131,0,46305984000000,2026-09-10T12:25:35.404579+00:00,interpolated,-14.7700000628829,3.430000014603138,0.5600000023841858
61.209248149,842358379178653631,842358380274251866,131,1,46305984000000,2026-09-10T12:25:35.404579+00:00,interpolated,-13.860000059008598,4.690000019967556,0.21000000089406967
61.228137774,842358379197543256,842358380274251866,131,2,46305984000000,2026-09-10T12:25:35.404579+00:00,interpolated,-13.650000058114529,3.710000015795231,-0.5600000023841858
61.247027399,842358379216432881,842358380274251866,131,3,46305984000000,2026-09-10T12:25:35.404579+00:00,interpolated,-13.580000057816505,1.1200000047683716,-1.540000006556511
61.265917024,842358379235322506,842358380274251866,131,4,46305984000000,2026-09-10T12:25:35.404579+00:00,interpolated,-13.090000055730343,-0.630000002682209,-2.0300000086426735
61.284806648,842358379254212130,842358380274251866,131,5,46305984000000,2026-09-10T12:25:35.404579+00:00,interpolated,-12.740000054240227,-0.5600000023841858,-2.520000010728836
61.303696273,842358379273101755,842358380274251866,131,6,46305984000000,2026-09-10T12:25:35.404579+00:00,interpolated,-11.690000049769878,-0.8400000035762787,-3.2200000137090683
61.322585898,842358379291991380,842358380274251866,131,7,46305984000000,2026-09-10T12:25:35.404579+00:00,interpolated,-10.8500000461936,-0.630000002682209,-3.6400000154972076
61.341475523,842358379310881005,842358380274251866,131,8,46305984000000,2026-09-10T12:25:35.404579+00:00,interpolated,-10.290000043809414,2.3800000101327896,-3.710000015795231
61.360365147,842358379329770629,842358380274251866,131,9,46305984000000,2026-09-10T12:25:35.404579+00:00,interpolated,-8.820000037550926,3.6400000154972076,-3.710000015795231
61.379254772,842358379348660254,842358380274251866,131,10,46305984000000,2026-09-10T12:25:35.404579+00:00,interpolated,-7.770000033080578,2.1000000089406967,-3.080000013113022
61.398144397,842358379367549879,842358380274251866,131,11,46305984000000,2026-09-10T12:25:35.404579+00:00,interpolated,-7.9800000339746475,1.0500000044703484,-2.17000000923872
61.417034022,842358379386439504,842358380274251866,131,12,46305984000000,2026-09-10T12:25:35.404579+00:00,interpolated,-7.770000033080578,2.1000000089406967,-1.9600000083446503
61.435923646,842358379405329128,842358380274251866,131,13,46305984000000,2026-09-10T12:25:35.404579+00:00,interpolated,-6.930000029504299,3.710000015795231,-2.3100000098347664
61.454813271,842358379424218753,842358380274251866,131,14,46305984000000,2026-09-10T12:25:35.404579+00:00,interpolated,-5.740000024437904,4.270000018179417,-1.9600000083446503
61.473702896,842358379443108378,842358380274251866,131,15,46305984000000,2026-09-10T12:25:35.404579+00:00,interpolated,-5.040000021457672,3.780000016093254,-1.6100000068545341
61.49259252,842358379461998002,842358380274251866,131,16,46305984000000,2026-09-10T12:25:35.404579+00:00,interpolated,-3.8500000163912773,2.7300000116229057,-1.260000005364418
61.511482145,842358379480887627,842358380274251866,131,17,46305984000000,2026-09-10T12:25:35.404579+00:00,interpolated,-2.520000010728836,2.240000009536743,-0.7000000029802322
61.53037177,842358379499777252,842358380274251866,131,18,46305984000000,2026-09-10T12:25:35.404579+00:00,interpolated,-1.6100000068545341,3.430000014603138,0.7000000029802322
61.549261395,842358379518666877,842358380274251866,131,19,46305984000000,2026-09-10T12:25:35.404579+00:00,interpolated,-1.1900000050663948,9.240000039339066,3.2900000140070915
61.568151019,842358379537556501,842358380274251866,131,20,46305984000000,2026-09-10T12:25:35.404579+00:00,interpolated,0.07000000029802322,17.010000072419643,3.0100000128149986
61.587040644,842358379556446126,842358380274251866,131,21,46305984000000,2026-09-10T12:25:35.404579+00:00,interpolated,3.780000016093254,19.74000008404255,0.2800000011920929
61.605930269,842358379575335751,842358380274251866,131,22,46305984000000,2026-09-10T12:25:35.404579+00:00,interpolated,4.480000019073486,14.630000062286854,0.630000002682209
61.624819894,842358379594225376,842358380274251866,131,23,46305984000000,2026-09-10T12:25:35.404579+00:00,interpolated,6.160000026226044,10.080000042915344,2.800000011920929
61.643709518,842358379613115000,842358380274251866,131,24,46305984000000,2026-09-10T12:25:35.404579+00:00,interpolated,11.620000049471855,8.190000034868717,-1.1900000050663948
61.662599143,842358379632004625,842358380274251866,131,25,46305984000000,2026-09-10T12:25:35.404579+00:00,interpolated,15.890000067651272,12.040000051259995,-5.880000025033951
61.681488768,842358379650894250,842358380274251866,131,26,46305984000000,2026-09-10T12:25:35.404579+00:00,interpolated,18.620000079274178,25.690000109374523,-7.560000032186508
61.700378393,842358379669783875,842358380274251866,131,27,46305984000000,2026-09-10T12:25:35.404579+00:00,interpolated,21.980000093579292,32.480000138282776,-12.110000051558018
61.719268017,842358379688673499,842358380274251866,131,28,46305984000000,2026-09-10T12:25:35.404579+00:00,interpolated,24.99000010639429,29.470000125467777,-20.510000087320805
61.738157642,842358379707563124,842358380274251866,131,29,46305984000000,2026-09-10T12:25:35.404579+00:00,interpolated,28.84000012278557,29.12000012397766,-27.79000011831522
61.757047267,842358379726452749,842358380274251866,131,30,46305984000000,2026-09-10T12:25:35.404579+00:00,interpolated,31.150000132620335,31.990000136196613,-33.320000141859055
61.775936891,842358379745342373,842358380274251866,131,31,46305984000000,2026-09-10T12:25:35.404579+00:00,interpolated,31.08000013232231,34.58000014722347,-39.27000016719103
61.794826516,842358379764231998,842358380274251866,131,32,46305984000000,2026-09-10T12:25:35.404579+00:00,interpolated,31.430000133812428,36.89000015705824,-45.080000191926956
61.813716141,842358379783121623,842358380274251866,131,33,46305984000000,2026-09-10T12:25:35.404579+00:00,interpolated,32.83000013977289,40.040000170469284,-49.77000021189451
61.832605766,842358379802011248,842358380274251866,131,34,46305984000000,2026-09-10T12:25:35.404579+00:00,interpolated,34.23000014573336,43.4000001847744,-52.99000022560358
61.85149539,842358379820900872,842358380274251866,131,35,46305984000000,2026-09-10T12:25:35.404579+00:00,interpolated,35.42000015079975,47.74000020325184,-54.04000023007393
61.870385015,842358379839790497,842358380274251866,131,36,46305984000000,2026-09-10T12:25:35.404579+00:00,interpolated,36.33000015467405,52.50000022351742,-52.220000222325325
61.88927464,842358379858680122,842358380274251866,131,37,46305984000000,2026-09-10T12:25:35.404579+00:00,interpolated,36.19000015407801,56.49000024050474,-49.420000210404396
61.908164265,842358379877569747,842358380274251866,131,38,46305984000000,2026-09-10T12:25:35.404579+00:00,interpolated,34.02000014483929,57.96000024676323,-46.130000196397305
61.927053889,842358379896459371,842358380274251866,131,39,46305984000000,2026-09-10T12:25:35.404579+00:00,interpolated,31.71000013500452,55.020000234246254,-42.77000018209219
61.945943514,842358379915348996,842358380274251866,131,40,46305984000000,2026-09-10T12:25:35.404579+00:00,interpolated,28.84000012278557,47.81000020354986,-39.200000166893005
61.964833139,842358379934238621,842358380274251866,131,41,46305984000000,2026-09-10T12:25:35.404579+00:00,interpolated,25.130000106990337,38.15000016242266,-34.16000014543533
61.983722764,842358379953128246,842358380274251866,131,42,46305984000000,2026-09-10T12:25:35.404579+00:00,interpolated,19.180000081658363,26.180000111460686,-28.280000120401382
62.002612388,842358379972017870,842358380274251866,131,43,46305984000000,2026-09-10T12:25:35.404579+00:00,interpolated,12.60000005364418,12.740000054240227,-22.190000094473362
62.021502013,842358379990907495,842358380274251866,131,44,46305984000000,2026-09-10T12:25:35.404579+00:00,interpolated,6.860000029206276,0.9100000038743019,-15.820000067353249
62.040391638,842358380009797120,842358380274251866,131,45,46305984000000,2026-09-10T12:25:35.404579+00:00,interpolated,0.07000000029802322,-9.170000039041042,-10.64000004529953
62.059281262,842358380028686744,842358380274251866,131,46,46305984000000,2026-09-10T12:25:35.404579+00:00,interpolated,-5.320000022649765,-18.620000079274178,-5.740000024437904
62.078170887,842358380047576369,842358380274251866,131,47,46305984000000,2026-09-10T12:25:35.404579+00:00,interpolated,-8.47000003606081,-25.20000010728836,-0.5600000023841858
62.097060512,842358380066465994,842358380274251866,131,48,46305984000000,2026-09-10T12:25:35.404579+00:00,interpolated,-9.240000039339066,-28.770000122487545,3.430000014603138
62.115950137,842358380085355619,842358380274251866,131,49,46305984000000,2026-09-10T12:25:35.404579+00:00,interpolated,-11.620000049471855,-32.34000013768673,4.480000019073486
62.134839761,842358380104245243,842358380274251866,131,50,46305984000000,2026-09-10T12:25:35.404579+00:00,interpolated,-11.270000047981739,-32.41000013798475,1.7500000074505806
62.153729386,842358380123134868,842358380274251866,131,51,46305984000000,2026-09-10T12:25:35.404579+00:00,interpolated,-7.000000029802322,-23.87000010162592,-1.4000000059604645
62.172619011,842358380142024493,842358380274251866,131,52,46305984000000,2026-09-10T12:25:35.404579+00:00,interpolated,-1.890000008046627,-11.900000050663948,-3.780000016093254
62.191508636,842358380160914118,842358380274251866,131,53,46305984000000,2026-09-10T12:25:35.404579+00:00,interpolated,3.0100000128149986,-2.5900000110268593,-5.530000023543835
62.21039826,842358380179803742,842358380274251866,131,54,46305984000000,2026-09-10T12:25:35.404579+00:00,interpolated,5.320000022649765,0.8400000035762787,-6.930000029504299
62.229287885,842358380198693367,842358380274251866,131,55,46305984000000,2026-09-10T12:25:35.404579+00:00,interpolated,3.710000015795231,-2.240000009536743,-8.120000034570694
62.24817751,842358380217582992,842358380274251866,131,56,46305984000000,2026-09-10T12:25:35.404579+00:00,interpolated,0.5600000023841858,-9.800000041723251,-9.100000038743019
62.267067135,842358380236472617,842358380274251866,131,57,46305984000000,2026-09-10T12:25:35.404579+00:00,interpolated,-2.1000000089406967,-17.220000073313713,-10.080000042915344
62.285956759,842358380255362241,842358380274251866,131,58,46305984000000,2026-09-10T12:25:35.404579+00:00,interpolated,-3.2900000140070915,-21.560000091791153,-10.8500000461936
62.304846384,842358380274251866,842358380274251866,131,59,46305984000000,2026-09-10T12:25:35.404579+00:00,interpolated,-4.200000017881393,-22.33000009506941,-10.8500000461936
62.323735994,842358380293141476,842358381615414206,135,0,46307640000000,2026-09-10T12:25:37.054197+00:00,interpolated,-4.34000001847744,-19.460000082850456,-10.22000004351139
62.342625605,842358380312031087,842358381615414206,135,1,46307640000000,2026-09-10T12:25:37.054197+00:00,interpolated,-3.080000013113022,-14.280000060796738,-9.310000039637089
62.361515215,842358380330920697,842358381615414206,135,2,46307640000000,2026-09-10T12:25:37.054197+00:00,interpolated,-1.4700000062584877,-8.68000003695488,-8.05000003427267
62.380404826,842358380349810308,842358381615414206,135,3,46307640000000,2026-09-10T12:25:37.054197+00:00,interpolated,-0.2800000011920929,-6.230000026524067,-7.070000030100346
62.399294436,842358380368699918,842358381615414206,135,4,46307640000000,2026-09-10T12:25:37.054197+00:00,interpolated,0.9800000041723251,-4.410000018775463,-6.7200000286102295
62.418184047,842358380387589529,842358381615414206,135,5,46307640000000,2026-09-10T12:25:37.054197+00:00,interpolated,2.520000010728836,-1.7500000074505806,-6.580000028014183
62.437073657,842358380406479139,842358381615414206,135,6,46307640000000,2026-09-10T12:25:37.054197+00:00,interpolated,2.6600000113248825,-1.0500000044703484,-6.370000027120113
62.455963267,842358380425368749,842358381615414206,135,7,46307640000000,2026-09-10T12:25:37.054197+00:00,interpolated,0.9800000041723251,-3.9200000166893005,-6.0900000259280205
62.474852878,842358380444258360,842358381615414206,135,8,46307640000000,2026-09-10T12:25:37.054197+00:00,interpolated,-0.9800000041723251,-8.610000036656857,-6.0900000259280205
62.493742488,842358380463147970,842358381615414206,135,9,46307640000000,2026-09-10T12:25:37.054197+00:00,interpolated,-1.890000008046627,-12.39000005275011,-6.30000002682209
62.512632099,842358380482037581,842358381615414206,135,10,46307640000000,2026-09-10T12:25:37.054197+00:00,interpolated,-1.6800000071525574,-12.60000005364418,-5.810000024735928
62.531521709,842358380500927191,842358381615414206,135,11,46307640000000,2026-09-10T12:25:37.054197+00:00,interpolated,-1.9600000083446503,-9.730000041425228,-5.110000021755695
62.550411319,842358380519816801,842358381615414206,135,12,46307640000000,2026-09-10T12:25:37.054197+00:00,interpolated,-2.240000009536743,-5.600000023841858,-4.480000019073486
62.56930093,842358380538706412,842358381615414206,135,13,46307640000000,2026-09-10T12:25:37.054197+00:00,interpolated,-1.4700000062584877,-1.1900000050663948,-4.5500000193715096
62.58819054,842358380557596022,842358381615414206,135,14,46307640000000,2026-09-10T12:25:37.054197+00:00,interpolated,-0.5600000023841858,1.1200000047683716,-4.8300000205636024
62.607080151,842358380576485633,842358381615414206,135,15,46307640000000,2026-09-10T12:25:37.054197+00:00,interpolated,-0.3500000014901161,0.42000000178813934,-4.900000020861626
62.625969761,842358380595375243,842358381615414206,135,16,46307640000000,2026-09-10T12:25:37.054197+00:00,interpolated,0.14000000059604645,-1.3300000056624413,-4.5500000193715096
62.644859372,842358380614264854,842358381615414206,135,17,46307640000000,2026-09-10T12:25:37.054197+00:00,interpolated,-0.42000000178813934,-2.0300000086426735,-3.710000015795231
62.663748982,842358380633154464,842358381615414206,135,18,46307640000000,2026-09-10T12:25:37.054197+00:00,interpolated,-1.9600000083446503,-3.430000014603138,-3.080000013113022
62.682638592,842358380652044074,842358381615414206,135,19,46307640000000,2026-09-10T12:25:37.054197+00:00,interpolated,-2.240000009536743,-5.040000021457672,-2.870000012218952
62.701528203,842358380670933685,842358381615414206,135,20,46307640000000,2026-09-10T12:25:37.054197+00:00,interpolated,-0.42000000178813934,-6.020000025629997,-2.7300000116229057
62.720417813,842358380689823295,842358381615414206,135,21,46307640000000,2026-09-10T12:25:37.054197+00:00,interpolated,1.6800000071525574,-5.530000023543835,-1.540000006556511
62.739307424,842358380708712906,842358381615414206,135,22,46307640000000,2026-09-10T12:25:37.054197+00:00,interpolated,2.450000010430813,-4.34000001847744,0.42000000178813934
62.758197034,842358380727602516,842358381615414206,135,23,46307640000000,2026-09-10T12:25:37.054197+00:00,interpolated,1.3300000056624413,-5.250000022351742,1.9600000083446503
62.777086645,842358380746492127,842358381615414206,135,24,46307640000000,2026-09-10T12:25:37.054197+00:00,interpolated,0.07000000029802322,-4.8300000205636024,2.800000011920929
62.795976255,842358380765381737,842358381615414206,135,25,46307640000000,2026-09-10T12:25:37.054197+00:00,interpolated,2.3800000101327896,-2.5900000110268593,3.710000015795231
62.814865865,842358380784271347,842358381615414206,135,26,46307640000000,2026-09-10T12:25:37.054197+00:00,interpolated,3.2900000140070915,-2.0300000086426735,6.0900000259280205
62.833755476,842358380803160958,842358381615414206,135,27,46307640000000,2026-09-10T12:25:37.054197+00:00,interpolated,0.3500000014901161,-6.7200000286102295,7.210000030696392
62.852645086,842358380822050568,842358381615414206,135,28,46307640000000,2026-09-10T12:25:37.054197+00:00,interpolated,-0.9100000038743019,-12.040000051259995,5.810000024735928
62.871534697,842358380840940179,842358381615414206,135,29,46307640000000,2026-09-10T12:25:37.054197+00:00,interpolated,-0.7000000029802322,-13.23000005632639,3.780000016093254
62.890424307,842358380859829789,842358381615414206,135,30,46307640000000,2026-09-10T12:25:37.054197+00:00,interpolated,-0.5600000023841858,-11.620000049471855,2.5900000110268593
62.909313918,842358380878719400,842358381615414206,135,31,46307640000000,2026-09-10T12:25:37.054197+00:00,interpolated,-2.0300000086426735,-10.64000004529953,2.0300000086426735
62.928203528,842358380897609010,842358381615414206,135,32,46307640000000,2026-09-10T12:25:37.054197+00:00,interpolated,-3.9200000166893005,-7.770000033080578,1.6800000071525574
62.947093138,842358380916498620,842358381615414206,135,33,46307640000000,2026-09-10T12:25:37.054197+00:00,interpolated,-4.5500000193715096,-0.2800000011920929,1.1900000050663948
62.965982749,842358380935388231,842358381615414206,135,34,46307640000000,2026-09-10T12:25:37.054197+00:00,interpolated,-3.500000014901161,7.630000032484531,0.7700000032782555
62.984872359,842358380954277841,842358381615414206,135,35,46307640000000,2026-09-10T12:25:37.054197+00:00,interpolated,-3.080000013113022,13.720000058412552,0.49000000208616257
63.00376197,842358380973167452,842358381615414206,135,36,46307640000000,2026-09-10T12:25:37.054197+00:00,interpolated,-4.900000020861626,17.57000007480383,-0.5600000023841858
63.02265158,842358380992057062,842358381615414206,135,37,46307640000000,2026-09-10T12:25:37.054197+00:00,interpolated,-6.370000027120113,20.510000087320805,-2.3800000101327896
63.04154119,842358381010946672,842358381615414206,135,38,46307640000000,2026-09-10T12:25:37.054197+00:00,interpolated,-6.0900000259280205,21.49000009149313,-3.3600000143051147
63.060430801,842358381029836283,842358381615414206,135,39,46307640000000,2026-09-10T12:25:37.054197+00:00,interpolated,-6.930000029504299,20.580000087618828,-3.2900000140070915
63.079320411,842358381048725893,842358381615414206,135,40,46307640000000,2026-09-10T12:25:37.054197+00:00,interpolated,-8.400000035762787,20.090000085532665,-3.710000015795231
63.098210022,842358381067615504,842358381615414206,135,41,46307640000000,2026-09-10T12:25:37.054197+00:00,interpolated,-9.310000039637089,18.410000078380108,-4.200000017881393
63.117099632,842358381086505114,842358381615414206,135,42,46307640000000,2026-09-10T12:25:37.054197+00:00,interpolated,-8.89000003784895,15.820000067353249,-4.270000018179417
63.135989243,842358381105394725,842358381615414206,135,43,46307640000000,2026-09-10T12:25:37.054197+00:00,interpolated,-6.51000002771616,10.500000044703484,-3.6400000154972076
63.154878853,842358381124284335,842358381615414206,135,44,46307640000000,2026-09-10T12:25:37.054197+00:00,interpolated,-7.630000032484531,7.140000030398369,-2.0300000086426735
63.173768463,842358381143173945,842358381615414206,135,45,46307640000000,2026-09-10T12:25:37.054197+00:00,interpolated,-8.400000035762787,8.05000003427267,-1.260000005364418
63.192658074,842358381162063556,842358381615414206,135,46,46307640000000,2026-09-10T12:25:37.054197+00:00,interpolated,-7.280000030994415,10.150000043213367,-1.1200000047683716
63.211547684,842358381180953166,842358381615414206,135,47,46307640000000,2026-09-10T12:25:37.054197+00:00,interpolated,-5.530000023543835,11.06000004708767,-0.5600000023841858
63.230437295,842358381199842777,842358381615414206,135,48,46307640000000,2026-09-10T12:25:37.054197+00:00,interpolated,-4.480000019073486,11.550000049173832,0.3500000014901161
63.249326905,842358381218732387,842358381615414206,135,49,46307640000000,2026-09-10T12:25:37.054197+00:00,interpolated,-4.620000019669533,13.160000056028366,1.3300000056624413
63.268216516,842358381237621998,842358381615414206,135,50,46307640000000,2026-09-10T12:25:37.054197+00:00,interpolated,-5.040000021457672,16.03000006824732,2.3800000101327896
63.287106126,842358381256511608,842358381615414206,135,51,46307640000000,2026-09-10T12:25:37.054197+00:00,interpolated,-5.390000022947788,17.220000073313713,3.2900000140070915
63.305995736,842358381275401218,842358381615414206,135,52,46307640000000,2026-09-10T12:25:37.054197+00:00,interpolated,-6.0900000259280205,14.630000062286854,3.9200000166893005
63.324885347,842358381294290829,842358381615414206,135,53,46307640000000,2026-09-10T12:25:37.054197+00:00,interpolated,-6.440000027418137,11.480000048875809,3.5700000151991844
63.343774957,842358381313180439,842358381615414206,135,54,46307640000000,2026-09-10T12:25:37.054197+00:00,interpolated,-6.370000027120113,10.010000042617321,3.3600000143051147
63.362664568,842358381332070050,842358381615414206,135,55,46307640000000,2026-09-10T12:25:37.054197+00:00,interpolated,-6.30000002682209,10.150000043213367,3.6400000154972076
63.381554178,842358381350959660,842358381615414206,135,56,46307640000000,2026-09-10T12:25:37.054197+00:00,interpolated,-7.000000029802322,9.170000039041042,4.200000017881393
63.400443789,842358381369849271,842358381615414206,135,57,46307640000000,2026-09-10T12:25:37.054197+00:00,interpolated,-7.770000033080578,7.420000031590462,4.5500000193715096
63.419333399,842358381388738881,842358381615414206,135,58,46307640000000,2026-09-10T12:25:37.054197+00:00,interpolated,-8.26000003516674,5.950000025331974,4.410000018775463
63.438223009,842358381407628491,842358381615414206,135,59,46307640000000,2026-09-10T12:25:37.054197+00:00,interpolated,-7.910000033676624,5.320000022649765,3.9200000166893005
63.45711262,842358381426518102,842358381615414206,135,60,46307640000000,2026-09-10T12:25:37.054197+00:00,interpolated,-6.580000028014183,5.250000022351742,3.430000014603138
63.47600223,842358381445407712,842358381615414206,135,61,46307640000000,2026-09-10T12:25:37.054197+00:00,interpolated,-5.670000024139881,5.810000024735928,2.9400000125169754
63.494891841,842358381464297323,842358381615414206,135,62,46307640000000,2026-09-10T12:25:37.054197+00:00,interpolated,-5.740000024437904,5.670000024139881,2.520000010728836
63.513781451,842358381483186933,842358381615414206,135,63,46307640000000,2026-09-10T12:25:37.054197+00:00,interpolated,-6.160000026226044,4.34000001847744,2.5900000110268593
63.532671061,842358381502076543,842358381615414206,135,64,46307640000000,2026-09-10T12:25:37.054197+00:00,interpolated,-6.580000028014183,2.800000011920929,2.3800000101327896
63.551560672,842358381520966154,842358381615414206,135,65,46307640000000,2026-09-10T12:25:37.054197+00:00,interpolated,-5.880000025033951,1.1900000050663948,1.7500000074505806
63.570450282,842358381539855764,842358381615414206,135,66,46307640000000,2026-09-10T12:25:37.054197+00:00,interpolated,-4.760000020265579,0.630000002682209,1.4000000059604645
63.589339893,842358381558745375,842358381615414206,135,67,46307640000000,2026-09-10T12:25:37.054197+00:00,interpolated,-3.8500000163912773,1.9600000083446503,1.0500000044703484
63.608229503,842358381577634985,842358381615414206,135,68,46307640000000,2026-09-10T12:25:37.054197+00:00,interpolated,-3.9900000169873238,3.9900000169873238,1.3300000056624413
63.627119114,842358381596524596,842358381615414206,135,69,46307640000000,2026-09-10T12:25:37.054197+00:00,interpolated,-3.9900000169873238,5.950000025331974,1.540000006556511
63.646008724,842358381615414206,842358381615414206,135,70,46307640000000,2026-09-10T12:25:37.054197+00:00,interpolated,-3.8500000163912773,6.30000002682209,1.4700000062584877
63.664898441,842358381634303923,842358382862135542,138,0,46308656000000,2026-09-10T12:25:38.074178+00:00,interpolated,-3.500000014901161,6.440000027418137,1.0500000044703484
63.683788158,842358381653193640,842358382862135542,138,1,46308656000000,2026-09-10T12:25:38.074178+00:00,interpolated,-3.500000014901161,6.580000028014183,0.5600000023841858
63.702677876,842358381672083358,842358382862135542,138,2,46308656000000,2026-09-10T12:25:38.074178+00:00,interpolated,-3.6400000154972076,7.000000029802322,0.21000000089406967
63.721567593,842358381690973075,842358382862135542,138,3,46308656000000,2026-09-10T12:25:38.074178+00:00,interpolated,-3.710000015795231,7.210000030696392,-0.14000000059604645
63.74045731,842358381709862792,842358382862135542,138,4,46308656000000,2026-09-10T12:25:38.074178+00:00,interpolated,-3.780000016093254,7.560000032186508,-0.3500000014901161
63.759347027,842358381728752509,842358382862135542,138,5,46308656000000,2026-09-10T12:25:38.074178+00:00,interpolated,-3.8500000163912773,7.910000033676624,-0.5600000023841858
63.778236744,842358381747642226,842358382862135542,138,6,46308656000000,2026-09-10T12:25:38.074178+00:00,interpolated,-3.8500000163912773,9.100000038743019,-0.7700000032782555
63.797126462,842358381766531944,842358382862135542,138,7,46308656000000,2026-09-10T12:25:38.074178+00:00,interpolated,-3.500000014901161,11.130000047385693,-0.8400000035762787
63.816016179,842358381785421661,842358382862135542,138,8,46308656000000,2026-09-10T12:25:38.074178+00:00,interpolated,-3.500000014901161,12.250000052154064,-1.1200000047683716
63.834905896,842358381804311378,842358382862135542,138,9,46308656000000,2026-09-10T12:25:38.074178+00:00,interpolated,-3.780000016093254,13.300000056624413,-1.6100000068545341
63.853795613,842358381823201095,842358382862135542,138,10,46308656000000,2026-09-10T12:25:38.074178+00:00,interpolated,-3.710000015795231,14.7700000628829,-1.8200000077486038
63.872685331,842358381842090813,842358382862135542,138,11,46308656000000,2026-09-10T12:25:38.074178+00:00,interpolated,-3.500000014901161,16.660000070929527,-1.6800000071525574
63.891575048,842358381860980530,842358382862135542,138,12,46308656000000,2026-09-10T12:25:38.074178+00:00,interpolated,-3.500000014901161,18.130000077188015,-1.6100000068545341
63.910464765,842358381879870247,842358382862135542,138,13,46308656000000,2026-09-10T12:25:38.074178+00:00,interpolated,-3.780000016093254,18.550000078976154,-1.890000008046627
63.929354482,842358381898759964,842358382862135542,138,14,46308656000000,2026-09-10T12:25:38.074178+00:00,interpolated,-3.3600000143051147,18.6900000795722,-2.3800000101327896
63.948244199,842358381917649681,842358382862135542,138,15,46308656000000,2026-09-10T12:25:38.074178+00:00,interpolated,-3.710000015795231,18.970000080764294,-2.240000009536743
63.967133917,842358381936539399,842358382862135542,138,16,46308656000000,2026-09-10T12:25:38.074178+00:00,interpolated,-4.060000017285347,18.6900000795722,-1.890000008046627
63.986023634,842358381955429116,842358382862135542,138,17,46308656000000,2026-09-10T12:25:38.074178+00:00,interpolated,-3.6400000154972076,18.6900000795722,-1.540000006556511
64.004913351,842358381974318833,842358382862135542,138,18,46308656000000,2026-09-10T12:25:38.074178+00:00,interpolated,-3.430000014603138,17.99000007659197,-1.0500000044703484
64.023803068,842358381993208550,842358382862135542,138,19,46308656000000,2026-09-10T12:25:38.074178+00:00,interpolated,-3.5700000151991844,17.010000072419643,-0.5600000023841858
64.042692785,842358382012098267,842358382862135542,138,20,46308656000000,2026-09-10T12:25:38.074178+00:00,interpolated,-3.2200000137090683,16.03000006824732,-0.5600000023841858
64.061582503,842358382030987985,842358382862135542,138,21,46308656000000,2026-09-10T12:25:38.074178+00:00,interpolated,-2.9400000125169754,14.910000063478947,-1.0500000044703484
64.08047222,842358382049877702,842358382862135542,138,22,46308656000000,2026-09-10T12:25:38.074178+00:00,interpolated,-2.870000012218952,12.81000005453825,-1.4000000059604645
64.099361937,842358382068767419,842358382862135542,138,23,46308656000000,2026-09-10T12:25:38.074178+00:00,interpolated,-2.800000011920929,10.360000044107437,-1.540000006556511
64.118251654,842358382087657136,842358382862135542,138,24,46308656000000,2026-09-10T12:25:38.074178+00:00,interpolated,-2.6600000113248825,7.3500000312924385,-1.8200000077486038
64.137141372,842358382106546854,842358382862135542,138,25,46308656000000,2026-09-10T12:25:38.074178+00:00,interpolated,-3.150000013411045,3.780000016093254,-2.3800000101327896
64.156031089,842358382125436571,842358382862135542,138,26,46308656000000,2026-09-10T12:25:38.074178+00:00,interpolated,-2.800000011920929,1.540000006556511,-2.870000012218952
64.174920806,842358382144326288,842358382862135542,138,27,46308656000000,2026-09-10T12:25:38.074178+00:00,interpolated,-2.3100000098347664,1.1200000047683716,-2.9400000125169754
64.193810523,842358382163216005,842358382862135542,138,28,46308656000000,2026-09-10T12:25:38.074178+00:00,interpolated,-2.3800000101327896,1.0500000044703484,-2.520000010728836
64.21270024,842358382182105722,842358382862135542,138,29,46308656000000,2026-09-10T12:25:38.074178+00:00,interpolated,-2.3800000101327896,0.2800000011920929,-2.240000009536743
64.231589958,842358382200995440,842358382862135542,138,30,46308656000000,2026-09-10T12:25:38.074178+00:00,interpolated,-1.6100000068545341,-0.21000000089406967,-2.240000009536743
64.250479675,842358382219885157,842358382862135542,138,31,46308656000000,2026-09-10T12:25:38.074178+00:00,interpolated,-1.0500000044703484,-0.3500000014901161,-2.240000009536743
64.269369392,842358382238774874,842358382862135542,138,32,46308656000000,2026-09-10T12:25:38.074178+00:00,interpolated,-1.0500000044703484,-0.8400000035762787,-2.1000000089406967
64.288259109,842358382257664591,842358382862135542,138,33,46308656000000,2026-09-10T12:25:38.074178+00:00,interpolated,-1.260000005364418,-1.3300000056624413,-2.0300000086426735
64.307148826,842358382276554308,842358382862135542,138,34,46308656000000,2026-09-10T12:25:38.074178+00:00,interpolated,-1.6100000068545341,-2.3100000098347664,-1.890000008046627
64.326038544,842358382295444026,842358382862135542,138,35,46308656000000,2026-09-10T12:25:38.074178+00:00,interpolated,-1.8200000077486038,-2.17000000923872,-1.8200000077486038
64.344928261,842358382314333743,842358382862135542,138,36,46308656000000,2026-09-10T12:25:38.074178+00:00,interpolated,-1.6800000071525574,-0.14000000059604645,-1.8200000077486038
64.363817978,842358382333223460,842358382862135542,138,37,46308656000000,2026-09-10T12:25:38.074178+00:00,interpolated,-1.4700000062584877,1.7500000074505806,-1.540000006556511
64.382707695,842358382352113177,842358382862135542,138,38,46308656000000,2026-09-10T12:25:38.074178+00:00,interpolated,-1.6800000071525574,2.1000000089406967,-1.4000000059604645
64.401597412,842358382371002894,842358382862135542,138,39,46308656000000,2026-09-10T12:25:38.074178+00:00,interpolated,-1.9600000083446503,2.3100000098347664,-1.260000005364418
64.42048713,842358382389892612,842358382862135542,138,40,46308656000000,2026-09-10T12:25:38.074178+00:00,interpolated,-2.240000009536743,1.9600000083446503,-1.3300000056624413
64.439376847,842358382408782329,842358382862135542,138,41,46308656000000,2026-09-10T12:25:38.074178+00:00,interpolated,-1.6100000068545341,0.7700000032782555,-1.260000005364418
64.458266564,842358382427672046,842358382862135542,138,42,46308656000000,2026-09-10T12:25:38.074178+00:00,interpolated,-0.07000000029802322,-0.3500000014901161,-0.7000000029802322
64.477156281,842358382446561763,842358382862135542,138,43,46308656000000,2026-09-10T12:25:38.074178+00:00,interpolated,0.8400000035762787,-2.9400000125169754,-1.1200000047683716
64.496045999,842358382465451481,842358382862135542,138,44,46308656000000,2026-09-10T12:25:38.074178+00:00,interpolated,3.2900000140070915,-7.420000031590462,-1.260000005364418
64.514935716,842358382484341198,842358382862135542,138,45,46308656000000,2026-09-10T12:25:38.074178+00:00,interpolated,5.600000023841858,-15.40000006556511,1.6100000068545341
64.533825433,842358382503230915,842358382862135542,138,46,46308656000000,2026-09-10T12:25:38.074178+00:00,interpolated,6.650000028312206,-26.530000112950802,4.620000019669533
64.55271515,842358382522120632,842358382862135542,138,47,46308656000000,2026-09-10T12:25:38.074178+00:00,interpolated,3.3600000143051147,-38.36000016331673,7.840000033378601
64.571604867,842358382541010349,842358382862135542,138,48,46308656000000,2026-09-10T12:25:38.074178+00:00,interpolated,0.21000000089406967,-47.670000202953815,13.23000005632639
64.590494585,842358382559900067,842358382862135542,138,49,46308656000000,2026-09-10T12:25:38.074178+00:00,interpolated,-4.900000020861626,-51.94000022113323,17.920000076293945
64.609384302,842358382578789784,842358382862135542,138,50,46308656000000,2026-09-10T12:25:38.074178+00:00,interpolated,-6.580000028014183,-57.54000024497509,21.49000009149313
64.628274019,842358382597679501,842358382862135542,138,51,46308656000000,2026-09-10T12:25:38.074178+00:00,interpolated,-5.040000021457672,-55.65000023692846,25.480000108480453
64.647163736,842358382616569218,842358382862135542,138,52,46308656000000,2026-09-10T12:25:38.074178+00:00,interpolated,-12.950000055134296,-53.3400002270937,28.00000011920929
64.666053453,842358382635458935,842358382862135542,138,53,46308656000000,2026-09-10T12:25:38.074178+00:00,interpolated,-17.7800000756979,-56.770000241696835,27.58000011742115
64.684943171,842358382654348653,842358382862135542,138,54,46308656000000,2026-09-10T12:25:38.074178+00:00,interpolated,-10.080000042915344,-48.510000206530094,26.600000113248825
64.703832888,842358382673238370,842358382862135542,138,55,46308656000000,2026-09-10T12:25:38.074178+00:00,interpolated,-2.3100000098347664,-33.950000144541264,24.99000010639429
64.722722605,842358382692128087,842358382862135542,138,56,46308656000000,2026-09-10T12:25:38.074178+00:00,interpolated,1.6800000071525574,-26.810000114142895,23.100000098347664
64.741612322,842358382711017804,842358382862135542,138,57,46308656000000,2026-09-10T12:25:38.074178+00:00,interpolated,4.690000019967556,-21.980000093579292,19.53000008314848
64.76050204,842358382729907522,842358382862135542,138,58,46308656000000,2026-09-10T12:25:38.074178+00:00,interpolated,8.26000003516674,-26.600000113248825,16.660000070929527
64.779391757,842358382748797239,842358382862135542,138,59,46308656000000,2026-09-10T12:25:38.074178+00:00,interpolated,12.950000055134296,-29.890000127255917,14.910000063478947
64.798281474,842358382767686956,842358382862135542,138,60,46308656000000,2026-09-10T12:25:38.074178+00:00,interpolated,19.32000008225441,-23.66000010073185,10.920000046491623
64.817171191,842358382786576673,842358382862135542,138,61,46308656000000,2026-09-10T12:25:38.074178+00:00,interpolated,18.48000007867813,-25.690000109374523,8.540000036358833
64.836060908,842358382805466390,842358382862135542,138,62,46308656000000,2026-09-10T12:25:38.074178+00:00,interpolated,11.690000049769878,-37.10000015795231,11.690000049769878
64.854950626,842358382824356108,842358382862135542,138,63,46308656000000,2026-09-10T12:25:38.074178+00:00,interpolated,5.950000025331974,-36.68000015616417,16.660000070929527
64.873840343,842358382843245825,842358382862135542,138,64,46308656000000,2026-09-10T12:25:38.074178+00:00,interpolated,4.200000017881393,-25.83000010997057,18.6900000795722
64.89273006,842358382862135542,842358382862135542,138,65,46308656000000,2026-09-10T12:25:38.074178+00:00,interpolated,2.6600000113248825,-12.320000052452087,18.200000077486038
64.911619702,842358382881025184,842358384562203292,142,0,46310218000000,2026-09-10T12:25:39.634224+00:00,interpolated,-0.630000002682209,-2.5900000110268593,17.430000074207783
64.930509343,842358382899914825,842358384562203292,142,1,46310218000000,2026-09-10T12:25:39.634224+00:00,interpolated,-4.620000019669533,2.5900000110268593,16.94000007212162
64.949398985,842358382918804467,842358384562203292,142,2,46310218000000,2026-09-10T12:25:39.634224+00:00,interpolated,-7.910000033676624,6.790000028908253,17.430000074207783
64.968288627,842358382937694109,842358384562203292,142,3,46310218000000,2026-09-10T12:25:39.634224+00:00,interpolated,-10.920000046491623,8.540000036358833,18.48000007867813
64.987178268,842358382956583750,842358384562203292,142,4,46310218000000,2026-09-10T12:25:39.634224+00:00,interpolated,-13.720000058412552,8.26000003516674,18.620000079274178
65.00606791,842358382975473392,842358384562203292,142,5,46310218000000,2026-09-10T12:25:39.634224+00:00,interpolated,-14.56000006198883,8.820000037550926,19.040000081062317
65.024957552,842358382994363034,842358384562203292,142,6,46310218000000,2026-09-10T12:25:39.634224+00:00,interpolated,-14.210000060498714,11.130000047385693,20.090000085532665
65.043847193,842358383013252675,842358384562203292,142,7,46310218000000,2026-09-10T12:25:39.634224+00:00,interpolated,-13.720000058412552,13.440000057220459,19.880000084638596
65.062736835,842358383032142317,842358384562203292,142,8,46310218000000,2026-09-10T12:25:39.634224+00:00,interpolated,-12.040000051259995,14.7700000628829,18.970000080764294
65.081626477,842358383051031959,842358384562203292,142,9,46310218000000,2026-09-10T12:25:39.634224+00:00,interpolated,-12.320000052452087,14.420000061392784,18.06000007688999
65.100516118,842358383069921600,842358384562203292,142,10,46310218000000,2026-09-10T12:25:39.634224+00:00,interpolated,-14.140000060200691,13.02000005543232,17.15000007301569
65.11940576,842358383088811242,842358384562203292,142,11,46310218000000,2026-09-10T12:25:39.634224+00:00,interpolated,-15.750000067055225,11.480000048875809,16.660000070929527
65.138295402,842358383107700884,842358384562203292,142,12,46310218000000,2026-09-10T12:25:39.634224+00:00,interpolated,-16.660000070929527,10.360000044107437,17.010000072419643
65.157185043,842358383126590525,842358384562203292,142,13,46310218000000,2026-09-10T12:25:39.634224+00:00,interpolated,-17.500000074505806,8.750000037252903,17.640000075101852
65.176074685,842358383145480167,842358384562203292,142,14,46310218000000,2026-09-10T12:25:39.634224+00:00,interpolated,-18.620000079274178,7.070000030100346,17.430000074207783
65.194964327,842358383164369809,842358384562203292,142,15,46310218000000,2026-09-10T12:25:39.634224+00:00,interpolated,-20.020000085234642,6.860000029206276,16.660000070929527
65.213853968,842358383183259450,842358384562203292,142,16,46310218000000,2026-09-10T12:25:39.634224+00:00,interpolated,-20.16000008583069,7.210000030696392,16.450000070035458
65.23274361,842358383202149092,842358384562203292,142,17,46310218000000,2026-09-10T12:25:39.634224+00:00,interpolated,-19.95000008493662,8.540000036358833,15.960000067949295
65.251633252,842358383221038734,842358384562203292,142,18,46310218000000,2026-09-10T12:25:39.634224+00:00,interpolated,-19.180000081658363,9.450000040233135,16.03000006824732
65.270522893,842358383239928375,842358384562203292,142,19,46310218000000,2026-09-10T12:25:39.634224+00:00,interpolated,-18.340000078082085,10.43000004440546,15.750000067055225
65.289412535,842358383258818017,842358384562203292,142,20,46310218000000,2026-09-10T12:25:39.634224+00:00,interpolated,-17.36000007390976,12.110000051558018,14.56000006198883
65.308302177,842358383277707659,842358384562203292,142,21,46310218000000,2026-09-10T12:25:39.634224+00:00,interpolated,-16.590000070631504,12.460000053048134,14.000000059604645
65.327191818,842358383296597300,842358384562203292,142,22,46310218000000,2026-09-10T12:25:39.634224+00:00,interpolated,-16.10000006854534,10.920000046491623,14.070000059902668
65.34608146,842358383315486942,842358384562203292,142,23,46310218000000,2026-09-10T12:25:39.634224+00:00,interpolated,-15.680000066757202,9.660000041127205,13.440000057220459
65.364971102,842358383334376584,842358384562203292,142,24,46310218000000,2026-09-10T12:25:39.634224+00:00,interpolated,-14.98000006377697,8.540000036358833,12.950000055134296
65.383860743,842358383353266225,842358384562203292,142,25,46310218000000,2026-09-10T12:25:39.634224+00:00,interpolated,-14.98000006377697,8.47000003606081,12.60000005364418
65.402750385,842358383372155867,842358384562203292,142,26,46310218000000,2026-09-10T12:25:39.634224+00:00,interpolated,-14.7700000628829,7.420000031590462,11.480000048875809
65.421640027,842358383391045509,842358384562203292,142,27,46310218000000,2026-09-10T12:25:39.634224+00:00,interpolated,-13.580000057816505,6.7200000286102295,10.360000044107437
65.440529668,842358383409935150,842358384562203292,142,28,46310218000000,2026-09-10T12:25:39.634224+00:00,interpolated,-12.320000052452087,6.580000028014183,10.150000043213367
65.45941931,842358383428824792,842358384562203292,142,29,46310218000000,2026-09-10T12:25:39.634224+00:00,interpolated,-11.760000050067902,6.7200000286102295,9.450000040233135
65.478308952,842358383447714434,842358384562203292,142,30,46310218000000,2026-09-10T12:25:39.634224+00:00,interpolated,-11.340000048279762,6.650000028312206,8.400000035762787
65.497198593,842358383466604075,842358384562203292,142,31,46310218000000,2026-09-10T12:25:39.634224+00:00,interpolated,-10.710000045597553,5.670000024139881,7.140000030398369
65.516088235,842358383485493717,842358384562203292,142,32,46310218000000,2026-09-10T12:25:39.634224+00:00,interpolated,-10.150000043213367,3.9200000166893005,5.740000024437904
65.534977877,842358383504383359,842358384562203292,142,33,46310218000000,2026-09-10T12:25:39.634224+00:00,interpolated,-9.590000040829182,2.5900000110268593,5.250000022351742
65.553867518,842358383523273000,842358384562203292,142,34,46310218000000,2026-09-10T12:25:39.634224+00:00,interpolated,-8.820000037550926,1.4000000059604645,4.760000020265579
65.57275716,842358383542162642,842358384562203292,142,35,46310218000000,2026-09-10T12:25:39.634224+00:00,interpolated,-7.910000033676624,1.7500000074505806,3.780000016093254
65.591646802,842358383561052284,842358384562203292,142,36,46310218000000,2026-09-10T12:25:39.634224+00:00,interpolated,-7.000000029802322,1.4700000062584877,3.150000013411045
65.610536443,842358383579941925,842358384562203292,142,37,46310218000000,2026-09-10T12:25:39.634224+00:00,interpolated,-6.580000028014183,0.7700000032782555,2.870000012218952
65.629426085,842358383598831567,842358384562203292,142,38,46310218000000,2026-09-10T12:25:39.634224+00:00,interpolated,-5.950000025331974,1.540000006556511,2.240000009536743
65.648315727,842358383617721209,842358384562203292,142,39,46310218000000,2026-09-10T12:25:39.634224+00:00,interpolated,-5.040000021457672,3.6400000154972076,1.3300000056624413
65.667205368,842358383636610850,842358384562203292,142,40,46310218000000,2026-09-10T12:25:39.634224+00:00,interpolated,-4.13000001758337,4.8300000205636024,0.9100000038743019
65.68609501,842358383655500492,842358384562203292,142,41,46310218000000,2026-09-10T12:25:39.634224+00:00,interpolated,-4.13000001758337,4.060000017285347,0.9800000041723251
65.704984652,842358383674390134,842358384562203292,142,42,46310218000000,2026-09-10T12:25:39.634224+00:00,interpolated,-4.13000001758337,2.870000012218952,0.7000000029802322
65.723874293,842358383693279775,842358384562203292,142,43,46310218000000,2026-09-10T12:25:39.634224+00:00,interpolated,-4.13000001758337,2.520000010728836,0.42000000178813934
65.742763935,842358383712169417,842358384562203292,142,44,46310218000000,2026-09-10T12:25:39.634224+00:00,interpolated,-4.270000018179417,2.17000000923872,0.3500000014901161
65.761653577,842358383731059059,842358384562203292,142,45,46310218000000,2026-09-10T12:25:39.634224+00:00,interpolated,-3.9900000169873238,1.890000008046627,-0.14000000059604645
65.780543218,842358383749948700,842358384562203292,142,46,46310218000000,2026-09-10T12:25:39.634224+00:00,interpolated,-3.5700000151991844,2.17000000923872,-1.3300000056624413
65.79943286,842358383768838342,842358384562203292,142,47,46310218000000,2026-09-10T12:25:39.634224+00:00,interpolated,-3.2200000137090683,1.540000006556511,-2.1000000089406967
65.818322502,842358383787727984,842358384562203292,142,48,46310218000000,2026-09-10T12:25:39.634224+00:00,interpolated,-2.520000010728836,0.630000002682209,-2.450000010430813
65.837212143,842358383806617625,842358384562203292,142,49,46310218000000,2026-09-10T12:25:39.634224+00:00,interpolated,-1.890000008046627,1.3300000056624413,-2.240000009536743
65.856101785,842358383825507267,842358384562203292,142,50,46310218000000,2026-09-10T12:25:39.634224+00:00,interpolated,-2.1000000089406967,1.6800000071525574,-1.890000008046627
65.874991427,842358383844396909,842358384562203292,142,51,46310218000000,2026-09-10T12:25:39.634224+00:00,interpolated,-2.5900000110268593,1.3300000056624413,-1.6800000071525574
65.893881068,842358383863286550,842358384562203292,142,52,46310218000000,2026-09-10T12:25:39.634224+00:00,interpolated,-2.240000009536743,1.6100000068545341,-1.890000008046627
65.91277071,842358383882176192,842358384562203292,142,53,46310218000000,2026-09-10T12:25:39.634224+00:00,interpolated,-1.8200000077486038,2.450000010430813,-1.9600000083446503
65.931660352,842358383901065834,842358384562203292,142,54,46310218000000,2026-09-10T12:25:39.634224+00:00,interpolated,-1.890000008046627,2.0300000086426735,-2.0300000086426735
65.950549993,842358383919955475,842358384562203292,142,55,46310218000000,2026-09-10T12:25:39.634224+00:00,interpolated,-2.240000009536743,0.9100000038743019,-2.240000009536743
65.969439635,842358383938845117,842358384562203292,142,56,46310218000000,2026-09-10T12:25:39.634224+00:00,interpolated,-2.1000000089406967,0.49000000208616257,-2.450000010430813
65.988329277,842358383957734759,842358384562203292,142,57,46310218000000,2026-09-10T12:25:39.634224+00:00,interpolated,-2.0300000086426735,0.21000000089406967,-2.3800000101327896
66.007218918,842358383976624400,842358384562203292,142,58,46310218000000,2026-09-10T12:25:39.634224+00:00,interpolated,-2.0300000086426735,0.14000000059604645,-2.5900000110268593
66.02610856,842358383995514042,842358384562203292,142,59,46310218000000,2026-09-10T12:25:39.634224+00:00,interpolated,-1.890000008046627,0.630000002682209,-2.6600000113248825
66.044998202,842358384014403684,842358384562203292,142,60,46310218000000,2026-09-10T12:25:39.634224+00:00,interpolated,-1.6800000071525574,0.630000002682209,-2.450000010430813
66.063887843,842358384033293325,842358384562203292,142,61,46310218000000,2026-09-10T12:25:39.634224+00:00,interpolated,-1.540000006556511,0.9100000038743019,-2.0300000086426735
66.082777485,842358384052182967,842358384562203292,142,62,46310218000000,2026-09-10T12:25:39.634224+00:00,interpolated,-1.6100000068545341,0.9800000041723251,-1.890000008046627
66.101667127,842358384071072609,842358384562203292,142,63,46310218000000,2026-09-10T12:25:39.634224+00:00,interpolated,-1.4000000059604645,1.4000000059604645,-2.0300000086426735
66.120556768,842358384089962250,842358384562203292,142,64,46310218000000,2026-09-10T12:25:39.634224+00:00,interpolated,-1.4000000059604645,1.6100000068545341,-1.890000008046627
66.13944641,842358384108851892,842358384562203292,142,65,46310218000000,2026-09-10T12:25:39.634224+00:00,interpolated,-1.8200000077486038,1.1900000050663948,-1.890000008046627
66.158336052,842358384127741534,842358384562203292,142,66,46310218000000,2026-09-10T12:25:39.634224+00:00,interpolated,-1.7500000074505806,0.2800000011920929,-1.9600000083446503
66.177225693,842358384146631175,842358384562203292,142,67,46310218000000,2026-09-10T12:25:39.634224+00:00,interpolated,-1.540000006556511,0.21000000089406967,-1.7500000074505806
66.196115335,842358384165520817,842358384562203292,142,68,46310218000000,2026-09-10T12:25:39.634224+00:00,interpolated,-1.3300000056624413,1.1200000047683716,-1.6100000068545341
66.215004977,842358384184410459,842358384562203292,142,69,46310218000000,2026-09-10T12:25:39.634224+00:00,interpolated,-1.4000000059604645,2.450000010430813,-1.540000006556511
66.233894618,842358384203300100,842358384562203292,142,70,46310218000000,2026-09-10T12:25:39.634224+00:00,interpolated,-1.6100000068545341,1.890000008046627,-1.6100000068545341
66.25278426,842358384222189742,842358384562203292,142,71,46310218000000,2026-09-10T12:25:39.634224+00:00,interpolated,-2.1000000089406967,0.42000000178813934,-1.6100000068545341
66.271673902,842358384241079384,842358384562203292,142,72,46310218000000,2026-09-10T12:25:39.634224+00:00,interpolated,-2.0300000086426735,-0.14000000059604645,-1.4700000062584877
66.290563543,842358384259969025,842358384562203292,142,73,46310218000000,2026-09-10T12:25:39.634224+00:00,interpolated,-1.9600000083446503,0.5600000023841858,-1.260000005364418
66.309453185,842358384278858667,842358384562203292,142,74,46310218000000,2026-09-10T12:25:39.634224+00:00,interpolated,-1.890000008046627,1.1900000050663948,-0.9800000041723251
66.328342827,842358384297748309,842358384562203292,142,75,46310218000000,2026-09-10T12:25:39.634224+00:00,interpolated,-2.3100000098347664,1.3300000056624413,-0.49000000208616257
66.347232468,842358384316637950,842358384562203292,142,76,46310218000000,2026-09-10T12:25:39.634224+00:00,interpolated,-2.3100000098347664,1.4000000059604645,-0.21000000089406967
66.36612211,842358384335527592,842358384562203292,142,77,46310218000000,2026-09-10T12:25:39.634224+00:00,interpolated,-2.3800000101327896,1.9600000083446503,-0.14000000059604645
66.385011752,842358384354417234,842358384562203292,142,78,46310218000000,2026-09-10T12:25:39.634224+00:00,interpolated,-2.240000009536743,1.9600000083446503,-0.42000000178813934
66.403901393,842358384373306875,842358384562203292,142,79,46310218000000,2026-09-10T12:25:39.634224+00:00,interpolated,-2.3800000101327896,0.8400000035762787,-0.49000000208616257
66.422791035,842358384392196517,842358384562203292,142,80,46310218000000,2026-09-10T12:25:39.634224+00:00,interpolated,-2.5900000110268593,0.07000000029802322,-0.2800000011920929
66.441680677,842358384411086159,842358384562203292,142,81,46310218000000,2026-09-10T12:25:39.634224+00:00,interpolated,-2.7300000116229057,0.3500000014901161,-0.07000000029802322
66.460570318,842358384429975800,842358384562203292,142,82,46310218000000,2026-09-10T12:25:39.634224+00:00,interpolated,-2.6600000113248825,1.0500000044703484,0.14000000059604645
66.47945996,842358384448865442,842358384562203292,142,83,46310218000000,2026-09-10T12:25:39.634224+00:00,interpolated,-2.3100000098347664,1.1900000050663948,0.21000000089406967
66.498349602,842358384467755084,842358384562203292,142,84,46310218000000,2026-09-10T12:25:39.634224+00:00,interpolated,-2.17000000923872,1.540000006556511,0.07000000029802322
66.517239243,842358384486644725,842358384562203292,142,85,46310218000000,2026-09-10T12:25:39.634224+00:00,interpolated,-2.17000000923872,1.9600000083446503,-0.07000000029802322
66.536128885,842358384505534367,842358384562203292,142,86,46310218000000,2026-09-10T12:25:39.634224+00:00,interpolated,-2.17000000923872,2.17000000923872,-0.14000000059604645
66.555018527,842358384524424009,842358384562203292,142,87,46310218000000,2026-09-10T12:25:39.634224+00:00,interpolated,-2.17000000923872,1.8200000077486038,-0.3500000014901161
66.573908168,842358384543313650,842358384562203292,142,88,46310218000000,2026-09-10T12:25:39.634224+00:00,interpolated,-2.520000010728836,1.1900000050663948,-0.5600000023841858
66.59279781,842358384562203292,842358384562203292,142,89,46310218000000,2026-09-10T12:25:39.634224+00:00,interpolated,-2.6600000113248825,1.0500000044703484,-0.49000000208616257
66.611687786,842358384581093268,842358386337861080,145,0,46312046000000,2026-09-10T12:25:41.464322+00:00,interpolated,-2.520000010728836,1.4700000062584877,-0.3500000014901161
66.630577763,842358384599983245,842358386337861080,145,1,46312046000000,2026-09-10T12:25:41.464322+00:00,interpolated,-2.3100000098347664,2.0300000086426735,-0.3500000014901161
66.649467739,842358384618873221,842358386337861080,145,2,46312046000000,2026-09-10T12:25:41.464322+00:00,interpolated,-2.3800000101327896,2.0300000086426735,-0.49000000208616257
66.668357716,842358384637763198,842358386337861080,145,3,46312046000000,2026-09-10T12:25:41.464322+00:00,interpolated,-2.5900000110268593,1.1200000047683716,-0.7000000029802322
66.687247692,842358384656653174,842358386337861080,145,4,46312046000000,2026-09-10T12:25:41.464322+00:00,interpolated,-2.520000010728836,0.5600000023841858,-0.8400000035762787
66.706137669,842358384675543151,842358386337861080,145,5,46312046000000,2026-09-10T12:25:41.464322+00:00,interpolated,-2.3100000098347664,0.8400000035762787,-0.9800000041723251
66.725027645,842358384694433127,842358386337861080,145,6,46312046000000,2026-09-10T12:25:41.464322+00:00,interpolated,-2.0300000086426735,1.260000005364418,-0.7700000032782555
66.743917622,842358384713323104,842358386337861080,145,7,46312046000000,2026-09-10T12:25:41.464322+00:00,interpolated,-2.3800000101327896,1.7500000074505806,-0.9100000038743019
66.762807598,842358384732213080,842358386337861080,145,8,46312046000000,2026-09-10T12:25:41.464322+00:00,interpolated,-1.9600000083446503,2.870000012218952,-0.9800000041723251
66.781697575,842358384751103057,842358386337861080,145,9,46312046000000,2026-09-10T12:25:41.464322+00:00,interpolated,-1.9600000083446503,2.450000010430813,-0.7000000029802322
66.800587551,842358384769993033,842358386337861080,145,10,46312046000000,2026-09-10T12:25:41.464322+00:00,interpolated,-2.0300000086426735,0.9100000038743019,-0.630000002682209
66.819477528,842358384788883010,842358386337861080,145,11,46312046000000,2026-09-10T12:25:41.464322+00:00,interpolated,-2.520000010728836,0.0,-0.7000000029802322
66.838367504,842358384807772986,842358386337861080,145,12,46312046000000,2026-09-10T12:25:41.464322+00:00,interpolated,-2.3800000101327896,0.5600000023841858,-0.9100000038743019
66.857257481,842358384826662963,842358386337861080,145,13,46312046000000,2026-09-10T12:25:41.464322+00:00,interpolated,-2.17000000923872,1.7500000074505806,-0.9100000038743019
66.876147457,842358384845552939,842358386337861080,145,14,46312046000000,2026-09-10T12:25:41.464322+00:00,interpolated,-1.890000008046627,1.9600000083446503,-0.9800000041723251
66.895037433,842358384864442915,842358386337861080,145,15,46312046000000,2026-09-10T12:25:41.464322+00:00,interpolated,-1.890000008046627,1.3300000056624413,-1.1900000050663948
66.91392741,842358384883332892,842358386337861080,145,16,46312046000000,2026-09-10T12:25:41.464322+00:00,interpolated,-2.1000000089406967,0.630000002682209,-1.4000000059604645
66.932817386,842358384902222868,842358386337861080,145,17,46312046000000,2026-09-10T12:25:41.464322+00:00,interpolated,-2.17000000923872,0.49000000208616257,-1.3300000056624413
66.951707363,842358384921112845,842358386337861080,145,18,46312046000000,2026-09-10T12:25:41.464322+00:00,interpolated,-1.890000008046627,1.1200000047683716,-1.3300000056624413
66.970597339,842358384940002821,842358386337861080,145,19,46312046000000,2026-09-10T12:25:41.464322+00:00,interpolated,-1.9600000083446503,1.8200000077486038,-1.6100000068545341
66.989487316,842358384958892798,842358386337861080,145,20,46312046000000,2026-09-10T12:25:41.464322+00:00,interpolated,-2.17000000923872,1.0500000044703484,-1.6800000071525574
67.008377292,842358384977782774,842358386337861080,145,21,46312046000000,2026-09-10T12:25:41.464322+00:00,interpolated,-2.520000010728836,0.07000000029802322,-1.540000006556511
67.027267269,842358384996672751,842358386337861080,145,22,46312046000000,2026-09-10T12:25:41.464322+00:00,interpolated,-2.450000010430813,0.21000000089406967,-1.6100000068545341
67.046157245,842358385015562727,842358386337861080,145,23,46312046000000,2026-09-10T12:25:41.464322+00:00,interpolated,-2.17000000923872,1.0500000044703484,-1.6100000068545341
67.065047222,842358385034452704,842358386337861080,145,24,46312046000000,2026-09-10T12:25:41.464322+00:00,interpolated,-2.1000000089406967,1.4000000059604645,-1.6800000071525574
67.083937198,842358385053342680,842358386337861080,145,25,46312046000000,2026-09-10T12:25:41.464322+00:00,interpolated,-2.17000000923872,1.1900000050663948,-2.0300000086426735
67.102827175,842358385072232657,842358386337861080,145,26,46312046000000,2026-09-10T12:25:41.464322+00:00,interpolated,-2.0300000086426735,0.9800000041723251,-2.5900000110268593
67.121717151,842358385091122633,842358386337861080,145,27,46312046000000,2026-09-10T12:25:41.464322+00:00,interpolated,-1.7500000074505806,0.14000000059604645,-2.6600000113248825
67.140607128,842358385110012610,842358386337861080,145,28,46312046000000,2026-09-10T12:25:41.464322+00:00,interpolated,-1.7500000074505806,-0.7000000029802322,-2.450000010430813
67.159497104,842358385128902586,842358386337861080,145,29,46312046000000,2026-09-10T12:25:41.464322+00:00,interpolated,-1.7500000074505806,-0.14000000059604645,-2.240000009536743
67.178387081,842358385147792563,842358386337861080,145,30,46312046000000,2026-09-10T12:25:41.464322+00:00,interpolated,-1.6100000068545341,0.7700000032782555,-2.240000009536743
67.197277057,842358385166682539,842358386337861080,145,31,46312046000000,2026-09-10T12:25:41.464322+00:00,interpolated,-1.4700000062584877,1.0500000044703484,-2.450000010430813
67.216167033,842358385185572515,842358386337861080,145,32,46312046000000,2026-09-10T12:25:41.464322+00:00,interpolated,-1.3300000056624413,0.42000000178813934,-2.6600000113248825
67.23505701,842358385204462492,842358386337861080,145,33,46312046000000,2026-09-10T12:25:41.464322+00:00,interpolated,-1.6100000068545341,-0.2800000011920929,-2.6600000113248825
67.253946986,842358385223352468,842358386337861080,145,34,46312046000000,2026-09-10T12:25:41.464322+00:00,interpolated,-1.6100000068545341,-0.3500000014901161,-2.800000011920929
67.272836963,842358385242242445,842358386337861080,145,35,46312046000000,2026-09-10T12:25:41.464322+00:00,interpolated,-1.1900000050663948,-0.07000000029802322,-2.9400000125169754
67.291726939,842358385261132421,842358386337861080,145,36,46312046000000,2026-09-10T12:25:41.464322+00:00,interpolated,-1.1200000047683716,-0.14000000059604645,-3.0100000128149986
67.310616916,842358385280022398,842358386337861080,145,37,46312046000000,2026-09-10T12:25:41.464322+00:00,interpolated,-1.3300000056624413,0.21000000089406967,-2.9400000125169754
67.329506892,842358385298912374,842358386337861080,145,38,46312046000000,2026-09-10T12:25:41.464322+00:00,interpolated,-1.6100000068545341,0.0,-2.800000011920929
67.348396869,842358385317802351,842358386337861080,145,39,46312046000000,2026-09-10T12:25:41.464322+00:00,interpolated,-1.4000000059604645,0.0,-2.9400000125169754
67.367286845,842358385336692327,842358386337861080,145,40,46312046000000,2026-09-10T12:25:41.464322+00:00,interpolated,-1.0500000044703484,0.42000000178813934,-3.150000013411045
67.386176822,842358385355582304,842358386337861080,145,41,46312046000000,2026-09-10T12:25:41.464322+00:00,interpolated,-0.9800000041723251,0.49000000208616257,-3.150000013411045
67.405066798,842358385374472280,842358386337861080,145,42,46312046000000,2026-09-10T12:25:41.464322+00:00,interpolated,-1.260000005364418,0.0,-3.3600000143051147
67.423956775,842358385393362257,842358386337861080,145,43,46312046000000,2026-09-10T12:25:41.464322+00:00,interpolated,-1.4700000062584877,0.07000000029802322,-3.5700000151991844
67.442846751,842358385412252233,842358386337861080,145,44,46312046000000,2026-09-10T12:25:41.464322+00:00,interpolated,-1.1200000047683716,0.14000000059604645,-3.5700000151991844
67.461736728,842358385431142210,842358386337861080,145,45,46312046000000,2026-09-10T12:25:41.464322+00:00,interpolated,-0.9800000041723251,-0.14000000059604645,-3.500000014901161
67.480626704,842358385450032186,842358386337861080,145,46,46312046000000,2026-09-10T12:25:41.464322+00:00,interpolated,-1.0500000044703484,-0.5600000023841858,-3.710000015795231
67.49951668,842358385468922162,842358386337861080,145,47,46312046000000,2026-09-10T12:25:41.464322+00:00,interpolated,-1.1200000047683716,-1.1200000047683716,-3.9200000166893005
67.518406657,842358385487812139,842358386337861080,145,48,46312046000000,2026-09-10T12:25:41.464322+00:00,interpolated,-0.9100000038743019,-1.1200000047683716,-3.9900000169873238
67.537296633,842358385506702115,842358386337861080,145,49,46312046000000,2026-09-10T12:25:41.464322+00:00,interpolated,-0.8400000035762787,-0.3500000014901161,-3.9900000169873238
67.55618661,842358385525592092,842358386337861080,145,50,46312046000000,2026-09-10T12:25:41.464322+00:00,interpolated,-0.5600000023841858,-0.07000000029802322,-4.13000001758337
67.575076586,842358385544482068,842358386337861080,145,51,46312046000000,2026-09-10T12:25:41.464322+00:00,interpolated,-0.5600000023841858,-0.630000002682209,-4.5500000193715096
67.593966563,842358385563372045,842358386337861080,145,52,46312046000000,2026-09-10T12:25:41.464322+00:00,interpolated,-0.7000000029802322,-1.6100000068545341,-4.690000019967556
67.612856539,842358385582262021,842358386337861080,145,53,46312046000000,2026-09-10T12:25:41.464322+00:00,interpolated,-0.7000000029802322,-1.6100000068545341,-5.250000022351742
67.631746516,842358385601151998,842358386337861080,145,54,46312046000000,2026-09-10T12:25:41.464322+00:00,interpolated,-0.21000000089406967,-0.21000000089406967,-5.600000023841858
67.650636492,842358385620041974,842358386337861080,145,55,46312046000000,2026-09-10T12:25:41.464322+00:00,interpolated,0.07000000029802322,-0.07000000029802322,-5.880000025033951
67.669526469,842358385638931951,842358386337861080,145,56,46312046000000,2026-09-10T12:25:41.464322+00:00,interpolated,0.14000000059604645,-1.9600000083446503,-6.650000028312206
67.688416445,842358385657821927,842358386337861080,145,57,46312046000000,2026-09-10T12:25:41.464322+00:00,interpolated,0.49000000208616257,-3.430000014603138,-7.420000031590462
67.707306422,842358385676711904,842358386337861080,145,58,46312046000000,2026-09-10T12:25:41.464322+00:00,interpolated,1.0500000044703484,-3.500000014901161,-7.910000033676624
67.726196398,842358385695601880,842358386337861080,145,59,46312046000000,2026-09-10T12:25:41.464322+00:00,interpolated,1.6800000071525574,-2.450000010430813,-8.190000034868717
67.745086375,842358385714491857,842358386337861080,145,60,46312046000000,2026-09-10T12:25:41.464322+00:00,interpolated,1.9600000083446503,-1.8200000077486038,-8.540000036358833
67.763976351,842358385733381833,842358386337861080,145,61,46312046000000,2026-09-10T12:25:41.464322+00:00,interpolated,2.0300000086426735,-2.5900000110268593,-9.100000038743019
67.782866327,842358385752271809,842358386337861080,145,62,46312046000000,2026-09-10T12:25:41.464322+00:00,interpolated,1.8200000077486038,-3.430000014603138,-9.870000042021275
67.801756304,842358385771161786,842358386337861080,145,63,46312046000000,2026-09-10T12:25:41.464322+00:00,interpolated,1.6800000071525574,-3.5700000151991844,-10.570000045001507
67.82064628,842358385790051762,842358386337861080,145,64,46312046000000,2026-09-10T12:25:41.464322+00:00,interpolated,2.1000000089406967,-3.2900000140070915,-11.200000047683716
67.839536257,842358385808941739,842358386337861080,145,65,46312046000000,2026-09-10T12:25:41.464322+00:00,interpolated,3.150000013411045,-3.2900000140070915,-11.550000049173832
67.858426233,842358385827831715,842358386337861080,145,66,46312046000000,2026-09-10T12:25:41.464322+00:00,interpolated,3.780000016093254,-3.5700000151991844,-11.410000048577785
67.87731621,842358385846721692,842358386337861080,145,67,46312046000000,2026-09-10T12:25:41.464322+00:00,interpolated,4.200000017881393,-3.8500000163912773,-11.06000004708767
67.896206186,842358385865611668,842358386337861080,145,68,46312046000000,2026-09-10T12:25:41.464322+00:00,interpolated,4.200000017881393,-3.430000014603138,-10.990000046789646
67.915096163,842358385884501645,842358386337861080,145,69,46312046000000,2026-09-10T12:25:41.464322+00:00,interpolated,4.760000020265579,-2.17000000923872,-11.550000049173832
67.933986139,842358385903391621,842358386337861080,145,70,46312046000000,2026-09-10T12:25:41.464322+00:00,interpolated,5.740000024437904,-1.0500000044703484,-11.620000049471855
67.952876116,842358385922281598,842358386337861080,145,71,46312046000000,2026-09-10T12:25:41.464322+00:00,interpolated,6.7200000286102295,-0.2800000011920929,-11.480000048875809
67.971766092,842358385941171574,842358386337861080,145,72,46312046000000,2026-09-10T12:25:41.464322+00:00,interpolated,6.580000028014183,-1.0500000044703484,-11.270000047981739
67.990656069,842358385960061551,842358386337861080,145,73,46312046000000,2026-09-10T12:25:41.464322+00:00,interpolated,6.30000002682209,-1.1900000050663948,-11.130000047385693
68.009546045,842358385978951527,842358386337861080,145,74,46312046000000,2026-09-10T12:25:41.464322+00:00,interpolated,6.440000027418137,-1.1200000047683716,-11.340000048279762
68.028436022,842358385997841504,842358386337861080,145,75,46312046000000,2026-09-10T12:25:41.464322+00:00,interpolated,6.51000002771616,-2.0300000086426735,-11.340000048279762
68.047325998,842358386016731480,842358386337861080,145,76,46312046000000,2026-09-10T12:25:41.464322+00:00,interpolated,6.0900000259280205,-3.430000014603138,-10.43000004440546
68.066215975,842358386035621457,842358386337861080,145,77,46312046000000,2026-09-10T12:25:41.464322+00:00,interpolated,5.4600000232458115,-4.060000017285347,-10.010000042617321
68.085105951,842358386054511433,842358386337861080,145,78,46312046000000,2026-09-10T12:25:41.464322+00:00,interpolated,5.250000022351742,-3.710000015795231,-9.800000041723251
68.103995927,842358386073401409,842358386337861080,145,79,46312046000000,2026-09-10T12:25:41.464322+00:00,interpolated,5.810000024735928,-2.520000010728836,-9.380000039935112
68.122885904,842358386092291386,842358386337861080,145,80,46312046000000,2026-09-10T12:25:41.464322+00:00,interpolated,5.880000025033951,-1.260000005364418,-8.820000037550926
68.14177588,842358386111181362,842358386337861080,145,81,46312046000000,2026-09-10T12:25:41.464322+00:00,interpolated,4.970000021159649,-0.630000002682209,-8.68000003695488
68.160665857,842358386130071339,842358386337861080,145,82,46312046000000,2026-09-10T12:25:41.464322+00:00,interpolated,3.9900000169873238,-0.8400000035762787,-8.26000003516674
68.179555833,842358386148961315,842358386337861080,145,83,46312046000000,2026-09-10T12:25:41.464322+00:00,interpolated,3.2900000140070915,-0.630000002682209,-8.05000003427267
68.19844581,842358386167851292,842358386337861080,145,84,46312046000000,2026-09-10T12:25:41.464322+00:00,interpolated,3.3600000143051147,0.7000000029802322,-8.05000003427267
68.217335786,842358386186741268,842358386337861080,145,85,46312046000000,2026-09-10T12:25:41.464322+00:00,interpolated,3.5700000151991844,1.4700000062584877,-7.840000033378601
68.236225763,842358386205631245,842358386337861080,145,86,46312046000000,2026-09-10T12:25:41.464322+00:00,interpolated,3.2900000140070915,0.7700000032782555,-7.210000030696392
68.255115739,842358386224521221,842358386337861080,145,87,46312046000000,2026-09-10T12:25:41.464322+00:00,interpolated,3.2200000137090683,0.0,-6.7200000286102295
68.274005716,842358386243411198,842358386337861080,145,88,46312046000000,2026-09-10T12:25:41.464322+00:00,interpolated,2.800000011920929,0.0,-6.160000026226044
68.292895692,842358386262301174,842358386337861080,145,89,46312046000000,2026-09-10T12:25:41.464322+00:00,interpolated,2.240000009536743,-0.07000000029802322,-5.4600000232458115
68.311785669,842358386281191151,842358386337861080,145,90,46312046000000,2026-09-10T12:25:41.464322+00:00,interpolated,1.8200000077486038,1.0500000044703484,-5.040000021457672
68.330675645,842358386300081127,842358386337861080,145,91,46312046000000,2026-09-10T12:25:41.464322+00:00,interpolated,1.540000006556511,2.3100000098347664,-4.900000020861626
68.349565622,842358386318971104,842358386337861080,145,92,46312046000000,2026-09-10T12:25:41.464322+00:00,interpolated,1.260000005364418,2.450000010430813,-4.410000018775463
68.368455598,842358386337861080,842358386337861080,145,93,46312046000000,2026-09-10T12:25:41.464322+00:00,interpolated,0.42000000178813934,1.6100000068545341,-3.780000016093254
68.387345236,842358386356750718,842358387830142450,149,0,46313515000000,2026-09-10T12:25:42.934299+00:00,interpolated,-0.42000000178813934,0.9800000041723251,-3.5700000151991844
68.406234873,842358386375640355,842358387830142450,149,1,46313515000000,2026-09-10T12:25:42.934299+00:00,interpolated,-1.260000005364418,1.0500000044703484,-3.150000013411045
68.425124511,842358386394529993,842358387830142450,149,2,46313515000000,2026-09-10T12:25:42.934299+00:00,interpolated,-1.890000008046627,0.5600000023841858,-2.5900000110268593
68.444014148,842358386413419630,842358387830142450,149,3,46313515000000,2026-09-10T12:25:42.934299+00:00,interpolated,-1.7500000074505806,0.42000000178813934,-2.17000000923872
68.462903786,842358386432309268,842358387830142450,149,4,46313515000000,2026-09-10T12:25:42.934299+00:00,interpolated,-1.7500000074505806,0.5600000023841858,-2.17000000923872
68.481793424,842358386451198906,842358387830142450,149,5,46313515000000,2026-09-10T12:25:42.934299+00:00,interpolated,-2.3800000101327896,0.21000000089406967,-2.520000010728836
68.500683061,842358386470088543,842358387830142450,149,6,46313515000000,2026-09-10T12:25:42.934299+00:00,interpolated,-2.800000011920929,-0.21000000089406967,-2.9400000125169754
68.519572699,842358386488978181,842358387830142450,149,7,46313515000000,2026-09-10T12:25:42.934299+00:00,interpolated,-2.800000011920929,-0.7700000032782555,-2.800000011920929
68.538462336,842358386507867818,842358387830142450,149,8,46313515000000,2026-09-10T12:25:42.934299+00:00,interpolated,-3.3600000143051147,-0.7000000029802322,-2.450000010430813
68.557351974,842358386526757456,842358387830142450,149,9,46313515000000,2026-09-10T12:25:42.934299+00:00,interpolated,-3.780000016093254,-0.42000000178813934,-2.17000000923872
68.576241612,842358386545647094,842358387830142450,149,10,46313515000000,2026-09-10T12:25:42.934299+00:00,interpolated,-3.9200000166893005,0.42000000178813934,-1.8200000077486038
68.595131249,842358386564536731,842358387830142450,149,11,46313515000000,2026-09-10T12:25:42.934299+00:00,interpolated,-3.6400000154972076,1.0500000044703484,-1.6100000068545341
68.614020887,842358386583426369,842358387830142450,149,12,46313515000000,2026-09-10T12:25:42.934299+00:00,interpolated,-3.430000014603138,1.1200000047683716,-1.4000000059604645
68.632910524,842358386602316006,842358387830142450,149,13,46313515000000,2026-09-10T12:25:42.934299+00:00,interpolated,-3.150000013411045,1.0500000044703484,-1.6100000068545341
68.651800162,842358386621205644,842358387830142450,149,14,46313515000000,2026-09-10T12:25:42.934299+00:00,interpolated,-2.800000011920929,0.3500000014901161,-1.890000008046627
68.6706898,842358386640095282,842358387830142450,149,15,46313515000000,2026-09-10T12:25:42.934299+00:00,interpolated,-2.7300000116229057,-0.3500000014901161,-2.0300000086426735
68.689579437,842358386658984919,842358387830142450,149,16,46313515000000,2026-09-10T12:25:42.934299+00:00,interpolated,-2.7300000116229057,-0.42000000178813934,-1.9600000083446503
68.708469075,842358386677874557,842358387830142450,149,17,46313515000000,2026-09-10T12:25:42.934299+00:00,interpolated,-2.450000010430813,0.0,-1.890000008046627
68.727358712,842358386696764194,842358387830142450,149,18,46313515000000,2026-09-10T12:25:42.934299+00:00,interpolated,-2.450000010430813,0.5600000023841858,-1.890000008046627
68.74624835,842358386715653832,842358387830142450,149,19,46313515000000,2026-09-10T12:25:42.934299+00:00,interpolated,-2.3800000101327896,0.9800000041723251,-1.9600000083446503
68.765137987,842358386734543469,842358387830142450,149,20,46313515000000,2026-09-10T12:25:42.934299+00:00,interpolated,-1.890000008046627,1.1900000050663948,-2.240000009536743
68.784027625,842358386753433107,842358387830142450,149,21,46313515000000,2026-09-10T12:25:42.934299+00:00,interpolated,-1.4000000059604645,1.4700000062584877,-2.3100000098347664
68.802917263,842358386772322745,842358387830142450,149,22,46313515000000,2026-09-10T12:25:42.934299+00:00,interpolated,-1.260000005364418,1.6800000071525574,-2.3800000101327896
68.8218069,842358386791212382,842358387830142450,149,23,46313515000000,2026-09-10T12:25:42.934299+00:00,interpolated,-1.0500000044703484,1.1900000050663948,-2.3800000101327896
68.840696538,842358386810102020,842358387830142450,149,24,46313515000000,2026-09-10T12:25:42.934299+00:00,interpolated,-0.9800000041723251,1.1200000047683716,-2.0300000086426735
68.859586175,842358386828991657,842358387830142450,149,25,46313515000000,2026-09-10T12:25:42.934299+00:00,interpolated,-0.9800000041723251,1.4000000059604645,-1.6800000071525574
68.878475813,842358386847881295,842358387830142450,149,26,46313515000000,2026-09-10T12:25:42.934299+00:00,interpolated,-0.7700000032782555,1.6100000068545341,-1.540000006556511
68.897365451,842358386866770933,842358387830142450,149,27,46313515000000,2026-09-10T12:25:42.934299+00:00,interpolated,-0.7700000032782555,1.8200000077486038,-1.4000000059604645
68.916255088,842358386885660570,842358387830142450,149,28,46313515000000,2026-09-10T12:25:42.934299+00:00,interpolated,-1.1900000050663948,1.540000006556511,-1.4000000059604645
68.935144726,842358386904550208,842358387830142450,149,29,46313515000000,2026-09-10T12:25:42.934299+00:00,interpolated,-1.7500000074505806,1.7500000074505806,-1.4000000059604645
68.954034363,842358386923439845,842358387830142450,149,30,46313515000000,2026-09-10T12:25:42.934299+00:00,interpolated,-2.450000010430813,2.17000000923872,-1.3300000056624413
68.972924001,842358386942329483,842358387830142450,149,31,46313515000000,2026-09-10T12:25:42.934299+00:00,interpolated,-3.780000016093254,1.3300000056624413,-1.4000000059604645
68.991813639,842358386961219121,842358387830142450,149,32,46313515000000,2026-09-10T12:25:42.934299+00:00,interpolated,-4.5500000193715096,-0.21000000089406967,-1.540000006556511
69.010703276,842358386980108758,842358387830142450,149,33,46313515000000,2026-09-10T12:25:42.934299+00:00,interpolated,-4.8300000205636024,-1.6100000068545341,-1.540000006556511
69.029592914,842358386998998396,842358387830142450,149,34,46313515000000,2026-09-10T12:25:42.934299+00:00,interpolated,-5.530000023543835,-2.9400000125169754,-2.0300000086426735
69.048482551,842358387017888033,842358387830142450,149,35,46313515000000,2026-09-10T12:25:42.934299+00:00,interpolated,-5.320000022649765,-3.150000013411045,-2.240000009536743
69.067372189,842358387036777671,842358387830142450,149,36,46313515000000,2026-09-10T12:25:42.934299+00:00,interpolated,-6.160000026226044,-4.060000017285347,-2.6600000113248825
69.086261827,842358387055667309,842358387830142450,149,37,46313515000000,2026-09-10T12:25:42.934299+00:00,interpolated,-7.420000031590462,-4.8300000205636024,-3.0100000128149986
69.105151464,842358387074556946,842358387830142450,149,38,46313515000000,2026-09-10T12:25:42.934299+00:00,interpolated,-7.630000032484531,-6.0900000259280205,-2.870000012218952
69.124041102,842358387093446584,842358387830142450,149,39,46313515000000,2026-09-10T12:25:42.934299+00:00,interpolated,-6.580000028014183,-4.5500000193715096,-2.3800000101327896
69.142930739,842358387112336221,842358387830142450,149,40,46313515000000,2026-09-10T12:25:42.934299+00:00,interpolated,-5.740000024437904,-1.890000008046627,-1.6800000071525574
69.161820377,842358387131225859,842358387830142450,149,41,46313515000000,2026-09-10T12:25:42.934299+00:00,interpolated,-4.410000018775463,0.9800000041723251,-1.4700000062584877
69.180710015,842358387150115497,842358387830142450,149,42,46313515000000,2026-09-10T12:25:42.934299+00:00,interpolated,-2.17000000923872,3.780000016093254,-1.6100000068545341
69.199599652,842358387169005134,842358387830142450,149,43,46313515000000,2026-09-10T12:25:42.934299+00:00,interpolated,-3.2900000140070915,5.4600000232458115,-1.4700000062584877
69.21848929,842358387187894772,842358387830142450,149,44,46313515000000,2026-09-10T12:25:42.934299+00:00,interpolated,-3.9200000166893005,6.370000027120113,-1.260000005364418
69.237378927,842358387206784409,842358387830142450,149,45,46313515000000,2026-09-10T12:25:42.934299+00:00,interpolated,-4.200000017881393,8.89000003784895,-1.7500000074505806
69.256268565,842358387225674047,842358387830142450,149,46,46313515000000,2026-09-10T12:25:42.934299+00:00,interpolated,-3.9200000166893005,11.760000050067902,-3.0100000128149986
69.275158203,842358387244563685,842358387830142450,149,47,46313515000000,2026-09-10T12:25:42.934299+00:00,interpolated,-3.0100000128149986,12.60000005364418,-4.480000019073486
69.29404784,842358387263453322,842358387830142450,149,48,46313515000000,2026-09-10T12:25:42.934299+00:00,interpolated,-2.5900000110268593,12.040000051259995,-6.0900000259280205
69.312937478,842358387282342960,842358387830142450,149,49,46313515000000,2026-09-10T12:25:42.934299+00:00,interpolated,-2.1000000089406967,10.500000044703484,-7.210000030696392
69.331827115,842358387301232597,842358387830142450,149,50,46313515000000,2026-09-10T12:25:42.934299+00:00,interpolated,-2.800000011920929,6.860000029206276,-7.210000030696392
69.350716753,842358387320122235,842358387830142450,149,51,46313515000000,2026-09-10T12:25:42.934299+00:00,interpolated,-3.9900000169873238,0.8400000035762787,-7.770000033080578
69.369606391,842358387339011873,842358387830142450,149,52,46313515000000,2026-09-10T12:25:42.934299+00:00,interpolated,-4.34000001847744,-0.7700000032782555,-8.89000003784895
69.388496028,842358387357901510,842358387830142450,149,53,46313515000000,2026-09-10T12:25:42.934299+00:00,interpolated,-1.890000008046627,7.560000032186508,-8.120000034570694
69.407385666,842358387376791148,842358387830142450,149,54,46313515000000,2026-09-10T12:25:42.934299+00:00,interpolated,-0.49000000208616257,9.240000039339066,-6.930000029504299
69.426275303,842358387395680785,842358387830142450,149,55,46313515000000,2026-09-10T12:25:42.934299+00:00,interpolated,-2.7300000116229057,5.320000022649765,-7.070000030100346
69.445164941,842358387414570423,842358387830142450,149,56,46313515000000,2026-09-10T12:25:42.934299+00:00,interpolated,-2.3800000101327896,4.900000020861626,-8.820000037550926
69.464054579,842358387433460061,842358387830142450,149,57,46313515000000,2026-09-10T12:25:42.934299+00:00,interpolated,-1.6800000071525574,7.560000032186508,-10.570000045001507
69.482944216,842358387452349698,842358387830142450,149,58,46313515000000,2026-09-10T12:25:42.934299+00:00,interpolated,-3.150000013411045,3.9900000169873238,-11.550000049173832
69.501833854,842358387471239336,842358387830142450,149,59,46313515000000,2026-09-10T12:25:42.934299+00:00,interpolated,-4.13000001758337,-2.6600000113248825,-10.780000045895576
69.520723491,842358387490128973,842358387830142450,149,60,46313515000000,2026-09-10T12:25:42.934299+00:00,interpolated,-4.270000018179417,-5.670000024139881,-9.310000039637089
69.539613129,842358387509018611,842358387830142450,149,61,46313515000000,2026-09-10T12:25:42.934299+00:00,interpolated,-4.410000018775463,-4.410000018775463,-8.400000035762787
69.558502766,842358387527908248,842358387830142450,149,62,46313515000000,2026-09-10T12:25:42.934299+00:00,interpolated,-3.6400000154972076,-0.9800000041723251,-8.120000034570694
69.577392404,842358387546797886,842358387830142450,149,63,46313515000000,2026-09-10T12:25:42.934299+00:00,interpolated,-2.3800000101327896,2.7300000116229057,-7.700000032782555
69.596282042,842358387565687524,842358387830142450,149,64,46313515000000,2026-09-10T12:25:42.934299+00:00,interpolated,-0.49000000208616257,5.110000021755695,-7.280000030994415
69.615171679,842358387584577161,842358387830142450,149,65,46313515000000,2026-09-10T12:25:42.934299+00:00,interpolated,-0.8400000035762787,4.410000018775463,-6.650000028312206
69.634061317,842358387603466799,842358387830142450,149,66,46313515000000,2026-09-10T12:25:42.934299+00:00,interpolated,-2.1000000089406967,0.9800000041723251,-6.30000002682209
69.652950954,842358387622356436,842358387830142450,149,67,46313515000000,2026-09-10T12:25:42.934299+00:00,interpolated,-2.3100000098347664,-2.0300000086426735,-6.30000002682209
69.671840592,842358387641246074,842358387830142450,149,68,46313515000000,2026-09-10T12:25:42.934299+00:00,interpolated,-2.0300000086426735,-4.060000017285347,-6.440000027418137
69.69073023,842358387660135712,842358387830142450,149,69,46313515000000,2026-09-10T12:25:42.934299+00:00,interpolated,-2.1000000089406967,-5.250000022351742,-6.020000025629997
69.709619867,842358387679025349,842358387830142450,149,70,46313515000000,2026-09-10T12:25:42.934299+00:00,interpolated,-2.800000011920929,-5.600000023841858,-5.390000022947788
69.728509505,842358387697914987,842358387830142450,149,71,46313515000000,2026-09-10T12:25:42.934299+00:00,interpolated,-3.2900000140070915,-6.580000028014183,-4.620000019669533
69.747399142,842358387716804624,842358387830142450,149,72,46313515000000,2026-09-10T12:25:42.934299+00:00,interpolated,-3.080000013113022,-7.700000032782555,-3.9900000169873238
69.76628878,842358387735694262,842358387830142450,149,73,46313515000000,2026-09-10T12:25:42.934299+00:00,interpolated,-2.450000010430813,-7.210000030696392,-3.080000013113022
69.785178418,842358387754583900,842358387830142450,149,74,46313515000000,2026-09-10T12:25:42.934299+00:00,interpolated,-2.1000000089406967,-5.390000022947788,-2.17000000923872
69.804068055,842358387773473537,842358387830142450,149,75,46313515000000,2026-09-10T12:25:42.934299+00:00,interpolated,-1.540000006556511,-3.6400000154972076,-1.260000005364418
69.822957693,842358387792363175,842358387830142450,149,76,46313515000000,2026-09-10T12:25:42.934299+00:00,interpolated,-0.9800000041723251,-1.4700000062584877,-0.630000002682209
69.84184733,842358387811252812,842358387830142450,149,77,46313515000000,2026-09-10T12:25:42.934299+00:00,interpolated,-0.42000000178813934,-0.21000000089406967,-0.2800000011920929
69.860736968,842358387830142450,842358387830142450,149,78,46313515000000,2026-09-10T12:25:42.934299+00:00,interpolated,-0.7700000032782555,-0.7000000029802322,0.0
69.879626932,842358387849032414,842358389190219846,152,0,46315015000000,2026-09-10T12:25:44.434609+00:00,interpolated,-1.1900000050663948,-0.42000000178813934,0.0
69.898516896,842358387867922378,842358389190219846,152,1,46315015000000,2026-09-10T12:25:44.434609+00:00,interpolated,-1.1200000047683716,0.2800000011920929,0.42000000178813934
69.91740686,842358387886812342,842358389190219846,152,2,46315015000000,2026-09-10T12:25:44.434609+00:00,interpolated,-1.6800000071525574,-0.2800000011920929,0.630000002682209
69.936296823,842358387905702305,842358389190219846,152,3,46315015000000,2026-09-10T12:25:44.434609+00:00,interpolated,-1.890000008046627,-0.2800000011920929,0.5600000023841858
69.955186787,842358387924592269,842358389190219846,152,4,46315015000000,2026-09-10T12:25:44.434609+00:00,interpolated,-1.890000008046627,0.21000000089406967,0.7000000029802322
69.974076751,842358387943482233,842358389190219846,152,5,46315015000000,2026-09-10T12:25:44.434609+00:00,interpolated,-2.520000010728836,0.21000000089406967,0.630000002682209
69.992966715,842358387962372197,842358389190219846,152,6,46315015000000,2026-09-10T12:25:44.434609+00:00,interpolated,-2.5900000110268593,1.1200000047683716,0.7700000032782555
70.011856679,842358387981262161,842358389190219846,152,7,46315015000000,2026-09-10T12:25:44.434609+00:00,interpolated,-2.6600000113248825,3.430000014603138,0.630000002682209
70.030746643,842358388000152125,842358389190219846,152,8,46315015000000,2026-09-10T12:25:44.434609+00:00,interpolated,-3.0100000128149986,4.8300000205636024,0.07000000029802322
70.049636606,842358388019042088,842358389190219846,152,9,46315015000000,2026-09-10T12:25:44.434609+00:00,interpolated,-3.3600000143051147,2.870000012218952,-0.630000002682209
70.06852657,842358388037932052,842358389190219846,152,10,46315015000000,2026-09-10T12:25:44.434609+00:00,interpolated,-4.200000017881393,-0.21000000089406967,-0.5600000023841858
70.087416534,842358388056822016,842358389190219846,152,11,46315015000000,2026-09-10T12:25:44.434609+00:00,interpolated,-5.740000024437904,-3.500000014901161,-0.42000000178813934
70.106306498,842358388075711980,842358389190219846,152,12,46315015000000,2026-09-10T12:25:44.434609+00:00,interpolated,-6.230000026524067,-3.6400000154972076,0.14000000059604645
70.125196462,842358388094601944,842358389190219846,152,13,46315015000000,2026-09-10T12:25:44.434609+00:00,interpolated,-5.740000024437904,-1.4700000062584877,0.630000002682209
70.144086426,842358388113491908,842358389190219846,152,14,46315015000000,2026-09-10T12:25:44.434609+00:00,interpolated,-7.210000030696392,-0.49000000208616257,1.1200000047683716
70.162976389,842358388132381871,842358389190219846,152,15,46315015000000,2026-09-10T12:25:44.434609+00:00,interpolated,-7.840000033378601,-1.260000005364418,1.1200000047683716
70.181866353,842358388151271835,842358389190219846,152,16,46315015000000,2026-09-10T12:25:44.434609+00:00,interpolated,-7.560000032186508,-2.1000000089406967,1.260000005364418
70.200756317,842358388170161799,842358389190219846,152,17,46315015000000,2026-09-10T12:25:44.434609+00:00,interpolated,-7.070000030100346,-0.8400000035762787,1.4700000062584877
70.219646281,842358388189051763,842358389190219846,152,18,46315015000000,2026-09-10T12:25:44.434609+00:00,interpolated,-6.440000027418137,0.630000002682209,1.8200000077486038
70.238536245,842358388207941727,842358389190219846,152,19,46315015000000,2026-09-10T12:25:44.434609+00:00,interpolated,-6.020000025629997,-0.8400000035762787,2.240000009536743
70.257426209,842358388226831691,842358389190219846,152,20,46315015000000,2026-09-10T12:25:44.434609+00:00,interpolated,-5.880000025033951,-2.3800000101327896,2.9400000125169754
70.276316172,842358388245721654,842358389190219846,152,21,46315015000000,2026-09-10T12:25:44.434609+00:00,interpolated,-5.530000023543835,-1.4700000062584877,3.150000013411045
70.295206136,842358388264611618,842358389190219846,152,22,46315015000000,2026-09-10T12:25:44.434609+00:00,interpolated,-4.480000019073486,2.520000010728836,2.870000012218952
70.3140961,842358388283501582,842358389190219846,152,23,46315015000000,2026-09-10T12:25:44.434609+00:00,interpolated,-2.870000012218952,6.7200000286102295,2.870000012218952
70.332986064,842358388302391546,842358389190219846,152,24,46315015000000,2026-09-10T12:25:44.434609+00:00,interpolated,-2.3800000101327896,7.630000032484531,3.080000013113022
70.351876028,842358388321281510,842358389190219846,152,25,46315015000000,2026-09-10T12:25:44.434609+00:00,interpolated,-2.17000000923872,5.670000024139881,2.6600000113248825
70.370765992,842358388340171474,842358389190219846,152,26,46315015000000,2026-09-10T12:25:44.434609+00:00,interpolated,-1.4700000062584877,2.9400000125169754,2.3100000098347664
70.389655955,842358388359061437,842358389190219846,152,27,46315015000000,2026-09-10T12:25:44.434609+00:00,interpolated,-0.7000000029802322,1.1900000050663948,2.240000009536743
70.408545919,842358388377951401,842358389190219846,152,28,46315015000000,2026-09-10T12:25:44.434609+00:00,interpolated,0.14000000059604645,1.4000000059604645,2.0300000086426735
70.427435883,842358388396841365,842358389190219846,152,29,46315015000000,2026-09-10T12:25:44.434609+00:00,interpolated,1.3300000056624413,2.7300000116229057,1.6800000071525574
70.446325847,842358388415731329,842358389190219846,152,30,46315015000000,2026-09-10T12:25:44.434609+00:00,interpolated,2.870000012218952,4.060000017285347,1.260000005364418
70.465215811,842358388434621293,842358389190219846,152,31,46315015000000,2026-09-10T12:25:44.434609+00:00,interpolated,4.13000001758337,3.8500000163912773,0.8400000035762787
70.484105775,842358388453511257,842358389190219846,152,32,46315015000000,2026-09-10T12:25:44.434609+00:00,interpolated,5.320000022649765,1.9600000083446503,0.07000000029802322
70.502995738,842358388472401220,842358389190219846,152,33,46315015000000,2026-09-10T12:25:44.434609+00:00,interpolated,6.230000026524067,-0.21000000089406967,-0.5600000023841858
70.521885702,842358388491291184,842358389190219846,152,34,46315015000000,2026-09-10T12:25:44.434609+00:00,interpolated,6.440000027418137,-1.4000000059604645,-1.260000005364418
70.540775666,842358388510181148,842358389190219846,152,35,46315015000000,2026-09-10T12:25:44.434609+00:00,interpolated,7.210000030696392,1.1200000047683716,-1.6800000071525574
70.55966563,842358388529071112,842358389190219846,152,36,46315015000000,2026-09-10T12:25:44.434609+00:00,interpolated,8.400000035762787,4.900000020861626,-1.260000005364418
70.578555594,842358388547961076,842358389190219846,152,37,46315015000000,2026-09-10T12:25:44.434609+00:00,interpolated,8.26000003516674,4.34000001847744,-0.630000002682209
70.597445558,842358388566851040,842358389190219846,152,38,46315015000000,2026-09-10T12:25:44.434609+00:00,interpolated,7.280000030994415,1.6800000071525574,-0.630000002682209
70.616335521,842358388585741003,842358389190219846,152,39,46315015000000,2026-09-10T12:25:44.434609+00:00,interpolated,6.930000029504299,1.0500000044703484,-1.0500000044703484
70.635225485,842358388604630967,842358389190219846,152,40,46315015000000,2026-09-10T12:25:44.434609+00:00,interpolated,7.210000030696392,2.3800000101327896,-1.7500000074505806
70.654115449,842358388623520931,842358389190219846,152,41,46315015000000,2026-09-10T12:25:44.434609+00:00,interpolated,7.630000032484531,3.2900000140070915,-2.3100000098347664
70.673005413,842358388642410895,842358389190219846,152,42,46315015000000,2026-09-10T12:25:44.434609+00:00,interpolated,7.210000030696392,2.800000011920929,-2.450000010430813
70.691895377,842358388661300859,842358389190219846,152,43,46315015000000,2026-09-10T12:25:44.434609+00:00,interpolated,6.650000028312206,2.0300000086426735,-3.430000014603138
70.710785341,842358388680190823,842358389190219846,152,44,46315015000000,2026-09-10T12:25:44.434609+00:00,interpolated,6.440000027418137,0.7700000032782555,-4.620000019669533
70.729675304,842358388699080786,842358389190219846,152,45,46315015000000,2026-09-10T12:25:44.434609+00:00,interpolated,6.860000029206276,-1.8200000077486038,-5.810000024735928
70.748565268,842358388717970750,842358389190219846,152,46,46315015000000,2026-09-10T12:25:44.434609+00:00,interpolated,7.070000030100346,-4.410000018775463,-7.000000029802322
70.767455232,842358388736860714,842358389190219846,152,47,46315015000000,2026-09-10T12:25:44.434609+00:00,interpolated,7.700000032782555,-5.740000024437904,-7.770000033080578
70.786345196,842358388755750678,842358389190219846,152,48,46315015000000,2026-09-10T12:25:44.434609+00:00,interpolated,8.47000003606081,-4.8300000205636024,-8.47000003606081
70.80523516,842358388774640642,842358389190219846,152,49,46315015000000,2026-09-10T12:25:44.434609+00:00,interpolated,9.590000040829182,-2.800000011920929,-8.750000037252903
70.824125124,842358388793530606,842358389190219846,152,50,46315015000000,2026-09-10T12:25:44.434609+00:00,interpolated,9.450000040233135,-0.9800000041723251,-8.68000003695488
70.843015087,842358388812420569,842358389190219846,152,51,46315015000000,2026-09-10T12:25:44.434609+00:00,interpolated,9.800000041723251,-0.42000000178813934,-9.030000038444996
70.861905051,842358388831310533,842358389190219846,152,52,46315015000000,2026-09-10T12:25:44.434609+00:00,interpolated,10.64000004529953,-0.2800000011920929,-9.660000041127205
70.880795015,842358388850200497,842358389190219846,152,53,46315015000000,2026-09-10T12:25:44.434609+00:00,interpolated,10.990000046789646,-0.630000002682209,-9.660000041127205
70.899684979,842358388869090461,842358389190219846,152,54,46315015000000,2026-09-10T12:25:44.434609+00:00,interpolated,10.64000004529953,-0.9100000038743019,-9.450000040233135
70.918574943,842358388887980425,842358389190219846,152,55,46315015000000,2026-09-10T12:25:44.434609+00:00,interpolated,10.43000004440546,-0.8400000035762787,-9.450000040233135
70.937464907,842358388906870389,842358389190219846,152,56,46315015000000,2026-09-10T12:25:44.434609+00:00,interpolated,10.43000004440546,-0.3500000014901161,-9.520000040531158
70.95635487,842358388925760352,842358389190219846,152,57,46315015000000,2026-09-10T12:25:44.434609+00:00,interpolated,11.480000048875809,0.21000000089406967,-9.730000041425228
70.975244834,842358388944650316,842358389190219846,152,58,46315015000000,2026-09-10T12:25:44.434609+00:00,interpolated,12.250000052154064,0.5600000023841858,-9.520000040531158
70.994134798,842358388963540280,842358389190219846,152,59,46315015000000,2026-09-10T12:25:44.434609+00:00,interpolated,11.06000004708767,1.4700000062584877,-8.750000037252903
71.013024762,842358388982430244,842358389190219846,152,60,46315015000000,2026-09-10T12:25:44.434609+00:00,interpolated,10.150000043213367,2.6600000113248825,-7.910000033676624
71.031914726,842358389001320208,842358389190219846,152,61,46315015000000,2026-09-10T12:25:44.434609+00:00,interpolated,9.660000041127205,2.5900000110268593,-7.560000032186508
71.05080469,842358389020210172,842358389190219846,152,62,46315015000000,2026-09-10T12:25:44.434609+00:00,interpolated,9.240000039339066,0.9100000038743019,-7.630000032484531
71.069694653,842358389039100135,842358389190219846,152,63,46315015000000,2026-09-10T12:25:44.434609+00:00,interpolated,10.22000004351139,0.2800000011920929,-8.26000003516674
71.088584617,842358389057990099,842358389190219846,152,64,46315015000000,2026-09-10T12:25:44.434609+00:00,interpolated,9.870000042021275,0.7000000029802322,-7.280000030994415
71.107474581,842358389076880063,842358389190219846,152,65,46315015000000,2026-09-10T12:25:44.434609+00:00,interpolated,7.070000030100346,-1.0500000044703484,-6.160000026226044
71.126364545,842358389095770027,842358389190219846,152,66,46315015000000,2026-09-10T12:25:44.434609+00:00,interpolated,4.5500000193715096,-5.110000021755695,-5.740000024437904
71.145254509,842358389114659991,842358389190219846,152,67,46315015000000,2026-09-10T12:25:44.434609+00:00,interpolated,3.5700000151991844,-6.580000028014183,-5.670000024139881
71.164144473,842358389133549955,842358389190219846,152,68,46315015000000,2026-09-10T12:25:44.434609+00:00,interpolated,3.8500000163912773,-3.780000016093254,-5.4600000232458115
71.183034436,842358389152439918,842358389190219846,152,69,46315015000000,2026-09-10T12:25:44.434609+00:00,interpolated,4.620000019669533,0.7700000032782555,-3.6400000154972076
71.2019244,842358389171329882,842358389190219846,152,70,46315015000000,2026-09-10T12:25:44.434609+00:00,interpolated,4.480000019073486,3.2200000137090683,-1.3300000056624413
71.220814364,842358389190219846,842358389190219846,152,71,46315015000000,2026-09-10T12:25:44.434609+00:00,interpolated,3.0100000128149986,4.620000019669533,-0.5600000023841858
71.239703887,842358389209109369,842358390606934070,156,0,46316187000000,2026-09-10T12:25:45.607627+00:00,interpolated,0.8400000035762787,7.3500000312924385,0.49000000208616257
71.25859341,842358389227998892,842358390606934070,156,1,46316187000000,2026-09-10T12:25:45.607627+00:00,interpolated,0.5600000023841858,8.610000036656857,2.3800000101327896
71.277482933,842358389246888415,842358390606934070,156,2,46316187000000,2026-09-10T12:25:45.607627+00:00,interpolated,-0.2800000011920929,7.490000031888485,3.080000013113022
71.296372456,842358389265777938,842358390606934070,156,3,46316187000000,2026-09-10T12:25:45.607627+00:00,interpolated,-0.3500000014901161,6.650000028312206,2.6600000113248825
71.315261979,842358389284667461,842358390606934070,156,4,46316187000000,2026-09-10T12:25:45.607627+00:00,interpolated,0.7000000029802322,7.140000030398369,2.450000010430813
71.334151502,842358389303556984,842358390606934070,156,5,46316187000000,2026-09-10T12:25:45.607627+00:00,interpolated,-0.07000000029802322,5.880000025033951,2.5900000110268593
71.353041025,842358389322446507,842358390606934070,156,6,46316187000000,2026-09-10T12:25:45.607627+00:00,interpolated,-2.240000009536743,2.800000011920929,2.0300000086426735
71.371930548,842358389341336030,842358390606934070,156,7,46316187000000,2026-09-10T12:25:45.607627+00:00,interpolated,-4.5500000193715096,-1.6800000071525574,1.7500000074505806
71.390820071,842358389360225553,842358390606934070,156,8,46316187000000,2026-09-10T12:25:45.607627+00:00,interpolated,-6.020000025629997,-4.34000001847744,2.3800000101327896
71.409709594,842358389379115076,842358390606934070,156,9,46316187000000,2026-09-10T12:25:45.607627+00:00,interpolated,-6.790000028908253,-3.2200000137090683,3.8500000163912773
71.428599117,842358389398004599,842358390606934070,156,10,46316187000000,2026-09-10T12:25:45.607627+00:00,interpolated,-5.810000024735928,0.7000000029802322,5.320000022649765
71.44748864,842358389416894122,842358390606934070,156,11,46316187000000,2026-09-10T12:25:45.607627+00:00,interpolated,-4.200000017881393,5.250000022351742,5.950000025331974
71.466378163,842358389435783645,842358390606934070,156,12,46316187000000,2026-09-10T12:25:45.607627+00:00,interpolated,-2.9400000125169754,8.26000003516674,6.0900000259280205
71.485267686,842358389454673168,842358390606934070,156,13,46316187000000,2026-09-10T12:25:45.607627+00:00,interpolated,-2.450000010430813,8.330000035464764,5.880000025033951
71.504157209,842358389473562691,842358390606934070,156,14,46316187000000,2026-09-10T12:25:45.607627+00:00,interpolated,-2.1000000089406967,6.230000026524067,5.250000022351742
71.523046732,842358389492452214,842358390606934070,156,15,46316187000000,2026-09-10T12:25:45.607627+00:00,interpolated,-2.3800000101327896,2.520000010728836,3.9900000169873238
71.541936255,842358389511341737,842358390606934070,156,16,46316187000000,2026-09-10T12:25:45.607627+00:00,interpolated,-2.5900000110268593,-1.3300000056624413,2.450000010430813
71.560825778,842358389530231260,842358390606934070,156,17,46316187000000,2026-09-10T12:25:45.607627+00:00,interpolated,-2.800000011920929,-3.150000013411045,1.3300000056624413
71.579715301,842358389549120783,842358390606934070,156,18,46316187000000,2026-09-10T12:25:45.607627+00:00,interpolated,-3.2900000140070915,-2.5900000110268593,1.1900000050663948
71.598604824,842358389568010306,842358390606934070,156,19,46316187000000,2026-09-10T12:25:45.607627+00:00,interpolated,-3.500000014901161,-1.3300000056624413,1.1900000050663948
71.617494347,842358389586899829,842358390606934070,156,20,46316187000000,2026-09-10T12:25:45.607627+00:00,interpolated,-4.34000001847744,-0.49000000208616257,1.1200000047683716
71.63638387,842358389605789352,842358390606934070,156,21,46316187000000,2026-09-10T12:25:45.607627+00:00,interpolated,-5.110000021755695,0.2800000011920929,0.8400000035762787
71.655273393,842358389624678875,842358390606934070,156,22,46316187000000,2026-09-10T12:25:45.607627+00:00,interpolated,-5.600000023841858,1.6100000068545341,-0.07000000029802322
71.674162916,842358389643568398,842358390606934070,156,23,46316187000000,2026-09-10T12:25:45.607627+00:00,interpolated,-5.810000024735928,3.150000013411045,-1.1200000047683716
71.693052439,842358389662457921,842358390606934070,156,24,46316187000000,2026-09-10T12:25:45.607627+00:00,interpolated,-5.530000023543835,2.17000000923872,-2.450000010430813
71.711941962,842358389681347444,842358390606934070,156,25,46316187000000,2026-09-10T12:25:45.607627+00:00,interpolated,-4.480000019073486,0.5600000023841858,-4.480000019073486
71.730831485,842358389700236967,842358390606934070,156,26,46316187000000,2026-09-10T12:25:45.607627+00:00,interpolated,-3.500000014901161,1.8200000077486038,-6.860000029206276
71.749721008,842358389719126490,842358390606934070,156,27,46316187000000,2026-09-10T12:25:45.607627+00:00,interpolated,-2.800000011920929,2.240000009536743,-9.170000039041042
71.768610531,842358389738016013,842358390606934070,156,28,46316187000000,2026-09-10T12:25:45.607627+00:00,interpolated,-1.890000008046627,2.520000010728836,-10.500000044703484
71.787500054,842358389756905536,842358390606934070,156,29,46316187000000,2026-09-10T12:25:45.607627+00:00,interpolated,-0.9100000038743019,1.6100000068545341,-10.64000004529953
71.806389577,842358389775795059,842358390606934070,156,30,46316187000000,2026-09-10T12:25:45.607627+00:00,interpolated,-0.3500000014901161,0.21000000089406967,-10.43000004440546
71.8252791,842358389794684582,842358390606934070,156,31,46316187000000,2026-09-10T12:25:45.607627+00:00,interpolated,0.9100000038743019,-0.5600000023841858,-9.940000042319298
71.844168623,842358389813574105,842358390606934070,156,32,46316187000000,2026-09-10T12:25:45.607627+00:00,interpolated,2.1000000089406967,-1.260000005364418,-9.590000040829182
71.863058146,842358389832463628,842358390606934070,156,33,46316187000000,2026-09-10T12:25:45.607627+00:00,interpolated,1.1900000050663948,-1.1900000050663948,-8.120000034570694
71.881947669,842358389851353151,842358390606934070,156,34,46316187000000,2026-09-10T12:25:45.607627+00:00,interpolated,-1.0500000044703484,-1.6800000071525574,-6.160000026226044
71.900837192,842358389870242674,842358390606934070,156,35,46316187000000,2026-09-10T12:25:45.607627+00:00,interpolated,-2.3100000098347664,-2.520000010728836,-4.5500000193715096
71.919726715,842358389889132197,842358390606934070,156,36,46316187000000,2026-09-10T12:25:45.607627+00:00,interpolated,-2.240000009536743,-1.6100000068545341,-2.800000011920929
71.938616237,842358389908021719,842358390606934070,156,37,46316187000000,2026-09-10T12:25:45.607627+00:00,interpolated,-1.1200000047683716,0.7000000029802322,-1.6100000068545341
71.95750576,842358389926911242,842358390606934070,156,38,46316187000000,2026-09-10T12:25:45.607627+00:00,interpolated,-1.1200000047683716,2.17000000923872,-1.3300000056624413
71.976395283,842358389945800765,842358390606934070,156,39,46316187000000,2026-09-10T12:25:45.607627+00:00,interpolated,-1.4000000059604645,2.1000000089406967,-1.9600000083446503
71.995284806,842358389964690288,842358390606934070,156,40,46316187000000,2026-09-10T12:25:45.607627+00:00,interpolated,-2.3100000098347664,0.07000000029802322,-2.1000000089406967
72.014174329,842358389983579811,842358390606934070,156,41,46316187000000,2026-09-10T12:25:45.607627+00:00,interpolated,-4.200000017881393,-2.9400000125169754,-2.5900000110268593
72.033063852,842358390002469334,842358390606934070,156,42,46316187000000,2026-09-10T12:25:45.607627+00:00,interpolated,-4.970000021159649,-4.760000020265579,-2.800000011920929
72.051953375,842358390021358857,842358390606934070,156,43,46316187000000,2026-09-10T12:25:45.607627+00:00,interpolated,-4.34000001847744,-3.710000015795231,-2.0300000086426735
72.070842898,842358390040248380,842358390606934070,156,44,46316187000000,2026-09-10T12:25:45.607627+00:00,interpolated,-3.430000014603138,-0.7000000029802322,-1.1200000047683716
72.089732421,842358390059137903,842358390606934070,156,45,46316187000000,2026-09-10T12:25:45.607627+00:00,interpolated,-3.0100000128149986,1.1900000050663948,-0.7700000032782555
72.108621944,842358390078027426,842358390606934070,156,46,46316187000000,2026-09-10T12:25:45.607627+00:00,interpolated,-3.6400000154972076,0.9800000041723251,-0.42000000178813934
72.127511467,842358390096916949,842358390606934070,156,47,46316187000000,2026-09-10T12:25:45.607627+00:00,interpolated,-4.13000001758337,-0.07000000029802322,-0.7000000029802322
72.14640099,842358390115806472,842358390606934070,156,48,46316187000000,2026-09-10T12:25:45.607627+00:00,interpolated,-3.8500000163912773,-1.1900000050663948,-1.260000005364418
72.165290513,842358390134695995,842358390606934070,156,49,46316187000000,2026-09-10T12:25:45.607627+00:00,interpolated,-3.710000015795231,-1.8200000077486038,-1.0500000044703484
72.184180036,842358390153585518,842358390606934070,156,50,46316187000000,2026-09-10T12:25:45.607627+00:00,interpolated,-3.2200000137090683,-1.1900000050663948,-0.9100000038743019
72.203069559,842358390172475041,842358390606934070,156,51,46316187000000,2026-09-10T12:25:45.607627+00:00,interpolated,-2.7300000116229057,0.2800000011920929,-0.3500000014901161
72.221959082,842358390191364564,842358390606934070,156,52,46316187000000,2026-09-10T12:25:45.607627+00:00,interpolated,-2.3800000101327896,1.9600000083446503,0.14000000059604645
72.240848605,842358390210254087,842358390606934070,156,53,46316187000000,2026-09-10T12:25:45.607627+00:00,interpolated,-2.240000009536743,2.450000010430813,-0.14000000059604645
72.259738128,842358390229143610,842358390606934070,156,54,46316187000000,2026-09-10T12:25:45.607627+00:00,interpolated,-2.17000000923872,1.3300000056624413,-0.5600000023841858
72.278627651,842358390248033133,842358390606934070,156,55,46316187000000,2026-09-10T12:25:45.607627+00:00,interpolated,-2.3100000098347664,-0.07000000029802322,-0.9100000038743019
72.297517174,842358390266922656,842358390606934070,156,56,46316187000000,2026-09-10T12:25:45.607627+00:00,interpolated,-2.520000010728836,-0.42000000178813934,-1.0500000044703484
72.316406697,842358390285812179,842358390606934070,156,57,46316187000000,2026-09-10T12:25:45.607627+00:00,interpolated,-2.3800000101327896,0.2800000011920929,-1.0500000044703484
72.33529622,842358390304701702,842358390606934070,156,58,46316187000000,2026-09-10T12:25:45.607627+00:00,interpolated,-1.9600000083446503,1.7500000074505806,-0.7700000032782555
72.354185743,842358390323591225,842358390606934070,156,59,46316187000000,2026-09-10T12:25:45.607627+00:00,interpolated,-1.8200000077486038,2.450000010430813,-0.3500000014901161
72.373075266,842358390342480748,842358390606934070,156,60,46316187000000,2026-09-10T12:25:45.607627+00:00,interpolated,-2.0300000086426735,2.1000000089406967,-0.14000000059604645
72.391964789,842358390361370271,842358390606934070,156,61,46316187000000,2026-09-10T12:25:45.607627+00:00,interpolated,-2.0300000086426735,1.4000000059604645,-0.21000000089406967
72.410854312,842358390380259794,842358390606934070,156,62,46316187000000,2026-09-10T12:25:45.607627+00:00,interpolated,-2.1000000089406967,1.260000005364418,-0.42000000178813934
72.429743835,842358390399149317,842358390606934070,156,63,46316187000000,2026-09-10T12:25:45.607627+00:00,interpolated,-2.17000000923872,1.260000005364418,-0.7000000029802322
72.448633358,842358390418038840,842358390606934070,156,64,46316187000000,2026-09-10T12:25:45.607627+00:00,interpolated,-1.890000008046627,1.260000005364418,-1.1900000050663948
72.467522881,842358390436928363,842358390606934070,156,65,46316187000000,2026-09-10T12:25:45.607627+00:00,interpolated,-1.8200000077486038,1.4000000059604645,-1.1900000050663948
72.486412404,842358390455817886,842358390606934070,156,66,46316187000000,2026-09-10T12:25:45.607627+00:00,interpolated,-1.6800000071525574,1.4700000062584877,-0.9100000038743019
72.505301927,842358390474707409,842358390606934070,156,67,46316187000000,2026-09-10T12:25:45.607627+00:00,interpolated,-1.9600000083446503,1.1900000050663948,-1.0500000044703484
72.52419145,842358390493596932,842358390606934070,156,68,46316187000000,2026-09-10T12:25:45.607627+00:00,interpolated,-2.450000010430813,0.42000000178813934,-1.260000005364418
72.543080973,842358390512486455,842358390606934070,156,69,46316187000000,2026-09-10T12:25:45.607627+00:00,interpolated,-2.5900000110268593,-0.3500000014901161,-1.260000005364418
72.561970496,842358390531375978,842358390606934070,156,70,46316187000000,2026-09-10T12:25:45.607627+00:00,interpolated,-2.5900000110268593,-0.7000000029802322,-1.1900000050663948
72.580860019,842358390550265501,842358390606934070,156,71,46316187000000,2026-09-10T12:25:45.607627+00:00,interpolated,-2.870000012218952,-0.7700000032782555,-0.9100000038743019
72.599749542,842358390569155024,842358390606934070,156,72,46316187000000,2026-09-10T12:25:45.607627+00:00,interpolated,-2.9400000125169754,-0.9100000038743019,-0.8400000035762787
72.618639065,842358390588044547,842358390606934070,156,73,46316187000000,2026-09-10T12:25:45.607627+00:00,interpolated,-3.150000013411045,-0.49000000208616257,-0.7700000032782555
72.637528588,842358390606934070,842358390606934070,156,74,46316187000000,2026-09-10T12:25:45.607627+00:00,interpolated,-3.150000013411045,-0.42000000178813934,-0.9800000041723251
72.656418503,842358390625823985,842358392231466722,159,0,46318046000000,2026-09-10T12:25:47.464584+00:00,interpolated,-2.800000011920929,0.0,-1.1200000047683716
72.675308417,842358390644713899,842358392231466722,159,1,46318046000000,2026-09-10T12:25:47.464584+00:00,interpolated,-2.520000010728836,0.14000000059604645,-1.1900000050663948
72.694198332,842358390663603814,842358392231466722,159,2,46318046000000,2026-09-10T12:25:47.464584+00:00,interpolated,-2.7300000116229057,0.42000000178813934,-1.0500000044703484
72.713088246,842358390682493728,842358392231466722,159,3,46318046000000,2026-09-10T12:25:47.464584+00:00,interpolated,-2.5900000110268593,0.49000000208616257,-0.9100000038743019
72.731978161,842358390701383643,842358392231466722,159,4,46318046000000,2026-09-10T12:25:47.464584+00:00,interpolated,-2.800000011920929,0.5600000023841858,-0.7700000032782555
72.750868075,842358390720273557,842358392231466722,159,5,46318046000000,2026-09-10T12:25:47.464584+00:00,interpolated,-2.9400000125169754,1.0500000044703484,-0.7700000032782555
72.76975799,842358390739163472,842358392231466722,159,6,46318046000000,2026-09-10T12:25:47.464584+00:00,interpolated,-2.6600000113248825,1.4700000062584877,-0.8400000035762787
72.788647904,842358390758053386,842358392231466722,159,7,46318046000000,2026-09-10T12:25:47.464584+00:00,interpolated,-2.870000012218952,1.260000005364418,-1.0500000044703484
72.807537819,842358390776943301,842358392231466722,159,8,46318046000000,2026-09-10T12:25:47.464584+00:00,interpolated,-3.2900000140070915,0.7000000029802322,-0.9100000038743019
72.826427734,842358390795833216,842358392231466722,159,9,46318046000000,2026-09-10T12:25:47.464584+00:00,interpolated,-3.500000014901161,0.49000000208616257,-0.8400000035762787
72.845317648,842358390814723130,842358392231466722,159,10,46318046000000,2026-09-10T12:25:47.464584+00:00,interpolated,-3.0100000128149986,1.1900000050663948,-0.9800000041723251
72.864207563,842358390833613045,842358392231466722,159,11,46318046000000,2026-09-10T12:25:47.464584+00:00,interpolated,-2.3800000101327896,2.0300000086426735,-1.0500000044703484
72.883097477,842358390852502959,842358392231466722,159,12,46318046000000,2026-09-10T12:25:47.464584+00:00,interpolated,-1.9600000083446503,2.0300000086426735,-1.0500000044703484
72.901987392,842358390871392874,842358392231466722,159,13,46318046000000,2026-09-10T12:25:47.464584+00:00,interpolated,-2.240000009536743,1.4700000062584877,-1.0500000044703484
72.920877306,842358390890282788,842358392231466722,159,14,46318046000000,2026-09-10T12:25:47.464584+00:00,interpolated,-2.3100000098347664,1.1900000050663948,-1.0500000044703484
72.939767221,842358390909172703,842358392231466722,159,15,46318046000000,2026-09-10T12:25:47.464584+00:00,interpolated,-1.9600000083446503,1.1200000047683716,-1.260000005364418
72.958657135,842358390928062617,842358392231466722,159,16,46318046000000,2026-09-10T12:25:47.464584+00:00,interpolated,-2.1000000089406967,0.7700000032782555,-1.6800000071525574
72.97754705,842358390946952532,842358392231466722,159,17,46318046000000,2026-09-10T12:25:47.464584+00:00,interpolated,-2.450000010430813,1.0500000044703484,-1.4700000062584877
72.996436965,842358390965842447,842358392231466722,159,18,46318046000000,2026-09-10T12:25:47.464584+00:00,interpolated,-2.17000000923872,2.1000000089406967,-1.3300000056624413
73.015326879,842358390984732361,842358392231466722,159,19,46318046000000,2026-09-10T12:25:47.464584+00:00,interpolated,-2.17000000923872,2.240000009536743,-1.3300000056624413
73.034216794,842358391003622276,842358392231466722,159,20,46318046000000,2026-09-10T12:25:47.464584+00:00,interpolated,-2.3100000098347664,1.3300000056624413,-1.540000006556511
73.053106708,842358391022512190,842358392231466722,159,21,46318046000000,2026-09-10T12:25:47.464584+00:00,interpolated,-2.5900000110268593,0.9100000038743019,-1.6100000068545341
73.071996623,842358391041402105,842358392231466722,159,22,46318046000000,2026-09-10T12:25:47.464584+00:00,interpolated,-2.520000010728836,1.1900000050663948,-1.540000006556511
73.090886537,842358391060292019,842358392231466722,159,23,46318046000000,2026-09-10T12:25:47.464584+00:00,interpolated,-2.17000000923872,1.4000000059604645,-1.6800000071525574
73.109776452,842358391079181934,842358392231466722,159,24,46318046000000,2026-09-10T12:25:47.464584+00:00,interpolated,-2.0300000086426735,1.6100000068545341,-1.8200000077486038
73.128666367,842358391098071849,842358392231466722,159,25,46318046000000,2026-09-10T12:25:47.464584+00:00,interpolated,-2.1000000089406967,1.6800000071525574,-1.7500000074505806
73.147556281,842358391116961763,842358392231466722,159,26,46318046000000,2026-09-10T12:25:47.464584+00:00,interpolated,-2.17000000923872,1.6800000071525574,-1.7500000074505806
73.166446196,842358391135851678,842358392231466722,159,27,46318046000000,2026-09-10T12:25:47.464584+00:00,interpolated,-2.240000009536743,1.6800000071525574,-1.9600000083446503
73.18533611,842358391154741592,842358392231466722,159,28,46318046000000,2026-09-10T12:25:47.464584+00:00,interpolated,-2.1000000089406967,1.3300000056624413,-2.3100000098347664
73.204226025,842358391173631507,842358392231466722,159,29,46318046000000,2026-09-10T12:25:47.464584+00:00,interpolated,-2.240000009536743,1.0500000044703484,-2.450000010430813
73.223115939,842358391192521421,842358392231466722,159,30,46318046000000,2026-09-10T12:25:47.464584+00:00,interpolated,-2.3100000098347664,1.3300000056624413,-2.5900000110268593
73.242005854,842358391211411336,842358392231466722,159,31,46318046000000,2026-09-10T12:25:47.464584+00:00,interpolated,-2.3800000101327896,1.260000005364418,-2.7300000116229057
73.260895768,842358391230301250,842358392231466722,159,32,46318046000000,2026-09-10T12:25:47.464584+00:00,interpolated,-2.3800000101327896,1.3300000056624413,-2.6600000113248825
73.279785683,842358391249191165,842358392231466722,159,33,46318046000000,2026-09-10T12:25:47.464584+00:00,interpolated,-2.3100000098347664,1.890000008046627,-2.450000010430813
73.298675598,842358391268081080,842358392231466722,159,34,46318046000000,2026-09-10T12:25:47.464584+00:00,interpolated,-2.1000000089406967,2.3800000101327896,-2.240000009536743
73.317565512,842358391286970994,842358392231466722,159,35,46318046000000,2026-09-10T12:25:47.464584+00:00,interpolated,-2.0300000086426735,2.3800000101327896,-2.1000000089406967
73.336455427,842358391305860909,842358392231466722,159,36,46318046000000,2026-09-10T12:25:47.464584+00:00,interpolated,-1.9600000083446503,2.5900000110268593,-2.0300000086426735
73.355345341,842358391324750823,842358392231466722,159,37,46318046000000,2026-09-10T12:25:47.464584+00:00,interpolated,-2.1000000089406967,2.800000011920929,-2.0300000086426735
73.374235256,842358391343640738,842358392231466722,159,38,46318046000000,2026-09-10T12:25:47.464584+00:00,interpolated,-1.890000008046627,2.520000010728836,-2.240000009536743
73.39312517,842358391362530652,842358392231466722,159,39,46318046000000,2026-09-10T12:25:47.464584+00:00,interpolated,-1.7500000074505806,1.7500000074505806,-2.17000000923872
73.412015085,842358391381420567,842358392231466722,159,40,46318046000000,2026-09-10T12:25:47.464584+00:00,interpolated,-1.890000008046627,1.4000000059604645,-1.9600000083446503
73.430904999,842358391400310481,842358392231466722,159,41,46318046000000,2026-09-10T12:25:47.464584+00:00,interpolated,-2.17000000923872,1.8200000077486038,-1.7500000074505806
73.449794914,842358391419200396,842358392231466722,159,42,46318046000000,2026-09-10T12:25:47.464584+00:00,interpolated,-1.9600000083446503,2.17000000923872,-1.6100000068545341
73.468684829,842358391438090311,842358392231466722,159,43,46318046000000,2026-09-10T12:25:47.464584+00:00,interpolated,-1.8200000077486038,2.7300000116229057,-1.6800000071525574
73.487574743,842358391456980225,842358392231466722,159,44,46318046000000,2026-09-10T12:25:47.464584+00:00,interpolated,-1.7500000074505806,2.7300000116229057,-1.540000006556511
73.506464658,842358391475870140,842358392231466722,159,45,46318046000000,2026-09-10T12:25:47.464584+00:00,interpolated,-1.890000008046627,2.17000000923872,-1.3300000056624413
73.525354572,842358391494760054,842358392231466722,159,46,46318046000000,2026-09-10T12:25:47.464584+00:00,interpolated,-2.0300000086426735,1.1900000050663948,-1.3300000056624413
73.544244487,842358391513649969,842358392231466722,159,47,46318046000000,2026-09-10T12:25:47.464584+00:00,interpolated,-2.240000009536743,0.7700000032782555,-1.260000005364418
73.563134401,842358391532539883,842358392231466722,159,48,46318046000000,2026-09-10T12:25:47.464584+00:00,interpolated,-2.17000000923872,1.1900000050663948,-1.260000005364418
73.582024316,842358391551429798,842358392231466722,159,49,46318046000000,2026-09-10T12:25:47.464584+00:00,interpolated,-2.0300000086426735,1.4700000062584877,-1.260000005364418
73.60091423,842358391570319712,842358392231466722,159,50,46318046000000,2026-09-10T12:25:47.464584+00:00,interpolated,-2.0300000086426735,1.4700000062584877,-1.4700000062584877
73.619804145,842358391589209627,842358392231466722,159,51,46318046000000,2026-09-10T12:25:47.464584+00:00,interpolated,-2.240000009536743,1.890000008046627,-1.4700000062584877
73.63869406,842358391608099542,842358392231466722,159,52,46318046000000,2026-09-10T12:25:47.464584+00:00,interpolated,-2.17000000923872,2.17000000923872,-1.540000006556511
73.657583974,842358391626989456,842358392231466722,159,53,46318046000000,2026-09-10T12:25:47.464584+00:00,interpolated,-2.3100000098347664,1.540000006556511,-1.6800000071525574
73.676473889,842358391645879371,842358392231466722,159,54,46318046000000,2026-09-10T12:25:47.464584+00:00,interpolated,-2.3800000101327896,0.42000000178813934,-1.890000008046627
73.695363803,842358391664769285,842358392231466722,159,55,46318046000000,2026-09-10T12:25:47.464584+00:00,interpolated,-2.450000010430813,0.42000000178813934,-1.9600000083446503
73.714253718,842358391683659200,842358392231466722,159,56,46318046000000,2026-09-10T12:25:47.464584+00:00,interpolated,-1.9600000083446503,1.540000006556511,-1.8200000077486038
73.733143632,842358391702549114,842358392231466722,159,57,46318046000000,2026-09-10T12:25:47.464584+00:00,interpolated,-2.17000000923872,2.1000000089406967,-1.8200000077486038
73.752033547,842358391721439029,842358392231466722,159,58,46318046000000,2026-09-10T12:25:47.464584+00:00,interpolated,-2.3100000098347664,1.6800000071525574,-2.17000000923872
73.770923461,842358391740328943,842358392231466722,159,59,46318046000000,2026-09-10T12:25:47.464584+00:00,interpolated,-2.240000009536743,1.6100000068545341,-2.6600000113248825
73.789813376,842358391759218858,842358392231466722,159,60,46318046000000,2026-09-10T12:25:47.464584+00:00,interpolated,-1.890000008046627,2.520000010728836,-2.870000012218952
73.808703291,842358391778108773,842358392231466722,159,61,46318046000000,2026-09-10T12:25:47.464584+00:00,interpolated,-1.9600000083446503,3.8500000163912773,-2.520000010728836
73.827593205,842358391796998687,842358392231466722,159,62,46318046000000,2026-09-10T12:25:47.464584+00:00,interpolated,-2.0300000086426735,4.970000021159649,-2.0300000086426735
73.84648312,842358391815888602,842358392231466722,159,63,46318046000000,2026-09-10T12:25:47.464584+00:00,interpolated,-2.520000010728836,5.390000022947788,-2.17000000923872
73.865373034,842358391834778516,842358392231466722,159,64,46318046000000,2026-09-10T12:25:47.464584+00:00,interpolated,-2.7300000116229057,5.390000022947788,-2.5900000110268593
73.884262949,842358391853668431,842358392231466722,159,65,46318046000000,2026-09-10T12:25:47.464584+00:00,interpolated,-2.9400000125169754,5.880000025033951,-2.870000012218952
73.903152863,842358391872558345,842358392231466722,159,66,46318046000000,2026-09-10T12:25:47.464584+00:00,interpolated,-3.8500000163912773,6.440000027418137,-3.5700000151991844
73.922042778,842358391891448260,842358392231466722,159,67,46318046000000,2026-09-10T12:25:47.464584+00:00,interpolated,-5.320000022649765,5.670000024139881,-5.810000024735928
73.940932693,842358391910338175,842358392231466722,159,68,46318046000000,2026-09-10T12:25:47.464584+00:00,interpolated,-4.970000021159649,10.010000042617321,-7.910000033676624
73.959822607,842358391929228089,842358392231466722,159,69,46318046000000,2026-09-10T12:25:47.464584+00:00,interpolated,-4.34000001847744,16.94000007212162,-9.940000042319298
73.978712522,842358391948118004,842358392231466722,159,70,46318046000000,2026-09-10T12:25:47.464584+00:00,interpolated,-3.9200000166893005,20.370000086724758,-11.06000004708767
73.997602436,842358391967007918,842358392231466722,159,71,46318046000000,2026-09-10T12:25:47.464584+00:00,interpolated,-4.620000019669533,21.07000008970499,-11.480000048875809
74.016492351,842358391985897833,842358392231466722,159,72,46318046000000,2026-09-10T12:25:47.464584+00:00,interpolated,-5.320000022649765,22.12000009417534,-12.040000051259995
74.035382265,842358392004787747,842358392231466722,159,73,46318046000000,2026-09-10T12:25:47.464584+00:00,interpolated,-5.530000023543835,22.890000097453594,-12.60000005364418
74.05427218,842358392023677662,842358392231466722,159,74,46318046000000,2026-09-10T12:25:47.464584+00:00,interpolated,-5.810000024735928,22.260000094771385,-12.460000053048134
74.073162094,842358392042567576,842358392231466722,159,75,46318046000000,2026-09-10T12:25:47.464584+00:00,interpolated,-8.47000003606081,22.190000094473362,-10.920000046491623
74.092052009,842358392061457491,842358392231466722,159,76,46318046000000,2026-09-10T12:25:47.464584+00:00,interpolated,-10.360000044107437,21.630000092089176,-8.89000003784895
74.110941924,842358392080347406,842358392231466722,159,77,46318046000000,2026-09-10T12:25:47.464584+00:00,interpolated,-11.970000050961971,20.020000085234642,-6.650000028312206
74.129831838,842358392099237320,842358392231466722,159,78,46318046000000,2026-09-10T12:25:47.464584+00:00,interpolated,-13.370000056922436,18.830000080168247,-4.690000019967556
74.148721753,842358392118127235,842358392231466722,159,79,46318046000000,2026-09-10T12:25:47.464584+00:00,interpolated,-13.300000056624413,19.32000008225441,-3.9200000166893005
74.167611667,842358392137017149,842358392231466722,159,80,46318046000000,2026-09-10T12:25:47.464584+00:00,interpolated,-10.990000046789646,22.050000093877316,-3.9200000166893005
74.186501582,842358392155907064,842358392231466722,159,81,46318046000000,2026-09-10T12:25:47.464584+00:00,interpolated,-8.26000003516674,25.480000108480453,-3.6400000154972076
74.205391496,842358392174796978,842358392231466722,159,82,46318046000000,2026-09-10T12:25:47.464584+00:00,interpolated,-5.040000021457672,27.79000011831522,-3.150000013411045
74.224281411,842358392193686893,842358392231466722,159,83,46318046000000,2026-09-10T12:25:47.464584+00:00,interpolated,-3.2200000137090683,28.42000012099743,-3.3600000143051147
74.243171325,842358392212576807,842358392231466722,159,84,46318046000000,2026-09-10T12:25:47.464584+00:00,interpolated,-1.9600000083446503,28.280000120401382,-4.060000017285347
74.26206124,842358392231466722,842358392231466722,159,85,46318046000000,2026-09-10T12:25:47.464584+00:00,interpolated,-1.260000005364418,27.300000116229057,-4.480000019073486
74.280950254,842358392250355736,842358393648142800,161,0,46319343000000,2026-09-10T12:25:48.754920+00:00,interpolated,-1.6100000068545341,25.340000107884407,-4.5500000193715096
74.299839269,842358392269244751,842358393648142800,161,1,46319343000000,2026-09-10T12:25:48.754920+00:00,interpolated,-1.6800000071525574,24.010000102221966,-4.13000001758337
74.318728283,842358392288133765,842358393648142800,161,2,46319343000000,2026-09-10T12:25:48.754920+00:00,interpolated,-1.540000006556511,22.40000009536743,-3.430000014603138
74.337617297,842358392307022779,842358393648142800,161,3,46319343000000,2026-09-10T12:25:48.754920+00:00,interpolated,-1.4000000059604645,21.000000089406967,-3.080000013113022
74.356506312,842358392325911794,842358393648142800,161,4,46319343000000,2026-09-10T12:25:48.754920+00:00,interpolated,-1.540000006556511,20.790000088512897,-2.870000012218952
74.375395326,842358392344800808,842358393648142800,161,5,46319343000000,2026-09-10T12:25:48.754920+00:00,interpolated,-1.9600000083446503,20.930000089108944,-2.870000012218952
74.394284341,842358392363689823,842358393648142800,161,6,46319343000000,2026-09-10T12:25:48.754920+00:00,interpolated,-2.520000010728836,20.65000008791685,-2.6600000113248825
74.413173355,842358392382578837,842358393648142800,161,7,46319343000000,2026-09-10T12:25:48.754920+00:00,interpolated,-2.3100000098347664,19.880000084638596,-2.3800000101327896
74.432062369,842358392401467851,842358393648142800,161,8,46319343000000,2026-09-10T12:25:48.754920+00:00,interpolated,-2.520000010728836,19.53000008314848,-2.1000000089406967
74.450951384,842358392420356866,842358393648142800,161,9,46319343000000,2026-09-10T12:25:48.754920+00:00,interpolated,-2.870000012218952,19.32000008225441,-1.9600000083446503
74.469840398,842358392439245880,842358393648142800,161,10,46319343000000,2026-09-10T12:25:48.754920+00:00,interpolated,-3.0100000128149986,17.15000007301569,-2.0300000086426735
74.488729412,842358392458134894,842358393648142800,161,11,46319343000000,2026-09-10T12:25:48.754920+00:00,interpolated,-3.500000014901161,14.7700000628829,-2.17000000923872
74.507618427,842358392477023909,842358393648142800,161,12,46319343000000,2026-09-10T12:25:48.754920+00:00,interpolated,-4.060000017285347,12.740000054240227,-2.17000000923872
74.526507441,842358392495912923,842358393648142800,161,13,46319343000000,2026-09-10T12:25:48.754920+00:00,interpolated,-4.970000021159649,10.150000043213367,-1.6800000071525574
74.545396456,842358392514801938,842358393648142800,161,14,46319343000000,2026-09-10T12:25:48.754920+00:00,interpolated,-5.740000024437904,7.210000030696392,-1.4700000062584877
74.56428547,842358392533690952,842358393648142800,161,15,46319343000000,2026-09-10T12:25:48.754920+00:00,interpolated,-5.4600000232458115,4.690000019967556,-2.3100000098347664
74.583174484,842358392552579966,842358393648142800,161,16,46319343000000,2026-09-10T12:25:48.754920+00:00,interpolated,-4.060000017285347,4.200000017881393,-3.0100000128149986
74.602063499,842358392571468981,842358393648142800,161,17,46319343000000,2026-09-10T12:25:48.754920+00:00,interpolated,-3.080000013113022,6.30000002682209,-2.9400000125169754
74.620952513,842358392590357995,842358393648142800,161,18,46319343000000,2026-09-10T12:25:48.754920+00:00,interpolated,-2.7300000116229057,9.730000041425228,-2.1000000089406967
74.639841527,842358392609247009,842358393648142800,161,19,46319343000000,2026-09-10T12:25:48.754920+00:00,interpolated,-3.0100000128149986,12.60000005364418,-1.1200000047683716
74.658730542,842358392628136024,842358393648142800,161,20,46319343000000,2026-09-10T12:25:48.754920+00:00,interpolated,-3.2200000137090683,12.740000054240227,-0.49000000208616257
74.677619556,842358392647025038,842358393648142800,161,21,46319343000000,2026-09-10T12:25:48.754920+00:00,interpolated,-3.2200000137090683,10.570000045001507,-0.630000002682209
74.696508571,842358392665914053,842358393648142800,161,22,46319343000000,2026-09-10T12:25:48.754920+00:00,interpolated,-2.1000000089406967,8.68000003695488,-1.4000000059604645
74.715397585,842358392684803067,842358393648142800,161,23,46319343000000,2026-09-10T12:25:48.754920+00:00,interpolated,-1.4000000059604645,8.05000003427267,-1.3300000056624413
74.734286599,842358392703692081,842358393648142800,161,24,46319343000000,2026-09-10T12:25:48.754920+00:00,interpolated,-2.0300000086426735,6.790000028908253,-1.3300000056624413
74.753175614,842358392722581096,842358393648142800,161,25,46319343000000,2026-09-10T12:25:48.754920+00:00,interpolated,-2.800000011920929,4.970000021159649,-1.7500000074505806
74.772064628,842358392741470110,842358393648142800,161,26,46319343000000,2026-09-10T12:25:48.754920+00:00,interpolated,-2.5900000110268593,3.080000013113022,-1.9600000083446503
74.790953642,842358392760359124,842358393648142800,161,27,46319343000000,2026-09-10T12:25:48.754920+00:00,interpolated,-3.080000013113022,0.7700000032782555,-1.4700000062584877
74.809842657,842358392779248139,842358393648142800,161,28,46319343000000,2026-09-10T12:25:48.754920+00:00,interpolated,-3.0100000128149986,-0.3500000014901161,-1.1200000047683716
74.828731671,842358392798137153,842358393648142800,161,29,46319343000000,2026-09-10T12:25:48.754920+00:00,interpolated,-2.3800000101327896,0.2800000011920929,-1.1200000047683716
74.847620686,842358392817026168,842358393648142800,161,30,46319343000000,2026-09-10T12:25:48.754920+00:00,interpolated,-2.6600000113248825,0.49000000208616257,-0.9100000038743019
74.8665097,842358392835915182,842358393648142800,161,31,46319343000000,2026-09-10T12:25:48.754920+00:00,interpolated,-3.080000013113022,-0.49000000208616257,-0.9100000038743019
74.885398714,842358392854804196,842358393648142800,161,32,46319343000000,2026-09-10T12:25:48.754920+00:00,interpolated,-2.6600000113248825,-2.1000000089406967,-1.3300000056624413
74.904287729,842358392873693211,842358393648142800,161,33,46319343000000,2026-09-10T12:25:48.754920+00:00,interpolated,-2.800000011920929,-3.3600000143051147,-1.4000000059604645
74.923176743,842358392892582225,842358393648142800,161,34,46319343000000,2026-09-10T12:25:48.754920+00:00,interpolated,-3.150000013411045,-3.710000015795231,-1.3300000056624413
74.942065757,842358392911471239,842358393648142800,161,35,46319343000000,2026-09-10T12:25:48.754920+00:00,interpolated,-2.6600000113248825,-2.0300000086426735,-1.6100000068545341
74.960954772,842358392930360254,842358393648142800,161,36,46319343000000,2026-09-10T12:25:48.754920+00:00,interpolated,-1.8200000077486038,0.3500000014901161,-1.3300000056624413
74.979843786,842358392949249268,842358393648142800,161,37,46319343000000,2026-09-10T12:25:48.754920+00:00,interpolated,-1.6100000068545341,1.6100000068545341,-0.7700000032782555
74.998732801,842358392968138283,842358393648142800,161,38,46319343000000,2026-09-10T12:25:48.754920+00:00,interpolated,-1.540000006556511,1.7500000074505806,-0.9100000038743019
75.017621815,842358392987027297,842358393648142800,161,39,46319343000000,2026-09-10T12:25:48.754920+00:00,interpolated,-1.4700000062584877,1.4000000059604645,-1.1900000050663948
75.036510829,842358393005916311,842358393648142800,161,40,46319343000000,2026-09-10T12:25:48.754920+00:00,interpolated,-1.4000000059604645,1.4000000059604645,-1.1200000047683716
75.055399844,842358393024805326,842358393648142800,161,41,46319343000000,2026-09-10T12:25:48.754920+00:00,interpolated,-1.8200000077486038,1.260000005364418,-0.7700000032782555
75.074288858,842358393043694340,842358393648142800,161,42,46319343000000,2026-09-10T12:25:48.754920+00:00,interpolated,-2.3800000101327896,0.8400000035762787,-0.630000002682209
75.093177872,842358393062583354,842358393648142800,161,43,46319343000000,2026-09-10T12:25:48.754920+00:00,interpolated,-2.520000010728836,0.9100000038743019,-0.9800000041723251
75.112066887,842358393081472369,842358393648142800,161,44,46319343000000,2026-09-10T12:25:48.754920+00:00,interpolated,-2.1000000089406967,0.9100000038743019,-1.1900000050663948
75.130955901,842358393100361383,842358393648142800,161,45,46319343000000,2026-09-10T12:25:48.754920+00:00,interpolated,-2.1000000089406967,0.5600000023841858,-1.1200000047683716
75.149844916,842358393119250398,842358393648142800,161,46,46319343000000,2026-09-10T12:25:48.754920+00:00,interpolated,-2.0300000086426735,-0.49000000208616257,-1.0500000044703484
75.16873393,842358393138139412,842358393648142800,161,47,46319343000000,2026-09-10T12:25:48.754920+00:00,interpolated,-2.450000010430813,-0.9100000038743019,-0.9800000041723251
75.187622944,842358393157028426,842358393648142800,161,48,46319343000000,2026-09-10T12:25:48.754920+00:00,interpolated,-2.3800000101327896,-0.5600000023841858,-1.0500000044703484
75.206511959,842358393175917441,842358393648142800,161,49,46319343000000,2026-09-10T12:25:48.754920+00:00,interpolated,-1.890000008046627,0.49000000208616257,-0.9800000041723251
75.225400973,842358393194806455,842358393648142800,161,50,46319343000000,2026-09-10T12:25:48.754920+00:00,interpolated,-1.890000008046627,1.260000005364418,-0.9100000038743019
75.244289987,842358393213695469,842358393648142800,161,51,46319343000000,2026-09-10T12:25:48.754920+00:00,interpolated,-2.17000000923872,0.8400000035762787,-1.0500000044703484
75.263179002,842358393232584484,842358393648142800,161,52,46319343000000,2026-09-10T12:25:48.754920+00:00,interpolated,-2.240000009536743,0.14000000059604645,-1.1900000050663948
75.282068016,842358393251473498,842358393648142800,161,53,46319343000000,2026-09-10T12:25:48.754920+00:00,interpolated,-2.450000010430813,0.14000000059604645,-1.1200000047683716
75.300957031,842358393270362513,842358393648142800,161,54,46319343000000,2026-09-10T12:25:48.754920+00:00,interpolated,-2.6600000113248825,-0.3500000014901161,-0.9100000038743019
75.319846045,842358393289251527,842358393648142800,161,55,46319343000000,2026-09-10T12:25:48.754920+00:00,interpolated,-2.5900000110268593,-0.9100000038743019,-0.9800000041723251
75.338735059,842358393308140541,842358393648142800,161,56,46319343000000,2026-09-10T12:25:48.754920+00:00,interpolated,-2.5900000110268593,-1.0500000044703484,-1.0500000044703484
75.357624074,842358393327029556,842358393648142800,161,57,46319343000000,2026-09-10T12:25:48.754920+00:00,interpolated,-2.6600000113248825,-0.630000002682209,-1.0500000044703484
75.376513088,842358393345918570,842358393648142800,161,58,46319343000000,2026-09-10T12:25:48.754920+00:00,interpolated,-2.520000010728836,-0.14000000059604645,-1.1200000047683716
75.395402102,842358393364807584,842358393648142800,161,59,46319343000000,2026-09-10T12:25:48.754920+00:00,interpolated,-2.3800000101327896,0.2800000011920929,-1.0500000044703484
75.414291117,842358393383696599,842358393648142800,161,60,46319343000000,2026-09-10T12:25:48.754920+00:00,interpolated,-2.1000000089406967,0.630000002682209,-0.9800000041723251
75.433180131,842358393402585613,842358393648142800,161,61,46319343000000,2026-09-10T12:25:48.754920+00:00,interpolated,-2.0300000086426735,0.5600000023841858,-0.9100000038743019
75.452069146,842358393421474628,842358393648142800,161,62,46319343000000,2026-09-10T12:25:48.754920+00:00,interpolated,-2.17000000923872,0.21000000089406967,-1.0500000044703484
75.47095816,842358393440363642,842358393648142800,161,63,46319343000000,2026-09-10T12:25:48.754920+00:00,interpolated,-2.450000010430813,-0.14000000059604645,-1.1200000047683716
75.489847174,842358393459252656,842358393648142800,161,64,46319343000000,2026-09-10T12:25:48.754920+00:00,interpolated,-2.5900000110268593,-0.630000002682209,-0.7700000032782555
75.508736189,842358393478141671,842358393648142800,161,65,46319343000000,2026-09-10T12:25:48.754920+00:00,interpolated,-3.2900000140070915,-1.4000000059604645,-0.21000000089406967
75.527625203,842358393497030685,842358393648142800,161,66,46319343000000,2026-09-10T12:25:48.754920+00:00,interpolated,-4.200000017881393,-2.3100000098347664,-0.3500000014901161
75.546514217,842358393515919699,842358393648142800,161,67,46319343000000,2026-09-10T12:25:48.754920+00:00,interpolated,-3.2200000137090683,-2.0300000086426735,-0.9800000041723251
75.565403232,842358393534808714,842358393648142800,161,68,46319343000000,2026-09-10T12:25:48.754920+00:00,interpolated,-2.520000010728836,-0.14000000059604645,-1.1900000050663948
75.584292246,842358393553697728,842358393648142800,161,69,46319343000000,2026-09-10T12:25:48.754920+00:00,interpolated,-2.5900000110268593,1.4700000062584877,-1.1900000050663948
75.603181261,842358393572586743,842358393648142800,161,70,46319343000000,2026-09-10T12:25:48.754920+00:00,interpolated,-2.3100000098347664,2.520000010728836,-1.1900000050663948
75.622070275,842358393591475757,842358393648142800,161,71,46319343000000,2026-09-10T12:25:48.754920+00:00,interpolated,-1.6800000071525574,2.870000012218952,-1.1900000050663948
75.640959289,842358393610364771,842358393648142800,161,72,46319343000000,2026-09-10T12:25:48.754920+00:00,interpolated,-1.6100000068545341,1.4000000059604645,-1.1900000050663948
75.659848304,842358393629253786,842358393648142800,161,73,46319343000000,2026-09-10T12:25:48.754920+00:00,interpolated,-1.7500000074505806,-0.2800000011920929,-1.3300000056624413
75.678737318,842358393648142800,842358393648142800,161,74,46319343000000,2026-09-10T12:25:48.754920+00:00,interpolated,-2.3800000101327896,-0.7700000032782555,-1.6800000071525574
